metric,mean,std,p05,p50,p95
wall_count,24.523444444444443,14.623797398693155,2.0,24.0,48.0
free_count,144.47655555555556,14.623797398693155,121.0,145.0,167.0
branch_points,116.48738888888889,29.543005505418876,71.0,117.0,162.0
dead_ends,4.744222222222223,4.42356316352874,0.0,4.0,13.0
manhattan,8.6755,4.318639160018401,2.0,8.0,16.0
bfs_path_len_subset,9.232333333333333,4.674079719284023,2.0,9.0,17.0
path_slack_subset,0.6226666666666667,1.7600055555467873,0.0,0.0,4.0
