update,mode,buffer_size,mean_regret_candidates,valid_fraction,mean_buffer_score,time_s
0,es_step,96,0.0000,0.938,0.0000,1.83
1,es_step,128,0.0000,0.812,0.0000,1.71
2,es_step,160,0.0000,0.750,0.0000,1.16
3,es_step,192,0.0000,0.875,0.0000,1.16
4,es_step,224,0.0000,0.625,0.0000,1.71
5,es_step,256,0.0000,0.938,0.0000,1.16
6,es_step,288,0.0000,0.750,0.0000,1.16
7,es_step,320,0.0000,0.875,0.0000,1.17
8,es_step,352,0.0000,0.812,0.0000,1.30
9,es_step,384,0.0000,1.000,0.0000,1.58
10,es_step,416,0.0000,0.875,0.0000,1.16
11,es_step,448,0.0000,0.938,0.0000,1.16
12,es_step,480,0.0000,1.000,0.0000,1.17
13,es_step,512,0.0000,0.938,0.0000,1.16
14,es_step,544,0.0000,0.875,0.0000,1.17
15,es_step,576,0.0000,0.875,0.0000,1.17
16,es_step,608,0.0000,0.875,0.0000,1.17
17,es_step,640,0.0000,0.938,0.0000,1.17
18,es_step,672,0.0000,1.000,0.0000,1.17
19,es_step,704,0.0000,1.000,0.0000,1.17
20,es_step,736,0.0000,1.000,0.0000,1.17
21,es_step,768,0.0000,0.938,0.0000,1.16
22,es_step,800,0.0000,1.000,0.0000,1.17
23,es_step,832,0.0000,1.000,0.0000,1.17
24,es_step,864,0.0000,1.000,0.0000,1.17
25,es_step,896,0.0000,1.000,0.0000,1.17
26,es_step,928,0.0000,1.000,0.0000,1.17
27,es_step,960,0.0000,1.000,0.0000,1.17
28,es_step,992,0.0000,1.000,0.0000,1.17
29,es_step,1024,0.0000,1.000,0.0000,1.34
30,es_step,1056,0.0000,1.000,0.0000,1.17
31,es_step,1088,0.0000,1.000,0.0000,1.17
32,es_step,1120,0.0000,1.000,0.0000,1.17
33,es_step,1152,0.0000,1.000,0.0000,1.17
34,es_step,1184,0.0000,1.000,0.0000,1.17
35,es_step,1216,0.0000,1.000,0.0000,1.17
36,es_step,1248,0.0000,1.000,0.0000,1.17
37,es_step,1280,0.0000,1.000,0.0000,1.17
38,es_step,1312,0.0000,1.000,0.0000,1.17
39,es_step,1344,0.0000,1.000,0.0000,1.17
40,es_step,1376,0.0000,1.000,0.0000,1.17
41,es_step,1408,0.0000,1.000,0.0000,1.17
42,es_step,1440,0.0000,1.000,0.0000,1.17
43,es_step,1472,0.0000,1.000,0.0000,1.17
44,es_step,1504,0.0000,1.000,0.0000,1.17
45,es_step,1536,0.0000,1.000,0.0000,1.17
46,es_step,1568,0.0000,1.000,0.0000,1.17
47,es_step,1600,0.0000,1.000,0.0000,1.17
48,es_step,1632,0.0000,1.000,0.0000,1.17
49,es_step,1664,0.0000,1.000,0.0000,1.17
50,es_step,1696,0.0000,1.000,0.0000,1.17
51,es_step,1728,0.0000,1.000,0.0000,1.17
52,es_step,1760,0.0000,1.000,0.0000,1.28
53,es_step,1792,0.0000,1.000,0.0000,1.17
54,es_step,1824,0.0000,0.812,0.0000,1.17
55,es_step,1856,0.0000,0.688,0.0000,1.91
56,es_step,1888,0.0000,0.938,0.0000,1.16
57,es_step,1920,0.0000,0.875,0.0000,1.16
58,es_step,1952,0.0000,0.812,0.0000,1.17
59,es_step,1984,0.0000,0.812,0.0000,1.17
60,es_step,2016,0.0000,0.812,0.0000,1.17
61,replay,2016,-0.0487,1.000,-0.0005,10.44
62,replay,2016,0.0559,1.000,-0.0015,0.69
63,es_step,2048,0.0000,0.875,-0.0014,1.17
64,replay,2048,-0.0194,1.000,-0.0017,0.60
65,es_step,2080,0.0000,0.938,-0.0017,1.17
66,replay,2080,0.1313,1.000,-0.0015,0.60
67,replay,2080,0.0192,1.000,-0.0020,0.59
68,replay,2080,0.0068,1.000,-0.0017,0.59
69,replay,2080,0.1829,1.000,-0.0019,0.59
70,replay,2080,0.0006,1.000,-0.0025,0.59
71,replay,2080,0.0022,1.000,-0.0026,0.59
72,replay,2080,-0.0351,1.000,-0.0029,0.59
73,replay,2080,0.1093,1.000,-0.0030,0.60
74,replay,2080,0.0336,1.000,-0.0022,0.59
75,replay,2080,0.0924,1.000,-0.0030,0.59
76,replay,2080,0.0062,1.000,-0.0030,0.59
77,replay,2080,0.0858,1.000,-0.0035,0.59
78,es_step,2112,0.0000,0.812,-0.0035,1.17
79,replay,2112,0.1197,1.000,-0.0032,0.59
80,replay,2112,-0.0403,1.000,-0.0037,0.60
81,replay,2112,0.0169,1.000,-0.0041,0.59
82,replay,2112,0.1978,1.000,-0.0040,0.84
83,es_step,2144,0.0000,1.000,-0.0040,1.17
84,replay,2144,-0.0251,1.000,-0.0040,0.59
85,replay,2144,0.0156,1.000,-0.0040,0.59
86,replay,2144,0.1073,1.000,-0.0045,0.59
87,replay,2144,-0.0165,1.000,-0.0045,0.59
88,es_step,2176,0.0776,0.750,-0.0035,1.17
89,replay,2176,0.1533,1.000,-0.0046,0.60
90,replay,2176,0.0960,1.000,-0.0041,0.59
91,replay,2176,0.0952,1.000,-0.0046,0.59
92,replay,2176,0.0646,1.000,-0.0046,0.59
93,replay,2176,0.2238,1.000,-0.0049,0.59
94,replay,2176,0.0890,1.000,-0.0051,0.59
95,replay,2176,0.1477,1.000,-0.0057,0.59
96,replay,2176,0.0801,1.000,-0.0054,0.59
97,es_step,2208,0.0000,0.938,-0.0053,1.17
98,es_step,2240,0.1392,0.812,-0.0032,1.17
99,replay,2240,0.1707,1.000,-0.0037,0.60
100,replay,2240,0.0506,1.000,-0.0042,0.59
101,replay,2240,0.3396,1.000,-0.0044,0.59
102,replay,2240,0.1501,1.000,-0.0059,0.59
103,es_step,2272,0.0000,0.875,-0.0058,1.17
104,es_step,2304,0.0000,0.875,-0.0058,1.17
105,replay,2304,0.0763,1.000,-0.0066,0.59
106,replay,2304,0.1342,1.000,-0.0071,0.59
107,replay,2304,0.0194,1.000,-0.0078,0.59
108,replay,2304,0.0568,1.000,-0.0081,0.59
109,replay,2304,0.0582,1.000,-0.0087,0.59
110,replay,2304,0.0813,1.000,-0.0091,0.59
111,replay,2304,0.2657,1.000,-0.0096,0.59
112,replay,2304,-0.1285,1.000,-0.0104,0.59
113,es_step,2336,0.0577,0.938,-0.0095,1.17
114,replay,2336,0.0802,1.000,-0.0103,0.60
115,replay,2336,0.3304,1.000,-0.0104,0.59
116,replay,2336,-0.0616,1.000,-0.0110,0.59
117,replay,2336,-0.0612,1.000,-0.0116,0.59
118,replay,2336,-0.0288,1.000,-0.0121,0.59
119,replay,2336,-0.0091,1.000,-0.0120,0.59
120,replay,2336,0.0523,1.000,-0.0120,0.59
121,replay,2336,0.0318,1.000,-0.0123,0.59
122,replay,2336,0.1383,1.000,-0.0123,0.59
123,replay,2336,0.0452,1.000,-0.0117,0.59
124,replay,2336,0.1562,1.000,-0.0124,0.59
125,es_step,2368,0.0666,0.812,-0.0115,1.17
126,replay,2368,0.1791,1.000,-0.0116,0.60
127,replay,2368,0.1149,1.000,-0.0123,0.59
128,es_step,2400,0.1054,1.000,-0.0107,1.17
129,es_step,2432,0.0566,0.938,-0.0099,1.17
130,replay,2432,0.3799,1.000,-0.0087,0.59
131,es_step,2464,0.0587,0.875,-0.0079,1.17
132,replay,2464,0.1678,1.000,-0.0090,0.59
133,replay,2464,0.2590,1.000,-0.0099,0.59
134,replay,2464,0.4207,1.000,-0.0102,0.59
135,replay,2464,0.2816,1.000,-0.0103,0.59
136,replay,2464,-0.0535,1.000,-0.0107,0.59
137,replay,2464,0.0928,1.000,-0.0113,0.59
138,replay,2464,0.1989,1.000,-0.0125,0.59
139,replay,2464,0.3498,1.000,-0.0128,0.59
140,replay,2464,0.1851,1.000,-0.0131,0.59
141,es_step,2496,0.1273,1.000,-0.0113,1.17
142,replay,2496,0.2599,1.000,-0.0117,0.60
143,es_step,2528,0.2486,1.000,-0.0084,1.17
144,replay,2528,0.1793,1.000,-0.0092,0.60
145,replay,2528,0.2085,1.000,-0.0094,0.59
146,replay,2528,0.2053,1.000,-0.0102,0.59
147,replay,2528,0.3657,1.000,-0.0103,0.90
148,replay,2528,0.2528,1.000,-0.0105,0.59
149,replay,2528,0.2534,1.000,-0.0103,0.59
150,replay,2528,0.1704,1.000,-0.0101,0.59
151,es_step,2560,0.0727,1.000,-0.0090,1.17
152,replay,2560,0.3218,1.000,-0.0097,0.60
153,replay,2560,0.2071,1.000,-0.0102,0.60
154,replay,2560,0.2569,1.000,-0.0107,0.59
155,replay,2560,0.0751,1.000,-0.0110,0.59
156,replay,2560,0.3946,1.000,-0.0110,0.59
157,replay,2560,0.2434,1.000,-0.0105,0.59
158,replay,2560,0.2699,1.000,-0.0111,0.59
159,replay,2560,0.0276,1.000,-0.0115,0.59
160,replay,2560,0.2781,1.000,-0.0114,0.59
161,replay,2560,0.4722,1.000,-0.0110,0.59
162,es_step,2592,0.1880,1.000,-0.0086,1.18
163,es_step,2624,0.0989,0.812,-0.0075,1.17
164,es_step,2656,0.0000,0.938,-0.0074,1.17
165,replay,2656,0.1847,1.000,-0.0079,0.59
166,replay,2656,0.2245,1.000,-0.0089,0.59
167,replay,2656,0.1876,1.000,-0.0098,0.59
168,es_step,2688,0.0729,0.938,-0.0089,1.17
169,replay,2688,0.2004,1.000,-0.0095,0.60
170,replay,2688,0.1020,1.000,-0.0107,0.59
171,replay,2688,0.3862,1.000,-0.0108,0.59
172,replay,2688,0.2156,1.000,-0.0111,0.59
173,replay,2688,0.0655,1.000,-0.0119,0.59
174,replay,2688,0.2639,1.000,-0.0121,0.59
175,replay,2688,-0.1097,1.000,-0.0134,0.59
176,replay,2688,-0.0204,1.000,-0.0143,0.59
177,replay,2688,0.3759,1.000,-0.0140,0.59
178,replay,2688,0.3097,1.000,-0.0137,0.59
179,replay,2688,0.2084,1.000,-0.0148,0.59
180,replay,2688,0.0679,1.000,-0.0152,0.59
181,replay,2688,0.1638,1.000,-0.0160,0.59
182,replay,2688,0.0660,1.000,-0.0170,0.59
183,replay,2688,0.1754,1.000,-0.0172,0.59
184,es_step,2720,0.0790,1.000,-0.0161,1.18
185,replay,2720,0.2240,1.000,-0.0162,0.59
186,replay,2720,0.0540,1.000,-0.0165,0.59
187,replay,2720,0.1993,1.000,-0.0168,0.59
188,es_step,2752,0.0851,1.000,-0.0156,1.17
189,replay,2752,0.1042,1.000,-0.0160,0.59
190,replay,2752,0.4627,1.000,-0.0161,0.59
191,replay,2752,0.1162,1.000,-0.0167,0.59
192,replay,2752,0.0070,1.000,-0.0176,0.59
193,replay,2752,0.0737,1.000,-0.0184,0.68
194,replay,2752,0.1690,1.000,-0.0179,0.59
195,replay,2752,0.3291,1.000,-0.0172,0.59
196,replay,2752,0.0246,1.000,-0.0176,0.59
197,replay,2752,0.0517,1.000,-0.0177,0.59
198,replay,2752,0.4256,1.000,-0.0172,0.59
199,replay,2752,0.3593,1.000,-0.0170,0.59
200,replay,2752,0.1309,1.000,-0.0177,0.60
201,replay,2752,0.1979,1.000,-0.0181,0.59
202,replay,2752,0.0670,1.000,-0.0178,0.59
203,replay,2752,0.0916,1.000,-0.0182,0.59
204,replay,2752,0.4920,1.000,-0.0180,0.59
205,replay,2752,0.3389,1.000,-0.0179,0.59
206,replay,2752,0.3896,1.000,-0.0176,0.59
207,replay,2752,0.2303,1.000,-0.0187,0.59
208,es_step,2784,0.0100,1.000,-0.0184,1.17
209,es_step,2816,0.0232,1.000,-0.0179,1.17
210,replay,2816,-0.0735,1.000,-0.0187,0.60
211,replay,2816,0.1246,1.000,-0.0192,0.59
212,replay,2816,0.1373,1.000,-0.0189,0.59
213,replay,2816,0.2144,1.000,-0.0188,0.59
214,replay,2816,0.2635,1.000,-0.0182,0.59
215,replay,2816,0.3279,1.000,-0.0185,0.59
216,replay,2816,0.2465,1.000,-0.0191,0.60
217,replay,2816,0.0469,1.000,-0.0197,0.59
218,es_step,2848,0.0142,0.938,-0.0193,1.17
219,replay,2848,0.1294,1.000,-0.0203,0.59
220,replay,2848,-0.0307,1.000,-0.0211,0.59
221,replay,2848,0.1228,1.000,-0.0217,0.59
222,es_step,2880,0.0485,1.000,-0.0209,1.17
223,es_step,2912,0.0315,1.000,-0.0203,1.17
224,replay,2912,-0.0019,1.000,-0.0201,0.59
225,replay,2912,0.2735,1.000,-0.0202,0.59
226,replay,2912,0.0856,1.000,-0.0206,0.59
227,replay,2912,0.2059,1.000,-0.0204,0.59
228,replay,2912,0.0777,1.000,-0.0209,0.97
229,replay,2912,0.1575,1.000,-0.0207,0.59
230,replay,2912,0.2195,1.000,-0.0202,0.59
231,es_step,2944,0.0537,1.000,-0.0194,1.17
232,es_step,2976,0.0302,1.000,-0.0189,1.17
233,replay,2976,0.0577,1.000,-0.0193,0.60
234,replay,2976,0.1510,1.000,-0.0192,0.59
235,es_step,3008,0.0635,1.000,-0.0183,1.17
236,replay,3008,0.1486,1.000,-0.0177,0.59
237,replay,3008,0.1973,1.000,-0.0186,0.59
238,replay,3008,0.3524,1.000,-0.0183,0.59
239,replay,3008,0.0469,1.000,-0.0186,0.59
240,es_step,3040,0.0288,1.000,-0.0181,1.17
241,es_step,3072,0.0273,1.000,-0.0176,1.17
242,replay,3072,0.0063,1.000,-0.0174,0.59
243,replay,3072,0.3201,1.000,-0.0176,0.59
244,replay,3072,0.1357,1.000,-0.0174,0.59
245,replay,3072,0.4261,1.000,-0.0164,0.60
246,replay,3072,0.2467,1.000,-0.0169,0.59
247,es_step,3104,0.0250,1.000,-0.0164,1.17
248,es_step,3136,0.0222,1.000,-0.0160,1.17
249,replay,3136,-0.1490,1.000,-0.0169,0.60
250,es_step,3168,0.0491,0.938,-0.0163,1.17
251,replay,3168,0.2677,1.000,-0.0165,0.60
252,es_step,3200,0.0550,1.000,-0.0158,1.17
253,replay,3200,0.2137,1.000,-0.0160,0.59
254,replay,3200,0.3295,1.000,-0.0159,0.59
255,replay,3200,0.2324,1.000,-0.0162,0.59
256,replay,3200,0.1333,1.000,-0.0165,0.59
257,replay,3200,0.3597,1.000,-0.0163,0.59
258,replay,3200,0.1244,1.000,-0.0166,0.59
259,replay,3200,-0.0272,1.000,-0.0173,0.59
260,replay,3200,0.2298,1.000,-0.0176,0.59
261,replay,3200,0.0677,1.000,-0.0181,0.59
262,es_step,3232,0.0379,0.938,-0.0175,1.17
263,es_step,3264,0.0311,0.938,-0.0170,1.17
264,replay,3264,0.1878,1.000,-0.0162,0.60
265,replay,3264,0.2451,1.000,-0.0161,0.59
266,replay,3264,0.3570,1.000,-0.0160,0.59
267,replay,3264,0.1356,1.000,-0.0158,0.59
268,replay,3264,0.1643,1.000,-0.0165,0.59
269,replay,3264,0.0902,1.000,-0.0168,0.59
270,replay,3264,0.0202,1.000,-0.0175,0.60
271,replay,3264,0.4504,1.000,-0.0176,0.59
272,replay,3264,0.3030,1.000,-0.0179,0.59
273,replay,3264,0.1942,1.000,-0.0180,0.59
274,replay,3264,0.4317,1.000,-0.0177,0.59
275,replay,3264,-0.1210,1.000,-0.0188,0.59
276,replay,3264,-0.1213,1.000,-0.0197,0.59
277,replay,3264,0.3799,1.000,-0.0196,0.59
278,replay,3264,-0.0759,1.000,-0.0205,0.59
279,es_step,3296,-0.0029,1.000,-0.0204,1.17
280,replay,3296,0.3157,1.000,-0.0207,0.60
281,replay,3296,0.0457,1.000,-0.0210,0.59
282,replay,3296,0.0594,1.000,-0.0218,0.59
283,es_step,3328,0.0218,0.875,-0.0215,1.17
284,replay,3328,0.1427,1.000,-0.0215,0.59
285,replay,3328,0.1733,1.000,-0.0222,0.59
286,replay,3328,0.1596,1.000,-0.0221,0.59
287,replay,3328,0.0470,1.000,-0.0223,0.59
288,replay,3328,0.1969,1.000,-0.0225,0.59
289,replay,3328,0.1610,1.000,-0.0228,0.59
290,replay,3328,0.2504,1.000,-0.0226,0.59
291,es_step,3360,0.0157,1.000,-0.0223,1.17
292,es_step,3392,0.0091,0.938,-0.0220,1.17
293,replay,3392,0.3791,1.000,-0.0221,0.59
294,replay,3392,0.0138,1.000,-0.0228,0.59
295,replay,3392,0.1999,1.000,-0.0229,0.59
296,replay,3392,-0.0044,1.000,-0.0229,0.59
297,replay,3392,-0.1472,1.000,-0.0233,0.59
298,replay,3392,0.1383,1.000,-0.0225,0.59
299,replay,3392,0.0872,1.000,-0.0227,0.59
300,replay,3392,0.2251,1.000,-0.0231,0.59
301,replay,3392,0.0664,1.000,-0.0232,0.59
302,es_step,3424,0.0129,1.000,-0.0228,1.17
303,replay,3424,0.0632,1.000,-0.0228,0.59
304,replay,3424,0.1573,1.000,-0.0223,0.59
305,replay,3424,0.4049,1.000,-0.0217,0.59
306,es_step,3456,0.0491,0.938,-0.0211,1.17
307,es_step,3488,0.0466,1.000,-0.0204,1.17
308,replay,3488,0.3675,1.000,-0.0196,0.60
309,es_step,3520,0.0257,1.000,-0.0191,1.17
310,replay,3520,0.3286,1.000,-0.0192,0.60
311,replay,3520,0.1245,1.000,-0.0200,0.60
312,replay,3520,0.1447,1.000,-0.0202,1.05
313,replay,3520,0.2660,1.000,-0.0205,0.59
314,replay,3520,0.1992,1.000,-0.0203,0.59
315,replay,3520,0.2705,1.000,-0.0201,0.60
316,es_step,3552,-0.0634,0.938,-0.0205,1.17
317,replay,3552,0.1503,1.000,-0.0203,0.60
318,replay,3552,0.1036,1.000,-0.0202,0.59
319,replay,3552,0.2917,1.000,-0.0202,0.59
320,replay,3552,-0.1068,1.000,-0.0209,0.59
321,replay,3552,0.0743,1.000,-0.0216,0.59
322,replay,3552,0.0600,1.000,-0.0215,0.59
323,replay,3552,0.1289,1.000,-0.0216,0.60
324,replay,3552,0.2601,1.000,-0.0209,0.59
325,es_step,3584,0.0247,1.000,-0.0205,1.17
326,replay,3584,0.2082,1.000,-0.0208,0.60
327,replay,3584,0.2489,1.000,-0.0213,0.59
328,replay,3584,0.2665,1.000,-0.0212,0.59
329,replay,3584,0.2950,1.000,-0.0207,0.60
330,es_step,3616,0.0345,1.000,-0.0202,1.17
331,es_step,3648,0.1301,1.000,-0.0189,1.17
332,replay,3648,0.1807,1.000,-0.0192,0.60
333,replay,3648,0.1761,1.000,-0.0191,0.60
334,replay,3648,0.0915,1.000,-0.0200,0.60
335,replay,3648,0.2714,1.000,-0.0199,0.60
336,replay,3648,0.3788,1.000,-0.0191,0.60
337,es_step,3680,0.0276,1.000,-0.0186,1.17
338,replay,3680,0.2199,1.000,-0.0188,0.60
339,replay,3680,0.3877,1.000,-0.0188,0.59
340,replay,3680,0.1465,1.000,-0.0190,0.59
341,replay,3680,0.1795,1.000,-0.0192,0.59
342,es_step,3712,0.0291,1.000,-0.0188,1.17
343,es_step,3744,0.0355,1.000,-0.0183,1.17
344,replay,3744,0.2713,1.000,-0.0184,0.59
345,replay,3744,0.2769,1.000,-0.0186,0.59
346,replay,3744,0.1705,1.000,-0.0188,0.59
347,replay,3744,0.2630,1.000,-0.0187,0.59
348,es_step,3776,0.0107,1.000,-0.0184,1.17
349,es_step,3808,0.0451,1.000,-0.0179,1.17
350,es_step,3840,0.1086,1.000,-0.0168,1.17
351,replay,3840,0.3021,1.000,-0.0168,0.60
352,es_step,3872,-0.0041,1.000,-0.0167,1.17
353,replay,3872,0.1063,1.000,-0.0170,0.60
354,replay,3872,0.2886,1.000,-0.0167,0.59
355,es_step,3904,0.0291,1.000,-0.0164,1.17
356,replay,3904,0.2087,1.000,-0.0168,0.59
357,es_step,3936,0.0452,1.000,-0.0163,1.17
358,es_step,3968,0.0552,1.000,-0.0157,1.17
359,replay,3968,0.3477,1.000,-0.0154,0.59
360,replay,3968,0.2845,1.000,-0.0155,0.59
361,replay,3968,0.3235,1.000,-0.0154,0.59
362,es_step,4000,0.0640,1.000,-0.0148,1.17
363,es_step,4000,0.0529,1.000,-0.0147,1.17
364,replay,4000,0.1803,1.000,-0.0143,0.60
365,es_step,4000,0.0440,1.000,-0.0143,1.17
366,replay,4000,0.3008,1.000,-0.0142,0.60
367,replay,4000,0.3574,1.000,-0.0137,0.59
368,replay,4000,0.1368,1.000,-0.0139,0.59
369,replay,4000,0.3188,1.000,-0.0138,0.59
370,replay,4000,0.0560,1.000,-0.0137,0.60
371,replay,4000,0.0074,1.000,-0.0138,0.59
372,replay,4000,0.0243,1.000,-0.0133,0.59
373,replay,4000,0.3761,1.000,-0.0132,0.59
374,replay,4000,0.1206,1.000,-0.0129,0.60
375,replay,4000,0.0258,1.000,-0.0128,0.59
376,replay,4000,0.2441,1.000,-0.0122,0.59
377,replay,4000,0.2150,1.000,-0.0122,0.59
378,replay,4000,0.3596,1.000,-0.0113,0.60
379,replay,4000,0.2772,1.000,-0.0114,0.60
380,replay,4000,0.1655,1.000,-0.0110,0.59
381,es_step,4000,0.1350,1.000,-0.0100,1.17
382,replay,4000,0.2711,1.000,-0.0100,0.59
383,replay,4000,0.3077,1.000,-0.0096,0.59
384,replay,4000,0.2125,1.000,-0.0094,0.60
385,replay,4000,0.2606,1.000,-0.0090,0.60
386,replay,4000,0.3949,1.000,-0.0082,0.59
387,replay,4000,0.0791,1.000,-0.0080,0.59
388,replay,4000,0.1765,1.000,-0.0076,0.59
389,replay,4000,0.2355,1.000,-0.0073,0.59
390,es_step,4000,0.2309,1.000,-0.0063,1.17
391,replay,4000,0.4031,1.000,-0.0057,0.60
392,es_step,4000,0.1769,1.000,-0.0054,1.17
393,replay,4000,0.1887,1.000,-0.0053,0.60
394,replay,4000,0.2924,1.000,-0.0053,0.59
395,replay,4000,0.3003,1.000,-0.0051,0.59
396,replay,4000,0.3018,1.000,-0.0051,0.59
397,replay,4000,0.1772,1.000,-0.0051,0.59
398,es_step,4000,0.2639,1.000,-0.0050,1.17
399,replay,4000,0.2191,1.000,-0.0054,0.59
400,es_step,4000,0.2390,1.000,-0.0054,1.17
401,replay,4000,0.2994,1.000,-0.0051,0.59
402,replay,4000,0.0986,1.000,-0.0045,0.59
403,replay,4000,0.3425,1.000,-0.0044,0.60
404,replay,4000,0.1807,1.000,-0.0043,0.59
405,replay,4000,0.4616,1.000,-0.0038,0.59
406,es_step,4000,0.3280,1.000,-0.0038,1.17
407,replay,4000,0.2294,1.000,-0.0035,0.60
408,replay,4000,0.3041,1.000,-0.0033,1.12
409,es_step,4000,0.2493,1.000,-0.0033,1.17
410,es_step,4000,0.1815,1.000,-0.0033,1.17
411,replay,4000,-0.0461,1.000,-0.0036,0.60
412,replay,4000,0.2232,1.000,-0.0036,0.59
413,replay,4000,0.1260,1.000,-0.0041,0.59
414,replay,4000,0.0536,1.000,-0.0041,0.59
415,replay,4000,0.3391,1.000,-0.0034,0.59
416,replay,4000,0.2641,1.000,-0.0036,0.59
417,replay,4000,0.2593,1.000,-0.0039,0.60
418,replay,4000,-0.1479,1.000,-0.0046,0.60
419,replay,4000,0.2224,1.000,-0.0046,0.59
420,replay,4000,0.1542,1.000,-0.0051,0.59
421,replay,4000,0.0623,1.000,-0.0053,0.59
422,replay,4000,-0.1338,1.000,-0.0055,0.59
423,replay,4000,0.3150,1.000,-0.0049,0.60
424,replay,4000,0.3210,1.000,-0.0046,0.59
425,es_step,4000,0.2011,1.000,-0.0045,1.17
426,replay,4000,0.1859,1.000,-0.0042,0.60
427,es_step,4000,0.1359,1.000,-0.0042,1.17
428,replay,4000,0.1112,1.000,-0.0044,0.60
429,replay,4000,-0.1319,1.000,-0.0050,0.59
430,replay,4000,0.3174,1.000,-0.0051,0.59
431,replay,4000,0.0286,1.000,-0.0053,0.59
432,replay,4000,0.2542,1.000,-0.0052,0.59
433,replay,4000,-0.1036,1.000,-0.0053,0.59
434,replay,4000,0.1992,1.000,-0.0053,0.60
435,replay,4000,-0.0986,1.000,-0.0052,0.59
436,es_step,4000,0.1112,1.000,-0.0052,1.17
437,es_step,4000,0.1440,1.000,-0.0052,1.17
438,replay,4000,-0.1929,1.000,-0.0055,0.60
439,replay,4000,0.2043,1.000,-0.0052,0.59
440,replay,4000,0.3885,1.000,-0.0049,0.59
441,replay,4000,0.1223,1.000,-0.0051,0.59
442,es_step,4000,0.1483,1.000,-0.0051,1.17
443,replay,4000,0.1969,1.000,-0.0051,0.60
444,replay,4000,-0.0684,1.000,-0.0057,0.59
445,replay,4000,0.2156,1.000,-0.0055,0.59
446,replay,4000,0.2134,1.000,-0.0054,0.60
447,replay,4000,0.1375,1.000,-0.0054,0.60
448,replay,4000,0.0093,1.000,-0.0063,0.59
449,replay,4000,0.1210,1.000,-0.0067,0.60
450,replay,4000,-0.0816,1.000,-0.0069,0.60
451,replay,4000,0.1978,1.000,-0.0071,0.60
452,replay,4000,0.3140,1.000,-0.0070,0.60
453,replay,4000,0.3811,1.000,-0.0066,0.59
454,replay,4000,0.1224,1.000,-0.0070,0.60
455,es_step,4000,0.1768,1.000,-0.0069,1.17
456,es_step,4000,0.1861,1.000,-0.0069,1.17
457,replay,4000,0.1410,1.000,-0.0069,0.60
458,es_step,4000,0.2350,1.000,-0.0069,1.19
459,replay,4000,0.2607,1.000,-0.0068,0.59
460,replay,4000,0.2121,1.000,-0.0071,0.59
461,es_step,4000,0.1684,1.000,-0.0071,1.17
462,es_step,4000,0.1492,1.000,-0.0071,1.17
463,es_step,4000,0.1914,1.000,-0.0071,1.17
464,replay,4000,0.1620,1.000,-0.0073,0.60
465,replay,4000,0.2881,1.000,-0.0070,0.59
466,replay,4000,0.0777,1.000,-0.0075,0.59
467,replay,4000,0.1732,1.000,-0.0075,0.59
468,replay,4000,-0.0544,1.000,-0.0080,0.59
469,replay,4000,0.0651,1.000,-0.0083,0.59
470,es_step,4000,0.1344,1.000,-0.0083,1.17
471,replay,4000,0.1677,1.000,-0.0083,0.60
472,replay,4000,0.1973,1.000,-0.0087,0.60
473,replay,4000,0.3270,1.000,-0.0088,0.59
474,replay,4000,0.1961,1.000,-0.0088,0.59
475,replay,4000,-0.2813,1.000,-0.0096,0.60
476,replay,4000,0.1293,1.000,-0.0091,0.59
477,replay,4000,0.2905,1.000,-0.0092,0.60
478,replay,4000,0.2016,1.000,-0.0097,0.60
479,replay,4000,0.0903,1.000,-0.0102,0.60
480,es_step,4000,0.1103,1.000,-0.0100,1.18
481,replay,4000,-0.3675,1.000,-0.0105,0.59
482,es_step,4000,0.1317,1.000,-0.0103,1.17
483,replay,4000,0.2108,1.000,-0.0104,0.59
484,es_step,4000,0.1691,1.000,-0.0102,1.17
485,es_step,4000,0.2020,1.000,-0.0102,1.17
486,es_step,4000,0.2080,1.000,-0.0102,1.17
487,replay,4000,0.2787,1.000,-0.0105,0.60
488,replay,4000,-0.1431,1.000,-0.0111,0.59
489,replay,4000,0.1943,1.000,-0.0108,0.60
490,replay,4000,0.1283,1.000,-0.0112,0.59
491,replay,4000,0.3247,1.000,-0.0111,0.59
492,es_step,4000,0.1536,1.000,-0.0111,1.18
493,replay,4000,0.3004,1.000,-0.0109,0.60
494,replay,4000,0.2671,1.000,-0.0099,0.60
495,replay,4000,0.1200,1.000,-0.0104,0.59
496,replay,4000,0.1661,1.000,-0.0103,0.59
497,es_step,4000,0.1881,1.000,-0.0103,1.17
498,replay,4000,-0.1151,1.000,-0.0106,0.59
499,es_step,4000,0.2440,1.000,-0.0106,1.17
500,replay,4000,0.1945,1.000,-0.0108,0.59
501,replay,4000,0.2726,1.000,-0.0107,0.59
502,es_step,4000,0.0638,1.000,-0.0107,1.17
503,es_step,4000,0.0867,1.000,-0.0107,1.17
504,replay,4000,-0.0913,1.000,-0.0116,0.60
505,es_step,4000,0.0846,1.000,-0.0114,1.17
506,es_step,4000,0.0794,1.000,-0.0114,1.17
507,replay,4000,0.0454,1.000,-0.0118,0.60
508,replay,4000,0.1681,1.000,-0.0122,0.60
509,es_step,4000,0.1289,1.000,-0.0122,1.17
510,replay,4000,0.1153,1.000,-0.0126,0.60
511,replay,4000,-0.1724,1.000,-0.0125,0.60
512,replay,4000,-0.1890,1.000,-0.0126,0.59
513,replay,4000,0.3649,1.000,-0.0119,0.59
514,es_step,4000,0.1705,1.000,-0.0119,1.17
515,replay,4000,0.2128,1.000,-0.0118,1.22
516,replay,4000,0.1104,1.000,-0.0121,0.60
517,replay,4000,0.2979,1.000,-0.0122,0.59
518,es_step,4000,0.1862,1.000,-0.0121,1.18
519,replay,4000,0.0347,1.000,-0.0127,0.59
520,replay,4000,0.0116,1.000,-0.0128,0.60
521,replay,4000,0.1916,1.000,-0.0131,0.59
522,replay,4000,0.1322,1.000,-0.0130,0.59
523,replay,4000,0.0090,1.000,-0.0134,0.60
524,replay,4000,0.1929,1.000,-0.0131,0.60
525,replay,4000,0.0589,1.000,-0.0132,0.60
526,replay,4000,0.0540,1.000,-0.0138,0.59
527,es_step,4000,0.1027,1.000,-0.0136,1.17
528,replay,4000,0.1143,1.000,-0.0136,0.60
529,replay,4000,0.0894,1.000,-0.0135,0.60
530,replay,4000,0.1074,1.000,-0.0134,0.60
531,replay,4000,0.0829,1.000,-0.0136,0.59
532,replay,4000,0.2911,1.000,-0.0137,0.59
533,replay,4000,0.1728,1.000,-0.0137,0.60
534,replay,4000,0.0338,1.000,-0.0142,0.60
535,replay,4000,0.0188,1.000,-0.0143,0.59
536,replay,4000,0.0170,1.000,-0.0146,0.59
537,replay,4000,0.1969,1.000,-0.0146,0.59
538,es_step,4000,0.0943,1.000,-0.0146,1.18
539,replay,4000,-0.0190,1.000,-0.0149,0.60
540,replay,4000,0.0696,1.000,-0.0147,0.60
541,es_step,4000,0.1397,1.000,-0.0146,1.17
542,es_step,4000,0.1054,1.000,-0.0146,1.17
543,replay,4000,-0.0816,1.000,-0.0152,0.60
544,replay,4000,0.1782,1.000,-0.0153,0.60
545,replay,4000,0.1947,1.000,-0.0152,0.60
546,replay,4000,0.3004,1.000,-0.0151,0.60
547,replay,4000,-0.1655,1.000,-0.0154,0.59
548,es_step,4000,0.0924,1.000,-0.0152,1.17
549,replay,4000,0.1152,1.000,-0.0153,0.59
550,replay,4000,0.2209,1.000,-0.0153,0.59
551,replay,4000,0.1596,1.000,-0.0155,0.60
552,replay,4000,0.1246,1.000,-0.0154,0.60
553,replay,4000,0.0670,1.000,-0.0157,0.60
554,replay,4000,0.0235,1.000,-0.0160,0.60
555,es_step,4000,0.1029,1.000,-0.0159,1.17
556,replay,4000,0.0633,1.000,-0.0157,0.60
557,replay,4000,0.2699,1.000,-0.0153,0.60
558,replay,4000,0.2616,1.000,-0.0152,0.59
559,replay,4000,0.2427,1.000,-0.0154,0.60
560,es_step,4000,0.0929,1.000,-0.0153,1.17
561,replay,4000,0.1909,1.000,-0.0151,0.60
562,replay,4000,0.1143,1.000,-0.0150,0.60
563,es_step,4000,0.0690,1.000,-0.0150,1.17
564,replay,4000,-0.0974,1.000,-0.0154,0.59
565,replay,4000,0.1971,1.000,-0.0153,0.60
566,replay,4000,0.2690,1.000,-0.0152,0.60
567,replay,4000,0.0469,1.000,-0.0153,0.60
568,replay,4000,0.0834,1.000,-0.0156,0.59
569,replay,4000,0.1624,1.000,-0.0157,0.60
570,es_step,4000,0.0617,0.938,-0.0157,1.18
571,replay,4000,0.1526,1.000,-0.0160,0.59
572,es_step,4000,0.0451,1.000,-0.0160,1.18
573,replay,4000,0.0606,1.000,-0.0159,0.60
574,replay,4000,0.0914,1.000,-0.0163,0.60
575,replay,4000,0.1855,1.000,-0.0163,0.59
576,replay,4000,-0.1637,1.000,-0.0165,0.60
577,replay,4000,0.1017,1.000,-0.0165,0.60
578,replay,4000,-0.0097,1.000,-0.0165,0.60
579,es_step,4000,0.2473,1.000,-0.0161,1.18
580,replay,4000,0.3436,1.000,-0.0157,0.60
581,replay,4000,0.3496,1.000,-0.0153,0.60
582,replay,4000,-0.0115,1.000,-0.0152,0.59
583,replay,4000,0.2088,1.000,-0.0154,0.59
584,replay,4000,0.2414,1.000,-0.0152,0.60
585,replay,4000,0.1794,1.000,-0.0155,0.60
586,replay,4000,0.1560,1.000,-0.0152,0.60
587,replay,4000,-0.0401,1.000,-0.0154,0.60
588,replay,4000,0.2213,1.000,-0.0154,0.59
589,replay,4000,0.1955,1.000,-0.0156,0.60
590,replay,4000,0.1481,1.000,-0.0154,0.60
591,es_step,4000,0.0334,1.000,-0.0154,1.17
592,replay,4000,0.0403,1.000,-0.0157,0.59
593,replay,4000,0.1209,1.000,-0.0158,0.60
594,replay,4000,0.0834,1.000,-0.0159,0.60
595,replay,4000,0.1343,1.000,-0.0160,0.59
596,replay,4000,0.1121,1.000,-0.0160,0.59
597,replay,4000,-0.1490,1.000,-0.0162,0.59
598,replay,4000,0.2940,1.000,-0.0154,0.59
599,replay,4000,0.2460,1.000,-0.0155,0.59
600,replay,4000,0.0414,1.000,-0.0155,0.60
601,replay,4000,0.0206,1.000,-0.0156,0.60
602,es_step,4000,0.1302,1.000,-0.0155,1.17
603,replay,4000,0.1591,1.000,-0.0155,0.60
604,replay,4000,0.1817,1.000,-0.0156,0.60
605,es_step,4000,0.0907,1.000,-0.0155,1.18
606,es_step,4000,0.0865,1.000,-0.0155,1.29
607,replay,4000,0.1917,1.000,-0.0157,0.60
608,es_step,4000,0.0689,1.000,-0.0157,1.18
609,replay,4000,0.0410,1.000,-0.0160,0.59
610,replay,4000,0.0929,1.000,-0.0159,0.60
611,replay,4000,0.0496,1.000,-0.0157,0.60
612,replay,4000,-0.0027,1.000,-0.0160,0.59
613,replay,4000,0.0252,1.000,-0.0159,0.60
614,replay,4000,0.2942,1.000,-0.0155,0.59
615,replay,4000,0.2278,1.000,-0.0156,0.60
616,replay,4000,0.2768,1.000,-0.0154,0.59
617,es_step,4000,0.1638,1.000,-0.0154,1.18
618,replay,4000,0.0885,1.000,-0.0157,0.60
619,replay,4000,0.0624,1.000,-0.0156,0.60
620,es_step,4000,0.0921,1.000,-0.0156,1.17
621,es_step,4000,0.0945,1.000,-0.0156,1.17
622,replay,4000,0.0386,1.000,-0.0155,0.60
623,replay,4000,-0.0101,1.000,-0.0157,0.60
624,replay,4000,-0.0702,1.000,-0.0158,0.59
625,replay,4000,0.1671,1.000,-0.0160,0.60
626,replay,4000,0.0517,1.000,-0.0162,0.60
627,replay,4000,0.1599,1.000,-0.0164,0.59
628,replay,4000,0.1663,1.000,-0.0164,0.59
629,replay,4000,0.0859,1.000,-0.0167,0.59
630,es_step,4000,0.0523,1.000,-0.0167,1.17
631,replay,4000,-0.0546,1.000,-0.0174,0.59
632,es_step,4000,0.0751,1.000,-0.0174,1.17
633,replay,4000,-0.1782,1.000,-0.0175,0.59
634,replay,4000,0.1962,1.000,-0.0174,0.60
635,replay,4000,0.3210,1.000,-0.0169,0.59
636,replay,4000,0.0765,1.000,-0.0168,0.60
637,es_step,4000,0.1635,1.000,-0.0168,1.17
638,replay,4000,0.2827,1.000,-0.0167,0.60
639,es_step,4000,0.0952,1.000,-0.0167,1.90
640,replay,4000,0.2007,1.000,-0.0164,0.60
641,es_step,4000,0.0689,1.000,-0.0164,1.18
642,es_step,4000,0.1152,0.938,-0.0164,1.18
643,replay,4000,0.2507,1.000,-0.0161,0.60
644,replay,4000,0.1324,1.000,-0.0160,0.60
645,es_step,4000,0.0848,1.000,-0.0160,1.17
646,es_step,4000,0.0637,1.000,-0.0160,1.17
647,replay,4000,-0.0244,1.000,-0.0161,0.60
648,replay,4000,0.0389,1.000,-0.0161,0.60
649,replay,4000,0.2511,1.000,-0.0163,0.59
650,es_step,4000,0.1588,1.000,-0.0163,1.17
651,es_step,4000,0.1277,1.000,-0.0163,1.18
652,es_step,4000,0.1056,1.000,-0.0163,1.18
653,replay,4000,-0.0952,1.000,-0.0163,0.60
654,replay,4000,0.1777,1.000,-0.0161,0.59
655,replay,4000,0.3477,1.000,-0.0158,0.60
656,replay,4000,0.4010,1.000,-0.0156,0.60
657,replay,4000,0.2757,1.000,-0.0158,0.60
658,es_step,4000,0.1776,1.000,-0.0157,1.17
659,replay,4000,0.2497,1.000,-0.0154,0.59
660,es_step,4000,0.1525,1.000,-0.0153,1.17
661,replay,4000,0.1523,1.000,-0.0153,0.59
662,es_step,4000,0.1321,1.000,-0.0153,1.17
663,es_step,4000,0.1556,1.000,-0.0153,1.17
664,replay,4000,0.2456,1.000,-0.0153,0.60
665,replay,4000,0.0791,1.000,-0.0152,0.60
666,es_step,4000,0.1757,1.000,-0.0150,1.18
667,replay,4000,0.1783,1.000,-0.0141,0.60
668,replay,4000,0.2489,1.000,-0.0141,0.60
669,replay,4000,0.2196,1.000,-0.0139,0.60
670,replay,4000,0.0474,1.000,-0.0141,0.60
671,replay,4000,-0.0195,1.000,-0.0140,0.59
672,replay,4000,0.2368,1.000,-0.0137,0.59
673,replay,4000,0.1287,1.000,-0.0134,0.59
674,replay,4000,0.1178,1.000,-0.0137,0.60
675,replay,4000,0.0574,1.000,-0.0141,0.59
676,replay,4000,-0.2826,1.000,-0.0144,0.60
677,replay,4000,0.2119,1.000,-0.0145,0.60
678,replay,4000,0.1826,1.000,-0.0144,0.59
679,replay,4000,0.0408,1.000,-0.0143,0.59
680,replay,4000,0.0860,1.000,-0.0144,0.60
681,replay,4000,0.0151,1.000,-0.0146,0.59
682,replay,4000,0.1711,1.000,-0.0145,0.60
683,replay,4000,0.2428,1.000,-0.0143,0.59
684,replay,4000,0.1536,1.000,-0.0143,0.59
685,es_step,4000,0.0969,1.000,-0.0142,1.17
686,replay,4000,0.1042,1.000,-0.0143,0.60
687,replay,4000,0.1161,1.000,-0.0145,0.60
688,es_step,4000,0.0563,1.000,-0.0144,1.17
689,es_step,4000,0.0710,1.000,-0.0144,1.18
690,replay,4000,0.0251,1.000,-0.0145,0.60
691,replay,4000,0.0546,1.000,-0.0148,0.60
692,replay,4000,0.0523,1.000,-0.0148,0.60
693,replay,4000,0.0899,1.000,-0.0149,0.60
694,replay,4000,-0.0753,1.000,-0.0149,0.60
695,replay,4000,0.2157,1.000,-0.0147,0.60
696,replay,4000,0.2243,1.000,-0.0145,0.59
697,replay,4000,0.2786,1.000,-0.0144,0.60
698,replay,4000,0.2348,1.000,-0.0141,0.59
699,replay,4000,0.1980,1.000,-0.0140,0.59
700,replay,4000,0.0232,1.000,-0.0144,0.60
701,es_step,4000,0.0655,1.000,-0.0143,1.18
702,replay,4000,-0.0419,1.000,-0.0150,0.60
703,es_step,4000,0.0665,1.000,-0.0149,1.17
704,replay,4000,0.0083,1.000,-0.0153,0.60
705,replay,4000,0.1254,1.000,-0.0155,0.60
706,replay,4000,-0.2076,1.000,-0.0157,0.60
707,replay,4000,0.3164,1.000,-0.0154,0.60
708,es_step,4000,0.1260,1.000,-0.0154,1.17
709,replay,4000,0.2455,1.000,-0.0152,0.59
710,replay,4000,0.2121,1.000,-0.0155,0.60
711,replay,4000,0.1761,1.000,-0.0154,0.60
712,replay,4000,0.1250,1.000,-0.0157,0.60
713,replay,4000,0.1062,1.000,-0.0159,0.60
714,es_step,4000,0.1116,1.000,-0.0158,1.17
715,replay,4000,0.0626,1.000,-0.0159,0.60
716,replay,4000,0.1478,1.000,-0.0159,0.63
717,replay,4000,0.1819,1.000,-0.0156,0.60
718,es_step,4000,0.1301,1.000,-0.0156,1.17
719,replay,4000,0.2638,1.000,-0.0152,0.60
720,replay,4000,0.1168,1.000,-0.0154,0.60
721,es_step,4000,0.1131,1.000,-0.0153,1.18
722,replay,4000,0.1586,1.000,-0.0154,0.60
723,replay,4000,0.2380,1.000,-0.0152,0.60
724,replay,4000,0.2091,1.000,-0.0149,0.60
725,es_step,4000,0.1474,1.000,-0.0148,1.18
726,replay,4000,0.1271,1.000,-0.0148,0.60
727,es_step,4000,0.1017,1.000,-0.0147,1.18
728,replay,4000,0.2281,1.000,-0.0146,0.60
729,replay,4000,-0.2466,1.000,-0.0147,0.60
730,replay,4000,0.1492,1.000,-0.0144,0.60
731,replay,4000,0.2795,1.000,-0.0139,0.60
732,es_step,4000,0.1031,1.000,-0.0137,1.18
733,replay,4000,0.2733,1.000,-0.0134,0.60
734,replay,4000,0.1946,1.000,-0.0129,0.60
735,replay,4000,0.0241,1.000,-0.0125,0.60
736,replay,4000,0.2090,1.000,-0.0119,0.60
737,replay,4000,0.2199,1.000,-0.0112,0.60
738,replay,4000,0.2567,1.000,-0.0107,0.60
739,replay,4000,-0.0599,1.000,-0.0107,0.60
740,replay,4000,0.2943,1.000,-0.0105,0.60
741,replay,4000,0.2577,1.000,-0.0102,0.60
742,replay,4000,0.3227,1.000,-0.0096,0.60
743,es_step,4000,0.2269,1.000,-0.0096,1.18
744,es_step,4000,0.1662,1.000,-0.0096,1.18
745,replay,4000,0.2529,1.000,-0.0096,0.60
746,replay,4000,0.2012,1.000,-0.0095,0.60
747,replay,4000,0.1804,1.000,-0.0094,0.60
748,replay,4000,0.1125,1.000,-0.0098,0.60
749,replay,4000,0.1884,1.000,-0.0097,0.60
750,es_step,4000,0.1661,1.000,-0.0095,1.18
751,es_step,4000,0.1855,1.000,-0.0095,1.18
752,replay,4000,-0.0823,1.000,-0.0093,0.60
753,replay,4000,0.2366,1.000,-0.0088,0.60
754,replay,4000,0.2763,1.000,-0.0082,0.60
755,es_step,4000,0.2389,1.000,-0.0081,1.18
756,replay,4000,0.3392,1.000,-0.0078,0.60
757,replay,4000,0.1176,1.000,-0.0075,0.60
758,replay,4000,0.1624,1.000,-0.0080,0.60
759,replay,4000,0.1549,1.000,-0.0078,0.60
760,replay,4000,0.1458,1.000,-0.0078,0.60
761,replay,4000,0.1910,1.000,-0.0077,0.60
762,replay,4000,0.1607,1.000,-0.0079,0.60
763,replay,4000,-0.1604,1.000,-0.0081,0.60
764,replay,4000,0.1687,1.000,-0.0079,0.60
765,replay,4000,-0.0510,1.000,-0.0078,0.60
766,es_step,4000,0.1401,1.000,-0.0078,1.18
767,replay,4000,-0.0541,1.000,-0.0077,0.60
768,es_step,4000,0.1740,1.000,-0.0076,1.18
769,replay,4000,0.2829,1.000,-0.0070,0.60
770,es_step,4000,0.2691,1.000,-0.0062,1.18
771,replay,4000,0.3625,1.000,-0.0059,0.60
772,replay,4000,0.2425,1.000,-0.0059,0.60
773,replay,4000,0.2276,1.000,-0.0058,0.60
774,replay,4000,0.1412,1.000,-0.0058,0.60
775,replay,4000,0.1486,1.000,-0.0059,0.60
776,replay,4000,0.0903,1.000,-0.0057,0.60
777,replay,4000,0.1624,1.000,-0.0056,1.42
778,replay,4000,0.1545,1.000,-0.0055,0.60
779,replay,4000,0.2207,1.000,-0.0053,0.60
780,replay,4000,0.0841,1.000,-0.0054,0.60
781,replay,4000,0.0702,1.000,-0.0060,0.60
782,es_step,4000,0.1059,1.000,-0.0058,1.18
783,es_step,4000,0.1131,0.875,-0.0058,1.18
784,replay,4000,0.0672,1.000,-0.0058,0.60
785,replay,4000,0.1615,1.000,-0.0055,0.60
786,es_step,4000,0.2301,0.938,-0.0055,1.18
787,replay,4000,0.1210,1.000,-0.0053,0.60
788,replay,4000,0.2791,1.000,-0.0047,0.60
789,replay,4000,0.3115,1.000,-0.0046,0.60
790,replay,4000,0.2094,1.000,-0.0044,0.60
791,replay,4000,0.2549,1.000,-0.0043,0.60
792,replay,4000,0.1951,1.000,-0.0042,0.60
793,replay,4000,0.0805,1.000,-0.0045,0.60
794,replay,4000,0.1882,1.000,-0.0042,0.60
795,es_step,4000,0.1092,0.938,-0.0042,1.18
796,replay,4000,0.0917,1.000,-0.0041,0.60
797,replay,4000,0.1076,1.000,-0.0039,0.60
798,replay,4000,0.2465,1.000,-0.0034,0.60
799,replay,4000,0.0080,1.000,-0.0036,0.60
800,replay,4000,0.0961,1.000,-0.0038,0.60
801,replay,4000,0.1147,1.000,-0.0041,0.60
802,replay,4000,0.2296,1.000,-0.0038,0.60
803,replay,4000,0.1475,1.000,-0.0038,0.60
804,replay,4000,0.0512,1.000,-0.0037,0.60
805,replay,4000,0.1987,1.000,-0.0036,0.60
806,replay,4000,0.2157,1.000,-0.0034,0.60
807,replay,4000,0.1739,1.000,-0.0035,0.60
808,replay,4000,0.1575,1.000,-0.0031,0.60
809,replay,4000,0.1537,1.000,-0.0029,0.60
810,replay,4000,0.1844,1.000,-0.0028,0.60
811,es_step,4000,0.0980,1.000,-0.0028,1.18
812,es_step,4000,0.1142,1.000,-0.0028,1.18
813,es_step,4000,0.1335,0.938,-0.0028,1.18
814,replay,4000,0.1563,1.000,-0.0028,0.60
815,es_step,4000,0.1612,1.000,-0.0028,1.18
816,replay,4000,0.2545,1.000,-0.0024,0.60
817,replay,4000,0.2212,1.000,-0.0023,0.60
818,es_step,4000,0.1511,1.000,-0.0022,1.18
819,es_step,4000,0.1756,1.000,-0.0022,1.18
820,replay,4000,0.2701,1.000,-0.0020,0.60
821,replay,4000,0.2297,1.000,-0.0013,0.60
822,replay,4000,0.2296,1.000,-0.0005,0.60
823,replay,4000,0.2587,1.000,-0.0005,0.60
824,replay,4000,0.1723,1.000,-0.0005,0.60
825,es_step,4000,0.0852,1.000,-0.0005,1.18
826,es_step,4000,0.0839,1.000,-0.0005,1.18
827,es_step,4000,0.1093,1.000,-0.0005,1.18
828,replay,4000,-0.0035,1.000,-0.0008,0.60
829,es_step,4000,0.1113,1.000,-0.0007,1.18
830,replay,4000,-0.2960,1.000,-0.0007,0.60
831,es_step,4000,0.1454,0.938,-0.0005,1.18
832,es_step,4000,0.1511,1.000,-0.0005,1.18
833,es_step,4000,0.1392,1.000,-0.0005,1.18
834,replay,4000,0.0693,1.000,-0.0007,0.60
835,replay,4000,-0.0211,1.000,-0.0009,0.60
836,es_step,4000,0.2422,1.000,-0.0008,1.18
837,replay,4000,0.2532,1.000,-0.0007,0.60
838,replay,4000,0.2410,1.000,-0.0003,0.60
839,replay,4000,0.1943,1.000,0.0000,0.60
840,replay,4000,0.1375,1.000,0.0002,0.60
841,replay,4000,0.0252,1.000,0.0004,0.60
842,es_step,4000,0.2156,1.000,0.0004,1.18
843,replay,4000,0.2761,1.000,0.0009,0.60
844,replay,4000,0.2589,1.000,0.0012,0.60
845,es_step,4000,0.2091,1.000,0.0012,1.18
846,replay,4000,0.2448,1.000,0.0014,0.60
847,replay,4000,0.2088,1.000,0.0017,0.60
848,es_step,4000,0.1738,1.000,0.0017,1.18
849,replay,4000,0.0697,1.000,0.0017,0.60
850,replay,4000,0.2155,1.000,0.0016,0.60
851,es_step,4000,0.1653,1.000,0.0016,1.18
852,replay,4000,0.1855,1.000,0.0018,0.60
853,replay,4000,-0.0251,1.000,0.0018,0.60
854,replay,4000,0.1230,1.000,0.0019,0.60
855,replay,4000,0.0523,1.000,0.0019,0.60
856,replay,4000,0.1320,1.000,0.0025,0.60
857,replay,4000,0.2587,1.000,0.0029,0.60
858,replay,4000,0.3278,1.000,0.0035,0.60
859,replay,4000,0.2445,1.000,0.0038,0.60
860,es_step,4000,0.1488,1.000,0.0038,1.18
861,replay,4000,0.0972,1.000,0.0038,0.60
862,replay,4000,0.1368,1.000,0.0037,0.60
863,replay,4000,0.2231,1.000,0.0039,0.60
864,replay,4000,0.2454,1.000,0.0041,0.60
865,replay,4000,0.1202,1.000,0.0041,0.60
866,replay,4000,0.1553,1.000,0.0044,0.60
867,replay,4000,0.3038,1.000,0.0046,0.60
868,replay,4000,0.2264,1.000,0.0047,0.60
869,es_step,4000,0.2022,1.000,0.0047,1.18
870,replay,4000,0.1704,1.000,0.0049,0.60
871,replay,4000,-0.2015,1.000,0.0052,0.60
872,replay,4000,0.1162,1.000,0.0055,0.60
873,replay,4000,0.2526,1.000,0.0061,0.60
874,replay,4000,0.2828,1.000,0.0061,0.60
875,replay,4000,0.2326,1.000,0.0068,0.60
876,replay,4000,0.1574,1.000,0.0070,0.60
877,es_step,4000,0.1977,1.000,0.0071,1.18
878,replay,4000,0.2195,1.000,0.0075,0.60
879,es_step,4000,0.2304,1.000,0.0077,1.18
880,replay,4000,0.1990,1.000,0.0076,0.60
881,replay,4000,0.2857,1.000,0.0081,0.60
882,replay,4000,0.2845,1.000,0.0086,0.60
883,replay,4000,0.2713,1.000,0.0089,0.60
884,replay,4000,0.2206,1.000,0.0094,0.60
885,es_step,4000,0.1858,1.000,0.0095,1.18
886,replay,4000,0.2096,1.000,0.0099,0.59
887,replay,4000,0.1953,1.000,0.0097,0.60
888,replay,4000,0.1481,1.000,0.0096,0.60
889,replay,4000,0.1521,1.000,0.0096,0.60
890,replay,4000,-0.1293,1.000,0.0099,0.60
891,replay,4000,0.2235,1.000,0.0108,0.60
892,replay,4000,0.2315,1.000,0.0110,0.60
893,replay,4000,0.1916,1.000,0.0112,0.60
894,replay,4000,0.0984,1.000,0.0115,0.60
895,es_step,4000,0.0673,1.000,0.0115,1.18
896,replay,4000,0.0517,1.000,0.0112,0.60
897,replay,4000,-0.2056,1.000,0.0110,0.60
898,replay,4000,0.2592,1.000,0.0113,0.60
899,es_step,4000,0.2661,1.000,0.0114,1.18
900,replay,4000,0.2728,1.000,0.0115,0.60
901,replay,4000,0.2874,1.000,0.0118,0.60
902,replay,4000,0.1827,1.000,0.0120,0.60
903,replay,4000,0.2030,1.000,0.0123,0.60
904,es_step,4000,0.2409,1.000,0.0123,1.17
905,es_step,4000,0.2375,1.000,0.0123,1.18
906,replay,4000,0.0553,1.000,0.0121,0.60
907,replay,4000,0.2955,1.000,0.0123,0.60
908,replay,4000,0.2509,1.000,0.0126,0.60
909,replay,4000,0.2339,1.000,0.0128,0.60
910,replay,4000,0.1982,1.000,0.0129,0.60
911,replay,4000,0.1371,1.000,0.0125,0.60
912,replay,4000,0.1304,1.000,0.0125,0.60
913,replay,4000,0.1464,1.000,0.0126,0.60
914,replay,4000,0.1715,1.000,0.0129,0.60
915,replay,4000,0.2922,1.000,0.0130,0.60
916,replay,4000,0.1575,1.000,0.0131,0.60
917,es_step,4000,0.2048,1.000,0.0131,1.18
918,es_step,4000,0.1902,1.000,0.0131,1.18
919,es_step,4000,0.1883,1.000,0.0131,1.18
920,es_step,4000,0.1915,1.000,0.0131,1.18
921,replay,4000,0.1462,1.000,0.0136,0.60
922,es_step,4000,0.1661,1.000,0.0136,1.18
923,replay,4000,0.1419,1.000,0.0137,0.60
924,es_step,4000,0.1227,1.000,0.0137,1.18
925,replay,4000,0.1137,1.000,0.0137,0.60
926,replay,4000,0.1116,1.000,0.0136,0.60
927,replay,4000,0.0985,1.000,0.0136,0.60
928,replay,4000,0.2149,1.000,0.0143,1.55
929,replay,4000,0.2335,1.000,0.0147,0.60
930,replay,4000,0.2441,1.000,0.0148,0.60
931,replay,4000,0.2960,1.000,0.0152,0.60
932,replay,4000,-0.0509,1.000,0.0151,0.60
933,replay,4000,0.2324,1.000,0.0152,0.60
934,es_step,4000,0.1829,1.000,0.0152,1.17
935,replay,4000,0.2098,1.000,0.0153,0.60
936,replay,4000,-0.0657,1.000,0.0153,0.60
937,replay,4000,0.1466,1.000,0.0156,0.60
938,replay,4000,0.2612,1.000,0.0163,0.60
939,replay,4000,0.1985,1.000,0.0167,0.60
940,replay,4000,0.2530,1.000,0.0170,0.60
941,es_step,4000,0.2260,1.000,0.0174,1.18
942,replay,4000,0.1975,1.000,0.0174,0.60
943,replay,4000,0.2544,1.000,0.0178,0.60
944,replay,4000,0.1988,1.000,0.0179,0.60
945,es_step,4000,0.1532,1.000,0.0180,1.18
946,replay,4000,0.1597,1.000,0.0180,0.59
947,replay,4000,0.1719,1.000,0.0180,0.60
948,replay,4000,0.2092,1.000,0.0183,0.60
949,replay,4000,0.2185,1.000,0.0183,0.60
950,es_step,4000,0.1618,1.000,0.0183,1.18
951,replay,4000,0.2399,1.000,0.0186,0.60
952,es_step,4000,0.1408,1.000,0.0186,1.18
953,replay,4000,0.0800,1.000,0.0190,0.60
954,replay,4000,0.1973,1.000,0.0190,0.60
955,replay,4000,0.1878,1.000,0.0193,0.60
956,replay,4000,0.1576,1.000,0.0196,0.60
957,replay,4000,0.1866,1.000,0.0196,0.60
958,es_step,4000,0.1156,1.000,0.0196,1.18
959,replay,4000,0.0515,1.000,0.0196,0.60
960,replay,4000,0.0131,1.000,0.0198,0.60
961,replay,4000,0.1574,1.000,0.0199,0.60
962,replay,4000,0.0963,1.000,0.0200,0.60
963,replay,4000,0.2141,1.000,0.0202,0.60
964,replay,4000,0.1739,1.000,0.0199,0.60
965,replay,4000,0.1431,1.000,0.0198,0.60
966,replay,4000,0.1946,1.000,0.0199,0.60
967,replay,4000,0.1830,1.000,0.0201,0.60
968,replay,4000,0.1703,1.000,0.0205,0.60
969,replay,4000,0.1241,1.000,0.0210,0.60
970,replay,4000,0.1875,1.000,0.0214,0.60
971,es_step,4000,0.1898,1.000,0.0215,1.18
972,replay,4000,0.2100,1.000,0.0216,0.60
973,replay,4000,0.0712,1.000,0.0221,0.60
974,replay,4000,0.1975,1.000,0.0221,0.60
975,replay,4000,0.2530,1.000,0.0227,0.60
976,replay,4000,-0.0184,1.000,0.0229,0.60
977,replay,4000,0.2292,1.000,0.0233,0.60
978,replay,4000,0.2805,1.000,0.0238,0.60
979,es_step,4000,0.2222,1.000,0.0238,1.19
980,replay,4000,0.0660,1.000,0.0239,0.61
981,replay,4000,0.2705,1.000,0.0245,0.60
982,replay,4000,0.2242,1.000,0.0248,0.60
983,replay,4000,0.0356,1.000,0.0251,0.60
984,replay,4000,0.2344,1.000,0.0253,0.60
985,replay,4000,0.1960,1.000,0.0259,0.60
986,es_step,4000,0.1523,1.000,0.0259,1.18
987,es_step,4000,0.1575,1.000,0.0259,1.18
988,replay,4000,-0.0683,1.000,0.0257,0.60
989,replay,4000,0.2147,1.000,0.0259,0.60
990,replay,4000,0.1767,1.000,0.0261,0.60
991,es_step,4000,0.1483,1.000,0.0261,1.18
992,es_step,4000,0.1069,1.000,0.0261,1.18
993,replay,4000,0.1219,1.000,0.0261,0.60
994,replay,4000,0.0939,1.000,0.0261,0.60
995,replay,4000,0.0859,1.000,0.0264,0.60
996,replay,4000,0.1616,1.000,0.0265,0.60
997,replay,4000,0.1874,1.000,0.0263,0.60
998,es_step,4000,0.1521,1.000,0.0263,1.18
999,replay,4000,0.1751,1.000,0.0264,0.60
1000,replay,4000,0.0873,1.000,0.0263,0.60
1001,replay,4000,0.0007,1.000,0.0260,0.60
1002,replay,4000,0.2223,1.000,0.0262,0.60
1003,replay,4000,0.1786,1.000,0.0265,0.60
1004,replay,4000,0.2027,1.000,0.0265,0.60
1005,replay,4000,0.1887,1.000,0.0268,0.61
1006,es_step,4000,0.2109,1.000,0.0270,1.18
1007,es_step,4000,0.2207,1.000,0.0270,1.19
1008,replay,4000,0.0503,1.000,0.0269,0.61
1009,replay,4000,0.2674,1.000,0.0272,0.60
1010,replay,4000,0.2210,1.000,0.0274,0.60
1011,replay,4000,0.2773,1.000,0.0275,0.60
1012,es_step,4000,0.2770,1.000,0.0290,1.19
1013,replay,4000,0.2863,1.000,0.0291,0.60
1014,es_step,4000,0.2439,1.000,0.0293,1.19
1015,replay,4000,0.2440,1.000,0.0300,0.61
1016,es_step,4000,0.1870,1.000,0.0302,1.19
1017,replay,4000,0.1697,1.000,0.0304,0.61
1018,es_step,4000,0.1628,1.000,0.0304,1.19
1019,replay,4000,0.0132,1.000,0.0302,0.61
1020,replay,4000,0.1108,1.000,0.0303,0.61
1021,replay,4000,0.2268,1.000,0.0308,0.60
1022,replay,4000,0.1452,1.000,0.0309,0.60
1023,replay,4000,0.0727,1.000,0.0308,0.60
1024,es_step,4000,0.0854,1.000,0.0308,1.19
1025,replay,4000,0.0529,1.000,0.0307,0.60
1026,replay,4000,0.0017,1.000,0.0299,0.60
1027,es_step,4000,0.0879,1.000,0.0301,1.19
1028,replay,4000,0.0479,1.000,0.0298,0.61
1029,replay,4000,0.0902,1.000,0.0300,0.60
1030,replay,4000,0.1137,1.000,0.0303,0.61
1031,replay,4000,0.0522,1.000,0.0300,0.60
1032,es_step,4000,0.0594,1.000,0.0300,1.19
1033,replay,4000,0.1489,1.000,0.0301,0.60
1034,es_step,4000,0.0847,1.000,0.0301,1.19
1035,replay,4000,0.0472,1.000,0.0300,0.61
1036,es_step,4000,0.1291,1.000,0.0301,1.19
1037,replay,4000,0.0276,1.000,0.0302,0.61
1038,replay,4000,0.1567,1.000,0.0302,0.61
1039,replay,4000,0.0186,1.000,0.0304,0.60
1040,replay,4000,0.2542,1.000,0.0305,0.60
1041,es_step,4000,0.1587,1.000,0.0305,1.19
1042,replay,4000,0.2238,1.000,0.0309,0.61
1043,es_step,4000,0.1727,1.000,0.0309,1.19
1044,es_step,4000,0.1565,1.000,0.0309,1.19
1045,replay,4000,0.1790,1.000,0.0308,0.61
1046,replay,4000,0.1419,1.000,0.0308,0.60
1047,replay,4000,0.1081,1.000,0.0307,0.60
1048,replay,4000,0.0747,1.000,0.0307,0.60
1049,replay,4000,-0.0705,1.000,0.0308,0.60
1050,replay,4000,0.2223,1.000,0.0313,0.60
1051,es_step,4000,0.2336,1.000,0.0313,1.19
1052,replay,4000,0.1262,1.000,0.0316,0.60
1053,replay,4000,0.2239,1.000,0.0317,0.60
1054,replay,4000,0.2021,1.000,0.0319,0.60
1055,es_step,4000,0.1790,1.000,0.0319,1.19
1056,replay,4000,0.2164,1.000,0.0320,0.60
1057,replay,4000,0.1956,1.000,0.0321,0.60
1058,replay,4000,0.2024,1.000,0.0320,0.60
1059,replay,4000,0.1907,1.000,0.0321,0.60
1060,replay,4000,0.1128,1.000,0.0320,0.60
1061,replay,4000,0.1613,1.000,0.0322,0.60
1062,replay,4000,0.2608,1.000,0.0326,0.60
1063,replay,4000,0.2066,1.000,0.0328,0.60
1064,es_step,4000,0.1702,1.000,0.0328,1.19
1065,replay,4000,0.1397,1.000,0.0333,0.60
1066,replay,4000,0.0521,1.000,0.0332,0.60
1067,es_step,4000,0.1962,1.000,0.0332,1.18
1068,replay,4000,0.2076,1.000,0.0337,0.60
1069,replay,4000,0.1773,1.000,0.0335,0.61
1070,replay,4000,0.1927,1.000,0.0337,0.60
1071,replay,4000,0.1745,1.000,0.0342,0.60
1072,replay,4000,0.1321,1.000,0.0345,0.60
1073,replay,4000,0.1735,1.000,0.0350,0.60
1074,replay,4000,0.2565,1.000,0.0353,0.60
1075,replay,4000,0.2421,1.000,0.0357,0.61
1076,replay,4000,0.1327,1.000,0.0356,0.61
1077,replay,4000,0.1441,1.000,0.0355,0.61
1078,replay,4000,0.1833,1.000,0.0357,0.61
1079,replay,4000,0.1911,1.000,0.0361,0.60
1080,replay,4000,0.2768,1.000,0.0367,0.60
1081,replay,4000,0.2773,1.000,0.0367,0.60
1082,replay,4000,0.1998,1.000,0.0370,0.61
1083,replay,4000,0.0679,1.000,0.0370,0.60
1084,replay,4000,0.0717,1.000,0.0371,0.60
1085,replay,4000,0.1443,1.000,0.0372,0.60
1086,replay,4000,0.1620,1.000,0.0375,0.61
1087,replay,4000,0.1464,1.000,0.0375,0.61
1088,replay,4000,0.1377,1.000,0.0377,0.61
1089,replay,4000,0.0566,1.000,0.0375,0.60
1090,replay,4000,0.1337,1.000,0.0373,0.60
1091,replay,4000,0.1557,1.000,0.0374,0.60
1092,replay,4000,0.1973,1.000,0.0376,0.60
1093,replay,4000,0.0774,1.000,0.0376,0.61
1094,replay,4000,0.1489,1.000,0.0375,0.60
1095,replay,4000,0.1049,1.000,0.0376,0.60
1096,replay,4000,0.1471,1.000,0.0381,0.60
1097,replay,4000,0.1873,1.000,0.0384,0.60
1098,replay,4000,0.1449,1.000,0.0384,0.61
1099,replay,4000,0.2043,1.000,0.0386,0.60
1100,es_step,4000,0.1422,1.000,0.0386,1.19
1101,replay,4000,0.2009,1.000,0.0387,0.61
1102,replay,4000,0.1822,1.000,0.0388,0.61
1103,replay,4000,0.1615,1.000,0.0390,0.60
1104,replay,4000,0.1679,1.000,0.0392,0.60
1105,replay,4000,0.0852,1.000,0.0391,0.60
1106,replay,4000,0.1600,1.000,0.0395,0.60
1107,replay,4000,0.0989,1.000,0.0394,1.66
1108,replay,4000,0.1090,1.000,0.0392,0.61
1109,es_step,4000,0.1136,1.000,0.0393,1.19
1110,replay,4000,0.0643,1.000,0.0392,0.61
1111,replay,4000,0.0654,1.000,0.0391,0.60
1112,replay,4000,0.1120,1.000,0.0393,0.61
1113,replay,4000,0.2824,1.000,0.0396,0.60
1114,replay,4000,0.2395,1.000,0.0400,0.60
1115,replay,4000,0.2000,1.000,0.0403,0.60
1116,es_step,4000,0.1231,1.000,0.0403,1.19
1117,replay,4000,0.1930,1.000,0.0403,0.60
1118,es_step,4000,0.1308,1.000,0.0404,1.19
1119,replay,4000,0.2043,1.000,0.0407,0.60
1120,replay,4000,0.1548,1.000,0.0407,0.61
1121,replay,4000,-0.0378,1.000,0.0409,0.60
1122,replay,4000,0.2797,1.000,0.0412,0.60
1123,replay,4000,0.2089,1.000,0.0414,0.60
1124,replay,4000,0.2421,1.000,0.0414,0.60
1125,es_step,4000,0.1200,1.000,0.0414,1.19
1126,es_step,4000,0.1206,1.000,0.0414,1.19
1127,es_step,4000,0.1027,1.000,0.0414,1.19
1128,replay,4000,0.1358,1.000,0.0417,0.61
1129,replay,4000,0.1305,1.000,0.0415,0.60
1130,replay,4000,0.0905,1.000,0.0414,0.61
1131,replay,4000,-0.1711,1.000,0.0415,0.60
1132,replay,4000,0.1262,1.000,0.0416,0.60
1133,replay,4000,0.1170,1.000,0.0418,0.60
1134,es_step,4000,0.0965,1.000,0.0418,1.19
1135,replay,4000,0.1826,1.000,0.0416,0.60
1136,replay,4000,0.1897,1.000,0.0417,0.61
1137,es_step,4000,0.1463,1.000,0.0417,1.19
1138,replay,4000,0.0202,1.000,0.0419,0.61
1139,replay,4000,0.3079,1.000,0.0424,0.61
1140,es_step,4000,0.2150,1.000,0.0427,1.19
1141,es_step,4000,0.2332,1.000,0.0436,1.19
1142,replay,4000,0.2549,1.000,0.0441,0.60
1143,replay,4000,0.2092,1.000,0.0449,0.60
1144,replay,4000,0.3000,1.000,0.0449,0.60
1145,replay,4000,0.2713,1.000,0.0451,0.60
1146,replay,4000,0.2002,1.000,0.0450,0.60
1147,replay,4000,0.1438,1.000,0.0453,0.60
1148,es_step,4000,0.1246,1.000,0.0453,1.18
1149,replay,4000,0.1480,1.000,0.0458,0.60
1150,replay,4000,0.1542,1.000,0.0462,0.60
1151,replay,4000,0.1586,1.000,0.0464,0.60
1152,es_step,4000,0.1440,1.000,0.0464,1.18
1153,replay,4000,0.2003,1.000,0.0464,0.61
1154,es_step,4000,0.1580,1.000,0.0464,1.19
1155,replay,4000,0.1838,1.000,0.0465,0.61
1156,replay,4000,0.2196,1.000,0.0464,0.60
1157,replay,4000,0.2510,1.000,0.0466,0.60
1158,es_step,4000,0.1936,1.000,0.0466,1.19
1159,replay,4000,0.2482,1.000,0.0468,0.60
1160,replay,4000,0.2007,1.000,0.0469,0.61
1161,replay,4000,0.2237,1.000,0.0471,0.60
1162,replay,4000,0.1531,1.000,0.0470,0.60
1163,es_step,4000,0.1548,1.000,0.0471,1.19
1164,replay,4000,0.1823,1.000,0.0471,0.60
1165,replay,4000,0.1420,1.000,0.0472,0.60
1166,replay,4000,0.1232,1.000,0.0472,0.60
1167,replay,4000,0.1190,1.000,0.0472,0.60
1168,replay,4000,0.1422,1.000,0.0475,0.60
1169,es_step,4000,0.1529,1.000,0.0475,1.19
1170,replay,4000,0.1470,1.000,0.0477,0.60
1171,replay,4000,0.2117,1.000,0.0483,0.60
1172,es_step,4000,0.1474,1.000,0.0483,1.18
1173,replay,4000,0.1979,1.000,0.0482,0.61
1174,replay,4000,0.1742,1.000,0.0482,0.60
1175,replay,4000,0.1917,1.000,0.0487,0.60
1176,replay,4000,0.1369,1.000,0.0487,0.60
1177,replay,4000,0.1029,1.000,0.0486,0.60
1178,es_step,4000,0.1447,1.000,0.0486,1.18
1179,replay,4000,-0.1441,1.000,0.0486,0.60
1180,es_step,4000,0.1663,1.000,0.0488,1.18
1181,replay,4000,0.1989,1.000,0.0491,0.61
1182,replay,4000,0.1582,1.000,0.0493,0.60
1183,es_step,4000,0.1981,1.000,0.0494,1.18
1184,replay,4000,0.2168,1.000,0.0499,0.60
1185,replay,4000,0.2025,1.000,0.0498,0.60
1186,replay,4000,0.1757,1.000,0.0501,0.60
1187,replay,4000,0.1893,1.000,0.0504,0.60
1188,replay,4000,0.2296,1.000,0.0507,0.60
1189,replay,4000,0.2292,1.000,0.0510,0.60
1190,replay,4000,0.2129,1.000,0.0511,0.60
1191,replay,4000,0.1870,1.000,0.0510,0.61
1192,es_step,4000,0.1317,1.000,0.0510,1.19
1193,replay,4000,0.1860,1.000,0.0510,0.60
1194,replay,4000,0.2080,1.000,0.0515,0.60
1195,replay,4000,0.1144,1.000,0.0516,0.60
1196,replay,4000,0.1736,1.000,0.0517,0.60
1197,replay,4000,0.1686,1.000,0.0522,0.60
1198,replay,4000,0.1790,1.000,0.0523,0.60
1199,es_step,4000,0.2069,1.000,0.0523,1.18
1200,replay,4000,0.2122,1.000,0.0526,0.60
1201,replay,4000,0.2214,1.000,0.0526,0.60
1202,replay,4000,0.2184,1.000,0.0527,0.60
1203,replay,4000,0.2217,1.000,0.0528,0.60
1204,es_step,4000,0.0978,1.000,0.0528,1.18
1205,es_step,4000,0.1025,1.000,0.0528,1.19
1206,replay,4000,0.1527,1.000,0.0529,0.60
1207,replay,4000,0.1106,1.000,0.0526,0.60
1208,replay,4000,0.1105,1.000,0.0522,0.60
1209,replay,4000,0.0528,1.000,0.0521,0.60
1210,replay,4000,0.1198,1.000,0.0521,0.60
1211,es_step,4000,0.1155,1.000,0.0521,1.18
1212,es_step,4000,0.1298,1.000,0.0521,1.19
1213,replay,4000,0.1680,1.000,0.0524,0.60
1214,replay,4000,0.1508,1.000,0.0526,0.60
1215,replay,4000,0.0930,1.000,0.0527,0.60
1216,replay,4000,0.1514,1.000,0.0524,0.60
1217,replay,4000,0.1954,1.000,0.0526,0.60
1218,replay,4000,0.1623,1.000,0.0525,0.60
1219,replay,4000,0.1386,1.000,0.0525,0.60
1220,replay,4000,0.1539,1.000,0.0526,0.60
1221,replay,4000,0.0228,1.000,0.0523,0.60
1222,replay,4000,0.1530,1.000,0.0523,0.60
1223,replay,4000,0.1327,1.000,0.0524,0.60
1224,replay,4000,-0.1091,1.000,0.0526,0.60
1225,replay,4000,0.1424,1.000,0.0525,0.60
1226,replay,4000,0.1973,1.000,0.0524,0.60
1227,replay,4000,0.1467,1.000,0.0524,0.60
1228,replay,4000,0.0994,1.000,0.0522,0.60
1229,replay,4000,0.1498,1.000,0.0524,0.60
1230,replay,4000,0.2027,1.000,0.0526,0.60
1231,replay,4000,0.1940,1.000,0.0528,0.60
1232,replay,4000,0.1838,1.000,0.0531,0.60
1233,replay,4000,0.2051,1.000,0.0533,0.60
1234,replay,4000,0.1298,1.000,0.0532,0.60
1235,replay,4000,0.1532,1.000,0.0533,0.60
1236,replay,4000,-0.0709,1.000,0.0532,0.60
1237,es_step,4000,0.1041,1.000,0.0532,1.19
1238,es_step,4000,0.1162,1.000,0.0532,1.18
1239,es_step,4000,0.1258,1.000,0.0532,1.19
1240,replay,4000,0.1543,1.000,0.0531,0.60
1241,es_step,4000,0.1051,1.000,0.0531,1.18
1242,replay,4000,0.1852,1.000,0.0531,0.61
1243,replay,4000,0.1018,1.000,0.0532,0.61
1244,replay,4000,0.1347,1.000,0.0531,0.60
1245,replay,4000,0.1359,1.000,0.0533,0.60
1246,replay,4000,0.1243,1.000,0.0534,0.60
1247,es_step,4000,0.0802,1.000,0.0534,1.18
1248,es_step,4000,0.0882,1.000,0.0534,1.18
1249,es_step,4000,0.0915,1.000,0.0534,1.19
1250,replay,4000,0.0685,1.000,0.0537,0.61
1251,replay,4000,0.1384,1.000,0.0537,0.61
1252,replay,4000,0.2020,1.000,0.0539,0.60
1253,replay,4000,0.1316,1.000,0.0539,0.60
1254,replay,4000,0.1452,1.000,0.0542,0.60
1255,replay,4000,0.1084,1.000,0.0541,0.60
1256,replay,4000,0.1671,1.000,0.0542,0.60
1257,replay,4000,-0.0649,1.000,0.0540,0.60
1258,replay,4000,0.1609,1.000,0.0542,0.60
1259,replay,4000,0.1687,1.000,0.0544,0.61
1260,replay,4000,0.1912,1.000,0.0546,0.60
1261,replay,4000,0.1674,1.000,0.0547,0.60
1262,replay,4000,0.1223,1.000,0.0548,0.60
1263,es_step,4000,0.0772,1.000,0.0548,1.18
1264,replay,4000,0.0845,1.000,0.0547,0.60
1265,replay,4000,0.1651,1.000,0.0544,0.60
1266,replay,4000,0.1588,1.000,0.0549,0.60
1267,replay,4000,0.1434,1.000,0.0546,0.60
1268,replay,4000,0.1531,1.000,0.0547,0.60
1269,replay,4000,0.0729,1.000,0.0550,0.60
1270,es_step,4000,0.0922,1.000,0.0550,1.18
1271,replay,4000,0.1615,1.000,0.0551,0.60
1272,es_step,4000,0.1292,1.000,0.0551,1.18
1273,es_step,4000,0.1572,1.000,0.0551,1.19
1274,es_step,4000,0.1442,1.000,0.0551,1.19
1275,replay,4000,0.1606,1.000,0.0551,0.60
1276,replay,4000,0.2208,1.000,0.0551,0.60
1277,replay,4000,0.1843,1.000,0.0551,0.61
1278,es_step,4000,0.0726,1.000,0.0551,1.18
1279,replay,4000,0.1731,1.000,0.0555,0.60
1280,replay,4000,0.1443,1.000,0.0555,0.60
1281,replay,4000,0.1436,1.000,0.0555,0.60
1282,es_step,4000,0.1202,1.000,0.0555,1.18
1283,replay,4000,0.0962,1.000,0.0555,0.60
1284,replay,4000,0.0833,1.000,0.0556,0.60
1285,replay,4000,-0.0329,1.000,0.0558,0.60
1286,es_step,4000,0.1880,1.000,0.0559,1.18
1287,replay,4000,0.2993,1.000,0.0561,0.61
1288,replay,4000,0.3126,1.000,0.0565,0.60
1289,replay,4000,0.1368,1.000,0.0570,0.60
1290,replay,4000,0.1899,1.000,0.0570,0.60
1291,replay,4000,0.2349,1.000,0.0571,0.60
1292,es_step,4000,0.1501,0.938,0.0571,1.18
1293,replay,4000,0.1371,1.000,0.0570,0.60
1294,replay,4000,0.1893,1.000,0.0571,0.60
1295,es_step,4000,0.1108,1.000,0.0571,1.18
1296,replay,4000,0.2073,1.000,0.0573,0.60
1297,replay,4000,0.1539,1.000,0.0574,0.60
1298,replay,4000,0.0415,1.000,0.0574,0.60
1299,replay,4000,0.1649,1.000,0.0574,0.60
1300,replay,4000,0.2998,1.000,0.0577,0.60
1301,replay,4000,0.2166,1.000,0.0579,1.82
1302,es_step,4000,0.1541,0.938,0.0579,1.18
1303,replay,4000,0.1773,1.000,0.0580,0.60
1304,replay,4000,0.2101,1.000,0.0583,0.60
1305,replay,4000,0.1911,1.000,0.0583,0.60
1306,replay,4000,0.1559,1.000,0.0584,0.60
1307,replay,4000,0.1531,1.000,0.0584,0.60
1308,replay,4000,0.1253,1.000,0.0583,0.60
1309,es_step,4000,0.0910,0.938,0.0583,1.18
1310,replay,4000,0.1098,1.000,0.0589,0.60
1311,replay,4000,0.1068,1.000,0.0589,0.60
1312,replay,4000,0.1148,1.000,0.0589,0.60
1313,replay,4000,0.1408,1.000,0.0590,0.60
1314,replay,4000,-0.0366,1.000,0.0588,0.60
1315,replay,4000,0.2014,1.000,0.0592,0.60
1316,replay,4000,0.2101,1.000,0.0594,0.60
1317,es_step,4000,0.1602,1.000,0.0594,1.18
1318,replay,4000,0.1868,1.000,0.0597,0.60
1319,replay,4000,0.1464,1.000,0.0598,0.60
1320,replay,4000,0.1218,1.000,0.0597,0.60
1321,replay,4000,0.1342,1.000,0.0596,0.60
1322,replay,4000,0.1320,1.000,0.0594,0.60
1323,replay,4000,0.1388,1.000,0.0594,0.60
1324,replay,4000,0.0834,1.000,0.0590,0.60
1325,replay,4000,0.1461,1.000,0.0590,0.60
1326,replay,4000,0.0034,1.000,0.0592,0.60
1327,replay,4000,0.1733,1.000,0.0595,0.60
1328,replay,4000,0.1944,1.000,0.0594,0.60
1329,replay,4000,0.1806,1.000,0.0594,0.60
1330,es_step,4000,0.1097,1.000,0.0594,1.18
1331,replay,4000,0.0812,1.000,0.0593,0.60
1332,es_step,4000,0.1551,1.000,0.0593,1.18
1333,es_step,4000,0.1523,1.000,0.0593,1.19
1334,replay,4000,0.1592,1.000,0.0592,0.61
1335,replay,4000,0.1089,1.000,0.0593,0.60
1336,replay,4000,0.1345,1.000,0.0593,0.60
1337,replay,4000,0.1364,1.000,0.0595,0.60
1338,replay,4000,0.1237,1.000,0.0593,0.60
1339,replay,4000,0.1893,1.000,0.0596,0.60
1340,replay,4000,0.1502,1.000,0.0595,0.60
1341,replay,4000,0.1380,1.000,0.0594,0.60
1342,replay,4000,0.1125,1.000,0.0593,0.60
1343,replay,4000,0.1555,1.000,0.0593,0.60
1344,replay,4000,0.1046,1.000,0.0594,0.60
1345,replay,4000,0.1078,1.000,0.0594,0.60
1346,es_step,4000,0.1135,1.000,0.0594,1.18
1347,replay,4000,0.1402,1.000,0.0599,0.61
1348,es_step,4000,0.1065,1.000,0.0599,1.18
1349,es_step,4000,0.1099,1.000,0.0599,1.18
1350,replay,4000,0.1383,1.000,0.0600,0.60
1351,replay,4000,0.0933,1.000,0.0599,0.61
1352,replay,4000,0.1208,1.000,0.0599,0.60
1353,replay,4000,0.0418,1.000,0.0598,0.60
1354,replay,4000,0.1344,1.000,0.0596,0.60
1355,replay,4000,0.1769,1.000,0.0596,0.60
1356,es_step,4000,0.1725,1.000,0.0597,1.19
1357,replay,4000,0.1880,1.000,0.0600,0.60
1358,replay,4000,0.1495,1.000,0.0601,0.60
1359,replay,4000,0.2140,1.000,0.0600,0.60
1360,replay,4000,0.1814,1.000,0.0601,0.60
1361,replay,4000,0.2073,1.000,0.0604,0.60
1362,replay,4000,0.1508,1.000,0.0604,0.60
1363,replay,4000,0.1920,1.000,0.0606,0.60
1364,replay,4000,0.1395,1.000,0.0605,0.60
1365,replay,4000,0.1411,1.000,0.0607,0.60
1366,replay,4000,0.1880,1.000,0.0607,0.60
1367,es_step,4000,0.1415,1.000,0.0607,1.18
1368,replay,4000,0.1546,1.000,0.0609,0.60
1369,replay,4000,0.1112,1.000,0.0609,0.60
1370,replay,4000,-0.0327,1.000,0.0607,0.60
1371,replay,4000,0.1910,1.000,0.0609,0.60
1372,replay,4000,0.2328,1.000,0.0612,0.61
1373,replay,4000,0.2504,1.000,0.0615,0.60
1374,replay,4000,0.2062,1.000,0.0615,0.60
1375,es_step,4000,0.1151,1.000,0.0615,1.18
1376,es_step,4000,0.0874,1.000,0.0615,1.19
1377,replay,4000,0.1391,1.000,0.0614,0.61
1378,replay,4000,0.0981,1.000,0.0613,0.60
1379,replay,4000,0.1349,1.000,0.0612,0.60
1380,es_step,4000,0.1046,1.000,0.0612,1.19
1381,replay,4000,0.1202,1.000,0.0612,0.60
1382,replay,4000,0.0937,1.000,0.0612,0.60
1383,es_step,4000,0.1607,1.000,0.0613,1.19
1384,replay,4000,0.1890,1.000,0.0613,0.60
1385,replay,4000,0.1383,1.000,0.0615,0.60
1386,es_step,4000,0.1468,1.000,0.0616,1.18
1387,replay,4000,0.1539,1.000,0.0619,0.60
1388,replay,4000,0.1441,1.000,0.0620,0.60
1389,replay,4000,0.1770,1.000,0.0625,0.60
1390,replay,4000,0.2133,1.000,0.0628,0.60
1391,replay,4000,0.1979,1.000,0.0630,0.60
1392,es_step,4000,0.1846,0.938,0.0630,1.18
1393,replay,4000,0.2280,1.000,0.0636,0.60
1394,replay,4000,0.2204,1.000,0.0635,0.60
1395,replay,4000,0.2079,1.000,0.0635,0.60
1396,replay,4000,0.1760,1.000,0.0639,0.61
1397,es_step,4000,0.1456,0.938,0.0639,1.19
1398,replay,4000,0.0933,1.000,0.0639,0.60
1399,replay,4000,0.0751,1.000,0.0640,0.60
1400,replay,4000,0.1416,1.000,0.0640,0.60
1401,replay,4000,0.2358,1.000,0.0640,0.60
1402,replay,4000,0.2741,1.000,0.0642,0.60
1403,replay,4000,0.2126,1.000,0.0644,0.60
1404,replay,4000,0.2026,1.000,0.0647,0.60
1405,replay,4000,-0.0292,1.000,0.0644,0.60
1406,replay,4000,0.1491,1.000,0.0644,0.60
1407,replay,4000,0.1838,1.000,0.0648,0.60
1408,replay,4000,0.2068,1.000,0.0650,0.60
1409,replay,4000,0.2281,1.000,0.0650,0.60
1410,replay,4000,0.1620,1.000,0.0649,0.60
1411,replay,4000,0.2449,1.000,0.0650,0.60
1412,replay,4000,0.1949,1.000,0.0651,0.60
1413,replay,4000,0.1649,1.000,0.0650,0.60
1414,es_step,4000,0.1397,0.938,0.0651,1.18
1415,replay,4000,0.0948,1.000,0.0650,0.60
1416,replay,4000,0.1003,1.000,0.0647,0.60
1417,replay,4000,0.1799,1.000,0.0648,0.60
1418,es_step,4000,0.1328,1.000,0.0648,1.18
1419,replay,4000,0.0708,1.000,0.0646,0.61
1420,replay,4000,0.1332,1.000,0.0646,0.60
1421,replay,4000,0.1454,1.000,0.0646,0.60
1422,replay,4000,0.1913,1.000,0.0646,0.60
1423,replay,4000,0.1602,1.000,0.0647,0.60
1424,replay,4000,0.1278,1.000,0.0647,0.60
1425,replay,4000,0.1789,1.000,0.0652,0.61
1426,replay,4000,0.1529,1.000,0.0655,0.60
1427,replay,4000,0.2436,1.000,0.0655,0.60
1428,replay,4000,0.2019,1.000,0.0657,0.60
1429,replay,4000,0.1742,1.000,0.0657,0.60
1430,replay,4000,0.1836,1.000,0.0657,0.60
1431,replay,4000,0.1388,1.000,0.0657,0.60
1432,replay,4000,0.1270,1.000,0.0656,0.60
1433,replay,4000,0.1369,1.000,0.0660,0.60
1434,es_step,4000,0.0721,0.938,0.0660,1.18
1435,replay,4000,-0.0618,1.000,0.0658,0.60
1436,replay,4000,0.1596,1.000,0.0660,0.60
1437,replay,4000,0.1389,1.000,0.0662,0.60
1438,replay,4000,0.1728,1.000,0.0664,0.60
1439,es_step,4000,0.1562,1.000,0.0664,1.18
1440,replay,4000,0.1951,1.000,0.0664,0.60
1441,replay,4000,0.0935,1.000,0.0662,0.60
1442,replay,4000,0.1368,1.000,0.0662,0.60
1443,replay,4000,0.1415,1.000,0.0664,0.60
1444,replay,4000,0.1814,1.000,0.0664,0.60
1445,replay,4000,0.0766,1.000,0.0663,0.61
1446,replay,4000,0.1090,1.000,0.0661,0.60
1447,replay,4000,0.1028,1.000,0.0661,0.60
1448,es_step,4000,0.1003,0.938,0.0661,1.18
1449,replay,4000,0.1300,1.000,0.0661,0.61
1450,replay,4000,0.1693,1.000,0.0664,0.60
1451,replay,4000,0.2202,1.000,0.0664,0.60
1452,es_step,4000,0.1641,1.000,0.0664,1.18
1453,replay,4000,0.1440,1.000,0.0664,0.60
1454,replay,4000,0.2200,1.000,0.0669,0.60
1455,replay,4000,0.2594,1.000,0.0670,0.60
1456,replay,4000,0.2382,1.000,0.0670,0.60
1457,es_step,4000,0.0990,1.000,0.0670,1.18
1458,replay,4000,0.1079,1.000,0.0668,0.60
1459,replay,4000,0.0989,1.000,0.0665,0.60
1460,es_step,4000,0.0639,1.000,0.0665,1.19
1461,replay,4000,-0.0249,1.000,0.0661,0.60
1462,replay,4000,0.1163,1.000,0.0660,0.61
1463,es_step,4000,0.1503,1.000,0.0660,1.19
1464,replay,4000,0.1344,1.000,0.0662,0.60
1465,replay,4000,0.1883,1.000,0.0664,0.60
1466,replay,4000,0.1613,1.000,0.0664,0.60
1467,replay,4000,0.1376,1.000,0.0666,0.60
1468,replay,4000,0.1470,1.000,0.0666,0.60
1469,replay,4000,0.1557,1.000,0.0666,0.60
1470,replay,4000,0.1472,1.000,0.0665,0.60
1471,es_step,4000,0.0996,1.000,0.0665,1.18
1472,es_step,4000,0.0922,1.000,0.0665,1.18
1473,es_step,4000,0.0778,1.000,0.0665,1.18
1474,replay,4000,0.0394,1.000,0.0664,0.61
1475,es_step,4000,0.0978,0.938,0.0664,1.19
1476,replay,4000,0.0895,1.000,0.0664,0.60
1477,replay,4000,0.0897,1.000,0.0665,0.60
1478,replay,4000,0.0363,1.000,0.0665,0.60
1479,replay,4000,0.2010,1.000,0.0666,0.60
1480,replay,4000,0.2759,1.000,0.0667,0.60
1481,replay,4000,0.2886,1.000,0.0669,0.60
1482,replay,4000,0.2007,1.000,0.0669,0.60
1483,es_step,4000,0.1087,1.000,0.0669,1.19
1484,replay,4000,0.1320,1.000,0.0670,0.60
1485,replay,4000,0.0984,1.000,0.0668,0.60
1486,replay,4000,0.0689,1.000,0.0667,0.60
1487,replay,4000,0.1233,1.000,0.0666,0.60
1488,replay,4000,0.0333,1.000,0.0666,0.60
1489,replay,4000,0.0958,1.000,0.0670,0.60
1490,replay,4000,0.2538,1.000,0.0672,0.60
1491,replay,4000,0.1937,1.000,0.0673,0.60
1492,replay,4000,0.1628,1.000,0.0674,0.60
1493,es_step,4000,0.1106,1.000,0.0674,1.18
1494,replay,4000,0.1712,1.000,0.0676,0.60
1495,replay,4000,0.1358,1.000,0.0676,0.60
1496,replay,4000,0.0447,1.000,0.0675,0.60
1497,replay,4000,0.1376,1.000,0.0675,0.60
1498,replay,4000,0.1614,1.000,0.0676,0.60
1499,replay,4000,0.1605,1.000,0.0676,0.60
1500,replay,4000,0.1438,1.000,0.0678,0.60
1501,replay,4000,0.1110,1.000,0.0678,0.60
1502,es_step,4000,0.0807,1.000,0.0678,1.18
1503,replay,4000,0.1245,1.000,0.0677,0.61
1504,replay,4000,0.1684,1.000,0.0679,0.60
1505,replay,4000,0.1209,1.000,0.0679,0.60
1506,es_step,4000,0.1189,1.000,0.0679,1.18
1507,replay,4000,0.1128,1.000,0.0679,0.60
1508,replay,4000,0.0734,1.000,0.0677,0.60
1509,es_step,4000,0.0957,1.000,0.0677,1.18
1510,replay,4000,0.1121,1.000,0.0675,0.61
1511,replay,4000,0.0988,1.000,0.0675,0.60
1512,replay,4000,0.1461,1.000,0.0674,0.60
1513,es_step,4000,0.1162,1.000,0.0674,1.18
1514,replay,4000,0.1446,1.000,0.0674,0.60
1515,replay,4000,0.1822,1.000,0.0677,0.60
1516,replay,4000,0.2048,1.000,0.0679,0.60
1517,replay,4000,0.1852,1.000,0.0680,0.60
1518,replay,4000,0.1496,1.000,0.0685,0.60
1519,replay,4000,0.1860,1.000,0.0684,0.60
1520,replay,4000,0.2391,1.000,0.0691,0.60
1521,replay,4000,0.2636,1.000,0.0693,0.60
1522,replay,4000,0.2209,1.000,0.0694,0.60
1523,es_step,4000,0.1652,1.000,0.0695,2.53
1524,es_step,4000,0.1658,1.000,0.0695,1.18
1525,replay,4000,0.1113,1.000,0.0695,0.60
1526,replay,4000,0.1894,1.000,0.0694,0.60
1527,replay,4000,0.1989,1.000,0.0696,0.60
1528,replay,4000,0.1887,1.000,0.0697,0.60
1529,replay,4000,0.0909,1.000,0.0697,0.61
1530,replay,4000,0.0967,1.000,0.0694,0.60
1531,replay,4000,0.1765,1.000,0.0694,0.60
1532,replay,4000,0.1654,1.000,0.0695,0.60
1533,replay,4000,0.1231,1.000,0.0696,0.60
1534,replay,4000,0.2095,1.000,0.0697,0.60
1535,replay,4000,0.1617,1.000,0.0696,0.60
1536,replay,4000,0.2255,1.000,0.0696,0.60
1537,replay,4000,0.2086,1.000,0.0698,0.60
1538,es_step,4000,0.1002,1.000,0.0698,1.18
1539,replay,4000,0.1444,1.000,0.0699,0.61
1540,replay,4000,0.1004,1.000,0.0699,0.60
1541,replay,4000,0.1178,1.000,0.0697,0.60
1542,replay,4000,0.1158,1.000,0.0697,0.60
1543,replay,4000,0.0645,1.000,0.0700,0.61
1544,replay,4000,0.1217,1.000,0.0699,0.60
1545,replay,4000,0.1586,1.000,0.0700,0.60
1546,replay,4000,0.1975,1.000,0.0701,0.60
1547,replay,4000,0.1806,1.000,0.0701,0.61
1548,replay,4000,0.3026,1.000,0.0705,0.60
1549,replay,4000,0.2854,1.000,0.0707,0.60
1550,replay,4000,0.1906,1.000,0.0708,0.60
1551,replay,4000,0.1581,1.000,0.0711,0.60
1552,replay,4000,0.0925,1.000,0.0707,0.60
1553,replay,4000,0.0571,1.000,0.0706,0.60
1554,es_step,4000,0.0729,1.000,0.0706,1.19
1555,es_step,4000,0.0806,1.000,0.0706,1.19
1556,es_step,4000,0.0707,1.000,0.0706,1.18
1557,es_step,4000,0.0645,1.000,0.0706,1.18
1558,replay,4000,0.0800,1.000,0.0705,0.61
1559,replay,4000,0.1169,1.000,0.0703,0.60
1560,replay,4000,0.1879,1.000,0.0704,0.60
1561,replay,4000,0.1601,1.000,0.0704,0.61
1562,replay,4000,0.0975,1.000,0.0703,0.60
1563,replay,4000,0.1027,1.000,0.0704,0.60
1564,replay,4000,0.1144,1.000,0.0703,0.60
1565,es_step,4000,0.1113,1.000,0.0703,1.18
1566,replay,4000,0.1259,1.000,0.0703,0.61
1567,replay,4000,0.1023,1.000,0.0701,0.60
1568,replay,4000,0.1080,1.000,0.0698,0.60
1569,es_step,4000,0.1278,1.000,0.0698,1.18
1570,replay,4000,0.1365,1.000,0.0701,0.61
1571,replay,4000,0.1978,1.000,0.0700,0.60
1572,replay,4000,0.1611,1.000,0.0701,0.61
1573,replay,4000,0.1618,1.000,0.0700,0.61
1574,replay,4000,0.1665,1.000,0.0700,0.60
1575,replay,4000,0.1297,1.000,0.0700,0.60
1576,es_step,4000,0.1261,1.000,0.0700,1.18
1577,es_step,4000,0.1118,1.000,0.0700,1.19
1578,es_step,4000,0.1041,1.000,0.0700,1.19
1579,es_step,4000,0.1003,1.000,0.0700,1.18
1580,replay,4000,0.1359,1.000,0.0700,0.61
1581,replay,4000,0.1407,1.000,0.0701,0.60
1582,replay,4000,0.0922,1.000,0.0700,0.60
1583,replay,4000,0.1082,1.000,0.0699,0.60
1584,replay,4000,0.1282,1.000,0.0698,0.60
1585,replay,4000,0.0868,1.000,0.0694,0.60
1586,replay,4000,0.1240,1.000,0.0693,0.60
1587,replay,4000,0.1522,1.000,0.0691,0.60
1588,replay,4000,0.2022,1.000,0.0694,0.60
1589,replay,4000,0.1586,1.000,0.0696,0.60
1590,replay,4000,0.1998,1.000,0.0697,0.60
1591,replay,4000,0.1841,1.000,0.0697,0.60
1592,replay,4000,0.1726,1.000,0.0696,0.60
1593,replay,4000,0.1089,1.000,0.0693,0.60
1594,replay,4000,0.0930,1.000,0.0695,0.60
1595,replay,4000,0.1434,1.000,0.0695,0.60
1596,replay,4000,0.1731,1.000,0.0695,0.60
1597,replay,4000,0.2076,1.000,0.0696,0.60
1598,es_step,4000,0.1488,1.000,0.0696,1.18
1599,replay,4000,0.1961,1.000,0.0698,0.60
1600,replay,4000,0.1641,1.000,0.0699,0.60
1601,replay,4000,0.1170,1.000,0.0699,0.60
1602,replay,4000,0.1058,1.000,0.0696,0.60
1603,es_step,4000,0.0606,1.000,0.0696,1.19
1604,es_step,4000,0.0479,1.000,0.0696,1.18
1605,replay,4000,0.0589,1.000,0.0695,0.61
1606,replay,4000,0.0620,1.000,0.0693,0.60
1607,replay,4000,0.0941,1.000,0.0693,0.61
1608,replay,4000,0.1386,1.000,0.0693,0.60
1609,replay,4000,0.1122,1.000,0.0692,0.60
1610,replay,4000,0.1276,1.000,0.0692,0.60
1611,es_step,4000,0.1455,1.000,0.0692,1.18
1612,replay,4000,0.1684,1.000,0.0693,0.60
1613,replay,4000,0.1295,1.000,0.0691,0.60
1614,replay,4000,0.1677,1.000,0.0691,0.60
1615,replay,4000,0.1790,1.000,0.0691,0.60
1616,es_step,4000,0.1238,1.000,0.0692,1.18
1617,replay,4000,-0.1839,1.000,0.0691,0.60
1618,replay,4000,0.1572,1.000,0.0691,0.60
1619,replay,4000,0.1872,1.000,0.0693,0.60
1620,replay,4000,0.1616,1.000,0.0694,0.60
1621,replay,4000,0.0940,1.000,0.0696,0.60
1622,replay,4000,0.1741,1.000,0.0697,0.60
1623,replay,4000,0.2045,1.000,0.0698,0.60
1624,replay,4000,0.1711,1.000,0.0699,0.60
1625,replay,4000,0.1809,1.000,0.0698,0.60
1626,replay,4000,0.1608,1.000,0.0698,0.60
1627,replay,4000,0.1561,1.000,0.0696,0.61
1628,replay,4000,0.1608,1.000,0.0694,0.60
1629,replay,4000,0.2012,1.000,0.0695,0.60
1630,replay,4000,0.1597,1.000,0.0694,0.60
1631,replay,4000,0.2079,1.000,0.0696,0.61
1632,replay,4000,0.1478,1.000,0.0695,0.60
1633,replay,4000,0.1979,1.000,0.0694,0.60
1634,replay,4000,0.1269,1.000,0.0693,0.60
1635,replay,4000,0.1117,1.000,0.0691,0.60
1636,replay,4000,0.1260,1.000,0.0692,0.60
1637,replay,4000,0.1396,1.000,0.0692,0.60
1638,replay,4000,0.1220,1.000,0.0692,0.60
1639,replay,4000,0.1371,1.000,0.0693,0.60
1640,replay,4000,0.1447,1.000,0.0694,0.60
1641,replay,4000,0.1945,1.000,0.0695,0.60
1642,replay,4000,0.1336,1.000,0.0693,0.60
1643,replay,4000,0.1471,1.000,0.0693,0.60
1644,es_step,4000,0.1425,1.000,0.0693,1.18
1645,es_step,4000,0.1266,1.000,0.0693,1.19
1646,replay,4000,0.1649,1.000,0.0693,0.61
1647,replay,4000,0.1434,1.000,0.0694,0.60
1648,replay,4000,0.2301,1.000,0.0696,0.61
1649,replay,4000,0.2290,1.000,0.0697,0.60
1650,replay,4000,0.2100,1.000,0.0700,0.60
1651,replay,4000,-0.0216,1.000,0.0700,0.60
1652,es_step,4000,0.1585,1.000,0.0703,1.18
1653,replay,4000,0.2278,1.000,0.0706,0.60
1654,es_step,4000,0.1431,1.000,0.0707,1.18
1655,replay,4000,0.2030,1.000,0.0708,0.60
1656,es_step,4000,0.1109,1.000,0.0708,1.19
1657,replay,4000,0.1652,1.000,0.0709,0.60
1658,replay,4000,-0.0068,1.000,0.0709,0.60
1659,replay,4000,0.1167,1.000,0.0709,0.61
1660,es_step,4000,0.1346,1.000,0.0709,1.18
1661,es_step,4000,0.1631,1.000,0.0710,1.18
1662,replay,4000,0.2335,1.000,0.0711,0.61
1663,replay,4000,0.2010,1.000,0.0711,0.61
1664,replay,4000,0.1877,1.000,0.0710,0.60
1665,replay,4000,0.1851,1.000,0.0708,0.61
1666,es_step,4000,0.0457,1.000,0.0709,1.19
1667,es_step,4000,0.0570,1.000,0.0709,1.19
1668,replay,4000,0.0090,1.000,0.0707,0.61
1669,replay,4000,0.0981,1.000,0.0707,0.60
1670,replay,4000,0.1513,1.000,0.0706,0.61
1671,replay,4000,0.1773,1.000,0.0707,0.60
1672,replay,4000,0.1844,1.000,0.0707,0.60
1673,es_step,4000,0.1556,1.000,0.0707,1.18
1674,replay,4000,0.2190,1.000,0.0709,0.61
1675,es_step,4000,0.1335,1.000,0.0709,1.19
1676,es_step,4000,0.1480,1.000,0.0709,1.19
1677,replay,4000,0.1505,1.000,0.0706,0.60
1678,replay,4000,0.1294,1.000,0.0705,0.60
1679,replay,4000,0.1620,1.000,0.0704,0.60
1680,es_step,4000,0.1149,1.000,0.0704,1.20
1681,es_step,4000,0.1011,0.938,0.0704,1.18
1682,replay,4000,0.1506,1.000,0.0706,0.61
1683,es_step,4000,0.1104,1.000,0.0706,1.18
1684,replay,4000,0.0423,1.000,0.0704,0.61
1685,replay,4000,0.1448,1.000,0.0707,0.61
1686,replay,4000,0.1906,1.000,0.0709,0.60
1687,es_step,4000,0.1696,1.000,0.0711,1.19
1688,replay,4000,0.1683,1.000,0.0709,0.61
1689,replay,4000,0.2305,1.000,0.0711,0.60
1690,es_step,4000,0.1142,0.938,0.0712,1.19
1691,replay,4000,0.1368,1.000,0.0712,0.60
1692,replay,4000,0.1674,1.000,0.0712,0.60
1693,replay,4000,0.1330,1.000,0.0710,0.61
1694,replay,4000,0.0995,1.000,0.0708,0.60
1695,replay,4000,0.1051,1.000,0.0706,0.60
1696,replay,4000,0.1374,1.000,0.0708,0.60
1697,replay,4000,0.1099,1.000,0.0707,0.60
1698,replay,4000,0.1338,1.000,0.0709,0.60
1699,replay,4000,0.1546,1.000,0.0709,0.60
1700,replay,4000,0.1886,1.000,0.0710,0.60
1701,replay,4000,0.2154,1.000,0.0714,0.60
1702,replay,4000,0.0863,1.000,0.0714,0.60
1703,replay,4000,0.2254,1.000,0.0715,0.60
1704,replay,4000,0.2312,1.000,0.0719,0.60
1705,es_step,4000,0.1808,0.938,0.0722,1.19
1706,replay,4000,0.2191,1.000,0.0725,0.61
1707,es_step,4000,0.1463,0.875,0.0725,1.18
1708,es_step,4000,0.1584,0.938,0.0726,1.19
1709,replay,4000,0.2154,1.000,0.0727,0.60
1710,replay,4000,0.2137,1.000,0.0726,0.60
1711,es_step,4000,0.1091,0.938,0.0726,1.18
1712,replay,4000,0.1836,1.000,0.0728,0.60
1713,replay,4000,0.1212,1.000,0.0726,0.60
1714,replay,4000,0.1149,1.000,0.0726,0.60
1715,es_step,4000,0.0709,1.000,0.0726,1.18
1716,replay,4000,0.0964,1.000,0.0722,0.61
1717,es_step,4000,0.0801,1.000,0.0722,1.18
1718,replay,4000,0.0902,1.000,0.0721,0.60
1719,replay,4000,0.1333,1.000,0.0720,0.60
1720,replay,4000,0.1443,1.000,0.0718,0.60
1721,es_step,4000,0.0946,0.938,0.0718,1.19
1722,replay,4000,0.0755,1.000,0.0717,0.60
1723,replay,4000,0.1145,1.000,0.0715,0.60
1724,replay,4000,0.0970,1.000,0.0716,0.60
1725,replay,4000,0.1036,1.000,0.0717,0.60
1726,replay,4000,0.1097,1.000,0.0715,0.60
1727,replay,4000,0.1556,1.000,0.0717,0.60
1728,replay,4000,0.1695,1.000,0.0718,0.61
1729,replay,4000,0.2048,1.000,0.0718,0.60
1730,es_step,4000,0.1239,1.000,0.0718,1.19
1731,replay,4000,0.1500,1.000,0.0719,0.61
1732,replay,4000,0.1759,1.000,0.0719,0.60
1733,replay,4000,0.1637,1.000,0.0718,0.60
1734,replay,4000,0.2157,1.000,0.0720,0.60
1735,es_step,4000,0.1534,1.000,0.0720,1.18
1736,replay,4000,0.1963,1.000,0.0722,0.61
1737,replay,4000,0.2018,1.000,0.0722,0.60
1738,replay,4000,0.1519,1.000,0.0721,0.60
1739,replay,4000,0.1981,1.000,0.0721,0.60
1740,replay,4000,0.1667,1.000,0.0722,0.60
1741,replay,4000,0.1458,1.000,0.0721,0.60
1742,es_step,4000,0.0667,1.000,0.0721,1.19
1743,replay,4000,0.0868,1.000,0.0720,0.61
1744,replay,4000,0.0858,1.000,0.0718,0.60
1745,replay,4000,0.1005,1.000,0.0717,0.60
1746,es_step,4000,0.1055,1.000,0.0717,1.19
1747,replay,4000,0.1187,1.000,0.0717,0.61
1748,replay,4000,0.1420,1.000,0.0717,0.60
1749,replay,4000,0.1541,1.000,0.0719,0.60
1750,replay,4000,0.1946,1.000,0.0719,0.61
1751,replay,4000,0.1868,1.000,0.0721,0.61
1752,es_step,4000,0.1353,1.000,0.0721,1.19
1753,es_step,4000,0.1355,1.000,0.0721,1.19
1754,es_step,4000,0.1318,1.000,0.0721,1.19
1755,replay,4000,0.1874,1.000,0.0723,0.62
1756,replay,4000,0.1533,1.000,0.0724,0.60
1757,replay,4000,0.1216,1.000,0.0724,0.60
1758,replay,4000,0.1568,1.000,0.0725,0.60
1759,replay,4000,0.2077,1.000,0.0728,0.60
1760,replay,4000,-0.0025,1.000,0.0727,0.60
1761,es_step,4000,0.1505,1.000,0.0727,1.19
1762,replay,4000,0.1814,1.000,0.0728,0.61
1763,replay,4000,0.2213,1.000,0.0728,0.60
1764,replay,4000,0.1472,1.000,0.0729,0.60
1765,replay,4000,0.1110,1.000,0.0727,0.60
1766,replay,4000,0.1135,1.000,0.0727,0.60
1767,replay,4000,0.1371,1.000,0.0728,2.12
1768,replay,4000,0.1514,1.000,0.0729,0.61
1769,es_step,4000,0.0824,1.000,0.0729,1.19
1770,es_step,4000,0.0845,0.938,0.0730,1.19
1771,replay,4000,0.1750,1.000,0.0729,0.61
1772,es_step,4000,0.0923,1.000,0.0729,1.18
1773,replay,4000,0.1369,1.000,0.0728,0.60
1774,replay,4000,0.1238,1.000,0.0730,0.60
1775,replay,4000,0.1865,1.000,0.0729,0.61
1776,replay,4000,0.1554,1.000,0.0728,0.60
1777,replay,4000,0.1131,1.000,0.0727,0.60
1778,replay,4000,0.0955,1.000,0.0726,0.60
1779,es_step,4000,0.0981,0.812,0.0726,1.19
1780,replay,4000,0.1450,1.000,0.0726,0.61
1781,replay,4000,0.1726,1.000,0.0726,0.60
1782,replay,4000,0.1768,1.000,0.0727,0.60
1783,replay,4000,0.2261,1.000,0.0730,0.60
1784,replay,4000,0.1902,1.000,0.0729,0.60
1785,replay,4000,0.2082,1.000,0.0730,0.60
1786,replay,4000,0.2171,1.000,0.0732,0.60
1787,replay,4000,0.1585,1.000,0.0735,0.60
1788,replay,4000,0.1784,1.000,0.0736,0.60
1789,replay,4000,0.2209,1.000,0.0737,0.60
1790,es_step,4000,0.1747,1.000,0.0737,1.19
1791,es_step,4000,0.1739,1.000,0.0738,1.19
1792,replay,4000,0.1923,1.000,0.0742,0.61
1793,replay,4000,0.1648,1.000,0.0741,0.61
1794,replay,4000,0.1574,1.000,0.0741,0.60
1795,replay,4000,0.1162,1.000,0.0741,0.61
1796,replay,4000,0.1584,1.000,0.0742,0.60
1797,replay,4000,0.0529,1.000,0.0741,0.60
1798,replay,4000,0.1703,1.000,0.0742,0.61
1799,replay,4000,0.2001,1.000,0.0742,0.60
1800,replay,4000,0.1917,1.000,0.0742,0.60
1801,replay,4000,0.1544,1.000,0.0740,0.61
1802,replay,4000,0.1512,1.000,0.0739,0.60
1803,replay,4000,0.1454,1.000,0.0739,0.60
1804,replay,4000,0.1463,1.000,0.0738,0.60
1805,replay,4000,0.1437,1.000,0.0738,0.60
1806,es_step,4000,0.1320,1.000,0.0738,1.19
1807,es_step,4000,0.1316,1.000,0.0738,1.19
1808,replay,4000,-0.0595,1.000,0.0736,0.61
1809,es_step,4000,0.1859,1.000,0.0739,1.19
1810,es_step,4000,0.1848,1.000,0.0741,1.19
1811,es_step,4000,0.1752,1.000,0.0742,1.20
1812,es_step,4000,0.1895,0.938,0.0744,1.24
1813,es_step,4000,0.1775,1.000,0.0744,1.19
1814,replay,4000,0.2495,1.000,0.0745,0.61
1815,replay,4000,0.2561,1.000,0.0747,0.60
1816,replay,4000,0.1840,1.000,0.0747,0.61
1817,es_step,4000,0.1086,1.000,0.0747,1.19
1818,replay,4000,0.1287,1.000,0.0747,0.61
1819,replay,4000,0.0048,1.000,0.0742,0.60
1820,replay,4000,0.0633,1.000,0.0740,0.61
1821,replay,4000,0.1201,1.000,0.0741,0.60
1822,replay,4000,0.0882,1.000,0.0739,0.60
1823,replay,4000,0.0184,1.000,0.0737,0.60
1824,replay,4000,0.0461,1.000,0.0734,0.61
1825,replay,4000,0.1048,1.000,0.0733,0.60
1826,replay,4000,0.1430,1.000,0.0732,0.60
1827,replay,4000,0.1195,1.000,0.0733,0.61
1828,replay,4000,0.1519,1.000,0.0733,0.60
1829,replay,4000,0.2083,1.000,0.0733,0.60
1830,es_step,4000,0.1215,1.000,0.0734,1.19
1831,replay,4000,0.1342,1.000,0.0731,0.61
1832,replay,4000,0.1217,1.000,0.0729,0.61
1833,es_step,4000,0.1197,1.000,0.0729,1.19
1834,replay,4000,0.1381,1.000,0.0729,0.61
1835,replay,4000,0.1027,1.000,0.0727,0.61
1836,replay,4000,0.1169,1.000,0.0724,0.60
1837,replay,4000,0.1076,1.000,0.0722,0.61
1838,replay,4000,-0.1555,1.000,0.0719,0.61
1839,replay,4000,-0.0020,1.000,0.0719,0.61
1840,es_step,4000,0.1951,1.000,0.0721,1.19
1841,replay,4000,0.1553,1.000,0.0723,0.60
1842,replay,4000,0.2549,1.000,0.0727,0.60
1843,replay,4000,0.2898,1.000,0.0726,0.60
1844,replay,4000,0.3008,1.000,0.0729,0.60
1845,replay,4000,0.2185,1.000,0.0730,0.60
1846,es_step,4000,0.1516,1.000,0.0731,1.19
1847,replay,4000,0.2282,1.000,0.0730,0.60
1848,replay,4000,0.1840,1.000,0.0730,0.60
1849,replay,4000,0.1692,1.000,0.0731,0.60
1850,replay,4000,0.1256,1.000,0.0730,0.60
1851,replay,4000,0.1214,1.000,0.0731,0.60
1852,es_step,4000,0.0963,1.000,0.0731,1.18
1853,replay,4000,0.0522,1.000,0.0728,0.60
1854,es_step,4000,0.0985,1.000,0.0729,1.18
1855,es_step,4000,0.0891,1.000,0.0729,1.19
1856,replay,4000,0.0880,1.000,0.0728,0.61
1857,replay,4000,0.1083,1.000,0.0726,0.61
1858,es_step,4000,0.0679,1.000,0.0726,1.19
1859,es_step,4000,0.0815,1.000,0.0726,1.19
1860,replay,4000,0.0855,1.000,0.0724,0.61
1861,replay,4000,0.1355,1.000,0.0723,0.61
1862,es_step,4000,0.1337,1.000,0.0724,1.18
1863,replay,4000,0.1324,1.000,0.0723,0.60
1864,replay,4000,0.1777,1.000,0.0724,0.60
1865,replay,4000,0.1715,1.000,0.0724,0.60
1866,replay,4000,0.1886,1.000,0.0724,0.60
1867,es_step,4000,0.1860,1.000,0.0725,1.18
1868,replay,4000,0.1969,1.000,0.0728,0.61
1869,replay,4000,0.1736,1.000,0.0726,0.61
1870,replay,4000,0.1603,1.000,0.0726,0.61
1871,replay,4000,0.0763,1.000,0.0723,0.61
1872,replay,4000,0.1053,1.000,0.0723,0.60
1873,replay,4000,0.0827,1.000,0.0722,0.60
1874,replay,4000,0.0133,1.000,0.0721,0.66
1875,replay,4000,0.1338,1.000,0.0720,0.60
1876,replay,4000,0.1705,1.000,0.0721,0.60
1877,replay,4000,0.1799,1.000,0.0723,0.60
1878,replay,4000,0.1289,1.000,0.0723,0.60
1879,replay,4000,0.1095,1.000,0.0722,0.61
1880,replay,4000,0.1467,1.000,0.0721,0.60
1881,replay,4000,0.0888,1.000,0.0722,0.61
1882,es_step,4000,0.1204,1.000,0.0724,1.39
1883,replay,4000,0.1348,1.000,0.0724,0.61
1884,replay,4000,0.1643,1.000,0.0726,0.61
1885,replay,4000,0.1314,1.000,0.0726,0.61
1886,es_step,4000,0.1070,1.000,0.0726,1.18
1887,replay,4000,0.0944,1.000,0.0726,0.61
1888,es_step,4000,0.0775,1.000,0.0727,1.18
1889,replay,4000,0.0638,1.000,0.0727,0.61
1890,es_step,4000,0.0694,1.000,0.0727,1.19
1891,es_step,4000,0.0679,1.000,0.0727,1.19
1892,replay,4000,0.0893,1.000,0.0725,0.61
1893,replay,4000,0.1114,1.000,0.0724,0.60
1894,es_step,4000,0.0975,1.000,0.0724,1.19
1895,replay,4000,0.0764,1.000,0.0723,0.61
1896,es_step,4000,0.0765,1.000,0.0723,1.19
1897,replay,4000,0.0669,1.000,0.0722,0.60
1898,replay,4000,0.0578,1.000,0.0719,0.60
1899,replay,4000,0.1216,1.000,0.0718,0.60
1900,replay,4000,0.1046,1.000,0.0717,0.60
1901,replay,4000,0.1276,1.000,0.0718,0.61
1902,es_step,4000,0.0821,1.000,0.0718,1.19
1903,replay,4000,0.0747,1.000,0.0714,0.61
1904,es_step,4000,0.0866,1.000,0.0714,1.19
1905,replay,4000,0.1189,1.000,0.0714,0.61
1906,replay,4000,0.1124,1.000,0.0712,0.60
1907,replay,4000,0.1507,1.000,0.0710,0.67
1908,es_step,4000,0.1415,1.000,0.0710,1.19
1909,es_step,4000,0.1246,1.000,0.0710,1.18
1910,replay,4000,0.1569,1.000,0.0710,0.61
1911,replay,4000,0.1614,1.000,0.0710,0.60
1912,replay,4000,0.1683,1.000,0.0711,0.60
1913,replay,4000,0.1342,1.000,0.0710,0.60
1914,replay,4000,0.1106,1.000,0.0709,0.60
1915,replay,4000,0.1196,1.000,0.0708,0.60
1916,replay,4000,0.1101,1.000,0.0706,0.60
1917,es_step,4000,0.0885,1.000,0.0706,1.19
1918,replay,4000,0.1065,1.000,0.0704,0.61
1919,replay,4000,0.0806,1.000,0.0705,0.60
1920,replay,4000,0.0744,1.000,0.0703,0.61
1921,replay,4000,0.0772,1.000,0.0701,0.60
1922,replay,4000,0.0677,1.000,0.0699,0.61
1923,replay,4000,0.0830,1.000,0.0700,0.61
1924,es_step,4000,0.0711,1.000,0.0700,1.19
1925,replay,4000,0.1085,1.000,0.0699,0.61
1926,replay,4000,0.0900,1.000,0.0699,0.61
1927,replay,4000,0.1095,1.000,0.0699,0.61
1928,replay,4000,0.1801,1.000,0.0699,0.61
1929,es_step,4000,0.1597,1.000,0.0700,1.19
1930,replay,4000,0.1463,1.000,0.0700,0.60
1931,es_step,4000,0.1557,0.938,0.0701,1.19
1932,replay,4000,0.1948,1.000,0.0704,0.60
1933,replay,4000,0.2309,1.000,0.0704,0.61
1934,es_step,4000,0.1602,1.000,0.0705,1.18
1935,replay,4000,0.2147,1.000,0.0706,0.61
1936,replay,4000,0.1636,1.000,0.0706,0.61
1937,es_step,4000,0.0964,1.000,0.0706,1.19
1938,replay,4000,0.1057,1.000,0.0704,0.60
1939,es_step,4000,0.0819,1.000,0.0704,1.19
1940,replay,4000,0.0677,1.000,0.0702,0.60
1941,replay,4000,0.1245,1.000,0.0701,0.61
1942,replay,4000,0.1013,1.000,0.0699,0.61
1943,replay,4000,0.1084,1.000,0.0696,0.61
1944,replay,4000,0.0950,1.000,0.0695,0.61
1945,replay,4000,0.0789,1.000,0.0693,0.61
1946,replay,4000,0.0842,1.000,0.0692,0.61
1947,replay,4000,0.0764,1.000,0.0689,0.61
1948,replay,4000,0.1242,1.000,0.0687,0.61
1949,replay,4000,-0.0530,1.000,0.0686,0.61
1950,es_step,4000,0.1784,1.000,0.0687,1.19
1951,es_step,4000,0.1779,1.000,0.0692,1.19
1952,es_step,4000,0.1890,1.000,0.0693,1.19
1953,replay,4000,0.1838,1.000,0.0693,0.61
1954,replay,4000,0.1923,1.000,0.0696,0.61
1955,es_step,4000,0.1643,1.000,0.0696,1.19
1956,replay,4000,0.1463,1.000,0.0696,0.61
1957,replay,4000,0.1737,1.000,0.0695,0.61
1958,replay,4000,0.1444,1.000,0.0697,0.61
1959,es_step,4000,0.1496,1.000,0.0697,1.19
1960,replay,4000,0.1193,1.000,0.0697,0.62
1961,replay,4000,0.2154,1.000,0.0699,0.61
1962,replay,4000,0.1882,1.000,0.0699,0.61
1963,es_step,4000,0.1670,1.000,0.0700,1.20
1964,replay,4000,0.1565,1.000,0.0701,0.62
1965,es_step,4000,0.1492,1.000,0.0701,1.20
1966,replay,4000,0.1659,1.000,0.0702,0.62
1967,replay,4000,0.1445,1.000,0.0701,0.62
1968,replay,4000,0.1268,1.000,0.0704,0.62
1969,es_step,4000,0.1144,1.000,0.0704,1.21
1970,es_step,4000,0.1100,1.000,0.0704,1.20
1971,replay,4000,0.1160,1.000,0.0704,0.61
1972,replay,4000,0.0996,1.000,0.0702,0.61
1973,es_step,4000,0.0978,1.000,0.0702,1.19
1974,replay,4000,0.1168,1.000,0.0701,0.61
1975,replay,4000,0.0949,1.000,0.0699,0.61
1976,replay,4000,0.1040,1.000,0.0698,0.61
1977,replay,4000,0.1247,1.000,0.0697,0.61
1978,replay,4000,0.1486,1.000,0.0697,0.61
1979,replay,4000,0.0918,1.000,0.0696,0.61
1980,replay,4000,0.0764,1.000,0.0696,0.62
1981,es_step,4000,0.0701,0.938,0.0696,1.21
1982,replay,4000,0.0764,1.000,0.0696,0.63
1983,replay,4000,0.1108,1.000,0.0693,0.62
1984,replay,4000,0.0971,1.000,0.0692,0.63
1985,replay,4000,0.0906,1.000,0.0691,0.63
1986,es_step,4000,0.0990,1.000,0.0691,1.21
1987,es_step,4000,0.1035,1.000,0.0691,1.22
1988,es_step,4000,0.0977,1.000,0.0691,1.21
1989,es_step,4000,0.0995,1.000,0.0691,1.22
1990,replay,4000,0.1478,1.000,0.0691,0.63
1991,replay,4000,0.0617,1.000,0.0690,0.63
1992,replay,4000,0.1495,1.000,0.0690,0.64
1993,replay,4000,0.1491,1.000,0.0692,0.63
1994,replay,4000,0.2304,1.000,0.0693,0.63
1995,replay,4000,0.1859,1.000,0.0693,0.63
1996,replay,4000,0.3098,1.000,0.0697,0.63
1997,replay,4000,0.2570,1.000,0.0700,0.63
1998,es_step,4000,0.1737,1.000,0.0703,1.22
1999,replay,4000,0.1890,1.000,0.0706,0.63
2000,es_step,4000,0.1501,1.000,0.0708,1.23
2001,replay,4000,0.0824,1.000,0.0707,0.63
2002,replay,4000,0.1938,1.000,0.0708,0.63
2003,replay,4000,0.1682,1.000,0.0710,0.63
2004,es_step,4000,0.1361,1.000,0.0710,1.23
2005,replay,4000,0.1487,1.000,0.0710,0.63
2006,replay,4000,0.1336,1.000,0.0708,0.63
2007,replay,4000,0.1158,1.000,0.0707,0.63
2008,es_step,4000,0.0723,1.000,0.0708,1.23
2009,replay,4000,0.0874,1.000,0.0706,0.63
2010,replay,4000,0.1101,1.000,0.0705,0.63
2011,replay,4000,0.0780,1.000,0.0703,0.63
2012,es_step,4000,0.0841,1.000,0.0703,1.23
2013,replay,4000,0.0922,1.000,0.0702,0.63
2014,replay,4000,0.1020,1.000,0.0701,0.63
2015,replay,4000,0.0794,1.000,0.0699,0.64
2016,replay,4000,0.1076,1.000,0.0698,0.63
2017,replay,4000,0.0734,1.000,0.0697,0.63
2018,replay,4000,0.1536,1.000,0.0697,0.63
2019,replay,4000,0.1150,1.000,0.0696,0.63
2020,replay,4000,0.0885,1.000,0.0696,0.64
2021,es_step,4000,0.0718,1.000,0.0696,1.23
2022,es_step,4000,0.0744,1.000,0.0696,2.92
2023,replay,4000,0.0896,1.000,0.0695,0.64
2024,replay,4000,0.1268,1.000,0.0694,0.64
2025,replay,4000,0.1109,1.000,0.0694,0.63
2026,replay,4000,0.1032,1.000,0.0694,0.63
2027,replay,4000,0.0668,1.000,0.0693,0.64
2028,es_step,4000,0.0603,1.000,0.0695,1.23
2029,es_step,4000,0.0645,1.000,0.0695,1.22
2030,replay,4000,0.0815,1.000,0.0695,0.63
2031,es_step,4000,0.0913,1.000,0.0695,1.22
2032,replay,4000,0.1647,1.000,0.0694,0.62
2033,replay,4000,0.1074,1.000,0.0693,0.62
2034,replay,4000,0.1579,1.000,0.0693,0.62
2035,replay,4000,0.1520,1.000,0.0693,0.62
2036,es_step,4000,0.1169,1.000,0.0693,1.21
2037,replay,4000,0.1614,1.000,0.0693,0.62
2038,replay,4000,0.1543,1.000,0.0694,0.63
2039,replay,4000,0.1686,1.000,0.0695,0.63
2040,replay,4000,0.1702,1.000,0.0698,0.63
2041,es_step,4000,0.1055,1.000,0.0698,1.23
2042,replay,4000,0.1055,1.000,0.0698,0.63
2043,replay,4000,0.1087,1.000,0.0697,0.64
2044,replay,4000,0.1182,1.000,0.0696,0.63
2045,replay,4000,0.1477,1.000,0.0696,0.63
2046,replay,4000,0.0958,1.000,0.0695,0.64
2047,replay,4000,0.1238,1.000,0.0695,0.63
2048,replay,4000,0.1702,1.000,0.0697,0.64
2049,replay,4000,0.1562,1.000,0.0699,0.63
2050,replay,4000,0.1471,1.000,0.0701,0.63
2051,es_step,4000,0.1247,1.000,0.0701,1.23
2052,replay,4000,0.1632,1.000,0.0700,0.63
2053,replay,4000,0.1061,1.000,0.0701,0.63
2054,replay,4000,0.1031,1.000,0.0699,0.63
2055,replay,4000,0.1485,1.000,0.0701,0.63
2056,replay,4000,0.0829,1.000,0.0701,0.63
2057,replay,4000,0.0813,1.000,0.0700,0.63
2058,replay,4000,0.0812,1.000,0.0698,0.63
2059,es_step,4000,0.0723,1.000,0.0698,1.23
2060,replay,4000,0.0773,1.000,0.0697,0.63
2061,replay,4000,0.0796,1.000,0.0693,0.64
2062,replay,4000,0.0744,1.000,0.0690,0.63
2063,es_step,4000,0.0819,1.000,0.0690,1.23
2064,replay,4000,0.1068,1.000,0.0689,0.63
2065,es_step,4000,0.0923,1.000,0.0689,1.23
2066,es_step,4000,0.0949,0.938,0.0689,1.23
2067,replay,4000,0.1370,1.000,0.0688,0.63
2068,es_step,4000,0.0860,1.000,0.0688,1.23
2069,replay,4000,0.1256,1.000,0.0687,0.63
2070,replay,4000,0.0269,1.000,0.0686,0.63
2071,replay,4000,-0.0863,1.000,0.0684,0.62
2072,es_step,4000,0.1290,1.000,0.0685,1.21
2073,replay,4000,0.1728,1.000,0.0686,0.62
2074,replay,4000,0.2145,1.000,0.0688,0.62
2075,es_step,4000,0.1773,1.000,0.0690,1.21
2076,replay,4000,0.0696,1.000,0.0690,0.62
2077,replay,4000,0.1706,1.000,0.0688,0.61
2078,replay,4000,0.1741,1.000,0.0690,0.62
2079,replay,4000,0.1597,1.000,0.0689,0.61
2080,replay,4000,0.1186,1.000,0.0688,0.61
2081,replay,4000,-0.0031,1.000,0.0687,0.62
2082,replay,4000,0.0654,1.000,0.0687,0.63
2083,replay,4000,0.0861,1.000,0.0686,0.62
2084,replay,4000,0.0965,1.000,0.0684,0.62
2085,replay,4000,0.1078,1.000,0.0682,0.62
2086,es_step,4000,0.0609,1.000,0.0682,1.22
2087,replay,4000,0.1027,1.000,0.0681,0.62
2088,es_step,4000,0.0647,1.000,0.0682,1.22
2089,replay,4000,0.0909,1.000,0.0680,0.62
2090,es_step,4000,0.0963,1.000,0.0680,1.23
2091,es_step,4000,0.0892,1.000,0.0680,1.23
2092,replay,4000,0.1128,1.000,0.0679,0.63
2093,replay,4000,0.1104,1.000,0.0681,0.63
2094,es_step,4000,0.1431,1.000,0.0681,1.22
2095,replay,4000,0.1496,1.000,0.0681,0.63
2096,replay,4000,0.2044,1.000,0.0684,0.63
2097,replay,4000,0.1965,1.000,0.0684,0.63
2098,es_step,4000,0.1174,1.000,0.0684,1.22
2099,replay,4000,0.1000,1.000,0.0682,0.62
2100,replay,4000,0.0578,1.000,0.0681,0.62
2101,replay,4000,0.0453,1.000,0.0678,0.62
2102,replay,4000,0.0790,1.000,0.0675,0.62
2103,replay,4000,-0.1200,1.000,0.0672,0.62
2104,replay,4000,0.1583,1.000,0.0673,0.62
2105,replay,4000,0.2384,1.000,0.0674,0.63
2106,es_step,4000,0.1423,1.000,0.0674,1.22
2107,es_step,4000,0.1549,1.000,0.0674,1.23
2108,replay,4000,0.2326,1.000,0.0675,0.63
2109,replay,4000,0.2220,1.000,0.0676,0.63
2110,replay,4000,0.1955,1.000,0.0676,0.62
2111,replay,4000,0.1816,1.000,0.0679,0.63
2112,es_step,4000,0.1022,1.000,0.0679,1.22
2113,replay,4000,0.1730,1.000,0.0679,0.62
2114,replay,4000,0.0864,1.000,0.0679,0.63
2115,replay,4000,0.1463,1.000,0.0679,0.62
2116,replay,4000,0.1101,1.000,0.0678,0.63
2117,replay,4000,0.1173,1.000,0.0676,0.63
2118,replay,4000,0.1236,1.000,0.0675,0.63
2119,replay,4000,0.1630,1.000,0.0676,0.63
2120,replay,4000,0.1266,1.000,0.0676,0.63
2121,replay,4000,0.0868,1.000,0.0677,0.63
2122,replay,4000,0.1970,1.000,0.0679,0.63
2123,replay,4000,0.2603,1.000,0.0682,0.63
2124,replay,4000,0.2580,1.000,0.0683,0.63
2125,replay,4000,0.2184,1.000,0.0685,0.63
2126,replay,4000,0.1821,1.000,0.0685,0.63
2127,replay,4000,0.1892,1.000,0.0685,0.63
2128,replay,4000,0.1422,1.000,0.0685,0.63
2129,es_step,4000,0.1054,1.000,0.0685,1.22
2130,replay,4000,0.1570,1.000,0.0685,0.63
2131,replay,4000,0.1353,1.000,0.0686,0.63
2132,replay,4000,0.1144,1.000,0.0685,0.63
2133,replay,4000,0.1152,1.000,0.0684,0.63
2134,es_step,4000,0.1137,1.000,0.0684,1.23
2135,es_step,4000,0.1185,1.000,0.0684,1.23
2136,replay,4000,0.1830,1.000,0.0684,0.63
2137,replay,4000,0.0817,1.000,0.0683,0.63
2138,replay,4000,0.1374,1.000,0.0683,0.63
2139,es_step,4000,0.0861,1.000,0.0683,1.22
2140,replay,4000,0.1360,1.000,0.0681,0.63
2141,replay,4000,0.1381,1.000,0.0680,0.63
2142,replay,4000,0.1604,1.000,0.0680,0.63
2143,replay,4000,0.1614,1.000,0.0679,0.63
2144,replay,4000,0.1782,1.000,0.0679,0.63
2145,replay,4000,0.1547,1.000,0.0681,0.63
2146,replay,4000,0.1346,1.000,0.0684,0.63
2147,replay,4000,0.1227,1.000,0.0682,0.63
2148,replay,4000,0.1546,1.000,0.0682,0.63
2149,replay,4000,0.1218,1.000,0.0682,0.62
2150,replay,4000,0.1397,1.000,0.0683,0.63
2151,es_step,4000,0.1073,1.000,0.0683,1.22
2152,replay,4000,0.1253,1.000,0.0683,0.63
2153,replay,4000,0.1160,1.000,0.0683,0.63
2154,replay,4000,-0.2087,1.000,0.0681,0.63
2155,replay,4000,0.1496,1.000,0.0682,0.63
2156,replay,4000,0.1221,1.000,0.0682,0.63
2157,replay,4000,0.1395,1.000,0.0682,0.63
2158,replay,4000,0.1189,1.000,0.0682,0.63
2159,replay,4000,0.1563,1.000,0.0683,0.63
2160,replay,4000,0.1190,1.000,0.0682,0.63
2161,replay,4000,0.0817,1.000,0.0681,0.63
2162,replay,4000,0.0754,1.000,0.0679,0.63
2163,replay,4000,0.1195,1.000,0.0678,0.63
2164,replay,4000,0.0820,1.000,0.0676,0.63
2165,replay,4000,0.1000,1.000,0.0677,0.63
2166,replay,4000,0.1001,1.000,0.0675,0.63
2167,replay,4000,0.1002,1.000,0.0675,0.63
2168,replay,4000,0.0460,1.000,0.0674,0.63
2169,es_step,4000,0.0927,1.000,0.0674,1.22
2170,es_step,4000,0.1026,1.000,0.0674,1.22
2171,es_step,4000,0.0989,1.000,0.0674,1.22
2172,replay,4000,0.1376,1.000,0.0673,0.63
2173,replay,4000,0.1537,1.000,0.0674,0.63
2174,replay,4000,0.0091,1.000,0.0672,0.63
2175,replay,4000,0.0335,1.000,0.0670,0.63
2176,es_step,4000,0.1788,1.000,0.0677,1.22
2177,replay,4000,0.1880,1.000,0.0676,0.63
2178,replay,4000,0.2069,1.000,0.0678,0.63
2179,replay,4000,0.1856,1.000,0.0678,0.63
2180,replay,4000,0.1459,1.000,0.0677,0.63
2181,replay,4000,0.0706,1.000,0.0676,0.63
2182,replay,4000,0.0376,1.000,0.0673,0.63
2183,replay,4000,0.0285,1.000,0.0670,0.63
2184,es_step,4000,0.0519,1.000,0.0670,1.22
2185,replay,4000,0.0605,1.000,0.0670,0.63
2186,replay,4000,0.0638,1.000,0.0668,0.63
2187,replay,4000,0.0973,1.000,0.0667,0.62
2188,es_step,4000,0.0769,1.000,0.0667,1.22
2189,replay,4000,0.0581,1.000,0.0666,0.63
2190,es_step,4000,0.0862,1.000,0.0666,1.22
2191,replay,4000,0.1228,1.000,0.0665,0.62
2192,replay,4000,0.1117,1.000,0.0665,0.62
2193,es_step,4000,0.1447,1.000,0.0665,1.22
2194,es_step,4000,0.1655,1.000,0.0665,1.22
2195,replay,4000,0.1707,1.000,0.0669,0.63
2196,replay,4000,0.1750,1.000,0.0671,0.62
2197,replay,4000,0.2043,1.000,0.0672,0.63
2198,replay,4000,0.2010,1.000,0.0672,0.63
2199,es_step,4000,0.1442,1.000,0.0672,1.22
2200,replay,4000,0.1806,1.000,0.0673,0.62
2201,replay,4000,0.1406,1.000,0.0674,0.63
2202,es_step,4000,0.0779,1.000,0.0674,1.28
2203,es_step,4000,0.0764,1.000,0.0674,1.30
2204,replay,4000,0.0810,1.000,0.0671,0.63
2205,es_step,4000,0.0786,1.000,0.0671,1.22
2206,replay,4000,0.0967,1.000,0.0671,0.63
2207,es_step,4000,0.0627,1.000,0.0671,1.21
2208,replay,4000,0.0912,1.000,0.0670,0.63
2209,replay,4000,0.0205,1.000,0.0666,0.62
2210,replay,4000,0.0547,1.000,0.0664,0.62
2211,replay,4000,0.0797,1.000,0.0662,0.63
2212,replay,4000,0.1281,1.000,0.0662,0.62
2213,replay,4000,0.1621,1.000,0.0662,0.63
2214,replay,4000,0.0703,1.000,0.0661,0.63
2215,es_step,4000,0.1233,1.000,0.0661,1.22
2216,replay,4000,0.1699,1.000,0.0661,0.63
2217,replay,4000,0.1730,1.000,0.0661,0.63
2218,replay,4000,0.1602,1.000,0.0663,0.62
2219,es_step,4000,0.1027,1.000,0.0663,1.21
2220,replay,4000,0.1505,1.000,0.0662,0.62
2221,replay,4000,0.1248,1.000,0.0661,0.63
2222,es_step,4000,0.0875,1.000,0.0661,1.22
2223,es_step,4000,0.0859,1.000,0.0661,1.22
2224,replay,4000,0.1056,1.000,0.0662,0.63
2225,replay,4000,0.0630,1.000,0.0661,0.63
2226,replay,4000,0.0983,1.000,0.0661,0.63
2227,es_step,4000,0.0941,1.000,0.0661,1.22
2228,es_step,4000,0.0945,1.000,0.0661,1.22
2229,replay,4000,0.0826,1.000,0.0661,0.63
2230,replay,4000,0.1368,1.000,0.0661,0.63
2231,es_step,4000,0.0946,1.000,0.0661,1.21
2232,replay,4000,0.1171,1.000,0.0660,0.63
2233,es_step,4000,0.0927,1.000,0.0660,1.22
2234,replay,4000,0.0951,1.000,0.0659,0.63
2235,replay,4000,0.0886,1.000,0.0659,0.63
2236,replay,4000,0.0757,1.000,0.0658,0.63
2237,replay,4000,0.1159,1.000,0.0658,0.62
2238,replay,4000,0.1360,1.000,0.0657,0.62
2239,replay,4000,0.0963,1.000,0.0657,0.62
2240,replay,4000,0.1683,1.000,0.0658,0.63
2241,replay,4000,0.1376,1.000,0.0660,0.63
2242,es_step,4000,0.1625,1.000,0.0660,1.22
2243,replay,4000,0.2104,1.000,0.0661,0.62
2244,replay,4000,0.1824,1.000,0.0662,0.63
2245,replay,4000,0.1767,1.000,0.0663,0.63
2246,replay,4000,0.1383,1.000,0.0663,0.63
2247,replay,4000,0.1534,1.000,0.0664,0.62
2248,replay,4000,0.1703,1.000,0.0665,0.63
2249,replay,4000,0.2038,1.000,0.0667,0.62
2250,replay,4000,0.2004,1.000,0.0668,0.63
2251,es_step,4000,0.1676,1.000,0.0670,1.21
2252,es_step,4000,0.1650,1.000,0.0670,1.22
2253,replay,4000,0.1745,1.000,0.0673,0.62
2254,replay,4000,0.0322,1.000,0.0672,0.62
2255,replay,4000,0.1564,1.000,0.0671,0.63
2256,replay,4000,0.1721,1.000,0.0671,0.63
2257,replay,4000,0.1531,1.000,0.0671,0.63
2258,es_step,4000,0.0888,1.000,0.0671,1.22
2259,replay,4000,0.1187,1.000,0.0671,0.62
2260,es_step,4000,0.0685,1.000,0.0671,1.21
2261,replay,4000,0.0972,1.000,0.0671,0.62
2262,es_step,4000,0.0653,1.000,0.0671,1.21
2263,replay,4000,0.0813,1.000,0.0669,0.62
2264,replay,4000,0.0836,1.000,0.0668,0.63
2265,replay,4000,0.0780,1.000,0.0666,0.63
2266,replay,4000,0.0919,1.000,0.0665,0.63
2267,replay,4000,0.1048,1.000,0.0662,0.62
2268,replay,4000,0.1190,1.000,0.0661,0.62
2269,replay,4000,0.1618,1.000,0.0661,0.62
2270,replay,4000,0.1517,1.000,0.0658,0.62
2271,es_step,4000,0.1133,1.000,0.0658,1.21
2272,replay,4000,0.1836,1.000,0.0658,0.63
2273,replay,4000,0.1760,1.000,0.0659,0.63
2274,replay,4000,0.1520,1.000,0.0660,0.63
2275,replay,4000,0.1458,1.000,0.0661,0.63
2276,replay,4000,0.1358,1.000,0.0660,0.63
2277,replay,4000,0.1580,1.000,0.0659,0.63
2278,es_step,4000,0.1142,1.000,0.0661,1.21
2279,replay,4000,0.1634,1.000,0.0662,0.63
2280,replay,4000,0.1603,1.000,0.0662,0.62
2281,replay,4000,0.0295,1.000,0.0662,0.62
2282,replay,4000,0.1134,1.000,0.0664,0.63
2283,es_step,4000,0.1368,1.000,0.0664,1.21
2284,replay,4000,0.1676,1.000,0.0664,0.63
2285,replay,4000,0.1403,1.000,0.0665,0.63
2286,replay,4000,0.1705,1.000,0.0666,0.63
2287,replay,4000,0.1629,1.000,0.0667,0.63
2288,replay,4000,0.2149,1.000,0.0668,0.63
2289,replay,4000,0.2100,1.000,0.0669,0.63
2290,es_step,4000,0.1370,1.000,0.0669,1.22
2291,replay,4000,0.1685,1.000,0.0672,0.63
2292,replay,4000,0.1677,1.000,0.0672,0.63
2293,es_step,4000,0.1109,1.000,0.0672,1.21
2294,replay,4000,0.1439,1.000,0.0672,0.62
2295,es_step,4000,0.1102,1.000,0.0672,1.22
2296,replay,4000,0.1475,1.000,0.0672,0.62
2297,replay,4000,0.1862,1.000,0.0672,0.62
2298,replay,4000,0.1396,1.000,0.0672,0.62
2299,es_step,4000,0.1108,1.000,0.0673,1.22
2300,replay,4000,0.1345,1.000,0.0673,0.63
2301,replay,4000,0.0953,1.000,0.0672,0.63
2302,replay,4000,0.1581,1.000,0.0674,0.63
2303,replay,4000,0.1043,1.000,0.0674,0.63
2304,replay,4000,0.0246,1.000,0.0670,0.62
2305,es_step,4000,0.0463,1.000,0.0670,1.21
2306,es_step,4000,0.0425,1.000,0.0670,2.96
2307,replay,4000,0.0659,1.000,0.0669,0.63
2308,replay,4000,0.0509,1.000,0.0668,0.62
2309,replay,4000,0.0717,1.000,0.0666,0.63
2310,es_step,4000,0.0841,1.000,0.0666,1.21
2311,replay,4000,-0.1759,1.000,0.0665,0.63
2312,replay,4000,0.0775,1.000,0.0664,0.62
2313,replay,4000,0.1672,1.000,0.0665,0.62
2314,replay,4000,0.2158,1.000,0.0665,0.62
2315,replay,4000,0.0161,1.000,0.0665,0.62
2316,replay,4000,0.2151,1.000,0.0666,0.62
2317,replay,4000,0.1684,1.000,0.0667,0.62
2318,replay,4000,0.1967,1.000,0.0667,0.63
2319,replay,4000,0.1837,1.000,0.0669,0.62
2320,replay,4000,0.1667,1.000,0.0669,0.62
2321,es_step,4000,0.0906,1.000,0.0669,1.21
2322,replay,4000,0.1003,1.000,0.0667,0.62
2323,replay,4000,0.0206,1.000,0.0667,0.63
2324,replay,4000,0.1473,1.000,0.0670,0.63
2325,replay,4000,0.1156,1.000,0.0667,0.63
2326,replay,4000,0.0520,1.000,0.0668,0.63
2327,replay,4000,0.1646,1.000,0.0669,0.62
2328,es_step,4000,0.1561,1.000,0.0669,1.21
2329,replay,4000,0.1988,1.000,0.0670,0.63
2330,replay,4000,0.1870,1.000,0.0670,0.63
2331,replay,4000,0.0134,1.000,0.0671,0.62
2332,replay,4000,0.2086,1.000,0.0672,0.62
2333,replay,4000,0.1938,1.000,0.0674,0.62
2334,replay,4000,0.1471,1.000,0.0673,0.62
2335,replay,4000,0.1501,1.000,0.0674,0.63
2336,replay,4000,0.1803,1.000,0.0675,0.63
2337,replay,4000,0.1476,1.000,0.0675,0.63
2338,replay,4000,0.1286,1.000,0.0676,0.63
2339,replay,4000,0.0696,1.000,0.0675,0.62
2340,replay,4000,0.1023,1.000,0.0674,0.62
2341,replay,4000,0.1424,1.000,0.0675,0.63
2342,replay,4000,0.1325,1.000,0.0675,0.63
2343,replay,4000,0.1380,1.000,0.0673,0.63
2344,replay,4000,0.1046,1.000,0.0673,0.63
2345,es_step,4000,0.0777,1.000,0.0673,1.23
2346,replay,4000,0.0952,1.000,0.0671,0.62
2347,replay,4000,0.0836,1.000,0.0672,0.63
2348,es_step,4000,0.0289,1.000,0.0672,1.22
2349,es_step,4000,0.0425,1.000,0.0672,1.22
2350,replay,4000,0.0264,1.000,0.0670,0.63
2351,es_step,4000,0.0394,1.000,0.0670,1.22
2352,replay,4000,0.0383,1.000,0.0668,0.63
2353,replay,4000,0.0213,1.000,0.0666,0.63
2354,replay,4000,0.1154,1.000,0.0664,0.63
2355,replay,4000,0.0719,1.000,0.0665,0.63
2356,replay,4000,0.1564,1.000,0.0666,0.63
2357,replay,4000,0.1355,1.000,0.0667,0.63
2358,replay,4000,0.1563,1.000,0.0667,0.63
2359,replay,4000,0.1631,1.000,0.0667,0.63
2360,replay,4000,0.0768,1.000,0.0667,0.63
2361,replay,4000,0.0948,1.000,0.0666,0.63
2362,replay,4000,0.1147,1.000,0.0663,0.63
2363,replay,4000,0.0852,1.000,0.0663,0.63
2364,replay,4000,0.1177,1.000,0.0663,0.63
2365,replay,4000,-0.1187,1.000,0.0660,0.63
2366,replay,4000,0.1765,1.000,0.0663,0.63
2367,replay,4000,0.2107,1.000,0.0666,0.63
2368,replay,4000,0.1748,1.000,0.0667,0.63
2369,replay,4000,0.1701,1.000,0.0667,0.63
2370,replay,4000,0.1363,1.000,0.0668,0.62
2371,replay,4000,-0.1848,1.000,0.0666,0.63
2372,replay,4000,0.1554,1.000,0.0667,0.62
2373,replay,4000,0.1708,1.000,0.0668,0.63
2374,replay,4000,0.1870,1.000,0.0669,0.63
2375,replay,4000,0.2055,1.000,0.0669,0.63
2376,replay,4000,0.1491,1.000,0.0668,0.63
2377,replay,4000,0.0989,1.000,0.0668,0.63
2378,replay,4000,0.0740,1.000,0.0666,0.63
2379,replay,4000,0.0883,1.000,0.0665,0.63
2380,replay,4000,0.1127,1.000,0.0664,0.62
2381,replay,4000,0.1024,1.000,0.0664,0.63
2382,replay,4000,0.1419,1.000,0.0665,0.62
2383,es_step,4000,0.1083,1.000,0.0665,1.22
2384,es_step,4000,0.1283,1.000,0.0665,1.22
2385,replay,4000,0.1546,1.000,0.0665,0.63
2386,replay,4000,0.1551,1.000,0.0666,0.63
2387,replay,4000,0.0936,1.000,0.0664,0.63
2388,es_step,4000,0.0812,1.000,0.0664,1.22
2389,replay,4000,0.0962,1.000,0.0662,0.62
2390,replay,4000,0.1111,1.000,0.0662,0.63
2391,es_step,4000,0.0904,1.000,0.0662,1.22
2392,replay,4000,0.1053,1.000,0.0661,0.63
2393,es_step,4000,0.0802,1.000,0.0661,1.22
2394,es_step,4000,0.0886,1.000,0.0661,1.22
2395,replay,4000,0.0682,1.000,0.0659,0.63
2396,replay,4000,0.1150,1.000,0.0660,0.63
2397,es_step,4000,0.1108,1.000,0.0660,1.22
2398,replay,4000,0.1378,1.000,0.0660,0.63
2399,es_step,4000,0.1073,1.000,0.0661,1.22
2400,replay,4000,0.1140,1.000,0.0664,0.63
2401,replay,4000,0.1846,1.000,0.0665,0.63
2402,replay,4000,0.1992,1.000,0.0665,0.63
2403,replay,4000,0.2020,1.000,0.0666,0.63
2404,es_step,4000,0.1417,1.000,0.0667,1.22
2405,replay,4000,0.1821,1.000,0.0668,0.63
2406,es_step,4000,0.1329,1.000,0.0668,1.21
2407,replay,4000,0.1613,1.000,0.0667,0.63
2408,replay,4000,0.1392,1.000,0.0666,0.63
2409,es_step,4000,0.0774,1.000,0.0666,1.22
2410,replay,4000,0.1134,1.000,0.0666,0.63
2411,replay,4000,0.1271,1.000,0.0665,0.63
2412,replay,4000,0.0922,1.000,0.0663,0.62
2413,replay,4000,0.1155,1.000,0.0662,0.62
2414,es_step,4000,0.1051,1.000,0.0662,1.21
2415,replay,4000,0.1820,1.000,0.0664,0.62
2416,es_step,4000,0.1275,1.000,0.0664,1.21
2417,replay,4000,0.1529,1.000,0.0663,0.62
2418,replay,4000,0.1723,1.000,0.0665,0.63
2419,replay,4000,0.1269,1.000,0.0666,0.63
2420,replay,4000,0.1552,1.000,0.0666,0.63
2421,replay,4000,0.1467,1.000,0.0664,0.62
2422,replay,4000,0.1741,1.000,0.0667,0.62
2423,es_step,4000,0.1299,1.000,0.0667,1.22
2424,es_step,4000,0.1551,1.000,0.0671,1.21
2425,replay,4000,0.1215,1.000,0.0670,0.63
2426,replay,4000,0.1609,1.000,0.0671,0.62
2427,replay,4000,0.1360,1.000,0.0669,0.62
2428,replay,4000,0.1392,1.000,0.0670,0.62
2429,es_step,4000,0.1056,1.000,0.0670,1.21
2430,es_step,4000,0.0909,1.000,0.0670,1.22
2431,replay,4000,0.1456,1.000,0.0670,0.62
2432,es_step,4000,0.0741,1.000,0.0670,1.21
2433,replay,4000,0.1109,1.000,0.0669,0.62
2434,replay,4000,0.1206,1.000,0.0668,0.62
2435,replay,4000,0.0913,1.000,0.0667,0.63
2436,replay,4000,0.0935,1.000,0.0665,0.63
2437,es_step,4000,0.0750,1.000,0.0665,1.22
2438,replay,4000,0.1034,1.000,0.0664,0.62
2439,es_step,4000,0.0715,1.000,0.0664,1.21
2440,replay,4000,0.1009,1.000,0.0662,0.62
2441,replay,4000,0.0303,1.000,0.0660,0.62
2442,replay,4000,0.1304,1.000,0.0663,0.62
2443,replay,4000,0.1708,1.000,0.0664,0.62
2444,replay,4000,0.1620,1.000,0.0665,0.62
2445,es_step,4000,0.1004,1.000,0.0665,1.21
2446,replay,4000,0.1759,1.000,0.0665,0.62
2447,es_step,4000,0.0964,1.000,0.0666,1.21
2448,replay,4000,0.1544,1.000,0.0665,0.63
2449,replay,4000,0.1483,1.000,0.0664,0.63
2450,replay,4000,0.1303,1.000,0.0663,0.62
2451,replay,4000,0.0895,1.000,0.0663,0.63
2452,replay,4000,0.0529,1.000,0.0662,0.63
2453,es_step,4000,0.0877,1.000,0.0663,1.21
2454,es_step,4000,0.0852,1.000,0.0663,1.22
2455,replay,4000,0.1125,1.000,0.0661,0.63
2456,replay,4000,0.1858,1.000,0.0664,0.63
2457,replay,4000,0.2032,1.000,0.0665,0.63
2458,replay,4000,0.1864,1.000,0.0669,0.62
2459,replay,4000,0.1154,1.000,0.0670,0.62
2460,es_step,4000,0.1199,1.000,0.0670,1.21
2461,replay,4000,0.1684,1.000,0.0671,0.62
2462,replay,4000,0.1449,1.000,0.0672,0.63
2463,replay,4000,0.1737,1.000,0.0673,0.63
2464,replay,4000,0.1720,1.000,0.0674,0.63
2465,replay,4000,0.1623,1.000,0.0674,0.62
2466,es_step,4000,0.1255,1.000,0.0675,1.22
2467,replay,4000,0.1925,1.000,0.0675,0.62
2468,replay,4000,0.1405,1.000,0.0675,0.62
2469,replay,4000,0.1173,1.000,0.0675,0.62
2470,replay,4000,0.1149,1.000,0.0675,0.62
2471,replay,4000,0.1201,1.000,0.0678,0.62
2472,replay,4000,0.0961,1.000,0.0676,0.62
2473,replay,4000,0.1048,1.000,0.0676,0.63
2474,replay,4000,0.0729,1.000,0.0674,0.63
2475,es_step,4000,0.0925,1.000,0.0676,1.22
2476,replay,4000,0.0921,1.000,0.0675,0.62
2477,replay,4000,0.1019,1.000,0.0676,0.63
2478,replay,4000,0.0773,1.000,0.0675,0.63
2479,replay,4000,0.1275,1.000,0.0675,0.63
2480,es_step,4000,0.1151,1.000,0.0675,1.22
2481,replay,4000,0.0934,1.000,0.0675,0.63
2482,es_step,4000,0.1201,1.000,0.0675,1.21
2483,es_step,4000,0.1167,1.000,0.0675,1.21
2484,replay,4000,0.1094,1.000,0.0675,0.63
2485,es_step,4000,0.1096,1.000,0.0675,1.22
2486,replay,4000,0.1188,1.000,0.0675,0.63
2487,replay,4000,0.1118,1.000,0.0674,0.66
2488,replay,4000,0.1098,1.000,0.0674,0.62
2489,replay,4000,-0.0014,1.000,0.0673,0.63
2490,replay,4000,0.1820,1.000,0.0673,0.63
2491,es_step,4000,0.1596,1.000,0.0674,1.22
2492,replay,4000,0.1582,1.000,0.0676,0.63
2493,replay,4000,0.1566,1.000,0.0677,0.63
2494,replay,4000,0.1644,1.000,0.0677,0.63
2495,replay,4000,0.0293,1.000,0.0677,0.63
2496,replay,4000,0.1200,1.000,0.0676,0.64
2497,replay,4000,0.1448,1.000,0.0676,0.64
2498,replay,4000,0.1365,1.000,0.0676,0.64
2499,replay,4000,0.1645,1.000,0.0676,0.64
2500,replay,4000,0.2192,1.000,0.0678,0.63
2501,replay,4000,0.2404,1.000,0.0679,0.63
2502,replay,4000,0.1814,1.000,0.0680,0.63
2503,replay,4000,0.2328,1.000,0.0683,0.63
2504,replay,4000,0.1814,1.000,0.0683,0.63
2505,replay,4000,0.1583,1.000,0.0683,0.63
2506,es_step,4000,0.1106,1.000,0.0683,1.22
2507,replay,4000,0.1249,1.000,0.0683,0.63
2508,replay,4000,0.1401,1.000,0.0683,0.63
2509,replay,4000,0.1248,1.000,0.0682,0.63
2510,replay,4000,0.1479,1.000,0.0683,0.63
2511,replay,4000,0.0988,1.000,0.0683,0.63
2512,es_step,4000,0.0409,1.000,0.0683,1.22
2513,replay,4000,0.0623,1.000,0.0683,0.63
2514,es_step,4000,0.0465,1.000,0.0683,1.22
2515,es_step,4000,0.0637,1.000,0.0683,1.21
2516,es_step,4000,0.0382,1.000,0.0683,1.22
2517,replay,4000,0.0885,1.000,0.0682,0.63
2518,replay,4000,0.1330,1.000,0.0681,0.62
2519,replay,4000,0.0871,1.000,0.0680,0.63
2520,replay,4000,0.1001,1.000,0.0680,0.63
2521,replay,4000,0.0973,1.000,0.0680,0.63
2522,es_step,4000,0.0765,0.812,0.0680,1.22
2523,replay,4000,0.0980,1.000,0.0679,0.63
2524,replay,4000,0.0900,1.000,0.0680,0.62
2525,replay,4000,0.0709,1.000,0.0677,0.62
2526,es_step,4000,0.0368,1.000,0.0678,1.21
2527,replay,4000,0.1236,1.000,0.0677,0.62
2528,es_step,4000,0.0692,0.875,0.0677,1.21
2529,replay,4000,0.1080,1.000,0.0676,0.62
2530,replay,4000,0.1161,1.000,0.0675,0.63
2531,replay,4000,0.1140,1.000,0.0673,0.63
2532,es_step,4000,0.1077,0.938,0.0673,1.21
2533,replay,4000,0.1269,1.000,0.0673,0.63
2534,replay,4000,0.1714,1.000,0.0674,0.63
2535,replay,4000,0.1655,1.000,0.0674,0.63
2536,replay,4000,0.1695,1.000,0.0675,0.62
2537,replay,4000,0.0490,1.000,0.0674,0.62
2538,replay,4000,0.1424,1.000,0.0674,0.62
2539,replay,4000,0.1521,1.000,0.0673,0.63
2540,replay,4000,0.1479,1.000,0.0673,0.62
2541,es_step,4000,0.1312,0.812,0.0673,1.22
2542,replay,4000,0.1625,1.000,0.0674,0.63
2543,replay,4000,0.1731,1.000,0.0675,0.63
2544,replay,4000,0.1614,1.000,0.0675,0.63
2545,replay,4000,0.1741,1.000,0.0678,0.62
2546,replay,4000,0.1425,1.000,0.0676,0.63
2547,replay,4000,0.1588,1.000,0.0678,0.62
2548,es_step,4000,0.1113,0.812,0.0678,1.22
2549,es_step,4000,0.1079,0.875,0.0678,1.22
2550,replay,4000,0.1400,1.000,0.0679,0.63
2551,es_step,4000,0.0998,0.750,0.0679,1.57
2552,replay,4000,0.0827,1.000,0.0676,0.64
2553,replay,4000,0.1063,1.000,0.0675,0.64
2554,replay,4000,0.1167,1.000,0.0674,0.64
2555,replay,4000,0.1185,1.000,0.0673,0.64
2556,replay,4000,0.1102,1.000,0.0672,0.63
2557,replay,4000,0.1331,1.000,0.0672,0.63
2558,replay,4000,0.1555,1.000,0.0672,0.63
2559,replay,4000,0.2299,1.000,0.0673,0.63
2560,replay,4000,0.1879,1.000,0.0674,0.63
2561,replay,4000,0.1726,1.000,0.0675,0.63
2562,replay,4000,0.1694,1.000,0.0676,0.63
2563,replay,4000,0.1593,1.000,0.0675,0.63
2564,replay,4000,0.1293,1.000,0.0675,0.63
2565,replay,4000,0.0742,1.000,0.0672,0.63
2566,es_step,4000,0.0395,0.938,0.0672,1.23
2567,es_step,4000,0.0507,1.000,0.0672,1.23
2568,replay,4000,0.0541,1.000,0.0670,0.63
2569,es_step,4000,0.0658,1.000,0.0670,1.23
2570,replay,4000,0.0843,1.000,0.0669,0.63
2571,replay,4000,0.0602,1.000,0.0666,0.63
2572,replay,4000,0.0711,1.000,0.0664,0.63
2573,replay,4000,0.0944,1.000,0.0663,0.63
2574,replay,4000,0.1141,1.000,0.0663,0.63
2575,replay,4000,0.0956,1.000,0.0663,0.63
2576,es_step,4000,0.0922,1.000,0.0663,1.22
2577,replay,4000,0.1390,1.000,0.0663,0.63
2578,replay,4000,0.1539,1.000,0.0663,0.63
2579,replay,4000,0.1181,1.000,0.0664,0.63
2580,replay,4000,0.1503,1.000,0.0664,0.63
2581,replay,4000,0.1453,1.000,0.0664,0.63
2582,replay,4000,0.1707,1.000,0.0664,0.63
2583,es_step,4000,0.0908,0.938,0.0664,1.22
2584,replay,4000,0.1306,1.000,0.0663,0.63
2585,replay,4000,0.1270,1.000,0.0664,0.63
2586,replay,4000,0.1241,1.000,0.0663,0.63
2587,replay,4000,0.1216,1.000,0.0664,0.63
2588,replay,4000,-0.0410,1.000,0.0663,0.63
2589,es_step,4000,0.0971,0.938,0.0664,1.23
2590,replay,4000,0.1602,1.000,0.0665,0.63
2591,replay,4000,0.1670,1.000,0.0666,0.63
2592,replay,4000,0.1306,1.000,0.0668,0.63
2593,replay,4000,0.1647,1.000,0.0669,0.63
2594,es_step,4000,0.1687,1.000,0.0672,1.22
2595,replay,4000,0.1701,1.000,0.0674,0.63
2596,replay,4000,-0.0551,1.000,0.0673,0.64
2597,es_step,4000,0.1182,1.000,0.0673,2.99
2598,es_step,4000,0.1459,0.938,0.0674,1.22
2599,replay,4000,0.1686,1.000,0.0675,0.63
2600,replay,4000,0.1752,1.000,0.0676,0.63
2601,replay,4000,0.1099,1.000,0.0674,0.63
2602,replay,4000,0.1211,1.000,0.0674,0.63
2603,replay,4000,0.1311,1.000,0.0673,0.63
2604,replay,4000,0.1151,1.000,0.0672,0.63
2605,replay,4000,0.1004,1.000,0.0671,0.63
2606,replay,4000,0.0313,1.000,0.0670,0.63
2607,es_step,4000,0.0712,1.000,0.0670,1.22
2608,replay,4000,0.0869,1.000,0.0669,0.63
2609,replay,4000,0.0815,1.000,0.0668,0.63
2610,replay,4000,0.1077,1.000,0.0668,0.63
2611,replay,4000,0.1143,1.000,0.0667,0.63
2612,replay,4000,0.0958,1.000,0.0667,0.63
2613,es_step,4000,0.0500,1.000,0.0667,1.22
2614,replay,4000,0.0968,1.000,0.0666,0.63
2615,replay,4000,0.0726,1.000,0.0664,0.64
2616,replay,4000,0.0616,1.000,0.0664,0.63
2617,es_step,4000,0.0486,1.000,0.0664,1.22
2618,replay,4000,-0.0275,1.000,0.0663,0.63
2619,es_step,4000,0.0683,1.000,0.0663,1.23
2620,replay,4000,-0.0016,1.000,0.0662,0.63
2621,replay,4000,0.2002,1.000,0.0662,0.63
2622,replay,4000,0.2705,1.000,0.0665,0.63
2623,replay,4000,0.2691,1.000,0.0666,0.63
2624,es_step,4000,0.2001,0.938,0.0676,1.23
2625,replay,4000,0.2478,1.000,0.0679,0.64
2626,replay,4000,0.2244,1.000,0.0681,0.63
2627,replay,4000,0.2129,1.000,0.0682,0.63
2628,replay,4000,0.1819,1.000,0.0682,0.63
2629,replay,4000,0.1432,1.000,0.0681,0.63
2630,replay,4000,0.0885,1.000,0.0679,0.63
2631,replay,4000,0.1030,1.000,0.0677,0.63
2632,es_step,4000,0.0429,1.000,0.0677,1.22
2633,replay,4000,0.1059,1.000,0.0676,0.63
2634,replay,4000,0.0356,1.000,0.0673,0.63
2635,replay,4000,0.0887,1.000,0.0672,0.63
2636,replay,4000,0.1148,1.000,0.0671,0.63
2637,es_step,4000,0.1084,1.000,0.0671,1.23
2638,replay,4000,0.1128,1.000,0.0671,0.63
2639,replay,4000,0.1249,1.000,0.0670,0.63
2640,replay,4000,0.0796,1.000,0.0669,0.63
2641,replay,4000,0.0871,1.000,0.0668,0.63
2642,es_step,4000,0.0835,0.938,0.0669,1.22
2643,es_step,4000,0.0811,0.812,0.0669,1.23
2644,es_step,4000,0.0760,1.000,0.0669,1.22
2645,replay,4000,0.0970,1.000,0.0666,0.63
2646,es_step,4000,0.0977,0.875,0.0666,1.23
2647,replay,4000,0.1119,1.000,0.0665,0.63
2648,replay,4000,0.1151,1.000,0.0666,0.63
2649,replay,4000,0.1208,1.000,0.0665,0.63
2650,es_step,4000,0.1153,0.938,0.0666,1.22
2651,replay,4000,0.1353,1.000,0.0664,0.63
2652,replay,4000,0.0985,1.000,0.0665,0.63
2653,replay,4000,0.0906,1.000,0.0664,0.63
2654,replay,4000,0.0884,1.000,0.0663,0.63
2655,replay,4000,0.1003,1.000,0.0663,0.62
2656,replay,4000,0.0962,1.000,0.0662,0.62
2657,replay,4000,0.0953,1.000,0.0662,0.62
2658,replay,4000,0.2258,1.000,0.0664,0.62
2659,replay,4000,0.2157,1.000,0.0664,0.63
2660,es_step,4000,0.1492,0.938,0.0665,1.22
2661,replay,4000,0.1430,1.000,0.0665,0.63
2662,replay,4000,0.1329,1.000,0.0665,0.62
2663,replay,4000,0.0790,1.000,0.0663,0.62
2664,replay,4000,0.0705,1.000,0.0663,0.63
2665,replay,4000,0.0462,1.000,0.0659,0.63
2666,replay,4000,0.0781,1.000,0.0658,0.63
2667,replay,4000,0.0768,1.000,0.0659,0.63
2668,es_step,4000,0.0994,1.000,0.0659,1.22
2669,replay,4000,0.1194,1.000,0.0659,0.63
2670,replay,4000,0.1468,1.000,0.0659,0.63
2671,replay,4000,0.1423,1.000,0.0659,0.63
2672,es_step,4000,0.1119,1.000,0.0659,1.23
2673,replay,4000,0.1725,1.000,0.0659,0.63
2674,replay,4000,0.1786,1.000,0.0660,0.63
2675,replay,4000,0.0762,1.000,0.0659,0.63
2676,es_step,4000,0.0851,0.875,0.0659,1.22
2677,es_step,4000,0.0958,1.000,0.0659,1.22
2678,replay,4000,0.1479,1.000,0.0661,0.63
2679,replay,4000,0.1107,1.000,0.0661,0.63
2680,es_step,4000,0.1168,1.000,0.0661,1.22
2681,replay,4000,0.1752,1.000,0.0661,0.63
2682,replay,4000,0.1792,1.000,0.0663,0.63
2683,replay,4000,0.1646,1.000,0.0663,0.63
2684,replay,4000,0.1558,1.000,0.0664,0.63
2685,es_step,4000,0.1238,1.000,0.0664,1.22
2686,es_step,4000,0.1355,1.000,0.0664,1.23
2687,replay,4000,0.1666,1.000,0.0666,0.63
2688,replay,4000,0.1455,1.000,0.0669,0.63
2689,replay,4000,0.1090,1.000,0.0668,0.63
2690,replay,4000,0.1804,1.000,0.0668,0.63
2691,es_step,4000,0.1278,0.938,0.0668,1.22
2692,replay,4000,0.1374,1.000,0.0668,0.63
2693,replay,4000,0.1456,1.000,0.0667,0.63
2694,replay,4000,0.0949,1.000,0.0667,0.63
2695,replay,4000,0.1102,1.000,0.0667,0.63
2696,replay,4000,0.1178,1.000,0.0666,0.63
2697,replay,4000,0.1124,1.000,0.0665,0.63
2698,replay,4000,0.0726,1.000,0.0663,0.63
2699,replay,4000,0.0923,1.000,0.0662,0.63
2700,replay,4000,0.0831,1.000,0.0662,0.62
2701,replay,4000,0.0624,1.000,0.0659,0.63
2702,replay,4000,0.0404,1.000,0.0657,0.63
2703,es_step,4000,0.0400,0.938,0.0657,1.22
2704,replay,4000,-0.1391,1.000,0.0655,0.63
2705,es_step,4000,0.1181,1.000,0.0655,1.22
2706,es_step,4000,0.0936,1.000,0.0655,1.22
2707,replay,4000,0.1466,1.000,0.0656,0.63
2708,replay,4000,0.1942,1.000,0.0656,0.63
2709,es_step,4000,0.1607,1.000,0.0660,1.22
2710,replay,4000,0.2108,1.000,0.0663,0.63
2711,replay,4000,0.1473,1.000,0.0664,0.63
2712,es_step,4000,0.1202,0.938,0.0664,1.22
2713,replay,4000,0.1342,1.000,0.0663,0.63
2714,replay,4000,0.1737,1.000,0.0663,0.63
2715,replay,4000,0.1435,1.000,0.0664,0.63
2716,replay,4000,0.1382,1.000,0.0663,0.63
2717,replay,4000,0.1432,1.000,0.0664,0.63
2718,replay,4000,0.0641,1.000,0.0665,0.63
2719,es_step,4000,0.0807,1.000,0.0665,1.22
2720,replay,4000,0.1017,1.000,0.0665,0.63
2721,replay,4000,0.1696,1.000,0.0665,0.63
2722,replay,4000,0.1446,1.000,0.0669,0.62
2723,es_step,4000,0.1347,1.000,0.0670,1.22
2724,replay,4000,0.1832,1.000,0.0670,0.63
2725,replay,4000,0.2134,1.000,0.0670,0.63
2726,es_step,4000,0.1424,0.938,0.0672,1.22
2727,replay,4000,0.1757,1.000,0.0672,0.63
2728,replay,4000,0.2298,1.000,0.0677,0.63
2729,replay,4000,0.1789,1.000,0.0679,0.63
2730,replay,4000,0.1474,1.000,0.0679,0.63
2731,replay,4000,0.0311,1.000,0.0678,0.63
2732,replay,4000,0.1567,1.000,0.0678,0.62
2733,replay,4000,0.1772,1.000,0.0679,0.63
2734,es_step,4000,0.1196,1.000,0.0679,1.22
2735,replay,4000,0.1609,1.000,0.0680,0.63
2736,replay,4000,0.1331,1.000,0.0679,0.63
2737,replay,4000,0.1278,1.000,0.0679,0.63
2738,replay,4000,0.1392,1.000,0.0679,0.63
2739,es_step,4000,0.0943,1.000,0.0679,1.22
2740,replay,4000,0.1524,1.000,0.0679,0.63
2741,replay,4000,0.1410,1.000,0.0679,0.63
2742,replay,4000,0.0989,1.000,0.0678,0.63
2743,replay,4000,0.1572,1.000,0.0678,0.63
2744,replay,4000,0.1505,1.000,0.0678,0.63
2745,replay,4000,0.1028,1.000,0.0677,0.62
2746,replay,4000,0.0501,1.000,0.0675,0.63
2747,es_step,4000,0.0503,1.000,0.0676,1.22
2748,replay,4000,0.0578,1.000,0.0673,0.63
2749,replay,4000,0.0826,1.000,0.0673,0.63
2750,replay,4000,0.1281,1.000,0.0672,0.63
2751,replay,4000,0.1159,1.000,0.0673,0.63
2752,replay,4000,0.1386,1.000,0.0673,0.63
2753,replay,4000,0.0916,1.000,0.0673,0.63
2754,replay,4000,0.1127,1.000,0.0672,0.63
2755,replay,4000,0.0905,1.000,0.0671,0.63
2756,replay,4000,0.0924,1.000,0.0670,0.63
2757,replay,4000,0.1046,1.000,0.0669,0.63
2758,replay,4000,0.0764,1.000,0.0667,0.63
2759,es_step,4000,0.0837,1.000,0.0667,1.22
2760,es_step,4000,0.0840,1.000,0.0667,1.22
2761,replay,4000,0.1020,1.000,0.0666,0.63
2762,replay,4000,0.1018,1.000,0.0666,0.63
2763,replay,4000,0.1615,1.000,0.0669,0.63
2764,replay,4000,0.1688,1.000,0.0671,0.63
2765,replay,4000,0.1052,1.000,0.0670,0.63
2766,replay,4000,0.1827,1.000,0.0670,0.63
2767,replay,4000,0.1842,1.000,0.0672,0.63
2768,es_step,4000,0.1278,1.000,0.0672,1.23
2769,replay,4000,-0.0189,1.000,0.0673,0.63
2770,replay,4000,0.1604,1.000,0.0673,0.63
2771,replay,4000,0.1692,1.000,0.0674,0.63
2772,replay,4000,0.1710,1.000,0.0675,0.63
2773,replay,4000,0.1793,1.000,0.0676,0.63
2774,replay,4000,0.1029,1.000,0.0676,0.63
2775,replay,4000,0.1843,1.000,0.0677,0.63
2776,replay,4000,0.1892,1.000,0.0678,0.63
2777,replay,4000,0.1420,1.000,0.0674,0.63
2778,replay,4000,0.1283,1.000,0.0675,0.63
2779,es_step,4000,0.1043,1.000,0.0675,1.22
2780,es_step,4000,0.0985,1.000,0.0675,1.22
2781,replay,4000,0.1041,1.000,0.0675,0.63
2782,es_step,4000,0.0979,1.000,0.0675,1.22
2783,replay,4000,0.1265,1.000,0.0673,0.63
2784,replay,4000,0.1456,1.000,0.0673,0.63
2785,replay,4000,0.1092,1.000,0.0673,0.62
2786,replay,4000,0.0606,1.000,0.0671,0.63
2787,replay,4000,0.0585,1.000,0.0669,0.62
2788,replay,4000,0.0432,1.000,0.0666,0.63
2789,replay,4000,0.0475,1.000,0.0664,0.62
2790,replay,4000,0.0840,1.000,0.0664,0.63
2791,replay,4000,0.0906,1.000,0.0664,0.62
2792,replay,4000,0.0077,1.000,0.0663,0.63
2793,replay,4000,0.1067,1.000,0.0664,0.62
2794,replay,4000,0.2142,1.000,0.0665,0.63
2795,es_step,4000,0.1893,1.000,0.0674,1.23
2796,es_step,4000,0.1890,1.000,0.0680,1.23
2797,replay,4000,0.2000,1.000,0.0681,0.63
2798,replay,4000,0.2062,1.000,0.0684,0.63
2799,replay,4000,0.1850,1.000,0.0686,0.63
2800,replay,4000,0.1708,1.000,0.0687,0.63
2801,replay,4000,0.1989,1.000,0.0686,0.63
2802,replay,4000,0.0656,1.000,0.0684,0.63
2803,replay,4000,0.0840,1.000,0.0683,0.63
2804,replay,4000,0.0787,1.000,0.0681,0.63
2805,es_step,4000,0.0997,1.000,0.0681,1.22
2806,replay,4000,0.1267,1.000,0.0681,0.63
2807,replay,4000,0.1394,1.000,0.0682,0.63
2808,replay,4000,0.0828,1.000,0.0680,0.63
2809,replay,4000,0.0633,1.000,0.0678,0.63
2810,replay,4000,0.0642,1.000,0.0676,0.63
2811,replay,4000,0.0574,1.000,0.0674,0.63
2812,replay,4000,0.0648,1.000,0.0672,0.63
2813,replay,4000,0.0661,1.000,0.0669,0.63
2814,es_step,4000,0.0791,1.000,0.0669,1.24
2815,es_step,4000,0.0884,0.938,0.0669,1.24
2816,replay,4000,0.1257,1.000,0.0669,0.64
2817,replay,4000,0.1101,1.000,0.0669,0.63
2818,es_step,4000,0.1302,1.000,0.0669,1.22
2819,replay,4000,-0.0568,1.000,0.0671,0.63
2820,replay,4000,0.1826,1.000,0.0671,0.63
2821,replay,4000,0.1629,1.000,0.0672,0.63
2822,replay,4000,0.1858,1.000,0.0673,0.63
2823,replay,4000,0.1205,1.000,0.0673,0.63
2824,replay,4000,0.1122,1.000,0.0672,0.63
2825,es_step,4000,0.1036,1.000,0.0672,1.22
2826,replay,4000,0.1021,1.000,0.0673,0.63
2827,replay,4000,0.1118,1.000,0.0673,0.63
2828,replay,4000,0.0694,1.000,0.0670,0.63
2829,es_step,4000,0.0823,1.000,0.0671,1.22
2830,replay,4000,0.0756,1.000,0.0670,0.63
2831,es_step,4000,0.0712,1.000,0.0670,1.23
2832,replay,4000,0.0605,1.000,0.0668,0.63
2833,replay,4000,0.0662,1.000,0.0666,0.63
2834,replay,4000,0.0709,1.000,0.0664,0.63
2835,replay,4000,0.0711,1.000,0.0663,0.63
2836,replay,4000,0.1023,1.000,0.0662,0.63
2837,replay,4000,0.1050,1.000,0.0659,0.63
2838,replay,4000,0.1059,1.000,0.0658,0.63
2839,es_step,4000,0.0920,1.000,0.0658,1.22
2840,replay,4000,0.1162,1.000,0.0657,0.63
2841,replay,4000,0.0968,1.000,0.0657,0.63
2842,es_step,4000,0.0887,1.000,0.0657,1.23
2843,replay,4000,0.0781,1.000,0.0656,0.63
2844,replay,4000,0.0909,1.000,0.0657,0.63
2845,es_step,4000,0.0924,1.000,0.0657,1.22
2846,replay,4000,0.1060,1.000,0.0657,0.63
2847,replay,4000,0.1390,1.000,0.0657,0.63
2848,replay,4000,0.1892,1.000,0.0659,0.63
2849,replay,4000,0.1723,1.000,0.0662,0.63
2850,replay,4000,0.1652,1.000,0.0662,0.63
2851,replay,4000,0.1472,1.000,0.0661,0.63
2852,replay,4000,0.1036,1.000,0.0661,0.63
2853,es_step,4000,0.0852,1.000,0.0661,1.22
2854,replay,4000,0.0919,1.000,0.0659,0.63
2855,replay,4000,0.0973,1.000,0.0659,0.63
2856,es_step,4000,0.0751,1.000,0.0659,1.22
2857,replay,4000,0.0794,1.000,0.0658,0.63
2858,replay,4000,0.0767,1.000,0.0656,0.63
2859,replay,4000,0.0717,1.000,0.0655,0.63
2860,es_step,4000,0.0809,1.000,0.0656,1.22
2861,replay,4000,0.1272,1.000,0.0656,0.63
2862,es_step,4000,0.1212,1.000,0.0656,1.23
2863,es_step,4000,0.1281,1.000,0.0656,1.22
2864,replay,4000,0.1771,1.000,0.0656,0.63
2865,replay,4000,0.1910,1.000,0.0656,0.63
2866,replay,4000,0.1660,1.000,0.0658,0.63
2867,replay,4000,0.1450,1.000,0.0658,0.62
2868,replay,4000,0.1892,1.000,0.0660,0.63
2869,replay,4000,0.1517,1.000,0.0661,0.63
2870,es_step,4000,0.1414,1.000,0.0663,1.22
2871,replay,4000,0.1368,1.000,0.0663,0.63
2872,replay,4000,-0.0459,1.000,0.0663,0.63
2873,replay,4000,0.1607,1.000,0.0665,0.63
2874,replay,4000,0.1536,1.000,0.0666,0.63
2875,replay,4000,0.1968,1.000,0.0666,0.62
2876,replay,4000,0.1926,1.000,0.0668,0.62
2877,replay,4000,0.1821,1.000,0.0667,0.62
2878,replay,4000,0.1483,1.000,0.0666,0.63
2879,es_step,4000,0.1021,0.938,0.0666,1.22
2880,replay,4000,0.1165,1.000,0.0665,0.63
2881,replay,4000,0.0802,1.000,0.0665,0.63
2882,replay,4000,0.1221,1.000,0.0664,0.63
2883,replay,4000,0.1180,1.000,0.0664,0.62
2884,replay,4000,0.0848,1.000,0.0664,0.63
2885,replay,4000,-0.0157,1.000,0.0663,0.63
2886,replay,4000,0.0804,1.000,0.0663,0.62
2887,es_step,4000,0.1174,1.000,0.0663,1.22
2888,replay,4000,-0.2168,1.000,0.0661,2.43
2889,replay,4000,0.1047,1.000,0.0661,0.63
2890,replay,4000,0.1419,1.000,0.0662,0.63
2891,replay,4000,0.1703,1.000,0.0664,0.63
2892,replay,4000,0.1875,1.000,0.0664,0.62
2893,es_step,4000,0.1292,0.875,0.0666,1.22
2894,replay,4000,0.2293,1.000,0.0667,0.63
2895,replay,4000,0.1896,1.000,0.0667,0.62
2896,replay,4000,0.1449,1.000,0.0668,0.62
2897,replay,4000,0.1544,1.000,0.0668,0.62
2898,es_step,4000,0.1381,1.000,0.0670,1.21
2899,replay,4000,0.1715,1.000,0.0670,0.63
2900,replay,4000,0.1685,1.000,0.0671,0.63
2901,replay,4000,0.1361,1.000,0.0670,0.63
2902,replay,4000,0.1174,1.000,0.0669,0.63
2903,replay,4000,0.0934,1.000,0.0668,0.63
2904,es_step,4000,0.0605,1.000,0.0668,1.22
2905,replay,4000,0.1023,1.000,0.0667,0.63
2906,replay,4000,0.1236,1.000,0.0665,0.63
2907,es_step,4000,0.0733,1.000,0.0665,1.23
2908,replay,4000,0.0962,1.000,0.0664,0.63
2909,replay,4000,0.1406,1.000,0.0664,0.63
2910,es_step,4000,0.1063,1.000,0.0664,1.22
2911,replay,4000,0.1611,1.000,0.0664,0.63
2912,replay,4000,0.1372,1.000,0.0664,0.63
2913,replay,4000,0.1060,1.000,0.0663,0.63
2914,replay,4000,0.1337,1.000,0.0663,0.63
2915,replay,4000,0.1272,1.000,0.0662,0.63
2916,replay,4000,0.1657,1.000,0.0662,0.63
2917,replay,4000,0.1435,1.000,0.0663,0.63
2918,replay,4000,0.1332,1.000,0.0662,0.63
2919,es_step,4000,0.0803,1.000,0.0662,1.22
2920,es_step,4000,0.0972,1.000,0.0662,1.22
2921,replay,4000,0.1309,1.000,0.0662,0.62
2922,replay,4000,0.1146,1.000,0.0662,0.63
2923,replay,4000,0.1265,1.000,0.0662,0.63
2924,replay,4000,0.1354,1.000,0.0663,0.63
2925,replay,4000,0.1431,1.000,0.0663,0.63
2926,es_step,4000,0.0770,0.938,0.0663,1.22
2927,replay,4000,0.0659,1.000,0.0663,0.63
2928,replay,4000,0.1161,1.000,0.0663,0.63
2929,replay,4000,0.1476,1.000,0.0664,0.63
2930,replay,4000,0.1783,1.000,0.0665,0.63
2931,replay,4000,0.1628,1.000,0.0669,0.63
2932,replay,4000,0.1721,1.000,0.0669,0.63
2933,es_step,4000,0.0927,0.875,0.0669,1.22
2934,replay,4000,0.1246,1.000,0.0669,0.63
2935,es_step,4000,0.0649,0.875,0.0670,1.22
2936,es_step,4000,0.0739,0.875,0.0670,1.22
2937,replay,4000,0.1229,1.000,0.0670,0.63
2938,es_step,4000,0.0633,0.750,0.0670,1.23
2939,replay,4000,0.0752,1.000,0.0669,0.63
2940,replay,4000,0.1333,1.000,0.0668,0.63
2941,replay,4000,0.1497,1.000,0.0667,0.63
2942,es_step,4000,0.0352,0.938,0.0667,1.22
2943,replay,4000,0.1216,1.000,0.0667,0.62
2944,replay,4000,0.0717,1.000,0.0665,0.63
2945,replay,4000,0.0326,1.000,0.0663,0.63
2946,replay,4000,0.0703,1.000,0.0661,0.63
2947,replay,4000,0.0807,1.000,0.0660,0.63
2948,es_step,4000,0.0754,1.000,0.0660,1.22
2949,replay,4000,0.0999,1.000,0.0660,0.63
2950,es_step,4000,0.0765,0.938,0.0660,1.24
2951,replay,4000,0.1238,1.000,0.0660,0.63
2952,replay,4000,0.0523,1.000,0.0657,0.63
2953,replay,4000,0.1425,1.000,0.0658,0.63
2954,replay,4000,0.0808,1.000,0.0659,0.63
2955,replay,4000,0.1978,1.000,0.0659,0.63
2956,replay,4000,0.1274,1.000,0.0659,0.63
2957,replay,4000,0.1565,1.000,0.0659,0.63
2958,es_step,4000,0.0933,0.938,0.0660,1.22
2959,replay,4000,0.0918,1.000,0.0659,0.63
2960,replay,4000,0.0810,1.000,0.0658,0.63
2961,replay,4000,0.0672,1.000,0.0656,0.63
2962,replay,4000,0.0116,1.000,0.0653,0.63
2963,replay,4000,0.0172,1.000,0.0652,0.63
2964,replay,4000,0.0904,1.000,0.0651,0.63
2965,replay,4000,0.0872,1.000,0.0650,0.63
2966,replay,4000,0.0661,1.000,0.0648,0.63
2967,replay,4000,0.1162,1.000,0.0649,0.63
2968,replay,4000,0.1257,1.000,0.0650,0.63
2969,replay,4000,0.1470,1.000,0.0651,0.63
2970,replay,4000,0.1670,1.000,0.0654,0.63
2971,es_step,4000,0.1316,0.875,0.0654,1.22
2972,replay,4000,0.1801,1.000,0.0655,0.63
2973,replay,4000,0.1378,1.000,0.0657,0.63
2974,replay,4000,0.0354,1.000,0.0659,0.63
2975,es_step,4000,0.1680,1.000,0.0662,1.23
2976,replay,4000,0.2073,1.000,0.0664,0.63
2977,replay,4000,0.1961,1.000,0.0666,0.63
2978,replay,4000,0.1591,1.000,0.0666,0.63
2979,replay,4000,0.1269,1.000,0.0664,0.63
2980,es_step,4000,0.0740,1.000,0.0666,1.23
2981,replay,4000,0.1021,1.000,0.0665,0.64
2982,es_step,4000,0.0735,1.000,0.0665,1.23
2983,replay,4000,0.0961,1.000,0.0664,0.63
2984,replay,4000,0.1066,1.000,0.0662,0.63
2985,replay,4000,0.0902,1.000,0.0662,0.63
2986,replay,4000,0.0914,1.000,0.0661,0.63
2987,replay,4000,0.1111,1.000,0.0660,0.63
2988,es_step,4000,0.0982,1.000,0.0660,1.22
2989,replay,4000,0.0911,1.000,0.0658,0.63
2990,replay,4000,0.0880,1.000,0.0658,0.64
2991,replay,4000,0.0898,1.000,0.0658,0.64
2992,replay,4000,0.1359,1.000,0.0657,0.64
2993,replay,4000,0.1399,1.000,0.0656,0.63
2994,replay,4000,0.1388,1.000,0.0656,0.68
2995,es_step,4000,0.1239,1.000,0.0657,1.23
2996,replay,4000,0.1125,1.000,0.0657,0.63
2997,es_step,4000,0.1321,1.000,0.0659,1.23
2998,replay,4000,0.1726,1.000,0.0661,0.63
2999,replay,4000,0.0075,1.000,0.0662,0.64
3000,es_step,4000,0.1478,1.000,0.0662,1.23
3001,replay,4000,0.1865,1.000,0.0662,0.64
3002,es_step,4000,0.1542,1.000,0.0664,1.23
3003,replay,4000,0.1564,1.000,0.0668,0.63
3004,replay,4000,-0.1587,1.000,0.0666,0.63
3005,es_step,4000,0.1701,1.000,0.0672,1.22
3006,es_step,4000,0.1639,1.000,0.0677,1.22
3007,replay,4000,0.1684,1.000,0.0678,0.63
3008,replay,4000,0.2083,1.000,0.0680,0.63
3009,replay,4000,0.1587,1.000,0.0682,0.63
3010,replay,4000,0.1255,1.000,0.0682,0.63
3011,replay,4000,0.1411,1.000,0.0683,0.63
3012,es_step,4000,0.1266,1.000,0.0683,1.23
3013,replay,4000,0.1545,1.000,0.0682,0.63
3014,replay,4000,0.1971,1.000,0.0683,0.63
3015,replay,4000,0.1903,1.000,0.0685,0.64
3016,es_step,4000,0.1681,1.000,0.0688,1.23
3017,replay,4000,0.1528,1.000,0.0688,0.64
3018,replay,4000,0.1616,1.000,0.0689,0.64
3019,replay,4000,0.1776,1.000,0.0691,0.76
3020,replay,4000,0.2319,1.000,0.0693,0.64
3021,es_step,4000,0.1606,1.000,0.0695,1.23
3022,replay,4000,0.1731,1.000,0.0697,0.63
3023,replay,4000,0.1217,1.000,0.0699,0.63
3024,es_step,4000,0.0663,1.000,0.0699,1.23
3025,replay,4000,0.1213,1.000,0.0698,0.64
3026,es_step,4000,0.0851,1.000,0.0698,1.23
3027,es_step,4000,0.0802,1.000,0.0698,1.22
3028,es_step,4000,0.0728,1.000,0.0698,1.22
3029,es_step,4000,0.0869,1.000,0.0698,1.22
3030,replay,4000,0.1315,1.000,0.0698,0.63
3031,replay,4000,0.0896,1.000,0.0697,0.63
3032,es_step,4000,0.0747,1.000,0.0697,1.23
3033,replay,4000,0.0742,1.000,0.0696,0.63
3034,es_step,4000,0.0681,1.000,0.0696,1.23
3035,replay,4000,0.1038,1.000,0.0695,0.63
3036,es_step,4000,0.0999,1.000,0.0696,1.22
3037,replay,4000,0.0976,1.000,0.0697,0.63
3038,replay,4000,0.1409,1.000,0.0698,0.64
3039,replay,4000,0.1742,1.000,0.0698,0.63
3040,replay,4000,0.1393,1.000,0.0698,0.63
3041,replay,4000,0.1581,1.000,0.0698,0.63
3042,replay,4000,0.1377,1.000,0.0697,0.63
3043,replay,4000,0.1696,1.000,0.0697,0.63
3044,replay,4000,0.1653,1.000,0.0697,0.63
3045,replay,4000,0.1364,1.000,0.0697,0.63
3046,replay,4000,0.1367,1.000,0.0697,0.63
3047,replay,4000,0.1354,1.000,0.0697,0.64
3048,replay,4000,0.1425,1.000,0.0696,0.63
3049,replay,4000,0.1229,1.000,0.0696,0.63
3050,replay,4000,0.1520,1.000,0.0696,0.64
3051,es_step,4000,0.1146,1.000,0.0697,1.23
3052,replay,4000,0.1495,1.000,0.0697,0.63
3053,replay,4000,0.1487,1.000,0.0699,0.63
3054,replay,4000,0.1628,1.000,0.0700,0.63
3055,replay,4000,0.0708,1.000,0.0699,0.63
3056,replay,4000,0.0971,1.000,0.0699,0.63
3057,replay,4000,0.0997,1.000,0.0698,0.63
3058,replay,4000,0.0782,1.000,0.0696,0.63
3059,replay,4000,0.0517,1.000,0.0695,0.63
3060,replay,4000,0.0771,1.000,0.0694,0.63
3061,replay,4000,0.0729,1.000,0.0694,0.63
3062,es_step,4000,0.1242,1.000,0.0694,1.23
3063,replay,4000,0.1241,1.000,0.0696,0.63
3064,replay,4000,0.1639,1.000,0.0695,0.64
3065,replay,4000,0.1843,1.000,0.0695,0.63
3066,replay,4000,0.1810,1.000,0.0698,0.63
3067,es_step,4000,0.1324,1.000,0.0698,1.23
3068,replay,4000,0.1758,1.000,0.0699,0.63
3069,replay,4000,0.1278,1.000,0.0699,0.63
3070,es_step,4000,0.1620,1.000,0.0701,1.23
3071,replay,4000,0.1506,1.000,0.0703,0.63
3072,replay,4000,0.1528,1.000,0.0704,0.63
3073,replay,4000,0.1349,1.000,0.0703,0.63
3074,replay,4000,0.1370,1.000,0.0703,0.63
3075,replay,4000,0.1314,1.000,0.0703,0.63
3076,replay,4000,0.1481,1.000,0.0702,0.63
3077,replay,4000,0.1334,1.000,0.0702,0.64
3078,replay,4000,0.1561,1.000,0.0703,0.63
3079,es_step,4000,0.0986,1.000,0.0703,1.23
3080,replay,4000,0.1237,1.000,0.0702,0.63
3081,replay,4000,0.1078,1.000,0.0702,0.63
3082,replay,4000,0.1591,1.000,0.0702,0.63
3083,replay,4000,0.1473,1.000,0.0704,0.64
3084,replay,4000,0.1371,1.000,0.0704,0.63
3085,es_step,4000,0.1021,1.000,0.0704,1.23
3086,replay,4000,0.1225,1.000,0.0704,0.63
3087,es_step,4000,0.1163,1.000,0.0704,1.23
3088,replay,4000,0.1563,1.000,0.0705,0.63
3089,replay,4000,0.1860,1.000,0.0707,0.63
3090,replay,4000,0.1814,1.000,0.0709,0.63
3091,replay,4000,0.1767,1.000,0.0710,0.63
3092,replay,4000,0.1360,1.000,0.0710,0.63
3093,es_step,4000,0.1425,1.000,0.0710,1.23
3094,replay,4000,0.1607,1.000,0.0713,0.63
3095,replay,4000,0.1378,1.000,0.0717,0.63
3096,es_step,4000,0.1235,1.000,0.0717,1.23
3097,replay,4000,0.1441,1.000,0.0720,0.63
3098,replay,4000,0.1599,1.000,0.0723,0.63
3099,replay,4000,0.1656,1.000,0.0723,0.64
3100,replay,4000,0.1554,1.000,0.0724,0.63
3101,es_step,4000,0.1448,1.000,0.0726,1.24
3102,es_step,4000,0.1390,1.000,0.0727,1.23
3103,replay,4000,0.1862,1.000,0.0728,0.64
3104,replay,4000,0.1968,1.000,0.0729,0.63
3105,replay,4000,0.1813,1.000,0.0730,0.63
3106,replay,4000,0.1071,1.000,0.0730,0.63
3107,es_step,4000,0.1050,1.000,0.0730,1.23
3108,es_step,4000,0.1097,1.000,0.0730,1.23
3109,replay,4000,0.1421,1.000,0.0729,0.64
3110,es_step,4000,0.0861,1.000,0.0729,1.23
3111,replay,4000,0.1156,1.000,0.0729,0.64
3112,replay,4000,0.0966,1.000,0.0728,0.64
3113,replay,4000,0.1108,1.000,0.0727,0.64
3114,es_step,4000,0.0621,1.000,0.0727,1.23
3115,replay,4000,0.0780,1.000,0.0724,0.63
3116,replay,4000,0.1014,1.000,0.0725,0.63
3117,replay,4000,0.1068,1.000,0.0726,0.64
3118,es_step,4000,0.1152,1.000,0.0726,1.23
3119,replay,4000,0.1142,1.000,0.0726,0.63
3120,replay,4000,0.1375,1.000,0.0725,0.64
3121,replay,4000,0.1471,1.000,0.0726,0.63
3122,replay,4000,0.1428,1.000,0.0727,0.63
3123,replay,4000,0.1074,1.000,0.0727,0.64
3124,es_step,4000,0.1026,1.000,0.0727,1.23
3125,replay,4000,0.1327,1.000,0.0727,0.63
3126,replay,4000,0.1065,1.000,0.0727,0.63
3127,replay,4000,0.1017,1.000,0.0726,0.63
3128,replay,4000,-0.2033,1.000,0.0724,0.63
3129,es_step,4000,0.1288,0.938,0.0725,1.23
3130,replay,4000,0.1502,1.000,0.0726,0.63
3131,replay,4000,0.1707,1.000,0.0727,0.64
3132,replay,4000,0.1502,1.000,0.0728,0.64
3133,es_step,4000,0.1160,1.000,0.0728,1.23
3134,replay,4000,0.1377,1.000,0.0728,0.63
3135,replay,4000,0.1000,1.000,0.0726,0.64
3136,replay,4000,0.0968,1.000,0.0725,0.64
3137,replay,4000,0.0925,1.000,0.0724,0.64
3138,es_step,4000,0.0850,1.000,0.0724,1.23
3139,replay,4000,0.0728,1.000,0.0725,0.63
3140,replay,4000,0.0636,1.000,0.0725,0.64
3141,replay,4000,0.1256,1.000,0.0725,0.64
3142,replay,4000,0.2295,1.000,0.0729,0.64
3143,es_step,4000,0.1959,1.000,0.0737,1.23
3144,replay,4000,0.2500,1.000,0.0738,0.63
3145,replay,4000,0.1927,1.000,0.0738,0.64
3146,es_step,4000,0.1324,1.000,0.0738,1.24
3147,replay,4000,0.1409,1.000,0.0736,0.63
3148,es_step,4000,0.0834,1.000,0.0736,1.23
3149,replay,4000,0.1017,1.000,0.0736,0.63
3150,replay,4000,0.0168,1.000,0.0736,0.63
3151,replay,4000,0.1527,1.000,0.0736,0.64
3152,replay,4000,0.1330,1.000,0.0736,0.64
3153,replay,4000,0.1238,1.000,0.0735,0.64
3154,replay,4000,0.0735,1.000,0.0733,0.64
3155,replay,4000,0.0948,1.000,0.0732,0.64
3156,replay,4000,0.0481,1.000,0.0730,0.64
3157,replay,4000,0.0930,1.000,0.0728,0.63
3158,replay,4000,0.1627,1.000,0.0727,0.64
3159,replay,4000,0.1435,1.000,0.0728,0.64
3160,replay,4000,0.1604,1.000,0.0728,0.63
3161,replay,4000,0.1650,1.000,0.0729,0.64
3162,replay,4000,0.1654,1.000,0.0729,0.64
3163,es_step,4000,0.1186,1.000,0.0729,1.24
3164,replay,4000,0.0995,1.000,0.0729,0.63
3165,replay,4000,0.1505,1.000,0.0728,0.64
3166,replay,4000,0.0255,1.000,0.0727,0.64
3167,replay,4000,0.1830,1.000,0.0727,0.64
3168,replay,4000,0.2200,1.000,0.0730,0.64
3169,replay,4000,0.2007,1.000,0.0729,0.64
3170,replay,4000,0.1837,1.000,0.0730,0.64
3171,replay,4000,0.1615,1.000,0.0731,0.64
3172,replay,4000,0.1654,1.000,0.0732,0.64
3173,replay,4000,0.1623,1.000,0.0731,0.64
3174,replay,4000,0.1833,1.000,0.0732,0.63
3175,replay,4000,0.1817,1.000,0.0736,0.64
3176,replay,4000,0.1922,1.000,0.0736,0.64
3177,replay,4000,0.1722,1.000,0.0737,0.64
3178,replay,4000,0.1233,1.000,0.0737,2.51
3179,replay,4000,0.1228,1.000,0.0736,0.64
3180,replay,4000,0.1370,1.000,0.0736,0.64
3181,replay,4000,0.1293,1.000,0.0736,0.64
3182,es_step,4000,0.0831,1.000,0.0736,1.24
3183,replay,4000,0.0914,1.000,0.0735,0.64
3184,replay,4000,0.0647,1.000,0.0734,0.64
3185,replay,4000,0.0470,1.000,0.0732,0.63
3186,replay,4000,0.0722,1.000,0.0730,0.64
3187,replay,4000,0.1125,1.000,0.0730,0.64
3188,replay,4000,0.0951,1.000,0.0730,0.64
3189,es_step,4000,0.0776,1.000,0.0730,1.23
3190,replay,4000,0.0759,1.000,0.0729,0.63
3191,replay,4000,0.0848,1.000,0.0728,0.64
3192,es_step,4000,0.0954,1.000,0.0728,1.23
3193,replay,4000,0.0900,1.000,0.0728,0.63
3194,replay,4000,0.1409,1.000,0.0729,0.64
3195,replay,4000,0.1576,1.000,0.0731,0.64
3196,replay,4000,0.1687,1.000,0.0732,0.64
3197,replay,4000,0.1596,1.000,0.0732,0.64
3198,replay,4000,0.1362,1.000,0.0732,0.63
3199,es_step,4000,0.1052,1.000,0.0732,1.23
3200,replay,4000,0.1190,1.000,0.0733,0.63
3201,replay,4000,0.1215,1.000,0.0733,0.64
3202,es_step,4000,0.0935,1.000,0.0733,1.23
3203,replay,4000,0.0604,1.000,0.0732,0.63
3204,es_step,4000,0.1185,1.000,0.0732,1.23
3205,replay,4000,0.1808,1.000,0.0733,0.63
3206,replay,4000,0.1866,1.000,0.0733,0.63
3207,replay,4000,0.1718,1.000,0.0735,0.63
3208,replay,4000,0.1338,1.000,0.0735,0.63
3209,replay,4000,0.1170,1.000,0.0734,0.63
3210,es_step,4000,0.0655,1.000,0.0734,1.23
3211,replay,4000,0.0860,1.000,0.0733,0.63
3212,replay,4000,0.0870,1.000,0.0732,0.63
3213,replay,4000,0.0834,1.000,0.0731,0.63
3214,replay,4000,0.0736,1.000,0.0730,0.64
3215,replay,4000,0.1075,1.000,0.0731,0.63
3216,replay,4000,0.1070,1.000,0.0728,0.63
3217,replay,4000,0.0899,1.000,0.0728,0.63
3218,replay,4000,0.1408,1.000,0.0729,0.63
3219,es_step,4000,0.1115,1.000,0.0729,1.22
3220,replay,4000,0.0615,1.000,0.0727,0.64
3221,replay,4000,0.1442,1.000,0.0729,0.64
3222,replay,4000,0.1631,1.000,0.0730,0.64
3223,replay,4000,0.1517,1.000,0.0730,0.63
3224,replay,4000,0.1663,1.000,0.0730,0.64
3225,replay,4000,0.1827,1.000,0.0732,0.64
3226,replay,4000,0.1558,1.000,0.0732,0.64
3227,replay,4000,0.1600,1.000,0.0732,0.63
3228,replay,4000,0.1137,1.000,0.0733,0.63
3229,replay,4000,0.1583,1.000,0.0734,0.63
3230,es_step,4000,0.1246,1.000,0.0734,1.24
3231,replay,4000,0.1924,1.000,0.0735,0.64
3232,replay,4000,0.1784,1.000,0.0736,0.64
3233,replay,4000,0.1437,1.000,0.0735,0.64
3234,replay,4000,0.0859,1.000,0.0733,0.64
3235,replay,4000,0.1027,1.000,0.0732,0.64
3236,es_step,4000,0.0408,1.000,0.0732,1.23
3237,replay,4000,0.0895,1.000,0.0732,0.63
3238,es_step,4000,0.0623,1.000,0.0732,1.23
3239,replay,4000,0.0777,1.000,0.0732,0.63
3240,es_step,4000,0.0893,1.000,0.0732,1.23
3241,replay,4000,0.0876,1.000,0.0731,0.63
3242,replay,4000,0.0504,1.000,0.0731,0.63
3243,replay,4000,0.1029,1.000,0.0731,0.63
3244,es_step,4000,0.1397,1.000,0.0731,1.23
3245,replay,4000,0.1460,1.000,0.0732,0.63
3246,replay,4000,0.1651,1.000,0.0731,0.64
3247,replay,4000,0.1683,1.000,0.0732,0.64
3248,replay,4000,0.1630,1.000,0.0733,0.63
3249,replay,4000,0.1400,1.000,0.0733,0.63
3250,replay,4000,0.1390,1.000,0.0735,0.63
3251,replay,4000,0.1658,1.000,0.0735,0.63
3252,es_step,4000,0.1009,1.000,0.0735,1.22
3253,replay,4000,0.1492,1.000,0.0735,0.64
3254,replay,4000,0.1567,1.000,0.0735,0.63
3255,replay,4000,0.1202,1.000,0.0737,0.64
3256,replay,4000,-0.0035,1.000,0.0735,0.64
3257,replay,4000,0.2056,1.000,0.0736,0.64
3258,replay,4000,0.1833,1.000,0.0739,0.64
3259,replay,4000,0.1784,1.000,0.0740,0.64
3260,replay,4000,0.1823,1.000,0.0741,0.64
3261,es_step,4000,0.1082,1.000,0.0741,1.23
3262,replay,4000,0.1106,1.000,0.0741,0.63
3263,replay,4000,0.1304,1.000,0.0740,0.64
3264,replay,4000,0.1408,1.000,0.0741,0.64
3265,es_step,4000,0.1529,1.000,0.0743,1.23
3266,replay,4000,0.1725,1.000,0.0745,0.63
3267,es_step,4000,0.1544,1.000,0.0746,1.23
3268,replay,4000,0.2012,1.000,0.0747,0.63
3269,replay,4000,0.1764,1.000,0.0748,0.64
3270,es_step,4000,0.0995,1.000,0.0748,1.23
3271,replay,4000,0.1132,1.000,0.0748,0.63
3272,replay,4000,0.1271,1.000,0.0748,0.64
3273,replay,4000,0.1190,1.000,0.0747,0.63
3274,replay,4000,0.1241,1.000,0.0748,0.63
3275,es_step,4000,0.0865,1.000,0.0748,1.23
3276,replay,4000,0.1005,1.000,0.0747,0.63
3277,replay,4000,0.1023,1.000,0.0746,0.63
3278,replay,4000,0.1039,1.000,0.0745,0.64
3279,replay,4000,0.0406,1.000,0.0743,0.63
3280,replay,4000,0.1116,1.000,0.0742,0.63
3281,replay,4000,0.0885,1.000,0.0742,0.63
3282,replay,4000,0.1359,1.000,0.0741,0.64
3283,replay,4000,0.0761,1.000,0.0741,0.63
3284,replay,4000,0.0803,1.000,0.0738,0.63
3285,replay,4000,0.0904,1.000,0.0737,0.64
3286,replay,4000,0.0830,1.000,0.0737,0.64
3287,replay,4000,0.0917,1.000,0.0736,0.63
3288,replay,4000,0.1045,1.000,0.0736,0.63
3289,es_step,4000,0.0862,1.000,0.0736,1.23
3290,replay,4000,0.0769,1.000,0.0734,0.63
3291,replay,4000,0.0779,1.000,0.0734,0.63
3292,replay,4000,0.0831,1.000,0.0733,0.64
3293,replay,4000,0.0832,1.000,0.0731,0.64
3294,replay,4000,0.0591,1.000,0.0729,0.64
3295,replay,4000,0.0928,1.000,0.0728,0.63
3296,replay,4000,0.1184,1.000,0.0727,0.64
3297,replay,4000,0.1582,1.000,0.0727,0.63
3298,replay,4000,0.1389,1.000,0.0728,0.63
3299,replay,4000,0.1632,1.000,0.0728,0.63
3300,replay,4000,0.1163,1.000,0.0728,0.64
3301,replay,4000,0.1414,1.000,0.0729,0.64
3302,replay,4000,0.1115,1.000,0.0729,0.64
3303,replay,4000,0.1306,1.000,0.0728,0.63
3304,replay,4000,0.1380,1.000,0.0729,0.63
3305,replay,4000,0.0825,1.000,0.0729,0.64
3306,replay,4000,0.1400,1.000,0.0730,0.64
3307,replay,4000,0.1525,1.000,0.0729,0.64
3308,replay,4000,0.1749,1.000,0.0731,0.64
3309,replay,4000,0.1609,1.000,0.0732,0.64
3310,replay,4000,0.1396,1.000,0.0733,0.64
3311,replay,4000,0.1129,1.000,0.0733,0.64
3312,replay,4000,0.0494,1.000,0.0732,0.63
3313,replay,4000,0.0994,1.000,0.0731,0.64
3314,replay,4000,0.1240,1.000,0.0731,0.63
3315,replay,4000,0.1220,1.000,0.0730,0.64
3316,es_step,4000,0.1106,1.000,0.0730,1.24
3317,replay,4000,0.1497,1.000,0.0729,0.64
3318,replay,4000,0.0983,1.000,0.0729,0.64
3319,es_step,4000,0.1058,1.000,0.0730,1.23
3320,replay,4000,0.1568,1.000,0.0729,0.63
3321,replay,4000,0.1252,1.000,0.0728,0.63
3322,es_step,4000,0.0954,1.000,0.0729,1.23
3323,replay,4000,0.1111,1.000,0.0728,0.63
3324,es_step,4000,0.0880,1.000,0.0728,1.23
3325,replay,4000,0.1246,1.000,0.0727,0.63
3326,replay,4000,0.1060,1.000,0.0726,0.63
3327,replay,4000,0.0976,1.000,0.0725,0.63
3328,replay,4000,0.0802,1.000,0.0724,0.63
3329,replay,4000,0.1116,1.000,0.0723,0.64
3330,es_step,4000,0.0796,1.000,0.0723,1.22
3331,replay,4000,0.0189,1.000,0.0722,0.64
3332,replay,4000,0.1499,1.000,0.0723,0.64
3333,replay,4000,0.1496,1.000,0.0723,0.64
3334,replay,4000,0.1417,1.000,0.0723,0.64
3335,replay,4000,0.1356,1.000,0.0724,0.63
3336,replay,4000,0.1074,1.000,0.0723,0.63
3337,replay,4000,0.0990,1.000,0.0721,0.63
3338,replay,4000,0.0949,1.000,0.0720,0.63
3339,es_step,4000,0.0592,1.000,0.0720,1.23
3340,replay,4000,0.0718,1.000,0.0718,0.63
3341,replay,4000,0.1014,1.000,0.0718,0.63
3342,replay,4000,0.0815,1.000,0.0716,0.63
3343,replay,4000,0.1054,1.000,0.0716,0.63
3344,replay,4000,0.1189,1.000,0.0716,0.63
3345,replay,4000,0.1219,1.000,0.0716,0.63
3346,replay,4000,0.1381,1.000,0.0716,0.63
3347,replay,4000,0.1204,1.000,0.0716,0.63
3348,replay,4000,0.1375,1.000,0.0715,0.63
3349,replay,4000,0.1549,1.000,0.0716,0.63
3350,replay,4000,0.1499,1.000,0.0717,0.63
3351,es_step,4000,0.1161,1.000,0.0717,1.22
3352,replay,4000,0.1300,1.000,0.0717,0.62
3353,replay,4000,0.1477,1.000,0.0717,0.63
3354,replay,4000,0.1709,1.000,0.0719,0.63
3355,replay,4000,0.1100,1.000,0.0719,0.63
3356,replay,4000,0.1098,1.000,0.0720,0.64
3357,replay,4000,0.0408,1.000,0.0720,0.63
3358,replay,4000,0.1470,1.000,0.0720,0.64
3359,replay,4000,0.1574,1.000,0.0721,0.64
3360,replay,4000,0.2034,1.000,0.0721,0.64
3361,es_step,4000,0.1446,1.000,0.0723,1.23
3362,replay,4000,0.1595,1.000,0.0724,0.64
3363,es_step,4000,0.1347,1.000,0.0725,1.23
3364,es_step,4000,0.1422,1.000,0.0725,1.22
3365,es_step,4000,0.1260,1.000,0.0726,1.22
3366,replay,4000,0.1742,1.000,0.0728,0.63
3367,replay,4000,-0.0086,1.000,0.0727,0.63
3368,replay,4000,0.1096,1.000,0.0728,0.63
3369,replay,4000,0.1536,1.000,0.0728,0.63
3370,replay,4000,0.1129,1.000,0.0727,0.63
3371,replay,4000,0.0966,1.000,0.0726,0.63
3372,replay,4000,0.1022,1.000,0.0725,0.63
3373,replay,4000,0.1155,1.000,0.0725,0.63
3374,replay,4000,0.0708,1.000,0.0724,0.63
3375,replay,4000,0.0551,1.000,0.0722,0.64
3376,replay,4000,0.0950,1.000,0.0721,0.64
3377,es_step,4000,0.0643,1.000,0.0721,1.23
3378,replay,4000,0.0804,1.000,0.0720,0.63
3379,replay,4000,0.0520,1.000,0.0718,0.63
3380,es_step,4000,0.0527,1.000,0.0718,1.23
3381,replay,4000,0.0853,1.000,0.0717,0.63
3382,replay,4000,0.0479,1.000,0.0715,0.63
3383,replay,4000,0.0552,1.000,0.0714,0.63
3384,replay,4000,0.0670,1.000,0.0713,0.63
3385,es_step,4000,0.0718,1.000,0.0713,1.22
3386,replay,4000,0.0982,1.000,0.0712,0.63
3387,replay,4000,0.1039,1.000,0.0711,0.63
3388,replay,4000,0.0780,1.000,0.0710,0.63
3389,es_step,4000,0.0717,1.000,0.0710,1.22
3390,replay,4000,0.0884,1.000,0.0708,0.63
3391,replay,4000,0.0802,1.000,0.0708,0.63
3392,replay,4000,0.0739,1.000,0.0708,0.63
3393,replay,4000,0.1058,1.000,0.0707,0.63
3394,replay,4000,0.1194,1.000,0.0707,0.63
3395,replay,4000,0.0951,1.000,0.0706,0.63
3396,replay,4000,0.1217,1.000,0.0707,0.63
3397,replay,4000,0.1468,1.000,0.0709,0.63
3398,replay,4000,0.1389,1.000,0.0710,0.63
3399,replay,4000,0.1522,1.000,0.0712,0.63
3400,replay,4000,0.1990,1.000,0.0712,0.63
3401,replay,4000,0.1628,1.000,0.0713,0.64
3402,replay,4000,0.1529,1.000,0.0714,0.63
3403,replay,4000,0.1469,1.000,0.0715,0.63
3404,es_step,4000,0.0851,1.000,0.0715,1.23
3405,es_step,4000,0.0958,1.000,0.0715,1.23
3406,es_step,4000,0.0841,1.000,0.0715,1.22
3407,replay,4000,0.1416,1.000,0.0716,0.63
3408,replay,4000,0.1147,1.000,0.0715,0.63
3409,es_step,4000,0.0967,1.000,0.0715,1.22
3410,replay,4000,0.1098,1.000,0.0715,0.63
3411,replay,4000,0.1156,1.000,0.0715,0.64
3412,es_step,4000,0.0810,1.000,0.0715,1.22
3413,replay,4000,0.1207,1.000,0.0715,0.63
3414,replay,4000,0.1058,1.000,0.0714,0.63
3415,replay,4000,0.1112,1.000,0.0713,0.63
3416,es_step,4000,0.0950,1.000,0.0713,1.23
3417,replay,4000,0.1348,1.000,0.0714,0.64
3418,es_step,4000,0.1005,1.000,0.0714,1.26
3419,replay,4000,0.1368,1.000,0.0713,0.63
3420,replay,4000,0.1119,1.000,0.0712,0.63
3421,replay,4000,0.1120,1.000,0.0712,0.63
3422,replay,4000,0.1072,1.000,0.0713,0.64
3423,replay,4000,0.1126,1.000,0.0713,0.63
3424,replay,4000,0.1050,1.000,0.0713,0.63
3425,replay,4000,0.1341,1.000,0.0715,0.63
3426,es_step,4000,0.0961,1.000,0.0715,1.23
3427,replay,4000,0.0799,1.000,0.0711,0.63
3428,replay,4000,0.1403,1.000,0.0711,0.63
3429,replay,4000,0.1573,1.000,0.0711,0.63
3430,replay,4000,0.1424,1.000,0.0713,0.63
3431,replay,4000,0.1532,1.000,0.0713,0.63
3432,replay,4000,0.1381,1.000,0.0713,0.63
3433,replay,4000,0.1266,1.000,0.0714,0.63
3434,replay,4000,0.1112,1.000,0.0713,0.63
3435,replay,4000,0.0978,1.000,0.0713,0.64
3436,replay,4000,0.1347,1.000,0.0714,0.63
3437,replay,4000,0.1170,1.000,0.0714,0.63
3438,replay,4000,0.0722,1.000,0.0711,0.63
3439,replay,4000,0.0982,1.000,0.0710,0.63
3440,replay,4000,0.0520,1.000,0.0710,0.64
3441,replay,4000,0.0784,1.000,0.0707,0.64
3442,replay,4000,0.0888,1.000,0.0705,0.63
3443,es_step,4000,0.0742,1.000,0.0705,1.23
3444,replay,4000,0.0812,1.000,0.0704,0.63
3445,replay,4000,0.1122,1.000,0.0704,0.63
3446,es_step,4000,0.0733,1.000,0.0704,1.23
3447,es_step,4000,0.0854,1.000,0.0704,1.22
3448,replay,4000,0.0786,1.000,0.0703,0.63
3449,replay,4000,0.0747,1.000,0.0703,0.63
3450,replay,4000,0.1239,1.000,0.0702,0.64
3451,replay,4000,0.1397,1.000,0.0702,0.63
3452,es_step,4000,0.1184,1.000,0.0702,1.22
3453,es_step,4000,0.1211,1.000,0.0702,1.22
3454,replay,4000,0.1306,1.000,0.0702,0.63
3455,replay,4000,0.1464,1.000,0.0702,0.63
3456,replay,4000,0.0931,1.000,0.0701,0.64
3457,replay,4000,0.1050,1.000,0.0701,0.64
3458,replay,4000,0.0842,1.000,0.0702,0.64
3459,replay,4000,0.0753,1.000,0.0700,0.63
3460,es_step,4000,0.1075,1.000,0.0701,1.23
3461,replay,4000,0.0727,1.000,0.0701,0.63
3462,replay,4000,0.1787,1.000,0.0701,0.63
3463,replay,4000,0.1479,1.000,0.0703,0.63
3464,replay,4000,0.2055,1.000,0.0705,0.64
3465,replay,4000,0.2058,1.000,0.0706,0.64
3466,replay,4000,0.0589,1.000,0.0707,0.64
3467,replay,4000,0.1738,1.000,0.0709,0.63
3468,replay,4000,0.2113,1.000,0.0713,0.63
3469,replay,4000,0.1922,1.000,0.0715,0.63
3470,replay,4000,0.0965,1.000,0.0714,0.63
3471,es_step,4000,0.1476,1.000,0.0721,1.23
3472,replay,4000,0.1730,1.000,0.0724,0.63
3473,replay,4000,0.1675,1.000,0.0725,0.63
3474,replay,4000,0.2078,1.000,0.0727,0.63
3475,replay,4000,0.2030,1.000,0.0727,0.63
3476,replay,4000,0.1395,1.000,0.0728,0.63
3477,replay,4000,0.1181,1.000,0.0727,0.64
3478,replay,4000,0.0400,1.000,0.0725,0.63
3479,replay,4000,0.0588,1.000,0.0725,0.63
3480,replay,4000,0.0565,1.000,0.0722,0.63
3481,replay,4000,0.0813,1.000,0.0721,0.63
3482,replay,4000,0.0573,1.000,0.0719,0.63
3483,replay,4000,0.0923,1.000,0.0718,0.63
3484,es_step,4000,0.0812,1.000,0.0718,1.23
3485,replay,4000,0.0912,1.000,0.0716,2.55
3486,replay,4000,0.0797,1.000,0.0715,0.64
3487,replay,4000,0.0827,1.000,0.0714,0.63
3488,es_step,4000,0.0676,1.000,0.0714,1.23
3489,es_step,4000,0.0865,1.000,0.0714,1.23
3490,es_step,4000,0.0799,1.000,0.0714,1.22
3491,replay,4000,0.1036,1.000,0.0713,0.63
3492,es_step,4000,0.0750,1.000,0.0713,1.23
3493,replay,4000,0.0648,1.000,0.0711,0.63
3494,replay,4000,0.0846,1.000,0.0710,0.63
3495,replay,4000,0.0894,1.000,0.0709,0.63
3496,es_step,4000,0.0736,1.000,0.0709,1.23
3497,replay,4000,0.0912,1.000,0.0709,0.63
3498,es_step,4000,0.0768,1.000,0.0709,1.22
3499,replay,4000,0.1012,1.000,0.0709,0.63
3500,es_step,4000,0.0681,1.000,0.0709,1.22
3501,replay,4000,0.0926,1.000,0.0708,0.63
3502,replay,4000,0.0656,1.000,0.0707,0.63
3503,replay,4000,0.0461,1.000,0.0707,0.63
3504,replay,4000,0.1289,1.000,0.0707,0.63
3505,replay,4000,0.1653,1.000,0.0707,0.63
3506,replay,4000,0.1689,1.000,0.0707,0.64
3507,replay,4000,0.1261,1.000,0.0708,0.64
3508,replay,4000,0.1175,1.000,0.0708,0.63
3509,replay,4000,0.0681,1.000,0.0706,0.63
3510,es_step,4000,0.0660,1.000,0.0706,1.22
3511,replay,4000,0.0772,1.000,0.0705,0.63
3512,replay,4000,0.1221,1.000,0.0703,0.63
3513,replay,4000,0.1592,1.000,0.0702,0.63
3514,replay,4000,0.1383,1.000,0.0702,0.63
3515,replay,4000,0.1484,1.000,0.0701,0.63
3516,replay,4000,0.1184,1.000,0.0703,0.63
3517,replay,4000,0.1285,1.000,0.0703,0.63
3518,replay,4000,0.1445,1.000,0.0703,0.63
3519,replay,4000,0.1493,1.000,0.0703,0.63
3520,es_step,4000,0.1121,1.000,0.0703,1.22
3521,replay,4000,0.1634,1.000,0.0702,0.63
3522,replay,4000,0.0978,1.000,0.0702,0.63
3523,replay,4000,0.1103,1.000,0.0702,0.63
3524,es_step,4000,0.0767,1.000,0.0702,1.22
3525,es_step,4000,0.0789,1.000,0.0702,1.22
3526,replay,4000,0.0720,1.000,0.0700,0.63
3527,replay,4000,0.0717,1.000,0.0699,0.63
3528,replay,4000,0.0663,1.000,0.0698,0.63
3529,replay,4000,0.0506,1.000,0.0696,0.63
3530,es_step,4000,0.0674,1.000,0.0697,1.22
3531,es_step,4000,0.0764,1.000,0.0697,1.22
3532,replay,4000,0.0159,1.000,0.0694,0.63
3533,replay,4000,0.1074,1.000,0.0693,0.63
3534,replay,4000,0.1300,1.000,0.0694,0.63
3535,es_step,4000,0.1575,1.000,0.0697,1.22
3536,replay,4000,0.1832,1.000,0.0697,0.63
3537,replay,4000,0.1634,1.000,0.0697,0.64
3538,es_step,4000,0.1161,1.000,0.0697,1.23
3539,replay,4000,0.1188,1.000,0.0697,0.64
3540,replay,4000,0.1085,1.000,0.0696,0.64
3541,replay,4000,0.0877,1.000,0.0695,0.63
3542,replay,4000,0.0829,1.000,0.0694,0.63
3543,replay,4000,0.0929,1.000,0.0693,0.63
3544,replay,4000,0.0746,1.000,0.0692,0.63
3545,replay,4000,0.0718,1.000,0.0690,0.63
3546,es_step,4000,0.0474,1.000,0.0690,1.23
3547,replay,4000,-0.0634,1.000,0.0688,0.63
3548,es_step,4000,0.0716,1.000,0.0688,1.23
3549,replay,4000,0.1034,1.000,0.0687,0.63
3550,replay,4000,0.0975,1.000,0.0688,0.63
3551,replay,4000,0.1449,1.000,0.0688,0.64
3552,replay,4000,0.1600,1.000,0.0689,0.64
3553,replay,4000,0.1116,1.000,0.0689,0.63
3554,replay,4000,0.0817,1.000,0.0689,0.63
3555,replay,4000,0.1308,1.000,0.0689,0.63
3556,replay,4000,0.1385,1.000,0.0689,0.63
3557,replay,4000,0.1380,1.000,0.0690,0.63
3558,replay,4000,0.1329,1.000,0.0689,0.63
3559,replay,4000,0.1386,1.000,0.0691,0.64
3560,replay,4000,0.1343,1.000,0.0691,0.64
3561,replay,4000,0.1209,1.000,0.0690,0.64
3562,replay,4000,0.1357,1.000,0.0691,0.64
3563,replay,4000,0.0764,1.000,0.0692,0.63
3564,replay,4000,0.0985,1.000,0.0692,0.63
3565,replay,4000,0.1546,1.000,0.0692,0.63
3566,replay,4000,0.2000,1.000,0.0694,0.63
3567,es_step,4000,0.1620,1.000,0.0698,1.22
3568,replay,4000,0.1813,1.000,0.0700,0.63
3569,replay,4000,0.1542,1.000,0.0700,0.63
3570,es_step,4000,0.1130,1.000,0.0701,1.22
3571,replay,4000,0.1330,1.000,0.0702,0.63
3572,replay,4000,0.1051,1.000,0.0701,0.63
3573,es_step,4000,0.0973,1.000,0.0701,1.22
3574,replay,4000,0.1089,1.000,0.0701,0.63
3575,es_step,4000,0.0855,1.000,0.0701,1.21
3576,replay,4000,0.1026,1.000,0.0701,0.63
3577,es_step,4000,0.0996,1.000,0.0701,1.21
3578,replay,4000,0.0865,1.000,0.0700,0.63
3579,replay,4000,0.1116,1.000,0.0700,0.63
3580,replay,4000,0.0674,1.000,0.0698,0.63
3581,es_step,4000,0.0833,1.000,0.0698,1.22
3582,es_step,4000,0.0834,1.000,0.0698,1.22
3583,es_step,4000,0.0853,1.000,0.0698,1.22
3584,replay,4000,0.0967,1.000,0.0697,0.63
3585,replay,4000,0.1187,1.000,0.0697,0.63
3586,replay,4000,0.0662,1.000,0.0695,0.63
3587,replay,4000,0.0695,1.000,0.0694,0.63
3588,replay,4000,0.0929,1.000,0.0693,0.63
3589,replay,4000,0.0823,1.000,0.0694,0.63
3590,replay,4000,0.0988,1.000,0.0694,0.63
3591,replay,4000,0.1275,1.000,0.0694,0.63
3592,replay,4000,0.1191,1.000,0.0693,0.63
3593,replay,4000,0.1046,1.000,0.0692,0.63
3594,replay,4000,0.1150,1.000,0.0692,0.64
3595,replay,4000,0.1381,1.000,0.0692,0.63
3596,replay,4000,0.1708,1.000,0.0693,0.63
3597,es_step,4000,0.1355,1.000,0.0693,1.22
3598,replay,4000,0.1573,1.000,0.0694,0.63
3599,es_step,4000,0.1536,1.000,0.0696,1.23
3600,replay,4000,0.1647,1.000,0.0697,0.63
3601,es_step,4000,0.1701,1.000,0.0703,1.22
3602,replay,4000,0.1836,1.000,0.0704,0.62
3603,replay,4000,0.1540,1.000,0.0705,0.63
3604,replay,4000,0.1516,1.000,0.0706,0.63
3605,es_step,4000,0.0866,1.000,0.0706,1.22
3606,es_step,4000,0.0955,1.000,0.0706,1.22
3607,replay,4000,0.1102,1.000,0.0704,0.63
3608,replay,4000,0.0899,1.000,0.0704,0.63
3609,replay,4000,0.0622,1.000,0.0703,0.63
3610,es_step,4000,0.0528,1.000,0.0703,1.22
3611,replay,4000,0.0720,1.000,0.0702,0.63
3612,replay,4000,0.0875,1.000,0.0700,0.63
3613,es_step,4000,0.0964,1.000,0.0700,1.22
3614,replay,4000,0.1032,1.000,0.0700,0.76
3615,replay,4000,0.1198,1.000,0.0700,0.63
3616,replay,4000,0.1365,1.000,0.0700,0.63
3617,replay,4000,0.1323,1.000,0.0700,0.63
3618,es_step,4000,0.1288,1.000,0.0700,1.22
3619,replay,4000,0.1472,1.000,0.0701,0.62
3620,replay,4000,0.1478,1.000,0.0701,0.63
3621,replay,4000,0.1380,1.000,0.0701,0.63
3622,replay,4000,0.1239,1.000,0.0701,0.63
3623,replay,4000,0.1175,1.000,0.0701,0.63
3624,replay,4000,0.1062,1.000,0.0700,0.63
3625,es_step,4000,0.0631,1.000,0.0700,1.22
3626,replay,4000,0.0789,1.000,0.0698,0.63
3627,replay,4000,0.0524,1.000,0.0696,0.63
3628,replay,4000,0.0722,1.000,0.0694,0.64
3629,replay,4000,0.0648,1.000,0.0692,0.63
3630,replay,4000,0.0541,1.000,0.0690,0.63
3631,replay,4000,0.0758,1.000,0.0689,0.63
3632,replay,4000,0.0812,1.000,0.0689,0.63
3633,replay,4000,0.0834,1.000,0.0688,0.63
3634,replay,4000,0.0976,1.000,0.0687,0.63
3635,es_step,4000,0.0984,1.000,0.0687,1.22
3636,replay,4000,0.0897,1.000,0.0688,0.63
3637,replay,4000,0.1258,1.000,0.0687,0.64
3638,replay,4000,0.1174,1.000,0.0687,0.63
3639,replay,4000,0.0637,1.000,0.0685,0.64
3640,replay,4000,0.0852,1.000,0.0684,0.63
3641,replay,4000,0.0523,1.000,0.0683,0.63
3642,replay,4000,0.0782,1.000,0.0682,0.63
3643,es_step,4000,0.0813,1.000,0.0682,1.23
3644,replay,4000,0.0802,1.000,0.0681,0.63
3645,replay,4000,0.0834,1.000,0.0680,0.63
3646,replay,4000,0.0693,1.000,0.0679,0.63
3647,replay,4000,0.0686,1.000,0.0677,0.64
3648,replay,4000,0.0791,1.000,0.0676,0.64
3649,es_step,4000,0.0659,1.000,0.0676,1.23
3650,es_step,4000,0.0750,1.000,0.0676,1.23
3651,replay,4000,0.0529,1.000,0.0675,0.63
3652,es_step,4000,0.0915,1.000,0.0675,1.22
3653,replay,4000,0.0917,1.000,0.0674,0.63
3654,replay,4000,0.1518,1.000,0.0674,0.63
3655,replay,4000,0.1150,1.000,0.0674,0.63
3656,replay,4000,0.1389,1.000,0.0674,0.64
3657,replay,4000,0.1685,1.000,0.0676,0.63
3658,es_step,4000,0.1401,1.000,0.0676,1.23
3659,replay,4000,0.1702,1.000,0.0678,0.64
3660,es_step,4000,0.1154,1.000,0.0678,1.22
3661,replay,4000,0.1436,1.000,0.0678,0.63
3662,replay,4000,0.1236,1.000,0.0677,0.63
3663,replay,4000,0.1075,1.000,0.0676,0.64
3664,replay,4000,0.0692,1.000,0.0675,0.64
3665,es_step,4000,0.0822,1.000,0.0675,1.23
3666,replay,4000,0.0934,1.000,0.0676,0.64
3667,es_step,4000,0.0830,1.000,0.0676,1.23
3668,es_step,4000,0.0820,1.000,0.0676,1.23
3669,replay,4000,0.1136,1.000,0.0675,0.63
3670,replay,4000,0.1062,1.000,0.0675,0.64
3671,es_step,4000,0.1004,1.000,0.0675,1.23
3672,es_step,4000,0.0995,1.000,0.0675,1.22
3673,replay,4000,0.1232,1.000,0.0675,0.64
3674,replay,4000,0.1585,1.000,0.0674,0.63
3675,es_step,4000,0.1457,1.000,0.0676,1.22
3676,replay,4000,0.1168,1.000,0.0676,0.63
3677,es_step,4000,0.1557,1.000,0.0679,1.22
3678,replay,4000,0.1419,1.000,0.0680,0.63
3679,replay,4000,0.1859,1.000,0.0683,0.63
3680,replay,4000,0.1564,1.000,0.0683,0.63
3681,replay,4000,0.1937,1.000,0.0683,0.63
3682,replay,4000,0.2266,1.000,0.0686,0.63
3683,replay,4000,0.1889,1.000,0.0687,0.63
3684,replay,4000,0.1977,1.000,0.0689,0.63
3685,replay,4000,0.1621,1.000,0.0689,0.63
3686,replay,4000,0.1509,1.000,0.0689,0.63
3687,es_step,4000,0.1291,1.000,0.0689,1.22
3688,replay,4000,0.1213,1.000,0.0690,0.63
3689,replay,4000,0.0929,1.000,0.0690,0.63
3690,replay,4000,0.0878,1.000,0.0688,0.63
3691,es_step,4000,0.0628,1.000,0.0688,1.23
3692,replay,4000,-0.1090,1.000,0.0686,0.63
3693,replay,4000,0.1019,1.000,0.0685,0.64
3694,replay,4000,0.1200,1.000,0.0683,0.63
3695,replay,4000,0.1727,1.000,0.0683,0.63
3696,replay,4000,0.1320,1.000,0.0683,0.64
3697,replay,4000,0.1172,1.000,0.0682,0.63
3698,replay,4000,0.1203,1.000,0.0682,0.64
3699,es_step,4000,0.1167,1.000,0.0683,1.23
3700,replay,4000,0.1557,1.000,0.0683,0.64
3701,replay,4000,0.1327,1.000,0.0681,0.64
3702,replay,4000,0.1716,1.000,0.0683,0.64
3703,replay,4000,0.1373,1.000,0.0684,0.63
3704,replay,4000,0.2088,1.000,0.0687,0.64
3705,replay,4000,0.2001,1.000,0.0687,0.64
3706,replay,4000,0.1816,1.000,0.0687,0.63
3707,replay,4000,0.1211,1.000,0.0687,0.63
3708,replay,4000,0.0718,1.000,0.0686,0.63
3709,replay,4000,0.0425,1.000,0.0683,0.63
3710,es_step,4000,0.0401,1.000,0.0684,1.23
3711,replay,4000,0.0358,1.000,0.0681,0.63
3712,replay,4000,0.0810,1.000,0.0679,0.63
3713,es_step,4000,0.0682,1.000,0.0679,1.23
3714,replay,4000,0.0777,1.000,0.0678,0.63
3715,replay,4000,0.0464,1.000,0.0678,0.63
3716,es_step,4000,0.0937,1.000,0.0678,1.23
3717,replay,4000,0.1039,1.000,0.0677,0.63
3718,replay,4000,0.1337,1.000,0.0678,0.64
3719,replay,4000,0.1556,1.000,0.0677,0.63
3720,replay,4000,0.1663,1.000,0.0678,0.63
3721,replay,4000,0.1264,1.000,0.0679,0.63
3722,replay,4000,0.1104,1.000,0.0677,0.63
3723,replay,4000,0.0905,1.000,0.0675,0.63
3724,es_step,4000,0.0909,1.000,0.0676,1.22
3725,replay,4000,-0.0541,1.000,0.0676,0.63
3726,replay,4000,0.1270,1.000,0.0676,0.63
3727,replay,4000,0.1591,1.000,0.0677,0.63
3728,replay,4000,0.1493,1.000,0.0678,0.63
3729,replay,4000,0.0899,1.000,0.0678,0.64
3730,replay,4000,0.1358,1.000,0.0679,0.64
3731,replay,4000,0.1146,1.000,0.0677,0.63
3732,replay,4000,0.1824,1.000,0.0679,0.64
3733,replay,4000,0.1421,1.000,0.0679,0.63
3734,replay,4000,0.1667,1.000,0.0680,0.64
3735,replay,4000,0.1553,1.000,0.0681,0.64
3736,replay,4000,0.1289,1.000,0.0681,0.64
3737,replay,4000,0.1046,1.000,0.0681,0.64
3738,replay,4000,0.0876,1.000,0.0680,0.64
3739,es_step,4000,0.0700,1.000,0.0680,1.23
3740,replay,4000,0.0723,1.000,0.0679,0.63
3741,replay,4000,0.0932,1.000,0.0678,0.64
3742,replay,4000,0.0985,1.000,0.0678,0.63
3743,es_step,4000,0.1018,1.000,0.0678,1.23
3744,replay,4000,0.1088,1.000,0.0678,0.64
3745,es_step,4000,0.1021,1.000,0.0678,1.23
3746,es_step,4000,0.0989,1.000,0.0678,1.22
3747,es_step,4000,0.1029,1.000,0.0678,1.23
3748,replay,4000,0.0828,1.000,0.0678,0.63
3749,replay,4000,0.1164,1.000,0.0678,0.63
3750,replay,4000,0.1183,1.000,0.0678,0.63
3751,replay,4000,0.0277,1.000,0.0677,0.63
3752,replay,4000,0.1175,1.000,0.0678,0.64
3753,replay,4000,0.1263,1.000,0.0677,0.64
3754,replay,4000,0.1044,1.000,0.0677,0.64
3755,replay,4000,0.1345,1.000,0.0676,0.64
3756,es_step,4000,0.0814,1.000,0.0676,1.23
3757,es_step,4000,0.0947,1.000,0.0676,1.22
3758,replay,4000,0.1231,1.000,0.0675,0.63
3759,replay,4000,0.1183,1.000,0.0675,0.63
3760,replay,4000,0.0957,1.000,0.0676,0.63
3761,replay,4000,0.0836,1.000,0.0674,0.63
3762,replay,4000,0.0606,1.000,0.0672,0.64
3763,replay,4000,0.0995,1.000,0.0673,0.63
3764,replay,4000,0.0777,1.000,0.0673,0.63
3765,replay,4000,0.0641,1.000,0.0672,0.63
3766,replay,4000,0.1095,1.000,0.0672,0.63
3767,replay,4000,0.1214,1.000,0.0673,0.63
3768,replay,4000,0.1954,1.000,0.0674,0.63
3769,replay,4000,0.1544,1.000,0.0675,0.63
3770,replay,4000,0.0859,1.000,0.0675,0.63
3771,replay,4000,0.0596,1.000,0.0673,0.64
3772,replay,4000,0.0360,1.000,0.0671,0.63
3773,replay,4000,0.0574,1.000,0.0669,0.64
3774,replay,4000,0.0442,1.000,0.0667,0.64
3775,replay,4000,0.0389,1.000,0.0666,0.63
3776,replay,4000,0.0550,1.000,0.0666,0.63
3777,replay,4000,0.0806,1.000,0.0666,0.63
3778,replay,4000,0.0588,1.000,0.0664,0.63
3779,es_step,4000,0.0679,1.000,0.0664,3.18
3780,es_step,4000,0.0711,1.000,0.0664,1.23
3781,replay,4000,0.1037,1.000,0.0664,0.63
3782,replay,4000,0.1206,1.000,0.0664,0.63
3783,replay,4000,0.1142,1.000,0.0665,0.64
3784,replay,4000,0.1641,1.000,0.0665,0.63
3785,es_step,4000,0.1019,1.000,0.0665,1.23
3786,replay,4000,0.1212,1.000,0.0664,0.63
3787,replay,4000,0.1528,1.000,0.0664,0.63
3788,es_step,4000,0.1022,1.000,0.0664,1.22
3789,replay,4000,0.1210,1.000,0.0665,0.64
3790,replay,4000,0.0977,1.000,0.0667,0.64
3791,es_step,4000,0.0948,1.000,0.0667,1.22
3792,replay,4000,0.0959,1.000,0.0666,0.64
3793,replay,4000,0.1032,1.000,0.0666,0.64
3794,es_step,4000,0.0972,1.000,0.0666,1.23
3795,replay,4000,0.1092,1.000,0.0666,0.64
3796,replay,4000,0.1546,1.000,0.0667,0.64
3797,es_step,4000,0.1262,1.000,0.0667,1.23
3798,replay,4000,0.1619,1.000,0.0668,0.63
3799,replay,4000,0.1662,1.000,0.0671,0.63
3800,es_step,4000,0.1212,1.000,0.0671,1.23
3801,es_step,4000,0.1283,1.000,0.0671,1.23
3802,replay,4000,0.1733,1.000,0.0671,0.64
3803,replay,4000,0.0248,1.000,0.0671,0.63
3804,replay,4000,0.1486,1.000,0.0672,0.63
3805,replay,4000,0.1477,1.000,0.0673,0.63
3806,replay,4000,0.1439,1.000,0.0675,0.64
3807,replay,4000,0.0911,1.000,0.0673,0.64
3808,es_step,4000,0.0752,1.000,0.0673,1.23
3809,es_step,4000,0.0821,1.000,0.0673,1.22
3810,replay,4000,0.0828,1.000,0.0672,0.63
3811,replay,4000,0.0964,1.000,0.0671,0.63
3812,replay,4000,0.0849,1.000,0.0670,0.63
3813,es_step,4000,0.1062,1.000,0.0670,1.23
3814,replay,4000,0.1156,1.000,0.0670,0.63
3815,replay,4000,0.1330,1.000,0.0671,0.63
3816,replay,4000,0.1494,1.000,0.0673,0.64
3817,replay,4000,0.1474,1.000,0.0674,0.64
3818,replay,4000,0.1338,1.000,0.0673,0.63
3819,es_step,4000,0.1417,1.000,0.0677,1.22
3820,replay,4000,0.1678,1.000,0.0678,0.63
3821,replay,4000,0.1804,1.000,0.0678,0.63
3822,replay,4000,0.1571,1.000,0.0679,0.63
3823,es_step,4000,0.1234,1.000,0.0679,1.22
3824,replay,4000,0.0862,1.000,0.0679,0.63
3825,replay,4000,0.1390,1.000,0.0678,0.63
3826,replay,4000,0.1322,1.000,0.0678,0.63
3827,replay,4000,0.1150,1.000,0.0678,0.63
3828,replay,4000,0.0782,1.000,0.0677,0.63
3829,replay,4000,0.0631,1.000,0.0677,0.64
3830,replay,4000,0.0428,1.000,0.0674,0.63
3831,replay,4000,0.0666,1.000,0.0674,0.63
3832,replay,4000,0.1019,1.000,0.0674,0.63
3833,replay,4000,0.0972,1.000,0.0673,0.63
3834,replay,4000,0.0946,1.000,0.0673,0.63
3835,replay,4000,0.0937,1.000,0.0672,0.63
3836,replay,4000,0.0783,1.000,0.0671,0.63
3837,replay,4000,0.0920,1.000,0.0670,0.64
3838,replay,4000,0.1043,1.000,0.0669,0.64
3839,replay,4000,0.0926,1.000,0.0669,0.64
3840,es_step,4000,0.0823,1.000,0.0669,1.23
3841,replay,4000,0.0757,1.000,0.0668,0.64
3842,replay,4000,0.1132,1.000,0.0667,0.64
3843,replay,4000,0.1304,1.000,0.0668,0.64
3844,replay,4000,0.1203,1.000,0.0667,0.64
3845,replay,4000,0.1561,1.000,0.0667,0.64
3846,es_step,4000,0.1021,1.000,0.0667,1.23
3847,replay,4000,0.1239,1.000,0.0667,0.63
3848,es_step,4000,0.0890,1.000,0.0667,1.23
3849,replay,4000,0.1172,1.000,0.0667,0.63
3850,replay,4000,0.1042,1.000,0.0667,0.64
3851,es_step,4000,0.0620,1.000,0.0667,1.23
3852,es_step,4000,0.0617,1.000,0.0667,1.22
3853,replay,4000,0.0794,1.000,0.0666,0.63
3854,replay,4000,0.0836,1.000,0.0666,0.63
3855,replay,4000,0.0713,1.000,0.0665,0.63
3856,replay,4000,0.0713,1.000,0.0665,0.64
3857,replay,4000,0.0767,1.000,0.0663,0.63
3858,replay,4000,0.0560,1.000,0.0662,0.63
3859,replay,4000,0.0149,1.000,0.0661,0.63
3860,replay,4000,0.0863,1.000,0.0663,0.63
3861,replay,4000,0.1180,1.000,0.0662,0.63
3862,replay,4000,0.1240,1.000,0.0662,0.63
3863,replay,4000,0.1738,1.000,0.0664,0.63
3864,es_step,4000,0.1288,1.000,0.0664,1.22
3865,es_step,4000,0.1345,1.000,0.0665,1.23
3866,replay,4000,0.1905,1.000,0.0665,0.63
3867,replay,4000,0.1519,1.000,0.0666,0.63
3868,replay,4000,0.1236,1.000,0.0666,0.63
3869,replay,4000,0.1016,1.000,0.0664,0.63
3870,replay,4000,0.0900,1.000,0.0663,0.64
3871,replay,4000,0.0714,1.000,0.0663,0.64
3872,replay,4000,0.0808,1.000,0.0662,0.63
3873,replay,4000,0.0896,1.000,0.0660,0.64
3874,replay,4000,0.0948,1.000,0.0660,0.64
3875,replay,4000,0.0713,1.000,0.0658,0.63
3876,replay,4000,0.1214,1.000,0.0657,0.64
3877,replay,4000,0.1129,1.000,0.0656,0.64
3878,replay,4000,0.1294,1.000,0.0657,0.64
3879,replay,4000,0.0807,1.000,0.0656,0.64
3880,replay,4000,0.1153,1.000,0.0656,0.63
3881,replay,4000,0.1437,1.000,0.0656,0.63
3882,es_step,4000,0.0940,1.000,0.0656,1.23
3883,es_step,4000,0.0811,1.000,0.0656,1.23
3884,replay,4000,0.1309,1.000,0.0656,0.64
3885,replay,4000,0.1055,1.000,0.0656,0.64
3886,replay,4000,0.0204,1.000,0.0654,0.64
3887,replay,4000,0.0817,1.000,0.0653,0.64
3888,es_step,4000,0.0518,1.000,0.0653,1.23
3889,replay,4000,0.0495,1.000,0.0652,0.63
3890,replay,4000,0.0718,1.000,0.0650,0.64
3891,replay,4000,0.0517,1.000,0.0649,0.64
3892,es_step,4000,0.0852,1.000,0.0649,1.23
3893,replay,4000,0.0977,1.000,0.0649,0.64
3894,replay,4000,0.1348,1.000,0.0649,0.63
3895,replay,4000,0.1130,1.000,0.0649,0.63
3896,replay,4000,0.0948,1.000,0.0648,0.63
3897,replay,4000,0.0998,1.000,0.0648,0.63
3898,replay,4000,0.0639,1.000,0.0647,0.63
3899,replay,4000,0.0796,1.000,0.0645,0.63
3900,es_step,4000,0.0669,1.000,0.0645,1.23
3901,replay,4000,0.1712,1.000,0.0645,0.63
3902,replay,4000,0.1549,1.000,0.0645,0.63
3903,replay,4000,0.1524,1.000,0.0645,0.64
3904,replay,4000,0.1222,1.000,0.0645,0.63
3905,replay,4000,0.1248,1.000,0.0646,0.63
3906,es_step,4000,0.0998,1.000,0.0646,1.23
3907,replay,4000,0.1564,1.000,0.0645,0.63
3908,replay,4000,0.1505,1.000,0.0645,0.63
3909,replay,4000,0.1121,1.000,0.0645,0.64
3910,replay,4000,0.1031,1.000,0.0644,0.63
3911,replay,4000,0.1237,1.000,0.0644,0.64
3912,replay,4000,0.1005,1.000,0.0644,0.64
3913,replay,4000,0.1074,1.000,0.0644,0.64
3914,replay,4000,0.1414,1.000,0.0645,0.64
3915,es_step,4000,0.1100,1.000,0.0645,1.23
3916,replay,4000,0.1434,1.000,0.0646,0.64
3917,replay,4000,0.1311,1.000,0.0646,0.64
3918,replay,4000,0.1477,1.000,0.0647,0.64
3919,replay,4000,0.1009,1.000,0.0646,0.64
3920,replay,4000,0.1026,1.000,0.0646,0.64
3921,es_step,4000,0.0964,1.000,0.0646,1.23
3922,replay,4000,0.1260,1.000,0.0646,0.64
3923,es_step,4000,0.1059,1.000,0.0647,1.23
3924,replay,4000,0.1449,1.000,0.0647,0.63
3925,replay,4000,0.1530,1.000,0.0648,0.63
3926,replay,4000,0.1647,1.000,0.0649,0.63
3927,es_step,4000,0.0994,1.000,0.0649,1.23
3928,replay,4000,0.0992,1.000,0.0649,0.63
3929,replay,4000,0.0916,1.000,0.0649,0.64
3930,replay,4000,0.1341,1.000,0.0649,0.64
3931,replay,4000,0.1263,1.000,0.0652,0.64
3932,replay,4000,0.0359,1.000,0.0651,0.64
3933,replay,4000,0.1358,1.000,0.0651,0.64
3934,es_step,4000,0.1147,1.000,0.0653,1.24
3935,replay,4000,0.1591,1.000,0.0653,0.63
3936,replay,4000,0.1135,1.000,0.0654,0.64
3937,replay,4000,0.0971,1.000,0.0654,0.64
3938,replay,4000,0.0713,1.000,0.0652,0.64
3939,replay,4000,0.0708,1.000,0.0650,0.64
3940,replay,4000,0.0619,1.000,0.0649,0.64
3941,replay,4000,0.0768,1.000,0.0647,0.64
3942,replay,4000,0.0355,1.000,0.0643,0.64
3943,replay,4000,0.0421,1.000,0.0641,0.64
3944,es_step,4000,0.0661,1.000,0.0641,1.23
3945,replay,4000,0.1010,1.000,0.0640,0.64
3946,es_step,4000,0.0748,1.000,0.0641,1.24
3947,es_step,4000,0.0717,1.000,0.0641,1.23
3948,replay,4000,0.1023,1.000,0.0641,0.64
3949,replay,4000,0.0987,1.000,0.0640,0.64
3950,replay,4000,0.0400,1.000,0.0640,0.64
3951,replay,4000,0.0190,1.000,0.0638,0.64
3952,replay,4000,0.1096,1.000,0.0637,0.65
3953,replay,4000,0.1192,1.000,0.0637,0.65
3954,replay,4000,0.1539,1.000,0.0637,0.64
3955,replay,4000,0.1288,1.000,0.0637,0.64
3956,replay,4000,0.2161,1.000,0.0638,0.64
3957,replay,4000,0.1741,1.000,0.0640,0.64
3958,replay,4000,0.2081,1.000,0.0642,0.64
3959,replay,4000,0.1666,1.000,0.0643,0.64
3960,replay,4000,0.1908,1.000,0.0645,0.64
3961,replay,4000,0.1979,1.000,0.0646,0.64
3962,replay,4000,0.1510,1.000,0.0646,0.64
3963,es_step,4000,0.1036,1.000,0.0646,1.25
3964,replay,4000,0.1264,1.000,0.0647,0.65
3965,replay,4000,0.0815,1.000,0.0646,0.65
3966,replay,4000,0.0592,1.000,0.0645,0.64
3967,es_step,4000,0.0487,1.000,0.0645,1.25
3968,replay,4000,0.0601,1.000,0.0644,0.65
3969,es_step,4000,0.0583,1.000,0.0644,1.26
3970,es_step,4000,0.0564,1.000,0.0644,1.26
3971,es_step,4000,0.0543,1.000,0.0644,1.26
3972,replay,4000,0.0664,1.000,0.0642,0.65
3973,es_step,4000,0.0483,1.000,0.0642,1.25
3974,es_step,4000,0.0536,1.000,0.0642,1.25
3975,replay,4000,0.0598,1.000,0.0641,0.64
3976,replay,4000,0.0473,1.000,0.0640,0.65
3977,replay,4000,0.0969,1.000,0.0639,0.64
3978,replay,4000,0.1221,1.000,0.0640,0.65
3979,replay,4000,0.1442,1.000,0.0639,0.64
3980,replay,4000,0.1134,1.000,0.0638,0.65
3981,replay,4000,0.1068,1.000,0.0639,0.65
3982,es_step,4000,0.0858,1.000,0.0639,1.25
3983,replay,4000,0.1325,1.000,0.0639,0.64
3984,replay,4000,0.1226,1.000,0.0639,0.63
3985,replay,4000,0.1036,1.000,0.0639,0.62
3986,replay,4000,0.0898,1.000,0.0638,0.64
3987,replay,4000,0.1211,1.000,0.0639,0.65
3988,es_step,4000,0.1080,1.000,0.0639,1.24
3989,es_step,4000,0.1119,1.000,0.0639,1.24
3990,replay,4000,0.1504,1.000,0.0639,0.65
3991,replay,4000,0.1627,1.000,0.0640,0.65
3992,es_step,4000,0.1109,1.000,0.0640,1.25
3993,replay,4000,0.1282,1.000,0.0641,0.65
3994,replay,4000,0.1465,1.000,0.0641,0.65
3995,es_step,4000,0.0843,1.000,0.0641,1.25
3996,replay,4000,0.1257,1.000,0.0641,0.65
3997,replay,4000,0.1003,1.000,0.0640,0.65
3998,replay,4000,0.0394,1.000,0.0640,0.65
3999,replay,4000,0.0747,1.000,0.0638,0.65
4000,replay,4000,0.1165,1.000,0.0638,0.65
4001,replay,4000,0.1003,1.000,0.0638,0.65
4002,replay,4000,0.1219,1.000,0.0638,0.65
4003,replay,4000,0.1351,1.000,0.0638,0.65
4004,replay,4000,0.1506,1.000,0.0639,0.65
4005,replay,4000,0.1646,1.000,0.0641,0.65
4006,es_step,4000,0.1244,1.000,0.0641,1.27
4007,replay,4000,0.1821,1.000,0.0643,0.65
4008,replay,4000,0.1378,1.000,0.0643,0.65
4009,replay,4000,0.1199,1.000,0.0642,0.76
4010,replay,4000,0.1315,1.000,0.0642,0.65
4011,replay,4000,0.0945,1.000,0.0641,0.65
4012,replay,4000,0.1017,1.000,0.0641,0.65
4013,replay,4000,0.1024,1.000,0.0640,0.65
4014,replay,4000,0.1045,1.000,0.0639,0.65
4015,replay,4000,0.1138,1.000,0.0639,0.65
4016,replay,4000,0.0980,1.000,0.0638,0.65
4017,replay,4000,0.1202,1.000,0.0639,0.64
4018,replay,4000,0.1199,1.000,0.0639,0.65
4019,replay,4000,0.1335,1.000,0.0640,0.65
4020,replay,4000,0.1517,1.000,0.0641,0.65
4021,replay,4000,0.1412,1.000,0.0642,0.65
4022,replay,4000,0.1006,1.000,0.0642,0.65
4023,replay,4000,0.0843,1.000,0.0643,0.65
4024,replay,4000,0.0674,1.000,0.0642,0.66
4025,replay,4000,0.0360,1.000,0.0640,0.65
4026,replay,4000,0.0304,1.000,0.0638,0.65
4027,replay,4000,0.0464,1.000,0.0638,0.65
4028,replay,4000,0.0762,1.000,0.0637,0.65
4029,replay,4000,0.0678,1.000,0.0635,0.65
4030,replay,4000,0.0668,1.000,0.0633,0.66
4031,replay,4000,0.1052,1.000,0.0633,0.66
4032,replay,4000,0.0734,1.000,0.0633,0.66
4033,replay,4000,0.0856,1.000,0.0632,0.65
4034,es_step,4000,0.0570,1.000,0.0632,1.27
4035,replay,4000,0.0614,1.000,0.0631,0.65
4036,replay,4000,0.0580,1.000,0.0631,0.65
4037,replay,4000,0.0564,1.000,0.0628,0.65
4038,replay,4000,0.0864,1.000,0.0628,0.65
4039,replay,4000,0.0639,1.000,0.0627,0.65
4040,replay,4000,0.0892,1.000,0.0626,0.65
4041,replay,4000,0.0845,1.000,0.0627,0.65
4042,replay,4000,0.1108,1.000,0.0626,0.66
4043,replay,4000,0.1400,1.000,0.0627,0.65
4044,replay,4000,0.1528,1.000,0.0629,0.65
4045,replay,4000,0.1257,1.000,0.0630,0.65
4046,replay,4000,0.1380,1.000,0.0630,0.66
4047,es_step,4000,0.1056,1.000,0.0631,1.26
4048,replay,4000,0.1279,1.000,0.0629,0.66
4049,replay,4000,0.0925,1.000,0.0629,0.66
4050,replay,4000,-0.0054,1.000,0.0628,0.65
4051,replay,4000,0.1121,1.000,0.0628,0.66
4052,replay,4000,0.1294,1.000,0.0629,0.65
4053,replay,4000,0.1471,1.000,0.0630,0.65
4054,replay,4000,0.1729,1.000,0.0630,0.65
4055,replay,4000,0.1228,1.000,0.0630,0.65
4056,es_step,4000,0.1182,1.000,0.0633,1.25
4057,replay,4000,0.1506,1.000,0.0632,0.65
4058,replay,4000,0.1336,1.000,0.0633,0.64
4059,replay,4000,0.1500,1.000,0.0634,0.64
4060,es_step,4000,0.1104,1.000,0.0636,1.25
4061,es_step,4000,0.1003,1.000,0.0636,1.25
4062,replay,4000,0.1462,1.000,0.0637,0.64
4063,replay,4000,0.1133,1.000,0.0636,0.64
4064,replay,4000,0.0891,1.000,0.0636,0.64
4065,replay,4000,0.1327,1.000,0.0635,0.64
4066,replay,4000,0.0958,1.000,0.0634,0.65
4067,replay,4000,0.1604,1.000,0.0636,0.64
4068,replay,4000,0.1518,1.000,0.0636,0.65
4069,replay,4000,0.1145,1.000,0.0636,0.65
4070,replay,4000,0.1129,1.000,0.0636,0.65
4071,replay,4000,0.0238,1.000,0.0633,0.65
4072,replay,4000,0.1208,1.000,0.0633,0.65
4073,replay,4000,0.1373,1.000,0.0633,0.65
4074,replay,4000,0.1307,1.000,0.0634,0.66
4075,replay,4000,0.0539,1.000,0.0633,0.65
4076,replay,4000,0.1605,1.000,0.0634,0.66
4077,replay,4000,0.1418,1.000,0.0634,0.66
4078,es_step,4000,0.1250,1.000,0.0635,1.27
4079,replay,4000,0.1603,1.000,0.0636,0.65
4080,replay,4000,0.1253,1.000,0.0636,0.65
4081,es_step,4000,0.0977,1.000,0.0636,1.27
4082,replay,4000,0.1416,1.000,0.0636,0.65
4083,replay,4000,0.1145,1.000,0.0636,0.65
4084,es_step,4000,0.0925,1.000,0.0636,3.21
4085,replay,4000,0.1243,1.000,0.0636,0.65
4086,es_step,4000,0.1208,1.000,0.0636,1.26
4087,es_step,4000,0.1155,1.000,0.0637,1.26
4088,replay,4000,0.1368,1.000,0.0638,0.65
4089,es_step,4000,0.1325,1.000,0.0639,1.27
4090,replay,4000,0.1453,1.000,0.0640,0.66
4091,replay,4000,0.1692,1.000,0.0640,0.65
4092,replay,4000,0.1317,1.000,0.0640,0.65
4093,replay,4000,0.1083,1.000,0.0639,0.65
4094,replay,4000,0.0766,1.000,0.0638,0.65
4095,replay,4000,0.0564,1.000,0.0636,0.65
4096,replay,4000,0.0637,1.000,0.0635,0.65
4097,replay,4000,0.0774,1.000,0.0634,0.66
4098,replay,4000,0.0695,1.000,0.0633,0.65
4099,replay,4000,0.0746,1.000,0.0631,0.65
4100,es_step,4000,0.0336,1.000,0.0631,1.26
4101,replay,4000,0.0661,1.000,0.0630,0.65
4102,replay,4000,0.0691,1.000,0.0629,0.65
4103,replay,4000,0.0826,1.000,0.0628,0.65
4104,replay,4000,0.0995,1.000,0.0626,0.65
4105,es_step,4000,0.0856,1.000,0.0626,1.27
4106,replay,4000,0.1118,1.000,0.0628,0.64
4107,replay,4000,0.0949,1.000,0.0627,0.65
4108,replay,4000,0.0888,1.000,0.0627,0.65
4109,replay,4000,0.0839,1.000,0.0627,0.65
4110,replay,4000,0.0810,1.000,0.0626,0.65
4111,es_step,4000,0.0636,1.000,0.0626,1.27
4112,replay,4000,0.0713,1.000,0.0625,0.65
4113,replay,4000,0.0830,1.000,0.0624,0.65
4114,replay,4000,0.0721,1.000,0.0622,0.65
4115,replay,4000,0.0801,1.000,0.0621,0.65
4116,es_step,4000,0.0347,1.000,0.0621,1.26
4117,es_step,4000,0.0395,1.000,0.0621,1.27
4118,replay,4000,0.0555,1.000,0.0621,0.66
4119,replay,4000,0.0610,1.000,0.0618,0.66
4120,replay,4000,0.0156,1.000,0.0617,0.66
4121,replay,4000,0.1253,1.000,0.0618,0.65
4122,replay,4000,0.1310,1.000,0.0619,0.66
4123,replay,4000,0.1480,1.000,0.0620,0.66
4124,replay,4000,0.1447,1.000,0.0620,0.65
4125,replay,4000,0.1257,1.000,0.0620,0.65
4126,replay,4000,0.1287,1.000,0.0620,0.66
4127,replay,4000,0.1164,1.000,0.0620,0.66
4128,replay,4000,0.1380,1.000,0.0623,0.65
4129,replay,4000,0.1271,1.000,0.0623,0.65
4130,replay,4000,0.1364,1.000,0.0624,0.65
4131,replay,4000,0.1361,1.000,0.0624,0.65
4132,replay,4000,0.1297,1.000,0.0624,0.65
4133,es_step,4000,0.0884,1.000,0.0624,1.26
4134,replay,4000,0.1094,1.000,0.0624,0.65
4135,replay,4000,0.1248,1.000,0.0624,0.65
4136,replay,4000,0.1169,1.000,0.0624,0.65
4137,replay,4000,0.1080,1.000,0.0624,0.65
4138,replay,4000,0.0951,1.000,0.0623,0.65
4139,replay,4000,0.0768,1.000,0.0622,0.65
4140,es_step,4000,0.0638,1.000,0.0622,1.27
4141,replay,4000,0.0435,1.000,0.0622,0.65
4142,replay,4000,0.0738,1.000,0.0621,0.66
4143,es_step,4000,0.0544,1.000,0.0621,1.27
4144,replay,4000,0.0716,1.000,0.0621,0.65
4145,replay,4000,0.0835,1.000,0.0620,0.65
4146,replay,4000,0.0745,1.000,0.0619,0.65
4147,replay,4000,0.0753,1.000,0.0618,0.65
4148,replay,4000,0.0309,1.000,0.0616,0.65
4149,replay,4000,0.0301,1.000,0.0615,0.65
4150,replay,4000,0.0414,1.000,0.0614,0.65
4151,replay,4000,0.0933,1.000,0.0613,0.65
4152,replay,4000,0.1205,1.000,0.0613,0.66
4153,replay,4000,0.1262,1.000,0.0613,0.66
4154,replay,4000,0.0822,1.000,0.0611,0.66
4155,replay,4000,0.0859,1.000,0.0612,0.66
4156,replay,4000,0.0834,1.000,0.0612,0.65
4157,replay,4000,0.0722,1.000,0.0611,0.65
4158,replay,4000,0.0888,1.000,0.0610,0.65
4159,replay,4000,0.0613,1.000,0.0609,0.66
4160,replay,4000,0.1012,1.000,0.0609,0.65
4161,replay,4000,0.1168,1.000,0.0609,0.65
4162,replay,4000,0.1028,1.000,0.0607,0.65
4163,replay,4000,0.0629,1.000,0.0606,0.65
4164,replay,4000,0.1050,1.000,0.0605,0.65
4165,replay,4000,0.1097,1.000,0.0604,0.65
4166,replay,4000,0.1163,1.000,0.0603,0.66
4167,replay,4000,0.1472,1.000,0.0604,0.66
4168,replay,4000,0.0973,1.000,0.0604,0.65
4169,replay,4000,0.0211,1.000,0.0604,0.65
4170,replay,4000,0.1603,1.000,0.0606,0.65
4171,replay,4000,0.1568,1.000,0.0607,0.66
4172,es_step,4000,0.1294,1.000,0.0612,1.27
4173,replay,4000,0.1696,1.000,0.0612,0.65
4174,replay,4000,0.1425,1.000,0.0613,0.65
4175,replay,4000,0.1150,1.000,0.0613,0.65
4176,replay,4000,0.0938,1.000,0.0613,0.66
4177,replay,4000,0.0191,1.000,0.0610,0.66
4178,es_step,4000,0.0221,1.000,0.0610,1.27
4179,replay,4000,0.0519,1.000,0.0609,0.65
4180,replay,4000,0.0638,1.000,0.0607,0.65
4181,replay,4000,0.0691,1.000,0.0608,0.66
4182,replay,4000,0.0747,1.000,0.0607,0.66
4183,es_step,4000,0.0682,1.000,0.0607,1.27
4184,replay,4000,0.0627,1.000,0.0607,0.65
4185,replay,4000,0.0714,1.000,0.0606,0.66
4186,replay,4000,0.0870,1.000,0.0607,0.66
4187,es_step,4000,0.0545,1.000,0.0607,1.27
4188,replay,4000,0.0669,1.000,0.0605,0.66
4189,replay,4000,0.0698,1.000,0.0606,0.66
4190,replay,4000,0.1045,1.000,0.0605,0.66
4191,replay,4000,0.1099,1.000,0.0605,0.66
4192,es_step,4000,0.0539,1.000,0.0605,1.27
4193,replay,4000,0.0543,1.000,0.0603,0.65
4194,es_step,4000,0.0469,1.000,0.0603,1.26
4195,replay,4000,0.0389,1.000,0.0600,0.65
4196,replay,4000,0.0744,1.000,0.0599,0.65
4197,replay,4000,0.0537,1.000,0.0598,0.65
4198,replay,4000,0.0768,1.000,0.0596,0.65
4199,replay,4000,0.0744,1.000,0.0595,0.65
4200,replay,4000,0.0582,1.000,0.0593,0.65
4201,es_step,4000,0.0811,1.000,0.0594,1.27
4202,replay,4000,0.1274,1.000,0.0594,0.65
4203,es_step,4000,0.1239,1.000,0.0595,1.28
4204,replay,4000,0.1408,1.000,0.0597,0.65
4205,replay,4000,0.1846,1.000,0.0598,0.66
4206,es_step,4000,0.1599,1.000,0.0606,1.27
4207,es_step,4000,0.1482,1.000,0.0608,1.27
4208,replay,4000,0.1794,1.000,0.0610,0.65
4209,replay,4000,0.1616,1.000,0.0612,0.66
4210,replay,4000,0.1627,1.000,0.0614,0.66
4211,replay,4000,0.1658,1.000,0.0615,0.66
4212,replay,4000,0.1322,1.000,0.0615,0.65
4213,replay,4000,0.1202,1.000,0.0615,0.65
4214,replay,4000,0.1188,1.000,0.0616,0.66
4215,replay,4000,0.0883,1.000,0.0616,0.65
4216,replay,4000,0.0811,1.000,0.0617,0.66
4217,replay,4000,0.1285,1.000,0.0616,0.66
4218,es_step,4000,0.0541,1.000,0.0616,1.27
4219,replay,4000,0.1279,1.000,0.0616,0.65
4220,replay,4000,0.0750,1.000,0.0615,0.65
4221,replay,4000,0.0725,1.000,0.0615,0.65
4222,replay,4000,0.0794,1.000,0.0615,0.65
4223,replay,4000,0.1047,1.000,0.0615,0.65
4224,replay,4000,0.0719,1.000,0.0614,0.65
4225,replay,4000,0.1025,1.000,0.0614,0.66
4226,es_step,4000,0.0589,1.000,0.0614,1.26
4227,replay,4000,0.0946,1.000,0.0616,0.65
4228,replay,4000,0.1119,1.000,0.0615,0.66
4229,replay,4000,0.0832,1.000,0.0614,0.65
4230,es_step,4000,0.0691,1.000,0.0614,1.26
4231,replay,4000,0.0651,1.000,0.0614,0.65
4232,replay,4000,0.0708,1.000,0.0614,0.65
4233,replay,4000,0.0643,1.000,0.0614,0.65
4234,es_step,4000,0.0629,1.000,0.0614,1.27
4235,replay,4000,0.0051,1.000,0.0614,0.65
4236,replay,4000,0.0892,1.000,0.0614,0.65
4237,replay,4000,0.0286,1.000,0.0614,0.68
4238,es_step,4000,0.0867,1.000,0.0614,1.26
4239,es_step,4000,0.0848,1.000,0.0614,1.27
4240,replay,4000,0.1079,1.000,0.0613,0.65
4241,replay,4000,0.0987,1.000,0.0611,0.65
4242,replay,4000,0.1286,1.000,0.0611,0.65
4243,es_step,4000,0.0742,1.000,0.0612,1.27
4244,es_step,4000,0.0634,1.000,0.0612,1.26
4245,replay,4000,0.0920,1.000,0.0611,0.66
4246,replay,4000,0.1076,1.000,0.0611,0.65
4247,replay,4000,0.0564,1.000,0.0610,0.65
4248,replay,4000,0.0841,1.000,0.0610,0.65
4249,replay,4000,0.0864,1.000,0.0610,0.66
4250,replay,4000,0.1460,1.000,0.0611,0.65
4251,replay,4000,0.1516,1.000,0.0610,0.65
4252,es_step,4000,0.0554,1.000,0.0611,1.26
4253,replay,4000,0.1102,1.000,0.0611,0.65
4254,replay,4000,0.0607,1.000,0.0611,0.66
4255,replay,4000,0.0749,1.000,0.0610,0.65
4256,replay,4000,0.0895,1.000,0.0610,0.65
4257,replay,4000,0.1043,1.000,0.0610,0.65
4258,replay,4000,0.0700,1.000,0.0610,0.66
4259,replay,4000,0.1318,1.000,0.0610,0.65
4260,replay,4000,0.1091,1.000,0.0609,0.65
4261,replay,4000,0.1018,1.000,0.0609,0.66
4262,replay,4000,0.1058,1.000,0.0608,0.65
4263,replay,4000,0.1282,1.000,0.0610,0.79
4264,replay,4000,0.1544,1.000,0.0611,0.65
4265,replay,4000,0.1484,1.000,0.0611,0.65
4266,replay,4000,0.1238,1.000,0.0611,0.65
4267,es_step,4000,0.0750,1.000,0.0611,1.26
4268,replay,4000,0.1244,1.000,0.0611,0.65
4269,replay,4000,0.1119,1.000,0.0611,0.65
4270,replay,4000,0.0840,1.000,0.0611,0.83
4271,replay,4000,0.0759,1.000,0.0611,0.65
4272,replay,4000,0.1044,1.000,0.0609,0.65
4273,replay,4000,0.1057,1.000,0.0609,0.66
4274,replay,4000,0.1002,1.000,0.0609,0.65
4275,replay,4000,0.1308,1.000,0.0609,0.66
4276,replay,4000,0.0749,1.000,0.0607,0.66
4277,replay,4000,0.0470,1.000,0.0606,0.65
4278,replay,4000,0.0874,1.000,0.0605,0.65
4279,replay,4000,0.0956,1.000,0.0605,0.65
4280,replay,4000,0.0973,1.000,0.0606,0.65
4281,replay,4000,0.0816,1.000,0.0603,0.65
4282,es_step,4000,0.1213,1.000,0.0607,1.27
4283,replay,4000,0.1448,1.000,0.0607,0.65
4284,es_step,4000,0.1131,1.000,0.0608,1.26
4285,replay,4000,0.1686,1.000,0.0612,0.65
4286,replay,4000,0.1332,1.000,0.0614,0.65
4287,replay,4000,0.1095,1.000,0.0615,0.65
4288,replay,4000,0.1223,1.000,0.0615,0.66
4289,replay,4000,0.0791,1.000,0.0614,0.66
4290,replay,4000,0.0609,1.000,0.0613,0.65
4291,replay,4000,0.0389,1.000,0.0611,0.65
4292,replay,4000,0.0581,1.000,0.0609,0.66
4293,replay,4000,0.0891,1.000,0.0608,0.66
4294,replay,4000,0.0831,1.000,0.0608,0.65
4295,replay,4000,0.1333,1.000,0.0610,0.65
4296,replay,4000,0.1366,1.000,0.0609,0.65
4297,replay,4000,0.1336,1.000,0.0610,0.65
4298,replay,4000,0.1390,1.000,0.0610,0.65
4299,replay,4000,0.1395,1.000,0.0611,0.65
4300,es_step,4000,0.1271,1.000,0.0612,1.26
4301,replay,4000,0.1469,1.000,0.0612,0.65
4302,replay,4000,0.1009,1.000,0.0612,0.65
4303,es_step,4000,0.0743,1.000,0.0612,1.26
4304,es_step,4000,0.0740,1.000,0.0612,1.26
4305,es_step,4000,0.0690,1.000,0.0612,1.26
4306,replay,4000,0.0897,1.000,0.0612,0.65
4307,replay,4000,0.0661,1.000,0.0610,0.65
4308,replay,4000,0.0833,1.000,0.0609,0.65
4309,replay,4000,0.0972,1.000,0.0608,0.65
4310,replay,4000,0.0359,1.000,0.0607,0.65
4311,replay,4000,-0.2354,1.000,0.0607,0.65
4312,replay,4000,0.1039,1.000,0.0606,0.65
4313,replay,4000,0.1218,1.000,0.0607,0.65
4314,replay,4000,0.1465,1.000,0.0607,0.65
4315,replay,4000,0.1432,1.000,0.0609,0.65
4316,replay,4000,0.1469,1.000,0.0608,0.65
4317,replay,4000,0.1244,1.000,0.0609,0.65
4318,replay,4000,0.1693,1.000,0.0609,0.65
4319,replay,4000,0.1170,1.000,0.0609,0.65
4320,replay,4000,0.1378,1.000,0.0610,0.65
4321,replay,4000,0.1474,1.000,0.0611,0.66
4322,replay,4000,0.0937,1.000,0.0610,0.65
4323,replay,4000,0.0979,1.000,0.0610,0.65
4324,es_step,4000,0.0373,1.000,0.0610,1.26
4325,es_step,4000,0.0328,1.000,0.0610,1.26
4326,replay,4000,0.0699,1.000,0.0608,0.65
4327,es_step,4000,0.0105,1.000,0.0608,1.26
4328,replay,4000,0.0616,1.000,0.0606,0.65
4329,replay,4000,0.0357,1.000,0.0605,0.65
4330,replay,4000,0.0634,1.000,0.0605,0.65
4331,replay,4000,0.0334,1.000,0.0604,0.66
4332,replay,4000,0.1316,1.000,0.0604,0.66
4333,replay,4000,0.1519,1.000,0.0605,0.66
4334,replay,4000,0.1459,1.000,0.0606,0.66
4335,replay,4000,0.1458,1.000,0.0607,0.65
4336,es_step,4000,0.1178,1.000,0.0607,1.27
4337,replay,4000,0.1305,1.000,0.0608,0.65
4338,replay,4000,0.1874,1.000,0.0610,0.65
4339,replay,4000,0.1457,1.000,0.0611,0.65
4340,replay,4000,0.1131,1.000,0.0611,0.66
4341,replay,4000,0.1165,1.000,0.0611,0.66
4342,replay,4000,0.1117,1.000,0.0611,0.65
4343,replay,4000,0.1226,1.000,0.0611,0.65
4344,replay,4000,0.0993,1.000,0.0612,0.65
4345,replay,4000,0.1261,1.000,0.0612,0.65
4346,replay,4000,0.1306,1.000,0.0613,0.65
4347,replay,4000,0.1282,1.000,0.0614,0.65
4348,replay,4000,0.1515,1.000,0.0615,0.65
4349,replay,4000,0.1414,1.000,0.0616,0.65
4350,replay,4000,-0.0308,1.000,0.0615,0.65
4351,replay,4000,0.1438,1.000,0.0616,0.66
4352,replay,4000,0.1736,1.000,0.0618,0.65
4353,replay,4000,0.1761,1.000,0.0619,0.65
4354,replay,4000,0.1559,1.000,0.0622,0.65
4355,replay,4000,0.1511,1.000,0.0625,0.65
4356,replay,4000,0.1511,1.000,0.0626,0.65
4357,es_step,4000,0.1063,1.000,0.0626,1.26
4358,replay,4000,0.1393,1.000,0.0628,0.65
4359,es_step,4000,0.0968,1.000,0.0628,1.26
4360,es_step,4000,0.0895,1.000,0.0628,1.25
4361,replay,4000,0.1202,1.000,0.0629,0.65
4362,replay,4000,0.1306,1.000,0.0629,0.65
4363,replay,4000,0.1314,1.000,0.0629,0.65
4364,replay,4000,0.1050,1.000,0.0630,0.65
4365,replay,4000,0.0747,1.000,0.0629,0.65
4366,replay,4000,0.1112,1.000,0.0629,0.65
4367,replay,4000,0.1317,1.000,0.0629,0.66
4368,replay,4000,0.1042,1.000,0.0629,0.65
4369,replay,4000,0.1054,1.000,0.0628,0.65
4370,replay,4000,0.1096,1.000,0.0630,0.65
4371,es_step,4000,0.1011,1.000,0.0630,1.30
4372,replay,4000,0.1006,1.000,0.0631,0.65
4373,replay,4000,0.1185,1.000,0.0631,0.65
4374,replay,4000,0.1338,1.000,0.0631,0.65
4375,replay,4000,0.0824,1.000,0.0630,0.65
4376,replay,4000,0.1017,1.000,0.0630,0.66
4377,es_step,4000,0.0844,1.000,0.0630,1.27
4378,es_step,4000,0.0817,1.000,0.0630,1.26
4379,es_step,4000,0.0800,1.000,0.0630,1.26
4380,replay,4000,0.1123,1.000,0.0630,0.66
4381,replay,4000,0.1015,1.000,0.0627,0.66
4382,replay,4000,0.0937,1.000,0.0627,0.66
4383,replay,4000,0.0896,1.000,0.0626,0.66
4384,es_step,4000,0.1107,1.000,0.0626,1.27
4385,replay,4000,0.0920,1.000,0.0627,0.65
4386,es_step,4000,0.0936,1.000,0.0627,1.26
4387,es_step,4000,0.0959,1.000,0.0627,1.26
4388,replay,4000,0.1261,1.000,0.0627,0.65
4389,replay,4000,0.1127,1.000,0.0628,2.64
4390,replay,4000,0.0676,1.000,0.0627,0.65
4391,replay,4000,0.0997,1.000,0.0627,0.65
4392,replay,4000,0.0700,1.000,0.0625,0.65
4393,replay,4000,0.1051,1.000,0.0624,0.65
4394,replay,4000,0.1103,1.000,0.0624,0.65
4395,replay,4000,0.0973,1.000,0.0623,0.65
4396,replay,4000,0.0420,1.000,0.0619,0.65
4397,replay,4000,0.0885,1.000,0.0618,0.65
4398,replay,4000,0.1360,1.000,0.0618,0.65
4399,replay,4000,0.1567,1.000,0.0618,0.65
4400,replay,4000,0.1406,1.000,0.0619,0.65
4401,replay,4000,0.1290,1.000,0.0620,0.65
4402,es_step,4000,0.0956,1.000,0.0620,1.26
4403,replay,4000,0.1208,1.000,0.0620,0.65
4404,replay,4000,0.1154,1.000,0.0620,0.65
4405,replay,4000,0.1194,1.000,0.0619,0.65
4406,es_step,4000,0.1040,1.000,0.0619,1.27
4407,replay,4000,0.1309,1.000,0.0619,0.66
4408,replay,4000,0.1512,1.000,0.0619,0.65
4409,replay,4000,0.1396,1.000,0.0619,0.65
4410,replay,4000,0.0973,1.000,0.0619,0.65
4411,replay,4000,0.1030,1.000,0.0620,0.65
4412,replay,4000,0.0919,1.000,0.0620,0.65
4413,es_step,4000,0.0883,1.000,0.0620,1.27
4414,replay,4000,0.1411,1.000,0.0621,0.65
4415,replay,4000,0.1315,1.000,0.0622,0.66
4416,replay,4000,0.1419,1.000,0.0624,0.65
4417,replay,4000,0.1333,1.000,0.0623,0.65
4418,replay,4000,0.1584,1.000,0.0626,0.65
4419,replay,4000,0.1954,1.000,0.0627,0.65
4420,replay,4000,0.1837,1.000,0.0628,0.66
4421,es_step,4000,0.1626,1.000,0.0635,1.27
4422,replay,4000,0.1253,1.000,0.0637,0.66
4423,replay,4000,0.1427,1.000,0.0638,0.66
4424,replay,4000,0.1705,1.000,0.0639,0.65
4425,replay,4000,0.1620,1.000,0.0640,0.65
4426,replay,4000,0.1269,1.000,0.0639,0.65
4427,replay,4000,0.1475,1.000,0.0639,0.65
4428,replay,4000,0.0977,1.000,0.0639,0.66
4429,replay,4000,0.0878,1.000,0.0638,0.65
4430,replay,4000,0.0561,1.000,0.0638,0.66
4431,replay,4000,0.0617,1.000,0.0636,0.66
4432,replay,4000,0.0344,1.000,0.0635,0.65
4433,replay,4000,0.0836,1.000,0.0634,0.65
4434,replay,4000,0.0580,1.000,0.0633,0.66
4435,replay,4000,0.0701,1.000,0.0632,0.66
4436,replay,4000,0.0807,1.000,0.0631,0.66
4437,replay,4000,0.0644,1.000,0.0630,0.66
4438,es_step,4000,0.0429,1.000,0.0630,1.27
4439,replay,4000,0.0715,1.000,0.0630,0.65
4440,replay,4000,0.0576,1.000,0.0628,0.65
4441,replay,4000,0.0556,1.000,0.0627,0.65
4442,es_step,4000,0.0321,1.000,0.0627,1.26
4443,replay,4000,0.0459,1.000,0.0625,0.65
4444,replay,4000,0.0434,1.000,0.0624,0.65
4445,replay,4000,0.0812,1.000,0.0623,0.65
4446,es_step,4000,0.0445,1.000,0.0623,1.26
4447,replay,4000,0.0904,1.000,0.0623,0.65
4448,replay,4000,0.0920,1.000,0.0624,0.65
4449,es_step,4000,0.0550,1.000,0.0624,1.27
4450,replay,4000,0.0919,1.000,0.0623,0.65
4451,replay,4000,0.0666,1.000,0.0623,0.65
4452,replay,4000,0.1260,1.000,0.0623,0.65
4453,replay,4000,0.1529,1.000,0.0624,0.65
4454,replay,4000,0.1542,1.000,0.0624,0.65
4455,replay,4000,0.1561,1.000,0.0626,0.65
4456,replay,4000,0.0134,1.000,0.0626,0.65
4457,replay,4000,0.1551,1.000,0.0626,0.65
4458,replay,4000,0.1882,1.000,0.0628,0.66
4459,replay,4000,0.1552,1.000,0.0629,0.65
4460,replay,4000,0.1272,1.000,0.0628,0.65
4461,replay,4000,0.1266,1.000,0.0627,0.65
4462,replay,4000,0.1021,1.000,0.0627,0.65
4463,replay,4000,0.1028,1.000,0.0626,0.66
4464,es_step,4000,0.1177,1.000,0.0629,1.27
4465,replay,4000,0.1480,1.000,0.0630,0.66
4466,es_step,4000,0.1271,1.000,0.0631,1.27
4467,es_step,4000,0.1317,1.000,0.0632,1.26
4468,replay,4000,0.1548,1.000,0.0634,0.65
4469,replay,4000,0.1448,1.000,0.0635,0.65
4470,replay,4000,0.1371,1.000,0.0635,0.65
4471,es_step,4000,0.0807,1.000,0.0635,1.27
4472,es_step,4000,0.0936,1.000,0.0635,1.26
4473,replay,4000,0.1056,1.000,0.0635,0.65
4474,replay,4000,0.1510,1.000,0.0635,0.66
4475,es_step,4000,0.0923,1.000,0.0635,1.26
4476,replay,4000,0.1417,1.000,0.0638,0.65
4477,es_step,4000,0.1067,1.000,0.0638,1.26
4478,replay,4000,0.1564,1.000,0.0637,0.65
4479,es_step,4000,0.0764,1.000,0.0638,1.26
4480,es_step,4000,0.0795,1.000,0.0638,1.26
4481,replay,4000,0.0965,1.000,0.0636,0.65
4482,replay,4000,0.1192,1.000,0.0636,0.65
4483,replay,4000,0.1068,1.000,0.0635,0.65
4484,es_step,4000,0.0632,1.000,0.0635,1.26
4485,replay,4000,0.0483,1.000,0.0633,0.65
4486,replay,4000,0.0580,1.000,0.0633,0.65
4487,replay,4000,0.0505,1.000,0.0633,0.65
4488,replay,4000,0.0775,1.000,0.0633,0.65
4489,replay,4000,0.0636,1.000,0.0632,0.66
4490,replay,4000,0.0417,1.000,0.0631,0.66
4491,es_step,4000,0.0247,1.000,0.0631,1.26
4492,replay,4000,0.0580,1.000,0.0630,0.65
4493,replay,4000,0.0348,1.000,0.0628,0.65
4494,replay,4000,0.0341,1.000,0.0625,0.65
4495,replay,4000,0.0441,1.000,0.0624,0.66
4496,replay,4000,0.0648,1.000,0.0622,0.65
4497,replay,4000,0.0449,1.000,0.0620,0.66
4498,replay,4000,0.0290,1.000,0.0618,0.66
4499,replay,4000,0.0867,1.000,0.0618,0.66
4500,es_step,4000,0.0532,1.000,0.0618,1.26
4501,replay,4000,0.0860,1.000,0.0618,0.65
4502,replay,4000,0.1396,1.000,0.0617,0.65
4503,replay,4000,0.1206,1.000,0.0617,0.65
4504,es_step,4000,0.0792,1.000,0.0617,1.26
4505,replay,4000,0.1403,1.000,0.0617,0.65
4506,replay,4000,0.1137,1.000,0.0617,0.65
4507,replay,4000,0.1404,1.000,0.0619,0.66
4508,es_step,4000,0.1044,1.000,0.0619,1.26
4509,replay,4000,0.1374,1.000,0.0620,0.66
4510,es_step,4000,0.1168,1.000,0.0620,1.26
4511,replay,4000,0.1527,1.000,0.0621,0.66
4512,replay,4000,0.1677,1.000,0.0622,0.65
4513,replay,4000,0.1356,1.000,0.0624,0.65
4514,es_step,4000,0.0895,1.000,0.0624,1.27
4515,replay,4000,0.1348,1.000,0.0624,0.65
4516,replay,4000,0.0988,1.000,0.0624,0.66
4517,replay,4000,0.0581,1.000,0.0622,0.65
4518,replay,4000,0.0528,1.000,0.0621,0.66
4519,replay,4000,0.0392,1.000,0.0619,0.65
4520,replay,4000,0.0611,1.000,0.0618,0.65
4521,replay,4000,0.0693,1.000,0.0617,0.65
4522,replay,4000,0.1034,1.000,0.0618,0.65
4523,replay,4000,0.0585,1.000,0.0617,0.65
4524,replay,4000,0.0965,1.000,0.0617,0.66
4525,replay,4000,0.1161,1.000,0.0618,0.65
4526,replay,4000,0.1678,1.000,0.0617,0.65
4527,replay,4000,0.1317,1.000,0.0619,0.65
4528,replay,4000,0.0971,1.000,0.0618,0.65
4529,replay,4000,0.1167,1.000,0.0618,0.65
4530,replay,4000,0.1729,1.000,0.0619,0.66
4531,replay,4000,0.1830,1.000,0.0621,0.66
4532,replay,4000,0.1908,1.000,0.0622,0.66
4533,replay,4000,0.1679,1.000,0.0624,0.65
4534,replay,4000,0.1695,1.000,0.0624,0.66
4535,replay,4000,0.0794,1.000,0.0623,0.66
4536,es_step,4000,0.1008,1.000,0.0623,1.28
4537,replay,4000,0.1255,1.000,0.0623,0.66
4538,es_step,4000,0.0843,1.000,0.0623,1.27
4539,replay,4000,0.0720,1.000,0.0621,0.66
4540,replay,4000,0.0874,1.000,0.0620,0.66
4541,replay,4000,0.1027,1.000,0.0619,0.66
4542,replay,4000,0.0914,1.000,0.0618,0.66
4543,replay,4000,0.0801,1.000,0.0617,0.66
4544,replay,4000,0.1323,1.000,0.0617,0.66
4545,es_step,4000,0.1020,1.000,0.0617,1.27
4546,replay,4000,0.1366,1.000,0.0617,0.65
4547,replay,4000,0.1251,1.000,0.0617,0.65
4548,replay,4000,0.1366,1.000,0.0618,0.66
4549,es_step,4000,0.1011,1.000,0.0618,1.28
4550,replay,4000,0.1289,1.000,0.0618,0.66
4551,replay,4000,0.1167,1.000,0.0619,0.66
4552,replay,4000,0.1095,1.000,0.0619,0.66
4553,es_step,4000,0.0858,1.000,0.0619,1.28
4554,replay,4000,0.1089,1.000,0.0619,0.65
4555,replay,4000,0.0680,1.000,0.0617,0.66
4556,replay,4000,0.0718,1.000,0.0617,0.66
4557,replay,4000,0.0852,1.000,0.0615,0.66
4558,replay,4000,0.0599,1.000,0.0614,0.66
4559,replay,4000,0.0888,1.000,0.0613,0.66
4560,replay,4000,0.0831,1.000,0.0612,0.65
4561,es_step,4000,0.0488,1.000,0.0612,1.26
4562,replay,4000,0.0696,1.000,0.0611,0.65
4563,replay,4000,0.0867,1.000,0.0610,0.65
4564,replay,4000,0.0613,1.000,0.0610,0.65
4565,replay,4000,0.0900,1.000,0.0610,0.65
4566,replay,4000,0.0943,1.000,0.0610,0.66
4567,replay,4000,0.0793,1.000,0.0608,0.66
4568,replay,4000,0.0893,1.000,0.0608,0.66
4569,replay,4000,0.0598,1.000,0.0607,0.66
4570,replay,4000,0.0790,1.000,0.0607,0.66
4571,replay,4000,0.0593,1.000,0.0605,0.66
4572,replay,4000,0.0575,1.000,0.0604,0.66
4573,replay,4000,0.0629,1.000,0.0603,0.66
4574,replay,4000,0.0357,1.000,0.0602,0.66
4575,replay,4000,0.0665,1.000,0.0601,0.65
4576,es_step,4000,0.0595,1.000,0.0601,1.27
4577,replay,4000,0.0744,1.000,0.0600,0.66
4578,replay,4000,0.0601,1.000,0.0600,0.65
4579,es_step,4000,0.0405,1.000,0.0600,1.26
4580,replay,4000,0.0941,1.000,0.0599,0.66
4581,es_step,4000,0.0524,1.000,0.0599,1.27
4582,replay,4000,0.0708,1.000,0.0598,0.65
4583,replay,4000,0.0960,1.000,0.0598,0.65
4584,replay,4000,-0.0148,1.000,0.0597,0.65
4585,replay,4000,0.1451,1.000,0.0599,0.65
4586,replay,4000,0.1866,1.000,0.0599,0.66
4587,replay,4000,0.1657,1.000,0.0601,0.66
4588,replay,4000,0.1273,1.000,0.0601,0.66
4589,replay,4000,0.1184,1.000,0.0602,0.65
4590,replay,4000,0.1063,1.000,0.0602,0.66
4591,es_step,4000,0.0913,1.000,0.0602,1.27
4592,replay,4000,0.1022,1.000,0.0603,0.65
4593,es_step,4000,0.0899,1.000,0.0603,1.26
4594,replay,4000,0.1080,1.000,0.0603,0.65
4595,replay,4000,0.1288,1.000,0.0603,0.65
4596,replay,4000,0.1200,1.000,0.0603,0.66
4597,replay,4000,0.0792,1.000,0.0604,0.66
4598,replay,4000,0.0985,1.000,0.0604,0.65
4599,es_step,4000,0.0723,1.000,0.0604,1.27
4600,replay,4000,0.0712,1.000,0.0604,0.65
4601,replay,4000,0.0902,1.000,0.0603,0.66
4602,replay,4000,0.0807,1.000,0.0602,0.75
4603,replay,4000,0.0729,1.000,0.0601,0.66
4604,replay,4000,0.0581,1.000,0.0600,0.66
4605,replay,4000,0.0904,1.000,0.0600,0.66
4606,replay,4000,0.0494,1.000,0.0598,0.66
4607,replay,4000,0.0875,1.000,0.0597,0.66
4608,replay,4000,0.0975,1.000,0.0597,0.65
4609,replay,4000,0.0943,1.000,0.0597,0.65
4610,replay,4000,0.0930,1.000,0.0596,0.65
4611,replay,4000,0.1266,1.000,0.0596,0.66
4612,replay,4000,0.1099,1.000,0.0596,0.65
4613,replay,4000,0.0757,1.000,0.0595,0.65
4614,replay,4000,0.0824,1.000,0.0595,0.65
4615,replay,4000,0.1300,1.000,0.0595,0.66
4616,replay,4000,0.1192,1.000,0.0597,0.66
4617,replay,4000,0.1174,1.000,0.0597,0.66
4618,replay,4000,0.1096,1.000,0.0599,0.66
4619,replay,4000,0.1117,1.000,0.0599,0.66
4620,replay,4000,0.0982,1.000,0.0600,0.66
4621,replay,4000,0.1262,1.000,0.0601,0.66
4622,replay,4000,0.1214,1.000,0.0601,0.66
4623,replay,4000,0.1014,1.000,0.0601,0.66
4624,replay,4000,0.0965,1.000,0.0601,0.66
4625,replay,4000,0.0807,1.000,0.0602,0.66
4626,replay,4000,0.0615,1.000,0.0601,0.65
4627,replay,4000,0.0402,1.000,0.0600,0.64
4628,replay,4000,0.0662,1.000,0.0599,0.64
4629,replay,4000,0.0892,1.000,0.0597,0.63
4630,replay,4000,0.0746,1.000,0.0597,0.63
4631,replay,4000,0.0797,1.000,0.0596,0.63
4632,replay,4000,0.1070,1.000,0.0596,0.63
4633,replay,4000,0.1015,1.000,0.0596,0.63
4634,replay,4000,0.0943,1.000,0.0596,0.63
4635,replay,4000,0.0837,1.000,0.0596,0.63
4636,replay,4000,0.0571,1.000,0.0595,0.65
4637,replay,4000,0.0664,1.000,0.0595,0.65
4638,replay,4000,0.0577,1.000,0.0596,0.65
4639,es_step,4000,0.0715,1.000,0.0596,1.27
4640,replay,4000,0.0960,1.000,0.0595,0.65
4641,replay,4000,0.1007,1.000,0.0595,0.65
4642,replay,4000,0.0709,1.000,0.0594,0.65
4643,replay,4000,0.0655,1.000,0.0594,0.66
4644,replay,4000,0.0947,1.000,0.0593,0.65
4645,replay,4000,0.0816,1.000,0.0593,0.65
4646,replay,4000,0.0791,1.000,0.0594,0.66
4647,replay,4000,0.0947,1.000,0.0593,0.65
4648,replay,4000,0.0912,1.000,0.0593,0.65
4649,replay,4000,0.1060,1.000,0.0592,0.65
4650,es_step,4000,0.0610,1.000,0.0592,1.26
4651,replay,4000,0.0888,1.000,0.0592,0.65
4652,replay,4000,0.0893,1.000,0.0590,0.65
4653,replay,4000,0.1090,1.000,0.0590,0.66
4654,replay,4000,0.1294,1.000,0.0592,0.65
4655,replay,4000,0.1260,1.000,0.0592,0.65
4656,replay,4000,0.1225,1.000,0.0593,0.65
4657,replay,4000,0.1232,1.000,0.0593,0.65
4658,replay,4000,0.0768,1.000,0.0592,0.66
4659,replay,4000,0.0557,1.000,0.0592,0.65
4660,replay,4000,0.0659,1.000,0.0591,0.65
4661,es_step,4000,0.0666,1.000,0.0591,1.27
4662,replay,4000,0.0757,1.000,0.0591,0.65
4663,es_step,4000,0.0548,1.000,0.0591,1.26
4664,replay,4000,0.0648,1.000,0.0591,0.65
4665,replay,4000,0.0926,1.000,0.0590,0.66
4666,replay,4000,0.0707,1.000,0.0589,0.65
4667,replay,4000,0.0758,1.000,0.0588,0.66
4668,es_step,4000,0.0734,1.000,0.0588,1.26
4669,replay,4000,0.0896,1.000,0.0587,0.65
4670,es_step,4000,0.0679,1.000,0.0587,1.27
4671,es_step,4000,0.0671,1.000,0.0587,1.26
4672,replay,4000,0.0831,1.000,0.0587,0.65
4673,replay,4000,0.1000,1.000,0.0587,0.65
4674,replay,4000,0.0858,1.000,0.0587,0.65
4675,replay,4000,0.0880,1.000,0.0587,0.65
4676,replay,4000,0.1127,1.000,0.0587,0.65
4677,replay,4000,0.1220,1.000,0.0587,0.65
4678,replay,4000,0.1272,1.000,0.0588,0.66
4679,es_step,4000,0.0939,1.000,0.0588,1.27
4680,replay,4000,0.1161,1.000,0.0588,0.65
4681,replay,4000,0.0088,1.000,0.0588,0.65
4682,replay,4000,0.1600,1.000,0.0591,0.65
4683,replay,4000,0.2376,1.000,0.0594,0.66
4684,replay,4000,0.2477,1.000,0.0595,0.66
4685,es_step,4000,0.1764,1.000,0.0602,1.26
4686,replay,4000,0.1922,1.000,0.0605,0.65
4687,replay,4000,0.1545,1.000,0.0606,0.65
4688,replay,4000,0.1007,1.000,0.0608,0.65
4689,es_step,4000,0.1626,1.000,0.0612,1.26
4690,replay,4000,0.2022,1.000,0.0613,0.65
4691,replay,4000,0.1827,1.000,0.0615,0.66
4692,replay,4000,0.1585,1.000,0.0615,0.65
4693,replay,4000,0.1119,1.000,0.0615,0.65
4694,replay,4000,0.0859,1.000,0.0614,0.65
4695,replay,4000,0.0603,1.000,0.0614,0.65
4696,replay,4000,0.0794,1.000,0.0615,0.66
4697,replay,4000,0.0812,1.000,0.0615,0.65
4698,replay,4000,0.0997,1.000,0.0615,2.64
4699,replay,4000,0.1142,1.000,0.0615,0.66
4700,replay,4000,0.0797,1.000,0.0614,0.65
4701,replay,4000,0.0991,1.000,0.0615,0.65
4702,replay,4000,0.0706,1.000,0.0614,0.66
4703,es_step,4000,0.0499,1.000,0.0614,1.27
4704,replay,4000,0.0854,1.000,0.0613,0.66
4705,replay,4000,0.0912,1.000,0.0612,0.66
4706,replay,4000,0.0723,1.000,0.0612,0.66
4707,replay,4000,0.0299,1.000,0.0611,0.65
4708,es_step,4000,0.0434,1.000,0.0611,1.27
4709,replay,4000,0.0732,1.000,0.0611,0.65
4710,replay,4000,0.1012,1.000,0.0610,0.66
4711,es_step,4000,0.0876,1.000,0.0610,1.26
4712,replay,4000,0.1386,1.000,0.0610,0.65
4713,replay,4000,0.1318,1.000,0.0611,0.65
4714,replay,4000,0.1184,1.000,0.0610,0.65
4715,replay,4000,0.0987,1.000,0.0610,0.65
4716,replay,4000,0.0682,1.000,0.0610,0.66
4717,replay,4000,0.0687,1.000,0.0609,0.66
4718,es_step,4000,0.0530,1.000,0.0609,1.26
4719,replay,4000,0.0709,1.000,0.0609,0.65
4720,replay,4000,0.0548,1.000,0.0608,0.65
4721,replay,4000,0.0476,1.000,0.0607,0.66
4722,replay,4000,0.0447,1.000,0.0606,0.65
4723,es_step,4000,0.0581,1.000,0.0606,1.26
4724,replay,4000,0.0665,1.000,0.0606,0.65
4725,replay,4000,0.0736,1.000,0.0606,0.65
4726,es_step,4000,0.0585,1.000,0.0606,1.26
4727,replay,4000,0.0347,1.000,0.0603,0.65
4728,replay,4000,0.0473,1.000,0.0602,0.65
4729,replay,4000,0.0537,1.000,0.0601,0.65
4730,es_step,4000,0.0652,1.000,0.0601,1.26
4731,replay,4000,0.0611,1.000,0.0600,0.65
4732,replay,4000,0.0748,1.000,0.0599,0.66
4733,replay,4000,0.0588,1.000,0.0598,0.66
4734,replay,4000,0.0626,1.000,0.0598,0.65
4735,replay,4000,0.0174,1.000,0.0597,0.65
4736,replay,4000,0.1225,1.000,0.0596,0.65
4737,replay,4000,0.1064,1.000,0.0595,0.65
4738,es_step,4000,0.0857,1.000,0.0595,1.26
4739,replay,4000,0.1112,1.000,0.0596,0.65
4740,es_step,4000,0.0830,1.000,0.0596,1.26
4741,replay,4000,0.1281,1.000,0.0596,0.65
4742,es_step,4000,0.0918,1.000,0.0596,1.26
4743,replay,4000,0.1714,1.000,0.0597,0.65
4744,replay,4000,0.1576,1.000,0.0597,0.65
4745,replay,4000,0.1410,1.000,0.0599,0.65
4746,replay,4000,0.1127,1.000,0.0599,0.65
4747,replay,4000,0.1147,1.000,0.0599,0.65
4748,replay,4000,0.1185,1.000,0.0599,0.65
4749,replay,4000,0.0736,1.000,0.0597,0.65
4750,replay,4000,0.1093,1.000,0.0596,0.65
4751,replay,4000,0.0845,1.000,0.0596,0.65
4752,es_step,4000,0.0695,1.000,0.0596,1.26
4753,replay,4000,0.1233,1.000,0.0596,0.65
4754,replay,4000,0.1291,1.000,0.0596,0.65
4755,replay,4000,0.1526,1.000,0.0597,0.65
4756,replay,4000,0.1516,1.000,0.0597,0.65
4757,es_step,4000,0.1244,1.000,0.0598,1.26
4758,replay,4000,0.1317,1.000,0.0599,0.65
4759,replay,4000,0.1556,1.000,0.0600,0.65
4760,es_step,4000,0.1283,1.000,0.0603,1.26
4761,replay,4000,0.1295,1.000,0.0604,0.66
4762,replay,4000,0.1420,1.000,0.0606,0.65
4763,replay,4000,0.1422,1.000,0.0606,0.65
4764,replay,4000,0.1618,1.000,0.0607,0.65
4765,es_step,4000,0.1115,1.000,0.0608,1.26
4766,replay,4000,0.1483,1.000,0.0608,0.65
4767,es_step,4000,0.0953,1.000,0.0609,1.26
4768,replay,4000,0.0833,1.000,0.0608,0.65
4769,replay,4000,0.0896,1.000,0.0608,0.65
4770,replay,4000,0.0936,1.000,0.0607,0.65
4771,replay,4000,0.0623,1.000,0.0606,0.65
4772,es_step,4000,0.0388,1.000,0.0606,1.26
4773,replay,4000,0.0918,1.000,0.0606,0.65
4774,replay,4000,0.0846,1.000,0.0606,0.65
4775,replay,4000,0.0722,1.000,0.0605,0.66
4776,replay,4000,0.0556,1.000,0.0603,0.65
4777,replay,4000,0.0862,1.000,0.0603,0.65
4778,replay,4000,0.0703,1.000,0.0604,0.65
4779,replay,4000,0.0642,1.000,0.0603,0.65
4780,es_step,4000,0.0353,1.000,0.0603,1.26
4781,es_step,4000,0.0320,1.000,0.0603,1.25
4782,replay,4000,0.0539,1.000,0.0600,0.65
4783,replay,4000,0.0556,1.000,0.0599,0.65
4784,replay,4000,0.0879,1.000,0.0597,0.65
4785,replay,4000,0.0609,1.000,0.0596,0.65
4786,replay,4000,0.1170,1.000,0.0596,0.65
4787,replay,4000,0.0994,1.000,0.0596,0.65
4788,replay,4000,0.0660,1.000,0.0596,0.66
4789,es_step,4000,0.0727,1.000,0.0596,1.27
4790,replay,4000,0.1006,1.000,0.0596,0.65
4791,replay,4000,0.0930,1.000,0.0596,0.65
4792,replay,4000,0.1337,1.000,0.0597,0.65
4793,replay,4000,0.1306,1.000,0.0597,0.65
4794,replay,4000,0.1179,1.000,0.0597,0.65
4795,es_step,4000,0.0915,1.000,0.0597,1.26
4796,replay,4000,0.1440,1.000,0.0599,0.65
4797,replay,4000,0.1498,1.000,0.0600,0.65
4798,es_step,4000,0.1063,1.000,0.0600,1.27
4799,es_step,4000,0.1106,1.000,0.0600,1.26
4800,replay,4000,0.1677,1.000,0.0601,0.65
4801,es_step,4000,0.1125,1.000,0.0602,1.25
4802,replay,4000,0.1557,1.000,0.0602,0.66
4803,replay,4000,0.1672,1.000,0.0603,0.65
4804,replay,4000,0.1504,1.000,0.0604,0.66
4805,es_step,4000,0.1036,1.000,0.0604,1.26
4806,replay,4000,0.1383,1.000,0.0604,0.66
4807,replay,4000,0.1529,1.000,0.0604,0.66
4808,replay,4000,0.1533,1.000,0.0606,0.66
4809,replay,4000,0.1578,1.000,0.0607,0.66
4810,replay,4000,0.1708,1.000,0.0608,0.66
4811,replay,4000,0.1791,1.000,0.0608,0.66
4812,replay,4000,0.1512,1.000,0.0611,0.66
4813,replay,4000,0.1528,1.000,0.0612,0.66
4814,replay,4000,0.1235,1.000,0.0613,0.66
4815,replay,4000,0.1504,1.000,0.0614,0.66
4816,replay,4000,0.1390,1.000,0.0616,0.65
4817,replay,4000,0.1250,1.000,0.0617,0.66
4818,replay,4000,0.1265,1.000,0.0617,0.66
4819,replay,4000,0.0955,1.000,0.0618,0.66
4820,replay,4000,0.1035,1.000,0.0617,0.66
4821,replay,4000,0.1104,1.000,0.0617,0.66
4822,replay,4000,0.0877,1.000,0.0618,0.66
4823,replay,4000,0.1337,1.000,0.0619,0.66
4824,replay,4000,0.1534,1.000,0.0620,0.66
4825,replay,4000,0.1577,1.000,0.0622,0.66
4826,es_step,4000,0.1250,1.000,0.0624,1.28
4827,replay,4000,0.1540,1.000,0.0625,0.65
4828,replay,4000,0.1631,1.000,0.0625,0.66
4829,replay,4000,0.1463,1.000,0.0626,0.66
4830,replay,4000,0.1209,1.000,0.0626,0.65
4831,es_step,4000,0.0675,1.000,0.0626,1.27
4832,replay,4000,0.0867,1.000,0.0626,0.66
4833,replay,4000,0.0927,1.000,0.0625,0.65
4834,replay,4000,0.0797,1.000,0.0625,0.65
4835,replay,4000,0.0680,1.000,0.0624,0.66
4836,replay,4000,0.0868,1.000,0.0624,0.66
4837,replay,4000,0.0636,1.000,0.0623,0.66
4838,replay,4000,0.1284,1.000,0.0623,0.66
4839,replay,4000,0.1354,1.000,0.0623,0.66
4840,replay,4000,0.1338,1.000,0.0624,0.65
4841,replay,4000,0.1373,1.000,0.0625,0.66
4842,replay,4000,0.0902,1.000,0.0624,0.66
4843,replay,4000,0.0741,1.000,0.0623,0.65
4844,replay,4000,0.0530,1.000,0.0624,0.65
4845,es_step,4000,0.0292,1.000,0.0624,1.27
4846,replay,4000,0.0697,1.000,0.0623,0.66
4847,replay,4000,0.0389,1.000,0.0622,0.66
4848,replay,4000,0.1013,1.000,0.0622,0.65
4849,replay,4000,0.1309,1.000,0.0622,0.66
4850,replay,4000,0.1189,1.000,0.0624,0.65
4851,replay,4000,0.0995,1.000,0.0626,0.65
4852,replay,4000,0.0565,1.000,0.0624,0.66
4853,replay,4000,0.0433,1.000,0.0623,0.66
4854,replay,4000,0.0697,1.000,0.0621,0.65
4855,es_step,4000,0.0435,1.000,0.0621,1.27
4856,replay,4000,0.0760,1.000,0.0619,0.66
4857,es_step,4000,0.0559,1.000,0.0619,1.27
4858,replay,4000,0.0599,1.000,0.0618,0.65
4859,es_step,4000,0.0651,1.000,0.0618,1.26
4860,replay,4000,0.0898,1.000,0.0619,0.65
4861,replay,4000,0.1072,1.000,0.0618,0.66
4862,es_step,4000,0.0686,1.000,0.0618,1.27
4863,replay,4000,0.1026,1.000,0.0618,0.66
4864,es_step,4000,0.0676,1.000,0.0618,1.26
4865,es_step,4000,0.0667,1.000,0.0618,1.26
4866,replay,4000,0.0861,1.000,0.0619,0.65
4867,replay,4000,0.0890,1.000,0.0620,0.65
4868,replay,4000,0.1191,1.000,0.0620,0.65
4869,replay,4000,0.0915,1.000,0.0619,0.65
4870,replay,4000,0.1510,1.000,0.0620,0.65
4871,replay,4000,0.1415,1.000,0.0621,0.65
4872,replay,4000,0.1331,1.000,0.0621,0.66
4873,replay,4000,0.1440,1.000,0.0622,0.65
4874,replay,4000,0.1103,1.000,0.0622,0.65
4875,replay,4000,0.1334,1.000,0.0623,0.65
4876,es_step,4000,0.0831,1.000,0.0623,1.26
4877,replay,4000,0.1394,1.000,0.0622,0.65
4878,replay,4000,0.1111,1.000,0.0622,0.65
4879,replay,4000,0.1158,1.000,0.0624,0.65
4880,es_step,4000,0.0620,1.000,0.0624,1.27
4881,replay,4000,0.1188,1.000,0.0623,0.65
4882,es_step,4000,0.0684,1.000,0.0623,1.26
4883,replay,4000,0.1019,1.000,0.0624,0.65
4884,replay,4000,0.1119,1.000,0.0624,0.65
4885,replay,4000,0.0806,1.000,0.0624,0.65
4886,replay,4000,0.0918,1.000,0.0624,0.65
4887,replay,4000,0.1024,1.000,0.0624,0.65
4888,replay,4000,0.0561,1.000,0.0623,0.65
4889,es_step,4000,0.0478,1.000,0.0623,1.26
4890,replay,4000,0.0554,1.000,0.0622,0.65
4891,replay,4000,0.0759,1.000,0.0621,0.65
4892,es_step,4000,0.0750,1.000,0.0621,1.26
4893,es_step,4000,0.0666,1.000,0.0621,1.26
4894,replay,4000,0.0996,1.000,0.0621,0.65
4895,replay,4000,0.0919,1.000,0.0621,0.65
4896,replay,4000,0.0946,1.000,0.0620,0.65
4897,replay,4000,0.0838,1.000,0.0620,0.65
4898,replay,4000,0.1045,1.000,0.0619,0.66
4899,es_step,4000,0.0713,1.000,0.0619,1.26
4900,replay,4000,0.0944,1.000,0.0619,0.66
4901,es_step,4000,0.0908,1.000,0.0619,1.26
4902,replay,4000,0.1281,1.000,0.0619,0.65
4903,replay,4000,0.1296,1.000,0.0621,0.66
4904,replay,4000,0.0587,1.000,0.0622,0.65
4905,replay,4000,0.1338,1.000,0.0622,0.66
4906,replay,4000,0.1213,1.000,0.0623,0.66
4907,replay,4000,0.1488,1.000,0.0624,0.66
4908,replay,4000,0.1377,1.000,0.0625,0.65
4909,replay,4000,0.1160,1.000,0.0625,0.65
4910,replay,4000,0.1489,1.000,0.0625,0.65
4911,replay,4000,0.1392,1.000,0.0626,0.65
4912,replay,4000,0.1340,1.000,0.0628,0.66
4913,replay,4000,0.1165,1.000,0.0628,0.66
4914,replay,4000,0.1241,1.000,0.0628,0.65
4915,replay,4000,0.1080,1.000,0.0628,0.65
4916,replay,4000,0.1015,1.000,0.0628,0.65
4917,es_step,4000,0.0857,1.000,0.0628,1.26
4918,es_step,4000,0.0873,1.000,0.0628,1.26
4919,replay,4000,0.0868,1.000,0.0628,0.66
4920,es_step,4000,0.0864,1.000,0.0628,1.26
4921,replay,4000,0.0977,1.000,0.0628,0.65
4922,replay,4000,0.1161,1.000,0.0629,0.65
4923,replay,4000,0.1044,1.000,0.0629,0.65
4924,replay,4000,0.1135,1.000,0.0629,0.65
4925,replay,4000,0.1274,1.000,0.0629,0.65
4926,es_step,4000,0.0983,1.000,0.0629,1.26
4927,es_step,4000,0.1041,1.000,0.0629,1.26
4928,es_step,4000,0.1054,1.000,0.0629,1.27
4929,replay,4000,0.1301,1.000,0.0630,0.66
4930,replay,4000,0.1014,1.000,0.0630,0.65
4931,es_step,4000,0.1034,1.000,0.0630,1.25
4932,replay,4000,0.1306,1.000,0.0630,0.64
4933,replay,4000,0.1154,1.000,0.0631,0.63
4934,replay,4000,0.1045,1.000,0.0631,0.63
4935,es_step,4000,0.1085,1.000,0.0631,1.23
4936,replay,4000,0.1297,1.000,0.0632,0.63
4937,replay,4000,0.1340,1.000,0.0634,0.63
4938,replay,4000,0.1281,1.000,0.0636,0.63
4939,replay,4000,0.1340,1.000,0.0636,0.63
4940,es_step,4000,0.0884,1.000,0.0636,1.24
4941,replay,4000,0.1134,1.000,0.0637,0.65
4942,replay,4000,0.0917,1.000,0.0638,0.65
4943,replay,4000,0.0924,1.000,0.0637,0.65
4944,es_step,4000,0.0582,1.000,0.0637,1.26
4945,es_step,4000,0.0580,1.000,0.0637,1.27
4946,replay,4000,0.0566,1.000,0.0635,0.66
4947,replay,4000,0.0679,1.000,0.0634,0.66
4948,replay,4000,0.0609,1.000,0.0632,0.65
4949,replay,4000,0.0568,1.000,0.0630,0.65
4950,replay,4000,0.0591,1.000,0.0628,0.65
4951,replay,4000,0.0566,1.000,0.0628,0.66
4952,replay,4000,0.0725,1.000,0.0627,0.66
4953,replay,4000,0.0879,1.000,0.0626,0.66
4954,replay,4000,0.0827,1.000,0.0626,0.66
4955,replay,4000,0.0828,1.000,0.0626,0.65
4956,replay,4000,0.0852,1.000,0.0625,0.65
4957,replay,4000,0.1136,1.000,0.0625,0.65
4958,replay,4000,0.0951,1.000,0.0625,0.66
4959,replay,4000,0.1311,1.000,0.0625,0.66
4960,es_step,4000,0.0845,1.000,0.0625,1.27
4961,replay,4000,0.1528,1.000,0.0625,0.66
4962,es_step,4000,0.0830,1.000,0.0625,1.26
4963,replay,4000,0.1085,1.000,0.0625,0.65
4964,replay,4000,0.1071,1.000,0.0625,0.66
4965,replay,4000,0.1143,1.000,0.0625,0.66
4966,es_step,4000,0.0760,1.000,0.0625,1.27
4967,replay,4000,0.0903,1.000,0.0625,0.66
4968,replay,4000,0.1022,1.000,0.0625,0.66
4969,replay,4000,0.1019,1.000,0.0625,0.65
4970,replay,4000,0.1032,1.000,0.0624,0.66
4971,replay,4000,0.0943,1.000,0.0624,0.66
4972,es_step,4000,0.0654,1.000,0.0624,1.26
4973,replay,4000,0.0901,1.000,0.0624,0.66
4974,replay,4000,-0.0045,1.000,0.0624,0.65
4975,replay,4000,0.1241,1.000,0.0624,0.63
4976,replay,4000,0.1641,1.000,0.0626,0.63
4977,replay,4000,0.1412,1.000,0.0627,0.63
4978,replay,4000,0.1404,1.000,0.0628,0.63
4979,replay,4000,0.0852,1.000,0.0626,0.63
4980,replay,4000,0.0732,1.000,0.0624,0.62
4981,replay,4000,0.0526,1.000,0.0623,0.63
4982,es_step,4000,0.0443,1.000,0.0623,1.22
4983,replay,4000,0.0554,1.000,0.0621,0.62
4984,replay,4000,0.0744,1.000,0.0621,0.64
4985,replay,4000,0.0357,1.000,0.0620,0.65
4986,replay,4000,0.1499,1.000,0.0621,0.65
4987,es_step,4000,0.1363,1.000,0.0626,3.30
4988,replay,4000,0.1940,1.000,0.0629,0.66
4989,replay,4000,0.2231,1.000,0.0630,0.66
4990,replay,4000,0.2387,1.000,0.0633,0.66
4991,replay,4000,0.1660,1.000,0.0634,0.66
4992,replay,4000,0.1958,1.000,0.0635,0.66
4993,replay,4000,0.1372,1.000,0.0637,0.66
4994,replay,4000,0.1347,1.000,0.0638,0.66
4995,replay,4000,0.1127,1.000,0.0638,0.66
4996,replay,4000,0.0913,1.000,0.0637,0.66
4997,replay,4000,0.1024,1.000,0.0636,0.66
4998,replay,4000,0.0975,1.000,0.0635,0.66
4999,es_step,4000,0.0522,1.000,0.0635,1.27
5000,replay,4000,0.0728,1.000,0.0634,0.65
5001,replay,4000,0.0787,1.000,0.0633,0.66
5002,replay,4000,0.0769,1.000,0.0632,0.66
5003,replay,4000,0.0930,1.000,0.0632,0.66
5004,replay,4000,0.0708,1.000,0.0631,0.66
5005,replay,4000,0.0864,1.000,0.0630,0.66
5006,replay,4000,0.0926,1.000,0.0630,0.66
5007,replay,4000,0.0776,1.000,0.0629,0.66
5008,replay,4000,0.1003,1.000,0.0628,0.67
5009,replay,4000,0.0395,1.000,0.0627,0.66
5010,es_step,4000,0.0343,1.000,0.0627,1.29
5011,replay,4000,0.0426,1.000,0.0624,0.66
5012,replay,4000,0.0643,1.000,0.0623,0.66
5013,replay,4000,0.0516,1.000,0.0622,0.67
5014,replay,4000,0.0572,1.000,0.0621,0.66
5015,replay,4000,0.0419,1.000,0.0620,0.67
5016,es_step,4000,0.0471,1.000,0.0620,1.28
5017,replay,4000,0.0618,1.000,0.0619,0.66
5018,replay,4000,0.0451,1.000,0.0618,0.66
5019,replay,4000,0.0499,1.000,0.0616,0.66
5020,replay,4000,0.0489,1.000,0.0616,0.66
5021,replay,4000,0.0554,1.000,0.0615,0.65
5022,replay,4000,0.0548,1.000,0.0615,0.65
5023,es_step,4000,0.0780,1.000,0.0615,1.27
5024,replay,4000,0.0952,1.000,0.0616,0.65
5025,es_step,4000,0.0854,1.000,0.0616,1.27
5026,replay,4000,0.1026,1.000,0.0616,0.66
5027,replay,4000,0.0995,1.000,0.0617,0.66
5028,replay,4000,0.1369,1.000,0.0617,0.66
5029,replay,4000,0.0958,1.000,0.0615,0.67
5030,replay,4000,0.1373,1.000,0.0616,0.66
5031,replay,4000,0.1309,1.000,0.0617,0.66
5032,replay,4000,0.1543,1.000,0.0618,0.67
5033,replay,4000,0.1467,1.000,0.0618,0.66
5034,replay,4000,0.1306,1.000,0.0619,0.67
5035,replay,4000,0.1173,1.000,0.0619,0.66
5036,replay,4000,0.1107,1.000,0.0618,0.66
5037,replay,4000,0.1209,1.000,0.0619,0.67
5038,replay,4000,0.1116,1.000,0.0619,0.67
5039,replay,4000,0.1151,1.000,0.0618,0.67
5040,replay,4000,0.1129,1.000,0.0618,0.67
5041,replay,4000,0.0877,1.000,0.0618,0.67
5042,replay,4000,0.1373,1.000,0.0618,0.67
5043,es_step,4000,0.0960,1.000,0.0618,1.28
5044,replay,4000,0.1266,1.000,0.0619,0.66
5045,replay,4000,0.1176,1.000,0.0619,0.67
5046,es_step,4000,0.0910,1.000,0.0619,1.28
5047,es_step,4000,0.0888,1.000,0.0619,1.29
5048,es_step,4000,0.0936,1.000,0.0619,1.28
5049,es_step,4000,0.0944,1.000,0.0619,1.28
5050,replay,4000,0.1273,1.000,0.0619,0.66
5051,replay,4000,0.1423,1.000,0.0620,0.66
5052,es_step,4000,0.1013,1.000,0.0620,1.27
5053,replay,4000,0.1642,1.000,0.0621,0.66
5054,replay,4000,0.1763,1.000,0.0623,0.66
5055,replay,4000,0.1777,1.000,0.0624,0.66
5056,replay,4000,0.1618,1.000,0.0624,0.66
5057,replay,4000,0.1207,1.000,0.0625,0.66
5058,replay,4000,-0.0973,1.000,0.0623,0.66
5059,replay,4000,0.1632,1.000,0.0624,0.66
5060,replay,4000,0.1691,1.000,0.0624,0.67
5061,replay,4000,0.1643,1.000,0.0625,0.66
5062,replay,4000,0.1342,1.000,0.0626,0.66
5063,replay,4000,0.1464,1.000,0.0627,0.67
5064,replay,4000,0.0583,1.000,0.0628,0.67
5065,replay,4000,0.0966,1.000,0.0628,0.66
5066,es_step,4000,0.1055,1.000,0.0629,1.28
5067,replay,4000,0.1605,1.000,0.0630,0.65
5068,es_step,4000,0.1430,1.000,0.0632,1.27
5069,es_step,4000,0.1386,1.000,0.0634,1.26
5070,es_step,4000,0.1322,1.000,0.0635,1.27
5071,replay,4000,0.1798,1.000,0.0636,0.66
5072,es_step,4000,0.1186,1.000,0.0637,1.27
5073,replay,4000,0.1279,1.000,0.0637,0.65
5074,replay,4000,0.1149,1.000,0.0637,0.66
5075,replay,4000,0.0619,1.000,0.0636,0.67
5076,replay,4000,0.0396,1.000,0.0634,0.66
5077,replay,4000,0.0520,1.000,0.0633,0.66
5078,es_step,4000,0.0338,1.000,0.0633,1.27
5079,replay,4000,0.0503,1.000,0.0632,0.66
5080,replay,4000,0.0668,1.000,0.0632,0.67
5081,replay,4000,0.0783,1.000,0.0632,0.66
5082,replay,4000,0.0530,1.000,0.0629,0.66
5083,replay,4000,0.1135,1.000,0.0630,0.67
5084,replay,4000,0.0926,1.000,0.0630,0.66
5085,replay,4000,-0.0354,1.000,0.0630,0.67
5086,replay,4000,0.0941,1.000,0.0631,0.66
5087,replay,4000,0.1156,1.000,0.0631,0.66
5088,es_step,4000,0.1446,1.000,0.0636,1.28
5089,es_step,4000,0.1496,1.000,0.0638,1.28
5090,replay,4000,0.1886,1.000,0.0640,0.66
5091,es_step,4000,0.1518,1.000,0.0641,1.27
5092,replay,4000,0.1813,1.000,0.0643,0.66
5093,replay,4000,0.1915,1.000,0.0644,0.66
5094,replay,4000,0.1090,1.000,0.0644,0.66
5095,replay,4000,0.1177,1.000,0.0643,0.66
5096,replay,4000,0.0974,1.000,0.0643,0.67
5097,replay,4000,0.0532,1.000,0.0642,0.66
5098,replay,4000,0.0444,1.000,0.0641,0.67
5099,replay,4000,0.0682,1.000,0.0640,0.67
5100,es_step,4000,0.0593,1.000,0.0640,1.28
5101,replay,4000,0.0734,1.000,0.0639,0.66
5102,replay,4000,0.0676,1.000,0.0638,0.66
5103,replay,4000,0.0796,1.000,0.0638,0.66
5104,replay,4000,0.0660,1.000,0.0637,0.66
5105,es_step,4000,0.0737,1.000,0.0637,1.28
5106,replay,4000,0.0669,1.000,0.0637,0.66
5107,replay,4000,0.0699,1.000,0.0636,0.66
5108,replay,4000,0.0399,1.000,0.0634,0.66
5109,replay,4000,0.0317,1.000,0.0632,0.67
5110,replay,4000,0.0700,1.000,0.0631,0.66
5111,replay,4000,0.0326,1.000,0.0630,0.67
5112,replay,4000,-0.0639,1.000,0.0628,0.67
5113,replay,4000,0.0937,1.000,0.0628,0.67
5114,replay,4000,0.0975,1.000,0.0628,0.68
5115,replay,4000,0.0941,1.000,0.0629,0.67
5116,replay,4000,0.1420,1.000,0.0628,0.67
5117,replay,4000,0.1467,1.000,0.0627,0.67
5118,es_step,4000,0.0653,1.000,0.0627,1.29
5119,replay,4000,0.0816,1.000,0.0627,0.67
5120,replay,4000,0.1107,1.000,0.0626,0.67
5121,replay,4000,0.0651,1.000,0.0624,0.67
5122,replay,4000,0.0612,1.000,0.0624,0.67
5123,es_step,4000,0.0640,1.000,0.0624,1.29
5124,es_step,4000,0.0623,1.000,0.0624,1.29
5125,es_step,4000,0.0499,1.000,0.0624,1.28
5126,replay,4000,0.0654,1.000,0.0622,0.67
5127,replay,4000,0.0898,1.000,0.0621,0.67
5128,replay,4000,0.0779,1.000,0.0621,0.66
5129,replay,4000,0.1361,1.000,0.0621,0.67
5130,replay,4000,0.1270,1.000,0.0621,0.67
5131,replay,4000,0.0766,1.000,0.0619,0.67
5132,es_step,4000,0.0743,1.000,0.0621,1.29
5133,replay,4000,0.1064,1.000,0.0621,0.66
5134,replay,4000,0.0892,1.000,0.0620,0.66
5135,replay,4000,0.1008,1.000,0.0619,0.67
5136,replay,4000,0.0597,1.000,0.0618,0.67
5137,es_step,4000,0.0583,1.000,0.0618,1.29
5138,replay,4000,0.0960,1.000,0.0618,0.67
5139,replay,4000,0.0780,1.000,0.0617,0.66
5140,replay,4000,0.0382,1.000,0.0614,0.67
5141,replay,4000,0.1232,1.000,0.0614,0.67
5142,replay,4000,0.1241,1.000,0.0614,0.66
5143,replay,4000,0.1693,1.000,0.0614,0.65
5144,es_step,4000,0.1043,1.000,0.0614,1.24
5145,replay,4000,0.1771,1.000,0.0615,0.63
5146,es_step,4000,0.1307,1.000,0.0617,1.24
5147,replay,4000,0.1840,1.000,0.0620,0.63
5148,replay,4000,0.1939,1.000,0.0621,0.63
5149,replay,4000,0.1700,1.000,0.0625,0.63
5150,replay,4000,0.1815,1.000,0.0625,0.63
5151,replay,4000,0.1480,1.000,0.0626,0.63
5152,replay,4000,0.1412,1.000,0.0626,0.63
5153,replay,4000,0.1338,1.000,0.0625,0.63
5154,replay,4000,0.0788,1.000,0.0625,0.64
5155,replay,4000,0.0739,1.000,0.0624,0.65
5156,replay,4000,0.0773,1.000,0.0623,0.66
5157,replay,4000,0.0418,1.000,0.0621,0.66
5158,replay,4000,0.0778,1.000,0.0623,0.67
5159,replay,4000,0.1080,1.000,0.0623,0.66
5160,replay,4000,0.0768,1.000,0.0623,0.67
5161,replay,4000,0.1077,1.000,0.0623,0.66
5162,replay,4000,0.0909,1.000,0.0623,0.66
5163,replay,4000,0.0799,1.000,0.0622,0.67
5164,replay,4000,0.0879,1.000,0.0621,0.67
5165,replay,4000,0.0917,1.000,0.0621,0.67
5166,es_step,4000,0.0688,1.000,0.0621,1.28
5167,replay,4000,-0.0085,1.000,0.0621,0.66
5168,replay,4000,0.1081,1.000,0.0622,0.67
5169,replay,4000,0.1391,1.000,0.0622,0.67
5170,replay,4000,0.1199,1.000,0.0622,0.66
5171,replay,4000,0.1273,1.000,0.0622,0.67
5172,replay,4000,0.1425,1.000,0.0622,0.67
5173,replay,4000,0.1159,1.000,0.0622,0.67
5174,replay,4000,0.1208,1.000,0.0622,0.67
5175,replay,4000,0.1141,1.000,0.0621,0.67
5176,replay,4000,0.1188,1.000,0.0621,0.66
5177,replay,4000,0.1209,1.000,0.0620,0.67
5178,replay,4000,0.0961,1.000,0.0620,0.66
5179,replay,4000,0.1021,1.000,0.0620,0.66
5180,replay,4000,0.0885,1.000,0.0620,0.67
5181,replay,4000,0.1053,1.000,0.0620,0.67
5182,replay,4000,0.1117,1.000,0.0619,0.66
5183,replay,4000,0.1027,1.000,0.0619,0.66
5184,replay,4000,0.0882,1.000,0.0618,0.66
5185,replay,4000,0.0962,1.000,0.0618,0.67
5186,replay,4000,0.0763,1.000,0.0618,0.66
5187,replay,4000,0.1125,1.000,0.0618,0.67
5188,replay,4000,0.1046,1.000,0.0617,0.67
5189,replay,4000,0.0914,1.000,0.0617,0.67
5190,replay,4000,0.0753,1.000,0.0615,0.66
5191,replay,4000,0.0518,1.000,0.0615,0.67
5192,replay,4000,0.0389,1.000,0.0612,0.66
5193,replay,4000,0.0822,1.000,0.0612,0.66
5194,replay,4000,0.0814,1.000,0.0611,0.66
5195,replay,4000,0.0768,1.000,0.0610,0.66
5196,replay,4000,0.0824,1.000,0.0611,0.66
5197,replay,4000,0.1427,1.000,0.0611,0.66
5198,replay,4000,0.0313,1.000,0.0611,0.66
5199,replay,4000,0.1055,1.000,0.0610,0.67
5200,replay,4000,0.1575,1.000,0.0612,0.67
5201,replay,4000,0.1670,1.000,0.0612,0.67
5202,es_step,4000,0.1062,1.000,0.0612,1.28
5203,replay,4000,0.1400,1.000,0.0613,0.66
5204,replay,4000,0.1450,1.000,0.0613,0.66
5205,replay,4000,0.1381,1.000,0.0614,0.66
5206,replay,4000,0.1291,1.000,0.0615,0.67
5207,es_step,4000,0.0705,1.000,0.0615,1.29
5208,replay,4000,0.1112,1.000,0.0614,0.67
5209,replay,4000,0.0882,1.000,0.0615,0.67
5210,replay,4000,-0.0041,1.000,0.0613,0.66
5211,replay,4000,0.0970,1.000,0.0612,0.67
5212,replay,4000,0.0880,1.000,0.0613,0.67
5213,replay,4000,0.0910,1.000,0.0613,0.67
5214,replay,4000,0.1261,1.000,0.0613,0.67
5215,es_step,4000,0.0636,1.000,0.0613,1.29
5216,replay,4000,0.1295,1.000,0.0613,0.67
5217,replay,4000,0.1182,1.000,0.0613,0.67
5218,replay,4000,0.1123,1.000,0.0613,0.67
5219,replay,4000,0.1101,1.000,0.0614,0.67
5220,replay,4000,0.1449,1.000,0.0614,0.67
5221,replay,4000,0.1542,1.000,0.0615,0.67
5222,replay,4000,0.1493,1.000,0.0615,0.67
5223,es_step,4000,0.0918,1.000,0.0615,1.28
5224,replay,4000,0.1223,1.000,0.0616,0.67
5225,replay,4000,0.1525,1.000,0.0617,0.67
5226,replay,4000,0.1588,1.000,0.0618,0.67
5227,es_step,4000,0.1013,1.000,0.0618,1.29
5228,es_step,4000,0.1038,1.000,0.0618,1.28
5229,replay,4000,0.1404,1.000,0.0619,0.67
5230,es_step,4000,0.1122,1.000,0.0620,1.28
5231,replay,4000,0.1538,1.000,0.0622,0.67
5232,replay,4000,0.1405,1.000,0.0623,0.66
5233,es_step,4000,0.1078,1.000,0.0623,1.27
5234,replay,4000,0.1153,1.000,0.0623,0.66
5235,replay,4000,0.1467,1.000,0.0623,0.67
5236,replay,4000,0.1396,1.000,0.0623,0.67
5237,replay,4000,0.1063,1.000,0.0624,0.67
5238,replay,4000,0.1045,1.000,0.0623,0.66
5239,replay,4000,0.0949,1.000,0.0622,0.66
5240,replay,4000,0.1008,1.000,0.0622,0.67
5241,replay,4000,0.0478,1.000,0.0620,0.67
5242,replay,4000,0.0771,1.000,0.0620,0.67
5243,replay,4000,0.0848,1.000,0.0620,0.67
5244,replay,4000,0.0601,1.000,0.0619,0.67
5245,es_step,4000,0.0431,1.000,0.0619,1.28
5246,es_step,4000,0.0455,1.000,0.0619,1.28
5247,replay,4000,0.0645,1.000,0.0619,0.67
5248,es_step,4000,0.0317,1.000,0.0619,1.27
5249,replay,4000,0.0768,1.000,0.0619,0.66
5250,es_step,4000,0.0348,1.000,0.0619,1.27
5251,replay,4000,0.0400,1.000,0.0617,0.66
5252,es_step,4000,0.0469,1.000,0.0617,1.27
5253,replay,4000,0.1142,1.000,0.0617,0.66
5254,replay,4000,0.1470,1.000,0.0618,0.66
5255,replay,4000,0.0913,1.000,0.0618,0.67
5256,replay,4000,0.1354,1.000,0.0618,0.67
5257,replay,4000,0.1726,1.000,0.0620,0.66
5258,replay,4000,0.1573,1.000,0.0620,0.67
5259,es_step,4000,0.1256,1.000,0.0624,1.28
5260,es_step,4000,0.1191,1.000,0.0625,1.27
5261,replay,4000,0.1529,1.000,0.0625,0.67
5262,replay,4000,0.1598,1.000,0.0626,0.67
5263,es_step,4000,0.0972,1.000,0.0626,1.29
5264,replay,4000,0.1204,1.000,0.0626,0.67
5265,replay,4000,0.1234,1.000,0.0626,0.67
5266,replay,4000,0.0913,1.000,0.0625,0.66
5267,es_step,4000,0.0491,1.000,0.0625,1.28
5268,replay,4000,0.0880,1.000,0.0624,0.67
5269,replay,4000,0.0722,1.000,0.0624,0.67
5270,replay,4000,0.0474,1.000,0.0622,0.67
5271,es_step,4000,0.0387,1.000,0.0622,1.28
5272,es_step,4000,0.0384,1.000,0.0622,1.27
5273,replay,4000,0.0434,1.000,0.0621,0.66
5274,replay,4000,0.0404,1.000,0.0620,0.66
5275,replay,4000,0.0786,1.000,0.0619,0.66
5276,es_step,4000,0.0678,1.000,0.0619,1.27
5277,es_step,4000,0.0657,1.000,0.0619,1.27
5278,es_step,4000,0.0628,1.000,0.0619,1.27
5279,replay,4000,0.0735,1.000,0.0617,0.66
5280,replay,4000,0.0985,1.000,0.0618,0.66
5281,replay,4000,0.1129,1.000,0.0618,0.66
5282,es_step,4000,0.0842,1.000,0.0618,1.27
5283,replay,4000,0.1059,1.000,0.0618,0.66
5284,replay,4000,0.1226,1.000,0.0619,0.66
5285,replay,4000,0.0648,1.000,0.0617,0.66
5286,replay,4000,0.1257,1.000,0.0618,0.66
5287,replay,4000,0.1686,1.000,0.0619,0.67
5288,es_step,4000,0.1061,1.000,0.0619,1.28
5289,replay,4000,0.1843,1.000,0.0620,0.66
5290,replay,4000,0.1612,1.000,0.0621,0.66
5291,replay,4000,0.1530,1.000,0.0621,0.67
5292,es_step,4000,0.0639,1.000,0.0621,1.28
5293,replay,4000,0.1096,1.000,0.0621,2.70
5294,replay,4000,0.0672,1.000,0.0621,0.67
5295,replay,4000,0.0877,1.000,0.0621,0.67
5296,replay,4000,0.0557,1.000,0.0619,0.67
5297,replay,4000,0.0588,1.000,0.0618,0.66
5298,replay,4000,0.0328,1.000,0.0617,0.66
5299,replay,4000,0.0604,1.000,0.0617,0.66
5300,replay,4000,0.0479,1.000,0.0616,0.67
5301,replay,4000,0.0980,1.000,0.0615,0.67
5302,replay,4000,0.0932,1.000,0.0617,0.66
5303,replay,4000,0.0606,1.000,0.0617,0.66
5304,replay,4000,0.1344,1.000,0.0616,0.66
5305,replay,4000,0.1539,1.000,0.0617,0.66
5306,replay,4000,0.1703,1.000,0.0619,0.66
5307,replay,4000,0.1588,1.000,0.0620,0.67
5308,replay,4000,0.1744,1.000,0.0621,0.66
5309,es_step,4000,0.1222,1.000,0.0623,1.27
5310,replay,4000,0.1932,1.000,0.0625,0.66
5311,replay,4000,0.1821,1.000,0.0625,0.66
5312,replay,4000,0.1526,1.000,0.0627,0.66
5313,es_step,4000,0.1135,1.000,0.0628,1.27
5314,replay,4000,0.1637,1.000,0.0629,0.66
5315,replay,4000,0.1362,1.000,0.0630,0.66
5316,es_step,4000,0.0920,1.000,0.0630,1.27
5317,replay,4000,0.1500,1.000,0.0632,0.66
5318,replay,4000,0.1173,1.000,0.0632,0.66
5319,replay,4000,0.0790,1.000,0.0633,0.67
5320,replay,4000,0.0533,1.000,0.0632,0.66
5321,replay,4000,0.0737,1.000,0.0630,0.66
5322,replay,4000,0.1061,1.000,0.0629,0.66
5323,replay,4000,0.1238,1.000,0.0630,0.66
5324,replay,4000,0.1140,1.000,0.0630,0.66
5325,es_step,4000,0.0975,1.000,0.0630,1.27
5326,es_step,4000,0.0980,1.000,0.0630,1.27
5327,replay,4000,0.1421,1.000,0.0632,0.66
5328,replay,4000,0.1295,1.000,0.0632,0.66
5329,replay,4000,0.1363,1.000,0.0633,0.67
5330,replay,4000,0.1416,1.000,0.0633,0.66
5331,replay,4000,0.1400,1.000,0.0633,0.67
5332,replay,4000,0.1172,1.000,0.0633,0.66
5333,replay,4000,0.1085,1.000,0.0634,0.66
5334,replay,4000,0.1169,1.000,0.0634,0.66
5335,replay,4000,0.1095,1.000,0.0633,0.66
5336,es_step,4000,0.0598,1.000,0.0633,1.27
5337,replay,4000,0.0933,1.000,0.0633,0.66
5338,replay,4000,0.0618,1.000,0.0633,0.66
5339,replay,4000,0.0955,1.000,0.0633,0.66
5340,replay,4000,0.1065,1.000,0.0633,0.66
5341,replay,4000,0.1076,1.000,0.0634,0.66
5342,replay,4000,0.0893,1.000,0.0634,0.67
5343,replay,4000,0.1035,1.000,0.0635,0.66
5344,replay,4000,0.1029,1.000,0.0635,0.66
5345,es_step,4000,0.0504,1.000,0.0635,1.28
5346,replay,4000,0.0757,1.000,0.0634,0.66
5347,replay,4000,0.0936,1.000,0.0633,0.66
5348,es_step,4000,0.0471,1.000,0.0633,1.27
5349,replay,4000,0.0933,1.000,0.0632,0.67
5350,replay,4000,0.0888,1.000,0.0631,0.66
5351,es_step,4000,0.0776,1.000,0.0631,1.27
5352,replay,4000,0.0782,1.000,0.0630,0.66
5353,replay,4000,0.1277,1.000,0.0631,0.66
5354,replay,4000,0.0896,1.000,0.0630,0.66
5355,replay,4000,0.1339,1.000,0.0631,0.67
5356,replay,4000,0.1415,1.000,0.0631,0.66
5357,es_step,4000,0.1013,1.000,0.0631,1.27
5358,es_step,4000,0.0913,1.000,0.0631,1.27
5359,replay,4000,0.1311,1.000,0.0632,0.66
5360,replay,4000,0.0890,1.000,0.0632,0.66
5361,replay,4000,0.1379,1.000,0.0632,0.66
5362,replay,4000,0.1373,1.000,0.0632,0.66
5363,replay,4000,0.1130,1.000,0.0631,0.66
5364,replay,4000,0.1448,1.000,0.0631,0.66
5365,replay,4000,0.1247,1.000,0.0632,0.66
5366,replay,4000,0.1163,1.000,0.0632,0.66
5367,replay,4000,0.0909,1.000,0.0631,0.66
5368,es_step,4000,0.0764,1.000,0.0631,1.26
5369,replay,4000,0.0964,1.000,0.0631,0.66
5370,es_step,4000,0.0632,1.000,0.0631,1.27
5371,replay,4000,0.1050,1.000,0.0631,0.66
5372,replay,4000,0.0640,1.000,0.0628,0.66
5373,replay,4000,0.0710,1.000,0.0628,0.66
5374,replay,4000,0.0630,1.000,0.0626,0.66
5375,replay,4000,0.0621,1.000,0.0625,0.67
5376,replay,4000,0.0703,1.000,0.0624,0.66
5377,replay,4000,0.0345,1.000,0.0622,0.66
5378,replay,4000,0.0514,1.000,0.0620,0.66
5379,replay,4000,0.0932,1.000,0.0620,0.66
5380,replay,4000,0.1060,1.000,0.0620,0.66
5381,es_step,4000,0.0793,1.000,0.0620,1.27
5382,replay,4000,0.0699,1.000,0.0618,0.65
5383,es_step,4000,0.0776,1.000,0.0619,1.27
5384,replay,4000,0.1218,1.000,0.0621,0.66
5385,es_step,4000,0.0840,1.000,0.0621,1.27
5386,replay,4000,0.1122,1.000,0.0623,0.66
5387,replay,4000,0.1172,1.000,0.0623,0.67
5388,replay,4000,0.1006,1.000,0.0622,0.67
5389,replay,4000,0.1054,1.000,0.0622,0.67
5390,replay,4000,0.1496,1.000,0.0622,0.67
5391,replay,4000,0.1037,1.000,0.0622,0.66
5392,replay,4000,0.1184,1.000,0.0622,0.66
5393,replay,4000,0.0848,1.000,0.0620,0.66
5394,replay,4000,0.1076,1.000,0.0621,0.66
5395,es_step,4000,0.0780,1.000,0.0621,1.28
5396,replay,4000,0.1020,1.000,0.0621,0.66
5397,replay,4000,0.0182,1.000,0.0619,0.66
5398,replay,4000,0.0587,1.000,0.0618,0.66
5399,replay,4000,0.1298,1.000,0.0618,0.66
5400,replay,4000,0.1048,1.000,0.0618,0.66
5401,replay,4000,0.1485,1.000,0.0619,0.67
5402,replay,4000,0.1124,1.000,0.0619,0.67
5403,replay,4000,0.0789,1.000,0.0618,0.67
5404,replay,4000,0.1275,1.000,0.0619,0.66
5405,es_step,4000,0.1178,1.000,0.0620,1.28
5406,replay,4000,0.1326,1.000,0.0619,0.66
5407,replay,4000,0.1276,1.000,0.0620,0.66
5408,replay,4000,0.1207,1.000,0.0622,0.67
5409,replay,4000,0.1141,1.000,0.0621,0.67
5410,replay,4000,0.0806,1.000,0.0621,0.67
5411,replay,4000,0.0559,1.000,0.0619,0.67
5412,replay,4000,0.0469,1.000,0.0617,0.66
5413,es_step,4000,0.0351,1.000,0.0617,1.27
5414,replay,4000,0.0158,1.000,0.0616,0.66
5415,replay,4000,0.0552,1.000,0.0615,0.66
5416,replay,4000,0.0504,1.000,0.0613,0.66
5417,es_step,4000,0.0639,1.000,0.0613,1.27
5418,replay,4000,0.0681,1.000,0.0612,0.66
5419,replay,4000,0.0699,1.000,0.0612,0.66
5420,replay,4000,0.0655,1.000,0.0611,0.66
5421,replay,4000,0.0616,1.000,0.0610,0.66
5422,replay,4000,0.0824,1.000,0.0609,0.66
5423,replay,4000,0.0388,1.000,0.0607,0.66
5424,replay,4000,0.0694,1.000,0.0606,0.66
5425,replay,4000,0.0702,1.000,0.0605,0.66
5426,replay,4000,0.0791,1.000,0.0604,0.66
5427,replay,4000,0.0877,1.000,0.0603,0.67
5428,replay,4000,0.0629,1.000,0.0603,0.67
5429,replay,4000,0.1302,1.000,0.0603,0.67
5430,replay,4000,0.1214,1.000,0.0604,0.67
5431,replay,4000,0.1313,1.000,0.0605,0.67
5432,replay,4000,0.1174,1.000,0.0606,0.67
5433,replay,4000,0.1253,1.000,0.0606,0.66
5434,replay,4000,0.1325,1.000,0.0606,0.67
5435,replay,4000,0.1049,1.000,0.0606,0.67
5436,replay,4000,0.0882,1.000,0.0604,0.66
5437,replay,4000,0.0892,1.000,0.0604,0.67
5438,replay,4000,0.0767,1.000,0.0604,0.67
5439,replay,4000,0.0873,1.000,0.0604,0.66
5440,replay,4000,0.0795,1.000,0.0603,0.66
5441,replay,4000,0.0728,1.000,0.0602,0.67
5442,replay,4000,0.0725,1.000,0.0601,0.66
5443,replay,4000,0.0520,1.000,0.0600,0.67
5444,replay,4000,0.0929,1.000,0.0599,0.66
5445,es_step,4000,0.0417,1.000,0.0599,1.28
5446,replay,4000,0.0638,1.000,0.0598,0.66
5447,replay,4000,0.0555,1.000,0.0597,0.67
5448,replay,4000,0.0786,1.000,0.0598,0.66
5449,replay,4000,0.0885,1.000,0.0597,0.67
5450,replay,4000,0.1256,1.000,0.0598,0.66
5451,replay,4000,0.1277,1.000,0.0598,0.67
5452,replay,4000,0.1296,1.000,0.0599,0.67
5453,replay,4000,0.1192,1.000,0.0599,0.66
5454,replay,4000,0.0736,1.000,0.0598,0.66
5455,replay,4000,0.0860,1.000,0.0597,0.66
5456,replay,4000,0.1118,1.000,0.0597,0.66
5457,es_step,4000,0.1019,1.000,0.0597,1.27
5458,replay,4000,0.1244,1.000,0.0598,0.66
5459,replay,4000,0.1400,1.000,0.0598,0.66
5460,replay,4000,0.1336,1.000,0.0598,0.67
5461,replay,4000,0.1220,1.000,0.0600,0.67
5462,replay,4000,0.0833,1.000,0.0601,0.67
5463,replay,4000,0.1124,1.000,0.0600,0.66
5464,replay,4000,0.1689,1.000,0.0600,0.66
5465,replay,4000,0.1750,1.000,0.0601,0.67
5466,es_step,4000,0.1163,1.000,0.0602,1.28
5467,es_step,4000,0.1167,1.000,0.0604,1.28
5468,replay,4000,0.1499,1.000,0.0605,0.67
5469,replay,4000,0.1272,1.000,0.0606,0.67
5470,replay,4000,0.1392,1.000,0.0609,0.67
5471,replay,4000,0.1416,1.000,0.0609,0.67
5472,es_step,4000,0.0959,1.000,0.0609,1.29
5473,es_step,4000,0.0890,1.000,0.0609,1.28
5474,replay,4000,0.0818,1.000,0.0608,0.66
5475,replay,4000,0.1276,1.000,0.0608,0.66
5476,replay,4000,0.1230,1.000,0.0612,0.66
5477,replay,4000,0.1348,1.000,0.0613,0.67
5478,replay,4000,0.1133,1.000,0.0614,0.67
5479,replay,4000,0.1019,1.000,0.0613,0.67
5480,replay,4000,0.0707,1.000,0.0613,0.66
5481,replay,4000,0.0710,1.000,0.0613,0.67
5482,es_step,4000,0.0464,1.000,0.0613,1.28
5483,replay,4000,0.0876,1.000,0.0612,0.67
5484,es_step,4000,0.0755,1.000,0.0612,1.28
5485,replay,4000,0.0892,1.000,0.0612,0.67
5486,replay,4000,0.1171,1.000,0.0613,0.66
5487,replay,4000,0.1529,1.000,0.0614,0.66
5488,replay,4000,0.1452,1.000,0.0615,0.66
5489,replay,4000,0.1374,1.000,0.0615,0.66
5490,replay,4000,0.0781,1.000,0.0615,0.67
5491,replay,4000,0.0933,1.000,0.0614,0.67
5492,replay,4000,0.0500,1.000,0.0613,0.67
5493,replay,4000,0.0542,1.000,0.0612,0.66
5494,replay,4000,0.0478,1.000,0.0611,0.67
5495,replay,4000,0.0308,1.000,0.0609,0.66
5496,replay,4000,0.0647,1.000,0.0608,0.67
5497,replay,4000,0.1107,1.000,0.0607,0.67
5498,es_step,4000,0.0699,1.000,0.0607,1.28
5499,replay,4000,-0.0357,1.000,0.0607,0.66
5500,replay,4000,0.1077,1.000,0.0607,0.66
5501,es_step,4000,0.1057,1.000,0.0608,1.28
5502,replay,4000,0.1164,1.000,0.0607,0.66
5503,replay,4000,0.1299,1.000,0.0607,0.67
5504,replay,4000,0.1018,1.000,0.0608,0.67
5505,replay,4000,0.1105,1.000,0.0607,0.67
5506,replay,4000,0.0957,1.000,0.0607,0.66
5507,replay,4000,0.0566,1.000,0.0606,0.67
5508,replay,4000,0.0545,1.000,0.0605,0.67
5509,replay,4000,0.0645,1.000,0.0602,0.67
5510,replay,4000,0.0314,1.000,0.0601,0.67
5511,replay,4000,0.0611,1.000,0.0600,0.67
5512,replay,4000,0.0878,1.000,0.0599,0.67
5513,replay,4000,0.0967,1.000,0.0598,0.67
5514,es_step,4000,0.0739,1.000,0.0598,1.28
5515,replay,4000,0.0620,1.000,0.0599,0.67
5516,replay,4000,0.1214,1.000,0.0599,0.67
5517,replay,4000,0.1475,1.000,0.0600,0.67
5518,replay,4000,0.1300,1.000,0.0601,0.67
5519,replay,4000,0.0997,1.000,0.0600,0.67
5520,replay,4000,0.1535,1.000,0.0600,0.67
5521,replay,4000,0.1247,1.000,0.0600,0.67
5522,replay,4000,0.1231,1.000,0.0601,0.67
5523,replay,4000,0.1113,1.000,0.0601,0.67
5524,replay,4000,0.1215,1.000,0.0602,0.67
5525,replay,4000,0.1236,1.000,0.0602,0.67
5526,replay,4000,0.0870,1.000,0.0601,0.67
5527,es_step,4000,0.0792,1.000,0.0601,1.28
5528,es_step,4000,0.0734,1.000,0.0601,1.29
5529,replay,4000,0.0916,1.000,0.0603,0.66
5530,replay,4000,0.1005,1.000,0.0603,0.66
5531,replay,4000,0.1160,1.000,0.0602,0.66
5532,replay,4000,0.1120,1.000,0.0603,0.66
5533,replay,4000,0.1020,1.000,0.0603,0.67
5534,replay,4000,0.1239,1.000,0.0605,0.67
5535,es_step,4000,0.0838,1.000,0.0605,1.28
5536,replay,4000,0.0523,1.000,0.0605,0.66
5537,replay,4000,0.1318,1.000,0.0605,0.67
5538,replay,4000,0.1265,1.000,0.0605,0.67
5539,es_step,4000,0.0834,1.000,0.0605,1.28
5540,replay,4000,0.0896,1.000,0.0605,0.66
5541,es_step,4000,0.0778,1.000,0.0605,1.27
5542,replay,4000,0.0711,1.000,0.0605,0.66
5543,es_step,4000,0.1005,1.000,0.0607,1.28
5544,replay,4000,0.1174,1.000,0.0607,0.66
5545,es_step,4000,0.1124,1.000,0.0609,1.27
5546,replay,4000,0.1364,1.000,0.0609,0.66
5547,replay,4000,0.1686,1.000,0.0610,0.66
5548,replay,4000,0.1538,1.000,0.0610,0.66
5549,replay,4000,0.1181,1.000,0.0610,0.67
5550,replay,4000,0.1566,1.000,0.0611,0.67
5551,replay,4000,0.1228,1.000,0.0611,0.67
5552,replay,4000,0.1427,1.000,0.0612,0.67
5553,replay,4000,0.1627,1.000,0.0614,0.67
5554,es_step,4000,0.1332,1.000,0.0615,1.28
5555,replay,4000,0.1494,1.000,0.0616,0.66
5556,replay,4000,0.1575,1.000,0.0616,0.67
5557,replay,4000,0.1118,1.000,0.0616,0.66
5558,es_step,4000,0.0940,1.000,0.0616,1.28
5559,replay,4000,0.1143,1.000,0.0616,0.66
5560,replay,4000,0.0745,1.000,0.0616,0.67
5561,es_step,4000,0.0519,1.000,0.0616,1.28
5562,replay,4000,0.0706,1.000,0.0615,0.67
5563,replay,4000,0.0595,1.000,0.0615,0.67
5564,es_step,4000,0.0313,1.000,0.0615,1.29
5565,replay,4000,0.0420,1.000,0.0613,0.67
5566,replay,4000,0.0453,1.000,0.0611,0.67
5567,replay,4000,0.0522,1.000,0.0610,0.66
5568,replay,4000,0.0479,1.000,0.0608,0.67
5569,replay,4000,0.0611,1.000,0.0607,0.67
5570,replay,4000,0.0492,1.000,0.0606,0.66
5571,replay,4000,0.0438,1.000,0.0605,0.67
5572,replay,4000,0.0682,1.000,0.0604,0.66
5573,replay,4000,0.0788,1.000,0.0604,0.67
5574,es_step,4000,0.0464,1.000,0.0604,1.28
5575,replay,4000,0.0671,1.000,0.0603,0.78
5576,es_step,4000,0.0460,1.000,0.0603,1.27
5577,es_step,4000,0.0550,1.000,0.0603,1.28
5578,replay,4000,0.0870,1.000,0.0603,0.67
5579,replay,4000,0.0795,1.000,0.0603,0.66
5580,replay,4000,0.0824,1.000,0.0602,0.66
5581,replay,4000,0.0824,1.000,0.0601,0.66
5582,es_step,4000,0.0404,1.000,0.0601,1.27
5583,replay,4000,0.0696,1.000,0.0601,0.66
5584,replay,4000,0.0648,1.000,0.0600,0.66
5585,replay,4000,0.0564,1.000,0.0599,0.67
5586,replay,4000,0.0481,1.000,0.0598,0.67
5587,replay,4000,0.0588,1.000,0.0597,0.67
5588,replay,4000,0.0589,1.000,0.0598,0.67
5589,replay,4000,0.0366,1.000,0.0597,0.66
5590,replay,4000,0.0508,1.000,0.0597,0.67
5591,replay,4000,0.0828,1.000,0.0596,0.67
5592,replay,4000,0.0921,1.000,0.0596,0.66
5593,replay,4000,0.0826,1.000,0.0595,0.67
5594,es_step,4000,0.0609,1.000,0.0595,1.27
5595,replay,4000,0.0786,1.000,0.0595,0.66
5596,replay,4000,0.0667,1.000,0.0595,0.66
5597,es_step,4000,0.0453,1.000,0.0595,1.26
5598,replay,4000,0.0372,1.000,0.0596,0.66
5599,replay,4000,0.0985,1.000,0.0596,0.66
5600,replay,4000,0.0979,1.000,0.0596,0.66
5601,replay,4000,0.1221,1.000,0.0597,0.66
5602,replay,4000,0.0978,1.000,0.0596,0.66
5603,replay,4000,0.1131,1.000,0.0597,0.66
5604,replay,4000,0.0839,1.000,0.0597,0.66
5605,replay,4000,0.0952,1.000,0.0597,0.66
5606,replay,4000,0.1282,1.000,0.0597,0.66
5607,replay,4000,0.1102,1.000,0.0597,0.67
5608,replay,4000,0.0785,1.000,0.0597,0.67
5609,replay,4000,0.0741,1.000,0.0597,0.66
5610,es_step,4000,0.0886,1.000,0.0597,1.28
5611,replay,4000,0.1254,1.000,0.0598,0.66
5612,replay,4000,0.1360,1.000,0.0598,0.66
5613,es_step,4000,0.1074,1.000,0.0598,3.33
5614,replay,4000,0.1425,1.000,0.0599,0.66
5615,es_step,4000,0.0797,1.000,0.0599,1.27
5616,replay,4000,0.1220,1.000,0.0599,0.66
5617,es_step,4000,0.0436,1.000,0.0599,1.27
5618,replay,4000,0.0612,1.000,0.0597,0.67
5619,es_step,4000,0.0185,1.000,0.0597,1.27
5620,replay,4000,0.0435,1.000,0.0596,0.66
5621,replay,4000,0.0305,1.000,0.0596,0.66
5622,replay,4000,-0.0036,1.000,0.0593,0.67
5623,es_step,4000,0.0179,1.000,0.0593,1.28
5624,replay,4000,0.0157,1.000,0.0592,0.67
5625,es_step,4000,0.0323,1.000,0.0592,1.28
5626,replay,4000,0.0529,1.000,0.0590,0.67
5627,replay,4000,0.0861,1.000,0.0589,0.66
5628,replay,4000,0.1009,1.000,0.0589,0.66
5629,replay,4000,0.0650,1.000,0.0590,0.66
5630,replay,4000,0.1270,1.000,0.0591,0.66
5631,es_step,4000,0.0898,1.000,0.0592,1.28
5632,replay,4000,0.1056,1.000,0.0592,0.67
5633,replay,4000,0.1162,1.000,0.0593,0.66
5634,replay,4000,0.0870,1.000,0.0592,0.66
5635,replay,4000,0.1198,1.000,0.0593,0.67
5636,replay,4000,0.1216,1.000,0.0593,0.66
5637,replay,4000,0.1402,1.000,0.0594,0.66
5638,replay,4000,0.1209,1.000,0.0594,0.66
5639,replay,4000,0.1155,1.000,0.0595,0.67
5640,replay,4000,0.0996,1.000,0.0595,0.66
5641,replay,4000,0.1015,1.000,0.0594,0.66
5642,es_step,4000,0.0604,1.000,0.0594,1.28
5643,es_step,4000,0.0583,1.000,0.0594,1.28
5644,replay,4000,0.1100,1.000,0.0594,0.66
5645,es_step,4000,0.0579,1.000,0.0594,1.27
5646,replay,4000,0.0835,1.000,0.0594,0.66
5647,replay,4000,0.0758,1.000,0.0593,0.66
5648,replay,4000,0.0912,1.000,0.0592,0.66
5649,replay,4000,0.0914,1.000,0.0591,0.66
5650,replay,4000,0.0370,1.000,0.0592,0.66
5651,replay,4000,0.0353,1.000,0.0592,0.66
5652,replay,4000,0.0763,1.000,0.0590,0.66
5653,replay,4000,0.0614,1.000,0.0590,0.66
5654,replay,4000,0.0579,1.000,0.0589,0.66
5655,replay,4000,-0.1339,1.000,0.0587,0.66
5656,replay,4000,0.1031,1.000,0.0587,0.66
5657,replay,4000,0.1247,1.000,0.0587,0.66
5658,replay,4000,0.1421,1.000,0.0588,0.66
5659,replay,4000,0.1289,1.000,0.0588,0.66
5660,replay,4000,0.1141,1.000,0.0588,0.66
5661,replay,4000,0.0812,1.000,0.0588,0.66
5662,replay,4000,0.0771,1.000,0.0588,0.66
5663,replay,4000,0.0855,1.000,0.0587,0.67
5664,replay,4000,0.0822,1.000,0.0586,0.66
5665,replay,4000,0.0741,1.000,0.0586,0.66
5666,replay,4000,0.0757,1.000,0.0585,0.66
5667,replay,4000,0.1074,1.000,0.0585,0.66
5668,replay,4000,0.0970,1.000,0.0586,0.67
5669,replay,4000,0.0534,1.000,0.0584,0.67
5670,replay,4000,0.0717,1.000,0.0583,0.67
5671,replay,4000,0.0630,1.000,0.0583,0.66
5672,replay,4000,0.0680,1.000,0.0581,0.66
5673,replay,4000,0.0919,1.000,0.0581,0.67
5674,replay,4000,0.0587,1.000,0.0580,0.67
5675,es_step,4000,0.0685,1.000,0.0580,1.29
5676,replay,4000,0.0849,1.000,0.0580,0.66
5677,replay,4000,0.0895,1.000,0.0580,0.67
5678,es_step,4000,0.0648,1.000,0.0580,1.28
5679,replay,4000,0.0979,1.000,0.0580,0.66
5680,replay,4000,0.1115,1.000,0.0580,0.66
5681,es_step,4000,0.0904,1.000,0.0580,1.27
5682,replay,4000,0.1176,1.000,0.0580,0.66
5683,es_step,4000,0.1004,1.000,0.0580,1.28
5684,replay,4000,0.0758,1.000,0.0580,0.66
5685,replay,4000,0.1471,1.000,0.0581,0.67
5686,replay,4000,0.1350,1.000,0.0582,0.66
5687,replay,4000,0.1184,1.000,0.0582,0.67
5688,replay,4000,0.1371,1.000,0.0583,0.67
5689,replay,4000,0.1530,1.000,0.0583,0.67
5690,replay,4000,0.1384,1.000,0.0585,0.67
5691,replay,4000,0.1056,1.000,0.0586,0.67
5692,replay,4000,0.1322,1.000,0.0587,0.67
5693,replay,4000,0.1496,1.000,0.0587,0.67
5694,replay,4000,0.1647,1.000,0.0588,0.67
5695,replay,4000,0.1379,1.000,0.0588,0.67
5696,replay,4000,0.1157,1.000,0.0589,0.67
5697,replay,4000,0.0960,1.000,0.0589,0.67
5698,es_step,4000,0.0759,1.000,0.0590,1.28
5699,replay,4000,0.0731,1.000,0.0590,0.66
5700,replay,4000,0.0863,1.000,0.0589,0.66
5701,replay,4000,0.0513,1.000,0.0587,0.67
5702,es_step,4000,0.0420,1.000,0.0587,1.28
5703,replay,4000,0.0670,1.000,0.0586,0.66
5704,replay,4000,0.0509,1.000,0.0585,0.66
5705,replay,4000,0.0441,1.000,0.0582,0.66
5706,es_step,4000,0.0344,1.000,0.0582,1.28
5707,replay,4000,0.0496,1.000,0.0580,0.66
5708,replay,4000,0.0719,1.000,0.0579,0.66
5709,replay,4000,0.0776,1.000,0.0578,0.66
5710,replay,4000,0.1026,1.000,0.0578,0.66
5711,replay,4000,0.1347,1.000,0.0578,0.66
5712,replay,4000,0.1512,1.000,0.0579,0.66
5713,replay,4000,0.1425,1.000,0.0580,0.67
5714,replay,4000,0.1640,1.000,0.0582,0.67
5715,replay,4000,0.1495,1.000,0.0584,0.67
5716,replay,4000,0.1347,1.000,0.0585,0.67
5717,replay,4000,0.1430,1.000,0.0585,0.67
5718,replay,4000,0.1046,1.000,0.0585,0.66
5719,replay,4000,0.0722,1.000,0.0585,0.66
5720,replay,4000,0.0802,1.000,0.0584,0.66
5721,es_step,4000,0.0838,1.000,0.0584,1.28
5722,es_step,4000,0.0750,1.000,0.0584,1.27
5723,replay,4000,0.1075,1.000,0.0585,0.66
5724,replay,4000,0.0925,1.000,0.0585,0.67
5725,replay,4000,0.1222,1.000,0.0585,0.67
5726,replay,4000,0.0907,1.000,0.0586,0.67
5727,replay,4000,0.0786,1.000,0.0584,0.67
5728,replay,4000,0.1117,1.000,0.0584,0.67
5729,replay,4000,0.0866,1.000,0.0585,0.67
5730,es_step,4000,0.0705,1.000,0.0585,1.28
5731,replay,4000,0.1069,1.000,0.0585,0.66
5732,es_step,4000,0.0789,1.000,0.0585,1.27
5733,replay,4000,0.0868,1.000,0.0585,0.66
5734,replay,4000,0.1401,1.000,0.0586,0.66
5735,replay,4000,0.1567,1.000,0.0588,0.67
5736,replay,4000,0.1696,1.000,0.0588,0.67
5737,replay,4000,0.1768,1.000,0.0589,0.67
5738,es_step,4000,0.1067,1.000,0.0590,1.28
5739,es_step,4000,0.1062,1.000,0.0590,1.28
5740,replay,4000,0.1459,1.000,0.0591,0.66
5741,es_step,4000,0.0987,1.000,0.0591,1.28
5742,es_step,4000,0.1020,1.000,0.0591,1.28
5743,replay,4000,0.1444,1.000,0.0592,0.66
5744,replay,4000,0.1295,1.000,0.0592,0.67
5745,replay,4000,0.0872,1.000,0.0593,0.66
5746,replay,4000,0.0810,1.000,0.0592,0.66
5747,es_step,4000,0.0386,1.000,0.0592,1.27
5748,es_step,4000,0.0416,1.000,0.0592,1.27
5749,replay,4000,0.0587,1.000,0.0591,0.67
5750,es_step,4000,0.0490,1.000,0.0592,1.28
5751,es_step,4000,0.0531,1.000,0.0592,1.27
5752,replay,4000,0.0756,1.000,0.0592,0.66
5753,es_step,4000,0.0644,1.000,0.0592,1.27
5754,es_step,4000,0.0667,1.000,0.0592,1.29
5755,replay,4000,0.1010,1.000,0.0591,0.67
5756,replay,4000,0.1241,1.000,0.0592,0.66
5757,replay,4000,0.1099,1.000,0.0591,0.67
5758,replay,4000,0.1087,1.000,0.0591,0.67
5759,replay,4000,0.1129,1.000,0.0591,0.66
5760,replay,4000,0.0953,1.000,0.0591,0.67
5761,replay,4000,0.0787,1.000,0.0591,0.67
5762,replay,4000,0.0854,1.000,0.0590,0.67
5763,replay,4000,0.0686,1.000,0.0590,0.67
5764,es_step,4000,0.0391,1.000,0.0590,1.28
5765,replay,4000,0.0571,1.000,0.0590,0.66
5766,replay,4000,0.0623,1.000,0.0589,0.67
5767,replay,4000,0.0605,1.000,0.0588,0.67
5768,es_step,4000,0.0641,1.000,0.0588,1.28
5769,replay,4000,0.1129,1.000,0.0588,0.67
5770,es_step,4000,0.0628,1.000,0.0588,1.28
5771,replay,4000,0.1057,1.000,0.0588,0.67
5772,es_step,4000,0.0685,1.000,0.0588,1.28
5773,replay,4000,0.1016,1.000,0.0587,0.66
5774,replay,4000,0.1258,1.000,0.0587,0.66
5775,replay,4000,0.1101,1.000,0.0587,0.66
5776,es_step,4000,0.0876,1.000,0.0587,1.28
5777,replay,4000,0.0802,1.000,0.0587,0.66
5778,replay,4000,0.0980,1.000,0.0587,0.66
5779,replay,4000,0.0990,1.000,0.0587,0.66
5780,replay,4000,0.0938,1.000,0.0587,0.66
5781,es_step,4000,0.0540,1.000,0.0587,1.29
5782,replay,4000,0.0879,1.000,0.0587,0.67
5783,replay,4000,0.0929,1.000,0.0586,0.67
5784,replay,4000,0.0958,1.000,0.0586,0.67
5785,replay,4000,0.0921,1.000,0.0585,0.67
5786,replay,4000,0.0921,1.000,0.0586,0.67
5787,replay,4000,0.1063,1.000,0.0586,0.67
5788,replay,4000,0.0817,1.000,0.0586,0.66
5789,replay,4000,0.1460,1.000,0.0587,0.66
5790,replay,4000,0.1372,1.000,0.0587,0.66
5791,replay,4000,0.0910,1.000,0.0587,0.67
5792,es_step,4000,0.0741,1.000,0.0587,1.27
5793,es_step,4000,0.0688,1.000,0.0587,1.27
5794,replay,4000,0.0887,1.000,0.0587,0.66
5795,es_step,4000,0.0883,1.000,0.0588,1.27
5796,replay,4000,0.0991,1.000,0.0588,0.66
5797,replay,4000,0.0965,1.000,0.0588,0.66
5798,replay,4000,0.1074,1.000,0.0588,0.66
5799,replay,4000,0.0945,1.000,0.0588,0.66
5800,replay,4000,0.1074,1.000,0.0588,0.66
5801,replay,4000,0.0963,1.000,0.0588,0.66
5802,replay,4000,0.0889,1.000,0.0589,0.66
5803,replay,4000,0.0781,1.000,0.0588,0.66
5804,replay,4000,0.0776,1.000,0.0588,0.67
5805,replay,4000,0.0763,1.000,0.0586,0.67
5806,replay,4000,0.1170,1.000,0.0587,0.67
5807,replay,4000,0.0994,1.000,0.0588,0.66
5808,replay,4000,0.1324,1.000,0.0588,0.66
5809,replay,4000,0.0981,1.000,0.0590,0.67
5810,replay,4000,0.1052,1.000,0.0591,0.66
5811,replay,4000,0.1235,1.000,0.0591,0.66
5812,replay,4000,0.0907,1.000,0.0590,0.66
5813,es_step,4000,0.0839,1.000,0.0591,1.28
5814,replay,4000,0.0921,1.000,0.0591,0.67
5815,replay,4000,0.0925,1.000,0.0590,0.66
5816,replay,4000,0.0725,1.000,0.0590,0.67
5817,replay,4000,0.1311,1.000,0.0590,0.66
5818,replay,4000,0.1230,1.000,0.0590,0.66
5819,replay,4000,0.1158,1.000,0.0591,0.67
5820,replay,4000,0.1103,1.000,0.0591,0.67
5821,es_step,4000,0.0720,1.000,0.0591,1.28
5822,es_step,4000,0.0791,1.000,0.0591,1.29
5823,replay,4000,0.1230,1.000,0.0591,0.67
5824,es_step,4000,0.0657,1.000,0.0591,1.28
5825,replay,4000,0.1160,1.000,0.0591,0.68
5826,es_step,4000,0.0299,1.000,0.0591,1.29
5827,replay,4000,0.0706,1.000,0.0591,0.66
5828,replay,4000,0.0349,1.000,0.0589,0.67
5829,replay,4000,0.0042,1.000,0.0587,0.67
5830,es_step,4000,0.0237,1.000,0.0588,1.28
5831,replay,4000,0.0455,1.000,0.0586,0.66
5832,replay,4000,0.0465,1.000,0.0585,0.66
5833,replay,4000,0.0791,1.000,0.0585,0.66
5834,replay,4000,0.0648,1.000,0.0584,0.67
5835,replay,4000,0.0711,1.000,0.0583,0.66
5836,replay,4000,0.0782,1.000,0.0582,0.66
5837,replay,4000,0.0936,1.000,0.0581,0.66
5838,es_step,4000,0.0587,1.000,0.0581,1.28
5839,replay,4000,0.0766,1.000,0.0580,0.66
5840,es_step,4000,0.0803,1.000,0.0580,1.27
5841,replay,4000,0.0897,1.000,0.0580,0.66
5842,replay,4000,0.1033,1.000,0.0580,0.66
5843,es_step,4000,0.0715,1.000,0.0580,1.27
5844,replay,4000,0.0903,1.000,0.0582,0.66
5845,es_step,4000,0.0665,1.000,0.0582,1.27
5846,replay,4000,0.0990,1.000,0.0582,0.66
5847,replay,4000,0.0701,1.000,0.0581,0.66
5848,replay,4000,0.0652,1.000,0.0580,0.67
5849,replay,4000,0.0604,1.000,0.0579,0.67
5850,replay,4000,0.0485,1.000,0.0578,0.67
5851,es_step,4000,0.0330,1.000,0.0579,1.28
5852,replay,4000,0.0360,1.000,0.0577,0.66
5853,es_step,4000,0.0459,1.000,0.0577,1.27
5854,replay,4000,0.0824,1.000,0.0576,0.66
5855,replay,4000,0.0945,1.000,0.0576,0.66
5856,replay,4000,0.0932,1.000,0.0576,0.66
5857,replay,4000,0.1538,1.000,0.0577,0.66
5858,replay,4000,0.1430,1.000,0.0579,0.66
5859,replay,4000,0.1807,1.000,0.0580,0.66
5860,replay,4000,0.1347,1.000,0.0581,0.66
5861,es_step,4000,0.0904,1.000,0.0581,1.27
5862,replay,4000,0.1208,1.000,0.0581,0.66
5863,replay,4000,0.1287,1.000,0.0581,0.66
5864,es_step,4000,0.0603,1.000,0.0581,1.28
5865,replay,4000,0.1077,1.000,0.0581,0.66
5866,replay,4000,0.0856,1.000,0.0580,0.67
5867,replay,4000,0.0760,1.000,0.0580,0.66
5868,replay,4000,0.1015,1.000,0.0580,0.66
5869,replay,4000,0.0497,1.000,0.0579,0.67
5870,replay,4000,0.0803,1.000,0.0578,0.66
5871,replay,4000,0.0501,1.000,0.0576,0.67
5872,replay,4000,0.0979,1.000,0.0576,0.67
5873,replay,4000,0.1017,1.000,0.0576,0.67
5874,replay,4000,0.1098,1.000,0.0577,0.66
5875,es_step,4000,0.0954,1.000,0.0577,1.28
5876,replay,4000,0.1073,1.000,0.0576,0.67
5877,replay,4000,0.0814,1.000,0.0576,0.67
5878,es_step,4000,0.0688,1.000,0.0576,1.28
5879,replay,4000,0.0952,1.000,0.0575,0.66
5880,replay,4000,0.0753,1.000,0.0575,0.67
5881,es_step,4000,0.0370,1.000,0.0575,1.28
5882,es_step,4000,0.0359,1.000,0.0575,1.27
5883,replay,4000,0.0550,1.000,0.0574,0.66
5884,replay,4000,0.0348,1.000,0.0573,0.66
5885,replay,4000,0.0676,1.000,0.0572,0.66
5886,replay,4000,0.0256,1.000,0.0569,0.66
5887,es_step,4000,0.0479,1.000,0.0569,1.27
5888,replay,4000,0.0995,1.000,0.0569,0.66
5889,replay,4000,0.1110,1.000,0.0569,0.67
5890,replay,4000,0.0832,1.000,0.0570,0.67
5891,replay,4000,0.0646,1.000,0.0570,0.67
5892,es_step,4000,0.0573,1.000,0.0570,1.28
5893,replay,4000,0.0697,1.000,0.0569,0.66
5894,replay,4000,0.1303,1.000,0.0569,0.66
5895,replay,4000,0.1201,1.000,0.0569,0.66
5896,es_step,4000,0.0726,1.000,0.0569,1.27
5897,replay,4000,0.1099,1.000,0.0569,0.66
5898,es_step,4000,0.0632,1.000,0.0569,1.27
5899,replay,4000,0.0972,1.000,0.0570,0.66
5900,replay,4000,0.1014,1.000,0.0569,0.66
5901,replay,4000,0.0929,1.000,0.0568,0.66
5902,replay,4000,0.0500,1.000,0.0568,0.66
5903,es_step,4000,0.0397,1.000,0.0568,1.27
5904,es_step,4000,0.0379,1.000,0.0568,1.27
5905,replay,4000,0.0636,1.000,0.0569,2.74
5906,replay,4000,0.0909,1.000,0.0568,0.67
5907,replay,4000,0.1113,1.000,0.0568,0.67
5908,es_step,4000,0.0563,1.000,0.0568,1.28
5909,es_step,4000,0.0647,1.000,0.0568,1.28
5910,replay,4000,0.1033,1.000,0.0568,0.66
5911,replay,4000,0.0968,1.000,0.0568,0.67
5912,replay,4000,0.1296,1.000,0.0569,0.67
5913,replay,4000,0.0919,1.000,0.0569,0.67
5914,replay,4000,0.0999,1.000,0.0569,0.67
5915,replay,4000,0.1159,1.000,0.0570,0.67
5916,es_step,4000,0.0808,1.000,0.0570,1.28
5917,es_step,4000,0.0810,1.000,0.0570,1.28
5918,replay,4000,0.1131,1.000,0.0571,0.66
5919,replay,4000,0.1035,1.000,0.0571,0.67
5920,replay,4000,0.1052,1.000,0.0569,0.66
5921,replay,4000,0.1221,1.000,0.0571,0.66
5922,replay,4000,0.1526,1.000,0.0572,0.66
5923,replay,4000,0.1651,1.000,0.0573,0.66
5924,replay,4000,0.1672,1.000,0.0574,0.66
5925,replay,4000,0.1523,1.000,0.0575,0.67
5926,es_step,4000,0.0942,1.000,0.0575,1.28
5927,replay,4000,0.1210,1.000,0.0575,0.66
5928,replay,4000,0.0927,1.000,0.0575,0.66
5929,replay,4000,0.0660,1.000,0.0575,0.66
5930,replay,4000,0.0743,1.000,0.0575,0.66
5931,es_step,4000,0.0319,1.000,0.0576,1.27
5932,es_step,4000,0.0295,1.000,0.0576,1.27
5933,replay,4000,0.0782,1.000,0.0575,0.66
5934,replay,4000,0.0632,1.000,0.0574,0.66
5935,es_step,4000,0.0294,1.000,0.0574,1.26
5936,replay,4000,0.0510,1.000,0.0572,0.66
5937,replay,4000,0.0655,1.000,0.0572,0.66
5938,replay,4000,0.0992,1.000,0.0571,0.66
5939,replay,4000,0.1305,1.000,0.0571,0.66
5940,replay,4000,0.1232,1.000,0.0572,0.67
5941,replay,4000,0.1110,1.000,0.0572,0.66
5942,replay,4000,0.1134,1.000,0.0574,0.66
5943,replay,4000,0.0894,1.000,0.0572,0.67
5944,replay,4000,0.1136,1.000,0.0572,0.67
5945,replay,4000,0.1116,1.000,0.0574,0.67
5946,replay,4000,0.1073,1.000,0.0574,0.67
5947,replay,4000,0.1063,1.000,0.0574,0.66
5948,replay,4000,0.1093,1.000,0.0574,0.67
5949,replay,4000,0.1374,1.000,0.0575,0.67
5950,replay,4000,0.0929,1.000,0.0575,0.67
5951,replay,4000,0.1245,1.000,0.0576,0.67
5952,replay,4000,0.1072,1.000,0.0577,0.67
5953,es_step,4000,0.0726,1.000,0.0577,1.28
5954,replay,4000,0.1729,1.000,0.0577,0.66
5955,replay,4000,0.1305,1.000,0.0577,0.67
5956,replay,4000,0.1656,1.000,0.0579,0.67
5957,replay,4000,0.1463,1.000,0.0579,0.66
5958,replay,4000,0.1638,1.000,0.0581,0.66
5959,es_step,4000,0.1111,1.000,0.0582,1.29
5960,es_step,4000,0.1131,1.000,0.0584,1.28
5961,es_step,4000,0.1132,1.000,0.0585,1.28
5962,es_step,4000,0.1184,1.000,0.0585,1.27
5963,replay,4000,0.1790,1.000,0.0585,0.66
5964,replay,4000,0.1717,1.000,0.0586,0.67
5965,es_step,4000,0.1140,1.000,0.0587,1.27
5966,replay,4000,0.1474,1.000,0.0588,0.66
5967,replay,4000,0.1546,1.000,0.0590,0.66
5968,es_step,4000,0.0981,1.000,0.0590,1.27
5969,replay,4000,0.1525,1.000,0.0593,0.67
5970,replay,4000,0.1135,1.000,0.0593,0.67
5971,replay,4000,0.0967,1.000,0.0593,0.67
5972,replay,4000,0.0545,1.000,0.0593,0.67
5973,replay,4000,0.0441,1.000,0.0591,0.67
5974,es_step,4000,0.0518,1.000,0.0591,1.29
5975,es_step,4000,0.0502,1.000,0.0591,1.28
5976,replay,4000,0.1000,1.000,0.0592,0.67
5977,replay,4000,-0.1678,1.000,0.0591,0.67
5978,replay,4000,0.1646,1.000,0.0591,0.67
5979,replay,4000,0.1573,1.000,0.0592,0.67
5980,es_step,4000,0.1130,1.000,0.0593,1.28
5981,replay,4000,0.1719,1.000,0.0594,0.66
5982,replay,4000,0.1672,1.000,0.0596,0.66
5983,replay,4000,0.1549,1.000,0.0597,0.66
5984,replay,4000,0.0784,1.000,0.0597,0.67
5985,es_step,4000,0.0724,1.000,0.0597,1.28
5986,replay,4000,0.1135,1.000,0.0597,0.67
5987,replay,4000,0.1170,1.000,0.0597,0.66
5988,replay,4000,0.0953,1.000,0.0597,0.67
5989,es_step,4000,0.0559,1.000,0.0597,1.28
5990,replay,4000,0.1186,1.000,0.0597,0.67
5991,replay,4000,0.0871,1.000,0.0596,0.67
5992,replay,4000,0.0740,1.000,0.0596,0.67
5993,replay,4000,0.0787,1.000,0.0595,0.67
5994,replay,4000,0.0832,1.000,0.0594,0.67
5995,replay,4000,0.0956,1.000,0.0595,0.68
5996,replay,4000,0.0821,1.000,0.0596,0.68
5997,replay,4000,0.1194,1.000,0.0596,0.67
5998,replay,4000,0.1144,1.000,0.0596,0.68
5999,replay,4000,0.1078,1.000,0.0598,0.68
6000,replay,4000,0.0947,1.000,0.0598,0.68
6001,replay,4000,0.1207,1.000,0.0598,0.67
6002,replay,4000,0.0928,1.000,0.0598,0.67
6003,replay,4000,0.1001,1.000,0.0598,0.67
6004,replay,4000,0.0937,1.000,0.0597,0.67
6005,es_step,4000,0.0325,1.000,0.0597,1.30
6006,es_step,4000,0.0326,1.000,0.0597,1.29
6007,replay,4000,0.0273,1.000,0.0596,0.67
6008,replay,4000,0.0869,1.000,0.0596,0.67
6009,replay,4000,0.0847,1.000,0.0595,0.67
6010,replay,4000,0.0815,1.000,0.0594,0.66
6011,replay,4000,0.0806,1.000,0.0594,0.67
6012,replay,4000,0.0703,1.000,0.0593,0.67
6013,replay,4000,0.0782,1.000,0.0593,0.67
6014,replay,4000,0.0659,1.000,0.0591,0.68
6015,replay,4000,0.0755,1.000,0.0590,0.67
6016,es_step,4000,0.0390,1.000,0.0590,1.30
6017,replay,4000,0.0725,1.000,0.0590,0.68
6018,replay,4000,0.0187,1.000,0.0586,0.67
6019,replay,4000,0.0362,1.000,0.0585,0.68
6020,replay,4000,0.0215,1.000,0.0583,0.68
6021,replay,4000,0.0641,1.000,0.0582,0.68
6022,replay,4000,0.0729,1.000,0.0582,0.68
6023,replay,4000,0.1193,1.000,0.0582,0.68
6024,es_step,4000,0.0797,1.000,0.0582,1.30
6025,replay,4000,0.0978,1.000,0.0582,0.67
6026,replay,4000,0.0825,1.000,0.0582,0.68
6027,es_step,4000,0.0552,1.000,0.0582,1.30
6028,es_step,4000,0.0645,1.000,0.0582,1.30
6029,replay,4000,0.0672,1.000,0.0581,0.67
6030,replay,4000,0.0598,1.000,0.0579,0.68
6031,es_step,4000,0.0388,1.000,0.0579,1.31
6032,es_step,4000,0.0431,1.000,0.0579,1.30
6033,replay,4000,0.0556,1.000,0.0578,0.68
6034,replay,4000,0.0339,1.000,0.0577,0.68
6035,replay,4000,0.0483,1.000,0.0577,0.68
6036,replay,4000,0.0407,1.000,0.0575,0.68
6037,replay,4000,0.0851,1.000,0.0574,0.68
6038,es_step,4000,0.0457,1.000,0.0574,1.29
6039,replay,4000,0.0570,1.000,0.0573,0.68
6040,replay,4000,0.0427,1.000,0.0572,0.68
6041,es_step,4000,0.0665,1.000,0.0572,1.29
6042,replay,4000,0.0600,1.000,0.0572,0.67
6043,replay,4000,0.1077,1.000,0.0571,0.67
6044,replay,4000,0.0708,1.000,0.0572,0.67
6045,replay,4000,0.0612,1.000,0.0571,0.67
6046,es_step,4000,0.0656,1.000,0.0571,1.28
6047,es_step,4000,0.0671,1.000,0.0571,1.28
6048,replay,4000,0.0645,1.000,0.0570,0.67
6049,replay,4000,0.0996,1.000,0.0569,0.67
6050,replay,4000,0.0947,1.000,0.0569,0.68
6051,replay,4000,0.0515,1.000,0.0568,0.67
6052,replay,4000,0.0750,1.000,0.0569,0.68
6053,replay,4000,0.1129,1.000,0.0569,0.68
6054,replay,4000,0.1417,1.000,0.0569,0.68
6055,replay,4000,0.1526,1.000,0.0570,0.68
6056,replay,4000,0.1375,1.000,0.0571,0.68
6057,replay,4000,0.1255,1.000,0.0571,0.68
6058,es_step,4000,0.0739,1.000,0.0571,1.29
6059,replay,4000,0.1063,1.000,0.0572,0.68
6060,es_step,4000,0.0689,1.000,0.0572,1.30
6061,es_step,4000,0.0622,1.000,0.0572,1.28
6062,replay,4000,0.0884,1.000,0.0572,0.67
6063,es_step,4000,0.0523,1.000,0.0572,1.28
6064,replay,4000,0.1043,1.000,0.0572,0.67
6065,es_step,4000,0.0594,1.000,0.0572,1.28
6066,replay,4000,0.0992,1.000,0.0571,0.67
6067,es_step,4000,0.0719,1.000,0.0571,1.28
6068,replay,4000,0.0891,1.000,0.0571,0.67
6069,replay,4000,0.0780,1.000,0.0570,0.67
6070,es_step,4000,0.0636,1.000,0.0570,1.28
6071,replay,4000,0.0666,1.000,0.0570,0.68
6072,replay,4000,0.1131,1.000,0.0570,0.68
6073,replay,4000,0.1135,1.000,0.0570,0.68
6074,replay,4000,0.1252,1.000,0.0571,0.68
6075,replay,4000,0.1135,1.000,0.0571,0.68
6076,es_step,4000,0.0545,1.000,0.0571,1.30
6077,replay,4000,0.0773,1.000,0.0570,0.68
6078,replay,4000,0.0591,1.000,0.0568,0.67
6079,es_step,4000,0.0197,1.000,0.0568,1.29
6080,replay,4000,0.0731,1.000,0.0567,0.67
6081,replay,4000,0.0323,1.000,0.0565,0.68
6082,replay,4000,0.0822,1.000,0.0564,0.67
6083,replay,4000,0.0678,1.000,0.0563,0.67
6084,replay,4000,0.0963,1.000,0.0562,0.67
6085,replay,4000,0.0866,1.000,0.0562,0.67
6086,replay,4000,0.0877,1.000,0.0561,0.67
6087,replay,4000,0.0708,1.000,0.0559,0.67
6088,es_step,4000,0.0717,1.000,0.0559,1.29
6089,replay,4000,0.0947,1.000,0.0559,0.67
6090,replay,4000,0.1123,1.000,0.0560,0.67
6091,replay,4000,0.1558,1.000,0.0560,0.67
6092,replay,4000,0.1433,1.000,0.0561,0.67
6093,replay,4000,0.1505,1.000,0.0562,0.67
6094,replay,4000,0.1433,1.000,0.0562,0.68
6095,replay,4000,0.1295,1.000,0.0563,0.68
6096,replay,4000,0.1097,1.000,0.0562,0.68
6097,replay,4000,0.0887,1.000,0.0562,0.67
6098,replay,4000,0.0675,1.000,0.0562,0.67
6099,replay,4000,0.0304,1.000,0.0561,0.67
6100,replay,4000,0.0698,1.000,0.0560,0.68
6101,replay,4000,0.0637,1.000,0.0559,0.67
6102,es_step,4000,0.0523,1.000,0.0559,1.30
6103,replay,4000,0.0578,1.000,0.0559,0.67
6104,es_step,4000,0.0421,1.000,0.0559,1.30
6105,replay,4000,0.0485,1.000,0.0557,0.68
6106,replay,4000,0.0589,1.000,0.0557,0.68
6107,replay,4000,0.0803,1.000,0.0557,0.68
6108,replay,4000,0.0905,1.000,0.0557,0.67
6109,replay,4000,0.0784,1.000,0.0559,0.68
6110,es_step,4000,0.1017,1.000,0.0560,1.30
6111,replay,4000,0.1131,1.000,0.0560,0.68
6112,replay,4000,0.1286,1.000,0.0560,0.68
6113,replay,4000,0.1571,1.000,0.0562,0.68
6114,replay,4000,0.1481,1.000,0.0563,0.68
6115,es_step,4000,0.0847,1.000,0.0563,1.31
6116,es_step,4000,0.0922,1.000,0.0563,1.30
6117,replay,4000,0.0909,1.000,0.0563,0.67
6118,replay,4000,0.0755,1.000,0.0561,0.67
6119,es_step,4000,0.0907,1.000,0.0561,1.29
6120,replay,4000,0.1231,1.000,0.0561,0.67
6121,replay,4000,0.0799,1.000,0.0562,0.67
6122,replay,4000,0.0903,1.000,0.0562,0.67
6123,replay,4000,0.0944,1.000,0.0562,0.67
6124,replay,4000,0.0782,1.000,0.0562,0.67
6125,es_step,4000,0.0528,1.000,0.0562,1.30
6126,replay,4000,0.1242,1.000,0.0562,0.67
6127,replay,4000,0.1014,1.000,0.0562,0.67
6128,replay,4000,0.0520,1.000,0.0561,0.67
6129,replay,4000,0.0683,1.000,0.0562,0.67
6130,replay,4000,0.0549,1.000,0.0561,0.68
6131,replay,4000,0.0619,1.000,0.0561,0.68
6132,replay,4000,0.1026,1.000,0.0560,0.67
6133,es_step,4000,0.0510,1.000,0.0560,1.43
6134,replay,4000,0.0715,1.000,0.0559,0.67
6135,replay,4000,0.0616,1.000,0.0559,0.67
6136,replay,4000,0.0766,1.000,0.0560,0.68
6137,replay,4000,0.0732,1.000,0.0560,0.68
6138,es_step,4000,0.0274,1.000,0.0560,1.30
6139,replay,4000,0.1041,1.000,0.0559,0.67
6140,replay,4000,0.0629,1.000,0.0558,0.67
6141,replay,4000,0.0795,1.000,0.0556,0.67
6142,replay,4000,0.0854,1.000,0.0556,0.68
6143,replay,4000,0.0904,1.000,0.0555,0.68
6144,replay,4000,0.0995,1.000,0.0555,0.68
6145,es_step,4000,0.0515,1.000,0.0555,1.30
6146,es_step,4000,0.0542,1.000,0.0555,1.30
6147,replay,4000,0.0998,1.000,0.0555,0.67
6148,replay,4000,0.0858,1.000,0.0554,0.68
6149,replay,4000,0.1134,1.000,0.0555,0.68
6150,es_step,4000,0.0912,1.000,0.0555,1.29
6151,replay,4000,0.1367,1.000,0.0556,0.68
6152,es_step,4000,0.0924,1.000,0.0556,1.29
6153,es_step,4000,0.0967,1.000,0.0557,1.29
6154,replay,4000,0.1238,1.000,0.0557,0.67
6155,replay,4000,0.1223,1.000,0.0558,0.67
6156,replay,4000,0.1184,1.000,0.0559,0.68
6157,es_step,4000,0.0691,1.000,0.0559,1.29
6158,replay,4000,0.1144,1.000,0.0559,0.68
6159,replay,4000,0.0699,1.000,0.0558,0.68
6160,replay,4000,0.1030,1.000,0.0558,0.68
6161,replay,4000,0.1056,1.000,0.0559,0.68
6162,es_step,4000,0.0823,1.000,0.0559,1.29
6163,es_step,4000,0.0775,1.000,0.0559,1.29
6164,replay,4000,0.0971,1.000,0.0559,0.67
6165,replay,4000,0.1063,1.000,0.0560,0.68
6166,replay,4000,0.1027,1.000,0.0560,0.68
6167,es_step,4000,0.0669,1.000,0.0560,1.29
6168,replay,4000,0.0867,1.000,0.0559,0.68
6169,es_step,4000,0.0613,1.000,0.0559,1.29
6170,replay,4000,0.0754,1.000,0.0559,0.67
6171,replay,4000,0.0891,1.000,0.0559,0.68
6172,replay,4000,0.0610,1.000,0.0560,0.67
6173,replay,4000,0.0550,1.000,0.0560,0.67
6174,replay,4000,0.0831,1.000,0.0559,0.67
6175,es_step,4000,0.0699,1.000,0.0559,1.29
6176,replay,4000,0.1244,1.000,0.0559,0.67
6177,replay,4000,0.1214,1.000,0.0561,0.68
6178,replay,4000,0.1512,1.000,0.0562,0.68
6179,replay,4000,0.1650,1.000,0.0563,0.68
6180,replay,4000,0.1636,1.000,0.0565,0.68
6181,replay,4000,0.1467,1.000,0.0565,0.68
6182,replay,4000,0.1442,1.000,0.0566,0.67
6183,replay,4000,0.1172,1.000,0.0566,0.67
6184,replay,4000,0.1238,1.000,0.0566,0.67
6185,es_step,4000,0.0696,1.000,0.0566,1.29
6186,replay,4000,0.1131,1.000,0.0568,0.67
6187,es_step,4000,0.0743,1.000,0.0568,1.28
6188,es_step,4000,0.0719,1.000,0.0568,1.28
6189,replay,4000,-0.0183,1.000,0.0567,0.67
6190,replay,4000,0.0938,1.000,0.0567,0.67
6191,replay,4000,0.1276,1.000,0.0568,0.67
6192,replay,4000,0.1125,1.000,0.0568,0.68
6193,replay,4000,0.1322,1.000,0.0569,0.67
6194,replay,4000,0.1094,1.000,0.0569,0.67
6195,replay,4000,0.0942,1.000,0.0569,0.67
6196,replay,4000,0.0841,1.000,0.0567,0.67
6197,replay,4000,0.0815,1.000,0.0567,0.68
6198,replay,4000,0.0718,1.000,0.0567,0.68
6199,replay,4000,0.0749,1.000,0.0566,0.68
6200,es_step,4000,0.0482,1.000,0.0566,1.29
6201,replay,4000,0.0491,1.000,0.0565,2.76
6202,replay,4000,0.0475,1.000,0.0564,0.67
6203,replay,4000,0.0772,1.000,0.0564,0.67
6204,replay,4000,0.0801,1.000,0.0563,0.67
6205,replay,4000,0.0511,1.000,0.0563,0.67
6206,replay,4000,0.0661,1.000,0.0562,0.67
6207,replay,4000,0.0513,1.000,0.0561,0.67
6208,es_step,4000,0.0329,1.000,0.0561,1.29
6209,es_step,4000,0.0334,1.000,0.0561,1.29
6210,replay,4000,0.0622,1.000,0.0561,0.67
6211,es_step,4000,0.0307,1.000,0.0561,1.28
6212,replay,4000,0.0364,1.000,0.0560,0.67
6213,replay,4000,0.0817,1.000,0.0560,0.67
6214,es_step,4000,0.0582,1.000,0.0560,1.28
6215,replay,4000,0.0299,1.000,0.0558,0.67
6216,replay,4000,0.0809,1.000,0.0557,0.67
6217,replay,4000,0.0766,1.000,0.0557,0.67
6218,replay,4000,0.1071,1.000,0.0556,0.67
6219,es_step,4000,0.0781,1.000,0.0556,1.29
6220,es_step,4000,0.0764,1.000,0.0556,1.28
6221,replay,4000,0.1164,1.000,0.0557,0.67
6222,replay,4000,0.1251,1.000,0.0557,0.67
6223,es_step,4000,0.0834,1.000,0.0557,1.28
6224,replay,4000,0.1450,1.000,0.0557,0.67
6225,replay,4000,0.1427,1.000,0.0558,0.67
6226,replay,4000,0.1350,1.000,0.0559,0.67
6227,replay,4000,0.1336,1.000,0.0560,0.67
6228,replay,4000,0.1406,1.000,0.0562,0.67
6229,replay,4000,0.1064,1.000,0.0562,0.67
6230,replay,4000,0.1169,1.000,0.0563,0.67
6231,replay,4000,0.1137,1.000,0.0563,0.68
6232,replay,4000,0.1077,1.000,0.0563,0.68
6233,replay,4000,0.0937,1.000,0.0563,0.68
6234,replay,4000,0.0773,1.000,0.0563,0.67
6235,replay,4000,0.0814,1.000,0.0562,0.67
6236,replay,4000,0.0492,1.000,0.0561,0.67
6237,replay,4000,0.0657,1.000,0.0560,0.68
6238,replay,4000,0.0609,1.000,0.0560,0.68
6239,replay,4000,0.0714,1.000,0.0559,0.68
6240,replay,4000,0.0520,1.000,0.0558,0.68
6241,replay,4000,0.0423,1.000,0.0557,0.68
6242,replay,4000,0.0641,1.000,0.0556,0.68
6243,es_step,4000,0.0480,1.000,0.0556,1.30
6244,replay,4000,0.0642,1.000,0.0556,0.67
6245,replay,4000,0.0787,1.000,0.0555,0.67
6246,es_step,4000,0.0440,1.000,0.0555,1.29
6247,es_step,4000,0.0445,1.000,0.0555,1.29
6248,replay,4000,0.0971,1.000,0.0556,0.67
6249,replay,4000,0.0662,1.000,0.0555,0.67
6250,replay,4000,0.0734,1.000,0.0556,0.67
6251,es_step,4000,0.0686,1.000,0.0556,1.29
6252,es_step,4000,0.0625,1.000,0.0556,1.29
6253,replay,4000,0.0982,1.000,0.0556,0.67
6254,replay,4000,0.1378,1.000,0.0558,0.67
6255,replay,4000,0.1074,1.000,0.0558,0.67
6256,replay,4000,0.0911,1.000,0.0558,0.67
6257,es_step,4000,0.0662,1.000,0.0558,1.29
6258,replay,4000,0.0697,1.000,0.0558,0.67
6259,replay,4000,0.0817,1.000,0.0558,0.67
6260,replay,4000,0.0836,1.000,0.0558,0.67
6261,replay,4000,0.1139,1.000,0.0558,0.67
6262,replay,4000,0.0995,1.000,0.0557,0.67
6263,replay,4000,0.1293,1.000,0.0558,0.67
6264,replay,4000,0.1436,1.000,0.0560,0.67
6265,es_step,4000,0.1232,1.000,0.0564,1.30
6266,replay,4000,0.1470,1.000,0.0568,0.67
6267,replay,4000,0.1259,1.000,0.0569,0.67
6268,replay,4000,0.1275,1.000,0.0570,0.67
6269,es_step,4000,0.0796,1.000,0.0570,1.30
6270,replay,4000,0.0877,1.000,0.0570,0.68
6271,replay,4000,0.0888,1.000,0.0569,0.67
6272,replay,4000,0.0716,1.000,0.0568,0.67
6273,replay,4000,0.0498,1.000,0.0567,0.67
6274,replay,4000,0.0546,1.000,0.0565,0.67
6275,replay,4000,0.0213,1.000,0.0562,0.67
6276,replay,4000,0.0420,1.000,0.0561,0.68
6277,replay,4000,0.0463,1.000,0.0560,0.67
6278,es_step,4000,0.0404,1.000,0.0560,1.30
6279,es_step,4000,0.0487,1.000,0.0560,1.29
6280,replay,4000,0.0543,1.000,0.0559,0.67
6281,replay,4000,0.0329,1.000,0.0557,0.67
6282,replay,4000,0.0735,1.000,0.0557,0.67
6283,replay,4000,0.0559,1.000,0.0556,0.67
6284,replay,4000,0.0532,1.000,0.0555,0.67
6285,replay,4000,0.0614,1.000,0.0555,0.67
6286,es_step,4000,0.0659,1.000,0.0555,1.29
6287,replay,4000,0.0697,1.000,0.0554,0.67
6288,replay,4000,0.0710,1.000,0.0555,0.67
6289,replay,4000,0.0820,1.000,0.0554,0.67
6290,replay,4000,0.0593,1.000,0.0554,0.67
6291,es_step,4000,0.0561,1.000,0.0554,1.29
6292,es_step,4000,0.0592,1.000,0.0554,1.29
6293,replay,4000,0.0612,1.000,0.0553,0.67
6294,replay,4000,0.0649,1.000,0.0552,0.67
6295,replay,4000,0.0670,1.000,0.0552,0.67
6296,replay,4000,0.0693,1.000,0.0551,0.67
6297,replay,4000,0.0676,1.000,0.0551,0.67
6298,replay,4000,0.0325,1.000,0.0552,0.67
6299,replay,4000,0.0635,1.000,0.0551,0.67
6300,replay,4000,0.0851,1.000,0.0551,0.67
6301,es_step,4000,0.0736,1.000,0.0551,1.29
6302,replay,4000,0.0934,1.000,0.0551,0.67
6303,es_step,4000,0.0954,1.000,0.0551,1.28
6304,replay,4000,0.1359,1.000,0.0552,0.67
6305,replay,4000,0.1355,1.000,0.0553,0.67
6306,replay,4000,0.1241,1.000,0.0555,0.67
6307,es_step,4000,0.1190,1.000,0.0558,1.29
6308,replay,4000,0.1454,1.000,0.0562,0.67
6309,replay,4000,0.1462,1.000,0.0563,0.67
6310,replay,4000,0.1372,1.000,0.0563,0.67
6311,replay,4000,0.1310,1.000,0.0564,0.67
6312,replay,4000,0.1296,1.000,0.0564,0.67
6313,replay,4000,0.0811,1.000,0.0565,0.67
6314,replay,4000,0.0874,1.000,0.0565,0.67
6315,replay,4000,0.0667,1.000,0.0564,0.67
6316,replay,4000,0.0721,1.000,0.0563,0.67
6317,replay,4000,0.0748,1.000,0.0563,0.67
6318,replay,4000,0.0217,1.000,0.0563,0.67
6319,es_step,4000,0.0463,1.000,0.0563,1.28
6320,es_step,4000,0.0493,1.000,0.0563,1.29
6321,replay,4000,0.0693,1.000,0.0562,0.67
6322,es_step,4000,0.0536,1.000,0.0562,1.27
6323,replay,4000,0.0826,1.000,0.0561,0.66
6324,es_step,4000,0.0492,1.000,0.0561,1.27
6325,es_step,4000,0.0505,1.000,0.0561,1.27
6326,replay,4000,0.0694,1.000,0.0560,0.67
6327,replay,4000,0.0691,1.000,0.0561,0.67
6328,replay,4000,0.0772,1.000,0.0562,0.67
6329,es_step,4000,0.0577,1.000,0.0562,1.29
6330,replay,4000,0.0776,1.000,0.0561,0.67
6331,replay,4000,0.0586,1.000,0.0563,0.67
6332,replay,4000,0.0743,1.000,0.0562,0.67
6333,replay,4000,0.0724,1.000,0.0563,0.67
6334,es_step,4000,0.0795,1.000,0.0563,1.29
6335,replay,4000,0.0872,1.000,0.0563,0.67
6336,replay,4000,0.1148,1.000,0.0564,0.67
6337,es_step,4000,0.0983,1.000,0.0565,1.28
6338,replay,4000,0.1369,1.000,0.0565,0.66
6339,replay,4000,0.1223,1.000,0.0565,0.67
6340,es_step,4000,0.0661,1.000,0.0565,1.27
6341,replay,4000,0.1333,1.000,0.0565,0.67
6342,es_step,4000,0.0580,1.000,0.0565,1.27
6343,replay,4000,0.0982,1.000,0.0565,0.67
6344,replay,4000,0.0798,1.000,0.0563,0.67
6345,replay,4000,0.0988,1.000,0.0563,0.66
6346,replay,4000,0.0953,1.000,0.0562,0.66
6347,es_step,4000,0.0623,1.000,0.0563,1.27
6348,replay,4000,0.0715,1.000,0.0562,0.66
6349,es_step,4000,0.0620,1.000,0.0563,1.29
6350,replay,4000,0.0935,1.000,0.0563,0.67
6351,replay,4000,0.0918,1.000,0.0562,0.67
6352,replay,4000,0.1138,1.000,0.0564,0.67
6353,replay,4000,0.1137,1.000,0.0565,0.67
6354,replay,4000,0.1095,1.000,0.0565,0.67
6355,es_step,4000,0.0654,1.000,0.0565,1.29
6356,replay,4000,0.0899,1.000,0.0565,0.67
6357,replay,4000,0.0799,1.000,0.0564,0.67
6358,replay,4000,0.0333,1.000,0.0563,0.67
6359,replay,4000,0.0294,1.000,0.0562,0.67
6360,replay,4000,0.0630,1.000,0.0563,0.67
6361,replay,4000,0.0919,1.000,0.0562,0.68
6362,replay,4000,0.0817,1.000,0.0562,0.67
6363,replay,4000,0.1292,1.000,0.0563,0.67
6364,replay,4000,0.1453,1.000,0.0564,0.67
6365,replay,4000,0.0369,1.000,0.0565,0.68
6366,replay,4000,0.1577,1.000,0.0566,0.67
6367,replay,4000,0.1909,1.000,0.0569,0.67
6368,replay,4000,0.1530,1.000,0.0571,0.67
6369,replay,4000,0.1383,1.000,0.0571,0.67
6370,replay,4000,0.1141,1.000,0.0571,0.67
6371,replay,4000,0.0818,1.000,0.0571,0.67
6372,es_step,4000,0.0563,1.000,0.0571,1.29
6373,replay,4000,0.0764,1.000,0.0570,0.67
6374,replay,4000,0.0639,1.000,0.0570,0.67
6375,replay,4000,0.0981,1.000,0.0569,0.67
6376,es_step,4000,0.0683,1.000,0.0569,1.28
6377,es_step,4000,0.0657,1.000,0.0569,1.28
6378,replay,4000,0.0895,1.000,0.0569,0.67
6379,es_step,4000,0.0807,1.000,0.0569,1.27
6380,replay,4000,0.0957,1.000,0.0569,0.66
6381,es_step,4000,0.0873,1.000,0.0569,1.27
6382,replay,4000,0.0871,1.000,0.0569,0.67
6383,replay,4000,0.1028,1.000,0.0569,0.67
6384,replay,4000,0.1023,1.000,0.0569,0.67
6385,es_step,4000,0.0541,1.000,0.0569,1.30
6386,replay,4000,0.0700,1.000,0.0569,0.67
6387,replay,4000,0.0350,1.000,0.0567,0.67
6388,replay,4000,0.0675,1.000,0.0566,0.67
6389,replay,4000,0.0680,1.000,0.0565,0.67
6390,replay,4000,0.0891,1.000,0.0564,0.67
6391,es_step,4000,0.0574,1.000,0.0564,1.28
6392,replay,4000,0.0756,1.000,0.0564,0.67
6393,es_step,4000,0.0773,1.000,0.0564,1.28
6394,replay,4000,0.1274,1.000,0.0564,0.67
6395,es_step,4000,0.0757,1.000,0.0565,1.27
6396,replay,4000,0.0955,1.000,0.0564,0.67
6397,replay,4000,0.1214,1.000,0.0564,0.67
6398,es_step,4000,0.1032,1.000,0.0564,1.28
6399,replay,4000,0.1211,1.000,0.0563,0.66
6400,replay,4000,0.1364,1.000,0.0564,0.67
6401,es_step,4000,0.1075,1.000,0.0565,1.28
6402,replay,4000,0.1298,1.000,0.0565,0.67
6403,es_step,4000,0.0962,1.000,0.0565,1.29
6404,replay,4000,0.1259,1.000,0.0566,0.67
6405,es_step,4000,0.0814,1.000,0.0566,1.28
6406,es_step,4000,0.0786,1.000,0.0566,1.28
6407,replay,4000,0.1042,1.000,0.0567,0.67
6408,replay,4000,0.0840,1.000,0.0566,0.67
6409,replay,4000,0.0616,1.000,0.0566,0.67
6410,replay,4000,0.0853,1.000,0.0565,0.67
6411,replay,4000,0.1084,1.000,0.0565,0.68
6412,es_step,4000,0.0631,1.000,0.0565,1.30
6413,es_step,4000,0.0569,1.000,0.0565,1.29
6414,replay,4000,0.0969,1.000,0.0564,0.67
6415,replay,4000,0.0835,1.000,0.0564,0.67
6416,replay,4000,0.0711,1.000,0.0564,0.67
6417,es_step,4000,0.0714,1.000,0.0564,1.27
6418,replay,4000,0.0760,1.000,0.0564,0.67
6419,replay,4000,0.1028,1.000,0.0563,0.67
6420,replay,4000,0.0757,1.000,0.0563,0.67
6421,replay,4000,0.1057,1.000,0.0563,0.67
6422,replay,4000,0.0865,1.000,0.0562,0.67
6423,replay,4000,0.1203,1.000,0.0563,0.67
6424,replay,4000,0.1179,1.000,0.0563,0.67
6425,es_step,4000,0.1098,1.000,0.0564,1.28
6426,replay,4000,0.1733,1.000,0.0565,0.67
6427,es_step,4000,0.1118,1.000,0.0566,1.28
6428,replay,4000,0.0856,1.000,0.0566,0.67
6429,es_step,4000,0.1196,1.000,0.0570,1.27
6430,replay,4000,0.1766,1.000,0.0571,0.66
6431,es_step,4000,0.1230,1.000,0.0573,1.28
6432,replay,4000,0.1581,1.000,0.0573,0.67
6433,replay,4000,0.1557,1.000,0.0575,0.67
6434,replay,4000,0.1588,1.000,0.0576,0.67
6435,replay,4000,0.1464,1.000,0.0576,0.67
6436,replay,4000,0.1405,1.000,0.0577,0.67
6437,replay,4000,0.0869,1.000,0.0576,0.67
6438,replay,4000,0.0939,1.000,0.0576,0.68
6439,es_step,4000,0.0758,1.000,0.0576,1.29
6440,replay,4000,0.1090,1.000,0.0578,0.67
6441,replay,4000,0.1306,1.000,0.0578,0.67
6442,replay,4000,0.1150,1.000,0.0579,0.67
6443,replay,4000,0.1003,1.000,0.0579,0.67
6444,replay,4000,0.0381,1.000,0.0580,0.67
6445,replay,4000,0.1622,1.000,0.0581,0.67
6446,replay,4000,0.1357,1.000,0.0581,0.67
6447,es_step,4000,0.1159,1.000,0.0581,1.28
6448,replay,4000,0.1474,1.000,0.0581,0.67
6449,replay,4000,0.1343,1.000,0.0585,0.67
6450,replay,4000,-0.0040,1.000,0.0584,0.67
6451,replay,4000,0.1441,1.000,0.0585,0.67
6452,replay,4000,0.1756,1.000,0.0586,0.67
6453,replay,4000,0.1633,1.000,0.0588,0.67
6454,replay,4000,0.1565,1.000,0.0589,0.67
6455,replay,4000,0.1425,1.000,0.0591,0.67
6456,es_step,4000,0.0998,1.000,0.0591,1.28
6457,replay,4000,0.1270,1.000,0.0592,0.67
6458,replay,4000,0.1082,1.000,0.0592,0.67
6459,replay,4000,0.0929,1.000,0.0591,0.67
6460,replay,4000,0.0677,1.000,0.0591,0.67
6461,replay,4000,0.0860,1.000,0.0590,0.67
6462,replay,4000,0.0857,1.000,0.0589,0.67
6463,replay,4000,0.0987,1.000,0.0590,0.67
6464,replay,4000,0.1123,1.000,0.0589,0.67
6465,replay,4000,0.1072,1.000,0.0589,0.67
6466,es_step,4000,0.0859,1.000,0.0589,1.29
6467,replay,4000,0.1090,1.000,0.0590,0.67
6468,replay,4000,-0.0008,1.000,0.0591,0.67
6469,replay,4000,0.1067,1.000,0.0589,0.67
6470,replay,4000,0.0835,1.000,0.0587,0.67
6471,replay,4000,0.1291,1.000,0.0587,0.67
6472,replay,4000,0.1214,1.000,0.0587,0.67
6473,replay,4000,0.0743,1.000,0.0587,0.67
6474,replay,4000,0.1391,1.000,0.0589,0.67
6475,replay,4000,0.1209,1.000,0.0589,0.68
6476,replay,4000,0.0940,1.000,0.0587,0.67
6477,replay,4000,0.0744,1.000,0.0587,0.67
6478,es_step,4000,0.0491,1.000,0.0587,1.29
6479,replay,4000,0.0781,1.000,0.0586,0.66
6480,replay,4000,0.0647,1.000,0.0585,0.67
6481,es_step,4000,0.0513,1.000,0.0585,1.28
6482,replay,4000,0.0459,1.000,0.0584,0.67
6483,replay,4000,0.0906,1.000,0.0584,0.67
6484,replay,4000,0.0487,1.000,0.0583,0.67
6485,replay,4000,0.0973,1.000,0.0583,0.67
6486,es_step,4000,0.0733,1.000,0.0583,1.28
6487,replay,4000,0.0923,1.000,0.0584,0.67
6488,replay,4000,0.1036,1.000,0.0585,0.67
6489,replay,4000,0.1117,1.000,0.0585,0.67
6490,replay,4000,0.0816,1.000,0.0584,0.67
6491,es_step,4000,0.0847,1.000,0.0584,1.30
6492,replay,4000,0.1254,1.000,0.0584,0.69
6493,es_step,4000,0.0794,1.000,0.0584,1.30
6494,replay,4000,0.1202,1.000,0.0585,0.67
6495,replay,4000,0.1128,1.000,0.0585,0.67
6496,replay,4000,0.1311,1.000,0.0584,0.67
6497,replay,4000,0.1261,1.000,0.0584,0.67
6498,replay,4000,0.0873,1.000,0.0586,0.67
6499,es_step,4000,0.0991,1.000,0.0586,1.30
6500,replay,4000,0.1138,1.000,0.0586,0.67
6501,replay,4000,0.1496,1.000,0.0587,0.67
6502,replay,4000,0.1188,1.000,0.0587,0.67
6503,replay,4000,0.1166,1.000,0.0587,2.80
6504,replay,4000,0.1674,1.000,0.0588,0.67
6505,replay,4000,0.1427,1.000,0.0589,0.67
6506,replay,4000,0.1542,1.000,0.0591,0.67
6507,es_step,4000,0.1273,1.000,0.0592,1.29
6508,replay,4000,0.1468,1.000,0.0593,0.67
6509,replay,4000,0.1366,1.000,0.0595,0.67
6510,replay,4000,0.1053,1.000,0.0595,0.67
6511,replay,4000,0.1222,1.000,0.0595,0.67
6512,es_step,4000,0.0753,1.000,0.0595,1.29
6513,replay,4000,0.0789,1.000,0.0593,0.66
6514,es_step,4000,0.0714,1.000,0.0593,1.28
6515,replay,4000,0.1109,1.000,0.0593,0.67
6516,replay,4000,0.0794,1.000,0.0594,0.67
6517,replay,4000,0.0947,1.000,0.0594,0.67
6518,replay,4000,0.0985,1.000,0.0594,0.67
6519,replay,4000,0.0829,1.000,0.0593,0.67
6520,replay,4000,0.0749,1.000,0.0593,0.67
6521,replay,4000,0.0732,1.000,0.0591,0.67
6522,replay,4000,0.0671,1.000,0.0591,0.68
6523,replay,4000,0.0712,1.000,0.0590,0.67
6524,replay,4000,0.0621,1.000,0.0590,0.67
6525,replay,4000,0.0559,1.000,0.0588,0.68
6526,replay,4000,0.0658,1.000,0.0588,0.67
6527,es_step,4000,0.0558,1.000,0.0588,1.29
6528,replay,4000,0.0844,1.000,0.0587,0.67
6529,replay,4000,0.0790,1.000,0.0587,0.67
6530,replay,4000,0.0931,1.000,0.0586,0.67
6531,replay,4000,0.0638,1.000,0.0585,0.67
6532,es_step,4000,0.0505,1.000,0.0585,1.28
6533,replay,4000,0.0129,1.000,0.0584,0.67
6534,replay,4000,0.0624,1.000,0.0583,0.67
6535,replay,4000,0.0963,1.000,0.0584,0.67
6536,replay,4000,0.0869,1.000,0.0582,0.67
6537,replay,4000,0.1058,1.000,0.0582,0.67
6538,replay,4000,0.0862,1.000,0.0582,0.67
6539,es_step,4000,0.0490,1.000,0.0582,1.30
6540,replay,4000,0.0959,1.000,0.0582,0.67
6541,replay,4000,0.0928,1.000,0.0581,0.67
6542,es_step,4000,0.0527,1.000,0.0581,1.29
6543,replay,4000,0.0624,1.000,0.0584,0.67
6544,replay,4000,0.0910,1.000,0.0583,0.67
6545,replay,4000,0.0828,1.000,0.0582,0.67
6546,replay,4000,0.0924,1.000,0.0582,0.67
6547,replay,4000,0.0975,1.000,0.0582,0.67
6548,replay,4000,0.1086,1.000,0.0582,0.67
6549,replay,4000,0.1183,1.000,0.0582,0.67
6550,replay,4000,0.1329,1.000,0.0582,0.67
6551,replay,4000,0.1363,1.000,0.0584,0.67
6552,replay,4000,0.1308,1.000,0.0585,0.67
6553,replay,4000,0.1290,1.000,0.0586,0.67
6554,replay,4000,0.1161,1.000,0.0587,0.67
6555,es_step,4000,0.0628,1.000,0.0587,1.29
6556,replay,4000,0.1033,1.000,0.0586,0.67
6557,es_step,4000,0.0503,1.000,0.0586,1.28
6558,replay,4000,0.0691,1.000,0.0586,0.67
6559,replay,4000,0.0533,1.000,0.0584,0.67
6560,replay,4000,0.0444,1.000,0.0583,0.68
6561,es_step,4000,0.0085,1.000,0.0583,1.30
6562,es_step,4000,0.0151,1.000,0.0583,1.29
6563,replay,4000,0.0367,1.000,0.0581,0.68
6564,es_step,4000,0.0150,1.000,0.0581,1.31
6565,replay,4000,0.0252,1.000,0.0580,0.67
6566,es_step,4000,0.0305,1.000,0.0580,1.28
6567,replay,4000,0.0345,1.000,0.0578,0.67
6568,replay,4000,0.0646,1.000,0.0577,0.68
6569,replay,4000,0.0725,1.000,0.0576,0.68
6570,replay,4000,0.0745,1.000,0.0576,0.68
6571,es_step,4000,0.0656,1.000,0.0576,1.30
6572,replay,4000,0.0465,1.000,0.0575,0.67
6573,es_step,4000,0.0720,1.000,0.0575,1.29
6574,replay,4000,0.0808,1.000,0.0576,0.67
6575,replay,4000,0.1116,1.000,0.0575,0.67
6576,replay,4000,0.1255,1.000,0.0575,0.67
6577,replay,4000,0.1109,1.000,0.0575,0.67
6578,replay,4000,0.1084,1.000,0.0576,0.68
6579,es_step,4000,0.0808,1.000,0.0576,1.31
6580,replay,4000,0.0947,1.000,0.0576,0.67
6581,replay,4000,0.0787,1.000,0.0574,0.67
6582,es_step,4000,0.0695,1.000,0.0574,1.29
6583,replay,4000,0.0928,1.000,0.0574,0.67
6584,es_step,4000,0.0739,1.000,0.0574,1.28
6585,replay,4000,0.0919,1.000,0.0574,0.67
6586,replay,4000,0.0794,1.000,0.0574,0.67
6587,replay,4000,0.0301,1.000,0.0573,0.67
6588,replay,4000,0.1000,1.000,0.0573,0.67
6589,replay,4000,0.1332,1.000,0.0574,0.67
6590,replay,4000,0.1087,1.000,0.0574,0.67
6591,replay,4000,0.0767,1.000,0.0574,0.67
6592,replay,4000,0.0678,1.000,0.0573,0.67
6593,replay,4000,0.0631,1.000,0.0572,0.67
6594,replay,4000,0.0406,1.000,0.0570,0.67
6595,replay,4000,0.0607,1.000,0.0569,0.67
6596,replay,4000,0.0534,1.000,0.0569,0.67
6597,es_step,4000,0.0518,1.000,0.0569,1.28
6598,replay,4000,0.0862,1.000,0.0569,0.67
6599,replay,4000,0.0932,1.000,0.0569,0.67
6600,replay,4000,0.0832,1.000,0.0569,0.67
6601,replay,4000,0.1313,1.000,0.0570,0.68
6602,replay,4000,0.1438,1.000,0.0571,0.68
6603,replay,4000,0.1119,1.000,0.0571,0.67
6604,replay,4000,0.1347,1.000,0.0572,0.67
6605,replay,4000,0.1134,1.000,0.0572,0.67
6606,replay,4000,0.1422,1.000,0.0572,0.68
6607,replay,4000,0.1383,1.000,0.0574,0.67
6608,replay,4000,0.1442,1.000,0.0576,0.67
6609,replay,4000,0.1087,1.000,0.0576,0.67
6610,replay,4000,0.1324,1.000,0.0576,0.68
6611,replay,4000,0.1483,1.000,0.0578,0.67
6612,es_step,4000,0.0922,1.000,0.0578,1.29
6613,es_step,4000,0.0885,1.000,0.0578,1.28
6614,replay,4000,0.1285,1.000,0.0580,0.67
6615,replay,4000,0.1313,1.000,0.0581,0.67
6616,replay,4000,0.1292,1.000,0.0582,0.67
6617,replay,4000,0.1062,1.000,0.0582,0.68
6618,replay,4000,0.0936,1.000,0.0581,0.67
6619,es_step,4000,0.0594,1.000,0.0581,1.29
6620,es_step,4000,0.0592,1.000,0.0581,1.29
6621,replay,4000,0.1225,1.000,0.0581,0.67
6622,replay,4000,0.0968,1.000,0.0581,0.67
6623,replay,4000,0.0476,1.000,0.0581,0.68
6624,replay,4000,0.1082,1.000,0.0582,0.67
6625,replay,4000,0.0879,1.000,0.0581,0.68
6626,replay,4000,0.1238,1.000,0.0582,0.68
6627,replay,4000,0.1157,1.000,0.0581,0.68
6628,replay,4000,0.1239,1.000,0.0581,0.68
6629,es_step,4000,0.0683,1.000,0.0581,1.29
6630,es_step,4000,0.0680,1.000,0.0581,1.28
6631,replay,4000,0.1216,1.000,0.0582,0.67
6632,replay,4000,0.1334,1.000,0.0582,0.67
6633,replay,4000,0.1097,1.000,0.0582,0.67
6634,replay,4000,0.0870,1.000,0.0581,0.67
6635,es_step,4000,0.0455,1.000,0.0582,1.28
6636,replay,4000,0.0658,1.000,0.0580,0.67
6637,replay,4000,0.1015,1.000,0.0579,0.67
6638,replay,4000,0.1260,1.000,0.0580,0.67
6639,es_step,4000,0.0768,1.000,0.0580,1.28
6640,replay,4000,0.1237,1.000,0.0582,0.67
6641,replay,4000,0.1371,1.000,0.0582,0.67
6642,replay,4000,0.1150,1.000,0.0582,0.67
6643,replay,4000,0.1308,1.000,0.0583,0.67
6644,es_step,4000,0.0855,1.000,0.0583,1.29
6645,replay,4000,0.1301,1.000,0.0584,0.67
6646,es_step,4000,0.0876,1.000,0.0584,1.27
6647,replay,4000,0.1231,1.000,0.0584,0.67
6648,es_step,4000,0.0836,1.000,0.0584,1.27
6649,replay,4000,0.1089,1.000,0.0585,0.67
6650,replay,4000,0.0898,1.000,0.0585,0.68
6651,replay,4000,0.0953,1.000,0.0586,0.67
6652,replay,4000,0.0857,1.000,0.0586,0.67
6653,replay,4000,0.0716,1.000,0.0586,0.67
6654,es_step,4000,0.0357,1.000,0.0586,1.26
6655,es_step,4000,0.0393,1.000,0.0586,1.26
6656,replay,4000,0.0665,1.000,0.0585,0.66
6657,replay,4000,0.0772,1.000,0.0584,0.66
6658,replay,4000,0.0954,1.000,0.0584,0.65
6659,replay,4000,0.1200,1.000,0.0584,0.65
6660,es_step,4000,0.0565,1.000,0.0584,1.25
6661,es_step,4000,0.0559,1.000,0.0584,1.25
6662,replay,4000,0.1128,1.000,0.0584,0.66
6663,replay,4000,0.0943,1.000,0.0584,0.66
6664,replay,4000,0.0782,1.000,0.0583,0.67
6665,replay,4000,0.0890,1.000,0.0582,0.67
6666,es_step,4000,0.0153,1.000,0.0582,1.28
6667,replay,4000,0.0555,1.000,0.0581,0.67
6668,replay,4000,0.0278,1.000,0.0578,0.67
6669,replay,4000,0.0601,1.000,0.0578,0.67
6670,replay,4000,0.0442,1.000,0.0576,0.67
6671,replay,4000,0.0487,1.000,0.0575,0.67
6672,replay,4000,0.0455,1.000,0.0574,0.67
6673,replay,4000,0.0324,1.000,0.0572,0.67
6674,replay,4000,0.0443,1.000,0.0571,0.67
6675,replay,4000,0.0663,1.000,0.0570,0.67
6676,replay,4000,0.0376,1.000,0.0570,0.67
6677,replay,4000,0.0948,1.000,0.0571,0.67
6678,replay,4000,0.0924,1.000,0.0571,0.67
6679,replay,4000,0.0731,1.000,0.0570,0.67
6680,replay,4000,0.0848,1.000,0.0570,0.67
6681,es_step,4000,0.0345,1.000,0.0570,1.28
6682,replay,4000,0.0953,1.000,0.0570,0.66
6683,replay,4000,0.0527,1.000,0.0568,0.67
6684,replay,4000,0.0764,1.000,0.0567,0.67
6685,replay,4000,0.0915,1.000,0.0568,0.67
6686,replay,4000,0.0809,1.000,0.0567,0.67
6687,replay,4000,0.1054,1.000,0.0567,0.67
6688,es_step,4000,0.0675,1.000,0.0567,1.29
6689,replay,4000,0.0754,1.000,0.0567,0.67
6690,replay,4000,0.1112,1.000,0.0567,0.67
6691,replay,4000,0.1066,1.000,0.0567,0.67
6692,replay,4000,0.0584,1.000,0.0567,0.67
6693,replay,4000,0.0744,1.000,0.0568,0.67
6694,es_step,4000,0.0722,1.000,0.0568,1.29
6695,es_step,4000,0.0815,1.000,0.0568,1.29
6696,replay,4000,0.1078,1.000,0.0568,0.68
6697,es_step,4000,0.0681,1.000,0.0568,1.29
6698,replay,4000,0.1215,1.000,0.0568,0.67
6699,es_step,4000,0.0661,1.000,0.0569,1.28
6700,es_step,4000,0.0817,1.000,0.0569,1.27
6701,replay,4000,0.1178,1.000,0.0569,0.67
6702,replay,4000,0.1089,1.000,0.0569,0.67
6703,replay,4000,0.0878,1.000,0.0569,0.67
6704,replay,4000,0.0907,1.000,0.0568,0.67
6705,replay,4000,0.0748,1.000,0.0568,0.68
6706,replay,4000,0.0675,1.000,0.0567,0.67
6707,replay,4000,0.0841,1.000,0.0567,0.67
6708,replay,4000,0.0713,1.000,0.0566,0.68
6709,replay,4000,0.1080,1.000,0.0566,0.67
6710,replay,4000,0.0861,1.000,0.0567,0.68
6711,replay,4000,0.0730,1.000,0.0567,0.67
6712,replay,4000,0.0931,1.000,0.0566,0.67
6713,replay,4000,0.0693,1.000,0.0565,0.67
6714,replay,4000,0.0776,1.000,0.0565,0.67
6715,es_step,4000,0.0469,1.000,0.0565,1.29
6716,es_step,4000,0.0529,1.000,0.0565,1.28
6717,replay,4000,0.1003,1.000,0.0565,0.67
6718,replay,4000,0.0878,1.000,0.0564,0.66
6719,replay,4000,0.0714,1.000,0.0564,0.66
6720,replay,4000,0.0946,1.000,0.0564,0.66
6721,replay,4000,0.0858,1.000,0.0563,0.67
6722,replay,4000,0.0882,1.000,0.0563,0.67
6723,replay,4000,0.1113,1.000,0.0564,0.67
6724,replay,4000,0.1085,1.000,0.0564,0.67
6725,replay,4000,0.1143,1.000,0.0566,0.67
6726,es_step,4000,0.0823,1.000,0.0566,1.28
6727,replay,4000,0.0885,1.000,0.0566,0.67
6728,replay,4000,0.1171,1.000,0.0566,0.67
6729,replay,4000,0.1067,1.000,0.0566,0.67
6730,replay,4000,0.0681,1.000,0.0565,0.67
6731,replay,4000,0.0736,1.000,0.0565,0.67
6732,replay,4000,0.0758,1.000,0.0564,0.67
6733,replay,4000,0.0824,1.000,0.0563,0.67
6734,replay,4000,0.0786,1.000,0.0562,0.67
6735,replay,4000,0.0905,1.000,0.0561,0.67
6736,replay,4000,0.1264,1.000,0.0561,0.67
6737,replay,4000,0.0665,1.000,0.0561,0.67
6738,replay,4000,0.0998,1.000,0.0562,0.67
6739,replay,4000,0.1066,1.000,0.0562,0.67
6740,replay,4000,0.1056,1.000,0.0562,0.67
6741,es_step,4000,0.0808,1.000,0.0562,1.28
6742,es_step,4000,0.0832,1.000,0.0562,1.27
6743,replay,4000,0.1305,1.000,0.0562,0.66
6744,replay,4000,0.1221,1.000,0.0563,0.66
6745,replay,4000,0.0931,1.000,0.0563,0.67
6746,replay,4000,0.0811,1.000,0.0563,0.67
6747,es_step,4000,0.0421,1.000,0.0563,1.27
6748,replay,4000,0.0992,1.000,0.0562,0.66
6749,replay,4000,0.0690,1.000,0.0562,0.66
6750,replay,4000,0.0442,1.000,0.0560,0.66
6751,replay,4000,0.0432,1.000,0.0560,0.66
6752,es_step,4000,0.0278,1.000,0.0560,1.27
6753,replay,4000,0.0564,1.000,0.0559,0.66
6754,replay,4000,0.0342,1.000,0.0557,0.66
6755,replay,4000,0.0438,1.000,0.0555,0.67
6756,replay,4000,0.0327,1.000,0.0554,0.67
6757,es_step,4000,0.0578,1.000,0.0554,1.28
6758,replay,4000,0.0923,1.000,0.0555,0.66
6759,replay,4000,0.1070,1.000,0.0555,0.67
6760,replay,4000,0.1237,1.000,0.0555,0.66
6761,replay,4000,0.1257,1.000,0.0556,0.66
6762,replay,4000,0.1184,1.000,0.0556,0.67
6763,replay,4000,0.1311,1.000,0.0557,0.67
6764,replay,4000,0.1237,1.000,0.0558,0.66
6765,replay,4000,0.1305,1.000,0.0559,0.67
6766,replay,4000,0.1279,1.000,0.0559,0.66
6767,replay,4000,0.1056,1.000,0.0560,0.67
6768,es_step,4000,0.0907,1.000,0.0560,1.29
6769,es_step,4000,0.0916,1.000,0.0560,1.27
6770,replay,4000,0.1277,1.000,0.0560,0.66
6771,replay,4000,0.1089,1.000,0.0561,0.67
6772,replay,4000,0.1289,1.000,0.0562,0.67
6773,replay,4000,0.0869,1.000,0.0562,0.67
6774,replay,4000,0.1083,1.000,0.0562,0.67
6775,replay,4000,0.0903,1.000,0.0561,0.67
6776,replay,4000,0.1078,1.000,0.0561,0.67
6777,replay,4000,0.1186,1.000,0.0561,0.67
6778,es_step,4000,0.0830,1.000,0.0561,1.29
6779,replay,4000,0.1200,1.000,0.0561,0.66
6780,es_step,4000,0.0824,1.000,0.0561,1.28
6781,es_step,4000,0.0892,1.000,0.0561,1.27
6782,replay,4000,0.1099,1.000,0.0560,0.66
6783,replay,4000,0.1319,1.000,0.0561,0.66
6784,replay,4000,0.1051,1.000,0.0562,0.66
6785,replay,4000,0.0951,1.000,0.0561,0.66
6786,replay,4000,0.0904,1.000,0.0561,0.67
6787,replay,4000,0.0846,1.000,0.0561,0.67
6788,replay,4000,0.0998,1.000,0.0560,0.67
6789,replay,4000,0.0588,1.000,0.0558,0.67
6790,replay,4000,0.0846,1.000,0.0557,0.67
6791,replay,4000,0.0487,1.000,0.0556,0.67
6792,es_step,4000,0.0474,1.000,0.0556,1.29
6793,replay,4000,0.0760,1.000,0.0556,0.67
6794,replay,4000,0.0774,1.000,0.0555,0.67
6795,replay,4000,0.0649,1.000,0.0554,0.66
6796,es_step,4000,0.0710,1.000,0.0554,1.28
6797,replay,4000,0.1395,1.000,0.0554,0.67
6798,replay,4000,0.1178,1.000,0.0554,0.66
6799,replay,4000,0.1449,1.000,0.0555,0.67
6800,es_step,4000,0.1121,1.000,0.0557,1.28
6801,replay,4000,0.1166,1.000,0.0558,0.67
6802,replay,4000,0.1021,1.000,0.0558,0.66
6803,replay,4000,0.1005,1.000,0.0558,0.66
6804,replay,4000,0.0907,1.000,0.0557,0.66
6805,replay,4000,0.0877,1.000,0.0557,0.67
6806,es_step,4000,0.0610,1.000,0.0557,1.28
6807,replay,4000,0.0832,1.000,0.0556,0.67
6808,replay,4000,0.0697,1.000,0.0556,0.66
6809,replay,4000,0.0588,1.000,0.0554,0.66
6810,es_step,4000,0.0380,1.000,0.0554,1.27
6811,replay,4000,0.0468,1.000,0.0553,0.66
6812,es_step,4000,0.0381,1.000,0.0553,1.27
6813,replay,4000,0.0565,1.000,0.0552,2.82
6814,replay,4000,0.0408,1.000,0.0551,0.66
6815,replay,4000,0.0760,1.000,0.0550,0.67
6816,replay,4000,0.0613,1.000,0.0549,0.67
6817,es_step,4000,0.0689,1.000,0.0549,1.28
6818,replay,4000,0.0623,1.000,0.0548,0.67
6819,replay,4000,0.0618,1.000,0.0548,0.66
6820,replay,4000,0.0638,1.000,0.0547,0.67
6821,replay,4000,0.0689,1.000,0.0546,0.67
6822,replay,4000,0.0556,1.000,0.0545,0.67
6823,replay,4000,0.0681,1.000,0.0545,0.67
6824,replay,4000,0.0944,1.000,0.0545,0.67
6825,replay,4000,0.1321,1.000,0.0545,0.67
6826,es_step,4000,0.0787,1.000,0.0545,1.29
6827,replay,4000,0.0877,1.000,0.0543,0.66
6828,replay,4000,0.1293,1.000,0.0545,0.67
6829,replay,4000,0.1559,1.000,0.0545,0.67
6830,replay,4000,0.1094,1.000,0.0546,0.67
6831,replay,4000,-0.0460,1.000,0.0545,0.67
6832,replay,4000,0.1473,1.000,0.0546,0.67
6833,es_step,4000,0.1373,1.000,0.0553,1.29
6834,replay,4000,0.1261,1.000,0.0554,0.67
6835,replay,4000,0.1677,1.000,0.0555,0.67
6836,replay,4000,0.1617,1.000,0.0556,0.67
6837,replay,4000,0.1315,1.000,0.0558,0.67
6838,replay,4000,0.1087,1.000,0.0557,0.67
6839,replay,4000,0.0588,1.000,0.0556,0.67
6840,es_step,4000,0.0384,1.000,0.0556,1.28
6841,replay,4000,0.0526,1.000,0.0554,0.67
6842,es_step,4000,0.0353,1.000,0.0554,1.27
6843,replay,4000,0.0589,1.000,0.0553,0.66
6844,es_step,4000,0.0348,1.000,0.0553,1.27
6845,replay,4000,0.0513,1.000,0.0551,0.67
6846,replay,4000,0.0638,1.000,0.0551,0.67
6847,replay,4000,0.0555,1.000,0.0550,0.67
6848,replay,4000,0.0395,1.000,0.0549,0.73
6849,replay,4000,0.0782,1.000,0.0548,0.66
6850,replay,4000,0.0543,1.000,0.0546,0.67
6851,replay,4000,0.0594,1.000,0.0546,0.67
6852,replay,4000,0.0543,1.000,0.0546,0.67
6853,replay,4000,0.0576,1.000,0.0545,0.67
6854,replay,4000,0.0455,1.000,0.0546,0.67
6855,replay,4000,0.1018,1.000,0.0546,0.67
6856,replay,4000,0.1198,1.000,0.0546,0.67
6857,es_step,4000,0.0915,1.000,0.0546,1.29
6858,replay,4000,0.1126,1.000,0.0546,0.67
6859,replay,4000,0.1335,1.000,0.0546,0.67
6860,replay,4000,0.1233,1.000,0.0547,0.67
6861,replay,4000,0.1199,1.000,0.0548,0.67
6862,replay,4000,0.1249,1.000,0.0549,0.67
6863,replay,4000,0.1220,1.000,0.0550,0.67
6864,es_step,4000,0.1199,1.000,0.0552,1.29
6865,replay,4000,0.1375,1.000,0.0552,0.66
6866,replay,4000,0.1113,1.000,0.0553,0.67
6867,replay,4000,0.1320,1.000,0.0555,0.67
6868,replay,4000,0.1148,1.000,0.0556,0.67
6869,replay,4000,0.1059,1.000,0.0557,0.67
6870,replay,4000,0.1034,1.000,0.0556,0.67
6871,replay,4000,0.0707,1.000,0.0556,0.67
6872,es_step,4000,0.0482,1.000,0.0556,1.29
6873,replay,4000,0.0578,1.000,0.0555,0.67
6874,replay,4000,0.0340,1.000,0.0554,0.67
6875,replay,4000,0.0535,1.000,0.0552,0.67
6876,replay,4000,0.0611,1.000,0.0553,0.68
6877,replay,4000,0.0469,1.000,0.0551,0.67
6878,replay,4000,0.0283,1.000,0.0550,0.68
6879,replay,4000,0.0595,1.000,0.0549,0.67
6880,replay,4000,0.0748,1.000,0.0549,0.67
6881,replay,4000,0.1019,1.000,0.0548,0.68
6882,replay,4000,0.0587,1.000,0.0547,0.67
6883,replay,4000,0.0761,1.000,0.0547,0.67
6884,es_step,4000,0.0627,1.000,0.0547,1.30
6885,replay,4000,-0.0407,1.000,0.0545,0.67
6886,es_step,4000,0.0695,1.000,0.0546,1.29
6887,replay,4000,0.0990,1.000,0.0545,0.67
6888,replay,4000,0.0613,1.000,0.0546,0.67
6889,replay,4000,-0.2263,1.000,0.0545,0.67
6890,replay,4000,0.1310,1.000,0.0545,0.67
6891,replay,4000,0.1528,1.000,0.0547,0.67
6892,replay,4000,0.1720,1.000,0.0547,0.67
6893,replay,4000,0.1719,1.000,0.0548,0.67
6894,replay,4000,0.1449,1.000,0.0550,0.67
6895,replay,4000,0.1103,1.000,0.0551,0.67
6896,replay,4000,0.1697,1.000,0.0552,0.67
6897,replay,4000,0.1360,1.000,0.0554,0.67
6898,replay,4000,0.1444,1.000,0.0554,0.67
6899,es_step,4000,0.1232,1.000,0.0558,1.29
6900,es_step,4000,0.1226,1.000,0.0559,1.28
6901,replay,4000,0.1498,1.000,0.0560,0.67
6902,es_step,4000,0.1135,1.000,0.0560,1.28
6903,replay,4000,0.1364,1.000,0.0561,0.67
6904,replay,4000,0.1381,1.000,0.0562,0.66
6905,replay,4000,0.1059,1.000,0.0561,0.67
6906,replay,4000,0.1032,1.000,0.0561,0.67
6907,replay,4000,0.0810,1.000,0.0562,0.67
6908,replay,4000,-0.0566,1.000,0.0560,0.67
6909,replay,4000,0.1000,1.000,0.0560,0.67
6910,replay,4000,0.1117,1.000,0.0560,0.67
6911,replay,4000,0.0830,1.000,0.0558,0.67
6912,replay,4000,0.1275,1.000,0.0559,0.68
6913,es_step,4000,0.1016,1.000,0.0559,1.28
6914,es_step,4000,0.0959,1.000,0.0559,1.28
6915,replay,4000,0.1112,1.000,0.0559,0.67
6916,replay,4000,0.1220,1.000,0.0559,0.67
6917,replay,4000,0.1372,1.000,0.0559,0.67
6918,replay,4000,0.0961,1.000,0.0560,0.67
6919,replay,4000,0.1133,1.000,0.0561,0.67
6920,replay,4000,0.1313,1.000,0.0562,0.67
6921,replay,4000,0.0843,1.000,0.0562,0.67
6922,replay,4000,0.1145,1.000,0.0562,0.67
6923,replay,4000,0.1195,1.000,0.0562,0.67
6924,replay,4000,0.1039,1.000,0.0562,0.67
6925,replay,4000,0.1180,1.000,0.0562,0.68
6926,es_step,4000,0.0691,1.000,0.0562,1.30
6927,replay,4000,0.0529,1.000,0.0560,0.68
6928,replay,4000,0.1141,1.000,0.0560,0.68
6929,es_step,4000,0.1020,1.000,0.0561,1.30
6930,replay,4000,0.1321,1.000,0.0562,0.67
6931,replay,4000,0.1580,1.000,0.0562,0.67
6932,replay,4000,0.1423,1.000,0.0563,0.67
6933,replay,4000,0.1533,1.000,0.0564,0.67
6934,es_step,4000,0.1048,1.000,0.0564,1.29
6935,replay,4000,0.1348,1.000,0.0564,0.67
6936,es_step,4000,0.0973,1.000,0.0564,1.29
6937,replay,4000,0.1208,1.000,0.0565,0.67
6938,replay,4000,0.0790,1.000,0.0565,0.67
6939,replay,4000,0.0768,1.000,0.0564,0.67
6940,replay,4000,0.0725,1.000,0.0563,0.67
6941,replay,4000,0.0404,1.000,0.0562,0.67
6942,replay,4000,0.0490,1.000,0.0560,0.68
6943,es_step,4000,0.0368,1.000,0.0560,1.30
6944,replay,4000,0.0476,1.000,0.0560,0.67
6945,replay,4000,0.0375,1.000,0.0559,0.67
6946,es_step,4000,0.0538,1.000,0.0559,1.29
6947,es_step,4000,0.0484,1.000,0.0559,1.28
6948,replay,4000,0.0631,1.000,0.0558,0.67
6949,replay,4000,0.0692,1.000,0.0557,0.67
6950,replay,4000,0.0103,1.000,0.0557,0.67
6951,es_step,4000,0.0712,1.000,0.0558,1.29
6952,replay,4000,0.0745,1.000,0.0558,0.67
6953,replay,4000,0.1005,1.000,0.0557,0.67
6954,es_step,4000,0.0818,1.000,0.0558,1.30
6955,es_step,4000,0.0826,1.000,0.0558,1.29
6956,replay,4000,0.0740,1.000,0.0556,0.68
6957,replay,4000,0.0768,1.000,0.0556,0.67
6958,es_step,4000,0.0610,1.000,0.0556,1.28
6959,replay,4000,0.0711,1.000,0.0555,0.67
6960,replay,4000,0.0541,1.000,0.0554,0.67
6961,replay,4000,0.0509,1.000,0.0552,0.66
6962,replay,4000,0.0351,1.000,0.0550,0.67
6963,replay,4000,0.0532,1.000,0.0550,0.66
6964,replay,4000,0.0674,1.000,0.0549,0.66
6965,replay,4000,0.0970,1.000,0.0549,0.67
6966,es_step,4000,0.0653,1.000,0.0549,1.28
6967,replay,4000,0.0963,1.000,0.0548,0.67
6968,replay,4000,0.0592,1.000,0.0549,0.68
6969,replay,4000,0.0634,1.000,0.0548,0.68
6970,replay,4000,0.0707,1.000,0.0548,0.68
6971,replay,4000,0.0579,1.000,0.0549,0.68
6972,replay,4000,0.0552,1.000,0.0550,0.68
6973,es_step,4000,0.0494,1.000,0.0550,1.29
6974,replay,4000,0.1034,1.000,0.0549,0.67
6975,es_step,4000,0.0571,1.000,0.0549,1.29
6976,replay,4000,0.1051,1.000,0.0549,0.67
6977,replay,4000,0.1077,1.000,0.0549,0.68
6978,replay,4000,0.1149,1.000,0.0549,0.67
6979,replay,4000,0.0939,1.000,0.0551,0.68
6980,replay,4000,0.1197,1.000,0.0552,0.68
6981,replay,4000,0.0506,1.000,0.0551,0.67
6982,replay,4000,0.1460,1.000,0.0552,0.68
6983,replay,4000,0.1347,1.000,0.0552,0.68
6984,replay,4000,0.1294,1.000,0.0553,0.68
6985,es_step,4000,0.0836,1.000,0.0553,1.31
6986,es_step,4000,0.0832,1.000,0.0553,1.30
6987,replay,4000,0.1389,1.000,0.0555,0.68
6988,replay,4000,0.0918,1.000,0.0554,0.68
6989,replay,4000,0.0718,1.000,0.0553,0.68
6990,es_step,4000,0.0423,1.000,0.0553,1.29
6991,replay,4000,0.0418,1.000,0.0552,0.67
6992,es_step,4000,0.0357,1.000,0.0552,1.30
6993,replay,4000,0.0499,1.000,0.0551,0.67
6994,replay,4000,0.0567,1.000,0.0550,0.67
6995,replay,4000,0.0555,1.000,0.0549,0.67
6996,replay,4000,0.0566,1.000,0.0549,0.67
6997,replay,4000,0.1026,1.000,0.0548,0.68
6998,replay,4000,0.0678,1.000,0.0547,0.68
6999,replay,4000,0.0939,1.000,0.0547,0.68
7000,replay,4000,0.0428,1.000,0.0545,0.67
7001,replay,4000,0.0717,1.000,0.0544,0.67
7002,replay,4000,0.0849,1.000,0.0544,0.67
7003,replay,4000,0.0960,1.000,0.0545,0.66
7004,replay,4000,0.0763,1.000,0.0547,0.66
7005,replay,4000,0.1006,1.000,0.0547,0.66
7006,replay,4000,0.1052,1.000,0.0548,0.66
7007,replay,4000,0.1003,1.000,0.0548,0.66
7008,es_step,4000,0.0747,1.000,0.0548,1.27
7009,replay,4000,0.1094,1.000,0.0548,0.66
7010,es_step,4000,0.0809,1.000,0.0548,1.28
7011,replay,4000,0.0826,1.000,0.0548,0.67
7012,replay,4000,0.1113,1.000,0.0549,0.67
7013,es_step,4000,0.0826,1.000,0.0549,1.30
7014,replay,4000,0.1497,1.000,0.0549,0.68
7015,replay,4000,0.1028,1.000,0.0550,0.67
7016,es_step,4000,0.0790,1.000,0.0550,1.29
7017,replay,4000,0.0512,1.000,0.0550,0.67
7018,replay,4000,0.0858,1.000,0.0550,0.68
7019,replay,4000,0.1128,1.000,0.0550,0.68
7020,replay,4000,0.1314,1.000,0.0551,0.68
7021,es_step,4000,0.0809,1.000,0.0551,1.29
7022,replay,4000,0.1109,1.000,0.0551,0.67
7023,es_step,4000,0.0549,1.000,0.0551,1.28
7024,replay,4000,0.0666,1.000,0.0551,0.67
7025,replay,4000,0.0913,1.000,0.0550,0.68
7026,replay,4000,0.0689,1.000,0.0549,0.68
7027,es_step,4000,0.0421,1.000,0.0549,1.29
7028,es_step,4000,0.0376,1.000,0.0549,1.28
7029,replay,4000,0.0546,1.000,0.0550,0.67
7030,es_step,4000,0.0436,1.000,0.0550,1.28
7031,replay,4000,0.0465,1.000,0.0549,0.68
7032,es_step,4000,0.0445,1.000,0.0549,1.28
7033,replay,4000,0.0656,1.000,0.0548,0.67
7034,replay,4000,0.0735,1.000,0.0548,0.67
7035,replay,4000,0.0823,1.000,0.0547,0.68
7036,replay,4000,0.0717,1.000,0.0546,0.68
7037,replay,4000,0.0855,1.000,0.0546,0.68
7038,replay,4000,0.0787,1.000,0.0546,0.68
7039,replay,4000,0.0894,1.000,0.0545,0.68
7040,es_step,4000,0.0488,1.000,0.0545,1.30
7041,replay,4000,0.0876,1.000,0.0545,0.68
7042,es_step,4000,0.0456,1.000,0.0545,1.30
7043,replay,4000,0.1081,1.000,0.0544,0.67
7044,replay,4000,0.1031,1.000,0.0544,0.68
7045,replay,4000,0.1212,1.000,0.0543,0.67
7046,replay,4000,0.1105,1.000,0.0543,0.67
7047,es_step,4000,0.0719,1.000,0.0543,1.28
7048,es_step,4000,0.0704,1.000,0.0543,1.29
7049,replay,4000,0.1074,1.000,0.0543,0.67
7050,replay,4000,0.0926,1.000,0.0543,0.67
7051,replay,4000,0.0723,1.000,0.0543,0.68
7052,replay,4000,0.0704,1.000,0.0542,0.68
7053,replay,4000,0.0611,1.000,0.0541,0.68
7054,es_step,4000,0.0388,1.000,0.0541,1.30
7055,replay,4000,0.0608,1.000,0.0542,0.67
7056,replay,4000,0.0732,1.000,0.0541,0.68
7057,replay,4000,0.0707,1.000,0.0542,0.68
7058,replay,4000,0.1132,1.000,0.0541,0.68
7059,replay,4000,0.1130,1.000,0.0542,0.68
7060,replay,4000,0.1174,1.000,0.0542,0.68
7061,es_step,4000,0.0914,1.000,0.0543,1.29
7062,replay,4000,0.0976,1.000,0.0543,0.68
7063,replay,4000,0.1215,1.000,0.0543,0.67
7064,es_step,4000,0.0812,1.000,0.0543,1.29
7065,replay,4000,0.0951,1.000,0.0544,0.67
7066,replay,4000,0.1076,1.000,0.0544,0.67
7067,replay,4000,0.1021,1.000,0.0544,0.68
7068,replay,4000,0.0790,1.000,0.0545,0.68
7069,replay,4000,0.0780,1.000,0.0544,0.68
7070,es_step,4000,0.0542,1.000,0.0544,1.30
7071,replay,4000,0.0591,1.000,0.0544,0.68
7072,es_step,4000,0.0469,1.000,0.0544,1.31
7073,replay,4000,0.0340,1.000,0.0542,0.68
7074,replay,4000,0.0560,1.000,0.0541,0.68
7075,replay,4000,0.0512,1.000,0.0541,0.68
7076,es_step,4000,0.0781,1.000,0.0541,1.30
7077,replay,4000,0.1007,1.000,0.0541,0.67
7078,replay,4000,0.1089,1.000,0.0542,0.67
7079,replay,4000,0.1080,1.000,0.0542,0.68
7080,replay,4000,-0.0742,1.000,0.0542,0.68
7081,es_step,4000,0.1010,1.000,0.0542,1.29
7082,es_step,4000,0.1005,1.000,0.0544,1.29
7083,replay,4000,0.1204,1.000,0.0545,0.67
7084,replay,4000,0.1730,1.000,0.0546,0.67
7085,replay,4000,0.1734,1.000,0.0548,0.68
7086,replay,4000,0.1396,1.000,0.0550,0.68
7087,replay,4000,0.1576,1.000,0.0551,0.68
7088,es_step,4000,0.1046,1.000,0.0552,1.29
7089,replay,4000,0.1300,1.000,0.0553,0.67
7090,replay,4000,0.1280,1.000,0.0553,0.67
7091,replay,4000,0.1077,1.000,0.0553,0.68
7092,replay,4000,0.0929,1.000,0.0553,0.68
7093,replay,4000,0.1014,1.000,0.0552,0.68
7094,replay,4000,0.0753,1.000,0.0552,0.68
7095,replay,4000,0.0799,1.000,0.0552,0.68
7096,es_step,4000,0.0639,1.000,0.0552,1.30
7097,es_step,4000,0.0594,1.000,0.0552,1.30
7098,replay,4000,0.0851,1.000,0.0551,0.67
7099,replay,4000,0.0480,1.000,0.0549,0.67
7100,replay,4000,0.0609,1.000,0.0548,0.68
7101,replay,4000,0.0594,1.000,0.0547,0.68
7102,es_step,4000,0.0409,1.000,0.0547,1.29
7103,replay,4000,0.0519,1.000,0.0547,0.68
7104,replay,4000,0.0474,1.000,0.0546,0.68
7105,replay,4000,0.0291,1.000,0.0544,0.68
7106,replay,4000,0.0540,1.000,0.0543,0.68
7107,replay,4000,0.0661,1.000,0.0543,0.68
7108,replay,4000,0.0657,1.000,0.0542,0.68
7109,es_step,4000,0.0416,1.000,0.0542,1.30
7110,es_step,4000,0.0372,1.000,0.0542,1.29
7111,es_step,4000,0.0373,1.000,0.0542,1.29
7112,es_step,4000,0.0412,1.000,0.0542,1.28
7113,es_step,4000,0.0379,1.000,0.0542,1.29
7114,replay,4000,0.0356,1.000,0.0541,0.68
7115,replay,4000,0.0630,1.000,0.0541,0.68
7116,replay,4000,0.0252,1.000,0.0538,0.68
7117,replay,4000,0.0959,1.000,0.0538,0.68
7118,replay,4000,0.0956,1.000,0.0539,0.68
7119,replay,4000,0.0958,1.000,0.0541,0.68
7120,replay,4000,0.0664,1.000,0.0540,0.68
7121,replay,4000,0.1166,1.000,0.0540,2.81
7122,replay,4000,0.1018,1.000,0.0540,0.68
7123,replay,4000,0.0994,1.000,0.0540,0.68
7124,replay,4000,0.0882,1.000,0.0540,0.68
7125,es_step,4000,0.0683,1.000,0.0540,1.31
7126,replay,4000,0.0794,1.000,0.0540,0.68
7127,replay,4000,0.1036,1.000,0.0540,0.68
7128,es_step,4000,0.0632,1.000,0.0540,1.30
7129,replay,4000,0.0854,1.000,0.0539,0.68
7130,replay,4000,0.0943,1.000,0.0540,0.68
7131,replay,4000,0.0759,1.000,0.0540,0.68
7132,replay,4000,0.0909,1.000,0.0541,0.68
7133,replay,4000,0.1025,1.000,0.0541,0.68
7134,es_step,4000,0.0737,1.000,0.0541,1.30
7135,replay,4000,0.0900,1.000,0.0541,0.67
7136,es_step,4000,0.0550,1.000,0.0541,1.29
7137,replay,4000,0.0579,1.000,0.0542,0.68
7138,replay,4000,0.0887,1.000,0.0542,0.67
7139,replay,4000,0.0762,1.000,0.0541,0.68
7140,replay,4000,0.0834,1.000,0.0540,0.68
7141,replay,4000,0.1037,1.000,0.0540,0.68
7142,es_step,4000,0.0852,1.000,0.0540,1.30
7143,replay,4000,0.0958,1.000,0.0541,0.68
7144,replay,4000,0.1157,1.000,0.0541,0.68
7145,replay,4000,0.1126,1.000,0.0541,0.68
7146,replay,4000,0.1245,1.000,0.0541,0.68
7147,replay,4000,0.0619,1.000,0.0541,0.68
7148,replay,4000,0.0888,1.000,0.0541,0.68
7149,replay,4000,0.0838,1.000,0.0540,0.69
7150,es_step,4000,0.0659,1.000,0.0540,1.32
7151,replay,4000,0.0361,1.000,0.0538,0.68
7152,es_step,4000,0.0722,1.000,0.0538,1.30
7153,replay,4000,0.0912,1.000,0.0539,0.67
7154,es_step,4000,0.0790,1.000,0.0539,1.29
7155,es_step,4000,0.0828,1.000,0.0539,1.29
7156,replay,4000,0.1092,1.000,0.0539,0.67
7157,replay,4000,0.1220,1.000,0.0539,0.68
7158,es_step,4000,0.0841,1.000,0.0539,1.30
7159,es_step,4000,0.0897,1.000,0.0540,1.29
7160,replay,4000,0.1071,1.000,0.0540,0.67
7161,es_step,4000,0.0729,1.000,0.0540,1.29
7162,replay,4000,0.0979,1.000,0.0540,0.68
7163,es_step,4000,0.0510,1.000,0.0540,1.29
7164,replay,4000,0.0634,1.000,0.0540,0.67
7165,replay,4000,0.0621,1.000,0.0539,0.67
7166,replay,4000,0.0676,1.000,0.0538,0.67
7167,replay,4000,0.0613,1.000,0.0538,0.67
7168,replay,4000,0.0545,1.000,0.0537,0.67
7169,replay,4000,0.0459,1.000,0.0536,0.67
7170,replay,4000,0.0182,1.000,0.0535,0.67
7171,replay,4000,0.0668,1.000,0.0535,0.67
7172,replay,4000,0.0595,1.000,0.0535,0.66
7173,replay,4000,0.0854,1.000,0.0534,0.66
7174,replay,4000,0.1051,1.000,0.0535,0.66
7175,replay,4000,0.1077,1.000,0.0535,0.66
7176,replay,4000,0.0779,1.000,0.0535,0.66
7177,replay,4000,0.0944,1.000,0.0535,0.66
7178,es_step,4000,0.0620,1.000,0.0535,1.27
7179,replay,4000,0.0837,1.000,0.0535,0.65
7180,replay,4000,0.1131,1.000,0.0536,0.67
7181,replay,4000,0.1214,1.000,0.0536,0.67
7182,replay,4000,0.1285,1.000,0.0537,0.68
7183,replay,4000,0.1251,1.000,0.0538,0.68
7184,replay,4000,0.1241,1.000,0.0539,0.68
7185,replay,4000,0.1267,1.000,0.0540,0.68
7186,replay,4000,0.1483,1.000,0.0541,0.68
7187,replay,4000,0.1326,1.000,0.0542,0.69
7188,replay,4000,0.1280,1.000,0.0542,0.69
7189,replay,4000,0.1058,1.000,0.0543,0.68
7190,replay,4000,0.0657,1.000,0.0540,0.68
7191,replay,4000,0.0684,1.000,0.0540,0.69
7192,es_step,4000,0.0363,1.000,0.0540,1.32
7193,replay,4000,0.0491,1.000,0.0538,0.68
7194,replay,4000,0.0408,1.000,0.0537,0.68
7195,replay,4000,0.0966,1.000,0.0537,0.68
7196,replay,4000,0.0834,1.000,0.0537,0.68
7197,replay,4000,0.0994,1.000,0.0537,0.68
7198,replay,4000,0.0737,1.000,0.0536,0.68
7199,replay,4000,0.0614,1.000,0.0536,0.68
7200,replay,4000,0.0495,1.000,0.0535,0.68
7201,replay,4000,0.0584,1.000,0.0534,0.68
7202,replay,4000,0.0569,1.000,0.0533,0.68
7203,es_step,4000,0.0533,1.000,0.0533,1.30
7204,replay,4000,0.0244,1.000,0.0533,0.68
7205,replay,4000,0.0519,1.000,0.0532,0.68
7206,replay,4000,0.0628,1.000,0.0533,0.68
7207,replay,4000,0.0741,1.000,0.0532,0.68
7208,replay,4000,0.0924,1.000,0.0532,0.68
7209,replay,4000,0.0628,1.000,0.0533,0.68
7210,replay,4000,0.0904,1.000,0.0532,0.68
7211,replay,4000,0.0726,1.000,0.0532,0.68
7212,es_step,4000,0.0784,1.000,0.0532,1.31
7213,replay,4000,-0.0126,1.000,0.0532,0.68
7214,replay,4000,0.0890,1.000,0.0532,0.68
7215,replay,4000,0.1152,1.000,0.0532,0.67
7216,replay,4000,0.1335,1.000,0.0533,0.68
7217,replay,4000,0.1081,1.000,0.0533,0.68
7218,es_step,4000,0.0976,1.000,0.0534,1.30
7219,replay,4000,0.1260,1.000,0.0534,0.68
7220,replay,4000,0.1281,1.000,0.0535,0.67
7221,replay,4000,0.1247,1.000,0.0535,0.68
7222,replay,4000,0.1172,1.000,0.0536,0.67
7223,replay,4000,0.1163,1.000,0.0536,0.68
7224,replay,4000,0.1149,1.000,0.0536,0.68
7225,replay,4000,0.1140,1.000,0.0538,0.68
7226,replay,4000,0.1081,1.000,0.0538,0.68
7227,replay,4000,0.1062,1.000,0.0539,0.68
7228,replay,4000,0.1110,1.000,0.0540,0.68
7229,es_step,4000,0.0894,1.000,0.0540,1.30
7230,replay,4000,0.1012,1.000,0.0541,0.68
7231,replay,4000,0.1122,1.000,0.0541,0.68
7232,replay,4000,0.0904,1.000,0.0541,0.68
7233,replay,4000,0.0693,1.000,0.0541,0.68
7234,replay,4000,0.0745,1.000,0.0541,0.68
7235,replay,4000,0.0768,1.000,0.0541,0.68
7236,replay,4000,0.0698,1.000,0.0539,0.68
7237,replay,4000,0.0918,1.000,0.0539,0.68
7238,es_step,4000,0.0555,1.000,0.0539,1.30
7239,replay,4000,0.0710,1.000,0.0538,0.68
7240,replay,4000,0.0486,1.000,0.0537,0.68
7241,replay,4000,0.0875,1.000,0.0537,0.70
7242,replay,4000,0.0563,1.000,0.0535,0.68
7243,replay,4000,0.0636,1.000,0.0534,0.68
7244,replay,4000,0.0926,1.000,0.0534,0.68
7245,replay,4000,0.0907,1.000,0.0533,0.68
7246,es_step,4000,0.0429,1.000,0.0533,1.30
7247,es_step,4000,0.0416,1.000,0.0533,1.29
7248,replay,4000,0.0550,1.000,0.0533,0.67
7249,replay,4000,0.0623,1.000,0.0532,0.68
7250,replay,4000,0.0677,1.000,0.0531,0.68
7251,es_step,4000,0.0532,1.000,0.0531,1.29
7252,es_step,4000,0.0590,1.000,0.0531,1.29
7253,replay,4000,0.1075,1.000,0.0531,0.68
7254,replay,4000,0.0115,1.000,0.0530,0.67
7255,es_step,4000,0.0756,1.000,0.0530,1.30
7256,es_step,4000,0.0758,1.000,0.0530,1.29
7257,replay,4000,0.1168,1.000,0.0531,0.67
7258,es_step,4000,0.1025,1.000,0.0532,1.29
7259,replay,4000,0.1445,1.000,0.0533,0.67
7260,replay,4000,0.1632,1.000,0.0534,0.67
7261,replay,4000,0.1252,1.000,0.0538,0.67
7262,replay,4000,0.1130,1.000,0.0539,0.67
7263,replay,4000,0.1406,1.000,0.0540,0.67
7264,replay,4000,0.1582,1.000,0.0543,0.67
7265,replay,4000,0.1700,1.000,0.0544,0.67
7266,replay,4000,0.1266,1.000,0.0547,0.67
7267,replay,4000,0.1481,1.000,0.0546,0.68
7268,replay,4000,0.1508,1.000,0.0547,0.68
7269,replay,4000,0.1101,1.000,0.0548,0.68
7270,replay,4000,0.1016,1.000,0.0548,0.68
7271,es_step,4000,0.0881,1.000,0.0548,1.31
7272,es_step,4000,0.0919,1.000,0.0549,1.30
7273,replay,4000,0.1294,1.000,0.0549,0.68
7274,es_step,4000,0.0955,1.000,0.0549,1.30
7275,replay,4000,0.1018,1.000,0.0549,0.68
7276,replay,4000,0.1179,1.000,0.0550,0.68
7277,replay,4000,0.0773,1.000,0.0549,0.68
7278,replay,4000,0.1043,1.000,0.0550,0.68
7279,es_step,4000,0.0931,1.000,0.0550,1.30
7280,replay,4000,0.1082,1.000,0.0552,0.67
7281,replay,4000,0.1157,1.000,0.0552,0.68
7282,replay,4000,0.0999,1.000,0.0553,0.68
7283,replay,4000,0.1252,1.000,0.0553,0.68
7284,replay,4000,0.0724,1.000,0.0552,0.68
7285,replay,4000,0.1208,1.000,0.0552,0.68
7286,es_step,4000,0.0880,1.000,0.0552,1.31
7287,es_step,4000,0.0850,1.000,0.0552,1.29
7288,replay,4000,0.1173,1.000,0.0552,0.68
7289,es_step,4000,0.0991,1.000,0.0552,1.30
7290,replay,4000,0.1069,1.000,0.0553,0.68
7291,es_step,4000,0.0962,1.000,0.0554,1.29
7292,replay,4000,0.1242,1.000,0.0554,0.68
7293,replay,4000,0.1401,1.000,0.0554,0.68
7294,es_step,4000,0.0868,1.000,0.0554,1.29
7295,replay,4000,0.1196,1.000,0.0554,0.67
7296,replay,4000,0.1047,1.000,0.0555,0.68
7297,replay,4000,0.1105,1.000,0.0555,0.68
7298,replay,4000,0.0979,1.000,0.0556,0.68
7299,replay,4000,0.0626,1.000,0.0553,0.67
7300,replay,4000,0.0976,1.000,0.0553,0.67
7301,replay,4000,0.1198,1.000,0.0555,0.68
7302,es_step,4000,0.0913,1.000,0.0555,1.31
7303,replay,4000,0.1062,1.000,0.0557,0.68
7304,replay,4000,0.1309,1.000,0.0557,0.68
7305,replay,4000,0.1184,1.000,0.0558,0.68
7306,replay,4000,0.1150,1.000,0.0559,0.68
7307,replay,4000,0.1275,1.000,0.0559,0.68
7308,replay,4000,0.1023,1.000,0.0558,0.68
7309,replay,4000,0.1128,1.000,0.0559,0.68
7310,replay,4000,0.0948,1.000,0.0559,0.68
7311,replay,4000,0.1126,1.000,0.0559,0.68
7312,replay,4000,0.1093,1.000,0.0559,0.68
7313,replay,4000,0.1000,1.000,0.0559,0.68
7314,replay,4000,0.0887,1.000,0.0558,0.68
7315,replay,4000,0.0986,1.000,0.0558,0.68
7316,replay,4000,0.0777,1.000,0.0557,0.68
7317,es_step,4000,0.0564,1.000,0.0557,1.32
7318,replay,4000,0.0642,1.000,0.0557,0.68
7319,es_step,4000,0.0589,1.000,0.0557,1.32
7320,replay,4000,0.0815,1.000,0.0556,0.68
7321,replay,4000,0.0769,1.000,0.0556,0.68
7322,replay,4000,0.0616,1.000,0.0555,0.68
7323,es_step,4000,0.0426,1.000,0.0556,1.30
7324,replay,4000,0.0495,1.000,0.0554,0.67
7325,replay,4000,0.0669,1.000,0.0553,0.67
7326,replay,4000,0.0281,1.000,0.0552,0.68
7327,replay,4000,0.0706,1.000,0.0551,0.68
7328,replay,4000,0.0738,1.000,0.0550,0.68
7329,replay,4000,0.0606,1.000,0.0549,0.68
7330,replay,4000,0.1272,1.000,0.0549,0.68
7331,replay,4000,0.1110,1.000,0.0549,0.68
7332,es_step,4000,0.0807,1.000,0.0549,1.30
7333,es_step,4000,0.0827,1.000,0.0549,1.29
7334,es_step,4000,0.0818,1.000,0.0549,1.29
7335,replay,4000,0.0952,1.000,0.0549,0.68
7336,replay,4000,0.1029,1.000,0.0550,0.67
7337,es_step,4000,0.0519,1.000,0.0550,1.29
7338,replay,4000,0.0740,1.000,0.0549,0.67
7339,replay,4000,0.0410,1.000,0.0549,0.67
7340,replay,4000,0.0782,1.000,0.0549,0.67
7341,replay,4000,0.0986,1.000,0.0549,0.68
7342,replay,4000,0.1146,1.000,0.0549,0.68
7343,es_step,4000,0.0810,1.000,0.0549,1.30
7344,replay,4000,0.1198,1.000,0.0549,0.67
7345,replay,4000,0.1184,1.000,0.0549,0.67
7346,replay,4000,0.1081,1.000,0.0551,0.68
7347,es_step,4000,0.0745,1.000,0.0551,1.29
7348,replay,4000,0.1063,1.000,0.0552,0.68
7349,es_step,4000,0.0672,1.000,0.0552,1.28
7350,replay,4000,0.1400,1.000,0.0552,0.67
7351,replay,4000,0.1032,1.000,0.0551,0.68
7352,replay,4000,0.1191,1.000,0.0551,0.68
7353,replay,4000,0.0989,1.000,0.0551,0.68
7354,replay,4000,0.0854,1.000,0.0550,0.68
7355,es_step,4000,0.0511,1.000,0.0550,1.30
7356,replay,4000,0.0464,1.000,0.0550,0.67
7357,es_step,4000,0.0431,1.000,0.0550,1.28
7358,es_step,4000,0.0398,1.000,0.0550,1.28
7359,replay,4000,0.0817,1.000,0.0548,0.67
7360,replay,4000,0.0529,1.000,0.0547,0.67
7361,es_step,4000,0.0579,1.000,0.0547,1.29
7362,replay,4000,0.0840,1.000,0.0547,0.67
7363,es_step,4000,0.0621,1.000,0.0547,1.28
7364,replay,4000,0.0886,1.000,0.0547,0.67
7365,replay,4000,0.0912,1.000,0.0549,0.67
7366,replay,4000,0.0736,1.000,0.0548,0.67
7367,replay,4000,0.0437,1.000,0.0547,0.68
7368,replay,4000,0.0524,1.000,0.0545,0.67
7369,replay,4000,0.0899,1.000,0.0545,0.67
7370,replay,4000,0.1044,1.000,0.0545,0.68
7371,replay,4000,0.1065,1.000,0.0545,0.68
7372,replay,4000,0.0808,1.000,0.0545,0.68
7373,es_step,4000,0.0293,1.000,0.0545,1.30
7374,replay,4000,0.0760,1.000,0.0546,0.67
7375,replay,4000,0.0544,1.000,0.0545,0.67
7376,replay,4000,0.0771,1.000,0.0545,0.68
7377,replay,4000,0.0602,1.000,0.0544,0.68
7378,replay,4000,0.0677,1.000,0.0544,0.67
7379,replay,4000,0.0594,1.000,0.0543,0.68
7380,replay,4000,0.0673,1.000,0.0543,0.67
7381,replay,4000,0.0611,1.000,0.0542,0.68
7382,replay,4000,0.0243,1.000,0.0540,0.68
7383,replay,4000,0.0978,1.000,0.0540,0.68
7384,es_step,4000,0.0623,1.000,0.0540,1.30
7385,replay,4000,0.1034,1.000,0.0541,0.68
7386,es_step,4000,0.0836,1.000,0.0541,1.29
7387,es_step,4000,0.0800,1.000,0.0541,1.28
7388,replay,4000,0.1268,1.000,0.0541,0.67
7389,es_step,4000,0.0892,1.000,0.0541,1.28
7390,replay,4000,0.1245,1.000,0.0542,0.67
7391,es_step,4000,0.0945,1.000,0.0543,1.27
7392,replay,4000,0.0879,1.000,0.0543,0.67
7393,es_step,4000,0.0928,1.000,0.0544,1.28
7394,replay,4000,0.1155,1.000,0.0544,0.67
7395,replay,4000,0.1123,1.000,0.0544,0.67
7396,es_step,4000,0.0885,1.000,0.0545,1.29
7397,replay,4000,0.1182,1.000,0.0545,0.67
7398,replay,4000,0.1191,1.000,0.0548,0.67
7399,es_step,4000,0.0941,1.000,0.0548,1.27
7400,replay,4000,0.1404,1.000,0.0548,0.67
7401,replay,4000,0.1234,1.000,0.0549,0.67
7402,replay,4000,0.1085,1.000,0.0550,0.67
7403,replay,4000,0.1111,1.000,0.0550,0.67
7404,replay,4000,0.0862,1.000,0.0549,0.68
7405,replay,4000,0.0774,1.000,0.0549,0.68
7406,replay,4000,0.1041,1.000,0.0549,0.68
7407,es_step,4000,0.0744,1.000,0.0549,1.29
7408,replay,4000,0.0810,1.000,0.0549,0.67
7409,replay,4000,0.0685,1.000,0.0549,0.68
7410,replay,4000,0.0660,1.000,0.0549,0.68
7411,replay,4000,0.0872,1.000,0.0548,0.68
7412,replay,4000,0.0767,1.000,0.0548,0.68
7413,es_step,4000,0.0580,1.000,0.0548,1.29
7414,replay,4000,0.0871,1.000,0.0548,0.67
7415,es_step,4000,0.0581,1.000,0.0548,1.29
7416,replay,4000,0.0698,1.000,0.0548,0.67
7417,replay,4000,0.0698,1.000,0.0547,0.67
7418,replay,4000,0.0713,1.000,0.0547,0.67
7419,replay,4000,0.0844,1.000,0.0546,0.67
7420,replay,4000,0.0980,1.000,0.0546,0.68
7421,es_step,4000,0.0729,1.000,0.0546,1.29
7422,replay,4000,0.0981,1.000,0.0547,0.67
7423,replay,4000,0.1231,1.000,0.0547,0.67
7424,replay,4000,0.1311,1.000,0.0547,0.67
7425,es_step,4000,0.1018,1.000,0.0549,1.29
7426,replay,4000,0.1240,1.000,0.0549,0.67
7427,replay,4000,0.1208,1.000,0.0550,0.67
7428,replay,4000,0.1167,1.000,0.0551,2.83
7429,replay,4000,0.0985,1.000,0.0551,0.68
7430,es_step,4000,0.0662,1.000,0.0551,1.30
7431,replay,4000,0.0844,1.000,0.0551,0.67
7432,replay,4000,0.0942,1.000,0.0550,0.67
7433,replay,4000,0.0661,1.000,0.0550,0.67
7434,replay,4000,0.0638,1.000,0.0549,0.67
7435,es_step,4000,0.0422,1.000,0.0549,1.28
7436,replay,4000,0.0563,1.000,0.0548,0.68
7437,replay,4000,0.0517,1.000,0.0548,0.67
7438,replay,4000,0.0477,1.000,0.0547,0.71
7439,replay,4000,0.0525,1.000,0.0546,0.67
7440,es_step,4000,0.0489,1.000,0.0546,1.29
7441,replay,4000,0.0611,1.000,0.0545,0.67
7442,replay,4000,0.0550,1.000,0.0545,0.67
7443,es_step,4000,0.0570,1.000,0.0545,1.28
7444,replay,4000,0.0626,1.000,0.0544,0.67
7445,replay,4000,0.0391,1.000,0.0544,0.67
7446,replay,4000,0.1179,1.000,0.0544,0.67
7447,replay,4000,0.1097,1.000,0.0544,0.67
7448,es_step,4000,0.0848,1.000,0.0544,1.28
7449,replay,4000,0.1178,1.000,0.0544,0.67
7450,replay,4000,0.1051,1.000,0.0545,0.67
7451,replay,4000,0.1056,1.000,0.0545,0.67
7452,replay,4000,0.1083,1.000,0.0545,0.67
7453,es_step,4000,0.0675,1.000,0.0546,1.29
7454,replay,4000,0.0587,1.000,0.0545,0.67
7455,replay,4000,0.0723,1.000,0.0545,0.68
7456,replay,4000,0.0758,1.000,0.0544,0.67
7457,replay,4000,0.0428,1.000,0.0543,0.67
7458,es_step,4000,0.0484,1.000,0.0543,1.28
7459,replay,4000,0.0739,1.000,0.0542,0.67
7460,replay,4000,0.1358,1.000,0.0543,0.67
7461,replay,4000,0.1315,1.000,0.0543,0.67
7462,replay,4000,0.1303,1.000,0.0544,0.67
7463,replay,4000,0.1162,1.000,0.0544,0.67
7464,replay,4000,0.1038,1.000,0.0544,0.68
7465,replay,4000,0.0924,1.000,0.0544,0.67
7466,replay,4000,0.0505,1.000,0.0543,0.68
7467,replay,4000,0.0736,1.000,0.0543,0.67
7468,replay,4000,0.0873,1.000,0.0542,0.67
7469,replay,4000,0.0926,1.000,0.0541,0.67
7470,es_step,4000,0.0508,1.000,0.0541,1.30
7471,es_step,4000,0.0513,1.000,0.0541,1.29
7472,replay,4000,0.1060,1.000,0.0541,0.67
7473,replay,4000,0.1003,1.000,0.0541,0.67
7474,replay,4000,0.0663,1.000,0.0540,0.67
7475,replay,4000,0.0597,1.000,0.0540,0.67
7476,es_step,4000,0.0053,1.000,0.0540,1.28
7477,replay,4000,0.0156,1.000,0.0538,0.67
7478,replay,4000,0.0407,1.000,0.0537,0.67
7479,replay,4000,0.0462,1.000,0.0536,0.67
7480,replay,4000,0.0534,1.000,0.0536,0.67
7481,replay,4000,0.0716,1.000,0.0536,0.68
7482,es_step,4000,0.0538,1.000,0.0536,1.29
7483,replay,4000,0.0633,1.000,0.0537,0.67
7484,replay,4000,0.0518,1.000,0.0538,0.67
7485,replay,4000,0.1173,1.000,0.0538,0.67
7486,replay,4000,0.1116,1.000,0.0539,0.68
7487,replay,4000,0.1702,1.000,0.0542,0.67
7488,replay,4000,0.1784,1.000,0.0544,0.67
7489,replay,4000,0.1307,1.000,0.0545,0.67
7490,replay,4000,0.1412,1.000,0.0545,0.68
7491,replay,4000,0.1161,1.000,0.0545,0.68
7492,es_step,4000,0.0722,1.000,0.0545,1.30
7493,replay,4000,0.0983,1.000,0.0544,0.68
7494,replay,4000,0.0938,1.000,0.0545,0.67
7495,replay,4000,0.0793,1.000,0.0545,0.67
7496,es_step,4000,0.0498,1.000,0.0545,1.29
7497,replay,4000,0.0033,1.000,0.0544,0.67
7498,es_step,4000,0.0545,1.000,0.0544,1.30
7499,replay,4000,0.0727,1.000,0.0544,0.67
7500,es_step,4000,0.0733,1.000,0.0544,1.29
7501,replay,4000,0.1136,1.000,0.0545,0.67
7502,replay,4000,0.1191,1.000,0.0545,0.67
7503,replay,4000,0.1061,1.000,0.0545,0.67
7504,replay,4000,0.1108,1.000,0.0545,0.67
7505,replay,4000,0.0959,1.000,0.0546,0.67
7506,replay,4000,0.1115,1.000,0.0546,0.67
7507,replay,4000,0.1058,1.000,0.0546,0.68
7508,replay,4000,0.0986,1.000,0.0546,0.68
7509,replay,4000,0.0436,1.000,0.0545,0.68
7510,replay,4000,0.0677,1.000,0.0544,0.68
7511,replay,4000,-0.1110,1.000,0.0542,0.68
7512,replay,4000,0.0688,1.000,0.0542,0.68
7513,es_step,4000,0.0544,1.000,0.0542,1.30
7514,replay,4000,0.0881,1.000,0.0541,0.67
7515,replay,4000,0.0842,1.000,0.0541,0.67
7516,replay,4000,0.0947,1.000,0.0541,0.68
7517,replay,4000,0.0844,1.000,0.0542,0.67
7518,replay,4000,0.0658,1.000,0.0541,0.67
7519,replay,4000,0.0683,1.000,0.0541,0.67
7520,replay,4000,0.0583,1.000,0.0541,0.68
7521,replay,4000,0.0700,1.000,0.0540,0.68
7522,replay,4000,0.0465,1.000,0.0539,0.67
7523,replay,4000,0.0581,1.000,0.0539,0.68
7524,es_step,4000,0.0426,1.000,0.0539,1.30
7525,replay,4000,0.0494,1.000,0.0538,0.67
7526,replay,4000,0.0473,1.000,0.0537,0.68
7527,replay,4000,0.0530,1.000,0.0538,0.68
7528,replay,4000,-0.0071,1.000,0.0537,0.67
7529,replay,4000,0.1694,1.000,0.0538,0.67
7530,replay,4000,0.1384,1.000,0.0539,0.67
7531,replay,4000,0.1395,1.000,0.0540,0.68
7532,replay,4000,0.1433,1.000,0.0540,0.68
7533,replay,4000,0.1157,1.000,0.0541,0.67
7534,replay,4000,0.1334,1.000,0.0542,0.68
7535,es_step,4000,0.0697,1.000,0.0543,1.29
7536,replay,4000,0.1088,1.000,0.0542,0.67
7537,replay,4000,0.0957,1.000,0.0542,0.67
7538,replay,4000,0.0742,1.000,0.0542,0.67
7539,replay,4000,0.0761,1.000,0.0542,0.68
7540,replay,4000,0.0653,1.000,0.0540,0.68
7541,es_step,4000,0.0429,1.000,0.0540,1.30
7542,replay,4000,0.0785,1.000,0.0539,0.67
7543,replay,4000,0.0696,1.000,0.0538,0.67
7544,replay,4000,0.1044,1.000,0.0537,0.67
7545,replay,4000,0.0733,1.000,0.0537,0.67
7546,replay,4000,0.0667,1.000,0.0536,0.67
7547,es_step,4000,0.0637,1.000,0.0536,1.29
7548,replay,4000,0.0709,1.000,0.0537,0.67
7549,es_step,4000,0.0667,1.000,0.0537,1.28
7550,replay,4000,0.1062,1.000,0.0537,0.67
7551,es_step,4000,0.0737,1.000,0.0537,1.28
7552,replay,4000,0.0927,1.000,0.0537,0.67
7553,replay,4000,0.1277,1.000,0.0539,0.67
7554,replay,4000,0.1368,1.000,0.0539,0.67
7555,replay,4000,0.1225,1.000,0.0539,0.67
7556,replay,4000,0.1394,1.000,0.0539,0.68
7557,replay,4000,0.1296,1.000,0.0540,0.67
7558,es_step,4000,0.0943,1.000,0.0540,1.29
7559,replay,4000,0.1312,1.000,0.0541,0.67
7560,replay,4000,0.1079,1.000,0.0541,0.67
7561,replay,4000,0.0857,1.000,0.0541,0.67
7562,replay,4000,0.0957,1.000,0.0541,0.67
7563,replay,4000,0.0546,1.000,0.0541,0.68
7564,es_step,4000,0.0200,1.000,0.0541,1.30
7565,replay,4000,0.0422,1.000,0.0540,0.67
7566,replay,4000,0.0480,1.000,0.0539,0.67
7567,replay,4000,0.0515,1.000,0.0538,0.67
7568,replay,4000,0.0284,1.000,0.0534,0.67
7569,es_step,4000,0.0302,1.000,0.0534,1.30
7570,es_step,4000,0.0244,1.000,0.0534,1.30
7571,replay,4000,0.0730,1.000,0.0534,0.67
7572,replay,4000,0.0778,1.000,0.0533,0.67
7573,replay,4000,0.1469,1.000,0.0533,0.67
7574,replay,4000,0.1234,1.000,0.0533,0.67
7575,replay,4000,0.1332,1.000,0.0533,0.67
7576,replay,4000,0.1155,1.000,0.0534,0.67
7577,replay,4000,0.1195,1.000,0.0536,0.67
7578,replay,4000,0.1231,1.000,0.0536,0.67
7579,replay,4000,0.0895,1.000,0.0536,0.68
7580,es_step,4000,0.0660,1.000,0.0536,1.30
7581,replay,4000,0.0781,1.000,0.0536,0.67
7582,replay,4000,0.0701,1.000,0.0535,0.67
7583,replay,4000,0.0605,1.000,0.0534,0.67
7584,replay,4000,0.0425,1.000,0.0533,0.67
7585,replay,4000,0.0242,1.000,0.0530,0.68
7586,es_step,4000,0.0184,1.000,0.0530,1.31
7587,replay,4000,0.0299,1.000,0.0530,0.68
7588,replay,4000,0.0521,1.000,0.0529,0.68
7589,replay,4000,0.0723,1.000,0.0528,0.68
7590,replay,4000,0.0825,1.000,0.0528,0.68
7591,replay,4000,0.0933,1.000,0.0528,0.69
7592,replay,4000,0.1050,1.000,0.0527,0.68
7593,replay,4000,0.1248,1.000,0.0527,0.68
7594,es_step,4000,0.0945,1.000,0.0528,1.30
7595,replay,4000,0.1330,1.000,0.0530,0.68
7596,es_step,4000,0.0858,1.000,0.0530,1.29
7597,replay,4000,0.0957,1.000,0.0530,0.68
7598,replay,4000,0.1193,1.000,0.0531,0.68
7599,replay,4000,0.1213,1.000,0.0531,0.68
7600,replay,4000,0.1229,1.000,0.0531,0.68
7601,replay,4000,0.1135,1.000,0.0532,0.68
7602,es_step,4000,0.0961,1.000,0.0532,1.31
7603,replay,4000,0.1350,1.000,0.0533,0.68
7604,replay,4000,0.0768,1.000,0.0534,0.68
7605,es_step,4000,0.0811,1.000,0.0534,1.29
7606,replay,4000,0.1053,1.000,0.0535,0.67
7607,replay,4000,0.0988,1.000,0.0536,0.68
7608,es_step,4000,0.0569,1.000,0.0536,1.29
7609,replay,4000,0.0656,1.000,0.0535,0.67
7610,es_step,4000,0.0459,1.000,0.0535,1.29
7611,replay,4000,0.0876,1.000,0.0534,0.67
7612,es_step,4000,0.0525,1.000,0.0534,1.28
7613,replay,4000,0.0794,1.000,0.0534,0.67
7614,replay,4000,0.0402,1.000,0.0534,0.67
7615,replay,4000,0.0857,1.000,0.0534,0.67
7616,replay,4000,0.0918,1.000,0.0533,0.79
7617,replay,4000,0.0846,1.000,0.0533,0.67
7618,replay,4000,0.0811,1.000,0.0533,0.67
7619,replay,4000,0.0702,1.000,0.0532,0.68
7620,replay,4000,0.0756,1.000,0.0531,0.67
7621,replay,4000,0.0631,1.000,0.0531,0.68
7622,es_step,4000,0.0486,1.000,0.0531,1.30
7623,es_step,4000,0.0533,1.000,0.0531,1.29
7624,replay,4000,0.0661,1.000,0.0531,0.67
7625,replay,4000,0.0525,1.000,0.0531,0.67
7626,replay,4000,-0.0435,1.000,0.0532,0.67
7627,replay,4000,0.0622,1.000,0.0532,0.67
7628,replay,4000,0.0807,1.000,0.0532,0.67
7629,replay,4000,0.1034,1.000,0.0533,0.67
7630,replay,4000,0.1071,1.000,0.0533,0.67
7631,es_step,4000,0.0703,1.000,0.0533,1.29
7632,replay,4000,0.1116,1.000,0.0535,0.67
7633,replay,4000,0.1214,1.000,0.0534,0.67
7634,replay,4000,0.1070,1.000,0.0535,0.67
7635,replay,4000,0.0979,1.000,0.0535,0.67
7636,es_step,4000,0.0878,1.000,0.0535,1.30
7637,replay,4000,0.1149,1.000,0.0535,0.67
7638,replay,4000,0.1064,1.000,0.0535,0.67
7639,es_step,4000,0.0705,1.000,0.0535,1.29
7640,replay,4000,0.0794,1.000,0.0535,0.67
7641,replay,4000,0.0814,1.000,0.0535,0.67
7642,replay,4000,0.0792,1.000,0.0535,0.67
7643,replay,4000,0.1088,1.000,0.0535,0.68
7644,replay,4000,0.1092,1.000,0.0535,0.68
7645,replay,4000,0.0715,1.000,0.0535,0.68
7646,es_step,4000,0.0471,1.000,0.0535,1.30
7647,replay,4000,0.0686,1.000,0.0534,0.67
7648,replay,4000,0.0565,1.000,0.0533,0.68
7649,replay,4000,0.0370,1.000,0.0533,0.68
7650,replay,4000,0.0609,1.000,0.0531,0.68
7651,replay,4000,0.0639,1.000,0.0532,0.68
7652,replay,4000,0.0478,1.000,0.0531,0.68
7653,replay,4000,0.0502,1.000,0.0530,0.68
7654,replay,4000,0.0958,1.000,0.0530,0.68
7655,es_step,4000,0.0465,1.000,0.0530,1.30
7656,replay,4000,0.0604,1.000,0.0528,0.68
7657,replay,4000,0.0752,1.000,0.0528,0.68
7658,es_step,4000,0.0498,1.000,0.0528,1.30
7659,replay,4000,0.0898,1.000,0.0528,0.67
7660,es_step,4000,0.0540,1.000,0.0528,1.29
7661,replay,4000,0.0811,1.000,0.0529,0.67
7662,replay,4000,0.0688,1.000,0.0529,0.67
7663,es_step,4000,0.0533,1.000,0.0529,1.29
7664,replay,4000,0.0881,1.000,0.0529,0.67
7665,replay,4000,0.0638,1.000,0.0529,0.67
7666,replay,4000,0.0870,1.000,0.0528,0.67
7667,replay,4000,0.0808,1.000,0.0529,0.67
7668,replay,4000,0.0527,1.000,0.0529,0.68
7669,replay,4000,0.0894,1.000,0.0528,0.68
7670,replay,4000,0.0790,1.000,0.0528,0.68
7671,es_step,4000,0.0755,1.000,0.0528,1.30
7672,replay,4000,0.1004,1.000,0.0529,0.68
7673,replay,4000,0.1215,1.000,0.0529,0.67
7674,replay,4000,0.1336,1.000,0.0530,0.68
7675,replay,4000,0.1182,1.000,0.0531,0.67
7676,es_step,4000,0.0974,1.000,0.0532,1.30
7677,replay,4000,0.1235,1.000,0.0533,0.67
7678,es_step,4000,0.0871,1.000,0.0533,1.29
7679,replay,4000,0.1050,1.000,0.0533,0.67
7680,es_step,4000,0.0656,1.000,0.0533,1.29
7681,es_step,4000,0.0655,1.000,0.0533,1.28
7682,replay,4000,0.1004,1.000,0.0533,0.67
7683,replay,4000,0.0664,1.000,0.0533,0.67
7684,replay,4000,0.0470,1.000,0.0532,0.67
7685,es_step,4000,0.0260,1.000,0.0532,1.28
7686,replay,4000,0.0580,1.000,0.0531,0.67
7687,replay,4000,0.0432,1.000,0.0530,0.67
7688,replay,4000,0.0265,1.000,0.0528,0.67
7689,es_step,4000,0.0309,1.000,0.0529,1.28
7690,es_step,4000,0.0352,1.000,0.0529,1.28
7691,replay,4000,0.0602,1.000,0.0528,0.67
7692,replay,4000,0.0626,1.000,0.0527,0.67
7693,replay,4000,0.0623,1.000,0.0528,0.67
7694,replay,4000,0.0852,1.000,0.0527,0.67
7695,replay,4000,0.1246,1.000,0.0527,0.67
7696,replay,4000,0.1094,1.000,0.0528,0.67
7697,replay,4000,0.0917,1.000,0.0527,0.67
7698,es_step,4000,0.0642,1.000,0.0527,1.28
7699,es_step,4000,0.0617,1.000,0.0527,1.27
7700,replay,4000,0.1001,1.000,0.0527,0.67
7701,replay,4000,0.0934,1.000,0.0529,0.67
7702,replay,4000,0.0736,1.000,0.0528,0.68
7703,replay,4000,0.0410,1.000,0.0527,0.67
7704,replay,4000,0.0483,1.000,0.0525,0.67
7705,replay,4000,0.0370,1.000,0.0524,0.67
7706,replay,4000,0.0788,1.000,0.0524,0.68
7707,replay,4000,0.0605,1.000,0.0523,0.68
7708,replay,4000,0.0851,1.000,0.0524,0.68
7709,replay,4000,0.0637,1.000,0.0524,0.68
7710,replay,4000,0.0583,1.000,0.0525,0.67
7711,replay,4000,0.1414,1.000,0.0527,0.68
7712,replay,4000,0.1392,1.000,0.0528,0.68
7713,replay,4000,0.1515,1.000,0.0528,0.68
7714,replay,4000,0.1248,1.000,0.0529,0.68
7715,es_step,4000,0.1015,1.000,0.0530,1.30
7716,replay,4000,0.1840,1.000,0.0531,0.67
7717,es_step,4000,0.1035,1.000,0.0532,1.29
7718,replay,4000,0.1576,1.000,0.0533,0.67
7719,replay,4000,0.1306,1.000,0.0534,0.67
7720,replay,4000,0.1123,1.000,0.0535,0.67
7721,replay,4000,0.1309,1.000,0.0535,0.67
7722,replay,4000,0.0800,1.000,0.0535,0.67
7723,replay,4000,0.0634,1.000,0.0534,0.68
7724,replay,4000,0.0577,1.000,0.0533,0.68
7725,es_step,4000,0.0228,1.000,0.0533,1.30
7726,replay,4000,0.0576,1.000,0.0532,0.67
7727,replay,4000,0.0633,1.000,0.0531,0.67
7728,replay,4000,0.0674,1.000,0.0530,0.68
7729,replay,4000,0.0405,1.000,0.0528,0.67
7730,replay,4000,0.0780,1.000,0.0528,0.67
7731,replay,4000,0.0842,1.000,0.0529,0.67
7732,replay,4000,0.0810,1.000,0.0529,0.67
7733,replay,4000,0.0751,1.000,0.0528,0.67
7734,replay,4000,0.0766,1.000,0.0528,0.67
7735,es_step,4000,0.0527,1.000,0.0528,1.29
7736,replay,4000,0.0839,1.000,0.0528,0.67
7737,es_step,4000,0.0437,1.000,0.0528,1.28
7738,replay,4000,0.0629,1.000,0.0526,0.67
7739,replay,4000,0.0603,1.000,0.0526,0.67
7740,es_step,4000,0.0395,1.000,0.0526,1.28
7741,replay,4000,0.0518,1.000,0.0525,2.84
7742,replay,4000,0.0648,1.000,0.0524,0.67
7743,replay,4000,0.0626,1.000,0.0523,0.67
7744,replay,4000,0.0622,1.000,0.0523,0.67
7745,replay,4000,0.0613,1.000,0.0523,0.67
7746,replay,4000,0.0479,1.000,0.0522,0.68
7747,replay,4000,0.0527,1.000,0.0521,0.68
7748,es_step,4000,0.0390,1.000,0.0521,1.29
7749,replay,4000,0.0466,1.000,0.0522,0.67
7750,replay,4000,0.0814,1.000,0.0521,0.67
7751,replay,4000,0.0603,1.000,0.0520,0.67
7752,replay,4000,0.0953,1.000,0.0519,0.67
7753,replay,4000,0.0880,1.000,0.0520,0.67
7754,replay,4000,0.1016,1.000,0.0520,0.67
7755,replay,4000,0.0934,1.000,0.0521,0.68
7756,es_step,4000,0.0824,1.000,0.0521,1.29
7757,replay,4000,0.1305,1.000,0.0521,0.67
7758,es_step,4000,0.0925,1.000,0.0521,1.29
7759,replay,4000,0.1196,1.000,0.0521,0.67
7760,replay,4000,0.1351,1.000,0.0522,0.67
7761,es_step,4000,0.0974,1.000,0.0522,1.29
7762,replay,4000,0.1241,1.000,0.0523,0.67
7763,replay,4000,0.1240,1.000,0.0525,0.68
7764,replay,4000,0.0908,1.000,0.0526,0.68
7765,replay,4000,0.0845,1.000,0.0528,0.68
7766,replay,4000,0.1088,1.000,0.0528,0.68
7767,replay,4000,0.0937,1.000,0.0529,0.68
7768,replay,4000,0.0885,1.000,0.0529,0.68
7769,replay,4000,0.0653,1.000,0.0529,0.67
7770,replay,4000,0.0761,1.000,0.0528,0.67
7771,es_step,4000,0.0729,1.000,0.0528,1.30
7772,es_step,4000,0.0745,1.000,0.0528,1.30
7773,replay,4000,0.0837,1.000,0.0530,0.67
7774,es_step,4000,0.0796,1.000,0.0530,1.29
7775,replay,4000,0.0700,1.000,0.0529,0.67
7776,replay,4000,0.0891,1.000,0.0530,0.68
7777,replay,4000,0.1051,1.000,0.0531,0.67
7778,replay,4000,0.1180,1.000,0.0531,0.68
7779,replay,4000,0.1268,1.000,0.0532,0.68
7780,replay,4000,0.1309,1.000,0.0532,0.68
7781,replay,4000,0.1269,1.000,0.0533,0.68
7782,replay,4000,0.1417,1.000,0.0533,0.68
7783,replay,4000,0.1269,1.000,0.0533,0.68
7784,replay,4000,0.1406,1.000,0.0533,0.68
7785,replay,4000,0.1420,1.000,0.0534,0.67
7786,replay,4000,0.1306,1.000,0.0535,0.68
7787,replay,4000,0.1111,1.000,0.0537,0.67
7788,replay,4000,0.0965,1.000,0.0537,0.67
7789,replay,4000,0.0802,1.000,0.0537,0.68
7790,replay,4000,0.0978,1.000,0.0537,0.68
7791,replay,4000,0.1000,1.000,0.0537,0.68
7792,replay,4000,0.0770,1.000,0.0537,0.68
7793,replay,4000,-0.0982,1.000,0.0536,0.68
7794,es_step,4000,0.0670,1.000,0.0536,1.30
7795,replay,4000,0.0962,1.000,0.0537,0.68
7796,replay,4000,0.1058,1.000,0.0537,0.67
7797,replay,4000,0.1086,1.000,0.0537,0.67
7798,replay,4000,0.1051,1.000,0.0539,0.68
7799,replay,4000,0.1015,1.000,0.0539,0.68
7800,replay,4000,0.0827,1.000,0.0539,0.67
7801,replay,4000,0.0868,1.000,0.0539,0.68
7802,replay,4000,0.0907,1.000,0.0539,0.68
7803,replay,4000,0.0758,1.000,0.0538,0.67
7804,replay,4000,0.0906,1.000,0.0538,0.75
7805,es_step,4000,0.0743,1.000,0.0538,1.30
7806,replay,4000,0.1025,1.000,0.0538,0.68
7807,replay,4000,0.1041,1.000,0.0538,0.68
7808,replay,4000,0.0786,1.000,0.0538,0.67
7809,es_step,4000,0.0663,1.000,0.0538,1.30
7810,replay,4000,0.0972,1.000,0.0538,0.67
7811,replay,4000,0.0864,1.000,0.0538,0.67
7812,replay,4000,0.0826,1.000,0.0538,0.67
7813,replay,4000,0.1138,1.000,0.0538,0.67
7814,replay,4000,0.0899,1.000,0.0538,0.67
7815,replay,4000,0.1074,1.000,0.0539,0.67
7816,replay,4000,0.0996,1.000,0.0539,0.67
7817,replay,4000,0.1210,1.000,0.0540,0.68
7818,replay,4000,0.1088,1.000,0.0540,0.68
7819,replay,4000,0.1058,1.000,0.0541,0.67
7820,replay,4000,0.1230,1.000,0.0542,0.68
7821,es_step,4000,0.0906,1.000,0.0542,1.30
7822,es_step,4000,0.0915,1.000,0.0542,1.28
7823,es_step,4000,0.0919,1.000,0.0542,1.28
7824,replay,4000,0.1101,1.000,0.0542,0.67
7825,es_step,4000,0.0597,1.000,0.0542,1.29
7826,replay,4000,0.0652,1.000,0.0541,0.67
7827,es_step,4000,0.0251,1.000,0.0541,1.28
7828,replay,4000,0.0384,1.000,0.0540,0.67
7829,es_step,4000,0.0087,1.000,0.0540,1.28
7830,replay,4000,0.0223,1.000,0.0538,0.67
7831,replay,4000,0.0344,1.000,0.0536,0.67
7832,replay,4000,0.0182,1.000,0.0534,0.67
7833,replay,4000,0.0239,1.000,0.0533,0.67
7834,replay,4000,0.0366,1.000,0.0531,0.67
7835,es_step,4000,0.0290,1.000,0.0531,1.29
7836,replay,4000,0.0468,1.000,0.0531,0.67
7837,replay,4000,0.0639,1.000,0.0530,0.67
7838,replay,4000,0.0833,1.000,0.0531,0.67
7839,replay,4000,0.0920,1.000,0.0530,0.67
7840,replay,4000,0.0880,1.000,0.0530,0.67
7841,replay,4000,0.1016,1.000,0.0530,0.67
7842,replay,4000,0.0699,1.000,0.0532,0.67
7843,replay,4000,0.1229,1.000,0.0532,0.67
7844,es_step,4000,0.0856,1.000,0.0532,1.29
7845,replay,4000,0.0813,1.000,0.0532,0.67
7846,es_step,4000,0.1016,1.000,0.0533,1.30
7847,replay,4000,0.1107,1.000,0.0533,0.67
7848,replay,4000,0.1213,1.000,0.0535,0.67
7849,es_step,4000,0.1060,1.000,0.0536,1.30
7850,replay,4000,0.1199,1.000,0.0537,0.67
7851,replay,4000,0.0968,1.000,0.0537,0.67
7852,replay,4000,0.0937,1.000,0.0537,0.67
7853,replay,4000,0.0876,1.000,0.0537,0.67
7854,replay,4000,0.0720,1.000,0.0536,0.67
7855,replay,4000,0.0671,1.000,0.0536,0.67
7856,replay,4000,0.0555,1.000,0.0535,0.67
7857,replay,4000,0.0713,1.000,0.0534,0.67
7858,replay,4000,0.0593,1.000,0.0534,0.67
7859,replay,4000,0.0541,1.000,0.0533,0.67
7860,replay,4000,0.0624,1.000,0.0533,0.67
7861,es_step,4000,0.0622,1.000,0.0533,1.29
7862,replay,4000,0.0727,1.000,0.0533,0.67
7863,replay,4000,0.1011,1.000,0.0534,0.67
7864,es_step,4000,0.0954,1.000,0.0534,1.29
7865,replay,4000,0.1098,1.000,0.0535,0.67
7866,replay,4000,0.1267,1.000,0.0536,0.67
7867,es_step,4000,0.1008,1.000,0.0537,1.29
7868,es_step,4000,0.1016,1.000,0.0537,1.29
7869,replay,4000,0.1292,1.000,0.0538,0.67
7870,replay,4000,0.1157,1.000,0.0539,0.67
7871,es_step,4000,0.0905,1.000,0.0539,1.29
7872,replay,4000,0.1126,1.000,0.0540,0.67
7873,replay,4000,0.0855,1.000,0.0541,0.67
7874,es_step,4000,0.0699,1.000,0.0541,1.28
7875,replay,4000,0.1005,1.000,0.0540,0.67
7876,replay,4000,0.1053,1.000,0.0542,0.67
7877,replay,4000,0.0819,1.000,0.0542,0.67
7878,replay,4000,0.0999,1.000,0.0542,0.67
7879,replay,4000,0.1029,1.000,0.0544,0.67
7880,es_step,4000,0.0915,1.000,0.0544,1.29
7881,replay,4000,0.0989,1.000,0.0544,0.67
7882,es_step,4000,0.0923,1.000,0.0544,1.28
7883,replay,4000,0.1084,1.000,0.0545,0.67
7884,replay,4000,0.1071,1.000,0.0546,0.67
7885,replay,4000,0.0968,1.000,0.0546,0.67
7886,replay,4000,0.0860,1.000,0.0545,0.67
7887,es_step,4000,0.0683,1.000,0.0545,1.29
7888,replay,4000,0.1073,1.000,0.0545,0.67
7889,replay,4000,0.0890,1.000,0.0545,0.68
7890,es_step,4000,0.0779,1.000,0.0545,1.29
7891,replay,4000,0.0929,1.000,0.0545,0.67
7892,es_step,4000,0.0720,1.000,0.0545,1.29
7893,replay,4000,0.0877,1.000,0.0545,0.67
7894,replay,4000,0.0909,1.000,0.0544,0.67
7895,es_step,4000,0.0669,1.000,0.0544,1.28
7896,replay,4000,0.0595,1.000,0.0546,0.67
7897,replay,4000,0.0605,1.000,0.0545,0.67
7898,replay,4000,0.0597,1.000,0.0544,0.67
7899,replay,4000,0.0517,1.000,0.0544,0.67
7900,replay,4000,0.0448,1.000,0.0543,0.67
7901,replay,4000,0.0400,1.000,0.0542,0.67
7902,replay,4000,0.0445,1.000,0.0540,0.67
7903,replay,4000,0.0819,1.000,0.0539,0.68
7904,replay,4000,0.0373,1.000,0.0538,0.67
7905,replay,4000,0.0426,1.000,0.0537,0.67
7906,replay,4000,0.0467,1.000,0.0536,0.67
7907,replay,4000,0.0450,1.000,0.0535,0.68
7908,replay,4000,0.0471,1.000,0.0534,0.68
7909,replay,4000,0.0513,1.000,0.0533,0.67
7910,replay,4000,0.0954,1.000,0.0533,0.68
7911,replay,4000,0.0753,1.000,0.0532,0.67
7912,replay,4000,0.0594,1.000,0.0531,0.68
7913,replay,4000,0.0384,1.000,0.0530,0.68
7914,replay,4000,0.0653,1.000,0.0530,0.68
7915,replay,4000,0.0517,1.000,0.0529,0.68
7916,replay,4000,0.0800,1.000,0.0528,0.68
7917,replay,4000,0.0828,1.000,0.0528,0.68
7918,replay,4000,0.0786,1.000,0.0528,0.67
7919,replay,4000,0.0757,1.000,0.0528,0.68
7920,replay,4000,0.0885,1.000,0.0528,0.67
7921,es_step,4000,0.0567,1.000,0.0528,1.31
7922,replay,4000,0.0181,1.000,0.0527,0.67
7923,replay,4000,0.1149,1.000,0.0527,0.68
7924,replay,4000,0.1249,1.000,0.0529,0.68
7925,replay,4000,0.1294,1.000,0.0529,0.68
7926,replay,4000,0.1191,1.000,0.0530,0.68
7927,replay,4000,0.1005,1.000,0.0531,0.68
7928,replay,4000,0.0854,1.000,0.0531,0.68
7929,replay,4000,0.1028,1.000,0.0531,0.68
7930,replay,4000,0.1140,1.000,0.0531,0.68
7931,replay,4000,0.0761,1.000,0.0531,0.68
7932,replay,4000,0.0833,1.000,0.0531,0.68
7933,es_step,4000,0.0505,1.000,0.0531,1.31
7934,replay,4000,0.0649,1.000,0.0530,0.68
7935,replay,4000,0.0453,1.000,0.0530,0.68
7936,replay,4000,0.0566,1.000,0.0529,0.68
7937,replay,4000,0.0278,1.000,0.0529,0.68
7938,replay,4000,0.0565,1.000,0.0528,0.68
7939,replay,4000,0.0747,1.000,0.0527,0.68
7940,replay,4000,0.0669,1.000,0.0527,0.68
7941,es_step,4000,0.0428,1.000,0.0527,1.31
7942,replay,4000,0.0635,1.000,0.0526,0.68
7943,replay,4000,0.0422,1.000,0.0525,0.68
7944,replay,4000,0.0702,1.000,0.0525,0.68
7945,replay,4000,0.0680,1.000,0.0525,0.67
7946,replay,4000,0.0722,1.000,0.0524,0.68
7947,replay,4000,0.0940,1.000,0.0524,0.67
7948,replay,4000,0.0926,1.000,0.0524,0.68
7949,replay,4000,0.0956,1.000,0.0524,0.68
7950,es_step,4000,0.0775,1.000,0.0524,1.31
7951,replay,4000,0.0891,1.000,0.0524,0.68
7952,es_step,4000,0.0834,1.000,0.0524,1.30
7953,replay,4000,0.0952,1.000,0.0525,0.68
7954,es_step,4000,0.0775,1.000,0.0525,1.30
7955,replay,4000,0.0706,1.000,0.0526,0.67
7956,replay,4000,0.0885,1.000,0.0529,0.67
7957,es_step,4000,0.0687,1.000,0.0529,1.30
7958,replay,4000,0.0990,1.000,0.0529,0.68
7959,replay,4000,0.1023,1.000,0.0530,0.67
7960,es_step,4000,0.0607,1.000,0.0530,1.30
7961,replay,4000,0.0805,1.000,0.0529,0.67
7962,es_step,4000,0.0739,1.000,0.0529,1.29
7963,replay,4000,0.1016,1.000,0.0529,0.67
7964,es_step,4000,0.0785,1.000,0.0529,1.29
7965,replay,4000,0.1071,1.000,0.0530,0.67
7966,replay,4000,0.0989,1.000,0.0531,0.67
7967,es_step,4000,0.0855,1.000,0.0531,1.29
7968,replay,4000,0.1419,1.000,0.0532,0.67
7969,replay,4000,0.1596,1.000,0.0532,0.67
7970,replay,4000,0.0976,1.000,0.0533,0.67
7971,replay,4000,0.1425,1.000,0.0534,0.68
7972,replay,4000,0.1301,1.000,0.0536,0.68
7973,es_step,4000,0.1094,1.000,0.0540,1.30
7974,replay,4000,0.1265,1.000,0.0542,0.67
7975,replay,4000,0.1387,1.000,0.0543,0.67
7976,es_step,4000,0.1045,1.000,0.0544,1.29
7977,replay,4000,0.0896,1.000,0.0543,0.67
7978,replay,4000,0.1232,1.000,0.0544,0.68
7979,replay,4000,0.1229,1.000,0.0544,0.68
7980,replay,4000,0.1051,1.000,0.0544,0.68
7981,es_step,4000,0.0747,1.000,0.0545,1.30
7982,replay,4000,0.0554,1.000,0.0543,0.68
7983,replay,4000,0.0811,1.000,0.0543,0.69
7984,replay,4000,0.0782,1.000,0.0542,0.68
7985,replay,4000,-0.1198,1.000,0.0541,0.68
7986,replay,4000,0.1112,1.000,0.0541,0.68
7987,replay,4000,0.0984,1.000,0.0540,0.68
7988,es_step,4000,0.0892,1.000,0.0540,1.31
7989,replay,4000,0.1255,1.000,0.0540,0.68
7990,replay,4000,0.1219,1.000,0.0543,0.68
7991,replay,4000,0.1303,1.000,0.0542,0.68
7992,es_step,4000,0.0950,1.000,0.0543,1.30
7993,replay,4000,0.1221,1.000,0.0544,0.68
7994,replay,4000,0.1008,1.000,0.0544,0.68
7995,replay,4000,0.1237,1.000,0.0545,0.68
7996,replay,4000,0.1028,1.000,0.0546,0.68
7997,es_step,4000,0.0578,1.000,0.0546,1.30
7998,replay,4000,0.0777,1.000,0.0546,0.68
7999,replay,4000,0.0896,1.000,0.0546,0.68
8000,replay,4000,0.0673,1.000,0.0545,0.69
8001,es_step,4000,0.0383,1.000,0.0545,1.31
8002,replay,4000,0.0563,1.000,0.0544,0.68
8003,replay,4000,0.0722,1.000,0.0545,0.68
8004,replay,4000,0.0883,1.000,0.0544,0.68
8005,replay,4000,0.0650,1.000,0.0544,0.68
8006,replay,4000,0.0874,1.000,0.0544,0.68
8007,replay,4000,0.0823,1.000,0.0544,0.68
8008,replay,4000,0.1032,1.000,0.0544,0.68
8009,replay,4000,0.0919,1.000,0.0543,0.68
8010,replay,4000,0.0800,1.000,0.0543,0.69
8011,replay,4000,0.0970,1.000,0.0543,0.68
8012,replay,4000,0.0666,1.000,0.0543,0.68
8013,replay,4000,0.0785,1.000,0.0543,0.68
8014,replay,4000,0.0542,1.000,0.0543,0.68
8015,replay,4000,0.0630,1.000,0.0542,0.68
8016,replay,4000,-0.0236,1.000,0.0542,0.69
8017,replay,4000,0.0415,1.000,0.0541,0.68
8018,replay,4000,0.0881,1.000,0.0541,0.68
8019,replay,4000,0.0837,1.000,0.0541,0.68
8020,replay,4000,0.0096,1.000,0.0541,0.68
8021,replay,4000,0.0855,1.000,0.0541,0.68
8022,replay,4000,0.1163,1.000,0.0541,0.68
8023,replay,4000,0.0995,1.000,0.0542,0.69
8024,es_step,4000,0.1072,1.000,0.0545,1.32
8025,replay,4000,0.0693,1.000,0.0547,0.68
8026,replay,4000,0.1044,1.000,0.0548,0.68
8027,replay,4000,0.1429,1.000,0.0549,0.68
8028,replay,4000,0.1733,1.000,0.0551,0.68
8029,replay,4000,0.1788,1.000,0.0552,0.68
8030,replay,4000,0.1567,1.000,0.0553,0.68
8031,replay,4000,0.1323,1.000,0.0555,0.69
8032,replay,4000,0.0997,1.000,0.0555,0.69
8033,replay,4000,0.1007,1.000,0.0555,0.69
8034,replay,4000,0.0631,1.000,0.0554,0.69
8035,replay,4000,0.0509,1.000,0.0554,0.68
8036,replay,4000,0.0509,1.000,0.0553,0.68
8037,replay,4000,0.0663,1.000,0.0552,0.69
8038,replay,4000,0.0477,1.000,0.0551,0.68
8039,replay,4000,0.0501,1.000,0.0550,0.69
8040,replay,4000,0.0624,1.000,0.0549,0.69
8041,replay,4000,0.0520,1.000,0.0548,0.69
8042,replay,4000,0.0601,1.000,0.0548,0.69
8043,replay,4000,0.0630,1.000,0.0547,0.69
8044,replay,4000,0.0709,1.000,0.0546,0.69
8045,es_step,4000,0.0548,1.000,0.0546,1.33
8046,replay,4000,0.0602,1.000,0.0546,0.68
8047,replay,4000,0.0625,1.000,0.0545,0.68
8048,replay,4000,0.0518,1.000,0.0544,0.69
8049,replay,4000,0.0412,1.000,0.0544,0.69
8050,es_step,4000,0.0581,1.000,0.0544,1.33
8051,replay,4000,0.0751,1.000,0.0544,0.69
8052,replay,4000,0.0364,1.000,0.0542,0.69
8053,es_step,4000,0.0695,1.000,0.0543,1.34
8054,replay,4000,0.0782,1.000,0.0544,0.69
8055,replay,4000,0.1232,1.000,0.0545,0.69
8056,replay,4000,0.1240,1.000,0.0545,0.69
8057,replay,4000,0.1131,1.000,0.0545,0.69
8058,replay,4000,0.1475,1.000,0.0547,0.69
8059,replay,4000,0.1334,1.000,0.0547,0.69
8060,replay,4000,0.1418,1.000,0.0548,0.69
8061,es_step,4000,0.0868,1.000,0.0548,1.33
8062,es_step,4000,0.0860,1.000,0.0548,1.32
8063,replay,4000,0.1182,1.000,0.0548,2.85
8064,replay,4000,0.1243,1.000,0.0549,0.69
8065,es_step,4000,0.0850,1.000,0.0549,1.33
8066,replay,4000,0.1166,1.000,0.0550,0.69
8067,replay,4000,0.1169,1.000,0.0549,0.68
8068,replay,4000,0.0980,1.000,0.0550,0.69
8069,replay,4000,0.1251,1.000,0.0550,0.68
8070,replay,4000,0.1104,1.000,0.0550,0.68
8071,replay,4000,0.0877,1.000,0.0550,0.69
8072,replay,4000,0.0818,1.000,0.0549,0.69
8073,replay,4000,0.0777,1.000,0.0549,0.69
8074,replay,4000,0.0794,1.000,0.0549,0.69
8075,es_step,4000,0.0353,1.000,0.0549,1.33
8076,replay,4000,0.0765,1.000,0.0549,0.68
8077,replay,4000,0.0659,1.000,0.0548,0.68
8078,es_step,4000,0.0393,1.000,0.0548,1.32
8079,es_step,4000,0.0446,1.000,0.0548,1.31
8080,replay,4000,0.0948,1.000,0.0548,0.68
8081,replay,4000,0.0739,1.000,0.0547,0.68
8082,replay,4000,0.0612,1.000,0.0547,0.68
8083,replay,4000,0.0895,1.000,0.0547,0.69
8084,replay,4000,0.1111,1.000,0.0547,0.69
8085,replay,4000,0.1080,1.000,0.0548,0.69
8086,es_step,4000,0.0624,1.000,0.0548,1.34
8087,es_step,4000,0.0648,1.000,0.0548,1.33
8088,replay,4000,0.1451,1.000,0.0548,0.69
8089,es_step,4000,0.0742,1.000,0.0548,1.32
8090,es_step,4000,0.0654,1.000,0.0548,1.32
8091,replay,4000,0.1055,1.000,0.0547,0.69
8092,replay,4000,0.0972,1.000,0.0548,0.69
8093,replay,4000,0.0995,1.000,0.0548,0.69
8094,replay,4000,0.0757,1.000,0.0549,0.69
8095,es_step,4000,0.0663,1.000,0.0549,1.32
8096,replay,4000,0.0902,1.000,0.0549,0.69
8097,replay,4000,0.0051,1.000,0.0548,0.69
8098,replay,4000,0.0992,1.000,0.0548,0.69
8099,replay,4000,0.1194,1.000,0.0549,0.69
8100,es_step,4000,0.0915,1.000,0.0549,1.32
8101,es_step,4000,0.0877,1.000,0.0549,1.32
8102,replay,4000,0.1226,1.000,0.0550,0.68
8103,es_step,4000,0.0801,1.000,0.0550,1.31
8104,replay,4000,0.1222,1.000,0.0550,0.68
8105,replay,4000,0.0894,1.000,0.0550,0.69
8106,es_step,4000,0.0507,1.000,0.0550,1.32
8107,replay,4000,0.0734,1.000,0.0550,0.68
8108,replay,4000,0.0686,1.000,0.0550,0.68
8109,es_step,4000,0.0187,1.000,0.0550,1.30
8110,replay,4000,0.0452,1.000,0.0548,0.68
8111,replay,4000,0.0300,1.000,0.0546,0.68
8112,replay,4000,0.0166,1.000,0.0544,0.68
8113,replay,4000,0.0477,1.000,0.0543,0.68
8114,replay,4000,0.0706,1.000,0.0542,0.69
8115,replay,4000,0.0468,1.000,0.0541,0.69
8116,replay,4000,0.0728,1.000,0.0541,0.68
8117,replay,4000,0.1002,1.000,0.0541,0.69
8118,replay,4000,0.0843,1.000,0.0540,0.68
8119,replay,4000,0.0530,1.000,0.0538,0.69
8120,replay,4000,0.0608,1.000,0.0537,0.69
8121,replay,4000,0.0806,1.000,0.0537,0.69
8122,replay,4000,0.0908,1.000,0.0536,0.69
8123,replay,4000,0.0918,1.000,0.0535,0.69
8124,replay,4000,0.0938,1.000,0.0535,0.69
8125,replay,4000,0.0691,1.000,0.0534,0.69
8126,replay,4000,0.0799,1.000,0.0534,0.69
8127,replay,4000,0.0607,1.000,0.0534,0.69
8128,replay,4000,0.0608,1.000,0.0534,0.69
8129,replay,4000,0.0777,1.000,0.0533,0.69
8130,es_step,4000,0.0436,1.000,0.0533,1.34
8131,replay,4000,0.0819,1.000,0.0532,0.69
8132,replay,4000,0.0668,1.000,0.0532,0.69
8133,replay,4000,0.0873,1.000,0.0532,0.69
8134,replay,4000,0.0921,1.000,0.0532,0.69
8135,replay,4000,0.1086,1.000,0.0534,0.70
8136,replay,4000,0.1197,1.000,0.0535,0.70
8137,replay,4000,0.1066,1.000,0.0534,0.69
8138,replay,4000,0.1102,1.000,0.0534,0.70
8139,replay,4000,0.1053,1.000,0.0534,0.69
8140,es_step,4000,0.0669,1.000,0.0534,1.34
8141,replay,4000,0.1080,1.000,0.0535,0.70
8142,replay,4000,0.1029,1.000,0.0535,0.69
8143,replay,4000,0.0829,1.000,0.0534,0.69
8144,replay,4000,0.0802,1.000,0.0534,0.69
8145,replay,4000,0.0842,1.000,0.0534,0.69
8146,replay,4000,0.0779,1.000,0.0533,0.69
8147,replay,4000,0.0758,1.000,0.0533,0.69
8148,replay,4000,0.0576,1.000,0.0532,0.69
8149,replay,4000,0.0383,1.000,0.0531,0.69
8150,replay,4000,0.0759,1.000,0.0531,0.69
8151,replay,4000,0.0945,1.000,0.0532,0.69
8152,replay,4000,0.1290,1.000,0.0533,0.70
8153,replay,4000,0.1104,1.000,0.0533,0.69
8154,replay,4000,0.0945,1.000,0.0534,0.69
8155,replay,4000,0.0917,1.000,0.0535,0.69
8156,es_step,4000,0.0664,1.000,0.0535,1.33
8157,replay,4000,0.1057,1.000,0.0535,0.69
8158,replay,4000,0.0898,1.000,0.0535,0.69
8159,replay,4000,0.0797,1.000,0.0535,0.69
8160,replay,4000,0.0679,1.000,0.0534,0.69
8161,replay,4000,0.0862,1.000,0.0534,0.69
8162,replay,4000,0.0836,1.000,0.0534,0.69
8163,es_step,4000,0.0493,1.000,0.0534,1.34
8164,es_step,4000,0.0481,1.000,0.0534,1.33
8165,replay,4000,0.0514,1.000,0.0533,0.69
8166,replay,4000,0.0934,1.000,0.0533,0.69
8167,replay,4000,0.1027,1.000,0.0533,0.69
8168,replay,4000,0.0838,1.000,0.0533,0.69
8169,replay,4000,0.1168,1.000,0.0534,0.69
8170,replay,4000,0.1119,1.000,0.0534,0.69
8171,replay,4000,0.0993,1.000,0.0535,0.69
8172,replay,4000,0.1015,1.000,0.0535,0.69
8173,replay,4000,0.0798,1.000,0.0535,0.69
8174,es_step,4000,0.0687,1.000,0.0535,1.34
8175,replay,4000,0.1016,1.000,0.0535,0.69
8176,replay,4000,0.0752,1.000,0.0535,0.69
8177,replay,4000,0.0493,1.000,0.0534,0.69
8178,replay,4000,0.0548,1.000,0.0534,0.70
8179,replay,4000,0.0493,1.000,0.0533,0.69
8180,es_step,4000,0.0322,1.000,0.0533,1.34
8181,es_step,4000,0.0329,1.000,0.0533,1.33
8182,replay,4000,0.0286,1.000,0.0532,0.69
8183,replay,4000,0.0810,1.000,0.0533,0.69
8184,replay,4000,0.0736,1.000,0.0532,0.69
8185,replay,4000,0.0605,1.000,0.0532,0.69
8186,replay,4000,0.0721,1.000,0.0532,0.69
8187,replay,4000,0.0536,1.000,0.0531,0.70
8188,replay,4000,0.0776,1.000,0.0531,0.70
8189,replay,4000,0.0971,1.000,0.0531,0.69
8190,replay,4000,0.0881,1.000,0.0531,0.69
8191,replay,4000,0.0906,1.000,0.0531,0.69
8192,replay,4000,0.0908,1.000,0.0530,0.69
8193,replay,4000,0.0636,1.000,0.0530,0.70
8194,es_step,4000,0.0609,1.000,0.0530,1.35
8195,replay,4000,0.0933,1.000,0.0531,0.69
8196,es_step,4000,0.0702,1.000,0.0531,1.33
8197,replay,4000,0.0861,1.000,0.0531,0.69
8198,replay,4000,0.0848,1.000,0.0532,0.69
8199,replay,4000,0.0942,1.000,0.0532,0.69
8200,replay,4000,0.1355,1.000,0.0533,0.69
8201,replay,4000,0.0943,1.000,0.0533,0.69
8202,es_step,4000,0.0914,1.000,0.0534,1.34
8203,replay,4000,0.1111,1.000,0.0534,0.69
8204,es_step,4000,0.0844,1.000,0.0535,1.33
8205,replay,4000,0.1147,1.000,0.0535,0.69
8206,replay,4000,0.1008,1.000,0.0535,0.69
8207,es_step,4000,0.0535,1.000,0.0535,1.32
8208,replay,4000,0.0537,1.000,0.0535,0.69
8209,replay,4000,0.0460,1.000,0.0533,0.68
8210,replay,4000,0.0387,1.000,0.0532,0.69
8211,replay,4000,0.0352,1.000,0.0531,0.69
8212,replay,4000,0.0431,1.000,0.0530,0.69
8213,replay,4000,0.0173,1.000,0.0528,0.69
8214,replay,4000,0.0509,1.000,0.0527,0.69
8215,replay,4000,0.0676,1.000,0.0526,0.69
8216,replay,4000,0.0661,1.000,0.0526,0.69
8217,es_step,4000,0.0773,1.000,0.0526,1.33
8218,es_step,4000,0.0733,1.000,0.0526,1.32
8219,replay,4000,0.0890,1.000,0.0527,0.68
8220,replay,4000,0.1012,1.000,0.0526,0.68
8221,es_step,4000,0.0979,1.000,0.0528,1.31
8222,replay,4000,0.1322,1.000,0.0529,0.68
8223,es_step,4000,0.0992,1.000,0.0529,1.31
8224,es_step,4000,0.0976,1.000,0.0529,1.32
8225,es_step,4000,0.0993,1.000,0.0530,1.32
8226,replay,4000,0.1157,1.000,0.0531,0.69
8227,replay,4000,0.1030,1.000,0.0531,0.69
8228,replay,4000,0.1138,1.000,0.0532,0.69
8229,replay,4000,0.0877,1.000,0.0532,0.69
8230,es_step,4000,0.0665,1.000,0.0532,1.31
8231,replay,4000,0.0994,1.000,0.0532,0.68
8232,es_step,4000,0.0610,1.000,0.0532,1.31
8233,es_step,4000,0.0594,1.000,0.0532,1.32
8234,replay,4000,0.0686,1.000,0.0531,0.69
8235,replay,4000,0.0748,1.000,0.0531,0.69
8236,es_step,4000,0.0534,1.000,0.0531,1.33
8237,replay,4000,0.0468,1.000,0.0529,0.69
8238,replay,4000,0.0702,1.000,0.0528,0.69
8239,es_step,4000,0.0544,1.000,0.0528,1.33
8240,replay,4000,0.1082,1.000,0.0528,0.69
8241,replay,4000,0.0902,1.000,0.0528,0.68
8242,replay,4000,0.0871,1.000,0.0528,0.68
8243,replay,4000,0.1118,1.000,0.0530,0.69
8244,es_step,4000,0.0570,1.000,0.0530,1.33
8245,replay,4000,0.0835,1.000,0.0529,0.69
8246,replay,4000,0.0708,1.000,0.0529,0.69
8247,replay,4000,0.0733,1.000,0.0529,0.69
8248,es_step,4000,0.0675,1.000,0.0529,1.33
8249,replay,4000,0.0853,1.000,0.0530,0.69
8250,replay,4000,0.0750,1.000,0.0530,0.69
8251,es_step,4000,0.0615,1.000,0.0530,1.32
8252,es_step,4000,0.0616,1.000,0.0530,1.31
8253,replay,4000,0.0850,1.000,0.0530,0.68
8254,replay,4000,0.0919,1.000,0.0531,0.69
8255,replay,4000,0.0268,1.000,0.0530,0.69
8256,replay,4000,0.1032,1.000,0.0531,0.69
8257,replay,4000,0.1312,1.000,0.0532,0.69
8258,replay,4000,0.1045,1.000,0.0533,0.69
8259,replay,4000,0.1219,1.000,0.0533,0.69
8260,replay,4000,0.1161,1.000,0.0534,0.69
8261,replay,4000,0.1002,1.000,0.0534,0.70
8262,replay,4000,0.1058,1.000,0.0533,0.69
8263,replay,4000,0.0783,1.000,0.0534,0.69
8264,replay,4000,0.0717,1.000,0.0533,0.69
8265,replay,4000,0.1014,1.000,0.0533,0.69
8266,replay,4000,0.0925,1.000,0.0533,0.69
8267,es_step,4000,0.0610,1.000,0.0533,1.32
8268,es_step,4000,0.0590,1.000,0.0533,1.32
8269,replay,4000,0.0813,1.000,0.0533,0.68
8270,replay,4000,0.0617,1.000,0.0533,0.69
8271,replay,4000,0.0926,1.000,0.0533,0.69
8272,replay,4000,0.0785,1.000,0.0532,0.69
8273,replay,4000,0.0391,1.000,0.0531,0.69
8274,replay,4000,0.0361,1.000,0.0530,0.69
8275,es_step,4000,0.0352,1.000,0.0530,1.33
8276,replay,4000,0.0766,1.000,0.0530,0.69
8277,replay,4000,0.0868,1.000,0.0529,0.69
8278,replay,4000,0.0740,1.000,0.0529,0.69
8279,es_step,4000,0.0717,1.000,0.0529,1.33
8280,es_step,4000,0.0737,1.000,0.0529,1.33
8281,replay,4000,0.0991,1.000,0.0529,0.69
8282,replay,4000,0.1105,1.000,0.0530,0.69
8283,replay,4000,0.1216,1.000,0.0530,0.69
8284,replay,4000,0.1062,1.000,0.0531,0.69
8285,replay,4000,0.1111,1.000,0.0532,0.69
8286,replay,4000,0.1211,1.000,0.0532,0.69
8287,replay,4000,0.1016,1.000,0.0532,0.69
8288,replay,4000,0.0948,1.000,0.0532,0.69
8289,replay,4000,0.1127,1.000,0.0532,0.69
8290,replay,4000,0.1060,1.000,0.0532,0.69
8291,es_step,4000,0.0645,1.000,0.0533,1.32
8292,replay,4000,0.1017,1.000,0.0532,0.69
8293,es_step,4000,0.0690,1.000,0.0532,1.32
8294,replay,4000,0.1122,1.000,0.0532,0.68
8295,replay,4000,0.0361,1.000,0.0532,0.69
8296,es_step,4000,0.0894,1.000,0.0533,1.33
8297,es_step,4000,0.0895,1.000,0.0533,1.31
8298,replay,4000,0.1175,1.000,0.0534,0.69
8299,replay,4000,0.1355,1.000,0.0535,0.68
8300,es_step,4000,0.1118,1.000,0.0537,1.31
8301,replay,4000,0.1320,1.000,0.0539,0.68
8302,replay,4000,0.1264,1.000,0.0541,0.68
8303,replay,4000,0.1151,1.000,0.0541,0.69
8304,es_step,4000,0.0634,1.000,0.0541,1.33
8305,replay,4000,0.0571,1.000,0.0541,0.69
8306,replay,4000,0.0875,1.000,0.0541,0.68
8307,replay,4000,0.0810,1.000,0.0541,0.69
8308,replay,4000,0.0766,1.000,0.0541,0.68
8309,replay,4000,0.0727,1.000,0.0543,0.68
8310,es_step,4000,0.0516,1.000,0.0543,1.31
8311,replay,4000,0.1058,1.000,0.0542,0.69
8312,replay,4000,0.0712,1.000,0.0542,0.69
8313,replay,4000,0.0664,1.000,0.0541,0.69
8314,es_step,4000,0.0508,1.000,0.0541,1.32
8315,replay,4000,0.0772,1.000,0.0541,0.69
8316,replay,4000,0.0471,1.000,0.0540,0.69
8317,replay,4000,0.0581,1.000,0.0539,0.69
8318,replay,4000,0.0707,1.000,0.0539,0.69
8319,replay,4000,0.0617,1.000,0.0538,0.69
8320,es_step,4000,0.0566,1.000,0.0538,1.33
8321,replay,4000,0.0734,1.000,0.0538,0.69
8322,replay,4000,0.0530,1.000,0.0537,0.68
8323,replay,4000,0.0651,1.000,0.0537,0.68
8324,replay,4000,0.0892,1.000,0.0536,0.68
8325,es_step,4000,0.0525,1.000,0.0536,1.31
8326,replay,4000,0.0886,1.000,0.0536,0.69
8327,replay,4000,0.0860,1.000,0.0536,0.69
8328,es_step,4000,0.0503,1.000,0.0536,1.33
8329,es_step,4000,0.0486,1.000,0.0536,1.33
8330,replay,4000,0.0699,1.000,0.0535,0.68
8331,es_step,4000,0.0603,1.000,0.0535,1.31
8332,replay,4000,0.0868,1.000,0.0534,0.68
8333,replay,4000,0.0684,1.000,0.0534,0.68
8334,replay,4000,0.0611,1.000,0.0533,0.69
8335,replay,4000,0.0654,1.000,0.0533,0.69
8336,replay,4000,0.0645,1.000,0.0533,0.69
8337,replay,4000,0.0933,1.000,0.0533,0.69
8338,replay,4000,0.0605,1.000,0.0532,0.68
8339,replay,4000,0.0917,1.000,0.0532,0.68
8340,replay,4000,0.1049,1.000,0.0534,0.68
8341,replay,4000,0.0130,1.000,0.0534,0.69
8342,replay,4000,0.1351,1.000,0.0535,0.69
8343,replay,4000,0.1323,1.000,0.0536,0.69
8344,replay,4000,0.1557,1.000,0.0537,0.69
8345,replay,4000,0.1372,1.000,0.0537,0.69
8346,replay,4000,0.1075,1.000,0.0538,0.69
8347,replay,4000,0.1103,1.000,0.0537,0.69
8348,replay,4000,0.0680,1.000,0.0537,0.69
8349,es_step,4000,0.0274,1.000,0.0537,1.34
8350,replay,4000,0.0391,1.000,0.0536,0.69
8351,replay,4000,0.0196,1.000,0.0534,0.69
8352,replay,4000,0.0232,1.000,0.0532,0.69
8353,es_step,4000,0.0266,1.000,0.0532,1.32
8354,replay,4000,0.0292,1.000,0.0531,0.69
8355,es_step,4000,0.0318,1.000,0.0531,1.33
8356,es_step,4000,0.0339,1.000,0.0531,1.32
8357,es_step,4000,0.0339,1.000,0.0531,1.32
8358,replay,4000,0.0381,1.000,0.0530,0.68
8359,es_step,4000,0.0418,1.000,0.0530,1.31
8360,replay,4000,0.0665,1.000,0.0530,0.68
8361,replay,4000,0.0452,1.000,0.0529,0.68
8362,replay,4000,0.0504,1.000,0.0528,0.69
8363,replay,4000,0.0604,1.000,0.0527,0.69
8364,replay,4000,0.0417,1.000,0.0526,0.69
8365,replay,4000,0.0524,1.000,0.0526,0.69
8366,replay,4000,0.0884,1.000,0.0526,0.69
8367,replay,4000,0.0853,1.000,0.0526,0.69
8368,replay,4000,0.0682,1.000,0.0526,0.69
8369,replay,4000,0.0842,1.000,0.0528,0.69
8370,replay,4000,0.0613,1.000,0.0527,2.86
8371,replay,4000,0.0640,1.000,0.0526,0.69
8372,es_step,4000,0.0463,1.000,0.0526,1.33
8373,replay,4000,0.0878,1.000,0.0527,0.69
8374,replay,4000,0.0629,1.000,0.0528,0.69
8375,replay,4000,0.0077,1.000,0.0527,0.69
8376,replay,4000,0.0992,1.000,0.0527,0.69
8377,replay,4000,0.1514,1.000,0.0527,0.69
8378,replay,4000,0.1188,1.000,0.0527,0.69
8379,replay,4000,0.1132,1.000,0.0528,0.69
8380,replay,4000,0.1044,1.000,0.0528,0.69
8381,replay,4000,0.0725,1.000,0.0528,0.69
8382,replay,4000,0.0885,1.000,0.0528,0.69
8383,replay,4000,0.0989,1.000,0.0528,0.69
8384,replay,4000,0.0892,1.000,0.0527,0.69
8385,replay,4000,0.0779,1.000,0.0527,0.69
8386,es_step,4000,0.0692,1.000,0.0527,1.34
8387,replay,4000,0.1007,1.000,0.0527,0.69
8388,replay,4000,0.1287,1.000,0.0529,0.69
8389,replay,4000,0.1155,1.000,0.0529,0.69
8390,replay,4000,0.1070,1.000,0.0530,0.69
8391,replay,4000,0.0823,1.000,0.0530,0.69
8392,replay,4000,0.1093,1.000,0.0530,0.69
8393,es_step,4000,0.0671,1.000,0.0530,1.33
8394,replay,4000,0.0903,1.000,0.0530,0.69
8395,replay,4000,0.0792,1.000,0.0529,0.68
8396,replay,4000,0.0882,1.000,0.0529,0.68
8397,replay,4000,0.0710,1.000,0.0529,0.69
8398,replay,4000,0.0839,1.000,0.0529,0.69
8399,es_step,4000,0.0610,1.000,0.0529,1.32
8400,es_step,4000,0.0626,1.000,0.0529,1.32
8401,es_step,4000,0.0682,1.000,0.0530,1.32
8402,replay,4000,0.0906,1.000,0.0529,0.69
8403,replay,4000,0.0720,1.000,0.0529,0.69
8404,replay,4000,0.0762,1.000,0.0529,0.69
8405,replay,4000,0.0722,1.000,0.0528,0.69
8406,es_step,4000,0.0602,1.000,0.0528,1.33
8407,es_step,4000,0.0617,1.000,0.0528,1.32
8408,replay,4000,0.0596,1.000,0.0528,0.68
8409,es_step,4000,0.0699,1.000,0.0528,1.31
8410,replay,4000,0.1041,1.000,0.0528,0.69
8411,replay,4000,0.0849,1.000,0.0528,0.69
8412,es_step,4000,0.0837,1.000,0.0529,1.32
8413,replay,4000,0.1102,1.000,0.0529,0.69
8414,replay,4000,0.1055,1.000,0.0530,0.68
8415,replay,4000,0.0891,1.000,0.0530,0.68
8416,replay,4000,0.0939,1.000,0.0530,0.69
8417,es_step,4000,0.0606,1.000,0.0530,1.33
8418,es_step,4000,0.0619,1.000,0.0530,1.32
8419,replay,4000,0.0754,1.000,0.0530,0.69
8420,replay,4000,0.0689,1.000,0.0530,0.69
8421,es_step,4000,0.0541,1.000,0.0530,1.32
8422,replay,4000,0.0668,1.000,0.0530,0.68
8423,replay,4000,0.0991,1.000,0.0530,0.69
8424,replay,4000,0.0942,1.000,0.0530,0.69
8425,es_step,4000,0.0763,1.000,0.0531,1.32
8426,es_step,4000,0.0796,1.000,0.0531,1.32
8427,replay,4000,0.0937,1.000,0.0531,0.69
8428,replay,4000,0.0920,1.000,0.0531,0.69
8429,es_step,4000,0.0680,1.000,0.0531,1.32
8430,replay,4000,0.1034,1.000,0.0531,0.69
8431,replay,4000,0.0847,1.000,0.0531,0.69
8432,replay,4000,0.0838,1.000,0.0531,0.69
8433,replay,4000,0.0868,1.000,0.0530,0.69
8434,replay,4000,0.0556,1.000,0.0530,0.69
8435,replay,4000,0.0777,1.000,0.0529,0.69
8436,replay,4000,0.0534,1.000,0.0528,0.69
8437,replay,4000,0.0603,1.000,0.0528,0.70
8438,replay,4000,0.0572,1.000,0.0527,0.70
8439,replay,4000,0.0546,1.000,0.0527,0.70
8440,replay,4000,0.0488,1.000,0.0527,0.70
8441,replay,4000,0.0747,1.000,0.0526,0.69
8442,replay,4000,0.0759,1.000,0.0525,0.69
8443,replay,4000,0.0403,1.000,0.0525,0.69
8444,replay,4000,0.0558,1.000,0.0524,0.69
8445,es_step,4000,0.0448,1.000,0.0524,1.34
8446,es_step,4000,0.0470,1.000,0.0524,1.33
8447,replay,4000,0.0283,1.000,0.0522,0.68
8448,replay,4000,0.0514,1.000,0.0521,0.69
8449,replay,4000,0.0771,1.000,0.0521,0.69
8450,replay,4000,0.0703,1.000,0.0521,0.69
8451,replay,4000,0.0542,1.000,0.0520,0.69
8452,replay,4000,0.0543,1.000,0.0520,0.69
8453,replay,4000,0.0716,1.000,0.0520,0.69
8454,replay,4000,0.0656,1.000,0.0519,0.69
8455,replay,4000,0.0895,1.000,0.0519,0.69
8456,es_step,4000,0.0553,1.000,0.0519,1.34
8457,replay,4000,0.0777,1.000,0.0519,0.69
8458,es_step,4000,0.0641,1.000,0.0519,1.33
8459,replay,4000,0.0090,1.000,0.0518,0.68
8460,replay,4000,0.0767,1.000,0.0520,0.69
8461,replay,4000,0.1286,1.000,0.0520,0.68
8462,replay,4000,0.1114,1.000,0.0520,0.69
8463,replay,4000,0.1020,1.000,0.0521,0.69
8464,replay,4000,0.0889,1.000,0.0521,0.69
8465,es_step,4000,0.0562,1.000,0.0521,1.33
8466,es_step,4000,0.0579,1.000,0.0521,1.32
8467,replay,4000,0.0727,1.000,0.0520,0.69
8468,es_step,4000,0.0412,1.000,0.0520,1.31
8469,es_step,4000,0.0395,1.000,0.0520,1.30
8470,es_step,4000,0.0394,1.000,0.0520,1.31
8471,es_step,4000,0.0436,1.000,0.0520,1.30
8472,es_step,4000,0.0459,1.000,0.0520,1.32
8473,replay,4000,0.0715,1.000,0.0520,0.69
8474,replay,4000,0.0496,1.000,0.0519,0.68
8475,replay,4000,0.0235,1.000,0.0517,0.68
8476,replay,4000,0.0565,1.000,0.0516,0.68
8477,es_step,4000,0.0459,1.000,0.0516,1.31
8478,es_step,4000,0.0442,1.000,0.0516,1.30
8479,replay,4000,0.0812,1.000,0.0516,0.68
8480,replay,4000,0.0742,1.000,0.0515,0.68
8481,replay,4000,0.0522,1.000,0.0515,0.69
8482,replay,4000,0.0384,1.000,0.0513,0.69
8483,replay,4000,0.0615,1.000,0.0511,0.69
8484,replay,4000,0.0848,1.000,0.0511,0.68
8485,replay,4000,0.0836,1.000,0.0511,0.69
8486,replay,4000,-0.0145,1.000,0.0510,0.69
8487,es_step,4000,0.0683,1.000,0.0511,1.32
8488,replay,4000,0.0987,1.000,0.0511,0.68
8489,replay,4000,0.0920,1.000,0.0511,0.68
8490,replay,4000,0.0904,1.000,0.0512,0.68
8491,replay,4000,0.1160,1.000,0.0512,0.69
8492,replay,4000,0.1043,1.000,0.0513,0.69
8493,replay,4000,0.0742,1.000,0.0513,0.69
8494,replay,4000,0.0420,1.000,0.0511,0.69
8495,replay,4000,0.0597,1.000,0.0510,0.69
8496,replay,4000,0.0623,1.000,0.0510,0.69
8497,replay,4000,0.0587,1.000,0.0509,0.69
8498,es_step,4000,0.0293,1.000,0.0509,1.32
8499,replay,4000,0.0502,1.000,0.0508,0.68
8500,replay,4000,0.0370,1.000,0.0508,0.69
8501,replay,4000,0.0246,1.000,0.0506,0.69
8502,replay,4000,0.0583,1.000,0.0505,0.69
8503,es_step,4000,0.0330,1.000,0.0505,1.31
8504,replay,4000,0.0806,1.000,0.0505,0.68
8505,replay,4000,0.0835,1.000,0.0505,0.68
8506,replay,4000,0.0721,1.000,0.0504,0.69
8507,es_step,4000,0.0766,1.000,0.0504,1.32
8508,es_step,4000,0.0724,1.000,0.0504,1.31
8509,es_step,4000,0.0720,1.000,0.0504,1.30
8510,replay,4000,0.0936,1.000,0.0504,0.68
8511,replay,4000,0.0718,1.000,0.0503,0.69
8512,replay,4000,0.0878,1.000,0.0504,0.69
8513,es_step,4000,0.0692,1.000,0.0504,1.31
8514,es_step,4000,0.0712,1.000,0.0504,1.31
8515,es_step,4000,0.0738,1.000,0.0504,1.30
8516,es_step,4000,0.0678,1.000,0.0504,1.31
8517,replay,4000,0.0542,1.000,0.0505,0.68
8518,replay,4000,0.0779,1.000,0.0505,0.69
8519,es_step,4000,0.0615,1.000,0.0505,1.32
8520,replay,4000,0.1045,1.000,0.0505,0.68
8521,es_step,4000,0.0592,1.000,0.0505,1.31
8522,replay,4000,0.0900,1.000,0.0505,0.68
8523,replay,4000,0.1096,1.000,0.0505,0.68
8524,es_step,4000,0.0487,1.000,0.0505,1.32
8525,replay,4000,0.0793,1.000,0.0505,0.69
8526,replay,4000,-0.0043,1.000,0.0505,0.69
8527,replay,4000,0.0438,1.000,0.0503,0.69
8528,replay,4000,0.0941,1.000,0.0504,0.68
8529,replay,4000,0.1362,1.000,0.0504,0.69
8530,replay,4000,0.1297,1.000,0.0506,0.69
8531,replay,4000,0.1435,1.000,0.0507,0.68
8532,replay,4000,0.1345,1.000,0.0508,0.69
8533,replay,4000,0.1617,1.000,0.0508,0.69
8534,replay,4000,0.1611,1.000,0.0508,0.69
8535,replay,4000,0.1317,1.000,0.0509,0.69
8536,es_step,4000,0.1242,1.000,0.0513,1.32
8537,es_step,4000,0.1220,1.000,0.0513,1.32
8538,replay,4000,0.1195,1.000,0.0515,0.69
8539,replay,4000,0.1282,1.000,0.0516,0.69
8540,replay,4000,0.1157,1.000,0.0517,0.69
8541,replay,4000,0.1072,1.000,0.0517,0.69
8542,es_step,4000,0.0626,1.000,0.0517,1.31
8543,replay,4000,0.0825,1.000,0.0517,0.68
8544,es_step,4000,0.0594,1.000,0.0517,1.31
8545,replay,4000,0.0645,1.000,0.0516,0.68
8546,replay,4000,0.0631,1.000,0.0515,0.68
8547,replay,4000,0.0457,1.000,0.0515,0.68
8548,replay,4000,0.0343,1.000,0.0513,0.68
8549,es_step,4000,0.0352,1.000,0.0513,1.30
8550,replay,4000,0.0409,1.000,0.0513,0.68
8551,replay,4000,0.0832,1.000,0.0511,0.68
8552,replay,4000,0.0610,1.000,0.0511,0.68
8553,replay,4000,0.0642,1.000,0.0510,0.69
8554,replay,4000,0.0404,1.000,0.0510,0.69
8555,replay,4000,0.0755,1.000,0.0510,0.68
8556,replay,4000,0.0657,1.000,0.0510,0.69
8557,replay,4000,0.0475,1.000,0.0509,0.69
8558,es_step,4000,0.0561,1.000,0.0509,1.32
8559,replay,4000,0.0803,1.000,0.0509,0.68
8560,replay,4000,0.0371,1.000,0.0508,0.69
8561,replay,4000,0.0560,1.000,0.0507,0.69
8562,replay,4000,0.0372,1.000,0.0506,0.68
8563,replay,4000,0.0388,1.000,0.0506,0.69
8564,replay,4000,0.0341,1.000,0.0505,0.69
8565,es_step,4000,0.0399,1.000,0.0505,1.33
8566,replay,4000,0.0615,1.000,0.0504,0.68
8567,replay,4000,0.0556,1.000,0.0503,0.69
8568,replay,4000,-0.0715,1.000,0.0502,0.69
8569,replay,4000,0.0399,1.000,0.0500,0.69
8570,replay,4000,0.1181,1.000,0.0501,0.69
8571,replay,4000,0.1197,1.000,0.0502,0.69
8572,replay,4000,0.1104,1.000,0.0502,0.69
8573,es_step,4000,0.0901,1.000,0.0504,1.32
8574,replay,4000,0.0981,1.000,0.0504,0.69
8575,es_step,4000,0.0787,1.000,0.0504,1.31
8576,es_step,4000,0.0814,1.000,0.0504,1.30
8577,es_step,4000,0.0795,1.000,0.0504,1.30
8578,replay,4000,0.1129,1.000,0.0505,0.68
8579,es_step,4000,0.0696,1.000,0.0505,1.29
8580,replay,4000,0.1237,1.000,0.0505,0.68
8581,es_step,4000,0.0623,1.000,0.0505,1.31
8582,es_step,4000,0.0591,1.000,0.0505,1.32
8583,es_step,4000,0.0626,1.000,0.0505,1.31
8584,replay,4000,0.0650,1.000,0.0505,0.68
8585,replay,4000,0.0930,1.000,0.0504,0.68
8586,replay,4000,0.0910,1.000,0.0504,0.69
8587,replay,4000,0.0572,1.000,0.0504,0.69
8588,replay,4000,0.0495,1.000,0.0503,0.69
8589,es_step,4000,0.0552,1.000,0.0503,1.34
8590,replay,4000,0.1054,1.000,0.0503,0.69
8591,replay,4000,0.0774,1.000,0.0503,0.69
8592,es_step,4000,0.0669,1.000,0.0503,1.33
8593,replay,4000,0.1256,1.000,0.0504,0.69
8594,replay,4000,0.1111,1.000,0.0504,0.69
8595,replay,4000,0.1454,1.000,0.0505,0.69
8596,replay,4000,0.1242,1.000,0.0507,0.69
8597,replay,4000,0.1370,1.000,0.0508,0.69
8598,replay,4000,0.1364,1.000,0.0509,0.69
8599,es_step,4000,0.0831,1.000,0.0509,1.33
8600,replay,4000,0.1316,1.000,0.0510,0.69
8601,replay,4000,0.1040,1.000,0.0512,0.69
8602,replay,4000,0.1135,1.000,0.0512,0.69
8603,es_step,4000,0.0747,1.000,0.0512,1.32
8604,replay,4000,0.0949,1.000,0.0512,0.69
8605,replay,4000,0.1112,1.000,0.0512,0.69
8606,replay,4000,0.0828,1.000,0.0512,0.69
8607,es_step,4000,0.0519,1.000,0.0512,1.33
8608,replay,4000,0.0862,1.000,0.0512,0.69
8609,replay,4000,0.1081,1.000,0.0512,0.69
8610,replay,4000,0.1188,1.000,0.0512,0.69
8611,replay,4000,0.1010,1.000,0.0512,0.69
8612,replay,4000,0.0776,1.000,0.0512,0.69
8613,replay,4000,0.0951,1.000,0.0513,0.69
8614,es_step,4000,0.0667,1.000,0.0513,1.32
8615,replay,4000,0.0788,1.000,0.0514,0.69
8616,es_step,4000,0.0628,1.000,0.0514,1.31
8617,es_step,4000,0.0688,1.000,0.0514,1.31
8618,replay,4000,0.0903,1.000,0.0515,0.68
8619,replay,4000,0.0674,1.000,0.0517,0.69
8620,replay,4000,0.0799,1.000,0.0516,0.69
8621,replay,4000,0.0800,1.000,0.0516,0.69
8622,replay,4000,0.0837,1.000,0.0516,0.69
8623,replay,4000,0.1114,1.000,0.0516,0.69
8624,replay,4000,0.1071,1.000,0.0516,0.69
8625,replay,4000,0.0868,1.000,0.0516,0.69
8626,replay,4000,0.0680,1.000,0.0515,0.69
8627,replay,4000,0.0701,1.000,0.0515,0.69
8628,replay,4000,0.0693,1.000,0.0515,0.69
8629,es_step,4000,0.0669,1.000,0.0515,1.32
8630,replay,4000,0.0735,1.000,0.0514,0.69
8631,replay,4000,0.0833,1.000,0.0514,0.69
8632,replay,4000,0.1162,1.000,0.0514,0.69
8633,replay,4000,0.0982,1.000,0.0515,0.69
8634,replay,4000,0.0987,1.000,0.0515,0.69
8635,es_step,4000,0.0621,1.000,0.0515,1.32
8636,replay,4000,0.0792,1.000,0.0514,0.69
8637,replay,4000,0.0812,1.000,0.0515,0.69
8638,es_step,4000,0.0486,1.000,0.0515,1.34
8639,replay,4000,0.0568,1.000,0.0513,0.69
8640,es_step,4000,0.0320,1.000,0.0513,1.31
8641,replay,4000,0.0746,1.000,0.0513,0.68
8642,replay,4000,0.0524,1.000,0.0511,0.68
8643,replay,4000,0.0275,1.000,0.0511,0.68
8644,replay,4000,0.0418,1.000,0.0509,0.68
8645,replay,4000,0.0821,1.000,0.0508,0.69
8646,replay,4000,0.0882,1.000,0.0507,0.69
8647,replay,4000,0.0939,1.000,0.0507,0.69
8648,replay,4000,0.0714,1.000,0.0507,0.69
8649,replay,4000,0.0705,1.000,0.0507,0.69
8650,es_step,4000,0.0386,1.000,0.0507,1.32
8651,replay,4000,0.0589,1.000,0.0506,0.68
8652,replay,4000,0.0689,1.000,0.0505,0.68
8653,replay,4000,0.0650,1.000,0.0504,0.68
8654,es_step,4000,0.0396,1.000,0.0504,1.32
8655,es_step,4000,0.0395,1.000,0.0504,1.33
8656,replay,4000,0.0390,1.000,0.0504,0.69
8657,es_step,4000,0.0467,1.000,0.0504,1.30
8658,replay,4000,0.0301,1.000,0.0503,0.68
8659,replay,4000,0.0797,1.000,0.0503,0.68
8660,replay,4000,0.0971,1.000,0.0503,0.69
8661,replay,4000,0.1189,1.000,0.0505,0.69
8662,replay,4000,0.1091,1.000,0.0506,0.69
8663,replay,4000,0.1222,1.000,0.0506,0.69
8664,es_step,4000,0.0866,1.000,0.0507,1.32
8665,es_step,4000,0.0831,1.000,0.0507,1.31
8666,replay,4000,0.1186,1.000,0.0507,0.69
8667,replay,4000,0.1110,1.000,0.0508,2.91
8668,replay,4000,0.1049,1.000,0.0509,0.68
8669,es_step,4000,0.0817,1.000,0.0509,1.32
8670,replay,4000,0.0848,1.000,0.0509,0.68
8671,es_step,4000,0.0771,1.000,0.0509,1.32
8672,replay,4000,0.1064,1.000,0.0510,0.68
8673,es_step,4000,0.0792,1.000,0.0510,1.32
8674,es_step,4000,0.0767,1.000,0.0510,1.31
8675,replay,4000,0.1002,1.000,0.0510,0.69
8676,es_step,4000,0.0745,1.000,0.0510,1.31
8677,es_step,4000,0.0741,1.000,0.0510,1.31
8678,replay,4000,0.1054,1.000,0.0511,0.69
8679,replay,4000,0.0792,1.000,0.0511,0.68
8680,es_step,4000,0.0628,1.000,0.0511,1.31
8681,replay,4000,0.0817,1.000,0.0511,0.68
8682,replay,4000,0.0931,1.000,0.0511,0.68
8683,replay,4000,0.0781,1.000,0.0511,0.68
8684,replay,4000,0.0999,1.000,0.0511,0.68
8685,replay,4000,0.0728,1.000,0.0510,0.68
8686,replay,4000,0.0979,1.000,0.0511,0.68
8687,replay,4000,0.0999,1.000,0.0512,0.69
8688,replay,4000,0.1040,1.000,0.0511,0.68
8689,replay,4000,0.1187,1.000,0.0511,0.68
8690,replay,4000,0.1450,1.000,0.0512,0.69
8691,replay,4000,0.1145,1.000,0.0513,0.69
8692,replay,4000,0.1227,1.000,0.0514,0.69
8693,replay,4000,0.1179,1.000,0.0514,0.69
8694,replay,4000,0.1087,1.000,0.0515,0.69
8695,replay,4000,0.1177,1.000,0.0515,0.69
8696,replay,4000,0.1399,1.000,0.0516,0.69
8697,es_step,4000,0.0842,1.000,0.0516,1.32
8698,es_step,4000,0.0844,1.000,0.0516,1.32
8699,replay,4000,0.0854,1.000,0.0517,0.68
8700,replay,4000,0.1464,1.000,0.0518,0.68
8701,replay,4000,0.1475,1.000,0.0519,0.69
8702,replay,4000,0.1190,1.000,0.0520,0.69
8703,replay,4000,0.1309,1.000,0.0521,0.69
8704,es_step,4000,0.0929,1.000,0.0521,1.31
8705,es_step,4000,0.0921,1.000,0.0521,1.30
8706,replay,4000,0.1239,1.000,0.0522,0.68
8707,replay,4000,0.1052,1.000,0.0522,0.68
8708,replay,4000,0.0865,1.000,0.0522,0.69
8709,replay,4000,0.0976,1.000,0.0522,0.69
8710,replay,4000,0.0855,1.000,0.0522,0.69
8711,replay,4000,0.0554,1.000,0.0521,0.69
8712,replay,4000,0.0486,1.000,0.0520,0.68
8713,replay,4000,0.0327,1.000,0.0519,0.69
8714,replay,4000,0.0378,1.000,0.0518,0.69
8715,replay,4000,0.0260,1.000,0.0517,0.69
8716,replay,4000,0.0359,1.000,0.0516,0.69
8717,replay,4000,0.0560,1.000,0.0515,0.69
8718,replay,4000,0.0521,1.000,0.0514,0.69
8719,replay,4000,0.0558,1.000,0.0513,0.70
8720,replay,4000,0.0668,1.000,0.0513,0.70
8721,es_step,4000,0.0553,1.000,0.0513,1.34
8722,es_step,4000,0.0601,1.000,0.0513,1.34
8723,replay,4000,0.0570,1.000,0.0513,0.69
8724,replay,4000,0.0841,1.000,0.0512,0.69
8725,replay,4000,0.0733,1.000,0.0513,0.69
8726,replay,4000,0.1000,1.000,0.0512,0.69
8727,replay,4000,0.0753,1.000,0.0513,0.69
8728,replay,4000,0.1012,1.000,0.0513,0.69
8729,replay,4000,0.1058,1.000,0.0513,0.74
8730,es_step,4000,0.0526,1.000,0.0513,1.32
8731,replay,4000,0.1615,1.000,0.0514,0.68
8732,replay,4000,0.1299,1.000,0.0515,0.68
8733,replay,4000,0.0987,1.000,0.0515,0.68
8734,es_step,4000,0.0730,1.000,0.0516,1.32
8735,replay,4000,0.1385,1.000,0.0515,0.68
8736,es_step,4000,0.0880,1.000,0.0516,1.30
8737,replay,4000,0.1001,1.000,0.0517,0.68
8738,es_step,4000,0.0922,1.000,0.0518,1.30
8739,replay,4000,0.1451,1.000,0.0519,0.68
8740,replay,4000,0.1482,1.000,0.0519,0.68
8741,es_step,4000,0.1136,1.000,0.0523,1.32
8742,replay,4000,0.1588,1.000,0.0524,0.69
8743,replay,4000,0.1516,1.000,0.0525,0.68
8744,replay,4000,0.1373,1.000,0.0526,0.68
8745,replay,4000,0.1457,1.000,0.0527,0.68
8746,replay,4000,0.1473,1.000,0.0529,0.68
8747,replay,4000,0.1430,1.000,0.0530,0.68
8748,replay,4000,0.1391,1.000,0.0531,0.69
8749,replay,4000,0.1261,1.000,0.0532,0.68
8750,replay,4000,0.1138,1.000,0.0532,0.68
8751,es_step,4000,0.0874,1.000,0.0532,1.31
8752,replay,4000,0.0948,1.000,0.0533,0.69
8753,es_step,4000,0.0730,1.000,0.0533,1.31
8754,replay,4000,0.1029,1.000,0.0533,0.68
8755,replay,4000,0.0830,1.000,0.0533,0.68
8756,es_step,4000,0.0436,1.000,0.0533,1.29
8757,replay,4000,0.0451,1.000,0.0532,0.68
8758,replay,4000,0.0712,1.000,0.0531,0.68
8759,replay,4000,0.0535,1.000,0.0531,0.68
8760,replay,4000,0.0774,1.000,0.0531,0.68
8761,replay,4000,0.0665,1.000,0.0530,0.68
8762,replay,4000,0.0612,1.000,0.0529,0.68
8763,es_step,4000,0.0437,1.000,0.0529,1.30
8764,es_step,4000,0.0388,1.000,0.0529,1.29
8765,es_step,4000,0.0403,1.000,0.0529,1.28
8766,replay,4000,0.0462,1.000,0.0528,0.69
8767,replay,4000,0.0434,1.000,0.0527,0.68
8768,es_step,4000,0.0360,1.000,0.0527,1.30
8769,replay,4000,0.0401,1.000,0.0526,0.68
8770,replay,4000,0.0557,1.000,0.0525,0.68
8771,es_step,4000,0.0378,1.000,0.0525,1.29
8772,replay,4000,0.0754,1.000,0.0525,0.68
8773,replay,4000,0.0532,1.000,0.0524,0.68
8774,es_step,4000,0.0641,1.000,0.0525,1.30
8775,es_step,4000,0.0581,1.000,0.0525,1.29
8776,replay,4000,0.0796,1.000,0.0524,0.68
8777,replay,4000,0.0825,1.000,0.0524,0.68
8778,replay,4000,0.0714,1.000,0.0525,0.68
8779,es_step,4000,0.0525,1.000,0.0525,1.29
8780,replay,4000,0.0096,1.000,0.0524,0.68
8781,replay,4000,0.0677,1.000,0.0524,0.68
8782,es_step,4000,0.0660,1.000,0.0524,1.30
8783,replay,4000,0.1073,1.000,0.0524,0.68
8784,replay,4000,0.0916,1.000,0.0524,0.68
8785,replay,4000,0.0739,1.000,0.0524,0.68
8786,es_step,4000,0.0645,1.000,0.0524,1.30
8787,replay,4000,0.0699,1.000,0.0524,0.68
8788,replay,4000,0.0972,1.000,0.0526,0.67
8789,replay,4000,0.0999,1.000,0.0525,0.68
8790,replay,4000,0.0931,1.000,0.0525,0.68
8791,es_step,4000,0.0557,1.000,0.0525,1.29
8792,replay,4000,0.0661,1.000,0.0525,0.67
8793,replay,4000,0.0691,1.000,0.0523,0.68
8794,replay,4000,0.0653,1.000,0.0523,0.68
8795,es_step,4000,0.0634,1.000,0.0523,1.31
8796,replay,4000,0.0777,1.000,0.0523,0.68
8797,replay,4000,0.0786,1.000,0.0523,0.68
8798,es_step,4000,0.0623,1.000,0.0523,1.29
8799,es_step,4000,0.0654,1.000,0.0523,1.28
8800,es_step,4000,0.0592,1.000,0.0523,1.28
8801,replay,4000,0.0608,1.000,0.0522,0.67
8802,replay,4000,0.0757,1.000,0.0522,0.67
8803,replay,4000,0.0680,1.000,0.0522,0.68
8804,es_step,4000,0.0520,1.000,0.0522,1.30
8805,replay,4000,0.0787,1.000,0.0521,0.67
8806,replay,4000,0.0723,1.000,0.0521,0.68
8807,replay,4000,0.0784,1.000,0.0521,0.68
8808,replay,4000,0.0622,1.000,0.0520,0.68
8809,replay,4000,0.0579,1.000,0.0520,0.68
8810,replay,4000,0.0381,1.000,0.0519,0.67
8811,replay,4000,0.0832,1.000,0.0520,0.68
8812,replay,4000,0.0700,1.000,0.0519,0.67
8813,replay,4000,0.0865,1.000,0.0519,0.68
8814,replay,4000,0.0523,1.000,0.0518,0.68
8815,replay,4000,0.0837,1.000,0.0518,0.68
8816,replay,4000,0.0798,1.000,0.0518,0.68
8817,replay,4000,0.0929,1.000,0.0518,0.68
8818,replay,4000,0.0962,1.000,0.0518,0.68
8819,replay,4000,0.0975,1.000,0.0519,0.68
8820,replay,4000,0.0580,1.000,0.0520,0.68
8821,replay,4000,0.1095,1.000,0.0520,0.68
8822,replay,4000,0.1033,1.000,0.0520,0.69
8823,replay,4000,0.0968,1.000,0.0521,0.68
8824,replay,4000,0.1066,1.000,0.0521,0.68
8825,replay,4000,0.1389,1.000,0.0522,0.68
8826,replay,4000,0.0928,1.000,0.0522,0.68
8827,replay,4000,0.1127,1.000,0.0523,0.68
8828,replay,4000,0.1124,1.000,0.0523,0.68
8829,replay,4000,0.0803,1.000,0.0523,0.68
8830,es_step,4000,0.0714,1.000,0.0523,1.31
8831,replay,4000,0.0902,1.000,0.0523,0.68
8832,replay,4000,0.0796,1.000,0.0523,0.68
8833,replay,4000,0.0770,1.000,0.0523,0.68
8834,es_step,4000,0.0520,1.000,0.0523,1.31
8835,replay,4000,0.0658,1.000,0.0524,0.68
8836,replay,4000,0.0972,1.000,0.0524,0.68
8837,replay,4000,0.1125,1.000,0.0524,0.68
8838,es_step,4000,0.0755,1.000,0.0524,1.31
8839,replay,4000,0.1077,1.000,0.0525,0.67
8840,es_step,4000,0.0790,1.000,0.0525,1.30
8841,replay,4000,0.1134,1.000,0.0525,0.67
8842,replay,4000,0.1324,1.000,0.0526,0.68
8843,es_step,4000,0.0936,1.000,0.0527,1.30
8844,replay,4000,0.1455,1.000,0.0528,0.68
8845,replay,4000,0.1312,1.000,0.0528,0.68
8846,replay,4000,0.1101,1.000,0.0529,0.68
8847,replay,4000,0.0804,1.000,0.0528,0.68
8848,replay,4000,0.0722,1.000,0.0528,0.68
8849,replay,4000,0.0587,1.000,0.0527,0.68
8850,replay,4000,0.0631,1.000,0.0526,0.68
8851,es_step,4000,0.0209,1.000,0.0526,1.32
8852,replay,4000,0.0531,1.000,0.0525,0.68
8853,replay,4000,0.0450,1.000,0.0524,0.68
8854,es_step,4000,0.0458,1.000,0.0524,1.31
8855,replay,4000,0.0674,1.000,0.0523,0.68
8856,es_step,4000,0.0599,1.000,0.0523,1.29
8857,replay,4000,0.0641,1.000,0.0523,0.67
8858,replay,4000,0.0842,1.000,0.0523,0.68
8859,replay,4000,0.0853,1.000,0.0523,0.68
8860,replay,4000,0.1011,1.000,0.0523,0.68
8861,replay,4000,0.0804,1.000,0.0524,0.68
8862,es_step,4000,0.0532,1.000,0.0524,1.30
8863,replay,4000,0.0656,1.000,0.0523,0.68
8864,es_step,4000,0.0505,1.000,0.0523,1.29
8865,replay,4000,0.0639,1.000,0.0523,0.68
8866,replay,4000,0.0774,1.000,0.0522,0.68
8867,replay,4000,0.0593,1.000,0.0523,0.68
8868,replay,4000,0.0632,1.000,0.0523,0.68
8869,replay,4000,0.0449,1.000,0.0522,0.69
8870,replay,4000,0.0372,1.000,0.0521,0.68
8871,replay,4000,0.0286,1.000,0.0520,0.68
8872,replay,4000,0.0316,1.000,0.0518,0.68
8873,replay,4000,0.0679,1.000,0.0517,0.68
8874,replay,4000,0.0860,1.000,0.0517,0.68
8875,replay,4000,0.0633,1.000,0.0517,0.68
8876,replay,4000,0.0816,1.000,0.0516,0.68
8877,replay,4000,0.0533,1.000,0.0516,0.68
8878,replay,4000,0.0474,1.000,0.0516,0.68
8879,replay,4000,0.0637,1.000,0.0515,0.68
8880,replay,4000,0.0534,1.000,0.0515,0.68
8881,replay,4000,0.0530,1.000,0.0515,0.68
8882,replay,4000,0.0743,1.000,0.0514,0.68
8883,replay,4000,0.0506,1.000,0.0514,0.68
8884,replay,4000,0.0474,1.000,0.0513,0.68
8885,es_step,4000,0.0613,1.000,0.0513,1.32
8886,replay,4000,0.0920,1.000,0.0514,0.68
8887,replay,4000,0.0791,1.000,0.0514,0.68
8888,replay,4000,0.1027,1.000,0.0514,0.68
8889,replay,4000,0.0980,1.000,0.0514,0.68
8890,es_step,4000,0.0705,1.000,0.0514,1.43
8891,replay,4000,0.0795,1.000,0.0514,0.68
8892,replay,4000,0.0805,1.000,0.0514,0.68
8893,replay,4000,0.0748,1.000,0.0514,0.68
8894,replay,4000,0.0880,1.000,0.0514,0.68
8895,replay,4000,0.1051,1.000,0.0514,0.68
8896,replay,4000,0.0914,1.000,0.0515,0.68
8897,replay,4000,0.1145,1.000,0.0516,0.68
8898,replay,4000,0.1030,1.000,0.0517,0.68
8899,replay,4000,0.1006,1.000,0.0517,0.68
8900,replay,4000,-0.0171,1.000,0.0517,0.68
8901,replay,4000,0.0829,1.000,0.0517,0.68
8902,replay,4000,0.1003,1.000,0.0517,0.68
8903,replay,4000,0.0742,1.000,0.0517,0.68
8904,replay,4000,0.1202,1.000,0.0518,0.68
8905,es_step,4000,0.0811,1.000,0.0518,1.32
8906,replay,4000,0.1104,1.000,0.0518,0.68
8907,replay,4000,0.1049,1.000,0.0519,0.68
8908,replay,4000,0.1278,1.000,0.0520,0.68
8909,replay,4000,0.1254,1.000,0.0521,0.68
8910,replay,4000,0.0887,1.000,0.0520,0.68
8911,replay,4000,0.1211,1.000,0.0521,0.69
8912,replay,4000,0.0971,1.000,0.0521,0.69
8913,replay,4000,0.0630,1.000,0.0520,0.69
8914,es_step,4000,0.0484,1.000,0.0520,1.32
8915,replay,4000,0.0612,1.000,0.0520,0.69
8916,replay,4000,0.0667,1.000,0.0520,0.69
8917,es_step,4000,0.0443,1.000,0.0520,1.31
8918,replay,4000,0.0655,1.000,0.0519,0.68
8919,replay,4000,0.0584,1.000,0.0519,0.68
8920,replay,4000,0.0684,1.000,0.0518,0.68
8921,replay,4000,0.0779,1.000,0.0517,0.68
8922,es_step,4000,0.0481,1.000,0.0518,1.30
8923,es_step,4000,0.0471,1.000,0.0518,1.29
8924,replay,4000,0.0457,1.000,0.0517,0.68
8925,replay,4000,0.0578,1.000,0.0517,0.68
8926,replay,4000,0.1111,1.000,0.0517,0.68
8927,replay,4000,0.0932,1.000,0.0517,0.68
8928,replay,4000,0.1163,1.000,0.0517,0.68
8929,replay,4000,0.1101,1.000,0.0518,0.68
8930,replay,4000,0.0973,1.000,0.0518,0.68
8931,replay,4000,0.1156,1.000,0.0518,0.68
8932,replay,4000,0.1076,1.000,0.0519,0.68
8933,replay,4000,0.0870,1.000,0.0519,0.68
8934,replay,4000,0.0607,1.000,0.0518,0.68
8935,replay,4000,0.0604,1.000,0.0518,0.68
8936,replay,4000,0.0682,1.000,0.0517,0.68
8937,replay,4000,0.0822,1.000,0.0517,0.68
8938,replay,4000,0.1010,1.000,0.0517,0.68
8939,es_step,4000,0.0746,1.000,0.0517,1.32
8940,es_step,4000,0.0760,1.000,0.0517,1.31
8941,replay,4000,0.0914,1.000,0.0517,0.68
8942,replay,4000,0.0951,1.000,0.0518,0.68
8943,replay,4000,0.1071,1.000,0.0519,0.68
8944,replay,4000,0.0151,1.000,0.0520,0.68
8945,replay,4000,0.1107,1.000,0.0520,0.68
8946,replay,4000,0.1078,1.000,0.0522,0.68
8947,es_step,4000,0.1180,1.000,0.0526,1.31
8948,replay,4000,0.1412,1.000,0.0527,0.68
8949,replay,4000,0.1346,1.000,0.0528,0.68
8950,replay,4000,0.1266,1.000,0.0529,0.68
8951,replay,4000,0.1067,1.000,0.0530,0.68
8952,replay,4000,0.0995,1.000,0.0531,0.68
8953,es_step,4000,0.0722,1.000,0.0531,1.32
8954,replay,4000,0.0822,1.000,0.0531,0.69
8955,replay,4000,0.0537,1.000,0.0531,0.68
8956,replay,4000,0.0577,1.000,0.0530,0.68
8957,replay,4000,0.0462,1.000,0.0529,0.68
8958,es_step,4000,0.0389,1.000,0.0529,1.32
8959,es_step,4000,0.0372,1.000,0.0529,1.31
8960,replay,4000,0.0474,1.000,0.0528,0.69
8961,replay,4000,0.0438,1.000,0.0528,0.68
8962,replay,4000,0.0134,1.000,0.0525,0.68
8963,replay,4000,0.0763,1.000,0.0524,0.68
8964,replay,4000,0.0732,1.000,0.0523,0.68
8965,es_step,4000,0.0627,1.000,0.0523,1.31
8966,replay,4000,0.0618,1.000,0.0523,0.67
8967,replay,4000,0.0801,1.000,0.0525,0.68
8968,replay,4000,0.0942,1.000,0.0524,0.68
8969,replay,4000,0.0906,1.000,0.0524,0.68
8970,replay,4000,0.0964,1.000,0.0525,0.68
8971,es_step,4000,0.0821,1.000,0.0525,1.32
8972,replay,4000,0.0972,1.000,0.0525,0.68
8973,replay,4000,0.0947,1.000,0.0525,0.68
8974,replay,4000,0.0584,1.000,0.0525,0.69
8975,replay,4000,0.0631,1.000,0.0524,0.68
8976,replay,4000,0.0389,1.000,0.0523,0.69
8977,es_step,4000,0.0434,1.000,0.0523,3.55
8978,replay,4000,0.0236,1.000,0.0521,0.69
8979,replay,4000,0.0375,1.000,0.0520,0.69
8980,replay,4000,0.0457,1.000,0.0520,0.69
8981,replay,4000,0.0661,1.000,0.0519,0.69
8982,replay,4000,0.0468,1.000,0.0518,0.69
8983,replay,4000,0.0383,1.000,0.0518,0.69
8984,replay,4000,0.0721,1.000,0.0517,0.69
8985,es_step,4000,0.0507,1.000,0.0517,1.32
8986,replay,4000,0.0520,1.000,0.0517,0.68
8987,es_step,4000,0.0521,1.000,0.0517,1.32
8988,replay,4000,0.0748,1.000,0.0516,0.68
8989,replay,4000,0.0452,1.000,0.0516,0.68
8990,es_step,4000,0.0527,1.000,0.0516,1.32
8991,replay,4000,0.0430,1.000,0.0515,0.69
8992,replay,4000,0.0793,1.000,0.0515,0.69
8993,replay,4000,0.0472,1.000,0.0514,0.69
8994,replay,4000,0.0874,1.000,0.0514,0.69
8995,es_step,4000,0.0631,1.000,0.0514,1.31
8996,replay,4000,0.0750,1.000,0.0517,0.68
8997,replay,4000,0.0655,1.000,0.0517,0.68
8998,es_step,4000,0.0717,1.000,0.0517,1.32
8999,es_step,4000,0.0730,1.000,0.0517,1.31
9000,replay,4000,0.1049,1.000,0.0517,0.69
9001,replay,4000,0.1155,1.000,0.0517,0.69
9002,es_step,4000,0.0825,1.000,0.0517,1.31
9003,replay,4000,0.1226,1.000,0.0519,0.68
9004,replay,4000,0.1209,1.000,0.0520,0.68
9005,replay,4000,0.1160,1.000,0.0520,0.68
9006,es_step,4000,0.0949,1.000,0.0521,1.31
9007,replay,4000,0.1020,1.000,0.0522,0.68
9008,replay,4000,0.1213,1.000,0.0523,0.69
9009,replay,4000,0.1118,1.000,0.0524,0.68
9010,replay,4000,0.0921,1.000,0.0524,0.69
9011,replay,4000,0.0605,1.000,0.0523,0.69
9012,replay,4000,0.0445,1.000,0.0522,0.71
9013,replay,4000,0.0367,1.000,0.0521,0.69
9014,replay,4000,0.0297,1.000,0.0520,0.69
9015,replay,4000,0.0446,1.000,0.0519,0.69
9016,replay,4000,0.0477,1.000,0.0519,0.69
9017,replay,4000,0.0659,1.000,0.0518,0.70
9018,replay,4000,0.0932,1.000,0.0518,0.69
9019,replay,4000,0.0741,1.000,0.0518,0.69
9020,replay,4000,0.0687,1.000,0.0519,0.69
9021,replay,4000,0.0641,1.000,0.0518,0.69
9022,replay,4000,0.0711,1.000,0.0519,0.69
9023,replay,4000,0.1108,1.000,0.0519,0.69
9024,replay,4000,0.0929,1.000,0.0519,0.69
9025,replay,4000,0.0900,1.000,0.0519,0.69
9026,replay,4000,0.0732,1.000,0.0519,0.69
9027,replay,4000,0.0858,1.000,0.0520,0.69
9028,replay,4000,0.0915,1.000,0.0520,0.69
9029,replay,4000,0.0820,1.000,0.0520,0.69
9030,replay,4000,0.0720,1.000,0.0520,0.69
9031,es_step,4000,0.0381,1.000,0.0520,1.33
9032,es_step,4000,0.0400,1.000,0.0520,1.32
9033,replay,4000,0.0732,1.000,0.0519,0.68
9034,replay,4000,0.0586,1.000,0.0518,0.68
9035,replay,4000,0.0560,1.000,0.0517,0.69
9036,es_step,4000,0.0448,1.000,0.0517,1.32
9037,replay,4000,0.0454,1.000,0.0517,0.68
9038,replay,4000,0.0468,1.000,0.0517,0.69
9039,replay,4000,0.0636,1.000,0.0517,0.69
9040,es_step,4000,0.0346,1.000,0.0517,1.33
9041,replay,4000,0.0523,1.000,0.0516,0.69
9042,es_step,4000,0.0481,1.000,0.0516,1.33
9043,replay,4000,0.0505,1.000,0.0516,0.69
9044,es_step,4000,0.0495,1.000,0.0516,1.31
9045,replay,4000,0.0584,1.000,0.0515,0.68
9046,replay,4000,0.0631,1.000,0.0514,0.69
9047,replay,4000,0.0466,1.000,0.0514,0.69
9048,replay,4000,0.0559,1.000,0.0514,0.69
9049,replay,4000,0.0690,1.000,0.0513,0.70
9050,replay,4000,0.0736,1.000,0.0513,0.69
9051,replay,4000,0.0540,1.000,0.0512,0.69
9052,replay,4000,0.0850,1.000,0.0513,0.69
9053,es_step,4000,0.0552,1.000,0.0513,1.34
9054,es_step,4000,0.0568,1.000,0.0513,1.32
9055,es_step,4000,0.0570,1.000,0.0513,1.33
9056,replay,4000,0.0714,1.000,0.0512,0.69
9057,replay,4000,0.0784,1.000,0.0512,0.69
9058,replay,4000,0.0824,1.000,0.0513,0.69
9059,replay,4000,0.1193,1.000,0.0514,0.69
9060,replay,4000,0.1160,1.000,0.0515,0.69
9061,replay,4000,0.1081,1.000,0.0516,0.69
9062,replay,4000,0.0978,1.000,0.0516,0.69
9063,replay,4000,0.0860,1.000,0.0516,0.69
9064,replay,4000,0.0651,1.000,0.0516,0.69
9065,replay,4000,0.0477,1.000,0.0515,0.69
9066,replay,4000,0.0327,1.000,0.0514,0.69
9067,replay,4000,0.0258,1.000,0.0513,0.70
9068,replay,4000,0.0233,1.000,0.0511,0.69
9069,replay,4000,0.0402,1.000,0.0510,0.69
9070,replay,4000,0.0762,1.000,0.0510,0.69
9071,es_step,4000,0.0473,1.000,0.0510,1.34
9072,replay,4000,0.0609,1.000,0.0509,0.69
9073,es_step,4000,0.0576,1.000,0.0509,1.34
9074,replay,4000,0.0553,1.000,0.0508,0.70
9075,replay,4000,0.0521,1.000,0.0507,0.69
9076,replay,4000,0.0415,1.000,0.0505,0.69
9077,replay,4000,0.0664,1.000,0.0505,0.69
9078,replay,4000,0.0741,1.000,0.0505,0.70
9079,replay,4000,0.0791,1.000,0.0505,0.70
9080,replay,4000,0.0784,1.000,0.0504,0.70
9081,es_step,4000,0.0593,1.000,0.0504,1.37
9082,replay,4000,0.0558,1.000,0.0504,0.70
9083,replay,4000,0.0745,1.000,0.0504,0.70
9084,es_step,4000,0.0513,1.000,0.0504,1.32
9085,replay,4000,0.0906,1.000,0.0503,0.68
9086,replay,4000,0.0730,1.000,0.0503,0.69
9087,replay,4000,0.0728,1.000,0.0502,0.69
9088,es_step,4000,0.0522,1.000,0.0502,1.33
9089,replay,4000,0.0499,1.000,0.0501,0.69
9090,replay,4000,0.0781,1.000,0.0501,0.69
9091,replay,4000,0.0700,1.000,0.0501,0.69
9092,replay,4000,0.0634,1.000,0.0501,0.69
9093,es_step,4000,0.0629,1.000,0.0501,1.32
9094,replay,4000,0.0620,1.000,0.0501,0.69
9095,replay,4000,0.0514,1.000,0.0500,0.69
9096,replay,4000,0.0434,1.000,0.0500,0.69
9097,replay,4000,0.0503,1.000,0.0499,0.69
9098,replay,4000,0.0456,1.000,0.0498,0.69
9099,replay,4000,0.0445,1.000,0.0497,0.69
9100,replay,4000,0.0773,1.000,0.0497,0.69
9101,replay,4000,0.0778,1.000,0.0498,0.70
9102,replay,4000,0.0631,1.000,0.0498,0.70
9103,replay,4000,0.0698,1.000,0.0497,0.69
9104,replay,4000,0.0801,1.000,0.0497,0.70
9105,replay,4000,0.0825,1.000,0.0497,0.70
9106,replay,4000,0.0607,1.000,0.0496,0.70
9107,es_step,4000,0.0329,1.000,0.0496,1.35
9108,replay,4000,0.0240,1.000,0.0495,0.69
9109,replay,4000,0.0609,1.000,0.0495,0.69
9110,replay,4000,0.0194,1.000,0.0493,0.69
9111,replay,4000,0.0502,1.000,0.0492,0.69
9112,replay,4000,0.0663,1.000,0.0492,0.69
9113,replay,4000,0.0542,1.000,0.0491,0.70
9114,replay,4000,0.1018,1.000,0.0492,0.70
9115,replay,4000,0.1161,1.000,0.0492,0.70
9116,replay,4000,0.1343,1.000,0.0493,0.70
9117,replay,4000,0.0981,1.000,0.0496,0.69
9118,es_step,4000,0.1073,1.000,0.0498,1.35
9119,replay,4000,0.1377,1.000,0.0500,0.69
9120,replay,4000,0.1405,1.000,0.0501,0.70
9121,replay,4000,0.1235,1.000,0.0502,0.69
9122,replay,4000,0.1383,1.000,0.0503,0.70
9123,replay,4000,0.0889,1.000,0.0503,0.70
9124,replay,4000,0.1192,1.000,0.0503,0.70
9125,es_step,4000,0.0822,1.000,0.0503,1.35
9126,replay,4000,0.0721,1.000,0.0503,0.69
9127,replay,4000,0.1052,1.000,0.0504,0.70
9128,es_step,4000,0.0855,1.000,0.0504,1.35
9129,replay,4000,0.0939,1.000,0.0504,0.70
9130,replay,4000,0.0711,1.000,0.0504,0.69
9131,replay,4000,0.0972,1.000,0.0504,0.69
9132,replay,4000,0.1094,1.000,0.0504,0.69
9133,replay,4000,0.1029,1.000,0.0505,0.69
9134,replay,4000,0.0757,1.000,0.0505,0.69
9135,replay,4000,0.0882,1.000,0.0505,0.70
9136,replay,4000,0.0884,1.000,0.0505,0.70
9137,replay,4000,0.1216,1.000,0.0505,0.69
9138,es_step,4000,0.0832,1.000,0.0505,1.35
9139,replay,4000,0.1054,1.000,0.0506,0.69
9140,replay,4000,0.1002,1.000,0.0506,0.69
9141,replay,4000,0.1111,1.000,0.0506,0.69
9142,replay,4000,0.0766,1.000,0.0507,0.69
9143,replay,4000,0.1001,1.000,0.0509,0.69
9144,replay,4000,0.1119,1.000,0.0510,0.69
9145,replay,4000,0.0876,1.000,0.0509,0.69
9146,replay,4000,0.0656,1.000,0.0509,0.69
9147,es_step,4000,0.0204,1.000,0.0509,1.33
9148,replay,4000,0.0461,1.000,0.0508,0.69
9149,replay,4000,0.0237,1.000,0.0506,0.69
9150,replay,4000,0.0239,1.000,0.0504,0.69
9151,es_step,4000,0.0304,1.000,0.0505,1.33
9152,replay,4000,0.0352,1.000,0.0504,0.69
9153,replay,4000,0.0537,1.000,0.0503,0.69
9154,replay,4000,0.0519,1.000,0.0502,0.69
9155,replay,4000,0.0458,1.000,0.0502,0.69
9156,replay,4000,0.0310,1.000,0.0501,0.69
9157,replay,4000,0.0765,1.000,0.0500,0.69
9158,replay,4000,0.0714,1.000,0.0500,0.69
9159,es_step,4000,0.0600,1.000,0.0500,1.35
9160,replay,4000,0.0648,1.000,0.0500,0.69
9161,replay,4000,0.0666,1.000,0.0501,0.69
9162,replay,4000,0.0578,1.000,0.0502,0.70
9163,replay,4000,0.0442,1.000,0.0501,0.69
9164,replay,4000,0.0482,1.000,0.0502,0.69
9165,replay,4000,0.0727,1.000,0.0502,0.69
9166,replay,4000,0.0428,1.000,0.0502,0.69
9167,replay,4000,0.0671,1.000,0.0502,0.70
9168,replay,4000,0.0603,1.000,0.0502,0.70
9169,es_step,4000,0.0568,1.000,0.0502,1.35
9170,replay,4000,0.0609,1.000,0.0501,0.69
9171,es_step,4000,0.0560,1.000,0.0501,1.33
9172,replay,4000,0.0872,1.000,0.0500,0.69
9173,replay,4000,0.0834,1.000,0.0501,0.69
9174,replay,4000,0.0761,1.000,0.0500,0.69
9175,es_step,4000,0.0537,1.000,0.0500,1.34
9176,replay,4000,0.0876,1.000,0.0500,0.69
9177,replay,4000,0.0778,1.000,0.0500,0.69
9178,replay,4000,0.1053,1.000,0.0500,0.70
9179,es_step,4000,0.0578,1.000,0.0500,1.34
9180,replay,4000,0.0743,1.000,0.0500,0.69
9181,es_step,4000,0.0487,1.000,0.0500,1.34
9182,replay,4000,0.0509,1.000,0.0500,0.69
9183,replay,4000,0.0695,1.000,0.0500,0.69
9184,replay,4000,0.0803,1.000,0.0499,0.70
9185,es_step,4000,0.0436,1.000,0.0499,1.34
9186,es_step,4000,0.0389,1.000,0.0499,1.34
9187,replay,4000,0.0849,1.000,0.0499,0.69
9188,replay,4000,0.0682,1.000,0.0498,0.70
9189,replay,4000,0.0531,1.000,0.0498,0.69
9190,replay,4000,0.0401,1.000,0.0497,0.69
9191,replay,4000,0.0624,1.000,0.0496,0.69
9192,es_step,4000,0.0494,1.000,0.0496,1.33
9193,replay,4000,0.0765,1.000,0.0496,0.69
9194,replay,4000,0.0720,1.000,0.0496,0.69
9195,es_step,4000,0.0538,1.000,0.0496,1.32
9196,replay,4000,0.0831,1.000,0.0496,0.68
9197,replay,4000,0.0578,1.000,0.0495,0.69
9198,replay,4000,0.0637,1.000,0.0495,0.69
9199,replay,4000,0.0544,1.000,0.0495,0.69
9200,replay,4000,0.0906,1.000,0.0495,0.69
9201,replay,4000,-0.0853,1.000,0.0495,0.69
9202,replay,4000,0.0850,1.000,0.0495,0.68
9203,replay,4000,0.1327,1.000,0.0496,0.69
9204,replay,4000,0.1179,1.000,0.0497,0.69
9205,replay,4000,0.1351,1.000,0.0497,0.69
9206,replay,4000,0.1014,1.000,0.0497,0.69
9207,replay,4000,0.1151,1.000,0.0497,0.69
9208,es_step,4000,0.0822,1.000,0.0497,1.32
9209,es_step,4000,0.0759,1.000,0.0497,1.32
9210,replay,4000,0.1256,1.000,0.0498,0.68
9211,replay,4000,0.0908,1.000,0.0499,0.69
9212,replay,4000,0.0899,1.000,0.0499,0.69
9213,replay,4000,0.0955,1.000,0.0500,0.69
9214,replay,4000,-0.0042,1.000,0.0500,0.69
9215,replay,4000,0.1335,1.000,0.0500,0.69
9216,replay,4000,0.1389,1.000,0.0501,0.69
9217,es_step,4000,0.1408,1.000,0.0509,1.34
9218,replay,4000,0.1755,1.000,0.0512,0.69
9219,replay,4000,0.2023,1.000,0.0514,0.69
9220,replay,4000,0.1680,1.000,0.0517,0.70
9221,es_step,4000,0.1397,1.000,0.0518,1.33
9222,replay,4000,0.1710,1.000,0.0522,0.69
9223,replay,4000,0.1370,1.000,0.0522,0.69
9224,replay,4000,0.1525,1.000,0.0523,0.69
9225,es_step,4000,0.0901,1.000,0.0523,1.33
9226,replay,4000,0.1409,1.000,0.0524,0.69
9227,replay,4000,0.0816,1.000,0.0524,0.69
9228,replay,4000,0.0731,1.000,0.0523,0.70
9229,es_step,4000,0.0712,1.000,0.0523,1.34
9230,replay,4000,0.0666,1.000,0.0522,0.69
9231,es_step,4000,0.0644,1.000,0.0522,1.32
9232,replay,4000,0.0570,1.000,0.0522,0.68
9233,replay,4000,0.0657,1.000,0.0522,0.69
9234,replay,4000,0.0922,1.000,0.0523,0.69
9235,es_step,4000,0.0722,1.000,0.0523,1.32
9236,replay,4000,0.0858,1.000,0.0523,0.68
9237,replay,4000,0.0647,1.000,0.0522,0.69
9238,replay,4000,0.0411,1.000,0.0521,0.69
9239,es_step,4000,0.0593,1.000,0.0521,1.33
9240,es_step,4000,0.0627,1.000,0.0521,1.32
9241,es_step,4000,0.0569,1.000,0.0521,1.31
9242,replay,4000,0.0735,1.000,0.0521,0.70
9243,replay,4000,0.0897,1.000,0.0521,0.69
9244,replay,4000,0.0551,1.000,0.0520,0.69
9245,replay,4000,0.0775,1.000,0.0520,0.69
9246,replay,4000,-0.0035,1.000,0.0518,0.69
9247,replay,4000,0.0590,1.000,0.0518,0.69
9248,es_step,4000,0.0520,1.000,0.0518,1.33
9249,replay,4000,0.0465,1.000,0.0517,0.69
9250,replay,4000,0.0485,1.000,0.0517,0.69
9251,replay,4000,0.0563,1.000,0.0516,0.69
9252,replay,4000,0.0939,1.000,0.0515,0.69
9253,replay,4000,0.0540,1.000,0.0515,0.69
9254,replay,4000,0.0556,1.000,0.0515,0.70
9255,replay,4000,0.0556,1.000,0.0514,0.69
9256,replay,4000,0.0590,1.000,0.0514,0.69
9257,replay,4000,0.0449,1.000,0.0514,0.70
9258,replay,4000,0.0506,1.000,0.0512,0.70
9259,es_step,4000,0.0296,1.000,0.0512,1.34
9260,replay,4000,0.0358,1.000,0.0511,0.69
9261,replay,4000,0.0614,1.000,0.0510,0.70
9262,replay,4000,0.0255,1.000,0.0509,0.69
9263,replay,4000,0.0625,1.000,0.0509,0.70
9264,replay,4000,0.0741,1.000,0.0508,0.70
9265,es_step,4000,0.0517,1.000,0.0508,1.35
9266,replay,4000,0.0928,1.000,0.0508,0.69
9267,es_step,4000,0.0543,1.000,0.0508,1.32
9268,replay,4000,0.1306,1.000,0.0508,0.69
9269,replay,4000,0.1113,1.000,0.0509,0.69
9270,replay,4000,0.1367,1.000,0.0509,0.69
9271,es_step,4000,0.0739,1.000,0.0509,1.34
9272,replay,4000,0.1073,1.000,0.0509,0.70
9273,replay,4000,0.1138,1.000,0.0510,0.70
9274,replay,4000,0.1002,1.000,0.0509,0.69
9275,replay,4000,0.0800,1.000,0.0509,0.69
9276,replay,4000,0.0587,1.000,0.0509,0.70
9277,es_step,4000,0.0696,1.000,0.0509,1.35
9278,replay,4000,0.0645,1.000,0.0508,0.69
9279,replay,4000,0.0667,1.000,0.0507,0.70
9280,replay,4000,0.1029,1.000,0.0507,0.70
9281,replay,4000,0.0677,1.000,0.0508,0.70
9282,es_step,4000,0.0660,1.000,0.0508,1.34
9283,replay,4000,0.0678,1.000,0.0508,0.69
9284,replay,4000,0.0878,1.000,0.0508,0.69
9285,replay,4000,0.0675,1.000,0.0507,0.69
9286,replay,4000,0.0672,1.000,0.0508,0.69
9287,es_step,4000,0.0475,1.000,0.0508,3.56
9288,es_step,4000,0.0522,1.000,0.0508,1.32
9289,replay,4000,-0.1121,1.000,0.0507,0.68
9290,replay,4000,0.0970,1.000,0.0507,0.69
9291,replay,4000,0.1292,1.000,0.0507,0.69
9292,replay,4000,0.1011,1.000,0.0508,0.69
9293,replay,4000,0.1048,1.000,0.0509,0.69
9294,replay,4000,0.0795,1.000,0.0509,0.69
9295,replay,4000,0.0931,1.000,0.0510,0.69
9296,replay,4000,0.1072,1.000,0.0510,0.70
9297,replay,4000,0.1048,1.000,0.0510,0.70
9298,replay,4000,0.0900,1.000,0.0510,0.70
9299,es_step,4000,0.0560,1.000,0.0510,1.35
9300,replay,4000,0.0985,1.000,0.0510,0.70
9301,replay,4000,0.0621,1.000,0.0510,0.70
9302,replay,4000,0.0788,1.000,0.0510,0.69
9303,replay,4000,0.0825,1.000,0.0509,0.69
9304,replay,4000,0.0789,1.000,0.0509,0.70
9305,replay,4000,0.0890,1.000,0.0508,0.69
9306,replay,4000,0.0352,1.000,0.0507,0.69
9307,replay,4000,0.0370,1.000,0.0505,0.69
9308,replay,4000,0.0334,1.000,0.0504,0.69
9309,es_step,4000,0.0406,1.000,0.0504,1.34
9310,replay,4000,0.0627,1.000,0.0503,0.69
9311,replay,4000,0.0656,1.000,0.0502,0.70
9312,replay,4000,0.0503,1.000,0.0502,0.69
9313,replay,4000,0.0680,1.000,0.0501,0.69
9314,replay,4000,0.0967,1.000,0.0501,0.70
9315,replay,4000,0.0833,1.000,0.0501,0.70
9316,es_step,4000,0.0556,1.000,0.0501,1.35
9317,replay,4000,0.0872,1.000,0.0500,0.70
9318,replay,4000,0.1039,1.000,0.0500,0.70
9319,replay,4000,0.0801,1.000,0.0499,0.69
9320,replay,4000,0.0970,1.000,0.0499,0.69
9321,replay,4000,0.0822,1.000,0.0499,0.70
9322,replay,4000,0.0947,1.000,0.0500,0.70
9323,replay,4000,0.1407,1.000,0.0501,0.70
9324,replay,4000,0.1366,1.000,0.0502,0.69
9325,replay,4000,0.1404,1.000,0.0505,0.69
9326,es_step,4000,0.1153,1.000,0.0509,1.34
9327,replay,4000,0.1491,1.000,0.0511,0.69
9328,replay,4000,0.1238,1.000,0.0512,0.70
9329,replay,4000,0.1435,1.000,0.0513,0.69
9330,replay,4000,0.1355,1.000,0.0514,0.69
9331,replay,4000,0.1186,1.000,0.0515,0.69
9332,replay,4000,0.0915,1.000,0.0515,0.69
9333,replay,4000,0.0923,1.000,0.0515,0.69
9334,replay,4000,0.0786,1.000,0.0515,0.69
9335,replay,4000,0.0581,1.000,0.0515,0.69
9336,replay,4000,0.0471,1.000,0.0514,0.69
9337,replay,4000,0.0541,1.000,0.0513,0.69
9338,es_step,4000,0.0368,1.000,0.0513,1.34
9339,replay,4000,0.0829,1.000,0.0512,0.69
9340,replay,4000,0.0464,1.000,0.0511,0.69
9341,replay,4000,0.0518,1.000,0.0510,0.69
9342,es_step,4000,0.0518,1.000,0.0510,1.35
9343,replay,4000,0.0562,1.000,0.0510,0.69
9344,replay,4000,0.0399,1.000,0.0509,0.70
9345,es_step,4000,0.0494,1.000,0.0509,1.34
9346,es_step,4000,0.0490,1.000,0.0509,1.32
9347,es_step,4000,0.0499,1.000,0.0509,1.31
9348,replay,4000,0.0529,1.000,0.0508,0.70
9349,replay,4000,0.0455,1.000,0.0508,0.69
9350,replay,4000,0.0402,1.000,0.0507,0.69
9351,es_step,4000,0.0419,1.000,0.0507,1.32
9352,replay,4000,0.0364,1.000,0.0506,0.69
9353,replay,4000,0.0425,1.000,0.0506,0.69
9354,es_step,4000,0.0420,1.000,0.0506,1.31
9355,replay,4000,0.0544,1.000,0.0506,0.69
9356,es_step,4000,0.0469,1.000,0.0506,1.31
9357,replay,4000,0.0467,1.000,0.0505,0.69
9358,replay,4000,0.0526,1.000,0.0504,0.69
9359,es_step,4000,0.0442,1.000,0.0504,1.34
9360,replay,4000,0.0510,1.000,0.0504,0.69
9361,replay,4000,0.0508,1.000,0.0503,0.69
9362,replay,4000,0.0702,1.000,0.0503,0.69
9363,replay,4000,0.0883,1.000,0.0502,0.69
9364,es_step,4000,0.0579,1.000,0.0502,1.32
9365,replay,4000,0.0915,1.000,0.0502,0.69
9366,es_step,4000,0.0582,1.000,0.0502,1.31
9367,replay,4000,0.0653,1.000,0.0502,0.68
9368,replay,4000,0.0770,1.000,0.0502,0.69
9369,replay,4000,0.1067,1.000,0.0502,0.69
9370,replay,4000,0.1039,1.000,0.0503,0.69
9371,es_step,4000,0.0939,1.000,0.0503,1.32
9372,replay,4000,0.1134,1.000,0.0504,0.69
9373,replay,4000,0.1077,1.000,0.0505,0.69
9374,replay,4000,0.1129,1.000,0.0506,0.69
9375,replay,4000,0.1017,1.000,0.0506,0.69
9376,replay,4000,0.0625,1.000,0.0506,0.69
9377,replay,4000,0.0865,1.000,0.0506,0.69
9378,replay,4000,0.0428,1.000,0.0506,0.69
9379,replay,4000,0.0447,1.000,0.0506,0.70
9380,replay,4000,0.0737,1.000,0.0505,0.70
9381,replay,4000,0.0408,1.000,0.0504,0.70
9382,replay,4000,0.0717,1.000,0.0504,0.70
9383,replay,4000,0.0589,1.000,0.0502,0.70
9384,es_step,4000,0.0678,1.000,0.0502,1.35
9385,replay,4000,0.0834,1.000,0.0503,0.70
9386,es_step,4000,0.0664,1.000,0.0503,1.35
9387,replay,4000,0.0884,1.000,0.0503,0.70
9388,es_step,4000,0.0665,1.000,0.0503,1.34
9389,replay,4000,0.0963,1.000,0.0503,0.70
9390,replay,4000,0.0847,1.000,0.0503,0.69
9391,replay,4000,0.0725,1.000,0.0503,0.69
9392,replay,4000,0.0711,1.000,0.0503,0.69
9393,es_step,4000,0.0641,1.000,0.0503,1.32
9394,replay,4000,0.0613,1.000,0.0503,0.68
9395,es_step,4000,0.0696,1.000,0.0503,1.31
9396,replay,4000,0.0609,1.000,0.0503,0.69
9397,replay,4000,0.0689,1.000,0.0502,0.69
9398,replay,4000,0.0866,1.000,0.0503,0.69
9399,es_step,4000,0.0605,1.000,0.0503,1.33
9400,replay,4000,0.0900,1.000,0.0502,0.69
9401,es_step,4000,0.0631,1.000,0.0502,1.31
9402,replay,4000,0.0746,1.000,0.0502,0.68
9403,replay,4000,0.0575,1.000,0.0502,0.68
9404,es_step,4000,0.0393,1.000,0.0502,1.30
9405,replay,4000,0.0721,1.000,0.0501,0.68
9406,replay,4000,0.0449,1.000,0.0501,0.69
9407,replay,4000,0.0582,1.000,0.0500,0.68
9408,es_step,4000,0.0515,1.000,0.0500,1.31
9409,replay,4000,0.0823,1.000,0.0500,0.69
9410,replay,4000,0.0740,1.000,0.0500,0.69
9411,replay,4000,0.0737,1.000,0.0499,0.70
9412,replay,4000,0.0626,1.000,0.0500,0.70
9413,replay,4000,0.0957,1.000,0.0500,0.69
9414,replay,4000,0.1165,1.000,0.0500,0.69
9415,replay,4000,0.0891,1.000,0.0500,0.69
9416,replay,4000,0.0917,1.000,0.0501,0.69
9417,es_step,4000,0.0725,1.000,0.0501,1.34
9418,replay,4000,0.0833,1.000,0.0501,0.69
9419,es_step,4000,0.0663,1.000,0.0501,1.33
9420,replay,4000,0.0897,1.000,0.0501,0.69
9421,replay,4000,0.0846,1.000,0.0501,0.69
9422,replay,4000,0.0710,1.000,0.0501,0.69
9423,es_step,4000,0.0481,1.000,0.0501,1.33
9424,replay,4000,0.0508,1.000,0.0501,0.69
9425,replay,4000,0.0661,1.000,0.0502,0.69
9426,replay,4000,0.0329,1.000,0.0501,0.69
9427,replay,4000,0.0795,1.000,0.0500,0.69
9428,replay,4000,0.0690,1.000,0.0499,0.69
9429,replay,4000,0.0794,1.000,0.0499,0.69
9430,replay,4000,0.0685,1.000,0.0499,0.69
9431,es_step,4000,0.0586,1.000,0.0499,1.33
9432,es_step,4000,0.0547,1.000,0.0499,1.36
9433,es_step,4000,0.0561,1.000,0.0499,1.32
9434,replay,4000,0.0874,1.000,0.0499,0.69
9435,replay,4000,0.0800,1.000,0.0498,0.69
9436,replay,4000,0.0647,1.000,0.0498,0.69
9437,replay,4000,0.0453,1.000,0.0497,0.69
9438,replay,4000,0.0323,1.000,0.0497,0.70
9439,replay,4000,0.0489,1.000,0.0497,0.69
9440,replay,4000,0.0447,1.000,0.0496,0.70
9441,replay,4000,0.0749,1.000,0.0496,0.69
9442,replay,4000,0.0751,1.000,0.0495,0.70
9443,replay,4000,0.0327,1.000,0.0495,0.69
9444,replay,4000,0.0618,1.000,0.0495,0.69
9445,replay,4000,0.0697,1.000,0.0495,0.69
9446,replay,4000,0.0873,1.000,0.0495,0.70
9447,replay,4000,0.0896,1.000,0.0495,0.69
9448,replay,4000,0.0665,1.000,0.0495,0.70
9449,replay,4000,0.0537,1.000,0.0494,0.69
9450,replay,4000,0.0543,1.000,0.0494,0.70
9451,replay,4000,0.0601,1.000,0.0493,0.69
9452,replay,4000,0.0276,1.000,0.0493,0.69
9453,replay,4000,0.1084,1.000,0.0492,0.70
9454,replay,4000,0.1112,1.000,0.0493,0.69
9455,replay,4000,0.1136,1.000,0.0494,0.70
9456,replay,4000,0.1107,1.000,0.0494,0.69
9457,es_step,4000,0.0852,1.000,0.0494,1.35
9458,replay,4000,0.1068,1.000,0.0496,0.69
9459,replay,4000,0.1120,1.000,0.0496,0.69
9460,es_step,4000,0.0900,1.000,0.0497,1.35
9461,replay,4000,0.1066,1.000,0.0497,0.70
9462,replay,4000,0.1049,1.000,0.0498,0.69
9463,replay,4000,0.0997,1.000,0.0499,0.69
9464,replay,4000,0.1111,1.000,0.0499,0.70
9465,es_step,4000,0.0489,1.000,0.0499,1.34
9466,replay,4000,0.0918,1.000,0.0499,0.69
9467,replay,4000,0.0903,1.000,0.0499,0.69
9468,replay,4000,0.0827,1.000,0.0499,0.69
9469,replay,4000,0.0679,1.000,0.0499,0.69
9470,replay,4000,0.0901,1.000,0.0498,0.69
9471,replay,4000,0.0745,1.000,0.0497,0.69
9472,replay,4000,0.0048,1.000,0.0495,0.69
9473,replay,4000,0.0504,1.000,0.0495,0.69
9474,es_step,4000,0.0432,1.000,0.0495,1.34
9475,replay,4000,0.0587,1.000,0.0495,0.69
9476,replay,4000,0.0490,1.000,0.0495,0.69
9477,replay,4000,0.0593,1.000,0.0495,0.69
9478,replay,4000,0.0532,1.000,0.0494,0.69
9479,replay,4000,0.0416,1.000,0.0493,0.69
9480,replay,4000,0.0635,1.000,0.0492,0.70
9481,replay,4000,0.0431,1.000,0.0491,0.70
9482,replay,4000,0.0636,1.000,0.0490,0.69
9483,replay,4000,0.0474,1.000,0.0490,0.70
9484,replay,4000,0.0725,1.000,0.0488,0.69
9485,es_step,4000,0.0492,1.000,0.0488,1.34
9486,replay,4000,0.0785,1.000,0.0488,0.69
9487,replay,4000,0.0712,1.000,0.0488,0.69
9488,replay,4000,0.0512,1.000,0.0488,0.69
9489,replay,4000,0.0876,1.000,0.0488,0.70
9490,replay,4000,0.0915,1.000,0.0489,0.70
9491,es_step,4000,0.0541,1.000,0.0489,1.34
9492,replay,4000,0.0946,1.000,0.0489,0.69
9493,replay,4000,0.0690,1.000,0.0488,0.69
9494,replay,4000,0.0484,1.000,0.0487,0.69
9495,replay,4000,0.0651,1.000,0.0486,0.70
9496,replay,4000,0.0596,1.000,0.0486,0.70
9497,es_step,4000,0.0413,1.000,0.0486,1.35
9498,replay,4000,0.0493,1.000,0.0485,0.69
9499,replay,4000,0.0739,1.000,0.0485,0.69
9500,replay,4000,0.0748,1.000,0.0484,0.69
9501,es_step,4000,0.0354,1.000,0.0484,1.35
9502,replay,4000,0.0396,1.000,0.0484,0.69
9503,es_step,4000,0.0443,1.000,0.0484,1.33
9504,replay,4000,0.0564,1.000,0.0483,0.69
9505,replay,4000,0.0530,1.000,0.0483,0.69
9506,replay,4000,0.0783,1.000,0.0482,0.69
9507,replay,4000,0.0843,1.000,0.0482,0.70
9508,replay,4000,0.0731,1.000,0.0482,0.69
9509,replay,4000,0.0725,1.000,0.0481,0.69
9510,es_step,4000,0.0499,1.000,0.0481,1.33
9511,es_step,4000,0.0521,1.000,0.0481,1.32
9512,replay,4000,0.0967,1.000,0.0481,0.69
9513,replay,4000,0.0956,1.000,0.0481,0.69
9514,es_step,4000,0.0582,1.000,0.0481,1.31
9515,replay,4000,0.0843,1.000,0.0481,0.68
9516,replay,4000,0.0912,1.000,0.0482,0.68
9517,replay,4000,0.0777,1.000,0.0481,0.69
9518,es_step,4000,0.0645,1.000,0.0481,1.33
9519,es_step,4000,0.0672,1.000,0.0481,1.32
9520,es_step,4000,0.0662,1.000,0.0481,1.31
9521,replay,4000,0.0801,1.000,0.0481,0.70
9522,replay,4000,0.0829,1.000,0.0481,0.70
9523,replay,4000,0.0563,1.000,0.0481,0.70
9524,replay,4000,0.0509,1.000,0.0480,0.69
9525,replay,4000,0.0480,1.000,0.0480,0.70
9526,replay,4000,0.0731,1.000,0.0480,0.69
9527,replay,4000,0.0636,1.000,0.0479,0.69
9528,replay,4000,0.0390,1.000,0.0478,0.70
9529,replay,4000,0.0637,1.000,0.0477,0.69
9530,replay,4000,0.0637,1.000,0.0477,0.70
9531,replay,4000,0.0626,1.000,0.0477,0.69
9532,replay,4000,0.0836,1.000,0.0477,0.70
9533,replay,4000,0.0398,1.000,0.0476,0.70
9534,replay,4000,0.0562,1.000,0.0476,0.69
9535,replay,4000,0.0644,1.000,0.0476,0.69
9536,replay,4000,0.0836,1.000,0.0476,0.70
9537,replay,4000,0.0905,1.000,0.0476,0.69
9538,es_step,4000,0.0630,1.000,0.0476,1.35
9539,replay,4000,0.0791,1.000,0.0476,0.70
9540,replay,4000,0.0836,1.000,0.0476,0.70
9541,replay,4000,0.0723,1.000,0.0476,0.69
9542,es_step,4000,0.0346,1.000,0.0476,1.34
9543,es_step,4000,0.0335,1.000,0.0476,1.33
9544,replay,4000,0.0682,1.000,0.0477,0.69
9545,replay,4000,0.0495,1.000,0.0476,0.69
9546,replay,4000,0.0696,1.000,0.0476,0.69
9547,replay,4000,0.0716,1.000,0.0475,0.69
9548,replay,4000,0.0703,1.000,0.0475,0.69
9549,es_step,4000,0.0599,1.000,0.0475,1.34
9550,replay,4000,0.0835,1.000,0.0475,0.69
9551,replay,4000,0.0810,1.000,0.0476,0.69
9552,replay,4000,0.0582,1.000,0.0477,0.69
9553,es_step,4000,0.0694,1.000,0.0477,1.32
9554,replay,4000,0.0131,1.000,0.0478,0.69
9555,replay,4000,0.1042,1.000,0.0478,0.69
9556,es_step,4000,0.1068,1.000,0.0481,1.31
9557,replay,4000,0.1619,1.000,0.0482,0.68
9558,replay,4000,0.1540,1.000,0.0483,0.68
9559,replay,4000,0.1257,1.000,0.0485,0.69
9560,replay,4000,0.1566,1.000,0.0486,0.70
9561,replay,4000,0.1447,1.000,0.0488,0.69
9562,replay,4000,0.1314,1.000,0.0489,0.69
9563,replay,4000,0.1474,1.000,0.0490,0.69
9564,replay,4000,0.1172,1.000,0.0491,0.69
9565,replay,4000,0.0795,1.000,0.0491,0.69
9566,replay,4000,0.0538,1.000,0.0491,0.70
9567,replay,4000,0.0523,1.000,0.0490,0.69
9568,replay,4000,0.0427,1.000,0.0488,0.69
9569,replay,4000,0.0333,1.000,0.0487,0.69
9570,replay,4000,0.0346,1.000,0.0486,0.69
9571,replay,4000,0.0346,1.000,0.0485,0.69
9572,replay,4000,0.0403,1.000,0.0484,0.70
9573,replay,4000,0.0462,1.000,0.0483,0.70
9574,replay,4000,0.0385,1.000,0.0482,0.70
9575,replay,4000,0.0525,1.000,0.0482,0.70
9576,replay,4000,0.0552,1.000,0.0481,0.70
9577,replay,4000,0.0771,1.000,0.0481,0.70
9578,replay,4000,0.0463,1.000,0.0481,0.69
9579,replay,4000,0.0640,1.000,0.0480,0.69
9580,replay,4000,0.0572,1.000,0.0480,0.69
9581,replay,4000,0.1066,1.000,0.0480,0.69
9582,replay,4000,0.0960,1.000,0.0480,0.69
9583,replay,4000,0.0994,1.000,0.0480,0.70
9584,replay,4000,0.1007,1.000,0.0481,0.69
9585,replay,4000,0.1042,1.000,0.0481,0.70
9586,replay,4000,0.0722,1.000,0.0482,0.69
9587,replay,4000,0.0947,1.000,0.0482,0.69
9588,replay,4000,0.0877,1.000,0.0483,0.69
9589,replay,4000,0.0885,1.000,0.0482,0.70
9590,replay,4000,0.0566,1.000,0.0482,0.70
9591,replay,4000,0.0760,1.000,0.0482,0.69
9592,replay,4000,0.0609,1.000,0.0482,0.70
9593,replay,4000,0.0571,1.000,0.0482,0.70
9594,replay,4000,0.0577,1.000,0.0481,0.70
9595,es_step,4000,0.0369,1.000,0.0481,1.36
9596,es_step,4000,0.0398,1.000,0.0481,1.34
9597,replay,4000,0.0459,1.000,0.0481,0.69
9598,es_step,4000,0.0331,1.000,0.0481,1.33
9599,replay,4000,0.0553,1.000,0.0480,0.69
9600,replay,4000,0.0423,1.000,0.0480,0.69
9601,replay,4000,0.0512,1.000,0.0479,0.69
9602,replay,4000,0.0663,1.000,0.0478,0.69
9603,replay,4000,0.0690,1.000,0.0478,0.69
9604,replay,4000,0.0864,1.000,0.0477,0.69
9605,replay,4000,0.0640,1.000,0.0477,2.90
9606,replay,4000,0.0506,1.000,0.0476,0.70
9607,replay,4000,0.0528,1.000,0.0476,0.70
9608,replay,4000,0.0882,1.000,0.0476,0.69
9609,replay,4000,0.0812,1.000,0.0476,0.69
9610,replay,4000,0.0845,1.000,0.0476,0.69
9611,replay,4000,0.0701,1.000,0.0476,0.70
9612,es_step,4000,0.0260,1.000,0.0476,1.35
9613,es_step,4000,0.0295,1.000,0.0476,1.34
9614,es_step,4000,0.0295,1.000,0.0476,1.33
9615,es_step,4000,0.0322,1.000,0.0476,1.32
9616,replay,4000,0.0452,1.000,0.0475,0.69
9617,replay,4000,0.0280,1.000,0.0476,0.69
9618,replay,4000,-0.1660,1.000,0.0474,0.69
9619,replay,4000,0.0508,1.000,0.0473,0.69
9620,replay,4000,0.0902,1.000,0.0473,0.70
9621,replay,4000,0.0925,1.000,0.0474,0.70
9622,replay,4000,0.0673,1.000,0.0474,0.69
9623,replay,4000,0.0889,1.000,0.0474,0.70
9624,replay,4000,0.0866,1.000,0.0474,0.69
9625,replay,4000,0.0770,1.000,0.0475,0.70
9626,es_step,4000,0.0541,1.000,0.0475,1.34
9627,replay,4000,0.0865,1.000,0.0475,0.70
9628,es_step,4000,0.0537,1.000,0.0475,1.34
9629,replay,4000,0.0873,1.000,0.0475,0.69
9630,es_step,4000,0.0577,1.000,0.0475,1.33
9631,es_step,4000,0.0571,1.000,0.0475,1.33
9632,replay,4000,0.0750,1.000,0.0474,0.69
9633,replay,4000,0.0807,1.000,0.0474,0.69
9634,replay,4000,0.0626,1.000,0.0475,0.69
9635,replay,4000,0.0531,1.000,0.0474,0.69
9636,replay,4000,0.0603,1.000,0.0474,0.69
9637,replay,4000,0.0738,1.000,0.0474,0.69
9638,replay,4000,0.0775,1.000,0.0474,0.69
9639,replay,4000,0.0586,1.000,0.0475,0.69
9640,replay,4000,0.0722,1.000,0.0474,0.69
9641,replay,4000,0.0631,1.000,0.0473,0.69
9642,replay,4000,0.0288,1.000,0.0473,0.69
9643,es_step,4000,0.0313,1.000,0.0473,1.33
9644,replay,4000,0.0466,1.000,0.0472,0.69
9645,replay,4000,0.0344,1.000,0.0471,0.69
9646,replay,4000,0.0774,1.000,0.0471,0.69
9647,replay,4000,0.0859,1.000,0.0471,0.69
9648,replay,4000,0.0813,1.000,0.0471,0.70
9649,es_step,4000,0.0658,1.000,0.0471,1.34
9650,replay,4000,0.0988,1.000,0.0471,0.69
9651,replay,4000,0.0852,1.000,0.0471,0.69
9652,replay,4000,0.1008,1.000,0.0472,0.69
9653,replay,4000,0.0927,1.000,0.0472,0.69
9654,es_step,4000,0.0539,1.000,0.0472,1.33
9655,replay,4000,0.0818,1.000,0.0472,0.69
9656,replay,4000,0.0614,1.000,0.0472,0.69
9657,replay,4000,0.0684,1.000,0.0471,0.69
9658,replay,4000,0.0332,1.000,0.0470,0.69
9659,replay,4000,0.0622,1.000,0.0469,0.69
9660,replay,4000,0.0807,1.000,0.0469,0.69
9661,replay,4000,0.0530,1.000,0.0469,0.70
9662,replay,4000,0.0474,1.000,0.0469,0.69
9663,replay,4000,0.0578,1.000,0.0468,0.69
9664,replay,4000,0.0473,1.000,0.0468,0.70
9665,replay,4000,0.0660,1.000,0.0468,0.70
9666,replay,4000,0.0692,1.000,0.0468,0.70
9667,replay,4000,0.0829,1.000,0.0468,0.69
9668,replay,4000,0.0591,1.000,0.0467,0.70
9669,replay,4000,0.0347,1.000,0.0466,0.69
9670,es_step,4000,0.0050,1.000,0.0466,1.35
9671,es_step,4000,0.0101,1.000,0.0466,1.34
9672,es_step,4000,0.0109,1.000,0.0466,1.33
9673,replay,4000,0.0151,1.000,0.0464,0.69
9674,replay,4000,0.0470,1.000,0.0462,0.69
9675,replay,4000,0.0449,1.000,0.0461,0.69
9676,es_step,4000,0.0222,1.000,0.0461,1.32
9677,replay,4000,0.0528,1.000,0.0460,0.68
9678,replay,4000,-0.0878,1.000,0.0459,0.69
9679,replay,4000,0.0797,1.000,0.0459,0.69
9680,replay,4000,0.1114,1.000,0.0461,0.69
9681,replay,4000,0.1758,1.000,0.0462,0.70
9682,replay,4000,0.1294,1.000,0.0463,0.70
9683,replay,4000,0.1270,1.000,0.0465,0.69
9684,es_step,4000,0.1047,1.000,0.0468,1.34
9685,es_step,4000,0.1076,1.000,0.0469,1.34
9686,replay,4000,0.1235,1.000,0.0471,0.69
9687,replay,4000,0.1112,1.000,0.0472,0.69
9688,replay,4000,0.0973,1.000,0.0473,0.70
9689,replay,4000,0.0742,1.000,0.0473,0.69
9690,replay,4000,0.0688,1.000,0.0473,0.69
9691,es_step,4000,0.0519,1.000,0.0473,1.33
9692,replay,4000,0.0560,1.000,0.0471,0.69
9693,es_step,4000,0.0423,1.000,0.0472,1.33
9694,replay,4000,0.0468,1.000,0.0471,0.69
9695,replay,4000,0.0564,1.000,0.0470,0.69
9696,replay,4000,0.0570,1.000,0.0469,0.69
9697,replay,4000,0.0324,1.000,0.0469,0.69
9698,replay,4000,0.0385,1.000,0.0469,0.69
9699,es_step,4000,0.0304,1.000,0.0469,1.34
9700,replay,4000,0.0442,1.000,0.0468,0.69
9701,replay,4000,0.0401,1.000,0.0467,0.70
9702,replay,4000,0.0363,1.000,0.0466,0.69
9703,replay,4000,0.0641,1.000,0.0465,0.70
9704,replay,4000,0.0498,1.000,0.0466,0.70
9705,replay,4000,0.0514,1.000,0.0466,0.71
9706,es_step,4000,0.0531,1.000,0.0466,1.36
9707,es_step,4000,0.0499,1.000,0.0466,1.35
9708,es_step,4000,0.0551,1.000,0.0466,1.33
9709,replay,4000,0.0800,1.000,0.0465,0.69
9710,es_step,4000,0.0520,1.000,0.0465,1.33
9711,replay,4000,0.0629,1.000,0.0465,0.69
9712,replay,4000,0.0695,1.000,0.0465,0.69
9713,es_step,4000,0.0547,1.000,0.0465,1.31
9714,replay,4000,0.0578,1.000,0.0464,0.69
9715,es_step,4000,0.0482,1.000,0.0465,1.33
9716,replay,4000,0.0937,1.000,0.0464,0.69
9717,replay,4000,0.0563,1.000,0.0464,0.69
9718,replay,4000,0.0661,1.000,0.0463,0.69
9719,replay,4000,0.1356,1.000,0.0464,0.69
9720,replay,4000,0.1364,1.000,0.0464,0.69
9721,es_step,4000,0.0862,1.000,0.0465,1.32
9722,es_step,4000,0.0851,1.000,0.0466,1.32
9723,replay,4000,0.1120,1.000,0.0466,0.69
9724,replay,4000,0.1054,1.000,0.0467,0.69
9725,replay,4000,0.0767,1.000,0.0467,0.69
9726,replay,4000,0.0501,1.000,0.0468,0.69
9727,replay,4000,0.0389,1.000,0.0468,0.69
9728,es_step,4000,0.0253,1.000,0.0468,1.33
9729,replay,4000,0.0584,1.000,0.0467,0.69
9730,replay,4000,0.0195,1.000,0.0466,0.69
9731,replay,4000,0.0443,1.000,0.0465,0.69
9732,es_step,4000,0.0246,1.000,0.0465,1.32
9733,replay,4000,0.0265,1.000,0.0464,0.69
9734,replay,4000,0.0421,1.000,0.0463,0.69
9735,es_step,4000,0.0285,1.000,0.0463,1.31
9736,replay,4000,0.0269,1.000,0.0462,0.69
9737,replay,4000,0.0511,1.000,0.0462,0.69
9738,es_step,4000,0.0453,1.000,0.0462,1.31
9739,replay,4000,0.0494,1.000,0.0461,0.68
9740,es_step,4000,0.0518,1.000,0.0461,1.33
9741,es_step,4000,0.0450,1.000,0.0461,1.31
9742,replay,4000,0.0581,1.000,0.0461,0.69
9743,replay,4000,0.0681,1.000,0.0461,0.69
9744,replay,4000,-0.0091,1.000,0.0460,0.69
9745,replay,4000,0.0760,1.000,0.0461,0.69
9746,replay,4000,0.0792,1.000,0.0461,0.69
9747,replay,4000,0.1009,1.000,0.0463,0.69
9748,replay,4000,0.0859,1.000,0.0463,0.70
9749,replay,4000,0.0773,1.000,0.0462,0.69
9750,replay,4000,0.0835,1.000,0.0463,0.70
9751,replay,4000,0.0752,1.000,0.0463,0.69
9752,replay,4000,0.0750,1.000,0.0462,0.70
9753,replay,4000,0.0658,1.000,0.0462,0.69
9754,es_step,4000,0.0291,1.000,0.0462,1.34
9755,es_step,4000,0.0251,1.000,0.0462,1.33
9756,es_step,4000,0.0262,1.000,0.0462,1.31
9757,replay,4000,0.0784,1.000,0.0461,0.69
9758,replay,4000,0.0557,1.000,0.0460,0.69
9759,replay,4000,0.0545,1.000,0.0458,0.69
9760,replay,4000,0.0774,1.000,0.0458,0.69
9761,replay,4000,0.0424,1.000,0.0457,0.69
9762,replay,4000,0.0302,1.000,0.0456,0.69
9763,es_step,4000,0.0248,1.000,0.0456,1.34
9764,es_step,4000,0.0251,1.000,0.0456,1.32
9765,replay,4000,0.0336,1.000,0.0456,0.69
9766,replay,4000,0.1020,1.000,0.0455,0.69
9767,es_step,4000,0.0394,1.000,0.0455,1.33
9768,replay,4000,0.0749,1.000,0.0454,0.69
9769,es_step,4000,0.0476,1.000,0.0454,1.31
9770,replay,4000,0.0752,1.000,0.0455,0.68
9771,es_step,4000,0.0615,1.000,0.0455,1.31
9772,replay,4000,0.0740,1.000,0.0455,0.68
9773,replay,4000,0.0926,1.000,0.0455,0.69
9774,replay,4000,0.0957,1.000,0.0455,0.69
9775,replay,4000,0.0637,1.000,0.0455,0.70
9776,replay,4000,0.0599,1.000,0.0456,0.69
9777,replay,4000,0.0895,1.000,0.0456,0.70
9778,replay,4000,0.0835,1.000,0.0456,0.71
9779,replay,4000,0.0929,1.000,0.0457,0.69
9780,replay,4000,0.1090,1.000,0.0457,0.69
9781,replay,4000,0.1000,1.000,0.0457,0.70
9782,replay,4000,0.0854,1.000,0.0457,0.69
9783,replay,4000,0.1014,1.000,0.0457,0.70
9784,replay,4000,0.0701,1.000,0.0457,0.69
9785,es_step,4000,0.0549,1.000,0.0457,1.35
9786,es_step,4000,0.0474,1.000,0.0457,1.33
9787,replay,4000,0.0934,1.000,0.0458,0.69
9788,replay,4000,0.0778,1.000,0.0457,0.69
9789,es_step,4000,0.0557,1.000,0.0457,1.33
9790,es_step,4000,0.0536,1.000,0.0457,1.32
9791,replay,4000,0.0922,1.000,0.0458,0.68
9792,replay,4000,0.0800,1.000,0.0458,0.69
9793,replay,4000,0.0935,1.000,0.0458,0.69
9794,replay,4000,0.0619,1.000,0.0458,0.69
9795,replay,4000,0.0678,1.000,0.0458,0.69
9796,replay,4000,0.0648,1.000,0.0457,0.69
9797,replay,4000,0.0546,1.000,0.0457,0.69
9798,replay,4000,0.0510,1.000,0.0456,0.69
9799,es_step,4000,0.0120,1.000,0.0456,1.35
9800,replay,4000,0.0481,1.000,0.0455,0.69
9801,replay,4000,0.0416,1.000,0.0454,0.69
9802,replay,4000,0.0490,1.000,0.0454,0.70
9803,replay,4000,0.0732,1.000,0.0453,0.69
9804,replay,4000,0.0591,1.000,0.0453,0.69
9805,es_step,4000,0.0498,1.000,0.0453,1.34
9806,es_step,4000,0.0523,1.000,0.0453,1.32
9807,replay,4000,0.0677,1.000,0.0454,0.69
9808,replay,4000,0.1050,1.000,0.0453,0.69
9809,es_step,4000,0.0837,1.000,0.0457,1.31
9810,replay,4000,0.1385,1.000,0.0457,0.69
9811,es_step,4000,0.0944,1.000,0.0459,1.31
9812,replay,4000,0.1134,1.000,0.0460,0.69
9813,es_step,4000,0.0984,1.000,0.0462,1.30
9814,replay,4000,0.1112,1.000,0.0463,0.68
9815,replay,4000,0.1164,1.000,0.0464,0.69
9816,replay,4000,0.0970,1.000,0.0465,0.69
9817,replay,4000,0.0777,1.000,0.0465,0.68
9818,replay,4000,0.0843,1.000,0.0465,0.68
9819,es_step,4000,0.0596,1.000,0.0465,1.33
9820,replay,4000,0.0747,1.000,0.0466,0.69
9821,es_step,4000,0.0546,1.000,0.0466,1.32
9822,es_step,4000,0.0503,1.000,0.0466,1.31
9823,replay,4000,0.0744,1.000,0.0466,0.68
9824,replay,4000,0.0657,1.000,0.0465,0.69
9825,replay,4000,0.0519,1.000,0.0464,0.68
9826,es_step,4000,0.0364,1.000,0.0464,1.32
9827,replay,4000,0.0434,1.000,0.0464,0.68
9828,replay,4000,0.0226,1.000,0.0463,0.68
9829,es_step,4000,0.0242,1.000,0.0463,1.31
9830,replay,4000,0.0438,1.000,0.0463,0.68
9831,replay,4000,0.0355,1.000,0.0462,0.69
9832,replay,4000,0.0385,1.000,0.0461,0.69
9833,replay,4000,0.0403,1.000,0.0460,0.69
9834,replay,4000,0.0486,1.000,0.0459,0.69
9835,es_step,4000,0.0251,1.000,0.0459,1.32
9836,replay,4000,0.0554,1.000,0.0458,0.69
9837,es_step,4000,0.0241,1.000,0.0458,1.31
9838,replay,4000,0.0350,1.000,0.0457,0.68
9839,replay,4000,0.0362,1.000,0.0456,0.68
9840,replay,4000,0.0743,1.000,0.0457,0.68
9841,replay,4000,0.0766,1.000,0.0456,0.68
9842,replay,4000,0.0397,1.000,0.0455,0.68
9843,replay,4000,0.0373,1.000,0.0455,0.69
9844,replay,4000,0.0387,1.000,0.0454,0.68
9845,replay,4000,0.0379,1.000,0.0453,0.68
9846,replay,4000,0.0765,1.000,0.0453,0.69
9847,es_step,4000,0.0369,1.000,0.0453,1.33
9848,replay,4000,0.0449,1.000,0.0453,0.69
9849,replay,4000,0.0498,1.000,0.0453,0.69
9850,es_step,4000,0.0451,1.000,0.0453,1.33
9851,es_step,4000,0.0445,1.000,0.0453,1.32
9852,replay,4000,0.0345,1.000,0.0452,0.68
9853,replay,4000,0.0655,1.000,0.0452,0.68
9854,replay,4000,0.0707,1.000,0.0452,0.69
9855,replay,4000,0.0721,1.000,0.0452,0.69
9856,replay,4000,0.0724,1.000,0.0452,0.69
9857,replay,4000,0.1108,1.000,0.0452,0.69
9858,es_step,4000,0.0789,1.000,0.0452,1.32
9859,replay,4000,0.1097,1.000,0.0452,0.68
9860,replay,4000,0.0887,1.000,0.0453,0.68
9861,replay,4000,0.0738,1.000,0.0453,0.68
9862,replay,4000,0.0742,1.000,0.0452,0.69
9863,replay,4000,0.0604,1.000,0.0452,0.69
9864,replay,4000,0.0677,1.000,0.0452,0.69
9865,replay,4000,0.0616,1.000,0.0452,0.69
9866,replay,4000,0.0502,1.000,0.0451,0.69
9867,replay,4000,0.0317,1.000,0.0450,0.69
9868,replay,4000,0.0505,1.000,0.0450,0.69
9869,replay,4000,0.0540,1.000,0.0449,0.69
9870,es_step,4000,0.0331,1.000,0.0449,1.34
9871,replay,4000,0.0499,1.000,0.0449,0.69
9872,replay,4000,0.0585,1.000,0.0448,0.69
9873,replay,4000,0.0646,1.000,0.0447,0.69
9874,replay,4000,0.0535,1.000,0.0446,0.69
9875,replay,4000,0.0555,1.000,0.0446,0.69
9876,replay,4000,0.0711,1.000,0.0446,0.69
9877,replay,4000,0.0683,1.000,0.0445,0.69
9878,replay,4000,0.0502,1.000,0.0445,0.69
9879,replay,4000,0.0553,1.000,0.0444,0.69
9880,es_step,4000,0.0397,1.000,0.0444,1.34
9881,es_step,4000,0.0429,1.000,0.0444,1.33
9882,es_step,4000,0.0381,1.000,0.0444,1.31
9883,replay,4000,0.0670,1.000,0.0444,0.69
9884,replay,4000,0.0684,1.000,0.0444,0.68
9885,replay,4000,0.0427,1.000,0.0443,0.68
9886,replay,4000,0.0658,1.000,0.0444,0.69
9887,replay,4000,0.0733,1.000,0.0444,0.69
9888,replay,4000,0.0680,1.000,0.0444,0.69
9889,replay,4000,0.0881,1.000,0.0444,0.69
9890,replay,4000,0.0561,1.000,0.0443,0.69
9891,replay,4000,0.0626,1.000,0.0443,0.69
9892,replay,4000,0.0891,1.000,0.0444,0.69
9893,es_step,4000,0.0759,1.000,0.0444,1.34
9894,replay,4000,0.0728,1.000,0.0444,0.69
9895,replay,4000,0.1016,1.000,0.0445,0.69
9896,es_step,4000,0.0644,1.000,0.0445,1.33
9897,replay,4000,0.0780,1.000,0.0446,0.69
9898,es_step,4000,0.0583,1.000,0.0446,1.33
9899,replay,4000,0.0760,1.000,0.0445,0.68
9900,replay,4000,0.0575,1.000,0.0446,0.68
9901,es_step,4000,0.0386,1.000,0.0446,1.32
9902,replay,4000,0.0578,1.000,0.0445,0.68
9903,replay,4000,0.0397,1.000,0.0445,0.68
9904,replay,4000,0.0790,1.000,0.0445,0.68
9905,replay,4000,0.0747,1.000,0.0445,0.68
9906,replay,4000,0.0678,1.000,0.0444,2.91
9907,es_step,4000,0.0553,1.000,0.0444,1.33
9908,replay,4000,0.0864,1.000,0.0445,0.68
9909,replay,4000,0.0836,1.000,0.0445,0.68
9910,replay,4000,0.0820,1.000,0.0445,0.68
9911,replay,4000,0.0693,1.000,0.0445,0.69
9912,es_step,4000,0.0469,1.000,0.0445,1.33
9913,replay,4000,0.0706,1.000,0.0445,0.69
9914,es_step,4000,0.0415,1.000,0.0445,1.32
9915,es_step,4000,0.0428,1.000,0.0445,1.32
9916,replay,4000,0.0772,1.000,0.0445,0.69
9917,es_step,4000,0.0376,1.000,0.0445,1.32
9918,replay,4000,0.0659,1.000,0.0445,0.69
9919,replay,4000,0.0535,1.000,0.0444,0.68
9920,replay,4000,0.0739,1.000,0.0444,0.69
9921,replay,4000,0.0458,1.000,0.0441,0.69
9922,replay,4000,0.0789,1.000,0.0442,0.69
9923,replay,4000,0.1166,1.000,0.0442,0.69
9924,replay,4000,0.1008,1.000,0.0443,0.69
9925,replay,4000,0.0939,1.000,0.0443,0.69
9926,replay,4000,0.0942,1.000,0.0443,0.69
9927,replay,4000,0.0688,1.000,0.0443,0.68
9928,replay,4000,0.0787,1.000,0.0444,0.69
9929,es_step,4000,0.0376,1.000,0.0444,1.32
9930,replay,4000,0.0650,1.000,0.0444,0.68
9931,replay,4000,0.0445,1.000,0.0443,0.68
9932,replay,4000,0.0501,1.000,0.0443,0.69
9933,es_step,4000,0.0323,1.000,0.0443,1.31
9934,replay,4000,0.0652,1.000,0.0442,0.69
9935,replay,4000,0.0763,1.000,0.0442,0.68
9936,replay,4000,0.0784,1.000,0.0442,0.68
9937,replay,4000,0.0625,1.000,0.0441,0.69
9938,replay,4000,0.0715,1.000,0.0441,0.69
9939,es_step,4000,0.0571,1.000,0.0441,1.32
9940,replay,4000,0.0821,1.000,0.0442,0.69
9941,replay,4000,0.0847,1.000,0.0443,0.69
9942,replay,4000,0.0747,1.000,0.0443,0.69
9943,replay,4000,0.0759,1.000,0.0443,0.69
9944,es_step,4000,0.0631,1.000,0.0443,1.32
9945,replay,4000,0.0875,1.000,0.0444,0.68
9946,replay,4000,0.0768,1.000,0.0444,0.69
9947,replay,4000,0.1215,1.000,0.0445,0.69
9948,replay,4000,0.1126,1.000,0.0446,0.69
9949,replay,4000,0.1189,1.000,0.0447,0.69
9950,replay,4000,0.1328,1.000,0.0449,0.69
9951,replay,4000,0.1319,1.000,0.0450,0.69
9952,replay,4000,0.1199,1.000,0.0451,0.69
9953,replay,4000,0.1139,1.000,0.0452,0.69
9954,replay,4000,0.1239,1.000,0.0453,0.69
9955,replay,4000,0.1207,1.000,0.0455,0.69
9956,es_step,4000,0.0999,1.000,0.0456,1.32
9957,replay,4000,0.1044,1.000,0.0457,0.68
9958,es_step,4000,0.0914,1.000,0.0457,1.33
9959,replay,4000,0.1098,1.000,0.0458,0.69
9960,replay,4000,0.1087,1.000,0.0459,0.69
9961,replay,4000,0.0901,1.000,0.0459,0.69
9962,replay,4000,0.0757,1.000,0.0459,0.68
9963,replay,4000,0.0709,1.000,0.0459,0.69
9964,es_step,4000,0.0461,1.000,0.0459,1.34
9965,es_step,4000,0.0531,1.000,0.0459,1.31
9966,replay,4000,0.0671,1.000,0.0459,0.69
9967,replay,4000,0.0606,1.000,0.0458,0.69
9968,es_step,4000,0.0420,1.000,0.0458,1.32
9969,replay,4000,0.0727,1.000,0.0457,0.69
9970,es_step,4000,0.0440,1.000,0.0457,1.30
9971,replay,4000,0.0598,1.000,0.0457,0.69
9972,replay,4000,0.0551,1.000,0.0456,0.68
9973,replay,4000,0.0576,1.000,0.0456,0.68
9974,replay,4000,0.0611,1.000,0.0455,0.68
9975,replay,4000,0.0562,1.000,0.0455,0.69
9976,replay,4000,0.0726,1.000,0.0454,0.69
9977,replay,4000,0.0884,1.000,0.0454,0.70
9978,replay,4000,0.1137,1.000,0.0454,0.69
9979,es_step,4000,0.0723,1.000,0.0454,1.34
9980,replay,4000,0.0799,1.000,0.0455,0.69
9981,es_step,4000,0.0768,1.000,0.0455,1.32
9982,replay,4000,0.0743,1.000,0.0456,0.69
9983,es_step,4000,0.0706,1.000,0.0456,1.33
9984,replay,4000,0.1076,1.000,0.0456,0.69
9985,replay,4000,0.0983,1.000,0.0456,0.69
9986,replay,4000,0.0827,1.000,0.0456,0.69
9987,replay,4000,0.0477,1.000,0.0456,0.69
9988,replay,4000,0.0620,1.000,0.0455,0.69
9989,replay,4000,0.0205,1.000,0.0454,0.69
9990,replay,4000,0.0454,1.000,0.0453,0.69
9991,replay,4000,0.0656,1.000,0.0452,0.69
9992,replay,4000,0.0626,1.000,0.0452,0.70
9993,replay,4000,0.0688,1.000,0.0452,0.69
9994,es_step,4000,0.0447,1.000,0.0452,1.33
9995,replay,4000,0.0435,1.000,0.0451,0.69
9996,replay,4000,0.0514,1.000,0.0451,0.69
9997,replay,4000,0.0499,1.000,0.0451,0.69
9998,replay,4000,0.0662,1.000,0.0451,0.69
9999,replay,4000,0.0408,1.000,0.0451,0.69
10000,replay,4000,0.0752,1.000,0.0451,0.69
10001,replay,4000,0.0776,1.000,0.0450,0.69
10002,replay,4000,0.0688,1.000,0.0450,0.69
10003,replay,4000,0.0901,1.000,0.0451,0.69
10004,replay,4000,0.0917,1.000,0.0450,0.70
10005,replay,4000,0.0920,1.000,0.0450,0.69
10006,replay,4000,0.0780,1.000,0.0450,0.69
10007,replay,4000,0.0725,1.000,0.0450,0.69
10008,replay,4000,0.0633,1.000,0.0449,0.70
10009,replay,4000,0.0386,1.000,0.0449,0.69
10010,replay,4000,0.0170,1.000,0.0448,0.69
10011,replay,4000,0.0612,1.000,0.0448,0.69
10012,replay,4000,0.0677,1.000,0.0448,0.69
10013,es_step,4000,0.0441,1.000,0.0448,1.36
10014,replay,4000,0.0217,1.000,0.0446,0.70
10015,replay,4000,0.0751,1.000,0.0446,0.70
10016,es_step,4000,0.0613,1.000,0.0446,1.35
10017,replay,4000,0.0882,1.000,0.0446,0.70
10018,es_step,4000,0.0646,1.000,0.0446,1.34
10019,replay,4000,0.1042,1.000,0.0447,0.69
10020,replay,4000,0.0960,1.000,0.0447,0.69
10021,replay,4000,0.0949,1.000,0.0448,0.69
10022,replay,4000,0.0868,1.000,0.0448,0.70
10023,es_step,4000,0.0444,1.000,0.0448,1.35
10024,replay,4000,0.0713,1.000,0.0448,0.70
10025,replay,4000,0.0517,1.000,0.0447,0.69
10026,es_step,4000,0.0384,1.000,0.0447,1.35
10027,es_step,4000,0.0430,1.000,0.0447,1.33
10028,replay,4000,0.0640,1.000,0.0446,0.69
10029,replay,4000,0.0637,1.000,0.0446,0.69
10030,replay,4000,0.0568,1.000,0.0446,0.69
10031,replay,4000,0.0570,1.000,0.0446,0.70
10032,replay,4000,0.0382,1.000,0.0446,0.69
10033,es_step,4000,0.0524,1.000,0.0446,1.33
10034,es_step,4000,0.0501,1.000,0.0446,1.32
10035,es_step,4000,0.0504,1.000,0.0446,1.31
10036,es_step,4000,0.0497,1.000,0.0446,1.31
10037,replay,4000,0.0558,1.000,0.0446,0.69
10038,replay,4000,0.0730,1.000,0.0445,0.68
10039,replay,4000,0.0830,1.000,0.0446,0.69
10040,replay,4000,0.0760,1.000,0.0446,0.69
10041,replay,4000,0.0959,1.000,0.0446,0.69
10042,replay,4000,0.0850,1.000,0.0446,0.69
10043,replay,4000,0.0722,1.000,0.0448,0.69
10044,replay,4000,0.0563,1.000,0.0449,0.69
10045,replay,4000,0.0981,1.000,0.0449,0.69
10046,replay,4000,0.0853,1.000,0.0448,0.69
10047,replay,4000,0.1109,1.000,0.0449,0.69
10048,replay,4000,0.1030,1.000,0.0448,0.69
10049,replay,4000,0.0836,1.000,0.0449,0.70
10050,replay,4000,0.1172,1.000,0.0450,0.69
10051,replay,4000,0.1270,1.000,0.0452,0.70
10052,es_step,4000,0.1071,1.000,0.0455,1.34
10053,replay,4000,0.1281,1.000,0.0457,0.69
10054,replay,4000,0.1207,1.000,0.0458,0.69
10055,es_step,4000,0.0891,1.000,0.0458,1.32
10056,replay,4000,0.1172,1.000,0.0459,0.69
10057,replay,4000,0.0782,1.000,0.0459,0.69
10058,replay,4000,0.0810,1.000,0.0459,0.69
10059,replay,4000,0.0698,1.000,0.0458,0.69
10060,replay,4000,0.0395,1.000,0.0457,0.69
10061,replay,4000,0.0433,1.000,0.0456,0.69
10062,es_step,4000,0.0356,1.000,0.0456,1.33
10063,replay,4000,0.0615,1.000,0.0456,0.69
10064,replay,4000,0.0483,1.000,0.0455,0.69
10065,replay,4000,0.0621,1.000,0.0455,0.69
10066,es_step,4000,0.0602,1.000,0.0455,1.32
10067,es_step,4000,0.0574,1.000,0.0455,1.31
10068,replay,4000,0.0659,1.000,0.0455,0.69
10069,replay,4000,0.0622,1.000,0.0455,0.69
10070,replay,4000,0.0479,1.000,0.0454,0.69
10071,replay,4000,0.0393,1.000,0.0454,0.70
10072,es_step,4000,0.0382,1.000,0.0454,1.33
10073,replay,4000,0.0636,1.000,0.0453,0.69
10074,replay,4000,0.0673,1.000,0.0452,0.69
10075,replay,4000,0.0946,1.000,0.0452,0.70
10076,replay,4000,0.1135,1.000,0.0453,0.70
10077,es_step,4000,0.0936,1.000,0.0455,1.35
10078,replay,4000,0.0995,1.000,0.0457,0.70
10079,es_step,4000,0.0934,1.000,0.0458,1.35
10080,replay,4000,0.1238,1.000,0.0459,0.69
10081,replay,4000,0.1210,1.000,0.0460,0.70
10082,replay,4000,0.1060,1.000,0.0460,0.70
10083,es_step,4000,0.0876,1.000,0.0460,1.33
10084,replay,4000,0.1120,1.000,0.0462,0.69
10085,replay,4000,0.1021,1.000,0.0462,0.69
10086,es_step,4000,0.0778,1.000,0.0462,1.33
10087,replay,4000,0.0994,1.000,0.0463,0.70
10088,replay,4000,0.1081,1.000,0.0463,0.69
10089,replay,4000,0.1014,1.000,0.0464,0.70
10090,replay,4000,0.0810,1.000,0.0464,0.70
10091,replay,4000,0.0909,1.000,0.0464,0.70
10092,es_step,4000,0.0678,1.000,0.0464,1.34
10093,replay,4000,0.0758,1.000,0.0465,0.69
10094,es_step,4000,0.0636,1.000,0.0465,1.33
10095,replay,4000,0.0902,1.000,0.0465,0.69
10096,replay,4000,0.0904,1.000,0.0465,0.69
10097,es_step,4000,0.0456,1.000,0.0465,1.32
10098,replay,4000,0.0815,1.000,0.0464,0.68
10099,replay,4000,0.0317,1.000,0.0464,0.69
10100,replay,4000,0.0539,1.000,0.0464,0.69
10101,replay,4000,0.0488,1.000,0.0464,0.70
10102,es_step,4000,0.0466,1.000,0.0464,1.32
10103,replay,4000,0.0445,1.000,0.0463,0.69
10104,replay,4000,0.0480,1.000,0.0463,0.70
10105,replay,4000,0.0596,1.000,0.0463,0.70
10106,replay,4000,0.0493,1.000,0.0462,0.70
10107,replay,4000,0.0644,1.000,0.0462,0.70
10108,es_step,4000,0.0362,1.000,0.0462,1.35
10109,es_step,4000,0.0356,1.000,0.0462,1.33
10110,replay,4000,0.0743,1.000,0.0461,0.69
10111,replay,4000,0.0679,1.000,0.0461,0.70
10112,replay,4000,0.0862,1.000,0.0461,0.70
10113,replay,4000,0.0548,1.000,0.0461,0.70
10114,replay,4000,0.0579,1.000,0.0461,0.70
10115,replay,4000,0.0678,1.000,0.0461,0.70
10116,es_step,4000,0.0391,1.000,0.0461,1.37
10117,replay,4000,0.0599,1.000,0.0460,0.70
10118,replay,4000,0.0472,1.000,0.0460,0.70
10119,es_step,4000,0.0327,1.000,0.0460,1.35
10120,es_step,4000,0.0354,1.000,0.0460,1.35
10121,replay,4000,0.0500,1.000,0.0460,0.70
10122,es_step,4000,0.0438,1.000,0.0460,1.33
10123,es_step,4000,0.0460,1.000,0.0460,1.32
10124,replay,4000,0.0560,1.000,0.0460,0.69
10125,es_step,4000,0.0511,1.000,0.0460,1.33
10126,replay,4000,0.0564,1.000,0.0460,0.70
10127,replay,4000,0.0615,1.000,0.0460,0.70
10128,replay,4000,0.0521,1.000,0.0459,0.70
10129,es_step,4000,0.0489,1.000,0.0459,1.34
10130,replay,4000,0.0569,1.000,0.0459,0.69
10131,replay,4000,0.0444,1.000,0.0459,0.70
10132,replay,4000,0.0357,1.000,0.0458,0.70
10133,replay,4000,0.0372,1.000,0.0457,0.70
10134,es_step,4000,0.0256,1.000,0.0457,1.35
10135,replay,4000,0.0505,1.000,0.0456,0.69
10136,replay,4000,0.0331,1.000,0.0455,0.69
10137,es_step,4000,0.0247,1.000,0.0455,1.33
10138,replay,4000,0.0278,1.000,0.0454,0.69
10139,replay,4000,0.0383,1.000,0.0453,0.69
10140,replay,4000,0.0734,1.000,0.0453,0.69
10141,replay,4000,0.0682,1.000,0.0453,0.69
10142,replay,4000,0.0672,1.000,0.0452,0.69
10143,replay,4000,0.0761,1.000,0.0452,0.69
10144,replay,4000,0.0552,1.000,0.0453,0.69
10145,replay,4000,0.0471,1.000,0.0452,0.69
10146,replay,4000,0.0546,1.000,0.0452,0.69
10147,es_step,4000,0.0468,1.000,0.0452,1.32
10148,replay,4000,0.0462,1.000,0.0452,0.69
10149,replay,4000,0.0683,1.000,0.0451,0.69
10150,replay,4000,0.0664,1.000,0.0450,0.69
10151,replay,4000,0.0373,1.000,0.0450,0.69
10152,replay,4000,0.0507,1.000,0.0450,0.71
10153,replay,4000,0.0766,1.000,0.0449,0.69
10154,replay,4000,0.0121,1.000,0.0451,0.69
10155,replay,4000,0.0878,1.000,0.0451,0.70
10156,replay,4000,0.1064,1.000,0.0451,0.70
10157,es_step,4000,0.0791,1.000,0.0451,1.34
10158,replay,4000,0.1078,1.000,0.0452,0.69
10159,replay,4000,0.1124,1.000,0.0453,0.69
10160,replay,4000,0.1017,1.000,0.0453,0.69
10161,replay,4000,0.0879,1.000,0.0453,0.69
10162,replay,4000,0.0530,1.000,0.0454,0.69
10163,replay,4000,0.0465,1.000,0.0454,0.69
10164,replay,4000,0.0631,1.000,0.0453,0.69
10165,replay,4000,0.0715,1.000,0.0453,0.69
10166,es_step,4000,0.0765,1.000,0.0453,1.35
10167,replay,4000,0.0955,1.000,0.0455,0.69
10168,replay,4000,0.0687,1.000,0.0454,0.69
10169,replay,4000,0.1376,1.000,0.0455,0.69
10170,replay,4000,0.1476,1.000,0.0457,0.69
10171,es_step,4000,0.1013,1.000,0.0461,1.34
10172,replay,4000,0.1416,1.000,0.0462,0.69
10173,replay,4000,0.1251,1.000,0.0464,0.69
10174,replay,4000,0.1336,1.000,0.0465,0.69
10175,replay,4000,0.1166,1.000,0.0466,0.70
10176,replay,4000,0.1319,1.000,0.0466,0.69
10177,replay,4000,0.0896,1.000,0.0466,0.70
10178,es_step,4000,0.0738,1.000,0.0467,1.33
10179,es_step,4000,0.0748,1.000,0.0467,1.31
10180,replay,4000,0.1111,1.000,0.0467,0.69
10181,replay,4000,0.0935,1.000,0.0467,0.69
10182,replay,4000,0.0896,1.000,0.0467,0.70
10183,replay,4000,0.0888,1.000,0.0468,0.70
10184,replay,4000,0.0676,1.000,0.0468,0.70
10185,replay,4000,0.0949,1.000,0.0468,0.70
10186,replay,4000,0.0878,1.000,0.0468,0.70
10187,replay,4000,0.0625,1.000,0.0468,0.69
10188,replay,4000,0.0828,1.000,0.0468,0.70
10189,replay,4000,0.0529,1.000,0.0468,0.70
10190,replay,4000,0.0683,1.000,0.0467,0.70
10191,es_step,4000,0.0329,1.000,0.0467,1.35
10192,replay,4000,0.0369,1.000,0.0466,0.69
10193,replay,4000,0.0417,1.000,0.0465,0.69
10194,replay,4000,0.0671,1.000,0.0464,0.70
10195,replay,4000,0.0350,1.000,0.0464,0.70
10196,replay,4000,0.0447,1.000,0.0463,0.70
10197,replay,4000,0.0529,1.000,0.0463,0.70
10198,replay,4000,0.0572,1.000,0.0463,0.70
10199,replay,4000,0.0862,1.000,0.0463,0.70
10200,replay,4000,0.0252,1.000,0.0460,0.70
10201,replay,4000,0.0477,1.000,0.0459,0.70
10202,replay,4000,0.0749,1.000,0.0460,0.70
10203,replay,4000,0.0675,1.000,0.0460,0.70
10204,replay,4000,0.1086,1.000,0.0461,0.70
10205,es_step,4000,0.0551,1.000,0.0461,1.37
10206,replay,4000,0.1152,1.000,0.0462,0.70
10207,es_step,4000,0.0572,1.000,0.0462,1.36
10208,replay,4000,0.1019,1.000,0.0462,0.70
10209,replay,4000,0.0939,1.000,0.0464,0.70
10210,replay,4000,0.1010,1.000,0.0464,0.70
10211,replay,4000,0.1024,1.000,0.0465,0.70
10212,replay,4000,0.1153,1.000,0.0466,0.70
10213,replay,4000,0.1176,1.000,0.0466,0.70
10214,replay,4000,0.1113,1.000,0.0467,0.70
10215,es_step,4000,0.0632,1.000,0.0467,1.36
10216,es_step,4000,0.0617,1.000,0.0467,3.59
10217,replay,4000,0.1010,1.000,0.0467,0.70
10218,replay,4000,0.0959,1.000,0.0467,0.69
10219,replay,4000,0.0853,1.000,0.0467,0.70
10220,es_step,4000,0.0288,1.000,0.0467,1.36
10221,es_step,4000,0.0278,1.000,0.0467,1.35
10222,replay,4000,0.0548,1.000,0.0467,0.69
10223,replay,4000,0.0589,1.000,0.0466,0.69
10224,replay,4000,0.0614,1.000,0.0466,0.69
10225,replay,4000,0.0517,1.000,0.0465,0.69
10226,replay,4000,0.0438,1.000,0.0464,0.69
10227,es_step,4000,0.0133,1.000,0.0464,1.35
10228,replay,4000,0.0456,1.000,0.0463,0.70
10229,es_step,4000,0.0172,1.000,0.0463,1.35
10230,es_step,4000,0.0154,1.000,0.0463,1.33
10231,replay,4000,0.0539,1.000,0.0463,0.69
10232,replay,4000,0.0354,1.000,0.0462,0.70
10233,replay,4000,0.0363,1.000,0.0462,0.70
10234,replay,4000,0.0361,1.000,0.0461,0.70
10235,replay,4000,0.0658,1.000,0.0461,0.70
10236,es_step,4000,0.0500,1.000,0.0461,1.34
10237,replay,4000,0.0703,1.000,0.0461,0.69
10238,replay,4000,0.1020,1.000,0.0461,0.69
10239,replay,4000,0.1027,1.000,0.0461,0.69
10240,replay,4000,0.1044,1.000,0.0462,0.69
10241,replay,4000,0.0901,1.000,0.0462,0.70
10242,replay,4000,0.0999,1.000,0.0463,0.70
10243,es_step,4000,0.0589,1.000,0.0463,1.36
10244,replay,4000,0.0840,1.000,0.0463,0.69
10245,replay,4000,0.0830,1.000,0.0463,0.70
10246,replay,4000,0.0989,1.000,0.0463,0.70
10247,replay,4000,0.0731,1.000,0.0463,0.69
10248,replay,4000,0.0988,1.000,0.0463,0.70
10249,es_step,4000,0.0640,1.000,0.0463,1.37
10250,replay,4000,0.0953,1.000,0.0464,0.70
10251,replay,4000,0.0777,1.000,0.0464,0.70
10252,replay,4000,0.0892,1.000,0.0465,0.70
10253,es_step,4000,0.0671,1.000,0.0465,1.35
10254,replay,4000,0.0839,1.000,0.0465,0.69
10255,replay,4000,0.0676,1.000,0.0465,0.70
10256,replay,4000,0.0951,1.000,0.0465,0.70
10257,replay,4000,0.0896,1.000,0.0465,0.70
10258,replay,4000,0.0888,1.000,0.0465,0.70
10259,replay,4000,0.0732,1.000,0.0464,0.70
10260,es_step,4000,0.0148,1.000,0.0464,1.36
10261,replay,4000,0.0306,1.000,0.0463,0.70
10262,es_step,4000,0.0091,1.000,0.0463,1.36
10263,replay,4000,0.0049,1.000,0.0462,0.70
10264,replay,4000,0.0566,1.000,0.0460,0.70
10265,replay,4000,0.0334,1.000,0.0459,0.70
10266,replay,4000,0.0299,1.000,0.0459,0.70
10267,replay,4000,0.0787,1.000,0.0460,0.70
10268,replay,4000,-0.0087,1.000,0.0459,0.70
10269,replay,4000,0.0903,1.000,0.0460,0.70
10270,replay,4000,0.1284,1.000,0.0462,0.70
10271,replay,4000,0.0902,1.000,0.0462,0.70
10272,replay,4000,0.1350,1.000,0.0462,0.70
10273,replay,4000,0.1286,1.000,0.0464,0.70
10274,replay,4000,0.1412,1.000,0.0466,0.70
10275,replay,4000,0.1383,1.000,0.0467,0.70
10276,replay,4000,0.0552,1.000,0.0468,0.70
10277,replay,4000,0.1282,1.000,0.0469,0.70
10278,es_step,4000,0.1049,1.000,0.0470,1.37
10279,replay,4000,0.1128,1.000,0.0471,0.70
10280,replay,4000,0.1208,1.000,0.0472,0.70
10281,replay,4000,0.1194,1.000,0.0473,0.70
10282,replay,4000,0.1052,1.000,0.0473,0.70
10283,replay,4000,0.0648,1.000,0.0472,0.70
10284,replay,4000,0.0606,1.000,0.0472,0.70
10285,replay,4000,0.0487,1.000,0.0471,0.69
10286,replay,4000,0.0495,1.000,0.0470,0.70
10287,replay,4000,0.0396,1.000,0.0469,0.70
10288,replay,4000,0.0495,1.000,0.0468,0.70
10289,replay,4000,0.0649,1.000,0.0467,0.70
10290,replay,4000,0.0507,1.000,0.0466,0.69
10291,replay,4000,0.0368,1.000,0.0465,0.70
10292,es_step,4000,0.0232,1.000,0.0465,1.36
10293,es_step,4000,0.0290,1.000,0.0465,1.36
10294,replay,4000,0.0316,1.000,0.0464,0.70
10295,replay,4000,0.0146,1.000,0.0463,0.70
10296,replay,4000,0.0289,1.000,0.0462,0.70
10297,replay,4000,0.0355,1.000,0.0462,0.70
10298,replay,4000,-0.0242,1.000,0.0462,0.70
10299,replay,4000,0.0547,1.000,0.0462,0.69
10300,replay,4000,0.0837,1.000,0.0462,0.71
10301,replay,4000,0.1208,1.000,0.0462,0.70
10302,replay,4000,0.1360,1.000,0.0463,0.70
10303,replay,4000,0.1082,1.000,0.0465,0.70
10304,replay,4000,0.0711,1.000,0.0464,0.70
10305,replay,4000,0.1222,1.000,0.0465,0.71
10306,replay,4000,0.1078,1.000,0.0466,0.70
10307,replay,4000,0.1129,1.000,0.0466,0.70
10308,replay,4000,0.0832,1.000,0.0467,0.70
10309,replay,4000,0.0935,1.000,0.0467,0.70
10310,replay,4000,0.0747,1.000,0.0467,0.70
10311,replay,4000,0.0857,1.000,0.0467,0.70
10312,replay,4000,0.0761,1.000,0.0467,0.70
10313,replay,4000,0.0556,1.000,0.0466,0.70
10314,replay,4000,0.0554,1.000,0.0466,0.70
10315,replay,4000,0.0565,1.000,0.0465,0.70
10316,replay,4000,0.0341,1.000,0.0465,0.70
10317,es_step,4000,0.0335,1.000,0.0465,1.37
10318,es_step,4000,0.0466,1.000,0.0465,1.36
10319,replay,4000,0.0737,1.000,0.0464,0.70
10320,replay,4000,0.0348,1.000,0.0464,0.70
10321,replay,4000,0.0612,1.000,0.0464,0.70
10322,replay,4000,0.0432,1.000,0.0464,0.70
10323,es_step,4000,0.0528,1.000,0.0464,1.36
10324,replay,4000,0.0752,1.000,0.0463,0.70
10325,replay,4000,0.0689,1.000,0.0463,0.70
10326,replay,4000,0.0448,1.000,0.0463,0.70
10327,es_step,4000,0.0582,1.000,0.0463,1.35
10328,replay,4000,0.0306,1.000,0.0463,0.70
10329,replay,4000,0.0993,1.000,0.0464,0.70
10330,replay,4000,0.1028,1.000,0.0464,0.70
10331,replay,4000,0.1464,1.000,0.0465,0.70
10332,es_step,4000,0.0936,1.000,0.0466,1.34
10333,es_step,4000,0.0958,1.000,0.0468,1.34
10334,es_step,4000,0.0921,1.000,0.0468,1.33
10335,replay,4000,0.1242,1.000,0.0469,0.69
10336,replay,4000,0.1147,1.000,0.0470,0.70
10337,replay,4000,0.1076,1.000,0.0470,0.69
10338,es_step,4000,0.0987,1.000,0.0471,1.34
10339,replay,4000,0.1069,1.000,0.0472,0.70
10340,replay,4000,0.1096,1.000,0.0473,0.70
10341,replay,4000,0.0954,1.000,0.0474,0.70
10342,replay,4000,0.0733,1.000,0.0474,0.70
10343,replay,4000,0.0733,1.000,0.0474,0.72
10344,replay,4000,0.0566,1.000,0.0474,0.70
10345,replay,4000,0.0597,1.000,0.0474,0.70
10346,es_step,4000,0.0561,1.000,0.0474,1.36
10347,replay,4000,0.0777,1.000,0.0474,0.70
10348,replay,4000,0.0890,1.000,0.0474,0.69
10349,es_step,4000,0.0562,1.000,0.0474,1.34
10350,replay,4000,0.0721,1.000,0.0473,0.70
10351,replay,4000,0.0568,1.000,0.0473,0.70
10352,es_step,4000,0.0559,1.000,0.0473,1.35
10353,replay,4000,0.0579,1.000,0.0473,0.69
10354,replay,4000,0.0463,1.000,0.0472,0.70
10355,es_step,4000,0.0528,1.000,0.0472,1.35
10356,replay,4000,0.0541,1.000,0.0472,0.70
10357,replay,4000,0.0536,1.000,0.0472,0.69
10358,es_step,4000,0.0467,1.000,0.0472,1.34
10359,replay,4000,0.0562,1.000,0.0472,0.70
10360,replay,4000,0.0469,1.000,0.0471,0.69
10361,replay,4000,0.0556,1.000,0.0471,0.69
10362,replay,4000,0.0407,1.000,0.0470,0.69
10363,replay,4000,0.0366,1.000,0.0469,0.69
10364,replay,4000,0.0355,1.000,0.0468,0.70
10365,replay,4000,0.0388,1.000,0.0467,0.69
10366,es_step,4000,0.0427,1.000,0.0467,1.34
10367,replay,4000,0.0392,1.000,0.0467,0.69
10368,replay,4000,0.0409,1.000,0.0466,0.69
10369,replay,4000,0.0456,1.000,0.0466,0.69
10370,replay,4000,0.0433,1.000,0.0466,0.70
10371,replay,4000,0.0496,1.000,0.0466,0.70
10372,replay,4000,0.0473,1.000,0.0466,0.70
10373,replay,4000,0.0387,1.000,0.0466,0.69
10374,replay,4000,0.0731,1.000,0.0466,0.70
10375,replay,4000,0.0743,1.000,0.0466,0.70
10376,replay,4000,0.0628,1.000,0.0465,0.70
10377,replay,4000,0.0685,1.000,0.0465,0.70
10378,replay,4000,0.0426,1.000,0.0464,0.70
10379,replay,4000,0.0318,1.000,0.0463,0.70
10380,replay,4000,0.0248,1.000,0.0462,0.70
10381,replay,4000,0.0499,1.000,0.0461,0.71
10382,replay,4000,0.0504,1.000,0.0460,0.71
10383,es_step,4000,0.0556,1.000,0.0460,1.37
10384,replay,4000,0.1003,1.000,0.0460,0.70
10385,replay,4000,0.0956,1.000,0.0461,0.70
10386,es_step,4000,0.0730,1.000,0.0461,1.36
10387,es_step,4000,0.0722,1.000,0.0461,1.35
10388,replay,4000,0.0869,1.000,0.0460,0.70
10389,replay,4000,0.1077,1.000,0.0461,0.70
10390,replay,4000,0.0990,1.000,0.0461,0.70
10391,replay,4000,0.1166,1.000,0.0462,0.69
10392,replay,4000,0.1156,1.000,0.0463,0.70
10393,replay,4000,0.1269,1.000,0.0464,0.69
10394,replay,4000,0.1260,1.000,0.0466,0.70
10395,replay,4000,0.1373,1.000,0.0467,0.70
10396,replay,4000,0.1185,1.000,0.0467,0.70
10397,replay,4000,0.1335,1.000,0.0469,0.70
10398,replay,4000,0.1144,1.000,0.0470,0.70
10399,replay,4000,0.1121,1.000,0.0471,0.70
10400,replay,4000,0.1100,1.000,0.0472,0.70
10401,es_step,4000,0.0753,1.000,0.0472,1.35
10402,replay,4000,0.0911,1.000,0.0473,0.69
10403,replay,4000,0.0811,1.000,0.0473,0.70
10404,replay,4000,0.0779,1.000,0.0473,0.70
10405,replay,4000,0.0493,1.000,0.0472,0.69
10406,es_step,4000,0.0533,1.000,0.0472,1.34
10407,replay,4000,0.0638,1.000,0.0472,0.70
10408,es_step,4000,0.0575,1.000,0.0472,1.34
10409,replay,4000,0.0322,1.000,0.0472,0.69
10410,replay,4000,0.0928,1.000,0.0471,0.69
10411,replay,4000,0.0533,1.000,0.0471,0.70
10412,replay,4000,0.0498,1.000,0.0472,0.70
10413,replay,4000,0.0722,1.000,0.0472,0.70
10414,es_step,4000,0.0842,1.000,0.0472,1.35
10415,replay,4000,0.1013,1.000,0.0473,0.69
10416,replay,4000,0.1127,1.000,0.0473,0.70
10417,replay,4000,0.0947,1.000,0.0474,0.70
10418,replay,4000,0.0973,1.000,0.0474,0.70
10419,es_step,4000,0.0796,1.000,0.0474,1.35
10420,replay,4000,0.0962,1.000,0.0474,0.70
10421,replay,4000,0.0960,1.000,0.0474,0.69
10422,replay,4000,0.0765,1.000,0.0475,0.70
10423,es_step,4000,0.0682,1.000,0.0475,1.34
10424,replay,4000,0.0764,1.000,0.0475,0.70
10425,replay,4000,0.0252,1.000,0.0474,0.70
10426,replay,4000,0.0615,1.000,0.0474,0.70
10427,replay,4000,0.0736,1.000,0.0474,0.70
10428,replay,4000,0.0679,1.000,0.0474,0.70
10429,replay,4000,0.0622,1.000,0.0473,0.70
10430,replay,4000,0.0495,1.000,0.0472,0.70
10431,es_step,4000,0.0553,1.000,0.0472,1.36
10432,es_step,4000,0.0592,1.000,0.0472,1.36
10433,replay,4000,0.0442,1.000,0.0472,0.70
10434,replay,4000,0.0600,1.000,0.0472,0.70
10435,replay,4000,0.0569,1.000,0.0471,0.70
10436,replay,4000,0.0691,1.000,0.0471,0.70
10437,es_step,4000,0.0677,1.000,0.0471,1.36
10438,replay,4000,0.0659,1.000,0.0471,0.70
10439,replay,4000,0.0472,1.000,0.0471,0.70
10440,replay,4000,0.0900,1.000,0.0471,0.69
10441,replay,4000,0.0663,1.000,0.0471,0.70
10442,es_step,4000,0.0736,1.000,0.0471,1.35
10443,replay,4000,0.0782,1.000,0.0470,0.70
10444,replay,4000,0.0433,1.000,0.0470,0.70
10445,es_step,4000,0.0717,1.000,0.0470,1.35
10446,es_step,4000,0.0628,1.000,0.0470,1.35
10447,es_step,4000,0.0647,1.000,0.0470,1.34
10448,es_step,4000,0.0643,1.000,0.0470,1.33
10449,replay,4000,0.0709,1.000,0.0470,0.69
10450,replay,4000,0.0401,1.000,0.0470,0.70
10451,replay,4000,0.0663,1.000,0.0470,0.70
10452,replay,4000,0.0534,1.000,0.0470,0.70
10453,replay,4000,0.0581,1.000,0.0469,0.70
10454,replay,4000,0.0432,1.000,0.0469,0.70
10455,es_step,4000,0.0537,1.000,0.0469,1.36
10456,replay,4000,0.0669,1.000,0.0469,0.70
10457,replay,4000,0.0530,1.000,0.0468,0.70
10458,es_step,4000,0.0558,1.000,0.0468,1.35
10459,replay,4000,0.0336,1.000,0.0468,0.70
10460,replay,4000,0.0523,1.000,0.0468,0.69
10461,replay,4000,0.0714,1.000,0.0468,0.70
10462,replay,4000,0.0820,1.000,0.0469,0.70
10463,replay,4000,0.0893,1.000,0.0469,0.70
10464,replay,4000,0.0823,1.000,0.0469,0.70
10465,replay,4000,0.0876,1.000,0.0469,0.70
10466,es_step,4000,0.0627,1.000,0.0469,1.34
10467,replay,4000,0.0760,1.000,0.0469,0.69
10468,replay,4000,0.0545,1.000,0.0469,0.69
10469,replay,4000,0.0658,1.000,0.0468,0.69
10470,es_step,4000,0.0596,1.000,0.0468,1.34
10471,replay,4000,0.0816,1.000,0.0468,0.70
10472,replay,4000,0.0734,1.000,0.0468,0.70
10473,replay,4000,0.0638,1.000,0.0467,0.70
10474,replay,4000,0.0731,1.000,0.0467,0.70
10475,replay,4000,0.0885,1.000,0.0467,0.70
10476,replay,4000,0.0674,1.000,0.0466,0.70
10477,replay,4000,0.0768,1.000,0.0466,0.70
10478,replay,4000,0.0834,1.000,0.0466,0.70
10479,replay,4000,0.0982,1.000,0.0466,0.70
10480,replay,4000,0.1001,1.000,0.0467,0.70
10481,replay,4000,0.0871,1.000,0.0467,0.70
10482,replay,4000,0.0899,1.000,0.0467,0.70
10483,replay,4000,0.0959,1.000,0.0468,0.70
10484,es_step,4000,0.0734,1.000,0.0468,1.36
10485,replay,4000,0.0641,1.000,0.0468,0.70
10486,replay,4000,0.0907,1.000,0.0469,0.70
10487,replay,4000,0.0993,1.000,0.0469,0.70
10488,replay,4000,0.1144,1.000,0.0470,0.69
10489,es_step,4000,0.0771,1.000,0.0470,1.35
10490,replay,4000,0.1331,1.000,0.0470,0.70
10491,es_step,4000,0.0735,1.000,0.0471,1.36
10492,replay,4000,0.0948,1.000,0.0471,0.70
10493,replay,4000,0.0690,1.000,0.0471,0.70
10494,replay,4000,0.0774,1.000,0.0471,0.70
10495,replay,4000,0.0828,1.000,0.0471,0.70
10496,replay,4000,0.0553,1.000,0.0470,0.70
10497,replay,4000,0.0600,1.000,0.0469,0.70
10498,es_step,4000,0.0476,1.000,0.0469,1.37
10499,replay,4000,0.0738,1.000,0.0469,0.70
10500,replay,4000,0.0538,1.000,0.0468,0.70
10501,replay,4000,0.0152,1.000,0.0468,0.70
10502,replay,4000,0.1012,1.000,0.0468,0.70
10503,replay,4000,0.1273,1.000,0.0469,0.70
10504,replay,4000,0.1355,1.000,0.0470,0.70
10505,replay,4000,0.1349,1.000,0.0471,0.70
10506,es_step,4000,0.0947,1.000,0.0473,1.35
10507,es_step,4000,0.0970,1.000,0.0475,1.34
10508,replay,4000,0.1235,1.000,0.0476,0.70
10509,replay,4000,0.1183,1.000,0.0478,0.69
10510,replay,4000,0.0996,1.000,0.0478,0.70
10511,replay,4000,0.0917,1.000,0.0478,0.70
10512,es_step,4000,0.0678,1.000,0.0478,1.35
10513,es_step,4000,0.0755,1.000,0.0478,1.33
10514,replay,4000,0.0901,1.000,0.0478,0.69
10515,replay,4000,0.0956,1.000,0.0478,0.69
10516,replay,4000,0.1169,1.000,0.0478,0.70
10517,replay,4000,0.0754,1.000,0.0478,0.70
10518,replay,4000,0.0884,1.000,0.0477,0.69
10519,es_step,4000,0.0434,1.000,0.0477,1.33
10520,replay,4000,0.0635,1.000,0.0477,0.69
10521,replay,4000,0.0708,1.000,0.0476,0.69
10522,replay,4000,0.0832,1.000,0.0476,0.70
10523,replay,4000,0.0760,1.000,0.0476,0.70
10524,replay,4000,0.0965,1.000,0.0476,0.70
10525,replay,4000,0.0727,1.000,0.0475,0.70
10526,replay,4000,0.0713,1.000,0.0475,0.70
10527,replay,4000,0.0587,1.000,0.0475,0.70
10528,replay,4000,0.0798,1.000,0.0476,0.70
10529,replay,4000,0.0843,1.000,0.0476,0.70
10530,replay,4000,0.0622,1.000,0.0475,0.70
10531,replay,4000,0.0659,1.000,0.0475,0.70
10532,replay,4000,0.0496,1.000,0.0474,0.70
10533,es_step,4000,0.0601,1.000,0.0475,1.36
10534,replay,4000,0.0756,1.000,0.0474,2.96
10535,es_step,4000,0.0587,1.000,0.0474,1.36
10536,replay,4000,0.0542,1.000,0.0474,0.70
10537,replay,4000,0.0539,1.000,0.0475,0.70
10538,replay,4000,0.0719,1.000,0.0476,0.70
10539,es_step,4000,0.0781,1.000,0.0476,1.37
10540,es_step,4000,0.0829,1.000,0.0477,1.36
10541,es_step,4000,0.0808,1.000,0.0478,1.36
10542,es_step,4000,0.0839,1.000,0.0479,1.34
10543,replay,4000,0.1147,1.000,0.0479,0.70
10544,replay,4000,0.0893,1.000,0.0479,0.70
10545,replay,4000,0.1141,1.000,0.0480,0.71
10546,replay,4000,0.1087,1.000,0.0481,0.70
10547,replay,4000,0.1003,1.000,0.0482,0.70
10548,replay,4000,0.0992,1.000,0.0482,0.70
10549,replay,4000,0.0900,1.000,0.0482,0.70
10550,replay,4000,0.0647,1.000,0.0481,0.70
10551,es_step,4000,0.0633,1.000,0.0482,1.36
10552,replay,4000,0.0557,1.000,0.0481,0.70
10553,replay,4000,0.0584,1.000,0.0483,0.70
10554,replay,4000,0.0652,1.000,0.0482,0.70
10555,replay,4000,0.0698,1.000,0.0482,0.70
10556,replay,4000,0.0883,1.000,0.0483,0.70
10557,replay,4000,0.0946,1.000,0.0483,0.70
10558,es_step,4000,0.0828,1.000,0.0484,1.35
10559,es_step,4000,0.0803,1.000,0.0484,1.33
10560,replay,4000,0.0967,1.000,0.0484,0.70
10561,replay,4000,0.1094,1.000,0.0485,0.70
10562,es_step,4000,0.0945,1.000,0.0486,1.35
10563,replay,4000,0.0917,1.000,0.0486,0.70
10564,replay,4000,0.1016,1.000,0.0487,0.70
10565,replay,4000,0.1388,1.000,0.0488,0.70
10566,replay,4000,0.0987,1.000,0.0488,0.70
10567,replay,4000,0.1033,1.000,0.0488,0.70
10568,replay,4000,0.1052,1.000,0.0489,0.70
10569,replay,4000,0.0994,1.000,0.0489,0.70
10570,replay,4000,0.0714,1.000,0.0490,0.70
10571,replay,4000,0.0747,1.000,0.0490,0.70
10572,replay,4000,0.0767,1.000,0.0490,0.70
10573,replay,4000,0.0743,1.000,0.0490,0.70
10574,replay,4000,0.0631,1.000,0.0490,0.70
10575,replay,4000,0.0836,1.000,0.0490,0.70
10576,replay,4000,0.0593,1.000,0.0489,0.70
10577,replay,4000,0.0607,1.000,0.0489,0.70
10578,replay,4000,0.0652,1.000,0.0489,0.70
10579,replay,4000,0.0690,1.000,0.0488,0.70
10580,replay,4000,0.0862,1.000,0.0488,0.70
10581,es_step,4000,0.0665,1.000,0.0488,1.35
10582,es_step,4000,0.0715,1.000,0.0488,1.34
10583,replay,4000,0.0535,1.000,0.0487,0.70
10584,replay,4000,0.0780,1.000,0.0488,0.70
10585,replay,4000,0.0775,1.000,0.0488,0.70
10586,replay,4000,0.0614,1.000,0.0487,0.70
10587,replay,4000,0.0750,1.000,0.0487,0.70
10588,replay,4000,0.0775,1.000,0.0487,0.69
10589,es_step,4000,0.0556,0.938,0.0487,2.09
10590,replay,4000,0.0813,1.000,0.0487,0.74
10591,es_step,4000,0.0607,1.000,0.0487,1.45
10592,replay,4000,0.0732,1.000,0.0487,0.73
10593,replay,4000,0.0311,1.000,0.0486,0.73
10594,es_step,4000,0.0571,1.000,0.0486,1.44
10595,es_step,4000,0.0654,1.000,0.0486,1.42
10596,replay,4000,0.0553,1.000,0.0486,0.72
10597,replay,4000,0.0636,1.000,0.0487,0.73
10598,replay,4000,0.0861,1.000,0.0487,0.72
10599,replay,4000,0.0734,1.000,0.0488,0.72
10600,replay,4000,0.0447,1.000,0.0488,0.72
10601,replay,4000,0.0481,1.000,0.0488,0.72
10602,replay,4000,0.0760,1.000,0.0488,0.72
10603,replay,4000,0.0931,1.000,0.0489,0.72
10604,replay,4000,0.1047,1.000,0.0490,0.72
10605,replay,4000,-0.0820,1.000,0.0490,0.72
10606,es_step,4000,0.0949,1.000,0.0492,1.41
10607,replay,4000,0.1097,1.000,0.0493,0.71
10608,es_step,4000,0.1100,1.000,0.0496,1.39
10609,replay,4000,0.1238,1.000,0.0496,0.71
10610,replay,4000,0.1129,1.000,0.0497,0.71
10611,es_step,4000,0.0873,1.000,0.0497,1.38
10612,replay,4000,0.1071,1.000,0.0499,0.71
10613,es_step,4000,0.0824,1.000,0.0499,1.38
10614,replay,4000,0.0887,1.000,0.0499,0.70
10615,replay,4000,0.0957,1.000,0.0502,0.70
10616,replay,4000,0.1042,1.000,0.0500,0.71
10617,replay,4000,0.0909,1.000,0.0500,0.70
10618,replay,4000,0.0657,1.000,0.0500,0.70
10619,replay,4000,0.0721,1.000,0.0500,0.71
10620,replay,4000,0.0830,1.000,0.0500,0.71
10621,es_step,4000,0.0500,1.000,0.0500,1.39
10622,replay,4000,0.0682,1.000,0.0500,0.71
10623,replay,4000,0.0522,1.000,0.0500,0.71
10624,replay,4000,0.0557,1.000,0.0500,0.70
10625,replay,4000,0.0736,1.000,0.0500,0.70
10626,replay,4000,0.0855,1.000,0.0500,0.70
10627,es_step,4000,0.0653,1.000,0.0500,1.38
10628,replay,4000,0.0737,1.000,0.0500,0.70
10629,es_step,4000,0.0677,1.000,0.0500,1.38
10630,es_step,4000,0.0696,1.000,0.0500,1.37
10631,es_step,4000,0.0671,1.000,0.0500,1.36
10632,replay,4000,0.1094,1.000,0.0501,0.70
10633,replay,4000,0.0961,1.000,0.0501,0.70
10634,replay,4000,0.0685,1.000,0.0501,0.70
10635,es_step,4000,0.0659,1.000,0.0501,1.36
10636,replay,4000,0.0685,1.000,0.0501,0.69
10637,replay,4000,0.0993,1.000,0.0502,0.69
10638,replay,4000,0.0900,1.000,0.0502,0.70
10639,replay,4000,0.0655,1.000,0.0501,0.70
10640,replay,4000,0.0461,1.000,0.0500,0.70
10641,replay,4000,0.0454,1.000,0.0500,0.70
10642,replay,4000,0.0471,1.000,0.0500,0.71
10643,replay,4000,0.0448,1.000,0.0499,0.70
10644,replay,4000,0.0467,1.000,0.0498,0.70
10645,replay,4000,0.0833,1.000,0.0498,0.70
10646,replay,4000,0.0649,1.000,0.0498,0.70
10647,replay,4000,0.0720,1.000,0.0499,0.70
10648,replay,4000,-0.0436,1.000,0.0499,0.70
10649,replay,4000,0.0734,1.000,0.0499,0.70
10650,replay,4000,0.1317,1.000,0.0501,0.71
10651,replay,4000,0.1730,1.000,0.0503,0.71
10652,replay,4000,0.1560,1.000,0.0505,0.72
10653,replay,4000,0.1514,1.000,0.0507,0.71
10654,replay,4000,0.1354,1.000,0.0508,0.71
10655,replay,4000,0.1043,1.000,0.0507,0.71
10656,replay,4000,0.1033,1.000,0.0507,0.71
10657,es_step,4000,0.0660,1.000,0.0507,1.37
10658,replay,4000,0.0537,1.000,0.0507,0.70
10659,replay,4000,0.0801,1.000,0.0507,0.70
10660,replay,4000,0.0652,1.000,0.0506,0.70
10661,replay,4000,0.0441,1.000,0.0506,0.70
10662,replay,4000,0.0684,1.000,0.0506,0.70
10663,replay,4000,0.0797,1.000,0.0506,0.71
10664,replay,4000,0.0715,1.000,0.0506,0.71
10665,replay,4000,0.0832,1.000,0.0507,0.70
10666,replay,4000,0.0927,1.000,0.0507,0.70
10667,replay,4000,0.0884,1.000,0.0507,0.71
10668,es_step,4000,0.0664,1.000,0.0507,1.38
10669,replay,4000,0.0736,1.000,0.0507,0.71
10670,es_step,4000,0.0605,1.000,0.0507,1.37
10671,es_step,4000,0.0601,1.000,0.0507,1.36
10672,replay,4000,0.0514,1.000,0.0507,0.70
10673,replay,4000,0.0549,1.000,0.0506,0.70
10674,replay,4000,0.0547,1.000,0.0506,0.70
10675,replay,4000,0.0834,1.000,0.0506,0.69
10676,replay,4000,0.0471,1.000,0.0506,0.70
10677,replay,4000,0.0543,1.000,0.0505,0.71
10678,replay,4000,0.0832,1.000,0.0505,0.71
10679,replay,4000,0.0580,1.000,0.0505,0.70
10680,replay,4000,0.0416,1.000,0.0504,0.70
10681,replay,4000,0.0566,1.000,0.0504,0.70
10682,replay,4000,0.0833,1.000,0.0504,0.71
10683,replay,4000,0.0484,1.000,0.0503,0.71
10684,es_step,4000,0.0391,1.000,0.0503,1.38
10685,replay,4000,0.0460,1.000,0.0503,0.70
10686,replay,4000,0.0485,1.000,0.0503,0.71
10687,es_step,4000,0.0431,1.000,0.0503,1.37
10688,replay,4000,0.0646,1.000,0.0502,0.71
10689,es_step,4000,0.0401,1.000,0.0502,1.37
10690,replay,4000,0.0533,1.000,0.0502,0.71
10691,replay,4000,0.0720,1.000,0.0501,0.70
10692,replay,4000,0.0698,1.000,0.0501,0.71
10693,replay,4000,0.0582,1.000,0.0501,0.70
10694,replay,4000,0.0590,1.000,0.0501,0.70
10695,replay,4000,0.0601,1.000,0.0501,0.70
10696,replay,4000,0.0563,1.000,0.0501,0.70
10697,es_step,4000,0.0577,1.000,0.0501,1.36
10698,replay,4000,0.0818,1.000,0.0501,0.70
10699,replay,4000,0.0663,1.000,0.0501,0.69
10700,replay,4000,0.0347,1.000,0.0499,0.70
10701,replay,4000,0.0477,1.000,0.0500,0.70
10702,replay,4000,0.0392,1.000,0.0499,0.69
10703,replay,4000,0.0498,1.000,0.0499,0.70
10704,replay,4000,0.0537,1.000,0.0498,0.70
10705,replay,4000,0.0428,1.000,0.0496,0.70
10706,replay,4000,0.0501,1.000,0.0496,0.70
10707,es_step,4000,0.0488,1.000,0.0496,1.36
10708,replay,4000,0.0769,1.000,0.0496,0.70
10709,replay,4000,0.0494,1.000,0.0496,0.70
10710,es_step,4000,0.0510,1.000,0.0496,1.37
10711,replay,4000,0.0596,1.000,0.0496,0.70
10712,replay,4000,0.0440,1.000,0.0496,0.70
10713,replay,4000,0.0972,1.000,0.0496,0.70
10714,replay,4000,0.1056,1.000,0.0497,0.70
10715,replay,4000,0.0823,1.000,0.0497,0.70
10716,replay,4000,0.0806,1.000,0.0497,0.70
10717,replay,4000,0.0845,1.000,0.0497,0.71
10718,es_step,4000,0.0656,1.000,0.0497,1.38
10719,replay,4000,0.0975,1.000,0.0497,0.70
10720,replay,4000,0.0904,1.000,0.0498,0.70
10721,replay,4000,0.1180,1.000,0.0499,0.70
10722,replay,4000,0.1288,1.000,0.0501,0.71
10723,replay,4000,0.1213,1.000,0.0502,0.70
10724,replay,4000,0.1252,1.000,0.0503,0.70
10725,replay,4000,0.1054,1.000,0.0502,0.70
10726,replay,4000,0.0968,1.000,0.0503,0.70
10727,replay,4000,0.0972,1.000,0.0503,0.70
10728,replay,4000,0.0762,1.000,0.0503,0.71
10729,es_step,4000,0.0458,1.000,0.0503,1.37
10730,replay,4000,0.0740,1.000,0.0503,0.70
10731,replay,4000,0.0543,1.000,0.0502,0.70
10732,replay,4000,0.0532,1.000,0.0502,0.70
10733,replay,4000,0.0078,1.000,0.0502,0.70
10734,es_step,4000,0.0695,1.000,0.0502,1.37
10735,replay,4000,0.1028,1.000,0.0502,0.71
10736,replay,4000,0.1379,1.000,0.0502,0.70
10737,replay,4000,0.1318,1.000,0.0504,0.71
10738,replay,4000,0.1307,1.000,0.0505,0.71
10739,replay,4000,0.1228,1.000,0.0506,0.70
10740,replay,4000,0.0945,1.000,0.0508,0.70
10741,replay,4000,0.0810,1.000,0.0508,0.70
10742,replay,4000,0.0996,1.000,0.0508,0.70
10743,replay,4000,0.1092,1.000,0.0509,0.71
10744,replay,4000,0.0872,1.000,0.0509,0.70
10745,replay,4000,0.1003,1.000,0.0509,0.70
10746,replay,4000,0.0984,1.000,0.0510,0.70
10747,replay,4000,0.0727,1.000,0.0510,0.71
10748,replay,4000,0.0575,1.000,0.0509,0.71
10749,replay,4000,0.0591,1.000,0.0509,0.71
10750,es_step,4000,0.0610,1.000,0.0509,1.37
10751,replay,4000,0.0629,1.000,0.0509,0.70
10752,replay,4000,0.0591,1.000,0.0508,0.71
10753,replay,4000,0.0560,1.000,0.0508,0.70
10754,es_step,4000,0.0463,1.000,0.0508,1.37
10755,replay,4000,0.0535,1.000,0.0508,0.70
10756,es_step,4000,0.0506,1.000,0.0508,1.36
10757,replay,4000,0.0995,1.000,0.0507,0.69
10758,replay,4000,0.0797,1.000,0.0506,0.69
10759,replay,4000,0.0594,1.000,0.0506,0.70
10760,replay,4000,0.0497,1.000,0.0505,0.69
10761,replay,4000,0.0730,1.000,0.0505,0.70
10762,replay,4000,0.0544,1.000,0.0505,0.70
10763,replay,4000,0.0516,1.000,0.0504,0.70
10764,replay,4000,0.0595,1.000,0.0504,0.70
10765,es_step,4000,0.0604,1.000,0.0504,1.36
10766,replay,4000,0.0787,1.000,0.0504,0.70
10767,replay,4000,0.0715,1.000,0.0503,0.70
10768,replay,4000,0.0619,1.000,0.0504,0.70
10769,replay,4000,0.0770,1.000,0.0504,0.70
10770,replay,4000,0.0600,1.000,0.0504,0.70
10771,replay,4000,0.0657,1.000,0.0504,0.70
10772,replay,4000,0.0725,1.000,0.0504,0.70
10773,replay,4000,0.0546,1.000,0.0504,0.70
10774,es_step,4000,0.0670,1.000,0.0504,1.35
10775,replay,4000,0.0724,1.000,0.0504,0.70
10776,replay,4000,0.0751,1.000,0.0504,0.70
10777,replay,4000,0.0905,1.000,0.0504,0.70
10778,replay,4000,0.0890,1.000,0.0504,0.71
10779,replay,4000,0.0836,1.000,0.0504,0.70
10780,replay,4000,0.0692,1.000,0.0504,0.70
10781,es_step,4000,0.0545,1.000,0.0504,1.36
10782,replay,4000,0.0499,1.000,0.0504,0.70
10783,replay,4000,0.0492,1.000,0.0504,0.70
10784,es_step,4000,0.0436,1.000,0.0504,1.36
10785,replay,4000,0.0872,1.000,0.0503,0.70
10786,replay,4000,0.0640,1.000,0.0503,0.70
10787,replay,4000,0.0750,1.000,0.0502,0.70
10788,replay,4000,0.0503,1.000,0.0502,0.70
10789,replay,4000,0.0606,1.000,0.0502,0.70
10790,es_step,4000,0.0497,1.000,0.0502,1.35
10791,replay,4000,0.0691,1.000,0.0501,0.69
10792,replay,4000,0.0403,1.000,0.0500,0.70
10793,replay,4000,0.0549,1.000,0.0500,0.70
10794,replay,4000,0.0586,1.000,0.0500,0.70
10795,replay,4000,0.0629,1.000,0.0499,0.70
10796,replay,4000,0.0630,1.000,0.0499,0.70
10797,replay,4000,0.0402,1.000,0.0498,0.70
10798,replay,4000,0.0612,1.000,0.0497,0.70
10799,replay,4000,0.0490,1.000,0.0497,0.70
10800,replay,4000,0.0740,1.000,0.0496,0.70
10801,replay,4000,0.0620,1.000,0.0496,0.70
10802,replay,4000,0.0770,1.000,0.0496,0.70
10803,replay,4000,0.0809,1.000,0.0496,0.70
10804,replay,4000,0.0658,1.000,0.0496,0.70
10805,replay,4000,0.0666,1.000,0.0496,0.70
10806,replay,4000,0.0701,1.000,0.0495,0.70
10807,replay,4000,0.0900,1.000,0.0496,0.70
10808,es_step,4000,0.0732,1.000,0.0496,1.37
10809,es_step,4000,0.0708,1.000,0.0496,1.35
10810,replay,4000,0.0910,1.000,0.0496,0.69
10811,es_step,4000,0.0786,1.000,0.0496,1.35
10812,replay,4000,0.1021,1.000,0.0496,0.70
10813,es_step,4000,0.0784,1.000,0.0497,1.35
10814,es_step,4000,0.0801,1.000,0.0498,1.35
10815,es_step,4000,0.0794,1.000,0.0498,1.34
10816,replay,4000,0.1042,1.000,0.0498,0.69
10817,replay,4000,0.1001,1.000,0.0499,0.70
10818,replay,4000,0.0695,1.000,0.0500,0.70
10819,replay,4000,0.0818,1.000,0.0500,0.70
10820,es_step,4000,0.0611,1.000,0.0500,1.35
10821,replay,4000,0.0732,1.000,0.0500,0.69
10822,replay,4000,0.0761,1.000,0.0499,0.69
10823,es_step,4000,0.0474,1.000,0.0499,1.34
10824,es_step,4000,0.0489,1.000,0.0499,1.33
10825,es_step,4000,0.0458,1.000,0.0499,1.33
10826,replay,4000,0.0589,1.000,0.0498,0.69
10827,replay,4000,0.0356,1.000,0.0497,0.69
10828,replay,4000,0.0427,1.000,0.0496,0.69
10829,replay,4000,0.0414,1.000,0.0495,0.69
10830,replay,4000,0.0427,1.000,0.0493,0.69
10831,replay,4000,0.0481,1.000,0.0493,0.70
10832,replay,4000,0.0403,1.000,0.0493,0.69
10833,replay,4000,0.0393,1.000,0.0492,0.70
10834,es_step,4000,0.0625,1.000,0.0492,1.34
10835,replay,4000,0.0656,1.000,0.0492,0.69
10836,replay,4000,0.0735,1.000,0.0492,0.69
10837,replay,4000,0.1077,1.000,0.0492,0.69
10838,es_step,4000,0.0731,1.000,0.0492,1.34
10839,replay,4000,0.0763,1.000,0.0492,0.69
10840,replay,4000,0.0849,1.000,0.0492,0.69
10841,replay,4000,0.0863,1.000,0.0492,0.69
10842,replay,4000,0.0763,1.000,0.0493,0.69
10843,replay,4000,0.0598,1.000,0.0493,0.70
10844,replay,4000,0.0694,1.000,0.0492,0.69
10845,es_step,4000,0.0666,1.000,0.0492,3.55
10846,replay,4000,0.0681,1.000,0.0492,0.69
10847,es_step,4000,0.0670,1.000,0.0492,1.35
10848,replay,4000,0.1078,1.000,0.0493,0.69
10849,replay,4000,0.1236,1.000,0.0494,0.69
10850,es_step,4000,0.0890,1.000,0.0495,1.38
10851,es_step,4000,0.0900,1.000,0.0497,1.34
10852,replay,4000,0.1341,1.000,0.0497,0.69
10853,replay,4000,0.0993,1.000,0.0497,0.70
10854,es_step,4000,0.1010,1.000,0.0499,1.34
10855,replay,4000,0.1058,1.000,0.0500,0.69
10856,replay,4000,0.1026,1.000,0.0500,0.69
10857,replay,4000,0.1067,1.000,0.0501,0.70
10858,replay,4000,0.0867,1.000,0.0502,0.69
10859,replay,4000,0.0814,1.000,0.0502,0.69
10860,replay,4000,0.0671,1.000,0.0501,0.70
10861,replay,4000,0.0626,1.000,0.0501,0.69
10862,replay,4000,0.0760,1.000,0.0501,0.69
10863,replay,4000,0.0630,1.000,0.0500,0.70
10864,replay,4000,0.0971,1.000,0.0500,0.70
10865,replay,4000,0.0693,1.000,0.0500,0.70
10866,replay,4000,0.0586,1.000,0.0499,0.70
10867,replay,4000,0.0607,1.000,0.0499,0.70
10868,replay,4000,0.0563,1.000,0.0498,0.70
10869,replay,4000,0.0559,1.000,0.0498,0.70
10870,replay,4000,0.0594,1.000,0.0497,0.70
10871,replay,4000,0.0558,1.000,0.0497,0.70
10872,replay,4000,0.0567,1.000,0.0496,0.70
10873,replay,4000,0.0504,1.000,0.0496,0.70
10874,replay,4000,0.0710,1.000,0.0495,0.70
10875,replay,4000,0.0626,1.000,0.0495,0.71
10876,es_step,4000,0.0625,1.000,0.0495,1.37
10877,es_step,4000,0.0614,1.000,0.0495,1.36
10878,replay,4000,0.0649,1.000,0.0495,0.69
10879,replay,4000,0.0780,1.000,0.0495,0.70
10880,replay,4000,0.0595,1.000,0.0495,0.70
10881,replay,4000,0.0817,1.000,0.0495,0.70
10882,replay,4000,0.0661,1.000,0.0495,0.77
10883,replay,4000,0.0699,1.000,0.0494,0.69
10884,es_step,4000,0.0551,1.000,0.0494,1.34
10885,es_step,4000,0.0535,1.000,0.0494,1.33
10886,replay,4000,0.0697,1.000,0.0494,0.69
10887,replay,4000,0.0571,1.000,0.0494,0.69
10888,replay,4000,0.0495,1.000,0.0493,0.69
10889,replay,4000,0.0532,1.000,0.0493,0.69
10890,replay,4000,0.0935,1.000,0.0493,0.69
10891,es_step,4000,0.0805,1.000,0.0494,1.34
10892,es_step,4000,0.0816,1.000,0.0494,1.32
10893,es_step,4000,0.0811,1.000,0.0494,1.32
10894,es_step,4000,0.0761,1.000,0.0494,1.32
10895,replay,4000,0.0882,1.000,0.0495,0.68
10896,es_step,4000,0.0846,1.000,0.0495,1.32
10897,replay,4000,0.0950,1.000,0.0495,0.69
10898,replay,4000,0.0852,1.000,0.0495,0.70
10899,replay,4000,0.0831,1.000,0.0495,0.70
10900,es_step,4000,0.0574,1.000,0.0495,1.34
10901,replay,4000,0.0612,1.000,0.0495,0.69
10902,replay,4000,0.0492,1.000,0.0494,0.69
10903,replay,4000,0.0467,1.000,0.0494,0.70
10904,replay,4000,0.0502,1.000,0.0493,0.70
10905,replay,4000,0.0481,1.000,0.0492,0.69
10906,es_step,4000,0.0512,1.000,0.0492,1.34
10907,replay,4000,0.0661,1.000,0.0492,0.69
10908,replay,4000,0.0552,1.000,0.0491,0.69
10909,replay,4000,0.0586,1.000,0.0491,0.69
10910,replay,4000,0.0691,1.000,0.0491,0.69
10911,replay,4000,0.0307,1.000,0.0489,0.70
10912,replay,4000,0.0805,1.000,0.0489,0.69
10913,replay,4000,0.0782,1.000,0.0489,0.69
10914,replay,4000,0.0907,1.000,0.0489,0.69
10915,replay,4000,0.0839,1.000,0.0489,0.69
10916,replay,4000,0.0711,1.000,0.0489,0.69
10917,replay,4000,0.0409,1.000,0.0488,0.69
10918,replay,4000,0.0545,1.000,0.0488,0.70
10919,replay,4000,0.0543,1.000,0.0488,0.70
10920,replay,4000,0.0766,1.000,0.0487,0.69
10921,replay,4000,0.0788,1.000,0.0487,0.70
10922,replay,4000,0.0635,1.000,0.0486,0.70
10923,replay,4000,0.0474,1.000,0.0486,0.79
10924,es_step,4000,0.0402,1.000,0.0486,1.36
10925,replay,4000,0.0428,1.000,0.0485,0.70
10926,replay,4000,0.0532,1.000,0.0484,0.70
10927,replay,4000,0.0449,1.000,0.0484,0.71
10928,replay,4000,0.0561,1.000,0.0483,0.70
10929,replay,4000,0.0504,1.000,0.0483,0.70
10930,replay,4000,0.0576,1.000,0.0482,0.70
10931,replay,4000,0.0514,1.000,0.0482,0.70
10932,es_step,4000,0.0517,1.000,0.0482,1.36
10933,replay,4000,0.0550,1.000,0.0482,0.69
10934,replay,4000,0.0776,1.000,0.0482,0.70
10935,replay,4000,0.0486,1.000,0.0479,0.70
10936,replay,4000,0.0701,1.000,0.0479,0.70
10937,replay,4000,0.0660,1.000,0.0479,0.70
10938,replay,4000,0.0857,1.000,0.0478,0.70
10939,replay,4000,0.0623,1.000,0.0478,0.70
10940,replay,4000,0.0674,1.000,0.0478,0.70
10941,es_step,4000,0.0592,1.000,0.0478,1.36
10942,replay,4000,0.0896,1.000,0.0478,0.69
10943,replay,4000,0.0899,1.000,0.0478,0.69
10944,replay,4000,0.0731,1.000,0.0478,0.69
10945,es_step,4000,0.0674,1.000,0.0478,1.35
10946,replay,4000,0.0778,1.000,0.0480,0.69
10947,replay,4000,0.0657,1.000,0.0478,0.69
10948,replay,4000,0.0676,1.000,0.0478,0.69
10949,replay,4000,0.0500,1.000,0.0477,0.69
10950,replay,4000,0.0473,1.000,0.0477,0.70
10951,replay,4000,0.0607,1.000,0.0476,0.70
10952,replay,4000,0.0436,1.000,0.0475,0.70
10953,replay,4000,0.0897,1.000,0.0475,0.70
10954,replay,4000,0.0886,1.000,0.0475,0.70
10955,replay,4000,0.0865,1.000,0.0475,0.70
10956,replay,4000,0.0752,1.000,0.0475,0.70
10957,es_step,4000,0.0620,1.000,0.0475,1.35
10958,replay,4000,0.0763,1.000,0.0475,0.69
10959,replay,4000,0.0794,1.000,0.0476,0.70
10960,replay,4000,0.0948,1.000,0.0476,0.70
10961,replay,4000,0.0968,1.000,0.0476,0.70
10962,replay,4000,0.0801,1.000,0.0477,0.70
10963,replay,4000,0.0808,1.000,0.0478,0.70
10964,replay,4000,0.1044,1.000,0.0478,0.70
10965,replay,4000,0.0957,1.000,0.0478,0.70
10966,replay,4000,0.0913,1.000,0.0478,0.71
10967,replay,4000,0.0820,1.000,0.0479,0.70
10968,replay,4000,0.0840,1.000,0.0479,0.70
10969,es_step,4000,0.0642,1.000,0.0479,1.36
10970,replay,4000,0.0861,1.000,0.0479,0.70
10971,replay,4000,0.0959,1.000,0.0479,0.71
10972,replay,4000,0.0830,1.000,0.0479,0.71
10973,replay,4000,0.0673,1.000,0.0479,0.70
10974,replay,4000,0.0489,1.000,0.0478,0.70
10975,replay,4000,0.0439,1.000,0.0477,0.70
10976,replay,4000,0.0581,1.000,0.0477,0.70
10977,replay,4000,0.0263,1.000,0.0476,0.70
10978,replay,4000,0.0394,1.000,0.0475,0.70
10979,replay,4000,0.0485,1.000,0.0475,0.70
10980,replay,4000,0.0533,1.000,0.0474,0.70
10981,es_step,4000,0.0493,1.000,0.0474,1.36
10982,replay,4000,0.0430,1.000,0.0474,0.70
10983,es_step,4000,0.0567,1.000,0.0474,1.36
10984,replay,4000,0.0808,1.000,0.0473,0.70
10985,replay,4000,0.1029,1.000,0.0474,0.70
10986,es_step,4000,0.0779,1.000,0.0474,1.36
10987,replay,4000,0.0968,1.000,0.0475,0.70
10988,replay,4000,0.1086,1.000,0.0475,0.70
10989,replay,4000,0.1135,1.000,0.0476,0.70
10990,replay,4000,0.1151,1.000,0.0477,0.71
10991,replay,4000,0.1294,1.000,0.0478,0.70
10992,replay,4000,0.1114,1.000,0.0479,0.70
10993,replay,4000,0.1100,1.000,0.0480,0.70
10994,replay,4000,0.1240,1.000,0.0480,0.71
10995,replay,4000,0.1104,1.000,0.0480,0.71
10996,replay,4000,0.1198,1.000,0.0481,0.70
10997,replay,4000,0.0749,1.000,0.0481,0.70
10998,es_step,4000,0.0537,1.000,0.0481,1.37
10999,replay,4000,0.0737,1.000,0.0481,0.70
11000,replay,4000,0.1113,1.000,0.0482,0.70
11001,replay,4000,0.1103,1.000,0.0482,0.70
11002,replay,4000,0.1040,1.000,0.0483,0.70
11003,replay,4000,0.1047,1.000,0.0484,0.70
11004,replay,4000,0.0986,1.000,0.0484,0.71
11005,replay,4000,0.0941,1.000,0.0484,0.70
11006,replay,4000,0.1045,1.000,0.0484,0.70
11007,replay,4000,0.0881,1.000,0.0485,0.70
11008,replay,4000,0.0729,1.000,0.0484,0.70
11009,replay,4000,0.0675,1.000,0.0484,0.70
11010,replay,4000,0.0613,1.000,0.0484,0.70
11011,replay,4000,0.0735,1.000,0.0484,0.71
11012,replay,4000,0.0626,1.000,0.0484,0.71
11013,es_step,4000,0.0449,1.000,0.0484,1.38
11014,replay,4000,0.0632,1.000,0.0483,0.70
11015,replay,4000,0.0818,1.000,0.0482,0.71
11016,replay,4000,0.0668,1.000,0.0482,0.70
11017,es_step,4000,0.0433,1.000,0.0482,1.36
11018,replay,4000,0.0795,1.000,0.0482,0.70
11019,replay,4000,0.0626,1.000,0.0481,0.71
11020,replay,4000,0.0763,1.000,0.0480,0.70
11021,replay,4000,0.0819,1.000,0.0480,0.73
11022,replay,4000,0.1005,1.000,0.0480,0.70
11023,replay,4000,0.0959,1.000,0.0480,0.71
11024,replay,4000,0.0639,1.000,0.0478,0.71
11025,replay,4000,0.0732,1.000,0.0478,0.70
11026,replay,4000,0.0733,1.000,0.0478,0.71
11027,replay,4000,0.0404,1.000,0.0477,0.70
11028,replay,4000,0.0673,1.000,0.0477,0.70
11029,es_step,4000,0.0503,1.000,0.0477,1.36
11030,replay,4000,0.0644,1.000,0.0477,0.70
11031,es_step,4000,0.0597,1.000,0.0477,1.35
11032,replay,4000,0.0588,1.000,0.0476,0.70
11033,replay,4000,0.0778,1.000,0.0476,0.70
11034,replay,4000,0.0705,1.000,0.0475,0.70
11035,replay,4000,0.0448,1.000,0.0474,0.70
11036,es_step,4000,0.0554,1.000,0.0474,1.36
11037,es_step,4000,0.0620,1.000,0.0474,1.34
11038,replay,4000,0.0585,1.000,0.0474,0.69
11039,replay,4000,0.0599,1.000,0.0474,0.69
11040,replay,4000,0.0522,1.000,0.0474,0.70
11041,replay,4000,0.0656,1.000,0.0474,0.70
11042,replay,4000,0.0671,1.000,0.0475,0.70
11043,replay,4000,0.0788,1.000,0.0475,0.70
11044,replay,4000,0.0771,1.000,0.0475,0.71
11045,replay,4000,0.0581,1.000,0.0474,0.71
11046,es_step,4000,0.0489,1.000,0.0474,1.37
11047,es_step,4000,0.0539,1.000,0.0474,1.35
11048,replay,4000,0.0439,1.000,0.0474,0.70
11049,replay,4000,0.0560,1.000,0.0474,0.70
11050,replay,4000,-0.0200,1.000,0.0473,0.70
11051,replay,4000,0.0869,1.000,0.0474,0.70
11052,es_step,4000,0.0723,1.000,0.0474,1.36
11053,replay,4000,0.0749,1.000,0.0474,0.71
11054,replay,4000,0.0800,1.000,0.0475,0.70
11055,es_step,4000,0.0667,1.000,0.0475,1.37
11056,replay,4000,0.0816,1.000,0.0475,0.70
11057,replay,4000,0.0874,1.000,0.0475,0.71
11058,replay,4000,0.0895,1.000,0.0476,0.70
11059,replay,4000,0.0648,1.000,0.0476,0.70
11060,replay,4000,0.0804,1.000,0.0476,0.70
11061,replay,4000,0.0932,1.000,0.0478,0.70
11062,replay,4000,0.0964,1.000,0.0478,0.71
11063,replay,4000,0.0857,1.000,0.0478,0.71
11064,replay,4000,0.1088,1.000,0.0478,0.71
11065,replay,4000,0.0790,1.000,0.0478,0.71
11066,replay,4000,0.0915,1.000,0.0479,0.71
11067,replay,4000,0.1062,1.000,0.0479,0.71
11068,replay,4000,0.0988,1.000,0.0479,0.71
11069,replay,4000,0.0976,1.000,0.0480,0.86
11070,replay,4000,0.0831,1.000,0.0479,0.71
11071,replay,4000,0.0546,1.000,0.0479,0.71
11072,replay,4000,0.0697,1.000,0.0478,0.72
11073,replay,4000,0.0508,1.000,0.0478,0.72
11074,replay,4000,0.0253,1.000,0.0477,0.71
11075,es_step,4000,0.0391,1.000,0.0477,1.38
11076,es_step,4000,0.0416,1.000,0.0477,1.37
11077,replay,4000,0.0589,1.000,0.0477,0.70
11078,replay,4000,0.0816,1.000,0.0477,0.71
11079,es_step,4000,0.0500,1.000,0.0477,1.37
11080,es_step,4000,0.0466,1.000,0.0477,1.35
11081,replay,4000,0.0775,1.000,0.0476,0.70
11082,replay,4000,0.0915,1.000,0.0476,0.69
11083,es_step,4000,0.0799,1.000,0.0477,1.35
11084,replay,4000,0.0805,1.000,0.0478,0.71
11085,es_step,4000,0.0852,1.000,0.0481,1.35
11086,replay,4000,0.0947,1.000,0.0482,0.71
11087,replay,4000,0.0897,1.000,0.0483,0.70
11088,replay,4000,0.1052,1.000,0.0483,0.70
11089,es_step,4000,0.0724,1.000,0.0483,1.36
11090,replay,4000,0.0982,1.000,0.0483,0.70
11091,replay,4000,0.0787,1.000,0.0483,0.70
11092,replay,4000,0.0722,1.000,0.0483,0.70
11093,replay,4000,0.0499,1.000,0.0483,0.71
11094,es_step,4000,0.0469,1.000,0.0483,1.37
11095,replay,4000,0.0565,1.000,0.0482,0.70
11096,replay,4000,0.0654,1.000,0.0482,0.71
11097,replay,4000,0.0432,1.000,0.0481,0.71
11098,replay,4000,0.0590,1.000,0.0481,0.71
11099,replay,4000,0.0563,1.000,0.0481,0.70
11100,replay,4000,0.0621,1.000,0.0481,0.70
11101,es_step,4000,0.0584,1.000,0.0481,1.38
11102,replay,4000,0.0542,1.000,0.0481,0.71
11103,replay,4000,0.0636,1.000,0.0481,0.71
11104,replay,4000,0.0846,1.000,0.0480,0.71
11105,replay,4000,0.0896,1.000,0.0480,0.71
11106,replay,4000,0.0801,1.000,0.0480,0.71
11107,es_step,4000,0.0479,1.000,0.0480,1.37
11108,es_step,4000,0.0516,1.000,0.0480,1.36
11109,replay,4000,0.0819,1.000,0.0480,0.70
11110,replay,4000,0.0676,1.000,0.0480,0.70
11111,replay,4000,0.0356,1.000,0.0478,0.70
11112,es_step,4000,0.0256,1.000,0.0479,1.35
11113,replay,4000,0.0407,1.000,0.0477,0.69
11114,replay,4000,0.0270,1.000,0.0475,0.70
11115,es_step,4000,0.0393,1.000,0.0475,1.35
11116,replay,4000,0.0388,1.000,0.0475,0.70
11117,replay,4000,0.0819,1.000,0.0474,0.70
11118,replay,4000,0.0726,1.000,0.0474,0.70
11119,es_step,4000,0.0470,1.000,0.0474,1.35
11120,replay,4000,0.0579,1.000,0.0474,0.70
11121,replay,4000,0.0490,1.000,0.0473,0.70
11122,replay,4000,0.0633,1.000,0.0473,0.70
11123,replay,4000,0.0650,1.000,0.0472,0.71
11124,replay,4000,0.0755,1.000,0.0472,0.71
11125,es_step,4000,0.0567,1.000,0.0472,1.36
11126,replay,4000,0.0645,1.000,0.0472,0.70
11127,replay,4000,0.0579,1.000,0.0472,0.70
11128,replay,4000,0.0625,1.000,0.0472,0.70
11129,replay,4000,0.0606,1.000,0.0472,0.70
11130,replay,4000,0.0528,1.000,0.0472,0.71
11131,es_step,4000,0.0527,1.000,0.0472,1.38
11132,replay,4000,0.0757,1.000,0.0472,0.71
11133,es_step,4000,0.0489,1.000,0.0472,1.37
11134,replay,4000,0.0684,1.000,0.0472,0.70
11135,es_step,4000,0.0506,1.000,0.0472,1.35
11136,replay,4000,0.0535,1.000,0.0471,0.70
11137,replay,4000,0.0728,1.000,0.0471,0.70
11138,replay,4000,0.0809,1.000,0.0471,0.71
11139,es_step,4000,0.0604,1.000,0.0471,1.37
11140,es_step,4000,0.0606,1.000,0.0471,1.35
11141,replay,4000,0.0863,1.000,0.0472,0.71
11142,replay,4000,0.1007,1.000,0.0472,0.71
11143,replay,4000,0.0727,1.000,0.0472,0.71
11144,replay,4000,0.0635,1.000,0.0472,0.71
11145,replay,4000,0.0457,1.000,0.0471,0.71
11146,es_step,4000,0.0136,1.000,0.0471,1.37
11147,replay,4000,0.0276,1.000,0.0469,0.70
11148,es_step,4000,0.0148,1.000,0.0469,1.35
11149,replay,4000,0.0482,1.000,0.0469,0.70
11150,replay,4000,0.0221,1.000,0.0467,0.70
11151,replay,4000,0.0234,1.000,0.0466,0.71
11152,replay,4000,0.0266,1.000,0.0466,0.71
11153,replay,4000,0.0675,1.000,0.0465,0.71
11154,es_step,4000,0.0573,1.000,0.0465,3.62
11155,replay,4000,0.0485,1.000,0.0465,0.70
11156,replay,4000,0.0938,1.000,0.0465,0.71
11157,replay,4000,0.0976,1.000,0.0465,0.71
11158,replay,4000,0.1125,1.000,0.0466,0.70
11159,replay,4000,0.1125,1.000,0.0467,0.71
11160,replay,4000,0.0803,1.000,0.0467,0.71
11161,replay,4000,0.1003,1.000,0.0468,0.71
11162,replay,4000,0.1108,1.000,0.0469,0.71
11163,replay,4000,0.1067,1.000,0.0469,0.71
11164,replay,4000,0.1008,1.000,0.0470,0.71
11165,replay,4000,0.0927,1.000,0.0471,0.71
11166,replay,4000,0.0987,1.000,0.0471,0.71
11167,replay,4000,0.0975,1.000,0.0471,0.71
11168,replay,4000,0.0906,1.000,0.0472,0.71
11169,replay,4000,0.0884,1.000,0.0472,0.71
11170,replay,4000,0.1008,1.000,0.0472,0.71
11171,replay,4000,0.0873,1.000,0.0472,0.71
11172,replay,4000,0.0731,1.000,0.0472,0.71
11173,replay,4000,0.0527,1.000,0.0472,0.71
11174,replay,4000,0.0606,1.000,0.0472,0.71
11175,replay,4000,0.0490,1.000,0.0472,0.71
11176,replay,4000,0.0780,1.000,0.0472,0.71
11177,replay,4000,0.1019,1.000,0.0472,0.71
11178,replay,4000,0.0887,1.000,0.0472,0.72
11179,replay,4000,0.0790,1.000,0.0473,0.71
11180,replay,4000,0.0897,1.000,0.0473,0.72
11181,replay,4000,0.0865,1.000,0.0474,0.72
11182,es_step,4000,0.0660,1.000,0.0474,1.40
11183,replay,4000,0.0880,1.000,0.0474,0.71
11184,replay,4000,0.0700,1.000,0.0474,0.71
11185,replay,4000,0.0826,1.000,0.0474,0.71
11186,replay,4000,0.0992,1.000,0.0475,0.71
11187,replay,4000,0.1036,1.000,0.0475,0.71
11188,es_step,4000,0.0741,1.000,0.0475,1.40
11189,es_step,4000,0.0742,1.000,0.0475,1.38
11190,replay,4000,0.1128,1.000,0.0475,0.71
11191,replay,4000,0.1044,1.000,0.0476,0.71
11192,es_step,4000,0.0739,1.000,0.0476,1.38
11193,replay,4000,0.1001,1.000,0.0476,0.71
11194,replay,4000,0.0899,1.000,0.0476,0.71
11195,replay,4000,0.0726,1.000,0.0477,0.71
11196,replay,4000,0.0590,1.000,0.0477,0.71
11197,replay,4000,0.0700,1.000,0.0476,0.71
11198,es_step,4000,0.0410,1.000,0.0476,1.39
11199,replay,4000,0.0716,1.000,0.0477,0.72
11200,replay,4000,0.0695,1.000,0.0476,0.71
11201,replay,4000,0.0664,1.000,0.0476,0.72
11202,replay,4000,0.0709,1.000,0.0476,0.71
11203,replay,4000,0.0541,1.000,0.0476,0.71
11204,replay,4000,0.0504,1.000,0.0475,0.71
11205,replay,4000,0.0596,1.000,0.0476,0.71
11206,replay,4000,0.0430,1.000,0.0475,0.71
11207,es_step,4000,0.0317,1.000,0.0475,1.38
11208,replay,4000,0.0606,1.000,0.0474,0.71
11209,es_step,4000,0.0374,1.000,0.0474,1.37
11210,replay,4000,0.0516,1.000,0.0474,0.70
11211,replay,4000,0.0605,1.000,0.0474,0.70
11212,replay,4000,0.0655,1.000,0.0473,0.71
11213,es_step,4000,0.0525,1.000,0.0473,1.35
11214,es_step,4000,0.0485,1.000,0.0473,1.35
11215,replay,4000,0.0676,1.000,0.0473,0.73
11216,replay,4000,0.0822,1.000,0.0474,0.70
11217,es_step,4000,0.0585,1.000,0.0474,1.35
11218,replay,4000,0.0829,1.000,0.0474,0.70
11219,replay,4000,0.0890,1.000,0.0474,0.70
11220,replay,4000,0.0902,1.000,0.0474,0.70
11221,replay,4000,0.0751,1.000,0.0474,0.71
11222,replay,4000,0.0528,1.000,0.0474,0.71
11223,replay,4000,0.0473,1.000,0.0473,0.71
11224,replay,4000,0.0569,1.000,0.0473,0.71
11225,es_step,4000,0.0403,1.000,0.0473,1.36
11226,replay,4000,0.0387,1.000,0.0473,0.70
11227,replay,4000,0.0299,1.000,0.0472,0.70
11228,replay,4000,0.0512,1.000,0.0471,0.70
11229,replay,4000,0.0790,1.000,0.0471,0.71
11230,replay,4000,0.0725,1.000,0.0470,0.71
11231,replay,4000,0.0489,1.000,0.0470,0.71
11232,replay,4000,0.0636,1.000,0.0470,0.71
11233,replay,4000,0.0603,1.000,0.0469,0.71
11234,replay,4000,0.0876,1.000,0.0470,0.71
11235,replay,4000,0.0998,1.000,0.0471,0.71
11236,replay,4000,0.0937,1.000,0.0471,0.71
11237,replay,4000,0.1147,1.000,0.0472,0.71
11238,es_step,4000,0.0905,1.000,0.0473,1.39
11239,replay,4000,0.1108,1.000,0.0474,0.71
11240,replay,4000,0.1024,1.000,0.0475,0.71
11241,replay,4000,0.0996,1.000,0.0475,0.71
11242,es_step,4000,0.0914,1.000,0.0477,1.39
11243,replay,4000,0.0933,1.000,0.0478,0.71
11244,replay,4000,0.0940,1.000,0.0478,0.71
11245,replay,4000,0.0828,1.000,0.0479,0.71
11246,replay,4000,0.0834,1.000,0.0479,0.71
11247,replay,4000,0.0785,1.000,0.0479,0.71
11248,replay,4000,0.0637,1.000,0.0479,0.71
11249,replay,4000,0.0536,1.000,0.0479,0.71
11250,replay,4000,0.1085,1.000,0.0479,0.71
11251,replay,4000,0.0716,1.000,0.0479,0.71
11252,replay,4000,0.0667,1.000,0.0479,0.72
11253,replay,4000,0.0689,1.000,0.0479,0.72
11254,replay,4000,0.0665,1.000,0.0479,0.72
11255,replay,4000,0.0617,1.000,0.0479,0.71
11256,replay,4000,0.0411,1.000,0.0477,0.72
11257,replay,4000,0.0590,1.000,0.0477,0.71
11258,es_step,4000,0.0517,1.000,0.0477,1.39
11259,replay,4000,0.0917,1.000,0.0477,0.71
11260,replay,4000,0.0873,1.000,0.0477,0.71
11261,replay,4000,0.0983,1.000,0.0478,0.71
11262,replay,4000,0.0978,1.000,0.0478,0.71
11263,es_step,4000,0.0679,1.000,0.0478,1.38
11264,replay,4000,0.1063,1.000,0.0479,0.70
11265,replay,4000,0.0942,1.000,0.0479,0.70
11266,replay,4000,0.1063,1.000,0.0480,0.71
11267,replay,4000,0.0817,1.000,0.0480,0.71
11268,replay,4000,0.0811,1.000,0.0480,0.70
11269,replay,4000,0.0852,1.000,0.0480,0.70
11270,replay,4000,0.0633,1.000,0.0480,0.71
11271,es_step,4000,0.0566,1.000,0.0480,1.37
11272,replay,4000,0.0705,1.000,0.0480,0.71
11273,replay,4000,0.0875,1.000,0.0480,0.71
11274,replay,4000,0.0716,1.000,0.0479,0.71
11275,replay,4000,0.0545,1.000,0.0479,0.71
11276,replay,4000,0.0597,1.000,0.0479,0.71
11277,replay,4000,0.0345,1.000,0.0478,0.71
11278,replay,4000,0.0413,1.000,0.0477,0.71
11279,es_step,4000,0.0402,1.000,0.0477,1.38
11280,replay,4000,0.0326,1.000,0.0477,0.71
11281,es_step,4000,0.0461,1.000,0.0477,1.37
11282,replay,4000,0.0810,1.000,0.0477,0.70
11283,replay,4000,0.0781,1.000,0.0478,0.70
11284,replay,4000,0.0928,1.000,0.0477,0.71
11285,replay,4000,0.0989,1.000,0.0478,0.71
11286,es_step,4000,0.0845,1.000,0.0479,1.37
11287,es_step,4000,0.0878,1.000,0.0481,1.36
11288,replay,4000,0.0947,1.000,0.0482,0.70
11289,replay,4000,0.0985,1.000,0.0484,0.70
11290,replay,4000,-0.0365,1.000,0.0484,0.71
11291,replay,4000,0.0946,1.000,0.0485,0.72
11292,replay,4000,0.0855,1.000,0.0485,0.71
11293,replay,4000,0.0943,1.000,0.0485,0.70
11294,replay,4000,0.0901,1.000,0.0486,0.70
11295,replay,4000,0.0809,1.000,0.0486,0.71
11296,replay,4000,0.0734,1.000,0.0486,0.71
11297,replay,4000,0.0613,1.000,0.0485,0.71
11298,replay,4000,0.0886,1.000,0.0487,0.70
11299,es_step,4000,0.0787,1.000,0.0487,1.37
11300,replay,4000,0.1065,1.000,0.0487,0.70
11301,replay,4000,0.0880,1.000,0.0488,0.71
11302,replay,4000,0.0770,1.000,0.0488,0.70
11303,replay,4000,0.0815,1.000,0.0488,0.70
11304,replay,4000,0.0874,1.000,0.0489,0.70
11305,replay,4000,0.0657,1.000,0.0489,0.70
11306,es_step,4000,0.0545,1.000,0.0489,1.37
11307,replay,4000,0.0604,1.000,0.0488,0.71
11308,replay,4000,0.0648,1.000,0.0488,0.70
11309,replay,4000,0.0483,1.000,0.0487,0.70
11310,es_step,4000,0.0453,1.000,0.0487,1.36
11311,es_step,4000,0.0472,1.000,0.0487,1.35
11312,es_step,4000,0.0463,1.000,0.0487,1.35
11313,replay,4000,0.0457,1.000,0.0487,0.70
11314,replay,4000,0.0587,1.000,0.0487,0.70
11315,replay,4000,0.0876,1.000,0.0486,0.70
11316,replay,4000,0.0830,1.000,0.0486,0.70
11317,es_step,4000,0.0488,1.000,0.0486,1.35
11318,replay,4000,0.0821,1.000,0.0486,0.69
11319,replay,4000,0.0705,1.000,0.0486,0.69
11320,replay,4000,0.0575,1.000,0.0485,0.70
11321,replay,4000,0.0711,1.000,0.0486,0.70
11322,replay,4000,0.0511,1.000,0.0486,0.71
11323,replay,4000,0.0880,1.000,0.0487,0.70
11324,replay,4000,0.0922,1.000,0.0487,0.70
11325,replay,4000,0.0862,1.000,0.0487,0.71
11326,replay,4000,0.0753,1.000,0.0487,0.70
11327,replay,4000,0.0673,1.000,0.0488,0.70
11328,replay,4000,0.0894,1.000,0.0488,0.71
11329,replay,4000,0.0500,1.000,0.0487,0.71
11330,replay,4000,0.0710,1.000,0.0487,0.71
11331,replay,4000,0.0696,1.000,0.0487,0.71
11332,replay,4000,0.0630,1.000,0.0486,0.71
11333,replay,4000,0.0794,1.000,0.0486,0.71
11334,replay,4000,0.0699,1.000,0.0487,0.71
11335,es_step,4000,0.0725,1.000,0.0487,1.37
11336,replay,4000,0.0660,1.000,0.0487,0.70
11337,replay,4000,0.0812,1.000,0.0487,0.70
11338,replay,4000,0.0741,1.000,0.0487,0.70
11339,replay,4000,0.0469,1.000,0.0486,0.71
11340,replay,4000,0.0518,1.000,0.0486,0.71
11341,replay,4000,0.0608,1.000,0.0486,0.71
11342,es_step,4000,0.0384,1.000,0.0486,1.38
11343,replay,4000,0.0613,1.000,0.0485,0.70
11344,es_step,4000,0.0468,1.000,0.0485,1.36
11345,es_step,4000,0.0433,1.000,0.0485,1.35
11346,es_step,4000,0.0516,1.000,0.0485,1.34
11347,replay,4000,0.0613,1.000,0.0485,0.70
11348,es_step,4000,0.0461,1.000,0.0485,1.33
11349,es_step,4000,0.0472,1.000,0.0485,1.33
11350,replay,4000,0.0546,1.000,0.0485,0.69
11351,es_step,4000,0.0508,1.000,0.0485,1.36
11352,replay,4000,0.0696,1.000,0.0484,0.70
11353,es_step,4000,0.0549,1.000,0.0484,1.34
11354,replay,4000,0.0705,1.000,0.0484,0.69
11355,replay,4000,0.0704,1.000,0.0484,0.70
11356,replay,4000,0.0478,1.000,0.0484,0.71
11357,replay,4000,0.0579,1.000,0.0483,0.71
11358,replay,4000,0.0671,1.000,0.0483,0.71
11359,es_step,4000,0.0314,1.000,0.0483,1.38
11360,es_step,4000,0.0339,1.000,0.0483,1.37
11361,replay,4000,0.0342,1.000,0.0483,0.70
11362,es_step,4000,0.0398,1.000,0.0483,1.36
11363,es_step,4000,0.0348,1.000,0.0483,1.34
11364,es_step,4000,0.0342,1.000,0.0483,1.35
11365,replay,4000,0.0227,1.000,0.0481,0.70
11366,replay,4000,0.0411,1.000,0.0480,0.69
11367,es_step,4000,0.0361,1.000,0.0481,1.35
11368,replay,4000,0.0526,1.000,0.0480,0.69
11369,replay,4000,0.0362,1.000,0.0479,0.70
11370,es_step,4000,0.0326,1.000,0.0479,1.35
11371,replay,4000,0.0604,1.000,0.0479,0.70
11372,replay,4000,0.0479,1.000,0.0478,0.71
11373,replay,4000,0.0497,1.000,0.0478,0.72
11374,replay,4000,0.0690,1.000,0.0478,0.70
11375,replay,4000,0.0413,1.000,0.0478,0.71
11376,replay,4000,0.0342,1.000,0.0476,0.70
11377,replay,4000,0.0444,1.000,0.0475,0.70
11378,replay,4000,0.0494,1.000,0.0475,0.71
11379,replay,4000,0.0490,1.000,0.0475,0.71
11380,es_step,4000,0.0402,1.000,0.0475,1.37
11381,es_step,4000,0.0275,1.000,0.0475,1.35
11382,replay,4000,0.0609,1.000,0.0474,0.69
11383,es_step,4000,0.0364,1.000,0.0474,1.34
11384,replay,4000,0.0597,1.000,0.0474,0.70
11385,es_step,4000,0.0440,1.000,0.0474,1.34
11386,replay,4000,0.0572,1.000,0.0472,0.69
11387,replay,4000,0.0764,1.000,0.0473,0.70
11388,replay,4000,0.0777,1.000,0.0473,0.70
11389,replay,4000,0.1079,1.000,0.0473,0.70
11390,es_step,4000,0.0551,1.000,0.0473,1.34
11391,replay,4000,0.0851,1.000,0.0474,0.69
11392,replay,4000,0.0887,1.000,0.0474,0.69
11393,replay,4000,0.0864,1.000,0.0474,0.70
11394,replay,4000,0.0775,1.000,0.0475,0.70
11395,replay,4000,0.0652,1.000,0.0474,0.70
11396,replay,4000,0.0646,1.000,0.0474,0.70
11397,replay,4000,0.0561,1.000,0.0474,0.70
11398,replay,4000,0.0526,1.000,0.0473,0.71
11399,replay,4000,0.0527,1.000,0.0472,0.71
11400,replay,4000,0.0817,1.000,0.0472,0.71
11401,replay,4000,0.0650,1.000,0.0472,0.71
11402,replay,4000,0.0686,1.000,0.0472,0.71
11403,replay,4000,0.0969,1.000,0.0472,0.71
11404,replay,4000,0.1005,1.000,0.0473,0.71
11405,es_step,4000,0.0604,1.000,0.0473,1.37
11406,replay,4000,0.0792,1.000,0.0473,0.70
11407,replay,4000,0.0934,1.000,0.0474,0.71
11408,es_step,4000,0.0553,1.000,0.0474,1.38
11409,replay,4000,0.0907,1.000,0.0474,0.71
11410,replay,4000,0.0665,1.000,0.0473,0.70
11411,replay,4000,0.0545,1.000,0.0473,0.70
11412,es_step,4000,0.0256,1.000,0.0473,1.37
11413,replay,4000,0.0535,1.000,0.0472,0.70
11414,es_step,4000,0.0272,1.000,0.0472,1.37
11415,replay,4000,0.0656,1.000,0.0471,0.70
11416,replay,4000,0.0371,1.000,0.0471,0.70
11417,replay,4000,0.0704,1.000,0.0470,0.71
11418,replay,4000,0.0264,1.000,0.0469,0.70
11419,replay,4000,0.0543,1.000,0.0469,0.70
11420,replay,4000,0.0443,1.000,0.0469,0.71
11421,es_step,4000,0.0439,1.000,0.0469,1.37
11422,replay,4000,0.0552,1.000,0.0469,0.70
11423,replay,4000,0.0748,1.000,0.0469,0.70
11424,es_step,4000,0.0431,1.000,0.0469,1.36
11425,replay,4000,0.0737,1.000,0.0469,0.69
11426,replay,4000,0.0810,1.000,0.0469,0.70
11427,replay,4000,0.0732,1.000,0.0469,0.70
11428,replay,4000,0.0761,1.000,0.0469,0.70
11429,replay,4000,0.0736,1.000,0.0470,0.70
11430,replay,4000,0.0525,1.000,0.0470,0.71
11431,replay,4000,0.0558,1.000,0.0470,0.71
11432,replay,4000,0.0640,1.000,0.0470,0.71
11433,replay,4000,0.0716,1.000,0.0470,0.71
11434,replay,4000,0.0694,1.000,0.0470,0.71
11435,es_step,4000,0.0308,1.000,0.0470,1.37
11436,replay,4000,0.0537,1.000,0.0469,0.71
11437,replay,4000,0.0433,1.000,0.0469,0.70
11438,replay,4000,0.0561,1.000,0.0468,0.71
11439,replay,4000,0.0398,1.000,0.0467,0.70
11440,replay,4000,0.0553,1.000,0.0467,0.70
11441,replay,4000,0.0746,1.000,0.0467,0.71
11442,replay,4000,0.0841,1.000,0.0467,0.70
11443,replay,4000,0.0825,1.000,0.0467,0.71
11444,es_step,4000,0.0484,1.000,0.0467,1.38
11445,replay,4000,0.0712,1.000,0.0467,0.71
11446,replay,4000,0.0708,1.000,0.0467,0.71
11447,replay,4000,0.0485,1.000,0.0466,0.71
11448,replay,4000,0.0557,1.000,0.0465,0.71
11449,replay,4000,0.0474,1.000,0.0465,0.71
11450,replay,4000,0.0792,1.000,0.0464,0.71
11451,replay,4000,0.0725,1.000,0.0463,0.71
11452,replay,4000,0.0719,1.000,0.0463,0.71
11453,replay,4000,0.0804,1.000,0.0463,0.71
11454,es_step,4000,0.0441,1.000,0.0464,1.37
11455,replay,4000,0.1179,1.000,0.0463,0.71
11456,es_step,4000,0.0489,1.000,0.0463,1.37
11457,replay,4000,0.1015,1.000,0.0463,0.70
11458,replay,4000,0.0886,1.000,0.0463,0.70
11459,replay,4000,0.0933,1.000,0.0464,0.70
11460,replay,4000,0.0691,1.000,0.0464,0.70
11461,replay,4000,0.0849,1.000,0.0465,0.70
11462,replay,4000,0.0995,1.000,0.0466,0.70
11463,es_step,4000,0.0898,1.000,0.0468,1.36
11464,replay,4000,0.0970,1.000,0.0469,2.91
11465,replay,4000,0.1155,1.000,0.0470,0.70
11466,replay,4000,0.1081,1.000,0.0471,0.70
11467,replay,4000,0.1432,1.000,0.0471,0.70
11468,replay,4000,0.1256,1.000,0.0472,0.70
11469,replay,4000,0.1179,1.000,0.0473,0.70
11470,es_step,4000,0.0901,1.000,0.0474,1.37
11471,replay,4000,0.1124,1.000,0.0475,0.70
11472,replay,4000,0.1052,1.000,0.0476,0.70
11473,replay,4000,0.0934,1.000,0.0476,0.71
11474,es_step,4000,0.0710,1.000,0.0477,1.37
11475,replay,4000,0.0814,1.000,0.0477,0.70
11476,replay,4000,0.0507,1.000,0.0476,0.70
11477,replay,4000,0.0567,1.000,0.0476,0.70
11478,replay,4000,0.0476,1.000,0.0476,0.71
11479,replay,4000,0.0691,1.000,0.0475,0.70
11480,replay,4000,0.0782,1.000,0.0475,0.70
11481,replay,4000,0.0804,1.000,0.0475,0.70
11482,replay,4000,0.0554,1.000,0.0475,0.70
11483,replay,4000,0.0561,1.000,0.0475,0.70
11484,replay,4000,0.0586,1.000,0.0475,0.70
11485,replay,4000,0.0853,1.000,0.0475,0.70
11486,es_step,4000,0.0646,1.000,0.0475,1.36
11487,replay,4000,0.0724,1.000,0.0475,0.71
11488,replay,4000,0.0710,1.000,0.0475,0.70
11489,replay,4000,0.0683,1.000,0.0475,0.70
11490,replay,4000,0.0595,1.000,0.0474,0.70
11491,replay,4000,0.0331,1.000,0.0474,0.70
11492,es_step,4000,0.0476,1.000,0.0474,1.36
11493,es_step,4000,0.0486,1.000,0.0474,1.34
11494,es_step,4000,0.0419,1.000,0.0474,1.34
11495,replay,4000,0.0336,1.000,0.0472,0.69
11496,replay,4000,0.0776,1.000,0.0472,0.70
11497,es_step,4000,0.0456,1.000,0.0472,1.34
11498,replay,4000,0.0703,1.000,0.0472,0.70
11499,replay,4000,0.0770,1.000,0.0472,0.70
11500,replay,4000,0.0917,1.000,0.0473,0.70
11501,replay,4000,0.0817,1.000,0.0473,0.70
11502,replay,4000,0.0931,1.000,0.0473,0.71
11503,replay,4000,0.0538,1.000,0.0473,0.70
11504,replay,4000,0.0721,1.000,0.0472,0.70
11505,es_step,4000,0.0590,1.000,0.0473,1.37
11506,es_step,4000,0.0619,1.000,0.0473,1.35
11507,replay,4000,0.0779,1.000,0.0472,0.70
11508,replay,4000,0.0632,1.000,0.0472,0.70
11509,replay,4000,0.0726,1.000,0.0472,0.70
11510,es_step,4000,0.0638,1.000,0.0472,1.36
11511,replay,4000,0.0533,1.000,0.0473,0.70
11512,replay,4000,0.0777,1.000,0.0472,0.70
11513,replay,4000,0.0696,1.000,0.0472,0.70
11514,replay,4000,0.0704,1.000,0.0471,0.70
11515,replay,4000,0.0538,1.000,0.0471,0.70
11516,replay,4000,0.0691,1.000,0.0471,0.71
11517,replay,4000,0.0586,1.000,0.0472,0.70
11518,replay,4000,0.1004,1.000,0.0472,0.71
11519,es_step,4000,0.0736,1.000,0.0472,1.37
11520,replay,4000,0.1063,1.000,0.0472,0.71
11521,es_step,4000,0.0768,1.000,0.0473,1.36
11522,replay,4000,0.0928,1.000,0.0473,0.70
11523,replay,4000,0.0860,1.000,0.0474,0.71
11524,replay,4000,0.0957,1.000,0.0474,0.71
11525,es_step,4000,0.0674,1.000,0.0475,1.36
11526,replay,4000,0.0910,1.000,0.0475,0.71
11527,replay,4000,0.0648,1.000,0.0475,0.71
11528,es_step,4000,0.0821,1.000,0.0477,1.36
11529,replay,4000,0.0973,1.000,0.0478,0.70
11530,es_step,4000,0.0827,1.000,0.0478,1.35
11531,replay,4000,0.1064,1.000,0.0481,0.70
11532,replay,4000,0.1083,1.000,0.0481,0.71
11533,replay,4000,0.0864,1.000,0.0482,0.71
11534,replay,4000,0.0908,1.000,0.0482,0.71
11535,replay,4000,0.0805,1.000,0.0481,0.70
11536,replay,4000,0.0667,1.000,0.0481,0.71
11537,replay,4000,0.0349,1.000,0.0480,0.71
11538,es_step,4000,0.0384,1.000,0.0480,1.36
11539,es_step,4000,0.0396,1.000,0.0480,1.34
11540,replay,4000,0.0474,1.000,0.0480,0.70
11541,replay,4000,0.0501,1.000,0.0479,0.70
11542,replay,4000,0.0507,1.000,0.0478,0.70
11543,replay,4000,0.0798,1.000,0.0478,0.70
11544,replay,4000,0.0538,1.000,0.0477,0.70
11545,es_step,4000,0.0592,1.000,0.0477,1.35
11546,replay,4000,0.0746,1.000,0.0477,0.69
11547,replay,4000,0.0819,1.000,0.0477,0.70
11548,replay,4000,0.0742,1.000,0.0477,0.70
11549,replay,4000,0.0780,1.000,0.0477,0.70
11550,replay,4000,0.0393,1.000,0.0478,0.70
11551,replay,4000,0.0491,1.000,0.0477,0.71
11552,replay,4000,0.0577,1.000,0.0477,0.71
11553,replay,4000,0.0527,1.000,0.0477,0.70
11554,es_step,4000,0.0407,1.000,0.0477,1.36
11555,replay,4000,0.0478,1.000,0.0476,0.71
11556,replay,4000,0.0370,1.000,0.0476,0.71
11557,replay,4000,0.0606,1.000,0.0475,0.71
11558,replay,4000,0.0491,1.000,0.0474,0.71
11559,replay,4000,0.0579,1.000,0.0474,0.70
11560,replay,4000,0.0661,1.000,0.0474,0.71
11561,es_step,4000,0.0510,1.000,0.0474,1.37
11562,es_step,4000,0.0458,1.000,0.0474,1.37
11563,replay,4000,0.0645,1.000,0.0474,0.70
11564,replay,4000,0.0996,1.000,0.0474,0.70
11565,replay,4000,0.0690,1.000,0.0474,0.70
11566,replay,4000,0.0668,1.000,0.0474,0.71
11567,es_step,4000,0.0761,1.000,0.0475,1.36
11568,replay,4000,0.0783,1.000,0.0475,0.70
11569,replay,4000,0.0989,1.000,0.0475,0.71
11570,replay,4000,0.1035,1.000,0.0476,0.71
11571,replay,4000,0.1023,1.000,0.0477,0.70
11572,replay,4000,0.1039,1.000,0.0477,0.70
11573,replay,4000,0.0968,1.000,0.0478,0.71
11574,replay,4000,0.1044,1.000,0.0479,0.70
11575,replay,4000,0.0958,1.000,0.0480,0.70
11576,replay,4000,0.1440,1.000,0.0481,0.70
11577,replay,4000,0.0923,1.000,0.0481,0.70
11578,replay,4000,0.1285,1.000,0.0482,0.70
11579,replay,4000,0.0924,1.000,0.0482,0.70
11580,replay,4000,0.1019,1.000,0.0482,0.70
11581,replay,4000,0.1122,1.000,0.0483,0.70
11582,replay,4000,0.0882,1.000,0.0484,0.70
11583,replay,4000,0.0751,1.000,0.0484,0.70
11584,replay,4000,0.0874,1.000,0.0484,0.70
11585,replay,4000,0.1060,1.000,0.0485,0.70
11586,replay,4000,0.1057,1.000,0.0486,0.70
11587,replay,4000,0.1045,1.000,0.0486,0.70
11588,replay,4000,0.0890,1.000,0.0487,0.70
11589,es_step,4000,0.0670,1.000,0.0487,1.36
11590,es_step,4000,0.0663,1.000,0.0487,1.34
11591,replay,4000,0.0964,1.000,0.0487,0.70
11592,replay,4000,0.0821,1.000,0.0486,0.69
11593,replay,4000,0.0401,1.000,0.0486,0.70
11594,replay,4000,0.0466,1.000,0.0486,0.71
11595,es_step,4000,0.0418,1.000,0.0486,1.35
11596,replay,4000,0.0625,1.000,0.0485,0.70
11597,replay,4000,0.0516,1.000,0.0484,0.70
11598,replay,4000,0.0611,1.000,0.0484,0.70
11599,replay,4000,0.0726,1.000,0.0484,0.69
11600,replay,4000,0.0483,1.000,0.0484,0.70
11601,replay,4000,0.0603,1.000,0.0483,0.70
11602,es_step,4000,0.0357,1.000,0.0483,1.34
11603,replay,4000,0.0393,1.000,0.0482,0.69
11604,replay,4000,0.0480,1.000,0.0481,0.69
11605,replay,4000,0.0494,1.000,0.0481,0.70
11606,es_step,4000,0.0328,1.000,0.0481,1.33
11607,replay,4000,0.0222,1.000,0.0479,0.69
11608,replay,4000,0.0406,1.000,0.0478,0.70
11609,replay,4000,0.0570,1.000,0.0478,0.71
11610,replay,4000,0.0648,1.000,0.0478,0.71
11611,replay,4000,0.0655,1.000,0.0477,0.71
11612,replay,4000,0.0530,1.000,0.0477,0.71
11613,es_step,4000,0.0381,1.000,0.0477,1.36
11614,replay,4000,0.0548,1.000,0.0476,0.70
11615,replay,4000,0.0471,1.000,0.0475,0.70
11616,replay,4000,0.0439,1.000,0.0475,0.70
11617,replay,4000,0.0413,1.000,0.0474,0.70
11618,replay,4000,0.0124,1.000,0.0473,0.70
11619,replay,4000,0.0573,1.000,0.0473,0.70
11620,replay,4000,0.0528,1.000,0.0472,0.70
11621,es_step,4000,0.0490,1.000,0.0472,1.35
11622,replay,4000,0.0715,1.000,0.0472,0.70
11623,replay,4000,0.0733,1.000,0.0472,0.70
11624,replay,4000,0.0580,1.000,0.0472,0.70
11625,replay,4000,0.0768,1.000,0.0472,0.71
11626,replay,4000,0.0709,1.000,0.0472,0.71
11627,replay,4000,0.0752,1.000,0.0473,0.71
11628,replay,4000,0.0785,1.000,0.0473,0.71
11629,replay,4000,0.0878,1.000,0.0473,0.71
11630,replay,4000,0.0853,1.000,0.0473,0.71
11631,replay,4000,0.0961,1.000,0.0474,0.71
11632,replay,4000,0.0834,1.000,0.0474,0.71
11633,es_step,4000,0.0746,1.000,0.0475,1.38
11634,replay,4000,-0.0064,1.000,0.0476,0.70
11635,replay,4000,0.1071,1.000,0.0477,0.71
11636,replay,4000,0.1054,1.000,0.0477,0.71
11637,replay,4000,0.1000,1.000,0.0478,0.71
11638,replay,4000,0.0651,1.000,0.0478,0.71
11639,replay,4000,0.0868,1.000,0.0479,0.71
11640,replay,4000,0.0931,1.000,0.0479,0.71
11641,replay,4000,0.1107,1.000,0.0480,0.71
11642,replay,4000,0.0959,1.000,0.0480,0.71
11643,replay,4000,0.1040,1.000,0.0480,0.71
11644,replay,4000,0.0757,1.000,0.0481,0.71
11645,replay,4000,0.0840,1.000,0.0481,0.71
11646,replay,4000,0.0976,1.000,0.0482,0.71
11647,replay,4000,0.1060,1.000,0.0483,0.71
11648,replay,4000,0.0946,1.000,0.0485,0.71
11649,replay,4000,0.0927,1.000,0.0485,0.71
11650,replay,4000,0.1161,1.000,0.0486,0.71
11651,replay,4000,0.1006,1.000,0.0486,0.71
11652,replay,4000,0.0993,1.000,0.0487,0.71
11653,replay,4000,0.0932,1.000,0.0488,0.71
11654,replay,4000,0.0816,1.000,0.0488,0.71
11655,replay,4000,0.0681,1.000,0.0488,0.71
11656,replay,4000,0.0541,1.000,0.0487,0.71
11657,replay,4000,0.0367,1.000,0.0486,0.71
11658,replay,4000,0.0307,1.000,0.0485,0.71
11659,replay,4000,0.0198,1.000,0.0484,0.71
11660,replay,4000,0.0156,1.000,0.0483,0.71
11661,replay,4000,0.0487,1.000,0.0482,0.71
11662,es_step,4000,0.0322,1.000,0.0482,1.39
11663,es_step,4000,0.0365,1.000,0.0482,1.38
11664,replay,4000,0.0394,1.000,0.0481,0.71
11665,es_step,4000,0.0345,1.000,0.0481,1.38
11666,replay,4000,0.0419,1.000,0.0480,0.70
11667,replay,4000,0.0442,1.000,0.0480,0.70
11668,replay,4000,0.0591,1.000,0.0479,0.71
11669,replay,4000,0.0641,1.000,0.0479,0.70
11670,replay,4000,0.0468,1.000,0.0479,0.71
11671,es_step,4000,0.0554,1.000,0.0479,1.37
11672,es_step,4000,0.0554,1.000,0.0479,1.36
11673,replay,4000,0.0506,1.000,0.0479,0.70
11674,replay,4000,0.0993,1.000,0.0479,0.70
11675,replay,4000,0.1014,1.000,0.0479,0.70
11676,es_step,4000,0.0724,1.000,0.0480,1.36
11677,replay,4000,0.0935,1.000,0.0480,0.70
11678,replay,4000,0.1066,1.000,0.0480,0.70
11679,replay,4000,0.0879,1.000,0.0481,0.70
11680,replay,4000,0.0712,1.000,0.0480,0.70
11681,replay,4000,0.0899,1.000,0.0481,0.70
11682,es_step,4000,0.0691,1.000,0.0481,1.36
11683,es_step,4000,0.0630,1.000,0.0481,1.36
11684,replay,4000,0.0611,1.000,0.0481,0.70
11685,replay,4000,0.0707,1.000,0.0481,0.71
11686,replay,4000,0.0717,1.000,0.0481,0.71
11687,replay,4000,0.0676,1.000,0.0481,0.70
11688,replay,4000,0.0639,1.000,0.0482,0.70
11689,replay,4000,0.0530,1.000,0.0481,0.71
11690,replay,4000,0.0694,1.000,0.0481,0.70
11691,replay,4000,0.0627,1.000,0.0481,0.70
11692,replay,4000,0.0465,1.000,0.0480,0.70
11693,es_step,4000,0.0464,1.000,0.0481,1.36
11694,replay,4000,0.0703,1.000,0.0480,0.70
11695,replay,4000,0.0657,1.000,0.0480,0.70
11696,replay,4000,0.0494,1.000,0.0479,0.71
11697,es_step,4000,0.0384,1.000,0.0479,1.38
11698,replay,4000,0.0547,1.000,0.0479,0.71
11699,replay,4000,0.0451,1.000,0.0478,0.70
11700,replay,4000,0.0643,1.000,0.0477,0.71
11701,replay,4000,0.0359,1.000,0.0477,0.70
11702,replay,4000,0.0380,1.000,0.0476,0.70
11703,es_step,4000,0.0323,1.000,0.0476,1.37
11704,es_step,4000,0.0344,1.000,0.0476,1.36
11705,replay,4000,0.0465,1.000,0.0476,0.70
11706,replay,4000,0.0477,1.000,0.0476,0.71
11707,replay,4000,0.0560,1.000,0.0475,0.70
11708,replay,4000,0.0447,1.000,0.0475,0.70
11709,replay,4000,0.0503,1.000,0.0474,0.71
11710,replay,4000,0.0554,1.000,0.0474,0.70
11711,replay,4000,0.0419,1.000,0.0474,0.70
11712,replay,4000,0.0632,1.000,0.0473,0.71
11713,replay,4000,0.0548,1.000,0.0473,0.71
11714,replay,4000,0.0611,1.000,0.0473,0.71
11715,replay,4000,0.0676,1.000,0.0473,0.71
11716,es_step,4000,0.0409,1.000,0.0473,1.37
11717,replay,4000,0.0411,1.000,0.0472,0.70
11718,es_step,4000,0.0388,1.000,0.0472,1.36
11719,es_step,4000,0.0403,1.000,0.0472,1.36
11720,replay,4000,0.0412,1.000,0.0472,0.71
11721,replay,4000,0.0218,1.000,0.0470,0.71
11722,replay,4000,0.0523,1.000,0.0470,0.71
11723,replay,4000,0.0535,1.000,0.0470,0.71
11724,es_step,4000,0.0416,1.000,0.0470,1.37
11725,replay,4000,0.0655,1.000,0.0470,0.70
11726,replay,4000,0.0681,1.000,0.0470,0.71
11727,replay,4000,0.0567,1.000,0.0469,0.70
11728,replay,4000,0.0514,1.000,0.0469,0.71
11729,replay,4000,0.0504,1.000,0.0469,0.71
11730,replay,4000,0.0753,1.000,0.0469,0.71
11731,replay,4000,0.0705,1.000,0.0469,0.71
11732,replay,4000,0.0689,1.000,0.0468,0.71
11733,replay,4000,0.0546,1.000,0.0468,0.71
11734,replay,4000,0.0703,1.000,0.0468,0.71
11735,es_step,4000,0.0411,1.000,0.0468,1.38
11736,replay,4000,0.0660,1.000,0.0468,0.71
11737,replay,4000,0.0641,1.000,0.0468,0.71
11738,replay,4000,0.0609,1.000,0.0467,0.71
11739,replay,4000,0.0661,1.000,0.0467,0.71
11740,replay,4000,0.0639,1.000,0.0467,0.71
11741,replay,4000,0.0921,1.000,0.0467,0.71
11742,replay,4000,0.0929,1.000,0.0467,0.71
11743,replay,4000,0.0922,1.000,0.0469,0.70
11744,replay,4000,0.1094,1.000,0.0470,0.70
11745,replay,4000,0.1081,1.000,0.0471,0.71
11746,es_step,4000,0.0857,1.000,0.0473,1.37
11747,replay,4000,0.1134,1.000,0.0474,0.71
11748,replay,4000,0.0709,1.000,0.0473,0.71
11749,replay,4000,0.1273,1.000,0.0474,0.71
11750,replay,4000,0.1135,1.000,0.0475,0.71
11751,replay,4000,0.1188,1.000,0.0476,0.71
11752,replay,4000,0.1034,1.000,0.0477,0.71
11753,es_step,4000,0.0662,1.000,0.0477,1.39
11754,replay,4000,0.1007,1.000,0.0478,0.71
11755,replay,4000,0.0884,1.000,0.0478,0.71
11756,replay,4000,0.0657,1.000,0.0477,0.71
11757,es_step,4000,0.0441,1.000,0.0477,1.38
11758,replay,4000,0.0474,1.000,0.0477,0.70
11759,replay,4000,0.0652,1.000,0.0477,0.70
11760,replay,4000,0.0725,1.000,0.0477,0.70
11761,replay,4000,0.0651,1.000,0.0477,0.71
11762,replay,4000,0.0698,1.000,0.0477,0.70
11763,es_step,4000,0.0431,1.000,0.0477,1.36
11764,replay,4000,0.0605,1.000,0.0477,0.70
11765,es_step,4000,0.0420,1.000,0.0477,1.36
11766,es_step,4000,0.0466,1.000,0.0477,1.34
11767,replay,4000,0.0529,1.000,0.0476,0.71
11768,replay,4000,0.0516,1.000,0.0476,0.71
11769,replay,4000,0.0643,1.000,0.0475,0.71
11770,replay,4000,0.0393,1.000,0.0475,0.70
11771,replay,4000,0.0608,1.000,0.0474,0.70
11772,replay,4000,0.0744,1.000,0.0474,0.70
11773,replay,4000,0.0544,1.000,0.0475,0.70
11774,replay,4000,0.0834,1.000,0.0475,0.70
11775,replay,4000,0.0785,1.000,0.0475,0.70
11776,replay,4000,0.0852,1.000,0.0475,0.71
11777,replay,4000,0.0858,1.000,0.0476,0.71
11778,replay,4000,0.0850,1.000,0.0476,0.71
11779,replay,4000,0.0932,1.000,0.0477,0.71
11780,replay,4000,0.1024,1.000,0.0478,2.92
11781,es_step,4000,0.0534,1.000,0.0478,1.39
11782,replay,4000,0.1082,1.000,0.0478,0.71
11783,replay,4000,0.1191,1.000,0.0479,0.71
11784,es_step,4000,0.0800,1.000,0.0480,1.39
11785,es_step,4000,0.0775,1.000,0.0480,1.37
11786,replay,4000,0.1207,1.000,0.0480,0.70
11787,replay,4000,0.1107,1.000,0.0481,0.70
11788,replay,4000,0.1099,1.000,0.0481,0.70
11789,es_step,4000,0.0708,1.000,0.0482,1.36
11790,replay,4000,0.1129,1.000,0.0482,0.70
11791,replay,4000,0.0964,1.000,0.0483,0.70
11792,replay,4000,0.0718,1.000,0.0483,0.71
11793,replay,4000,0.0912,1.000,0.0483,0.70
11794,es_step,4000,0.0579,1.000,0.0483,1.35
11795,replay,4000,0.0653,1.000,0.0483,0.69
11796,replay,4000,0.0730,1.000,0.0482,0.70
11797,replay,4000,0.0615,1.000,0.0482,0.70
11798,es_step,4000,0.0293,1.000,0.0482,1.37
11799,replay,4000,0.0562,1.000,0.0482,0.70
11800,replay,4000,0.0683,1.000,0.0481,0.71
11801,replay,4000,0.0572,1.000,0.0481,0.70
11802,es_step,4000,0.0385,1.000,0.0481,1.38
11803,replay,4000,0.0725,1.000,0.0480,0.71
11804,replay,4000,0.0613,1.000,0.0480,0.70
11805,replay,4000,0.0790,1.000,0.0480,0.70
11806,replay,4000,0.0681,1.000,0.0479,0.70
11807,replay,4000,0.0346,1.000,0.0479,0.70
11808,replay,4000,0.0523,1.000,0.0479,0.70
11809,replay,4000,0.0679,1.000,0.0479,0.70
11810,replay,4000,0.0690,1.000,0.0478,0.70
11811,replay,4000,0.0405,1.000,0.0478,0.70
11812,replay,4000,0.0865,1.000,0.0478,0.71
11813,replay,4000,0.0657,1.000,0.0478,0.71
11814,replay,4000,0.0669,1.000,0.0478,0.71
11815,replay,4000,0.0961,1.000,0.0479,0.71
11816,replay,4000,0.0918,1.000,0.0479,0.71
11817,replay,4000,0.0886,1.000,0.0479,0.71
11818,replay,4000,0.0659,1.000,0.0479,0.71
11819,replay,4000,0.0523,1.000,0.0479,0.71
11820,replay,4000,0.0495,1.000,0.0479,0.70
11821,replay,4000,0.0509,1.000,0.0479,0.70
11822,replay,4000,0.0039,1.000,0.0477,0.71
11823,replay,4000,0.0432,1.000,0.0476,0.71
11824,replay,4000,0.0624,1.000,0.0476,0.71
11825,replay,4000,0.0775,1.000,0.0476,0.71
11826,es_step,4000,0.0400,1.000,0.0476,1.38
11827,replay,4000,0.0619,1.000,0.0476,0.70
11828,replay,4000,0.0880,1.000,0.0476,0.71
11829,es_step,4000,0.0491,1.000,0.0476,1.37
11830,replay,4000,0.0875,1.000,0.0476,0.70
11831,replay,4000,0.0784,1.000,0.0476,0.70
11832,replay,4000,0.1009,1.000,0.0477,0.71
11833,replay,4000,0.1033,1.000,0.0477,0.71
11834,es_step,4000,0.0694,1.000,0.0477,1.38
11835,es_step,4000,0.0682,1.000,0.0477,1.37
11836,replay,4000,0.1037,1.000,0.0478,0.70
11837,es_step,4000,0.0666,1.000,0.0478,1.37
11838,replay,4000,0.1011,1.000,0.0479,0.70
11839,replay,4000,0.0896,1.000,0.0479,0.71
11840,replay,4000,0.1094,1.000,0.0480,0.71
11841,replay,4000,0.1121,1.000,0.0482,0.70
11842,es_step,4000,0.0762,1.000,0.0483,1.37
11843,replay,4000,0.1218,1.000,0.0484,0.70
11844,replay,4000,0.0877,1.000,0.0484,0.70
11845,replay,4000,0.1000,1.000,0.0485,0.70
11846,replay,4000,0.1488,1.000,0.0487,0.70
11847,es_step,4000,0.1113,1.000,0.0490,1.36
11848,replay,4000,0.1685,1.000,0.0491,0.70
11849,replay,4000,0.1747,1.000,0.0492,0.70
11850,replay,4000,0.1477,1.000,0.0495,0.71
11851,replay,4000,0.1561,1.000,0.0496,0.70
11852,replay,4000,0.1347,1.000,0.0498,0.70
11853,replay,4000,0.1029,1.000,0.0498,0.70
11854,replay,4000,0.0842,1.000,0.0498,0.70
11855,replay,4000,0.0543,1.000,0.0498,0.70
11856,replay,4000,0.0411,1.000,0.0497,0.70
11857,replay,4000,0.0413,1.000,0.0496,0.70
11858,replay,4000,0.0297,1.000,0.0494,0.70
11859,replay,4000,0.0737,1.000,0.0493,0.70
11860,replay,4000,0.0595,1.000,0.0493,0.70
11861,replay,4000,0.0794,1.000,0.0492,0.70
11862,replay,4000,0.0392,1.000,0.0491,0.71
11863,replay,4000,0.0505,1.000,0.0491,0.71
11864,replay,4000,0.0747,1.000,0.0491,0.71
11865,replay,4000,0.0650,1.000,0.0491,0.70
11866,replay,4000,0.0629,1.000,0.0491,0.71
11867,replay,4000,0.0565,1.000,0.0491,0.70
11868,replay,4000,0.0818,1.000,0.0490,0.71
11869,replay,4000,0.0568,1.000,0.0490,0.71
11870,replay,4000,0.0723,1.000,0.0490,0.71
11871,replay,4000,0.0632,1.000,0.0490,0.71
11872,replay,4000,0.0492,1.000,0.0489,0.71
11873,replay,4000,0.0507,1.000,0.0489,0.71
11874,replay,4000,0.0833,1.000,0.0489,0.71
11875,replay,4000,0.0415,1.000,0.0488,0.70
11876,replay,4000,0.0450,1.000,0.0488,0.71
11877,replay,4000,0.0569,1.000,0.0487,0.71
11878,replay,4000,0.0739,1.000,0.0487,0.71
11879,replay,4000,0.0658,1.000,0.0487,0.71
11880,replay,4000,0.0762,1.000,0.0486,0.70
11881,replay,4000,0.0733,1.000,0.0486,0.70
11882,replay,4000,0.0337,1.000,0.0484,0.70
11883,replay,4000,0.0419,1.000,0.0483,0.71
11884,replay,4000,0.0385,1.000,0.0483,0.71
11885,replay,4000,0.0390,1.000,0.0483,0.70
11886,replay,4000,0.0426,1.000,0.0482,0.70
11887,replay,4000,0.0545,1.000,0.0482,0.71
11888,replay,4000,0.0383,1.000,0.0481,0.70
11889,replay,4000,0.0474,1.000,0.0481,0.71
11890,replay,4000,0.0752,1.000,0.0481,0.70
11891,es_step,4000,0.0552,1.000,0.0482,1.37
11892,replay,4000,0.0495,1.000,0.0481,0.70
11893,replay,4000,0.0776,1.000,0.0482,0.71
11894,es_step,4000,0.0579,1.000,0.0482,1.38
11895,replay,4000,0.0679,1.000,0.0482,0.71
11896,replay,4000,0.0611,1.000,0.0482,0.70
11897,replay,4000,0.0911,1.000,0.0481,0.70
11898,replay,4000,0.0885,1.000,0.0482,0.70
11899,es_step,4000,0.0606,1.000,0.0482,1.36
11900,replay,4000,0.0746,1.000,0.0482,0.70
11901,es_step,4000,0.0560,1.000,0.0482,1.37
11902,replay,4000,0.0798,1.000,0.0482,0.70
11903,replay,4000,0.0814,1.000,0.0482,0.70
11904,replay,4000,0.0846,1.000,0.0482,0.70
11905,replay,4000,0.0762,1.000,0.0482,0.70
11906,replay,4000,0.0771,1.000,0.0482,0.70
11907,replay,4000,0.0707,1.000,0.0482,0.71
11908,replay,4000,0.0496,1.000,0.0480,0.70
11909,replay,4000,0.0624,1.000,0.0479,0.71
11910,replay,4000,0.0314,1.000,0.0478,0.70
11911,es_step,4000,0.0209,1.000,0.0478,1.37
11912,replay,4000,0.0446,1.000,0.0478,0.70
11913,replay,4000,0.0390,1.000,0.0477,0.70
11914,replay,4000,0.0381,1.000,0.0476,0.70
11915,replay,4000,0.0374,1.000,0.0476,0.70
11916,replay,4000,0.0431,1.000,0.0475,0.70
11917,es_step,4000,0.0296,1.000,0.0475,1.37
11918,replay,4000,0.0397,1.000,0.0475,0.70
11919,replay,4000,0.0499,1.000,0.0474,0.70
11920,replay,4000,0.0444,1.000,0.0473,0.70
11921,replay,4000,0.0414,1.000,0.0473,0.70
11922,replay,4000,0.0365,1.000,0.0472,0.70
11923,replay,4000,0.0417,1.000,0.0472,0.70
11924,replay,4000,0.0462,1.000,0.0472,0.70
11925,replay,4000,0.0614,1.000,0.0471,0.71
11926,replay,4000,0.0496,1.000,0.0470,0.71
11927,replay,4000,0.0454,1.000,0.0470,0.71
11928,replay,4000,0.0480,1.000,0.0470,0.71
11929,replay,4000,0.0547,1.000,0.0469,0.71
11930,replay,4000,0.0462,1.000,0.0469,0.71
11931,replay,4000,0.0570,1.000,0.0469,0.71
11932,replay,4000,0.0653,1.000,0.0469,0.70
11933,replay,4000,0.0781,1.000,0.0469,0.70
11934,replay,4000,0.0829,1.000,0.0469,0.70
11935,replay,4000,0.1143,1.000,0.0470,0.70
11936,replay,4000,0.1063,1.000,0.0471,0.70
11937,replay,4000,0.0875,1.000,0.0470,0.70
11938,replay,4000,0.0950,1.000,0.0470,0.70
11939,es_step,4000,0.0454,1.000,0.0470,1.37
11940,es_step,4000,0.0420,1.000,0.0470,1.36
11941,replay,4000,0.0774,1.000,0.0470,0.70
11942,es_step,4000,0.0430,1.000,0.0470,1.37
11943,es_step,4000,0.0376,1.000,0.0470,1.36
11944,replay,4000,0.0816,1.000,0.0470,0.70
11945,replay,4000,0.0459,1.000,0.0469,0.70
11946,replay,4000,0.0429,1.000,0.0469,0.70
11947,replay,4000,0.0697,1.000,0.0469,0.70
11948,replay,4000,0.0238,1.000,0.0467,0.70
11949,replay,4000,0.0436,1.000,0.0467,0.70
11950,replay,4000,0.0637,1.000,0.0466,0.70
11951,es_step,4000,0.0491,1.000,0.0466,1.36
11952,replay,4000,0.0543,1.000,0.0467,0.70
11953,replay,4000,0.0737,1.000,0.0467,0.70
11954,replay,4000,0.0830,1.000,0.0467,0.70
11955,replay,4000,0.0810,1.000,0.0467,0.70
11956,replay,4000,0.0698,1.000,0.0467,0.70
11957,replay,4000,0.0405,1.000,0.0466,0.71
11958,replay,4000,0.0345,1.000,0.0465,0.70
11959,replay,4000,0.0137,1.000,0.0464,0.70
11960,replay,4000,0.0443,1.000,0.0463,0.70
11961,replay,4000,0.0468,1.000,0.0462,0.70
11962,replay,4000,0.0925,1.000,0.0462,0.70
11963,replay,4000,0.0652,1.000,0.0463,0.70
11964,replay,4000,0.0533,1.000,0.0463,0.70
11965,replay,4000,0.0758,1.000,0.0463,0.70
11966,replay,4000,0.0570,1.000,0.0463,0.71
11967,replay,4000,0.0771,1.000,0.0463,0.70
11968,replay,4000,0.0901,1.000,0.0463,0.70
11969,es_step,4000,0.0482,1.000,0.0463,1.37
11970,es_step,4000,0.0551,1.000,0.0463,1.36
11971,es_step,4000,0.0583,1.000,0.0463,1.49
11972,replay,4000,0.0858,1.000,0.0463,0.70
11973,replay,4000,0.0702,1.000,0.0463,0.70
11974,es_step,4000,0.0265,1.000,0.0463,1.35
11975,replay,4000,0.0498,1.000,0.0463,0.70
11976,replay,4000,0.0300,1.000,0.0461,0.70
11977,replay,4000,0.0211,1.000,0.0460,0.71
11978,es_step,4000,0.0189,1.000,0.0460,1.38
11979,replay,4000,0.0238,1.000,0.0460,0.70
11980,replay,4000,0.0347,1.000,0.0459,0.70
11981,es_step,4000,0.0352,1.000,0.0459,1.37
11982,replay,4000,0.0444,1.000,0.0458,0.70
11983,replay,4000,0.0388,1.000,0.0458,0.71
11984,replay,4000,0.0474,1.000,0.0458,0.70
11985,replay,4000,0.0678,1.000,0.0458,0.70
11986,replay,4000,0.0805,1.000,0.0459,0.70
11987,replay,4000,0.0910,1.000,0.0459,0.70
11988,replay,4000,0.0847,1.000,0.0460,0.70
11989,replay,4000,0.0810,1.000,0.0460,0.70
11990,es_step,4000,0.0737,1.000,0.0460,1.36
11991,replay,4000,0.0913,1.000,0.0461,0.70
11992,es_step,4000,0.0762,1.000,0.0461,1.37
11993,replay,4000,0.0860,1.000,0.0462,0.70
11994,es_step,4000,0.0670,1.000,0.0462,1.37
11995,replay,4000,0.0757,1.000,0.0462,0.70
11996,replay,4000,0.0709,1.000,0.0462,0.71
11997,replay,4000,0.0649,1.000,0.0462,0.71
11998,es_step,4000,0.0363,1.000,0.0462,1.36
11999,es_step,4000,0.0420,1.000,0.0462,1.35
12000,es_step,4000,0.0427,1.000,0.0462,1.34
12001,replay,4000,0.0494,1.000,0.0461,0.70
12002,es_step,4000,0.0443,1.000,0.0461,1.34
12003,replay,4000,0.0477,1.000,0.0461,0.70
12004,replay,4000,0.0471,1.000,0.0461,0.70
12005,replay,4000,0.0568,1.000,0.0460,0.70
12006,replay,4000,0.0449,1.000,0.0460,0.71
12007,replay,4000,0.0505,1.000,0.0460,0.71
12008,replay,4000,0.0527,1.000,0.0459,0.70
12009,replay,4000,0.0585,1.000,0.0459,0.71
12010,replay,4000,0.0729,1.000,0.0459,0.71
12011,replay,4000,0.0636,1.000,0.0459,0.71
12012,replay,4000,0.0797,1.000,0.0459,0.71
12013,replay,4000,0.0695,1.000,0.0459,0.71
12014,replay,4000,0.0807,1.000,0.0459,0.71
12015,replay,4000,0.0900,1.000,0.0459,0.71
12016,replay,4000,0.0785,1.000,0.0458,0.71
12017,replay,4000,0.0678,1.000,0.0458,0.71
12018,es_step,4000,0.0436,1.000,0.0458,1.37
12019,es_step,4000,0.0421,1.000,0.0458,1.36
12020,replay,4000,0.0608,1.000,0.0458,0.70
12021,replay,4000,0.0536,1.000,0.0458,0.70
12022,es_step,4000,0.0335,1.000,0.0458,1.35
12023,replay,4000,0.0671,1.000,0.0458,0.70
12024,replay,4000,0.0453,1.000,0.0457,0.70
12025,replay,4000,0.0682,1.000,0.0457,0.70
12026,replay,4000,0.0860,1.000,0.0458,0.71
12027,replay,4000,0.0746,1.000,0.0458,0.71
12028,replay,4000,0.0714,1.000,0.0458,0.71
12029,replay,4000,0.0579,1.000,0.0458,0.71
12030,replay,4000,0.0718,1.000,0.0458,0.72
12031,replay,4000,0.0625,1.000,0.0458,0.72
12032,replay,4000,0.0647,1.000,0.0458,0.71
12033,replay,4000,0.0720,1.000,0.0458,0.71
12034,es_step,4000,0.0232,1.000,0.0458,1.39
12035,replay,4000,0.0489,1.000,0.0457,0.71
12036,replay,4000,0.0405,1.000,0.0456,0.71
12037,es_step,4000,0.0130,1.000,0.0456,1.38
12038,replay,4000,0.0296,1.000,0.0454,0.71
12039,replay,4000,0.0235,1.000,0.0454,0.71
12040,replay,4000,0.0321,1.000,0.0452,0.71
12041,replay,4000,0.0213,1.000,0.0451,0.72
12042,replay,4000,0.0635,1.000,0.0453,0.72
12043,replay,4000,0.0576,1.000,0.0452,0.71
12044,replay,4000,0.0472,1.000,0.0451,0.71
12045,replay,4000,0.0636,1.000,0.0451,0.71
12046,replay,4000,0.0713,1.000,0.0452,0.72
12047,replay,4000,0.1042,1.000,0.0452,0.72
12048,replay,4000,0.0808,1.000,0.0452,0.72
12049,replay,4000,0.0881,1.000,0.0453,0.72
12050,es_step,4000,0.0572,1.000,0.0453,1.40
12051,replay,4000,0.0978,1.000,0.0453,0.71
12052,replay,4000,0.0913,1.000,0.0454,0.71
12053,es_step,4000,0.0531,1.000,0.0454,1.38
12054,es_step,4000,0.0520,1.000,0.0454,1.37
12055,replay,4000,0.1018,1.000,0.0454,0.71
12056,replay,4000,0.0874,1.000,0.0455,0.71
12057,replay,4000,0.0961,1.000,0.0455,0.71
12058,replay,4000,0.0939,1.000,0.0456,0.71
12059,replay,4000,0.0887,1.000,0.0456,0.71
12060,es_step,4000,0.0426,1.000,0.0456,1.37
12061,replay,4000,0.0686,1.000,0.0455,0.71
12062,replay,4000,0.0586,1.000,0.0455,0.71
12063,replay,4000,0.0585,1.000,0.0455,0.70
12064,es_step,4000,0.0240,1.000,0.0455,1.36
12065,replay,4000,0.0511,1.000,0.0454,0.71
12066,replay,4000,0.0566,1.000,0.0453,0.71
12067,es_step,4000,0.0285,1.000,0.0453,1.37
12068,es_step,4000,0.0292,1.000,0.0453,1.36
12069,es_step,4000,0.0321,1.000,0.0453,1.35
12070,es_step,4000,0.0331,1.000,0.0453,1.36
12071,replay,4000,0.0560,1.000,0.0453,0.70
12072,es_step,4000,0.0369,1.000,0.0453,1.35
12073,replay,4000,0.0760,1.000,0.0453,0.70
12074,es_step,4000,0.0398,1.000,0.0453,1.35
12075,es_step,4000,0.0406,1.000,0.0453,1.36
12076,replay,4000,0.0589,1.000,0.0453,0.70
12077,es_step,4000,0.0519,1.000,0.0453,1.35
12078,replay,4000,0.0961,1.000,0.0453,0.71
12079,es_step,4000,0.0590,1.000,0.0453,1.38
12080,replay,4000,0.0909,1.000,0.0453,0.71
12081,replay,4000,0.0815,1.000,0.0453,0.71
12082,replay,4000,0.0835,1.000,0.0453,0.71
12083,replay,4000,0.0761,1.000,0.0454,0.71
12084,replay,4000,0.0699,1.000,0.0454,0.71
12085,replay,4000,0.0661,1.000,0.0453,0.71
12086,replay,4000,0.0580,1.000,0.0454,0.71
12087,es_step,4000,0.0433,1.000,0.0454,1.37
12088,replay,4000,0.0759,1.000,0.0453,0.70
12089,replay,4000,0.0677,1.000,0.0453,0.71
12090,replay,4000,0.0701,1.000,0.0453,0.71
12091,replay,4000,0.0491,1.000,0.0452,0.71
12092,replay,4000,0.0114,1.000,0.0451,2.94
12093,es_step,4000,0.0295,1.000,0.0451,1.39
12094,replay,4000,0.0341,1.000,0.0450,0.71
12095,replay,4000,0.0591,1.000,0.0450,0.71
12096,es_step,4000,0.0410,1.000,0.0450,1.39
12097,replay,4000,0.0309,1.000,0.0449,0.70
12098,replay,4000,0.0438,1.000,0.0449,0.71
12099,replay,4000,0.0640,1.000,0.0448,0.72
12100,replay,4000,0.0546,1.000,0.0448,0.71
12101,es_step,4000,0.0461,1.000,0.0448,1.38
12102,replay,4000,0.0517,1.000,0.0447,0.71
12103,replay,4000,0.0697,1.000,0.0447,0.71
12104,replay,4000,0.0577,1.000,0.0447,0.71
12105,replay,4000,0.0541,1.000,0.0447,0.71
12106,replay,4000,0.0809,1.000,0.0446,0.72
12107,replay,4000,0.0495,1.000,0.0446,0.72
12108,replay,4000,0.0443,1.000,0.0445,0.71
12109,es_step,4000,0.0539,1.000,0.0445,1.40
12110,replay,4000,0.0414,1.000,0.0445,0.71
12111,replay,4000,0.0726,1.000,0.0445,0.71
12112,replay,4000,0.0867,1.000,0.0446,0.71
12113,replay,4000,0.0803,1.000,0.0446,0.72
12114,replay,4000,0.0714,1.000,0.0446,0.71
12115,replay,4000,0.0630,1.000,0.0446,0.72
12116,es_step,4000,0.0347,1.000,0.0446,1.39
12117,es_step,4000,0.0373,1.000,0.0446,1.38
12118,replay,4000,0.0449,1.000,0.0445,0.71
12119,replay,4000,0.0406,1.000,0.0444,0.71
12120,es_step,4000,0.0257,1.000,0.0444,1.37
12121,es_step,4000,0.0188,1.000,0.0444,1.38
12122,replay,4000,0.0209,1.000,0.0444,0.71
12123,replay,4000,0.0266,1.000,0.0443,0.71
12124,replay,4000,0.0419,1.000,0.0442,0.71
12125,replay,4000,0.0677,1.000,0.0442,0.71
12126,replay,4000,0.0658,1.000,0.0442,0.71
12127,replay,4000,0.0941,1.000,0.0442,0.71
12128,replay,4000,0.0714,1.000,0.0441,0.71
12129,es_step,4000,0.0630,1.000,0.0442,1.39
12130,replay,4000,0.0712,1.000,0.0442,0.71
12131,replay,4000,0.0904,1.000,0.0442,0.71
12132,es_step,4000,0.0573,1.000,0.0442,1.39
12133,replay,4000,0.0837,1.000,0.0442,0.72
12134,replay,4000,0.0673,1.000,0.0442,0.71
12135,replay,4000,0.0678,1.000,0.0442,0.72
12136,replay,4000,0.0783,1.000,0.0442,0.72
12137,replay,4000,0.0598,1.000,0.0442,0.72
12138,replay,4000,0.0396,1.000,0.0441,0.72
12139,replay,4000,0.0697,1.000,0.0441,0.72
12140,replay,4000,0.0495,1.000,0.0440,0.72
12141,replay,4000,0.0594,1.000,0.0440,0.72
12142,replay,4000,0.0425,1.000,0.0439,0.72
12143,replay,4000,0.0646,1.000,0.0439,0.72
12144,replay,4000,0.0552,1.000,0.0438,0.72
12145,replay,4000,0.0661,1.000,0.0438,0.72
12146,es_step,4000,0.0476,1.000,0.0438,1.41
12147,replay,4000,0.0737,1.000,0.0438,0.72
12148,replay,4000,0.0779,1.000,0.0438,0.72
12149,replay,4000,0.0614,1.000,0.0438,0.72
12150,replay,4000,0.0878,1.000,0.0438,0.72
12151,replay,4000,0.0829,1.000,0.0439,0.72
12152,replay,4000,0.1026,1.000,0.0439,0.71
12153,replay,4000,0.0902,1.000,0.0440,0.72
12154,replay,4000,0.0992,1.000,0.0441,0.72
12155,es_step,4000,0.0983,1.000,0.0444,1.39
12156,replay,4000,0.1107,1.000,0.0445,0.71
12157,replay,4000,0.1169,1.000,0.0446,0.71
12158,es_step,4000,0.0854,1.000,0.0446,1.39
12159,replay,4000,0.1096,1.000,0.0448,0.71
12160,es_step,4000,0.0862,1.000,0.0449,1.38
12161,replay,4000,0.1102,1.000,0.0450,0.71
12162,replay,4000,0.0867,1.000,0.0450,0.71
12163,replay,4000,0.0812,1.000,0.0450,0.71
12164,replay,4000,0.0697,1.000,0.0450,0.71
12165,replay,4000,0.0804,1.000,0.0450,0.71
12166,replay,4000,0.0621,1.000,0.0450,0.71
12167,replay,4000,0.0641,1.000,0.0450,0.72
12168,replay,4000,0.0690,1.000,0.0450,0.71
12169,replay,4000,0.0559,1.000,0.0450,0.71
12170,replay,4000,0.0601,1.000,0.0450,0.72
12171,replay,4000,0.0419,1.000,0.0450,0.71
12172,replay,4000,0.0375,1.000,0.0450,0.71
12173,es_step,4000,0.0423,1.000,0.0450,1.38
12174,replay,4000,0.0432,1.000,0.0449,0.70
12175,replay,4000,0.0620,1.000,0.0450,0.71
12176,es_step,4000,0.0398,1.000,0.0450,1.38
12177,replay,4000,0.0441,1.000,0.0449,0.70
12178,replay,4000,0.0371,1.000,0.0448,0.71
12179,replay,4000,0.0356,1.000,0.0448,0.72
12180,es_step,4000,0.0415,1.000,0.0448,1.38
12181,es_step,4000,0.0457,1.000,0.0448,1.37
12182,replay,4000,0.0432,1.000,0.0447,0.70
12183,replay,4000,0.0433,1.000,0.0447,0.70
12184,replay,4000,0.0462,1.000,0.0446,0.71
12185,replay,4000,0.0352,1.000,0.0446,0.71
12186,replay,4000,0.0282,1.000,0.0445,0.71
12187,replay,4000,0.0274,1.000,0.0444,0.71
12188,replay,4000,0.0311,1.000,0.0444,0.71
12189,replay,4000,0.0579,1.000,0.0444,0.71
12190,replay,4000,0.0544,1.000,0.0444,0.71
12191,replay,4000,0.0639,1.000,0.0445,0.71
12192,replay,4000,0.0879,1.000,0.0445,0.72
12193,replay,4000,0.0905,1.000,0.0446,0.71
12194,replay,4000,0.0773,1.000,0.0446,0.71
12195,replay,4000,0.1167,1.000,0.0447,0.71
12196,replay,4000,0.1261,1.000,0.0447,0.71
12197,replay,4000,0.1139,1.000,0.0449,0.71
12198,replay,4000,0.1171,1.000,0.0450,0.71
12199,es_step,4000,0.0897,1.000,0.0452,1.37
12200,replay,4000,0.1191,1.000,0.0453,0.70
12201,replay,4000,0.1027,1.000,0.0453,0.70
12202,es_step,4000,0.0746,1.000,0.0453,1.36
12203,replay,4000,0.0886,1.000,0.0453,0.70
12204,replay,4000,0.0712,1.000,0.0454,0.71
12205,replay,4000,0.0584,1.000,0.0453,0.71
12206,replay,4000,0.0456,1.000,0.0453,0.71
12207,replay,4000,0.0527,1.000,0.0452,0.71
12208,replay,4000,0.0468,1.000,0.0452,0.71
12209,replay,4000,0.0465,1.000,0.0451,0.71
12210,replay,4000,0.0311,1.000,0.0450,0.71
12211,replay,4000,0.0414,1.000,0.0449,0.71
12212,es_step,4000,0.0379,1.000,0.0449,1.37
12213,replay,4000,0.0449,1.000,0.0448,0.71
12214,replay,4000,0.0454,1.000,0.0448,0.71
12215,replay,4000,0.0525,1.000,0.0447,0.70
12216,replay,4000,0.0553,1.000,0.0447,0.70
12217,replay,4000,0.0388,1.000,0.0447,0.70
12218,replay,4000,0.0401,1.000,0.0446,0.71
12219,replay,4000,0.0524,1.000,0.0447,0.71
12220,replay,4000,0.0760,1.000,0.0448,0.71
12221,replay,4000,0.0778,1.000,0.0449,0.71
12222,replay,4000,0.0680,1.000,0.0449,0.71
12223,replay,4000,0.0770,1.000,0.0450,0.71
12224,replay,4000,0.0948,1.000,0.0450,0.71
12225,es_step,4000,0.0588,1.000,0.0450,1.39
12226,replay,4000,0.0779,1.000,0.0450,0.71
12227,es_step,4000,0.0524,1.000,0.0450,1.38
12228,es_step,4000,0.0525,1.000,0.0450,1.38
12229,replay,4000,0.0700,1.000,0.0450,0.71
12230,replay,4000,0.0503,1.000,0.0449,0.71
12231,replay,4000,0.0472,1.000,0.0449,0.71
12232,es_step,4000,0.0441,1.000,0.0449,1.38
12233,es_step,4000,0.0441,1.000,0.0449,1.38
12234,replay,4000,0.0484,1.000,0.0448,0.71
12235,es_step,4000,0.0457,1.000,0.0448,1.36
12236,replay,4000,0.0473,1.000,0.0448,0.70
12237,replay,4000,0.0623,1.000,0.0448,0.70
12238,replay,4000,0.0487,1.000,0.0447,0.71
12239,replay,4000,0.0376,1.000,0.0447,0.71
12240,es_step,4000,0.0485,1.000,0.0447,1.38
12241,replay,4000,0.0490,1.000,0.0447,0.71
12242,replay,4000,0.0505,1.000,0.0447,0.72
12243,replay,4000,0.0763,1.000,0.0447,0.72
12244,replay,4000,0.0727,1.000,0.0446,0.71
12245,replay,4000,0.0581,1.000,0.0446,0.71
12246,replay,4000,0.0714,1.000,0.0447,0.71
12247,replay,4000,0.0725,1.000,0.0447,0.71
12248,replay,4000,0.0699,1.000,0.0446,0.71
12249,replay,4000,0.0634,1.000,0.0446,0.71
12250,es_step,4000,0.0383,1.000,0.0446,1.38
12251,es_step,4000,0.0443,1.000,0.0446,1.37
12252,es_step,4000,0.0419,1.000,0.0446,1.35
12253,replay,4000,0.0419,1.000,0.0446,0.70
12254,replay,4000,0.0641,1.000,0.0446,0.70
12255,replay,4000,0.0386,1.000,0.0445,0.70
12256,es_step,4000,0.0469,1.000,0.0445,1.37
12257,replay,4000,0.0502,1.000,0.0445,0.70
12258,replay,4000,0.0622,1.000,0.0445,0.70
12259,es_step,4000,0.0648,1.000,0.0445,1.35
12260,es_step,4000,0.0638,1.000,0.0445,1.34
12261,es_step,4000,0.0637,1.000,0.0445,1.34
12262,es_step,4000,0.0637,1.000,0.0445,1.36
12263,es_step,4000,0.0618,1.000,0.0445,1.34
12264,es_step,4000,0.0624,1.000,0.0445,1.34
12265,es_step,4000,0.0647,1.000,0.0445,1.34
12266,replay,4000,0.0645,1.000,0.0444,0.71
12267,replay,4000,0.0818,1.000,0.0445,0.71
12268,replay,4000,0.0736,1.000,0.0445,0.71
12269,replay,4000,0.0577,1.000,0.0445,0.71
12270,replay,4000,0.0732,1.000,0.0445,0.71
12271,es_step,4000,0.0511,1.000,0.0445,1.36
12272,replay,4000,0.0470,1.000,0.0445,0.70
12273,replay,4000,0.0761,1.000,0.0445,0.72
12274,replay,4000,0.0499,1.000,0.0444,0.71
12275,replay,4000,0.0551,1.000,0.0444,0.72
12276,replay,4000,0.0494,1.000,0.0443,0.71
12277,replay,4000,0.0654,1.000,0.0444,0.71
12278,es_step,4000,0.0448,1.000,0.0444,1.38
12279,replay,4000,0.0377,1.000,0.0443,0.71
12280,replay,4000,0.0451,1.000,0.0443,0.71
12281,replay,4000,0.0570,1.000,0.0443,0.71
12282,replay,4000,0.0939,1.000,0.0443,0.71
12283,es_step,4000,0.0580,1.000,0.0443,1.36
12284,replay,4000,0.0866,1.000,0.0444,0.70
12285,replay,4000,0.0533,1.000,0.0444,0.71
12286,replay,4000,0.0687,1.000,0.0444,0.71
12287,replay,4000,0.0812,1.000,0.0444,0.71
12288,replay,4000,0.0940,1.000,0.0445,0.71
12289,replay,4000,0.0618,1.000,0.0446,0.71
12290,es_step,4000,0.0547,1.000,0.0446,1.36
12291,replay,4000,0.0799,1.000,0.0446,0.71
12292,replay,4000,0.0636,1.000,0.0446,0.71
12293,es_step,4000,0.0545,1.000,0.0446,1.36
12294,replay,4000,0.0669,1.000,0.0447,0.70
12295,replay,4000,0.0611,1.000,0.0447,0.71
12296,replay,4000,0.0548,1.000,0.0447,0.70
12297,replay,4000,0.0506,1.000,0.0446,0.71
12298,replay,4000,0.0423,1.000,0.0446,0.71
12299,replay,4000,0.0474,1.000,0.0445,0.71
12300,es_step,4000,0.0360,1.000,0.0445,1.35
12301,replay,4000,0.0502,1.000,0.0445,0.70
12302,replay,4000,0.0463,1.000,0.0444,0.70
12303,replay,4000,0.0352,1.000,0.0444,0.70
12304,replay,4000,0.0591,1.000,0.0443,0.70
12305,es_step,4000,0.0350,1.000,0.0443,1.37
12306,replay,4000,0.0539,1.000,0.0443,0.71
12307,es_step,4000,0.0463,1.000,0.0443,1.37
12308,es_step,4000,0.0468,1.000,0.0443,1.36
12309,replay,4000,0.0764,1.000,0.0443,0.70
12310,es_step,4000,0.0481,1.000,0.0443,1.36
12311,replay,4000,0.0652,1.000,0.0443,0.70
12312,replay,4000,0.0614,1.000,0.0443,0.70
12313,replay,4000,0.0709,1.000,0.0443,0.70
12314,replay,4000,0.0593,1.000,0.0443,0.70
12315,replay,4000,0.0830,1.000,0.0443,0.70
12316,replay,4000,0.1196,1.000,0.0444,0.70
12317,replay,4000,0.0961,1.000,0.0444,0.70
12318,replay,4000,0.0831,1.000,0.0445,0.71
12319,replay,4000,0.0975,1.000,0.0446,0.71
12320,replay,4000,0.0859,1.000,0.0446,0.71
12321,replay,4000,0.0805,1.000,0.0447,0.70
12322,replay,4000,0.0898,1.000,0.0447,0.71
12323,replay,4000,0.0700,1.000,0.0447,0.71
12324,replay,4000,0.0684,1.000,0.0447,0.71
12325,replay,4000,0.0725,1.000,0.0447,0.70
12326,replay,4000,0.0624,1.000,0.0446,0.71
12327,replay,4000,0.0588,1.000,0.0445,0.71
12328,replay,4000,0.0653,1.000,0.0445,0.71
12329,replay,4000,0.0821,1.000,0.0444,0.71
12330,replay,4000,0.0798,1.000,0.0444,0.71
12331,replay,4000,0.0990,1.000,0.0445,0.72
12332,replay,4000,0.1066,1.000,0.0446,0.71
12333,replay,4000,0.1001,1.000,0.0447,0.71
12334,replay,4000,0.0944,1.000,0.0446,0.71
12335,replay,4000,0.1004,1.000,0.0447,0.71
12336,replay,4000,0.0879,1.000,0.0447,0.72
12337,es_step,4000,0.0549,1.000,0.0447,1.39
12338,replay,4000,0.0639,1.000,0.0447,0.71
12339,replay,4000,0.0684,1.000,0.0447,0.71
12340,replay,4000,0.0586,1.000,0.0447,0.71
12341,es_step,4000,0.0472,1.000,0.0447,1.39
12342,replay,4000,0.0712,1.000,0.0447,0.71
12343,replay,4000,0.0839,1.000,0.0447,0.71
12344,replay,4000,0.0768,1.000,0.0447,0.71
12345,replay,4000,0.0694,1.000,0.0447,0.72
12346,es_step,4000,0.0641,1.000,0.0447,1.39
12347,replay,4000,0.0735,1.000,0.0447,0.72
12348,replay,4000,0.0788,1.000,0.0447,0.71
12349,replay,4000,0.1258,1.000,0.0448,0.71
12350,es_step,4000,0.0561,1.000,0.0448,1.38
12351,replay,4000,0.0556,1.000,0.0448,0.71
12352,es_step,4000,0.0675,1.000,0.0448,1.37
12353,replay,4000,0.1225,1.000,0.0449,0.70
12354,replay,4000,0.1074,1.000,0.0449,0.71
12355,replay,4000,0.0958,1.000,0.0450,0.71
12356,replay,4000,0.1042,1.000,0.0450,0.71
12357,replay,4000,0.0927,1.000,0.0451,0.71
12358,replay,4000,0.0680,1.000,0.0451,0.71
12359,replay,4000,0.0653,1.000,0.0452,0.71
12360,replay,4000,0.0763,1.000,0.0452,0.71
12361,replay,4000,0.0602,1.000,0.0452,0.71
12362,replay,4000,0.0604,1.000,0.0451,0.71
12363,replay,4000,0.0621,1.000,0.0451,0.71
12364,replay,4000,0.0456,1.000,0.0452,0.71
12365,es_step,4000,0.0653,1.000,0.0452,1.39
12366,replay,4000,0.0707,1.000,0.0452,0.71
12367,replay,4000,0.0713,1.000,0.0452,0.71
12368,replay,4000,0.0671,1.000,0.0452,0.72
12369,replay,4000,0.0739,1.000,0.0452,0.71
12370,replay,4000,0.0769,1.000,0.0452,0.71
12371,replay,4000,0.0646,1.000,0.0452,0.72
12372,replay,4000,0.0516,1.000,0.0452,0.71
12373,replay,4000,0.0562,1.000,0.0452,0.72
12374,replay,4000,0.0644,1.000,0.0452,0.71
12375,replay,4000,0.0712,1.000,0.0452,0.71
12376,es_step,4000,0.0500,1.000,0.0452,1.39
12377,replay,4000,0.0648,1.000,0.0451,0.71
12378,es_step,4000,0.0457,1.000,0.0451,1.38
12379,replay,4000,0.0376,1.000,0.0450,0.71
12380,replay,4000,0.0549,1.000,0.0450,0.71
12381,replay,4000,0.0361,1.000,0.0450,0.71
12382,replay,4000,0.0478,1.000,0.0449,0.71
12383,es_step,4000,0.0484,1.000,0.0449,1.38
12384,replay,4000,0.0545,1.000,0.0449,0.71
12385,replay,4000,0.0396,1.000,0.0449,0.71
12386,replay,4000,0.0481,1.000,0.0448,0.71
12387,replay,4000,0.0316,1.000,0.0447,0.71
12388,replay,4000,0.0403,1.000,0.0447,0.71
12389,replay,4000,0.0466,1.000,0.0447,0.71
12390,es_step,4000,0.0401,1.000,0.0447,1.38
12391,replay,4000,0.0452,1.000,0.0446,0.71
12392,replay,4000,0.0440,1.000,0.0445,0.71
12393,replay,4000,0.0552,1.000,0.0445,0.71
12394,replay,4000,0.0454,1.000,0.0445,0.71
12395,replay,4000,0.0679,1.000,0.0445,0.71
12396,replay,4000,0.0733,1.000,0.0444,0.71
12397,es_step,4000,0.0555,1.000,0.0445,1.38
12398,es_step,4000,0.0498,1.000,0.0445,3.58
12399,replay,4000,0.0712,1.000,0.0444,0.71
12400,replay,4000,0.0750,1.000,0.0445,0.71
12401,replay,4000,0.0991,1.000,0.0445,0.71
12402,replay,4000,0.0803,1.000,0.0445,0.71
12403,replay,4000,0.0750,1.000,0.0445,0.71
12404,replay,4000,0.0800,1.000,0.0445,0.71
12405,replay,4000,0.0723,1.000,0.0445,0.71
12406,es_step,4000,0.0472,1.000,0.0445,1.38
12407,replay,4000,0.0579,1.000,0.0445,0.71
12408,replay,4000,0.0540,1.000,0.0445,0.71
12409,es_step,4000,0.0390,1.000,0.0445,1.38
12410,replay,4000,0.0527,1.000,0.0445,0.70
12411,es_step,4000,0.0335,1.000,0.0445,1.36
12412,replay,4000,0.0221,1.000,0.0443,0.71
12413,replay,4000,0.0213,1.000,0.0443,0.70
12414,es_step,4000,0.0448,1.000,0.0443,1.37
12415,replay,4000,0.0555,1.000,0.0442,0.70
12416,replay,4000,0.0650,1.000,0.0443,0.70
12417,es_step,4000,0.0605,1.000,0.0443,1.35
12418,replay,4000,0.0783,1.000,0.0444,0.70
12419,replay,4000,0.0980,1.000,0.0445,0.71
12420,es_step,4000,0.0645,1.000,0.0445,1.36
12421,replay,4000,0.0735,1.000,0.0445,0.71
12422,replay,4000,0.0884,1.000,0.0446,0.71
12423,replay,4000,0.0737,1.000,0.0446,0.71
12424,replay,4000,0.0770,1.000,0.0446,0.71
12425,replay,4000,0.0716,1.000,0.0446,0.70
12426,es_step,4000,0.0393,1.000,0.0446,1.36
12427,replay,4000,0.0515,1.000,0.0445,0.71
12428,replay,4000,0.0616,1.000,0.0445,0.70
12429,replay,4000,0.0551,1.000,0.0445,0.71
12430,es_step,4000,0.0352,1.000,0.0445,1.36
12431,replay,4000,0.0655,1.000,0.0445,0.70
12432,replay,4000,0.0592,1.000,0.0445,0.71
12433,replay,4000,0.0567,1.000,0.0445,0.71
12434,replay,4000,0.0527,1.000,0.0445,0.71
12435,replay,4000,0.0751,1.000,0.0445,0.71
12436,replay,4000,0.0860,1.000,0.0445,0.71
12437,replay,4000,0.0863,1.000,0.0446,0.71
12438,es_step,4000,0.0665,1.000,0.0446,1.38
12439,replay,4000,0.0944,1.000,0.0446,0.71
12440,replay,4000,0.0859,1.000,0.0446,0.70
12441,replay,4000,0.0763,1.000,0.0447,0.71
12442,replay,4000,0.0927,1.000,0.0448,0.71
12443,es_step,4000,0.0632,1.000,0.0448,1.37
12444,replay,4000,0.0841,1.000,0.0448,0.71
12445,replay,4000,0.0769,1.000,0.0448,0.71
12446,replay,4000,0.0621,1.000,0.0447,0.71
12447,es_step,4000,0.0431,1.000,0.0448,1.38
12448,replay,4000,0.0463,1.000,0.0447,0.71
12449,replay,4000,0.0517,1.000,0.0446,0.71
12450,replay,4000,0.0437,1.000,0.0446,0.71
12451,replay,4000,0.0458,1.000,0.0445,0.71
12452,replay,4000,0.0354,1.000,0.0444,0.71
12453,replay,4000,0.0454,1.000,0.0444,0.71
12454,replay,4000,0.0446,1.000,0.0443,0.71
12455,es_step,4000,0.0451,1.000,0.0443,1.38
12456,replay,4000,0.0431,1.000,0.0443,0.70
12457,replay,4000,0.0537,1.000,0.0443,0.71
12458,es_step,4000,0.0501,1.000,0.0443,1.38
12459,replay,4000,0.0492,1.000,0.0443,0.72
12460,replay,4000,0.0890,1.000,0.0442,0.72
12461,replay,4000,0.0906,1.000,0.0442,0.72
12462,replay,4000,0.0808,1.000,0.0442,0.71
12463,replay,4000,0.0867,1.000,0.0443,0.71
12464,replay,4000,0.1033,1.000,0.0444,0.71
12465,replay,4000,0.1055,1.000,0.0444,0.72
12466,replay,4000,0.0974,1.000,0.0444,0.72
12467,es_step,4000,0.0798,1.000,0.0446,1.38
12468,replay,4000,0.0870,1.000,0.0446,0.72
12469,replay,4000,0.0763,1.000,0.0447,0.72
12470,replay,4000,0.0785,1.000,0.0447,0.72
12471,replay,4000,0.0752,1.000,0.0447,0.72
12472,replay,4000,0.0725,1.000,0.0447,0.71
12473,replay,4000,0.0556,1.000,0.0447,0.72
12474,es_step,4000,0.0487,1.000,0.0447,1.38
12475,es_step,4000,0.0473,1.000,0.0447,1.37
12476,replay,4000,0.0517,1.000,0.0446,0.71
12477,replay,4000,0.0462,1.000,0.0446,0.71
12478,replay,4000,0.0554,1.000,0.0446,0.71
12479,replay,4000,0.0468,1.000,0.0445,0.72
12480,replay,4000,0.0558,1.000,0.0445,0.71
12481,replay,4000,0.0476,1.000,0.0444,0.71
12482,replay,4000,0.0560,1.000,0.0444,0.71
12483,replay,4000,0.0305,1.000,0.0444,0.72
12484,es_step,4000,0.0443,1.000,0.0444,1.38
12485,replay,4000,0.0562,1.000,0.0444,0.70
12486,replay,4000,0.0557,1.000,0.0443,0.70
12487,replay,4000,0.0461,1.000,0.0443,0.70
12488,replay,4000,0.0542,1.000,0.0443,0.71
12489,replay,4000,0.0403,1.000,0.0443,0.71
12490,replay,4000,0.0342,1.000,0.0441,0.71
12491,replay,4000,0.0570,1.000,0.0441,0.71
12492,replay,4000,0.0608,1.000,0.0441,0.71
12493,replay,4000,0.0761,1.000,0.0442,0.71
12494,replay,4000,0.0690,1.000,0.0442,0.71
12495,replay,4000,0.0765,1.000,0.0442,0.71
12496,replay,4000,0.0710,1.000,0.0442,0.71
12497,replay,4000,0.0655,1.000,0.0442,0.71
12498,es_step,4000,0.0514,1.000,0.0442,1.40
12499,replay,4000,0.0678,1.000,0.0442,0.71
12500,es_step,4000,0.0462,1.000,0.0442,1.37
12501,replay,4000,0.0696,1.000,0.0443,0.70
12502,replay,4000,0.0509,1.000,0.0443,0.71
12503,replay,4000,0.0469,1.000,0.0441,0.71
12504,replay,4000,0.0603,1.000,0.0441,0.71
12505,replay,4000,0.0452,1.000,0.0441,0.71
12506,replay,4000,0.0465,1.000,0.0440,0.71
12507,replay,4000,0.0380,1.000,0.0439,0.71
12508,es_step,4000,0.0366,1.000,0.0439,1.38
12509,replay,4000,0.0476,1.000,0.0439,0.71
12510,replay,4000,0.0323,1.000,0.0438,0.71
12511,replay,4000,0.0342,1.000,0.0438,0.71
12512,replay,4000,0.0430,1.000,0.0436,0.71
12513,replay,4000,0.0632,1.000,0.0436,0.71
12514,replay,4000,0.0639,1.000,0.0436,0.71
12515,es_step,4000,0.0555,1.000,0.0437,1.38
12516,replay,4000,0.0614,1.000,0.0436,0.71
12517,replay,4000,0.0613,1.000,0.0436,0.71
12518,replay,4000,0.0478,1.000,0.0436,0.71
12519,replay,4000,0.0735,1.000,0.0436,0.71
12520,replay,4000,0.0590,1.000,0.0436,0.71
12521,replay,4000,0.0657,1.000,0.0436,0.71
12522,replay,4000,0.0591,1.000,0.0436,0.71
12523,replay,4000,0.0781,1.000,0.0436,0.71
12524,es_step,4000,0.0669,1.000,0.0437,1.38
12525,replay,4000,0.0685,1.000,0.0437,0.71
12526,replay,4000,0.0818,1.000,0.0437,0.72
12527,replay,4000,0.0793,1.000,0.0437,0.71
12528,replay,4000,0.0613,1.000,0.0437,0.71
12529,replay,4000,0.0351,1.000,0.0435,0.71
12530,replay,4000,0.0345,1.000,0.0434,0.71
12531,es_step,4000,0.0191,1.000,0.0434,1.39
12532,replay,4000,0.0157,1.000,0.0433,0.71
12533,replay,4000,0.0124,1.000,0.0432,0.71
12534,replay,4000,0.0279,1.000,0.0431,0.71
12535,replay,4000,0.0490,1.000,0.0431,0.71
12536,replay,4000,0.0428,1.000,0.0431,0.71
12537,replay,4000,0.0659,1.000,0.0431,0.71
12538,replay,4000,0.0722,1.000,0.0431,0.71
12539,replay,4000,0.0718,1.000,0.0432,0.71
12540,replay,4000,0.0797,1.000,0.0433,0.71
12541,replay,4000,0.0679,1.000,0.0433,0.71
12542,replay,4000,0.1050,1.000,0.0433,0.71
12543,replay,4000,0.0814,1.000,0.0433,0.71
12544,replay,4000,0.0767,1.000,0.0434,0.71
12545,replay,4000,0.0781,1.000,0.0434,0.71
12546,replay,4000,0.0806,1.000,0.0434,0.71
12547,replay,4000,0.0678,1.000,0.0434,0.71
12548,replay,4000,0.0748,1.000,0.0435,0.72
12549,replay,4000,0.0828,1.000,0.0435,0.72
12550,replay,4000,0.0662,1.000,0.0435,0.72
12551,es_step,4000,0.0639,1.000,0.0435,1.39
12552,replay,4000,0.0775,1.000,0.0436,0.72
12553,replay,4000,0.0800,1.000,0.0436,0.72
12554,es_step,4000,0.0513,1.000,0.0436,1.39
12555,replay,4000,0.0762,1.000,0.0436,0.72
12556,replay,4000,0.0627,1.000,0.0436,0.71
12557,replay,4000,0.0495,1.000,0.0436,0.71
12558,replay,4000,0.0580,1.000,0.0435,0.72
12559,es_step,4000,0.0390,1.000,0.0435,1.38
12560,es_step,4000,0.0410,1.000,0.0435,1.38
12561,replay,4000,0.0427,1.000,0.0435,0.71
12562,replay,4000,0.0717,1.000,0.0435,0.71
12563,replay,4000,0.0884,1.000,0.0435,0.71
12564,es_step,4000,0.0661,1.000,0.0435,1.40
12565,es_step,4000,0.0683,1.000,0.0435,1.38
12566,replay,4000,0.0818,1.000,0.0435,0.70
12567,replay,4000,0.0898,1.000,0.0436,0.70
12568,replay,4000,0.0819,1.000,0.0436,0.71
12569,replay,4000,0.0876,1.000,0.0437,0.71
12570,es_step,4000,0.0629,1.000,0.0437,1.38
12571,replay,4000,0.0718,1.000,0.0437,0.71
12572,replay,4000,0.0655,1.000,0.0437,0.71
12573,es_step,4000,0.0504,1.000,0.0437,1.38
12574,es_step,4000,0.0463,1.000,0.0437,1.37
12575,replay,4000,0.0675,1.000,0.0437,0.71
12576,replay,4000,0.0458,1.000,0.0436,0.71
12577,es_step,4000,0.0379,1.000,0.0436,1.37
12578,replay,4000,0.0350,1.000,0.0436,0.71
12579,replay,4000,0.0337,1.000,0.0435,0.71
12580,replay,4000,0.0408,1.000,0.0434,0.71
12581,replay,4000,0.0385,1.000,0.0435,0.71
12582,replay,4000,0.0569,1.000,0.0434,0.71
12583,replay,4000,0.0602,1.000,0.0434,0.70
12584,replay,4000,0.0496,1.000,0.0434,0.70
12585,replay,4000,0.0283,1.000,0.0433,0.71
12586,replay,4000,0.0435,1.000,0.0433,0.71
12587,es_step,4000,0.0370,1.000,0.0433,1.37
12588,replay,4000,0.0446,1.000,0.0432,0.70
12589,replay,4000,0.0479,1.000,0.0432,0.70
12590,replay,4000,0.0448,1.000,0.0431,0.71
12591,replay,4000,0.0366,1.000,0.0431,0.71
12592,es_step,4000,0.0570,1.000,0.0431,1.36
12593,es_step,4000,0.0562,1.000,0.0431,1.35
12594,replay,4000,0.0623,1.000,0.0431,0.71
12595,es_step,4000,0.0582,1.000,0.0431,1.37
12596,es_step,4000,0.0567,1.000,0.0431,1.36
12597,replay,4000,0.0682,1.000,0.0431,0.70
12598,es_step,4000,0.0541,1.000,0.0431,1.36
12599,replay,4000,0.0564,1.000,0.0431,0.69
12600,replay,4000,0.0736,1.000,0.0431,0.70
12601,es_step,4000,0.0493,1.000,0.0431,1.34
12602,replay,4000,0.0590,1.000,0.0431,0.69
12603,replay,4000,0.0621,1.000,0.0430,0.67
12604,es_step,4000,0.0484,1.000,0.0430,1.28
12605,replay,4000,0.0752,1.000,0.0430,0.66
12606,replay,4000,0.0663,1.000,0.0430,0.65
12607,replay,4000,0.0403,1.000,0.0430,0.66
12608,es_step,4000,0.0500,1.000,0.0431,1.26
12609,replay,4000,0.0638,1.000,0.0431,0.65
12610,replay,4000,0.0772,1.000,0.0431,0.65
12611,es_step,4000,0.0529,1.000,0.0431,1.27
12612,replay,4000,0.0702,1.000,0.0431,0.65
12613,replay,4000,0.0835,1.000,0.0430,0.66
12614,replay,4000,0.0676,1.000,0.0430,0.68
12615,replay,4000,0.0603,1.000,0.0430,0.70
12616,replay,4000,0.0453,1.000,0.0430,0.71
12617,replay,4000,0.0757,1.000,0.0430,0.72
12618,es_step,4000,0.0415,1.000,0.0430,1.37
12619,replay,4000,0.0633,1.000,0.0429,0.72
12620,es_step,4000,0.0581,1.000,0.0429,1.39
12621,replay,4000,0.0766,1.000,0.0430,0.71
12622,replay,4000,0.0770,1.000,0.0430,0.72
12623,replay,4000,0.0669,1.000,0.0430,0.72
12624,replay,4000,0.0636,1.000,0.0430,0.72
12625,replay,4000,0.0566,1.000,0.0430,0.72
12626,es_step,4000,0.0472,1.000,0.0430,1.37
12627,es_step,4000,0.0443,1.000,0.0430,1.36
12628,replay,4000,0.0569,1.000,0.0430,0.70
12629,replay,4000,0.0504,1.000,0.0429,0.71
12630,replay,4000,0.0400,1.000,0.0429,0.71
12631,replay,4000,0.0386,1.000,0.0428,0.71
12632,es_step,4000,0.0349,1.000,0.0428,1.37
12633,replay,4000,0.0368,1.000,0.0428,0.71
12634,replay,4000,0.0534,1.000,0.0427,0.71
12635,replay,4000,0.0681,1.000,0.0427,0.71
12636,es_step,4000,0.0521,1.000,0.0428,1.39
12637,replay,4000,0.0691,1.000,0.0428,0.71
12638,replay,4000,0.0726,1.000,0.0428,0.72
12639,replay,4000,0.0784,1.000,0.0428,0.72
12640,replay,4000,0.0788,1.000,0.0429,0.72
12641,es_step,4000,0.0744,1.000,0.0430,1.39
12642,replay,4000,0.0794,1.000,0.0430,0.71
12643,replay,4000,0.0781,1.000,0.0431,0.71
12644,replay,4000,0.0843,1.000,0.0431,0.71
12645,replay,4000,0.1011,1.000,0.0432,0.71
12646,replay,4000,0.0786,1.000,0.0433,0.72
12647,es_step,4000,0.0729,1.000,0.0433,1.39
12648,replay,4000,0.0834,1.000,0.0434,0.72
12649,replay,4000,0.0843,1.000,0.0435,0.71
12650,es_step,4000,0.0676,1.000,0.0435,1.37
12651,replay,4000,0.0859,1.000,0.0436,0.71
12652,replay,4000,0.0606,1.000,0.0435,0.72
12653,es_step,4000,0.0465,1.000,0.0435,1.38
12654,replay,4000,0.0509,1.000,0.0435,0.71
12655,replay,4000,0.0558,1.000,0.0435,0.71
12656,replay,4000,0.0574,1.000,0.0435,0.72
12657,replay,4000,0.0502,1.000,0.0435,0.71
12658,replay,4000,0.0615,1.000,0.0435,0.72
12659,replay,4000,0.0815,1.000,0.0436,0.72
12660,replay,4000,0.0671,1.000,0.0435,0.72
12661,replay,4000,0.0397,1.000,0.0434,0.71
12662,es_step,4000,0.0447,1.000,0.0434,1.38
12663,replay,4000,0.0382,1.000,0.0434,0.71
12664,replay,4000,0.0390,1.000,0.0433,0.71
12665,es_step,4000,0.0481,1.000,0.0433,1.38
12666,replay,4000,0.0871,1.000,0.0433,0.71
12667,replay,4000,0.0712,1.000,0.0432,0.71
12668,replay,4000,0.0564,1.000,0.0432,0.71
12669,replay,4000,0.0548,1.000,0.0432,0.71
12670,replay,4000,0.0470,1.000,0.0432,0.71
12671,replay,4000,0.0469,1.000,0.0432,0.71
12672,replay,4000,0.0356,1.000,0.0432,0.71
12673,replay,4000,0.0595,1.000,0.0432,0.71
12674,replay,4000,0.0615,1.000,0.0432,0.71
12675,es_step,4000,0.0496,1.000,0.0432,1.37
12676,replay,4000,0.0818,1.000,0.0432,0.70
12677,replay,4000,0.0712,1.000,0.0432,0.70
12678,replay,4000,0.0770,1.000,0.0433,0.71
12679,replay,4000,0.0755,1.000,0.0433,0.71
12680,replay,4000,0.0567,1.000,0.0433,0.70
12681,replay,4000,0.0485,1.000,0.0432,0.70
12682,replay,4000,0.0492,1.000,0.0431,0.71
12683,es_step,4000,0.0220,1.000,0.0431,1.38
12684,replay,4000,0.0216,1.000,0.0430,0.71
12685,replay,4000,0.0224,1.000,0.0429,0.70
12686,replay,4000,0.0352,1.000,0.0429,0.71
12687,replay,4000,0.0356,1.000,0.0428,0.71
12688,es_step,4000,0.0307,1.000,0.0428,1.36
12689,es_step,4000,0.0316,1.000,0.0428,1.35
12690,es_step,4000,0.0258,1.000,0.0428,1.34
12691,replay,4000,0.0292,1.000,0.0427,0.70
12692,es_step,4000,0.0303,1.000,0.0427,1.33
12693,replay,4000,0.0395,1.000,0.0427,0.70
12694,replay,4000,0.0540,1.000,0.0427,0.71
12695,es_step,4000,0.0413,1.000,0.0427,1.38
12696,es_step,4000,0.0467,1.000,0.0427,1.38
12697,replay,4000,0.0717,1.000,0.0427,0.71
12698,replay,4000,0.0573,1.000,0.0427,0.71
12699,replay,4000,0.0620,1.000,0.0427,0.71
12700,replay,4000,0.0669,1.000,0.0427,0.71
12701,replay,4000,0.0695,1.000,0.0427,0.71
12702,replay,4000,0.0650,1.000,0.0428,0.71
12703,replay,4000,0.0671,1.000,0.0428,2.94
12704,replay,4000,0.0721,1.000,0.0428,0.71
12705,replay,4000,0.0689,1.000,0.0428,0.71
12706,replay,4000,0.0603,1.000,0.0428,0.71
12707,replay,4000,0.0443,1.000,0.0428,0.71
12708,replay,4000,0.0680,1.000,0.0428,0.71
12709,replay,4000,0.0694,1.000,0.0428,0.71
12710,replay,4000,0.0510,1.000,0.0427,0.72
12711,replay,4000,0.0467,1.000,0.0427,0.71
12712,es_step,4000,0.0253,1.000,0.0427,1.40
12713,replay,4000,0.0538,1.000,0.0427,0.72
12714,es_step,4000,0.0294,1.000,0.0427,1.39
12715,es_step,4000,0.0283,1.000,0.0427,1.39
12716,replay,4000,0.0532,1.000,0.0426,0.71
12717,replay,4000,0.0480,1.000,0.0426,0.71
12718,replay,4000,0.0561,1.000,0.0425,0.71
12719,replay,4000,0.0282,1.000,0.0426,0.71
12720,replay,4000,0.0404,1.000,0.0425,0.70
12721,replay,4000,0.0281,1.000,0.0425,0.71
12722,es_step,4000,0.0333,1.000,0.0425,1.38
12723,replay,4000,0.0597,1.000,0.0425,0.71
12724,replay,4000,0.0514,1.000,0.0424,0.71
12725,replay,4000,0.0687,1.000,0.0424,0.70
12726,replay,4000,0.0511,1.000,0.0424,0.71
12727,replay,4000,0.0624,1.000,0.0425,0.71
12728,replay,4000,0.0469,1.000,0.0424,0.71
12729,replay,4000,0.0349,1.000,0.0424,0.71
12730,replay,4000,0.0535,1.000,0.0424,0.71
12731,replay,4000,0.0370,1.000,0.0423,0.71
12732,replay,4000,0.0405,1.000,0.0422,0.71
12733,replay,4000,0.0413,1.000,0.0422,0.71
12734,replay,4000,0.0320,1.000,0.0421,0.71
12735,replay,4000,0.0775,1.000,0.0421,0.71
12736,replay,4000,0.0608,1.000,0.0421,0.72
12737,replay,4000,0.0855,1.000,0.0421,0.71
12738,replay,4000,0.0907,1.000,0.0424,0.72
12739,es_step,4000,0.0730,1.000,0.0425,1.38
12740,replay,4000,0.0980,1.000,0.0425,0.71
12741,replay,4000,0.0877,1.000,0.0426,0.71
12742,es_step,4000,0.0706,1.000,0.0427,1.38
12743,replay,4000,0.0774,1.000,0.0427,0.71
12744,replay,4000,0.0754,1.000,0.0428,0.71
12745,replay,4000,0.0689,1.000,0.0428,0.72
12746,es_step,4000,0.0444,1.000,0.0428,1.37
12747,replay,4000,0.0572,1.000,0.0428,0.71
12748,es_step,4000,0.0385,1.000,0.0428,1.37
12749,replay,4000,0.0419,1.000,0.0427,0.71
12750,replay,4000,0.0452,1.000,0.0428,0.71
12751,replay,4000,0.0411,1.000,0.0427,0.70
12752,replay,4000,0.0381,1.000,0.0427,0.70
12753,replay,4000,0.0390,1.000,0.0426,0.71
12754,es_step,4000,0.0356,1.000,0.0426,1.37
12755,replay,4000,0.0447,1.000,0.0426,0.71
12756,replay,4000,0.0410,1.000,0.0426,0.71
12757,replay,4000,0.0444,1.000,0.0425,0.71
12758,es_step,4000,0.0459,1.000,0.0425,1.36
12759,es_step,4000,0.0411,1.000,0.0425,1.36
12760,replay,4000,0.0502,1.000,0.0425,0.71
12761,replay,4000,0.0493,1.000,0.0425,0.71
12762,replay,4000,0.0510,1.000,0.0424,0.71
12763,replay,4000,0.0418,1.000,0.0424,0.71
12764,es_step,4000,0.0468,1.000,0.0424,1.35
12765,replay,4000,0.0420,1.000,0.0424,0.70
12766,replay,4000,0.0408,1.000,0.0423,0.70
12767,replay,4000,0.0815,1.000,0.0423,0.70
12768,replay,4000,0.0639,1.000,0.0423,0.70
12769,replay,4000,0.0515,1.000,0.0423,0.70
12770,es_step,4000,0.0528,1.000,0.0423,1.34
12771,replay,4000,0.0536,1.000,0.0423,0.70
12772,replay,4000,0.0626,1.000,0.0424,0.70
12773,replay,4000,0.0994,1.000,0.0424,0.70
12774,replay,4000,0.1019,1.000,0.0424,0.70
12775,replay,4000,0.0733,1.000,0.0424,0.71
12776,replay,4000,0.0822,1.000,0.0425,0.71
12777,replay,4000,0.0829,1.000,0.0425,0.71
12778,replay,4000,0.0617,1.000,0.0425,0.71
12779,replay,4000,0.0750,1.000,0.0425,0.71
12780,replay,4000,0.0594,1.000,0.0425,0.72
12781,replay,4000,0.0645,1.000,0.0425,0.72
12782,es_step,4000,0.0406,1.000,0.0425,1.39
12783,replay,4000,0.0442,1.000,0.0425,0.71
12784,replay,4000,0.0469,1.000,0.0424,0.71
12785,es_step,4000,0.0322,1.000,0.0424,1.37
12786,replay,4000,0.0306,1.000,0.0423,0.71
12787,es_step,4000,0.0330,1.000,0.0424,1.37
12788,replay,4000,0.0212,1.000,0.0423,0.70
12789,replay,4000,0.0549,1.000,0.0423,0.71
12790,replay,4000,0.0660,1.000,0.0422,0.71
12791,replay,4000,0.0643,1.000,0.0422,0.72
12792,replay,4000,0.0564,1.000,0.0421,0.72
12793,replay,4000,0.0638,1.000,0.0421,0.71
12794,replay,4000,0.0542,1.000,0.0421,0.71
12795,replay,4000,0.0513,1.000,0.0421,0.71
12796,replay,4000,0.0482,1.000,0.0421,0.71
12797,replay,4000,0.0607,1.000,0.0421,0.71
12798,replay,4000,0.0484,1.000,0.0420,0.70
12799,es_step,4000,0.0554,1.000,0.0420,1.38
12800,es_step,4000,0.0520,1.000,0.0420,1.36
12801,es_step,4000,0.0558,1.000,0.0420,1.34
12802,es_step,4000,0.0510,1.000,0.0420,1.34
12803,replay,4000,0.0743,1.000,0.0421,0.70
12804,replay,4000,0.0727,1.000,0.0421,0.70
12805,replay,4000,0.0663,1.000,0.0420,0.70
12806,replay,4000,0.0558,1.000,0.0422,0.71
12807,replay,4000,0.0548,1.000,0.0422,0.71
12808,replay,4000,0.0523,1.000,0.0421,0.71
12809,replay,4000,0.0572,1.000,0.0422,0.71
12810,replay,4000,0.0586,1.000,0.0422,0.71
12811,replay,4000,0.0589,1.000,0.0421,0.71
12812,replay,4000,0.0782,1.000,0.0422,0.71
12813,es_step,4000,0.0539,1.000,0.0422,1.37
12814,replay,4000,0.0637,1.000,0.0422,0.71
12815,replay,4000,0.0751,1.000,0.0423,0.71
12816,replay,4000,0.0789,1.000,0.0424,0.71
12817,replay,4000,0.0946,1.000,0.0425,0.71
12818,replay,4000,0.0994,1.000,0.0425,0.71
12819,replay,4000,0.0853,1.000,0.0426,0.71
12820,replay,4000,0.0889,1.000,0.0426,0.71
12821,replay,4000,0.0982,1.000,0.0427,0.71
12822,replay,4000,0.0802,1.000,0.0428,0.71
12823,replay,4000,0.0928,1.000,0.0428,0.71
12824,replay,4000,0.0770,1.000,0.0429,0.71
12825,replay,4000,0.0677,1.000,0.0428,0.71
12826,replay,4000,0.0337,1.000,0.0427,0.71
12827,replay,4000,0.0464,1.000,0.0427,0.71
12828,es_step,4000,0.0313,1.000,0.0427,1.37
12829,es_step,4000,0.0311,1.000,0.0427,1.36
12830,replay,4000,0.0348,1.000,0.0426,0.70
12831,replay,4000,0.0379,1.000,0.0425,0.70
12832,replay,4000,0.0558,1.000,0.0425,0.70
12833,replay,4000,0.0507,1.000,0.0425,0.71
12834,replay,4000,0.0442,1.000,0.0424,0.71
12835,replay,4000,0.0447,1.000,0.0424,0.71
12836,replay,4000,0.0507,1.000,0.0424,0.71
12837,es_step,4000,0.0478,1.000,0.0424,1.38
12838,replay,4000,0.0596,1.000,0.0424,0.71
12839,replay,4000,0.0712,1.000,0.0424,0.71
12840,replay,4000,0.0752,1.000,0.0424,0.71
12841,replay,4000,0.0709,1.000,0.0424,0.71
12842,replay,4000,0.0838,1.000,0.0424,0.71
12843,es_step,4000,0.0533,1.000,0.0424,1.38
12844,replay,4000,0.0953,1.000,0.0424,0.71
12845,replay,4000,0.0733,1.000,0.0424,0.71
12846,es_step,4000,0.0657,1.000,0.0426,1.38
12847,replay,4000,0.0793,1.000,0.0426,0.71
12848,replay,4000,0.0776,1.000,0.0426,0.71
12849,replay,4000,0.0846,1.000,0.0427,0.71
12850,replay,4000,0.0761,1.000,0.0427,0.71
12851,replay,4000,0.0769,1.000,0.0427,0.71
12852,replay,4000,0.0487,1.000,0.0425,0.71
12853,replay,4000,0.0547,1.000,0.0425,0.71
12854,replay,4000,0.0512,1.000,0.0425,0.71
12855,replay,4000,0.0330,1.000,0.0424,0.71
12856,es_step,4000,0.0266,1.000,0.0424,1.37
12857,replay,4000,0.0202,1.000,0.0423,0.70
12858,replay,4000,0.0537,1.000,0.0423,0.70
12859,replay,4000,0.0592,1.000,0.0423,0.71
12860,replay,4000,0.0581,1.000,0.0423,0.71
12861,es_step,4000,0.0437,1.000,0.0423,1.38
12862,replay,4000,0.0567,1.000,0.0423,0.70
12863,replay,4000,0.0675,1.000,0.0423,0.70
12864,replay,4000,0.0502,1.000,0.0421,0.71
12865,replay,4000,0.0265,1.000,0.0420,0.71
12866,replay,4000,0.0464,1.000,0.0419,0.71
12867,replay,4000,0.0883,1.000,0.0419,0.71
12868,replay,4000,0.0638,1.000,0.0418,0.71
12869,replay,4000,0.0709,1.000,0.0419,0.70
12870,es_step,4000,0.0550,1.000,0.0419,1.38
12871,es_step,4000,0.0637,1.000,0.0419,1.37
12872,replay,4000,0.0975,1.000,0.0420,0.71
12873,replay,4000,0.0858,1.000,0.0420,0.71
12874,replay,4000,0.0777,1.000,0.0421,0.71
12875,es_step,4000,0.0719,1.000,0.0422,1.38
12876,replay,4000,0.0882,1.000,0.0423,0.71
12877,replay,4000,0.0893,1.000,0.0424,0.71
12878,replay,4000,0.0721,1.000,0.0424,0.71
12879,replay,4000,0.0961,1.000,0.0425,0.71
12880,es_step,4000,0.0814,1.000,0.0428,1.38
12881,es_step,4000,0.0804,1.000,0.0428,1.36
12882,replay,4000,0.1235,1.000,0.0429,0.70
12883,es_step,4000,0.0770,1.000,0.0429,1.35
12884,replay,4000,0.1178,1.000,0.0430,0.70
12885,replay,4000,0.1024,1.000,0.0430,0.70
12886,replay,4000,0.0939,1.000,0.0431,0.70
12887,es_step,4000,0.0668,1.000,0.0432,1.35
12888,replay,4000,0.0815,1.000,0.0432,0.70
12889,replay,4000,0.0788,1.000,0.0433,0.70
12890,replay,4000,0.0647,1.000,0.0432,0.70
12891,replay,4000,0.0746,1.000,0.0432,0.70
12892,es_step,4000,0.0384,1.000,0.0432,1.35
12893,es_step,4000,0.0421,1.000,0.0432,1.35
12894,es_step,4000,0.0397,1.000,0.0432,1.33
12895,replay,4000,0.0635,1.000,0.0432,0.69
12896,replay,4000,0.0580,1.000,0.0432,0.70
12897,es_step,4000,0.0248,1.000,0.0432,1.33
12898,es_step,4000,0.0323,1.000,0.0432,1.33
12899,replay,4000,0.0443,1.000,0.0431,0.69
12900,replay,4000,0.0474,1.000,0.0431,0.69
12901,replay,4000,0.0365,1.000,0.0430,0.70
12902,es_step,4000,0.0227,1.000,0.0430,1.37
12903,replay,4000,0.0351,1.000,0.0430,0.71
12904,replay,4000,0.0367,1.000,0.0429,0.71
12905,replay,4000,0.0424,1.000,0.0429,0.71
12906,replay,4000,0.0420,1.000,0.0428,0.71
12907,replay,4000,0.0461,1.000,0.0428,0.70
12908,replay,4000,0.0411,1.000,0.0427,0.70
12909,replay,4000,0.0470,1.000,0.0427,0.71
12910,replay,4000,0.0487,1.000,0.0427,0.71
12911,replay,4000,0.0480,1.000,0.0426,0.71
12912,es_step,4000,0.0404,1.000,0.0426,1.37
12913,replay,4000,0.0501,1.000,0.0426,0.70
12914,replay,4000,0.0532,1.000,0.0426,0.70
12915,es_step,4000,0.0239,1.000,0.0426,1.36
12916,es_step,4000,0.0360,1.000,0.0426,1.35
12917,replay,4000,0.0365,1.000,0.0426,0.70
12918,replay,4000,0.0331,1.000,0.0425,0.71
12919,es_step,4000,0.0270,1.000,0.0425,1.37
12920,es_step,4000,0.0305,1.000,0.0425,1.36
12921,replay,4000,0.0349,1.000,0.0425,0.70
12922,es_step,4000,0.0377,1.000,0.0425,1.35
12923,replay,4000,0.0379,1.000,0.0425,0.70
12924,es_step,4000,0.0419,1.000,0.0425,1.34
12925,replay,4000,0.0337,1.000,0.0424,0.70
12926,es_step,4000,0.0426,1.000,0.0424,1.36
12927,replay,4000,0.0469,1.000,0.0424,0.70
12928,replay,4000,0.0490,1.000,0.0424,0.70
12929,replay,4000,0.0512,1.000,0.0424,0.70
12930,replay,4000,0.0618,1.000,0.0423,0.70
12931,es_step,4000,0.0342,1.000,0.0423,1.36
12932,replay,4000,0.0627,1.000,0.0423,0.70
12933,replay,4000,0.0299,1.000,0.0423,0.70
12934,replay,4000,0.0494,1.000,0.0423,0.70
12935,es_step,4000,0.0370,1.000,0.0423,1.34
12936,replay,4000,0.0535,1.000,0.0423,0.69
12937,replay,4000,0.0754,1.000,0.0423,0.70
12938,replay,4000,0.0674,1.000,0.0423,0.70
12939,replay,4000,0.0606,1.000,0.0423,0.69
12940,replay,4000,0.0700,1.000,0.0424,0.70
12941,replay,4000,0.0853,1.000,0.0424,0.70
12942,replay,4000,0.0802,1.000,0.0424,0.70
12943,es_step,4000,0.0505,1.000,0.0424,1.34
12944,replay,4000,0.0752,1.000,0.0425,0.70
12945,replay,4000,0.0722,1.000,0.0425,0.69
12946,replay,4000,0.0793,1.000,0.0426,0.70
12947,replay,4000,0.0752,1.000,0.0426,0.70
12948,replay,4000,0.0616,1.000,0.0426,0.70
12949,replay,4000,0.0507,1.000,0.0425,0.70
12950,replay,4000,0.0283,1.000,0.0425,0.70
12951,replay,4000,0.0392,1.000,0.0424,0.71
12952,replay,4000,0.0466,1.000,0.0424,0.70
12953,replay,4000,0.0502,1.000,0.0423,0.70
12954,es_step,4000,0.0413,1.000,0.0423,1.36
12955,replay,4000,0.0526,1.000,0.0423,0.70
12956,replay,4000,0.0428,1.000,0.0422,0.70
12957,replay,4000,0.0554,1.000,0.0422,0.70
12958,replay,4000,0.0252,1.000,0.0420,0.70
12959,replay,4000,0.0599,1.000,0.0420,0.70
12960,es_step,4000,0.0294,1.000,0.0420,1.36
12961,es_step,4000,0.0363,1.000,0.0420,1.33
12962,es_step,4000,0.0405,1.000,0.0420,1.32
12963,replay,4000,0.0471,1.000,0.0420,0.69
12964,replay,4000,0.0406,1.000,0.0420,0.70
12965,replay,4000,0.0596,1.000,0.0419,0.70
12966,replay,4000,0.0425,1.000,0.0419,0.71
12967,es_step,4000,0.0449,1.000,0.0419,1.36
12968,es_step,4000,0.0474,1.000,0.0419,1.34
12969,replay,4000,0.0601,1.000,0.0419,0.69
12970,es_step,4000,0.0635,1.000,0.0419,1.34
12971,replay,4000,0.0645,1.000,0.0420,0.69
12972,replay,4000,0.0732,1.000,0.0420,0.70
12973,replay,4000,0.0674,1.000,0.0420,0.70
12974,replay,4000,0.0582,1.000,0.0420,0.70
12975,replay,4000,0.0691,1.000,0.0420,0.70
12976,replay,4000,0.0459,1.000,0.0419,0.70
12977,replay,4000,0.0539,1.000,0.0419,0.70
12978,es_step,4000,0.0410,1.000,0.0419,1.34
12979,replay,4000,0.0588,1.000,0.0419,0.69
12980,replay,4000,0.0529,1.000,0.0419,0.69
12981,replay,4000,0.0766,1.000,0.0419,0.69
12982,replay,4000,0.0790,1.000,0.0420,0.70
12983,es_step,4000,0.0633,1.000,0.0420,1.35
12984,replay,4000,0.0784,1.000,0.0421,0.70
12985,replay,4000,0.0797,1.000,0.0421,0.70
12986,replay,4000,0.0743,1.000,0.0421,0.70
12987,replay,4000,0.0588,1.000,0.0421,0.69
12988,replay,4000,0.0491,1.000,0.0421,0.70
12989,replay,4000,0.0410,1.000,0.0420,0.70
12990,es_step,4000,0.0107,1.000,0.0420,1.34
12991,replay,4000,0.0265,1.000,0.0420,0.70
12992,replay,4000,0.0342,1.000,0.0419,0.69
12993,replay,4000,0.0444,1.000,0.0419,0.69
12994,replay,4000,0.0587,1.000,0.0419,0.70
12995,replay,4000,0.0673,1.000,0.0419,0.70
12996,replay,4000,0.0660,1.000,0.0420,0.70
12997,replay,4000,-0.0593,1.000,0.0420,0.70
12998,replay,4000,0.0607,1.000,0.0421,0.71
12999,replay,4000,0.1049,1.000,0.0421,0.70
13000,replay,4000,0.0841,1.000,0.0422,0.71
13001,replay,4000,0.1067,1.000,0.0422,0.70
13002,es_step,4000,0.0602,1.000,0.0423,1.35
13003,replay,4000,0.0877,1.000,0.0424,0.70
13004,replay,4000,0.0931,1.000,0.0424,0.70
13005,es_step,4000,0.0604,1.000,0.0425,1.34
13006,replay,4000,0.0915,1.000,0.0426,0.70
13007,replay,4000,0.0924,1.000,0.0427,0.70
13008,es_step,4000,0.0528,1.000,0.0427,1.36
13009,replay,4000,0.1020,1.000,0.0427,2.95
13010,replay,4000,0.0783,1.000,0.0427,0.70
13011,replay,4000,0.0631,1.000,0.0427,0.71
13012,replay,4000,0.0683,1.000,0.0427,0.71
13013,es_step,4000,0.0451,1.000,0.0427,1.36
13014,replay,4000,0.0555,1.000,0.0427,0.70
13015,replay,4000,0.0726,1.000,0.0427,0.70
13016,replay,4000,0.0506,1.000,0.0427,0.71
13017,es_step,4000,0.0344,1.000,0.0427,1.37
13018,replay,4000,0.0491,1.000,0.0426,0.70
13019,replay,4000,0.0618,1.000,0.0426,0.70
13020,es_step,4000,0.0373,1.000,0.0426,1.34
13021,replay,4000,0.0575,1.000,0.0426,0.70
13022,replay,4000,0.0644,1.000,0.0426,0.70
13023,replay,4000,0.0956,1.000,0.0426,0.70
13024,replay,4000,0.0870,1.000,0.0426,0.70
13025,replay,4000,0.0764,1.000,0.0426,0.70
13026,replay,4000,0.0711,1.000,0.0426,0.70
13027,replay,4000,0.0651,1.000,0.0426,0.70
13028,replay,4000,0.0588,1.000,0.0426,0.70
13029,replay,4000,0.0355,1.000,0.0425,0.70
13030,replay,4000,0.0478,1.000,0.0425,0.70
13031,replay,4000,0.0523,1.000,0.0425,0.70
13032,replay,4000,0.0478,1.000,0.0424,0.70
13033,replay,4000,0.0490,1.000,0.0424,0.70
13034,es_step,4000,0.0333,1.000,0.0424,1.35
13035,es_step,4000,0.0366,1.000,0.0424,1.34
13036,replay,4000,0.0527,1.000,0.0424,0.69
13037,replay,4000,0.0670,1.000,0.0424,0.69
13038,replay,4000,0.0489,1.000,0.0423,0.70
13039,replay,4000,0.0399,1.000,0.0422,0.70
13040,replay,4000,0.0303,1.000,0.0422,0.70
13041,replay,4000,0.0293,1.000,0.0420,0.70
13042,replay,4000,0.0728,1.000,0.0420,0.70
13043,replay,4000,0.0850,1.000,0.0420,0.70
13044,replay,4000,0.0913,1.000,0.0421,0.70
13045,es_step,4000,0.0482,1.000,0.0421,1.36
13046,replay,4000,0.0946,1.000,0.0421,0.70
13047,replay,4000,0.0912,1.000,0.0422,0.70
13048,replay,4000,0.0924,1.000,0.0423,0.70
13049,replay,4000,0.0967,1.000,0.0424,0.70
13050,es_step,4000,0.0772,1.000,0.0425,1.35
13051,replay,4000,0.0950,1.000,0.0426,0.70
13052,replay,4000,0.0963,1.000,0.0427,0.70
13053,replay,4000,0.0897,1.000,0.0428,0.70
13054,replay,4000,0.0881,1.000,0.0430,0.70
13055,replay,4000,0.0778,1.000,0.0430,0.70
13056,es_step,4000,0.0548,1.000,0.0430,1.36
13057,replay,4000,0.0764,1.000,0.0430,0.70
13058,replay,4000,0.0685,1.000,0.0430,0.70
13059,replay,4000,0.0616,1.000,0.0430,0.70
13060,replay,4000,0.0506,1.000,0.0429,0.70
13061,es_step,4000,0.0209,1.000,0.0429,1.36
13062,replay,4000,0.0267,1.000,0.0429,0.70
13063,replay,4000,0.0437,1.000,0.0429,0.70
13064,replay,4000,0.0329,1.000,0.0428,0.70
13065,replay,4000,0.0352,1.000,0.0427,0.70
13066,replay,4000,0.0555,1.000,0.0427,0.70
13067,replay,4000,0.0461,1.000,0.0427,0.70
13068,replay,4000,0.0410,1.000,0.0426,0.70
13069,replay,4000,0.0411,1.000,0.0426,0.69
13070,replay,4000,0.0599,1.000,0.0426,0.70
13071,replay,4000,0.0460,1.000,0.0425,0.70
13072,replay,4000,0.0486,1.000,0.0425,0.71
13073,replay,4000,0.0518,1.000,0.0425,0.70
13074,replay,4000,0.0568,1.000,0.0425,0.70
13075,replay,4000,0.0529,1.000,0.0425,0.70
13076,replay,4000,0.0514,1.000,0.0425,0.70
13077,replay,4000,0.0584,1.000,0.0425,0.70
13078,replay,4000,0.0629,1.000,0.0425,0.71
13079,replay,4000,0.0423,1.000,0.0424,0.70
13080,replay,4000,0.0529,1.000,0.0425,0.71
13081,replay,4000,0.0588,1.000,0.0425,0.71
13082,replay,4000,0.0482,1.000,0.0424,0.71
13083,replay,4000,0.0570,1.000,0.0424,0.70
13084,replay,4000,0.0472,1.000,0.0424,0.70
13085,replay,4000,0.0443,1.000,0.0423,0.71
13086,replay,4000,0.0376,1.000,0.0423,0.70
13087,replay,4000,0.0281,1.000,0.0423,0.71
13088,replay,4000,0.0376,1.000,0.0423,0.71
13089,replay,4000,0.0396,1.000,0.0423,0.70
13090,replay,4000,0.0382,1.000,0.0423,0.70
13091,replay,4000,0.0518,1.000,0.0423,0.70
13092,replay,4000,0.0586,1.000,0.0423,0.70
13093,replay,4000,0.0544,1.000,0.0422,0.70
13094,es_step,4000,0.0357,1.000,0.0422,1.37
13095,es_step,4000,0.0262,1.000,0.0422,1.36
13096,es_step,4000,0.0248,1.000,0.0422,1.36
13097,es_step,4000,0.0306,1.000,0.0422,1.36
13098,es_step,4000,0.0281,1.000,0.0422,1.34
13099,replay,4000,0.0401,1.000,0.0423,0.70
13100,replay,4000,0.0387,1.000,0.0422,0.71
13101,es_step,4000,0.0269,1.000,0.0422,1.37
13102,replay,4000,0.0564,1.000,0.0422,0.70
13103,replay,4000,0.0403,1.000,0.0422,0.70
13104,es_step,4000,0.0443,1.000,0.0422,1.37
13105,es_step,4000,0.0491,1.000,0.0422,1.36
13106,replay,4000,0.0683,1.000,0.0422,0.70
13107,replay,4000,0.0709,1.000,0.0422,0.70
13108,replay,4000,0.0909,1.000,0.0423,0.70
13109,replay,4000,0.0902,1.000,0.0424,0.70
13110,replay,4000,0.1116,1.000,0.0424,0.70
13111,es_step,4000,0.0610,1.000,0.0425,1.37
13112,replay,4000,0.0971,1.000,0.0425,0.71
13113,replay,4000,0.0852,1.000,0.0426,0.70
13114,replay,4000,0.0920,1.000,0.0426,0.71
13115,es_step,4000,0.0472,1.000,0.0426,1.37
13116,replay,4000,0.0787,1.000,0.0426,0.70
13117,replay,4000,0.0695,1.000,0.0426,0.70
13118,replay,4000,0.0583,1.000,0.0426,0.70
13119,replay,4000,0.0472,1.000,0.0426,0.71
13120,replay,4000,0.0348,1.000,0.0425,0.71
13121,es_step,4000,-0.0006,1.000,0.0425,1.37
13122,replay,4000,0.0394,1.000,0.0424,0.70
13123,es_step,4000,0.0008,1.000,0.0425,1.36
13124,replay,4000,0.0373,1.000,0.0424,0.70
13125,replay,4000,0.0402,1.000,0.0423,0.70
13126,es_step,4000,0.0401,1.000,0.0423,1.37
13127,replay,4000,0.0400,1.000,0.0422,0.70
13128,replay,4000,0.0506,1.000,0.0422,0.71
13129,replay,4000,0.0539,1.000,0.0422,0.70
13130,replay,4000,0.0383,1.000,0.0421,0.71
13131,replay,4000,0.0624,1.000,0.0421,0.70
13132,replay,4000,0.0657,1.000,0.0421,0.71
13133,es_step,4000,0.0431,1.000,0.0421,1.38
13134,es_step,4000,0.0260,1.000,0.0421,1.37
13135,replay,4000,0.0579,1.000,0.0421,0.70
13136,replay,4000,0.0654,1.000,0.0421,0.70
13137,replay,4000,0.0628,1.000,0.0421,0.70
13138,replay,4000,0.0664,1.000,0.0421,0.71
13139,replay,4000,0.0574,1.000,0.0421,0.70
13140,replay,4000,0.0443,1.000,0.0420,0.71
13141,replay,4000,0.0192,1.000,0.0419,0.71
13142,replay,4000,0.0196,1.000,0.0419,0.71
13143,replay,4000,0.0313,1.000,0.0418,0.71
13144,replay,4000,0.0356,1.000,0.0418,0.72
13145,replay,4000,0.0371,1.000,0.0417,0.71
13146,replay,4000,0.0487,1.000,0.0417,0.71
13147,es_step,4000,0.0300,1.000,0.0417,1.38
13148,replay,4000,0.0632,1.000,0.0418,0.71
13149,replay,4000,0.0746,1.000,0.0418,0.71
13150,es_step,4000,0.0231,1.000,0.0418,1.38
13151,es_step,4000,0.0157,1.000,0.0418,1.37
13152,replay,4000,0.0656,1.000,0.0417,0.70
13153,replay,4000,0.0491,1.000,0.0418,0.71
13154,es_step,4000,-0.0112,1.000,0.0418,1.35
13155,es_step,4000,0.0018,1.000,0.0418,1.34
13156,es_step,4000,0.0056,1.000,0.0418,1.35
13157,replay,4000,0.0364,1.000,0.0417,0.71
13158,replay,4000,-0.0056,1.000,0.0416,0.71
13159,replay,4000,0.0247,1.000,0.0415,0.71
13160,replay,4000,0.0463,1.000,0.0414,0.72
13161,replay,4000,0.0480,1.000,0.0414,0.72
13162,replay,4000,0.0462,1.000,0.0413,0.71
13163,es_step,4000,0.0171,1.000,0.0413,1.37
13164,replay,4000,0.0530,1.000,0.0413,0.71
13165,replay,4000,0.0775,1.000,0.0413,0.71
13166,replay,4000,0.0797,1.000,0.0414,0.71
13167,replay,4000,0.0783,1.000,0.0414,0.71
13168,replay,4000,0.0673,1.000,0.0414,0.71
13169,es_step,4000,0.0252,1.000,0.0414,1.37
13170,es_step,4000,0.0291,1.000,0.0414,1.36
13171,replay,4000,0.0611,1.000,0.0414,0.71
13172,replay,4000,0.0422,1.000,0.0414,0.71
13173,es_step,4000,0.0019,1.000,0.0414,1.37
13174,es_step,4000,0.0213,1.000,0.0414,1.36
13175,replay,4000,0.0251,1.000,0.0413,0.70
13176,es_step,4000,0.0156,1.000,0.0413,1.35
13177,replay,4000,0.0419,1.000,0.0412,0.70
13178,replay,4000,0.0319,1.000,0.0411,0.70
13179,replay,4000,0.0494,1.000,0.0410,0.71
13180,es_step,4000,0.0220,1.000,0.0410,1.37
13181,replay,4000,0.0395,1.000,0.0410,0.71
13182,replay,4000,0.0608,1.000,0.0410,0.71
13183,replay,4000,0.0570,1.000,0.0409,0.71
13184,replay,4000,0.0495,1.000,0.0409,0.71
13185,replay,4000,0.0274,1.000,0.0408,0.71
13186,es_step,4000,0.0145,1.000,0.0408,1.35
13187,replay,4000,-0.1155,1.000,0.0407,0.70
13188,es_step,4000,0.0173,1.000,0.0407,1.34
13189,replay,4000,0.0397,1.000,0.0407,0.70
13190,es_step,4000,0.0337,1.000,0.0407,1.33
13191,replay,4000,0.0614,1.000,0.0407,0.70
13192,replay,4000,0.0678,1.000,0.0408,0.70
13193,replay,4000,0.0639,1.000,0.0408,0.70
13194,replay,4000,0.0774,1.000,0.0409,0.70
13195,replay,4000,0.0752,1.000,0.0409,0.70
13196,replay,4000,0.0657,1.000,0.0409,0.70
13197,replay,4000,0.0636,1.000,0.0409,0.70
13198,replay,4000,0.0598,1.000,0.0408,0.70
13199,es_step,4000,0.0267,1.000,0.0408,1.35
13200,es_step,4000,0.0251,1.000,0.0408,1.33
13201,es_step,4000,0.0262,1.000,0.0408,1.32
13202,replay,4000,0.0452,1.000,0.0408,0.69
13203,replay,4000,0.0571,1.000,0.0408,0.69
13204,es_step,4000,0.0216,1.000,0.0408,1.33
13205,replay,4000,0.0590,1.000,0.0408,0.70
13206,es_step,4000,0.0219,1.000,0.0408,1.33
13207,replay,4000,0.0478,1.000,0.0408,0.70
13208,replay,4000,0.0475,1.000,0.0408,0.71
13209,es_step,4000,0.0115,1.000,0.0408,1.35
13210,replay,4000,0.0926,1.000,0.0408,0.70
13211,replay,4000,0.0599,1.000,0.0407,0.73
13212,replay,4000,0.0507,1.000,0.0407,0.70
13213,replay,4000,0.0499,1.000,0.0407,0.71
13214,replay,4000,0.0611,1.000,0.0407,0.71
13215,replay,4000,0.0691,1.000,0.0407,0.72
13216,replay,4000,0.0520,1.000,0.0407,0.72
13217,replay,4000,0.0664,1.000,0.0407,0.72
13218,replay,4000,0.0685,1.000,0.0407,0.72
13219,replay,4000,0.0672,1.000,0.0407,0.72
13220,replay,4000,0.0881,1.000,0.0407,0.72
13221,replay,4000,0.0838,1.000,0.0407,0.72
13222,replay,4000,0.0698,1.000,0.0407,0.72
13223,replay,4000,0.0683,1.000,0.0408,0.72
13224,replay,4000,0.1031,1.000,0.0408,0.72
13225,replay,4000,0.0724,1.000,0.0408,0.72
13226,replay,4000,0.0649,1.000,0.0409,0.72
13227,replay,4000,0.0794,1.000,0.0409,0.72
13228,replay,4000,0.0698,1.000,0.0409,0.72
13229,replay,4000,0.0734,1.000,0.0410,0.72
13230,replay,4000,0.0690,1.000,0.0410,0.72
13231,replay,4000,0.0592,1.000,0.0410,0.71
13232,es_step,4000,0.0291,1.000,0.0410,1.40
13233,replay,4000,0.0767,1.000,0.0410,0.72
13234,replay,4000,0.0595,1.000,0.0410,0.72
13235,replay,4000,0.0587,1.000,0.0410,0.72
13236,replay,4000,0.0498,1.000,0.0410,0.72
13237,replay,4000,0.0638,1.000,0.0410,0.71
13238,replay,4000,0.0702,1.000,0.0410,0.71
13239,replay,4000,0.0691,1.000,0.0411,0.72
13240,replay,4000,0.0858,1.000,0.0411,0.72
13241,replay,4000,0.0733,1.000,0.0411,0.72
13242,replay,4000,0.0722,1.000,0.0411,0.72
13243,replay,4000,0.0694,1.000,0.0411,0.72
13244,replay,4000,0.0509,1.000,0.0411,0.71
13245,replay,4000,0.0714,1.000,0.0411,0.71
13246,replay,4000,0.0708,1.000,0.0411,0.72
13247,es_step,4000,0.0335,1.000,0.0411,1.39
13248,replay,4000,0.0779,1.000,0.0412,0.71
13249,es_step,4000,0.0422,1.000,0.0412,1.38
13250,replay,4000,0.0712,1.000,0.0413,0.71
13251,replay,4000,0.0794,1.000,0.0414,0.72
13252,replay,4000,0.0811,1.000,0.0414,0.72
13253,replay,4000,0.0877,1.000,0.0415,0.71
13254,es_step,4000,0.0448,1.000,0.0415,1.38
13255,replay,4000,0.0695,1.000,0.0415,0.71
13256,replay,4000,0.0698,1.000,0.0416,0.71
13257,replay,4000,0.0700,1.000,0.0417,0.71
13258,replay,4000,0.0669,1.000,0.0417,0.71
13259,replay,4000,0.0683,1.000,0.0417,0.71
13260,es_step,4000,0.0390,0.938,0.0417,2.15
13261,replay,4000,0.0701,1.000,0.0417,0.77
13262,es_step,4000,0.0390,0.938,0.0417,1.51
13263,replay,4000,0.0846,1.000,0.0419,0.76
13264,es_step,4000,0.0391,1.000,0.0419,1.48
13265,replay,4000,0.0973,1.000,0.0419,0.74
13266,replay,4000,0.0834,1.000,0.0419,0.74
13267,replay,4000,0.0851,1.000,0.0420,0.74
13268,replay,4000,0.0793,1.000,0.0420,0.74
13269,es_step,4000,0.0369,1.000,0.0420,1.46
13270,replay,4000,0.0624,1.000,0.0420,0.74
13271,es_step,4000,0.0231,1.000,0.0420,1.45
13272,replay,4000,0.0549,1.000,0.0419,0.73
13273,es_step,4000,0.0337,1.000,0.0419,1.43
13274,replay,4000,0.0436,1.000,0.0419,0.73
13275,replay,4000,0.0427,1.000,0.0419,0.73
13276,es_step,4000,0.0252,0.938,0.0419,1.42
13277,replay,4000,0.0395,1.000,0.0420,0.72
13278,replay,4000,0.0522,1.000,0.0419,0.72
13279,es_step,4000,0.0368,1.000,0.0419,1.43
13280,replay,4000,0.0435,1.000,0.0419,0.72
13281,replay,4000,0.0604,1.000,0.0419,0.72
13282,replay,4000,0.0647,1.000,0.0419,0.72
13283,replay,4000,0.0723,1.000,0.0419,0.72
13284,es_step,4000,0.0547,1.000,0.0420,1.41
13285,es_step,4000,0.0586,0.938,0.0420,1.40
13286,replay,4000,0.0717,1.000,0.0420,0.71
13287,replay,4000,0.0613,1.000,0.0421,0.71
13288,replay,4000,0.0841,1.000,0.0421,0.71
13289,es_step,4000,0.0628,0.938,0.0422,1.40
13290,replay,4000,0.0782,1.000,0.0422,0.71
13291,es_step,4000,0.0556,1.000,0.0422,1.39
13292,replay,4000,0.0757,1.000,0.0422,0.72
13293,replay,4000,0.0616,1.000,0.0422,0.72
13294,replay,4000,0.0724,1.000,0.0422,0.72
13295,replay,4000,0.0696,1.000,0.0423,0.71
13296,replay,4000,0.0745,1.000,0.0423,0.71
13297,replay,4000,0.0889,1.000,0.0423,0.72
13298,replay,4000,0.0795,1.000,0.0423,0.72
13299,es_step,4000,0.0466,0.938,0.0423,1.41
13300,replay,4000,0.0730,1.000,0.0424,0.72
13301,replay,4000,0.0641,1.000,0.0423,0.72
13302,replay,4000,0.0569,1.000,0.0423,0.71
13303,replay,4000,0.0584,1.000,0.0423,0.72
13304,replay,4000,0.0427,1.000,0.0423,0.71
13305,replay,4000,0.0543,1.000,0.0422,0.71
13306,es_step,4000,0.0425,1.000,0.0422,1.39
13307,replay,4000,0.0603,1.000,0.0422,0.71
13308,replay,4000,0.0525,1.000,0.0422,0.71
13309,replay,4000,0.0720,1.000,0.0422,0.71
13310,replay,4000,0.0695,1.000,0.0423,0.71
13311,replay,4000,0.0744,1.000,0.0423,0.71
13312,replay,4000,0.0786,1.000,0.0423,0.72
13313,replay,4000,0.0763,1.000,0.0423,2.93
13314,replay,4000,0.0777,1.000,0.0423,0.72
13315,replay,4000,0.0741,1.000,0.0424,0.71
13316,replay,4000,0.0749,1.000,0.0424,0.71
13317,replay,4000,0.0874,1.000,0.0425,0.72
13318,replay,4000,0.0837,1.000,0.0425,0.72
13319,replay,4000,0.0899,1.000,0.0426,0.72
13320,replay,4000,0.0641,1.000,0.0426,0.72
13321,replay,4000,0.0589,1.000,0.0426,0.72
13322,es_step,4000,0.0503,1.000,0.0426,1.39
13323,replay,4000,0.0765,1.000,0.0426,0.72
13324,replay,4000,0.0633,1.000,0.0426,0.72
13325,es_step,4000,0.0318,1.000,0.0426,1.40
13326,replay,4000,0.0424,1.000,0.0426,0.72
13327,replay,4000,0.0622,1.000,0.0425,0.71
13328,es_step,4000,0.0458,0.938,0.0425,1.39
13329,replay,4000,0.0548,1.000,0.0425,0.71
13330,replay,4000,0.0515,1.000,0.0425,0.72
13331,replay,4000,0.0537,1.000,0.0425,0.72
13332,replay,4000,0.0578,1.000,0.0425,0.71
13333,replay,4000,0.0619,1.000,0.0425,0.71
13334,replay,4000,0.0517,1.000,0.0425,0.71
13335,es_step,4000,0.0393,1.000,0.0425,1.39
13336,replay,4000,0.0597,1.000,0.0424,0.71
13337,replay,4000,0.0641,1.000,0.0424,0.71
13338,replay,4000,0.0694,1.000,0.0425,0.71
13339,replay,4000,0.0753,1.000,0.0425,0.71
13340,replay,4000,0.0867,1.000,0.0425,0.71
13341,es_step,4000,0.0462,1.000,0.0425,1.38
13342,replay,4000,0.0666,1.000,0.0425,0.71
13343,replay,4000,0.0616,1.000,0.0425,0.70
13344,replay,4000,0.0513,1.000,0.0424,0.71
13345,es_step,4000,0.0482,0.938,0.0425,1.37
13346,replay,4000,0.0609,1.000,0.0425,0.70
13347,replay,4000,0.0421,1.000,0.0424,0.70
13348,es_step,4000,0.0256,1.000,0.0424,1.40
13349,es_step,4000,0.0186,1.000,0.0424,1.38
13350,replay,4000,0.0389,1.000,0.0424,0.70
13351,replay,4000,0.0532,1.000,0.0424,0.70
13352,es_step,4000,0.0113,0.938,0.0424,1.37
13353,replay,4000,0.0487,1.000,0.0423,0.70
13354,replay,4000,0.0521,1.000,0.0422,0.70
13355,replay,4000,0.0292,1.000,0.0422,0.71
13356,replay,4000,0.0431,1.000,0.0421,0.71
13357,replay,4000,0.0349,1.000,0.0421,0.72
13358,replay,4000,0.0127,1.000,0.0419,0.72
13359,replay,4000,0.0364,1.000,0.0418,0.72
13360,replay,4000,0.0387,1.000,0.0418,0.72
13361,es_step,4000,0.0399,1.000,0.0418,1.40
13362,replay,4000,0.0472,1.000,0.0418,0.72
13363,replay,4000,0.0520,1.000,0.0418,0.72
13364,es_step,4000,0.0505,1.000,0.0418,1.41
13365,replay,4000,0.0721,1.000,0.0418,0.71
13366,replay,4000,0.0630,1.000,0.0418,0.72
13367,es_step,4000,0.0484,1.000,0.0418,1.38
13368,es_step,4000,0.0405,1.000,0.0418,1.37
13369,replay,4000,0.0591,1.000,0.0418,0.71
13370,replay,4000,0.0626,1.000,0.0418,0.71
13371,replay,4000,0.0565,1.000,0.0418,0.71
13372,replay,4000,0.0475,1.000,0.0417,0.83
13373,replay,4000,0.0330,1.000,0.0416,0.73
13374,replay,4000,0.0209,1.000,0.0415,0.72
13375,replay,4000,0.0229,1.000,0.0415,0.72
13376,replay,4000,0.0311,1.000,0.0414,0.72
13377,replay,4000,0.0381,1.000,0.0414,0.72
13378,replay,4000,0.0452,1.000,0.0413,0.72
13379,replay,4000,0.0417,1.000,0.0413,0.72
13380,replay,4000,0.0685,1.000,0.0413,0.72
13381,replay,4000,0.0539,1.000,0.0413,0.72
13382,replay,4000,0.0669,1.000,0.0413,0.72
13383,es_step,4000,0.0373,1.000,0.0413,1.40
13384,replay,4000,0.0614,1.000,0.0413,0.72
13385,es_step,4000,0.0314,1.000,0.0413,1.41
13386,es_step,4000,0.0245,1.000,0.0413,1.38
13387,replay,4000,0.0511,1.000,0.0413,0.71
13388,es_step,4000,0.0379,1.000,0.0413,1.38
13389,replay,4000,0.0396,1.000,0.0413,0.71
13390,replay,4000,0.0484,1.000,0.0412,0.71
13391,replay,4000,0.0484,1.000,0.0412,0.71
13392,es_step,4000,0.0276,0.938,0.0412,1.38
13393,replay,4000,0.0445,1.000,0.0411,0.71
13394,replay,4000,0.0594,1.000,0.0413,0.72
13395,replay,4000,0.0601,1.000,0.0412,0.71
13396,replay,4000,0.0508,1.000,0.0412,0.72
13397,replay,4000,0.0487,1.000,0.0412,0.71
13398,replay,4000,0.0753,1.000,0.0412,0.72
13399,replay,4000,0.0580,1.000,0.0412,0.71
13400,replay,4000,0.0681,1.000,0.0412,0.71
13401,replay,4000,0.0708,1.000,0.0412,0.71
13402,es_step,4000,0.0502,1.000,0.0412,1.38
13403,replay,4000,0.0667,1.000,0.0413,0.71
13404,replay,4000,0.0647,1.000,0.0413,0.71
13405,replay,4000,0.0630,1.000,0.0413,0.71
13406,replay,4000,0.0673,1.000,0.0413,0.71
13407,replay,4000,0.0534,1.000,0.0413,0.71
13408,replay,4000,0.0786,1.000,0.0413,0.71
13409,es_step,4000,0.0473,0.875,0.0413,2.11
13410,replay,4000,0.0470,1.000,0.0413,0.76
13411,es_step,4000,0.0403,1.000,0.0413,1.50
13412,replay,4000,0.0742,1.000,0.0413,0.75
13413,es_step,4000,0.0397,0.938,0.0413,1.47
13414,replay,4000,0.0744,1.000,0.0413,0.74
13415,es_step,4000,0.0435,1.000,0.0414,1.46
13416,replay,4000,0.0667,1.000,0.0413,0.74
13417,replay,4000,0.0581,1.000,0.0413,0.74
13418,replay,4000,0.0294,1.000,0.0413,0.73
13419,es_step,4000,0.0210,1.000,0.0413,1.43
13420,replay,4000,0.0357,1.000,0.0412,0.73
13421,replay,4000,0.0344,1.000,0.0412,0.72
13422,replay,4000,0.0398,1.000,0.0412,0.72
13423,replay,4000,0.0431,1.000,0.0412,0.72
13424,replay,4000,0.0594,1.000,0.0412,0.73
13425,replay,4000,0.0546,1.000,0.0412,0.72
13426,replay,4000,0.0526,1.000,0.0412,0.73
13427,replay,4000,0.0416,1.000,0.0412,0.72
13428,replay,4000,0.0458,1.000,0.0412,0.72
13429,es_step,4000,0.0354,0.875,0.0412,1.42
13430,replay,4000,0.0533,1.000,0.0412,0.72
13431,replay,4000,0.0714,1.000,0.0412,0.72
13432,replay,4000,0.0852,1.000,0.0413,0.72
13433,replay,4000,0.0836,1.000,0.0414,0.72
13434,replay,4000,0.0683,1.000,0.0414,0.72
13435,replay,4000,0.0516,1.000,0.0414,0.72
13436,replay,4000,0.0423,1.000,0.0413,0.72
13437,replay,4000,0.0294,1.000,0.0412,0.72
13438,replay,4000,0.0290,1.000,0.0411,0.72
13439,replay,4000,0.0306,1.000,0.0411,0.72
13440,replay,4000,0.0367,1.000,0.0410,0.72
13441,replay,4000,0.0443,1.000,0.0409,0.72
13442,es_step,4000,0.0267,0.875,0.0409,1.42
13443,replay,4000,0.0302,1.000,0.0409,0.72
13444,es_step,4000,0.0246,0.938,0.0409,1.40
13445,replay,4000,0.0285,1.000,0.0408,0.71
13446,replay,4000,0.0363,1.000,0.0408,0.72
13447,es_step,4000,0.0375,0.812,0.0408,2.13
13448,replay,4000,0.0478,1.000,0.0408,0.77
13449,replay,4000,0.0520,1.000,0.0407,0.77
13450,es_step,4000,0.0276,1.000,0.0407,1.51
13451,replay,4000,0.0243,1.000,0.0407,0.75
13452,replay,4000,0.0481,1.000,0.0407,0.75
13453,replay,4000,0.0499,1.000,0.0406,0.74
13454,replay,4000,0.0446,1.000,0.0406,0.74
13455,replay,4000,0.0329,1.000,0.0405,0.74
13456,replay,4000,0.0501,1.000,0.0405,0.74
13457,replay,4000,0.0595,1.000,0.0405,0.74
13458,replay,4000,0.0652,1.000,0.0405,0.74
13459,replay,4000,0.0717,1.000,0.0405,0.74
13460,replay,4000,0.0381,1.000,0.0404,0.74
13461,replay,4000,0.0575,1.000,0.0404,0.74
13462,replay,4000,0.0545,1.000,0.0403,0.73
13463,replay,4000,0.0450,1.000,0.0403,0.74
13464,replay,4000,0.0284,1.000,0.0403,0.73
13465,replay,4000,0.0364,1.000,0.0402,0.73
13466,replay,4000,0.0439,1.000,0.0401,0.73
13467,replay,4000,0.0251,1.000,0.0401,0.73
13468,replay,4000,0.0471,1.000,0.0400,0.73
13469,replay,4000,0.0492,1.000,0.0400,0.73
13470,replay,4000,0.0460,1.000,0.0400,0.73
13471,replay,4000,0.0588,1.000,0.0400,0.73
13472,es_step,4000,0.0427,1.000,0.0400,1.43
13473,replay,4000,0.0607,1.000,0.0400,0.72
13474,replay,4000,0.0561,1.000,0.0400,0.73
13475,replay,4000,0.0677,1.000,0.0400,0.72
13476,es_step,4000,0.0429,0.938,0.0400,1.42
13477,replay,4000,0.0572,1.000,0.0400,0.72
13478,replay,4000,0.0299,1.000,0.0398,0.72
13479,replay,4000,0.0711,1.000,0.0398,0.72
13480,es_step,4000,0.0493,1.000,0.0398,1.41
13481,replay,4000,0.0603,1.000,0.0398,0.72
13482,es_step,4000,0.0461,1.000,0.0398,1.41
13483,replay,4000,0.0636,1.000,0.0398,0.71
13484,replay,4000,0.0458,1.000,0.0398,0.72
13485,replay,4000,0.0494,1.000,0.0398,0.72
13486,replay,4000,0.0477,1.000,0.0398,0.72
13487,replay,4000,0.0586,1.000,0.0398,0.73
13488,replay,4000,0.0527,1.000,0.0397,0.72
13489,es_step,4000,0.0397,1.000,0.0397,1.41
13490,es_step,4000,0.0426,0.938,0.0397,1.41
13491,replay,4000,0.0489,1.000,0.0397,0.72
13492,replay,4000,0.0547,1.000,0.0397,0.71
13493,replay,4000,0.0405,1.000,0.0398,0.71
13494,replay,4000,0.0366,1.000,0.0398,0.71
13495,replay,4000,0.0631,1.000,0.0399,0.71
13496,replay,4000,0.0471,1.000,0.0397,0.72
13497,replay,4000,0.0420,1.000,0.0397,0.72
13498,es_step,4000,0.0440,0.938,0.0397,1.40
13499,replay,4000,0.0673,1.000,0.0397,0.72
13500,replay,4000,0.0589,1.000,0.0398,0.72
13501,replay,4000,0.0725,1.000,0.0398,0.72
13502,replay,4000,0.0914,1.000,0.0399,0.72
13503,replay,4000,0.0847,1.000,0.0400,0.72
13504,replay,4000,0.0872,1.000,0.0400,0.72
13505,replay,4000,0.0937,1.000,0.0401,0.72
13506,replay,4000,0.0856,1.000,0.0401,0.72
13507,replay,4000,0.0671,1.000,0.0401,0.72
13508,replay,4000,0.0685,1.000,0.0401,0.72
13509,replay,4000,0.0481,1.000,0.0401,0.72
13510,replay,4000,0.0480,1.000,0.0401,0.71
13511,replay,4000,0.0438,1.000,0.0401,0.72
13512,replay,4000,0.0482,1.000,0.0400,0.72
13513,replay,4000,0.0401,1.000,0.0400,0.72
13514,replay,4000,0.0484,1.000,0.0400,0.72
13515,replay,4000,0.0455,1.000,0.0399,0.72
13516,replay,4000,0.0214,1.000,0.0398,0.72
13517,replay,4000,0.0352,1.000,0.0397,0.71
13518,replay,4000,0.0627,1.000,0.0397,0.72
13519,replay,4000,0.0505,1.000,0.0397,0.72
13520,es_step,4000,0.0350,1.000,0.0397,1.40
13521,replay,4000,0.0439,1.000,0.0397,0.72
13522,replay,4000,0.0337,1.000,0.0396,0.72
13523,replay,4000,0.0558,1.000,0.0396,0.72
13524,replay,4000,0.0367,1.000,0.0396,0.72
13525,replay,4000,0.0429,1.000,0.0396,0.72
13526,replay,4000,0.0691,1.000,0.0396,0.72
13527,replay,4000,0.0640,1.000,0.0396,0.72
13528,replay,4000,0.0705,1.000,0.0396,0.72
13529,replay,4000,0.0785,1.000,0.0397,0.72
13530,replay,4000,0.0847,1.000,0.0397,0.71
13531,replay,4000,0.0749,1.000,0.0397,0.72
13532,replay,4000,0.0667,1.000,0.0398,0.72
13533,replay,4000,0.0601,1.000,0.0398,0.72
13534,replay,4000,0.0583,1.000,0.0398,0.72
13535,replay,4000,0.0553,1.000,0.0398,0.72
13536,es_step,4000,0.0398,1.000,0.0398,1.39
13537,replay,4000,0.0471,1.000,0.0398,0.71
13538,replay,4000,0.0545,1.000,0.0397,0.72
13539,replay,4000,0.0538,1.000,0.0397,0.72
13540,replay,4000,0.0398,1.000,0.0397,0.72
13541,replay,4000,0.0469,1.000,0.0397,0.72
13542,replay,4000,0.0523,1.000,0.0397,0.71
13543,replay,4000,0.0633,1.000,0.0397,0.72
13544,replay,4000,0.0675,1.000,0.0397,0.71
13545,es_step,4000,0.0336,0.875,0.0397,1.40
13546,replay,4000,0.0664,1.000,0.0397,0.72
13547,replay,4000,0.0572,1.000,0.0397,0.72
13548,replay,4000,0.0456,1.000,0.0397,0.72
13549,es_step,4000,0.0158,1.000,0.0397,1.40
13550,replay,4000,0.0450,1.000,0.0396,0.71
13551,replay,4000,0.0301,1.000,0.0395,0.72
13552,es_step,4000,0.0165,1.000,0.0395,1.40
13553,replay,4000,0.0396,1.000,0.0395,0.71
13554,replay,4000,0.0390,1.000,0.0396,0.72
13555,replay,4000,0.0579,1.000,0.0396,0.72
13556,replay,4000,0.0590,1.000,0.0396,0.71
13557,replay,4000,0.0653,1.000,0.0396,0.72
13558,es_step,4000,0.0418,0.938,0.0396,1.40
13559,es_step,4000,0.0534,1.000,0.0396,1.38
13560,es_step,4000,0.0394,1.000,0.0396,1.39
13561,replay,4000,0.0652,1.000,0.0396,0.72
13562,replay,4000,0.0617,1.000,0.0396,0.71
13563,replay,4000,0.0535,1.000,0.0396,0.71
13564,replay,4000,0.0402,1.000,0.0396,0.71
13565,replay,4000,0.0344,1.000,0.0395,0.71
13566,es_step,4000,0.0207,0.938,0.0395,1.39
13567,replay,4000,0.0440,1.000,0.0394,0.71
13568,es_step,4000,0.0212,1.000,0.0394,1.38
13569,replay,4000,0.0314,1.000,0.0394,0.71
13570,replay,4000,0.0186,1.000,0.0393,0.71
13571,replay,4000,0.0440,1.000,0.0393,0.71
13572,es_step,4000,0.0164,1.000,0.0393,1.38
13573,replay,4000,0.0558,1.000,0.0393,0.71
13574,replay,4000,0.0479,1.000,0.0392,0.70
13575,replay,4000,0.0641,1.000,0.0393,0.71
13576,replay,4000,0.0810,1.000,0.0393,0.71
13577,es_step,4000,0.0276,1.000,0.0393,1.37
13578,replay,4000,0.0309,1.000,0.0393,0.70
13579,replay,4000,0.0788,1.000,0.0392,0.70
13580,es_step,4000,0.0446,1.000,0.0393,1.37
13581,replay,4000,0.0712,1.000,0.0394,0.70
13582,es_step,4000,0.0496,0.938,0.0395,1.39
13583,es_step,4000,0.0533,1.000,0.0396,1.38
13584,replay,4000,0.0788,1.000,0.0396,0.71
13585,replay,4000,0.0723,1.000,0.0397,0.71
13586,replay,4000,0.0544,1.000,0.0396,0.71
13587,replay,4000,0.0695,1.000,0.0396,0.71
13588,replay,4000,0.0755,1.000,0.0397,0.71
13589,replay,4000,0.0652,1.000,0.0397,0.71
13590,es_step,4000,0.0263,1.000,0.0397,1.38
13591,replay,4000,0.0634,1.000,0.0397,0.71
13592,replay,4000,0.0648,1.000,0.0397,0.71
13593,es_step,4000,0.0319,1.000,0.0397,1.37
13594,replay,4000,0.0666,1.000,0.0397,0.70
13595,replay,4000,0.0489,1.000,0.0397,0.71
13596,replay,4000,0.0484,1.000,0.0397,0.71
13597,replay,4000,0.0474,1.000,0.0396,0.71
13598,es_step,4000,0.0243,1.000,0.0396,1.38
13599,replay,4000,0.0387,1.000,0.0396,0.71
13600,replay,4000,0.0353,1.000,0.0396,0.71
13601,replay,4000,0.0363,1.000,0.0395,0.71
13602,replay,4000,0.0451,1.000,0.0395,0.72
13603,replay,4000,0.0343,1.000,0.0394,0.71
13604,replay,4000,0.0346,1.000,0.0393,0.71
13605,replay,4000,0.0381,1.000,0.0393,0.71
13606,replay,4000,0.0378,1.000,0.0393,0.72
13607,es_step,4000,0.0171,1.000,0.0393,1.39
13608,es_step,4000,0.0280,1.000,0.0393,1.37
13609,replay,4000,0.0710,1.000,0.0394,0.71
13610,replay,4000,0.0880,1.000,0.0394,0.71
13611,replay,4000,0.0902,1.000,0.0395,0.71
13612,replay,4000,0.0826,1.000,0.0395,0.71
13613,replay,4000,0.1057,1.000,0.0396,0.71
13614,es_step,4000,0.0649,1.000,0.0397,1.39
13615,replay,4000,0.1226,1.000,0.0398,0.71
13616,replay,4000,0.1048,1.000,0.0400,0.71
13617,es_step,4000,0.0551,0.938,0.0400,1.37
13618,replay,4000,0.0873,1.000,0.0401,0.70
13619,replay,4000,0.0891,1.000,0.0402,0.71
13620,replay,4000,0.1197,1.000,0.0402,0.71
13621,replay,4000,0.0647,1.000,0.0402,0.71
13622,replay,4000,0.0566,1.000,0.0402,0.71
13623,replay,4000,0.0588,1.000,0.0402,0.71
13624,replay,4000,0.0550,1.000,0.0402,2.95
13625,replay,4000,0.0437,1.000,0.0402,0.72
13626,replay,4000,0.0707,1.000,0.0402,0.72
13627,replay,4000,0.0464,1.000,0.0401,0.72
13628,es_step,4000,0.0321,1.000,0.0401,1.38
13629,replay,4000,0.0295,1.000,0.0400,0.71
13630,replay,4000,0.0378,1.000,0.0400,0.71
13631,replay,4000,0.0807,1.000,0.0400,0.71
13632,replay,4000,0.0726,1.000,0.0402,0.71
13633,replay,4000,0.0876,1.000,0.0401,0.71
13634,replay,4000,0.0744,1.000,0.0401,0.71
13635,replay,4000,0.1026,1.000,0.0403,0.71
13636,replay,4000,0.1142,1.000,0.0404,0.71
13637,replay,4000,0.0943,1.000,0.0405,0.71
13638,replay,4000,0.1219,1.000,0.0405,0.71
13639,replay,4000,0.1164,1.000,0.0406,0.71
13640,replay,4000,0.1217,1.000,0.0407,0.71
13641,replay,4000,0.1164,1.000,0.0408,0.71
13642,es_step,4000,0.0869,1.000,0.0410,1.38
13643,replay,4000,0.1062,1.000,0.0410,0.70
13644,es_step,4000,0.0819,0.938,0.0412,1.37
13645,replay,4000,0.1222,1.000,0.0413,0.70
13646,es_step,4000,0.0617,1.000,0.0413,1.37
13647,replay,4000,0.1019,1.000,0.0413,0.70
13648,es_step,4000,0.0524,1.000,0.0413,1.36
13649,replay,4000,0.0847,1.000,0.0413,0.70
13650,replay,4000,0.0567,1.000,0.0413,0.70
13651,es_step,4000,0.0374,1.000,0.0414,1.36
13652,replay,4000,0.0591,1.000,0.0413,0.70
13653,replay,4000,0.0525,1.000,0.0413,0.70
13654,replay,4000,0.0524,1.000,0.0413,0.70
13655,replay,4000,0.0373,1.000,0.0412,0.72
13656,replay,4000,0.0405,1.000,0.0412,0.72
13657,replay,4000,0.0415,1.000,0.0411,0.72
13658,replay,4000,0.0346,1.000,0.0411,0.72
13659,replay,4000,0.0342,1.000,0.0410,0.72
13660,replay,4000,0.0368,1.000,0.0409,0.72
13661,replay,4000,0.0447,1.000,0.0409,0.72
13662,replay,4000,0.0419,1.000,0.0408,0.72
13663,replay,4000,0.0379,1.000,0.0408,0.72
13664,replay,4000,0.0394,1.000,0.0407,0.72
13665,replay,4000,0.0396,1.000,0.0406,0.72
13666,es_step,4000,0.0382,1.000,0.0406,1.40
13667,replay,4000,0.0538,1.000,0.0406,0.71
13668,replay,4000,0.0585,1.000,0.0406,0.71
13669,replay,4000,0.0454,1.000,0.0405,0.72
13670,es_step,4000,0.0370,1.000,0.0405,1.40
13671,es_step,4000,0.0357,1.000,0.0405,1.39
13672,replay,4000,0.0515,1.000,0.0405,0.71
13673,replay,4000,0.0431,1.000,0.0405,0.71
13674,replay,4000,0.0452,1.000,0.0404,0.71
13675,replay,4000,0.0414,1.000,0.0404,0.72
13676,es_step,4000,0.0334,1.000,0.0404,1.39
13677,replay,4000,0.0404,1.000,0.0403,0.71
13678,replay,4000,0.0418,1.000,0.0403,0.71
13679,es_step,4000,0.0377,1.000,0.0403,1.38
13680,es_step,4000,0.0391,1.000,0.0403,1.37
13681,replay,4000,0.0412,1.000,0.0403,0.71
13682,replay,4000,0.0432,1.000,0.0402,0.71
13683,replay,4000,0.0452,1.000,0.0402,0.71
13684,es_step,4000,0.0452,1.000,0.0402,1.36
13685,es_step,4000,0.0406,1.000,0.0402,1.36
13686,replay,4000,0.0639,1.000,0.0402,0.71
13687,replay,4000,0.0463,1.000,0.0402,0.71
13688,replay,4000,0.0689,1.000,0.0402,0.71
13689,replay,4000,0.0597,1.000,0.0402,0.71
13690,es_step,4000,0.0399,1.000,0.0402,1.39
13691,es_step,4000,0.0433,1.000,0.0402,1.36
13692,replay,4000,0.0606,1.000,0.0402,0.70
13693,replay,4000,0.0597,1.000,0.0402,0.70
13694,replay,4000,0.0596,1.000,0.0402,0.71
13695,replay,4000,0.0773,1.000,0.0402,0.71
13696,es_step,4000,0.0475,1.000,0.0402,1.39
13697,es_step,4000,0.0475,1.000,0.0402,1.38
13698,replay,4000,0.0729,1.000,0.0403,0.70
13699,replay,4000,0.0787,1.000,0.0403,0.71
13700,replay,4000,0.0534,1.000,0.0403,0.71
13701,replay,4000,0.0365,1.000,0.0402,0.70
13702,es_step,4000,0.0353,0.938,0.0402,1.35
13703,replay,4000,0.0382,1.000,0.0402,0.70
13704,es_step,4000,0.0342,1.000,0.0402,1.34
13705,replay,4000,0.0461,1.000,0.0402,0.70
13706,replay,4000,0.0706,1.000,0.0402,0.70
13707,replay,4000,0.0829,1.000,0.0402,0.71
13708,es_step,4000,0.0394,1.000,0.0402,1.43
13709,replay,4000,0.0567,1.000,0.0403,0.71
13710,replay,4000,0.0667,1.000,0.0403,0.71
13711,replay,4000,0.0549,1.000,0.0403,0.72
13712,replay,4000,0.0671,1.000,0.0403,0.72
13713,replay,4000,0.0766,1.000,0.0404,0.71
13714,es_step,4000,0.0473,1.000,0.0404,1.41
13715,replay,4000,0.0640,1.000,0.0404,0.71
13716,replay,4000,0.0684,1.000,0.0406,0.71
13717,replay,4000,0.0744,1.000,0.0406,0.72
13718,es_step,4000,0.0372,0.938,0.0406,1.40
13719,replay,4000,0.0561,1.000,0.0405,0.71
13720,es_step,4000,0.0251,1.000,0.0405,1.38
13721,replay,4000,0.0392,1.000,0.0405,0.71
13722,replay,4000,0.0490,1.000,0.0405,0.71
13723,replay,4000,0.0349,1.000,0.0404,0.71
13724,replay,4000,0.0551,1.000,0.0404,0.71
13725,es_step,4000,0.0237,1.000,0.0404,1.37
13726,es_step,4000,0.0231,1.000,0.0404,1.35
13727,es_step,4000,0.0256,0.938,0.0404,1.35
13728,replay,4000,0.0262,1.000,0.0403,0.71
13729,replay,4000,0.0336,1.000,0.0403,0.71
13730,replay,4000,0.0405,1.000,0.0402,0.71
13731,es_step,4000,0.0308,1.000,0.0402,1.38
13732,es_step,4000,0.0315,1.000,0.0402,1.36
13733,replay,4000,0.0269,1.000,0.0401,0.70
13734,replay,4000,0.0358,1.000,0.0401,0.70
13735,replay,4000,0.0471,1.000,0.0401,0.70
13736,replay,4000,0.0363,1.000,0.0400,0.70
13737,replay,4000,0.0419,1.000,0.0399,0.71
13738,replay,4000,0.0231,1.000,0.0399,0.71
13739,replay,4000,0.0662,1.000,0.0398,0.71
13740,replay,4000,0.0149,1.000,0.0396,0.71
13741,es_step,4000,0.0272,1.000,0.0396,1.37
13742,es_step,4000,0.0277,1.000,0.0396,1.35
13743,es_step,4000,0.0260,1.000,0.0396,1.34
13744,es_step,4000,0.0262,0.938,0.0396,1.34
13745,replay,4000,0.0599,1.000,0.0396,0.70
13746,replay,4000,0.0620,1.000,0.0397,0.71
13747,replay,4000,0.0404,1.000,0.0397,0.71
13748,es_step,4000,0.0416,1.000,0.0397,1.37
13749,replay,4000,0.0479,1.000,0.0397,0.70
13750,es_step,4000,0.0518,0.938,0.0397,1.37
13751,replay,4000,0.0554,1.000,0.0397,0.70
13752,replay,4000,0.0675,1.000,0.0398,0.71
13753,replay,4000,0.0633,1.000,0.0398,0.71
13754,replay,4000,0.0710,1.000,0.0398,0.71
13755,replay,4000,0.0788,1.000,0.0398,0.71
13756,replay,4000,0.0563,1.000,0.0398,0.72
13757,replay,4000,0.0612,1.000,0.0398,0.71
13758,replay,4000,0.0453,1.000,0.0397,0.72
13759,replay,4000,0.0624,1.000,0.0397,0.72
13760,es_step,4000,0.0399,1.000,0.0397,1.40
13761,replay,4000,0.0638,1.000,0.0397,0.71
13762,replay,4000,0.0627,1.000,0.0397,0.71
13763,es_step,4000,0.0455,1.000,0.0397,1.38
13764,replay,4000,0.0684,1.000,0.0397,0.70
13765,replay,4000,0.0636,1.000,0.0397,0.71
13766,replay,4000,0.0637,1.000,0.0397,0.71
13767,replay,4000,0.0490,1.000,0.0397,0.71
13768,replay,4000,0.0327,1.000,0.0397,0.71
13769,replay,4000,0.0359,1.000,0.0396,0.71
13770,replay,4000,0.0493,1.000,0.0396,0.71
13771,replay,4000,0.0422,1.000,0.0396,0.71
13772,replay,4000,0.0575,1.000,0.0396,0.71
13773,replay,4000,0.0591,1.000,0.0395,0.71
13774,replay,4000,0.0465,1.000,0.0395,0.72
13775,es_step,4000,0.0434,1.000,0.0395,1.39
13776,replay,4000,0.0443,1.000,0.0395,0.71
13777,replay,4000,0.0564,1.000,0.0395,0.71
13778,replay,4000,0.0613,1.000,0.0396,0.72
13779,replay,4000,0.0767,1.000,0.0396,0.72
13780,replay,4000,0.0898,1.000,0.0397,0.72
13781,replay,4000,0.0801,1.000,0.0398,0.72
13782,replay,4000,0.0817,1.000,0.0398,0.72
13783,replay,4000,0.0795,1.000,0.0399,0.71
13784,replay,4000,0.0804,1.000,0.0400,0.71
13785,es_step,4000,0.0504,1.000,0.0400,1.39
13786,replay,4000,0.0705,1.000,0.0400,0.71
13787,replay,4000,0.0456,1.000,0.0402,0.72
13788,replay,4000,0.0400,1.000,0.0401,0.72
13789,replay,4000,0.0384,1.000,0.0401,0.71
13790,replay,4000,0.0131,1.000,0.0399,0.72
13791,replay,4000,0.0464,1.000,0.0399,0.72
13792,replay,4000,0.0592,1.000,0.0399,0.71
13793,replay,4000,0.0476,1.000,0.0399,0.71
13794,replay,4000,0.0618,1.000,0.0399,0.71
13795,replay,4000,0.0459,1.000,0.0399,0.72
13796,replay,4000,0.0638,1.000,0.0399,0.71
13797,replay,4000,0.0550,1.000,0.0399,0.72
13798,es_step,4000,0.0393,1.000,0.0399,1.39
13799,replay,4000,0.0712,1.000,0.0399,0.71
13800,es_step,4000,0.0389,1.000,0.0399,1.38
13801,replay,4000,0.0611,1.000,0.0399,0.71
13802,es_step,4000,0.0288,1.000,0.0399,1.39
13803,replay,4000,0.0368,1.000,0.0399,0.71
13804,replay,4000,0.0229,1.000,0.0398,0.71
13805,es_step,4000,0.0193,1.000,0.0398,1.37
13806,replay,4000,0.0305,1.000,0.0397,0.70
13807,replay,4000,0.0321,1.000,0.0397,0.70
13808,replay,4000,0.0470,1.000,0.0396,0.71
13809,replay,4000,0.0363,1.000,0.0396,0.70
13810,replay,4000,0.0374,1.000,0.0396,0.71
13811,replay,4000,0.0381,1.000,0.0395,0.71
13812,replay,4000,0.0379,1.000,0.0394,0.70
13813,replay,4000,0.0529,1.000,0.0394,0.71
13814,replay,4000,0.0711,1.000,0.0394,0.71
13815,replay,4000,0.0559,1.000,0.0394,0.71
13816,replay,4000,0.0670,1.000,0.0394,0.71
13817,replay,4000,0.0502,1.000,0.0394,0.71
13818,replay,4000,0.0657,1.000,0.0394,0.71
13819,replay,4000,0.0735,1.000,0.0394,0.72
13820,replay,4000,0.0772,1.000,0.0395,0.71
13821,es_step,4000,0.0588,1.000,0.0395,1.38
13822,replay,4000,0.0719,1.000,0.0395,0.71
13823,replay,4000,0.0716,1.000,0.0396,0.71
13824,replay,4000,0.0666,1.000,0.0396,0.71
13825,es_step,4000,0.0366,1.000,0.0396,1.38
13826,es_step,4000,0.0415,1.000,0.0396,1.37
13827,replay,4000,0.0499,1.000,0.0396,0.71
13828,replay,4000,0.0527,1.000,0.0396,0.73
13829,es_step,4000,0.0283,1.000,0.0396,1.38
13830,replay,4000,0.0418,1.000,0.0395,0.72
13831,replay,4000,0.0469,1.000,0.0394,0.72
13832,es_step,4000,0.0281,1.000,0.0394,1.38
13833,replay,4000,0.0415,1.000,0.0394,0.71
13834,replay,4000,0.0515,1.000,0.0394,0.71
13835,replay,4000,0.0506,1.000,0.0394,0.72
13836,replay,4000,0.0613,1.000,0.0394,0.72
13837,replay,4000,0.0618,1.000,0.0394,0.71
13838,es_step,4000,0.0461,1.000,0.0394,1.38
13839,es_step,4000,0.0468,1.000,0.0394,1.36
13840,es_step,4000,0.0412,1.000,0.0394,1.37
13841,replay,4000,0.0617,1.000,0.0394,0.70
13842,replay,4000,0.0708,1.000,0.0394,0.71
13843,replay,4000,0.0600,1.000,0.0394,0.71
13844,replay,4000,0.0592,1.000,0.0394,0.71
13845,replay,4000,0.0631,1.000,0.0394,0.71
13846,es_step,4000,0.0469,1.000,0.0394,1.36
13847,replay,4000,0.0550,1.000,0.0394,0.70
13848,replay,4000,0.0560,1.000,0.0394,0.70
13849,replay,4000,0.0531,1.000,0.0394,0.71
13850,replay,4000,0.0292,1.000,0.0394,0.70
13851,replay,4000,0.0332,1.000,0.0393,0.70
13852,replay,4000,0.0298,1.000,0.0393,0.71
13853,replay,4000,0.0394,1.000,0.0393,0.70
13854,replay,4000,0.0508,1.000,0.0393,0.71
13855,es_step,4000,0.0423,0.938,0.0393,1.37
13856,replay,4000,0.0423,1.000,0.0392,0.70
13857,replay,4000,0.0555,1.000,0.0392,0.70
13858,replay,4000,0.0539,1.000,0.0392,0.71
13859,replay,4000,0.0530,1.000,0.0392,0.70
13860,replay,4000,0.0713,1.000,0.0392,0.71
13861,es_step,4000,0.0390,1.000,0.0392,1.37
13862,replay,4000,0.0543,1.000,0.0391,0.70
13863,es_step,4000,0.0373,1.000,0.0391,1.35
13864,es_step,4000,0.0396,1.000,0.0391,1.34
13865,replay,4000,0.0525,1.000,0.0391,0.69
13866,replay,4000,0.0471,1.000,0.0391,0.70
13867,replay,4000,0.0415,1.000,0.0391,0.71
13868,replay,4000,0.0640,1.000,0.0390,0.70
13869,replay,4000,0.0489,1.000,0.0390,0.70
13870,replay,4000,0.0545,1.000,0.0389,0.71
13871,replay,4000,0.0357,1.000,0.0389,0.71
13872,replay,4000,0.0709,1.000,0.0389,0.71
13873,es_step,4000,0.0323,1.000,0.0389,1.37
13874,replay,4000,0.0570,1.000,0.0389,0.70
13875,replay,4000,0.0668,1.000,0.0389,0.70
13876,es_step,4000,0.0544,1.000,0.0389,1.36
13877,replay,4000,0.0841,1.000,0.0390,0.70
13878,es_step,4000,0.0552,1.000,0.0390,1.35
13879,replay,4000,0.0674,1.000,0.0390,0.69
13880,replay,4000,0.0745,1.000,0.0391,0.70
13881,replay,4000,0.0803,1.000,0.0391,0.70
13882,replay,4000,0.0813,1.000,0.0392,0.70
13883,replay,4000,0.0801,1.000,0.0392,0.70
13884,replay,4000,0.0811,1.000,0.0393,0.71
13885,es_step,4000,0.0590,1.000,0.0393,1.37
13886,es_step,4000,0.0618,1.000,0.0393,1.36
13887,replay,4000,0.0785,1.000,0.0394,0.71
13888,replay,4000,0.0863,1.000,0.0394,0.71
13889,es_step,4000,0.0632,1.000,0.0395,1.36
13890,replay,4000,0.0721,1.000,0.0395,0.71
13891,replay,4000,0.0779,1.000,0.0395,0.70
13892,replay,4000,0.0701,1.000,0.0396,0.71
13893,replay,4000,0.0678,1.000,0.0396,0.71
13894,es_step,4000,0.0531,1.000,0.0396,1.39
13895,es_step,4000,0.0550,1.000,0.0396,1.37
13896,es_step,4000,0.0495,1.000,0.0396,1.35
13897,replay,4000,0.0694,1.000,0.0396,0.71
13898,replay,4000,0.0734,1.000,0.0397,0.70
13899,replay,4000,0.0664,1.000,0.0397,0.70
13900,replay,4000,0.0584,1.000,0.0397,0.70
13901,es_step,4000,0.0362,1.000,0.0397,1.35
13902,es_step,4000,0.0376,1.000,0.0397,1.35
13903,replay,4000,0.0412,1.000,0.0397,0.70
13904,es_step,4000,0.0267,1.000,0.0397,1.37
13905,replay,4000,0.0321,1.000,0.0397,0.70
13906,replay,4000,0.0449,1.000,0.0396,0.71
13907,replay,4000,0.0384,1.000,0.0396,0.70
13908,replay,4000,0.0385,1.000,0.0395,0.71
13909,replay,4000,0.0353,1.000,0.0395,0.71
13910,replay,4000,0.0477,1.000,0.0395,0.71
13911,replay,4000,0.0496,1.000,0.0395,0.71
13912,replay,4000,0.0462,1.000,0.0394,0.71
13913,replay,4000,0.0433,1.000,0.0394,0.71
13914,es_step,4000,0.0368,1.000,0.0394,1.37
13915,replay,4000,0.0451,1.000,0.0394,0.70
13916,replay,4000,0.0597,1.000,0.0393,2.98
13917,replay,4000,0.0422,1.000,0.0393,0.70
13918,es_step,4000,0.0395,1.000,0.0393,1.37
13919,replay,4000,0.0400,1.000,0.0393,0.70
13920,replay,4000,0.0363,1.000,0.0392,0.70
13921,replay,4000,0.0453,1.000,0.0392,0.71
13922,es_step,4000,0.0320,0.938,0.0392,1.36
13923,replay,4000,0.0422,1.000,0.0392,0.70
13924,replay,4000,0.0438,1.000,0.0392,0.70
13925,replay,4000,0.0428,1.000,0.0391,0.70
13926,replay,4000,0.0408,1.000,0.0391,0.70
13927,replay,4000,0.0423,1.000,0.0391,0.70
13928,es_step,4000,0.0363,1.000,0.0391,1.36
13929,replay,4000,0.0435,1.000,0.0391,0.70
13930,replay,4000,0.0431,1.000,0.0391,0.70
13931,replay,4000,0.0423,1.000,0.0392,0.70
13932,replay,4000,0.0431,1.000,0.0391,0.71
13933,es_step,4000,0.0403,1.000,0.0392,1.38
13934,es_step,4000,0.0408,1.000,0.0392,1.37
13935,replay,4000,0.0388,1.000,0.0391,0.71
13936,replay,4000,0.0445,1.000,0.0391,0.71
13937,replay,4000,0.0469,1.000,0.0391,0.71
13938,replay,4000,0.0409,1.000,0.0391,0.71
13939,replay,4000,0.0379,1.000,0.0391,0.71
13940,replay,4000,0.0352,1.000,0.0390,0.71
13941,replay,4000,0.0481,1.000,0.0390,0.71
13942,es_step,4000,0.0435,1.000,0.0390,1.38
13943,replay,4000,0.0541,1.000,0.0390,0.70
13944,replay,4000,0.0669,1.000,0.0390,0.71
13945,replay,4000,0.0511,1.000,0.0390,0.71
13946,replay,4000,0.0434,1.000,0.0390,0.71
13947,replay,4000,0.0603,1.000,0.0390,0.71
13948,replay,4000,0.0609,1.000,0.0390,0.71
13949,replay,4000,0.0573,1.000,0.0389,0.71
13950,replay,4000,0.0310,1.000,0.0389,0.71
13951,replay,4000,0.0305,1.000,0.0388,0.71
13952,replay,4000,0.0334,1.000,0.0387,0.71
13953,replay,4000,0.0525,1.000,0.0387,0.71
13954,replay,4000,0.0339,1.000,0.0386,0.71
13955,replay,4000,0.0581,1.000,0.0386,0.71
13956,replay,4000,0.0683,1.000,0.0386,0.71
13957,es_step,4000,0.0447,1.000,0.0386,1.38
13958,replay,4000,0.0646,1.000,0.0386,0.70
13959,replay,4000,0.0604,1.000,0.0386,0.70
13960,replay,4000,0.0621,1.000,0.0386,0.70
13961,replay,4000,0.0562,1.000,0.0386,0.71
13962,replay,4000,0.0179,1.000,0.0386,0.71
13963,es_step,4000,0.0398,1.000,0.0386,1.39
13964,es_step,4000,0.0363,1.000,0.0386,1.38
13965,replay,4000,0.0399,1.000,0.0387,0.71
13966,es_step,4000,0.0458,1.000,0.0387,1.37
13967,replay,4000,0.0741,1.000,0.0386,0.71
13968,replay,4000,0.0824,1.000,0.0387,0.71
13969,replay,4000,0.0957,1.000,0.0388,0.71
13970,es_step,4000,0.0689,1.000,0.0390,1.37
13971,replay,4000,0.0885,1.000,0.0391,0.72
13972,es_step,4000,0.0616,1.000,0.0391,1.37
13973,replay,4000,0.0930,1.000,0.0392,0.70
13974,replay,4000,0.0898,1.000,0.0392,0.72
13975,replay,4000,0.0731,1.000,0.0392,0.71
13976,replay,4000,0.0691,1.000,0.0393,0.71
13977,es_step,4000,0.0534,1.000,0.0393,1.37
13978,replay,4000,0.0725,1.000,0.0393,0.70
13979,replay,4000,0.0648,1.000,0.0393,0.70
13980,es_step,4000,0.0467,1.000,0.0393,1.36
13981,replay,4000,0.0696,1.000,0.0393,0.70
13982,es_step,4000,0.0382,1.000,0.0393,1.36
13983,replay,4000,0.0706,1.000,0.0393,0.71
13984,replay,4000,0.0750,1.000,0.0393,0.70
13985,replay,4000,0.0400,1.000,0.0393,0.71
13986,replay,4000,0.0784,1.000,0.0393,0.71
13987,replay,4000,0.0723,1.000,0.0393,0.71
13988,replay,4000,0.0701,1.000,0.0393,0.71
13989,es_step,4000,0.0464,1.000,0.0393,1.38
13990,replay,4000,0.0740,1.000,0.0393,0.71
13991,replay,4000,0.0828,1.000,0.0394,0.71
13992,replay,4000,0.0623,1.000,0.0394,0.71
13993,es_step,4000,0.0517,1.000,0.0394,1.35
13994,replay,4000,0.0648,1.000,0.0394,0.68
13995,es_step,4000,0.0429,1.000,0.0394,1.31
13996,replay,4000,0.0719,1.000,0.0394,0.70
13997,replay,4000,0.0449,1.000,0.0394,0.71
13998,es_step,4000,0.0329,1.000,0.0394,1.36
13999,replay,4000,0.0539,1.000,0.0393,0.70
14000,replay,4000,0.0565,1.000,0.0393,0.73
14001,replay,4000,0.0274,1.000,0.0393,0.73
14002,replay,4000,0.0520,1.000,0.0392,0.73
14003,replay,4000,0.0427,1.000,0.0392,0.72
14004,replay,4000,0.0312,1.000,0.0391,0.72
14005,replay,4000,0.0368,1.000,0.0391,0.72
14006,es_step,4000,0.0340,1.000,0.0391,1.39
14007,replay,4000,0.0420,1.000,0.0390,0.71
14008,replay,4000,0.0380,1.000,0.0390,0.71
14009,replay,4000,0.0493,1.000,0.0390,0.71
14010,replay,4000,0.0443,1.000,0.0391,0.71
14011,replay,4000,0.0621,1.000,0.0390,0.71
14012,replay,4000,0.0697,1.000,0.0391,0.71
14013,replay,4000,0.0672,1.000,0.0391,0.71
14014,replay,4000,0.0888,1.000,0.0391,0.71
14015,replay,4000,0.0744,1.000,0.0391,0.72
14016,es_step,4000,0.0528,1.000,0.0391,1.38
14017,replay,4000,0.0584,1.000,0.0392,0.71
14018,replay,4000,0.0721,1.000,0.0392,0.71
14019,es_step,4000,0.0541,1.000,0.0392,1.38
14020,es_step,4000,0.0547,1.000,0.0392,1.37
14021,replay,4000,0.0704,1.000,0.0392,0.70
14022,replay,4000,0.0568,1.000,0.0392,0.71
14023,replay,4000,0.0294,1.000,0.0391,0.70
14024,replay,4000,0.0369,1.000,0.0391,0.71
14025,replay,4000,0.0347,1.000,0.0391,0.71
14026,replay,4000,0.0516,1.000,0.0391,0.71
14027,replay,4000,0.0551,1.000,0.0390,0.71
14028,replay,4000,0.0423,1.000,0.0390,0.71
14029,es_step,4000,0.0404,1.000,0.0390,1.37
14030,replay,4000,0.0313,1.000,0.0390,0.71
14031,replay,4000,0.0496,1.000,0.0390,0.71
14032,replay,4000,0.0435,1.000,0.0389,0.71
14033,replay,4000,0.0784,1.000,0.0390,0.71
14034,replay,4000,0.0522,1.000,0.0389,0.71
14035,es_step,4000,0.0496,1.000,0.0389,1.37
14036,replay,4000,0.0603,1.000,0.0390,0.70
14037,es_step,4000,0.0540,1.000,0.0390,1.35
14038,replay,4000,0.0532,1.000,0.0390,0.70
14039,replay,4000,0.0635,1.000,0.0390,0.70
14040,replay,4000,0.0582,1.000,0.0391,0.70
14041,replay,4000,0.0656,1.000,0.0392,0.70
14042,replay,4000,0.0550,1.000,0.0392,0.70
14043,es_step,4000,0.0467,1.000,0.0392,1.39
14044,es_step,4000,0.0462,1.000,0.0392,1.35
14045,replay,4000,0.0651,1.000,0.0392,0.70
14046,replay,4000,0.0566,1.000,0.0392,0.71
14047,replay,4000,0.0606,1.000,0.0392,0.71
14048,replay,4000,0.0524,1.000,0.0392,0.71
14049,replay,4000,0.0450,1.000,0.0392,0.71
14050,es_step,4000,0.0454,1.000,0.0392,1.39
14051,es_step,4000,0.0436,1.000,0.0392,1.35
14052,replay,4000,0.0574,1.000,0.0392,0.70
14053,replay,4000,0.0401,1.000,0.0391,0.71
14054,replay,4000,0.0389,1.000,0.0391,0.70
14055,replay,4000,0.0567,1.000,0.0391,0.70
14056,replay,4000,-0.0261,1.000,0.0391,0.71
14057,replay,4000,0.0486,1.000,0.0390,0.71
14058,replay,4000,0.0510,1.000,0.0391,0.71
14059,replay,4000,0.0553,1.000,0.0391,0.71
14060,replay,4000,0.0778,1.000,0.0391,0.71
14061,replay,4000,0.0766,1.000,0.0392,0.72
14062,replay,4000,0.0833,1.000,0.0392,0.72
14063,replay,4000,0.0797,1.000,0.0393,0.72
14064,replay,4000,0.0913,1.000,0.0393,0.72
14065,es_step,4000,0.0581,1.000,0.0394,1.40
14066,replay,4000,0.0804,1.000,0.0394,0.71
14067,es_step,4000,0.0574,1.000,0.0394,1.40
14068,replay,4000,0.0633,1.000,0.0394,0.72
14069,replay,4000,0.0798,1.000,0.0394,0.72
14070,replay,4000,0.0715,1.000,0.0394,0.72
14071,replay,4000,0.0637,1.000,0.0394,0.71
14072,replay,4000,0.0470,1.000,0.0393,0.72
14073,replay,4000,0.0988,1.000,0.0393,0.71
14074,es_step,4000,0.0389,1.000,0.0393,1.40
14075,replay,4000,0.0737,1.000,0.0393,0.71
14076,es_step,4000,0.0468,1.000,0.0393,1.38
14077,replay,4000,0.0678,1.000,0.0393,0.71
14078,replay,4000,0.0699,1.000,0.0393,0.71
14079,replay,4000,0.0729,1.000,0.0393,0.71
14080,replay,4000,0.0756,1.000,0.0394,0.72
14081,es_step,4000,0.0475,1.000,0.0394,1.38
14082,replay,4000,0.0675,1.000,0.0394,0.71
14083,replay,4000,0.0687,1.000,0.0394,0.71
14084,replay,4000,0.0666,1.000,0.0394,0.71
14085,replay,4000,0.0601,1.000,0.0395,0.71
14086,replay,4000,0.0533,1.000,0.0395,0.72
14087,es_step,4000,0.0299,1.000,0.0395,1.39
14088,replay,4000,-0.0128,1.000,0.0393,0.71
14089,replay,4000,0.0712,1.000,0.0393,0.72
14090,replay,4000,0.0771,1.000,0.0393,0.71
14091,replay,4000,0.0768,1.000,0.0394,0.71
14092,replay,4000,0.0839,1.000,0.0395,0.71
14093,es_step,4000,0.0620,1.000,0.0395,1.39
14094,replay,4000,0.0741,1.000,0.0395,0.71
14095,es_step,4000,0.0616,1.000,0.0396,1.38
14096,es_step,4000,0.0641,1.000,0.0396,1.37
14097,es_step,4000,0.0621,1.000,0.0396,1.36
14098,replay,4000,0.0761,1.000,0.0397,0.70
14099,replay,4000,0.0717,1.000,0.0397,0.71
14100,replay,4000,0.0813,1.000,0.0398,0.71
14101,replay,4000,0.0735,1.000,0.0398,0.71
14102,replay,4000,0.0749,1.000,0.0399,0.71
14103,es_step,4000,0.0491,0.938,0.0399,1.37
14104,replay,4000,0.0710,1.000,0.0399,0.70
14105,replay,4000,0.0563,1.000,0.0399,0.71
14106,replay,4000,0.0431,1.000,0.0399,0.71
14107,replay,4000,0.0416,1.000,0.0398,0.71
14108,replay,4000,0.0371,1.000,0.0398,0.71
14109,es_step,4000,0.0338,1.000,0.0398,1.38
14110,es_step,4000,0.0311,1.000,0.0398,1.38
14111,es_step,4000,0.0301,1.000,0.0398,1.36
14112,replay,4000,0.0362,1.000,0.0397,0.70
14113,replay,4000,0.0406,1.000,0.0396,0.72
14114,es_step,4000,0.0306,1.000,0.0396,1.39
14115,replay,4000,0.0351,1.000,0.0396,0.71
14116,es_step,4000,0.0295,1.000,0.0396,1.38
14117,replay,4000,0.0268,1.000,0.0395,0.71
14118,replay,4000,0.0248,1.000,0.0395,0.71
14119,replay,4000,0.0476,1.000,0.0394,0.71
14120,replay,4000,0.0570,1.000,0.0394,0.71
14121,replay,4000,0.0459,1.000,0.0394,0.72
14122,replay,4000,0.0490,1.000,0.0394,0.73
14123,replay,4000,0.0754,1.000,0.0394,0.72
14124,replay,4000,0.0753,1.000,0.0395,0.72
14125,replay,4000,0.0687,1.000,0.0395,0.73
14126,replay,4000,0.0785,1.000,0.0396,0.73
14127,replay,4000,0.0973,1.000,0.0396,0.72
14128,replay,4000,0.0697,1.000,0.0396,0.72
14129,es_step,4000,0.0589,1.000,0.0396,1.40
14130,replay,4000,0.0515,1.000,0.0397,0.71
14131,replay,4000,0.0862,1.000,0.0397,0.71
14132,replay,4000,0.0912,1.000,0.0398,0.72
14133,es_step,4000,0.0635,1.000,0.0398,1.39
14134,replay,4000,0.0786,1.000,0.0398,0.71
14135,replay,4000,0.0679,1.000,0.0399,0.71
14136,replay,4000,0.0728,1.000,0.0399,0.71
14137,replay,4000,0.0779,1.000,0.0400,0.71
14138,replay,4000,0.0743,1.000,0.0400,0.71
14139,replay,4000,0.0710,1.000,0.0401,0.72
14140,replay,4000,0.0660,1.000,0.0401,0.72
14141,es_step,4000,0.0491,1.000,0.0401,1.39
14142,replay,4000,0.0615,1.000,0.0401,0.71
14143,replay,4000,0.0688,1.000,0.0401,0.72
14144,es_step,4000,0.0472,1.000,0.0401,1.38
14145,replay,4000,0.0483,1.000,0.0401,0.71
14146,replay,4000,0.0634,1.000,0.0401,0.71
14147,replay,4000,0.0568,1.000,0.0403,0.71
14148,es_step,4000,0.0573,1.000,0.0403,1.39
14149,replay,4000,0.0704,1.000,0.0403,0.71
14150,replay,4000,0.0797,1.000,0.0404,0.71
14151,replay,4000,0.0737,1.000,0.0405,0.72
14152,replay,4000,0.0912,1.000,0.0405,0.72
14153,es_step,4000,0.0744,1.000,0.0406,1.40
14154,replay,4000,0.0877,1.000,0.0407,0.71
14155,replay,4000,0.0870,1.000,0.0407,0.71
14156,replay,4000,0.1009,1.000,0.0408,0.71
14157,replay,4000,0.0967,1.000,0.0409,0.72
14158,es_step,4000,0.0778,1.000,0.0411,1.39
14159,replay,4000,0.0978,1.000,0.0412,0.71
14160,replay,4000,0.0926,1.000,0.0412,0.71
14161,replay,4000,0.0855,1.000,0.0413,0.71
14162,replay,4000,0.0734,1.000,0.0413,0.71
14163,replay,4000,0.0699,1.000,0.0413,0.71
14164,replay,4000,0.0580,1.000,0.0413,0.71
14165,es_step,4000,0.0341,1.000,0.0413,1.37
14166,es_step,4000,0.0374,1.000,0.0413,1.38
14167,replay,4000,0.0497,1.000,0.0413,0.71
14168,replay,4000,0.0349,1.000,0.0412,0.71
14169,es_step,4000,0.0219,1.000,0.0412,1.38
14170,replay,4000,0.0318,1.000,0.0412,0.71
14171,replay,4000,0.0242,1.000,0.0411,0.71
14172,replay,4000,0.0257,1.000,0.0410,0.71
14173,es_step,4000,0.0317,1.000,0.0410,1.40
14174,replay,4000,0.0363,1.000,0.0409,0.72
14175,replay,4000,0.0402,1.000,0.0409,0.72
14176,replay,4000,0.0528,1.000,0.0409,0.71
14177,replay,4000,0.0457,1.000,0.0409,0.72
14178,replay,4000,0.0472,1.000,0.0408,0.72
14179,replay,4000,0.0291,1.000,0.0408,0.71
14180,es_step,4000,0.0372,1.000,0.0408,1.38
14181,replay,4000,0.0364,1.000,0.0408,0.71
14182,replay,4000,0.0384,1.000,0.0407,0.71
14183,es_step,4000,0.0316,1.000,0.0407,1.37
14184,replay,4000,0.0358,1.000,0.0407,0.71
14185,replay,4000,0.0325,1.000,0.0407,0.71
14186,es_step,4000,0.0320,1.000,0.0407,1.35
14187,replay,4000,0.0413,1.000,0.0406,0.70
14188,replay,4000,0.0429,1.000,0.0406,0.71
14189,replay,4000,0.0432,1.000,0.0406,0.70
14190,es_step,4000,0.0372,1.000,0.0406,1.36
14191,replay,4000,0.0611,1.000,0.0406,0.71
14192,replay,4000,0.0627,1.000,0.0405,0.71
14193,replay,4000,0.0605,1.000,0.0405,0.71
14194,replay,4000,0.0613,1.000,0.0405,0.71
14195,es_step,4000,0.0367,1.000,0.0405,1.39
14196,replay,4000,0.0357,1.000,0.0405,0.71
14197,replay,4000,0.0438,1.000,0.0405,0.71
14198,es_step,4000,0.0448,1.000,0.0405,1.36
14199,replay,4000,0.0614,1.000,0.0405,0.70
14200,es_step,4000,0.0479,1.000,0.0405,1.35
14201,replay,4000,0.0557,1.000,0.0405,0.70
14202,replay,4000,0.0492,1.000,0.0405,0.70
14203,replay,4000,0.0604,1.000,0.0405,0.70
14204,replay,4000,0.0554,1.000,0.0405,0.71
14205,es_step,4000,0.0485,1.000,0.0405,1.37
14206,replay,4000,0.0992,1.000,0.0405,0.70
14207,replay,4000,0.0799,1.000,0.0406,0.71
14208,replay,4000,0.0894,1.000,0.0406,0.71
14209,replay,4000,0.0825,1.000,0.0407,0.71
14210,replay,4000,0.0900,1.000,0.0407,0.71
14211,replay,4000,0.0625,1.000,0.0407,0.71
14212,replay,4000,0.0734,1.000,0.0407,0.71
14213,replay,4000,0.0602,1.000,0.0407,0.71
14214,replay,4000,0.0473,1.000,0.0406,0.71
14215,replay,4000,0.0406,1.000,0.0406,0.71
14216,es_step,4000,0.0265,1.000,0.0406,3.65
14217,replay,4000,0.0296,1.000,0.0405,0.70
14218,replay,4000,0.0373,1.000,0.0405,0.71
14219,replay,4000,0.0739,1.000,0.0405,0.71
14220,replay,4000,0.0610,1.000,0.0405,0.72
14221,es_step,4000,0.0459,1.000,0.0405,1.40
14222,replay,4000,0.0540,1.000,0.0405,0.71
14223,es_step,4000,0.0478,1.000,0.0405,1.39
14224,es_step,4000,0.0437,1.000,0.0405,1.37
14225,replay,4000,0.0526,1.000,0.0405,0.71
14226,replay,4000,0.0522,1.000,0.0405,0.72
14227,replay,4000,0.0713,1.000,0.0405,0.71
14228,es_step,4000,0.0454,1.000,0.0405,1.40
14229,replay,4000,0.0672,1.000,0.0405,0.71
14230,replay,4000,0.0573,1.000,0.0404,0.72
14231,es_step,4000,0.0412,1.000,0.0404,1.38
14232,replay,4000,0.0473,1.000,0.0405,0.70
14233,replay,4000,0.0633,1.000,0.0404,0.71
14234,replay,4000,0.0583,1.000,0.0404,0.71
14235,es_step,4000,0.0385,1.000,0.0404,1.38
14236,es_step,4000,0.0368,1.000,0.0404,1.35
14237,replay,4000,0.0485,1.000,0.0404,0.70
14238,replay,4000,0.0459,1.000,0.0404,0.70
14239,replay,4000,0.0471,1.000,0.0404,0.71
14240,es_step,4000,0.0349,1.000,0.0404,1.34
14241,replay,4000,0.0349,1.000,0.0403,0.70
14242,replay,4000,0.0467,1.000,0.0403,0.70
14243,replay,4000,0.0516,1.000,0.0403,0.71
14244,replay,4000,0.0522,1.000,0.0403,0.72
14245,es_step,4000,0.0415,1.000,0.0403,1.39
14246,replay,4000,0.0496,1.000,0.0403,0.71
14247,replay,4000,0.0776,1.000,0.0403,0.71
14248,es_step,4000,0.0507,1.000,0.0403,1.38
14249,replay,4000,0.0535,1.000,0.0403,0.72
14250,replay,4000,0.0349,1.000,0.0402,0.71
14251,replay,4000,0.0756,1.000,0.0403,0.71
14252,replay,4000,0.0761,1.000,0.0403,0.72
14253,es_step,4000,0.0429,1.000,0.0403,1.40
14254,es_step,4000,0.0406,1.000,0.0403,1.39
14255,replay,4000,0.0661,1.000,0.0403,0.72
14256,replay,4000,0.0525,1.000,0.0403,0.72
14257,replay,4000,0.0804,1.000,0.0403,0.73
14258,replay,4000,0.0543,1.000,0.0403,0.72
14259,es_step,4000,0.0498,1.000,0.0403,1.40
14260,es_step,4000,0.0513,1.000,0.0403,1.38
14261,replay,4000,0.0607,1.000,0.0403,0.71
14262,replay,4000,0.0681,1.000,0.0404,0.71
14263,replay,4000,0.0733,1.000,0.0404,0.71
14264,replay,4000,0.1022,1.000,0.0405,0.72
14265,replay,4000,0.0957,1.000,0.0406,0.72
14266,replay,4000,0.1132,1.000,0.0406,0.72
14267,replay,4000,0.0817,1.000,0.0407,0.72
14268,replay,4000,0.1061,1.000,0.0407,0.72
14269,replay,4000,0.0939,1.000,0.0408,0.72
14270,replay,4000,0.0874,1.000,0.0409,0.72
14271,replay,4000,0.0953,1.000,0.0410,0.73
14272,replay,4000,0.0907,1.000,0.0411,0.72
14273,replay,4000,0.0886,1.000,0.0412,0.72
14274,replay,4000,0.0732,1.000,0.0412,0.73
14275,replay,4000,0.0783,1.000,0.0412,0.72
14276,replay,4000,0.0737,1.000,0.0413,0.73
14277,replay,4000,0.0700,1.000,0.0413,0.72
14278,replay,4000,0.0808,1.000,0.0414,0.72
14279,replay,4000,0.0755,1.000,0.0414,0.72
14280,replay,4000,0.0593,1.000,0.0414,0.72
14281,replay,4000,0.0643,1.000,0.0414,0.72
14282,replay,4000,0.0628,1.000,0.0414,0.72
14283,replay,4000,0.0527,1.000,0.0414,0.73
14284,replay,4000,0.0515,1.000,0.0414,0.73
14285,replay,4000,0.0493,1.000,0.0413,0.72
14286,es_step,4000,0.0390,1.000,0.0413,1.42
14287,replay,4000,0.0329,1.000,0.0413,0.72
14288,replay,4000,0.0544,1.000,0.0413,0.72
14289,replay,4000,0.0525,1.000,0.0412,0.72
14290,replay,4000,0.0421,1.000,0.0412,0.72
14291,es_step,4000,0.0376,1.000,0.0412,1.40
14292,replay,4000,0.0378,1.000,0.0411,0.71
14293,es_step,4000,0.0412,1.000,0.0411,1.39
14294,es_step,4000,0.0400,1.000,0.0411,1.38
14295,replay,4000,0.0428,1.000,0.0411,0.71
14296,replay,4000,0.0455,1.000,0.0411,0.71
14297,replay,4000,0.0439,1.000,0.0411,0.71
14298,replay,4000,0.0503,1.000,0.0411,0.72
14299,replay,4000,0.0557,1.000,0.0411,0.71
14300,replay,4000,0.0612,1.000,0.0411,0.72
14301,replay,4000,0.0597,1.000,0.0410,0.73
14302,replay,4000,0.0540,1.000,0.0410,0.72
14303,replay,4000,0.0494,1.000,0.0410,0.72
14304,replay,4000,0.0561,1.000,0.0409,0.72
14305,replay,4000,0.0565,1.000,0.0409,0.72
14306,replay,4000,0.0670,1.000,0.0409,0.72
14307,es_step,4000,0.0502,1.000,0.0409,1.40
14308,es_step,4000,0.0510,1.000,0.0409,1.39
14309,replay,4000,0.0727,1.000,0.0410,0.71
14310,replay,4000,0.0629,1.000,0.0410,0.71
14311,replay,4000,0.0637,1.000,0.0410,0.71
14312,replay,4000,0.0624,1.000,0.0410,0.71
14313,replay,4000,0.0641,1.000,0.0410,0.72
14314,es_step,4000,0.0451,1.000,0.0410,1.38
14315,replay,4000,0.0520,1.000,0.0410,0.71
14316,replay,4000,0.0913,1.000,0.0410,0.71
14317,replay,4000,0.0672,1.000,0.0410,0.71
14318,replay,4000,0.0636,1.000,0.0411,0.71
14319,replay,4000,0.0612,1.000,0.0411,0.71
14320,es_step,4000,0.0726,1.000,0.0412,1.38
14321,replay,4000,0.0996,1.000,0.0413,0.70
14322,replay,4000,0.0850,1.000,0.0413,0.71
14323,es_step,4000,0.0877,1.000,0.0416,1.37
14324,replay,4000,0.1028,1.000,0.0416,0.70
14325,replay,4000,0.0959,1.000,0.0417,0.71
14326,replay,4000,0.0697,1.000,0.0418,0.71
14327,replay,4000,0.0964,1.000,0.0419,0.71
14328,replay,4000,0.0983,1.000,0.0419,0.71
14329,replay,4000,0.0867,1.000,0.0419,0.72
14330,replay,4000,0.0851,1.000,0.0419,0.72
14331,replay,4000,0.0661,1.000,0.0420,0.72
14332,replay,4000,0.0746,1.000,0.0420,0.72
14333,replay,4000,0.0545,1.000,0.0420,0.72
14334,es_step,4000,0.0427,1.000,0.0420,1.41
14335,replay,4000,0.0487,1.000,0.0419,0.72
14336,replay,4000,0.0404,1.000,0.0419,0.72
14337,replay,4000,0.0456,1.000,0.0418,0.71
14338,replay,4000,0.0342,1.000,0.0418,0.72
14339,es_step,4000,0.0328,1.000,0.0418,1.40
14340,es_step,4000,0.0343,1.000,0.0418,1.39
14341,replay,4000,0.0386,1.000,0.0418,0.71
14342,es_step,4000,0.0366,1.000,0.0418,1.37
14343,replay,4000,0.0347,1.000,0.0417,0.71
14344,replay,4000,0.0446,1.000,0.0417,0.72
14345,replay,4000,0.0475,1.000,0.0417,0.72
14346,replay,4000,0.0450,1.000,0.0416,0.72
14347,replay,4000,0.0428,1.000,0.0416,0.71
14348,replay,4000,0.0392,1.000,0.0415,0.72
14349,replay,4000,0.0467,1.000,0.0415,0.72
14350,replay,4000,0.0719,1.000,0.0415,0.72
14351,replay,4000,0.0599,1.000,0.0415,0.72
14352,replay,4000,0.0836,1.000,0.0415,0.71
14353,replay,4000,0.0674,1.000,0.0415,0.71
14354,replay,4000,0.0612,1.000,0.0416,0.72
14355,es_step,4000,0.0649,0.938,0.0416,1.39
14356,es_step,4000,0.0630,1.000,0.0417,1.37
14357,replay,4000,0.0797,1.000,0.0417,0.71
14358,replay,4000,0.0690,1.000,0.0417,0.72
14359,es_step,4000,0.0619,1.000,0.0417,1.38
14360,replay,4000,0.0781,1.000,0.0418,0.71
14361,replay,4000,0.0725,1.000,0.0418,0.71
14362,replay,4000,0.0592,1.000,0.0419,0.71
14363,es_step,4000,0.0553,1.000,0.0419,1.36
14364,replay,4000,0.0681,1.000,0.0419,0.70
14365,replay,4000,0.0776,1.000,0.0419,0.71
14366,replay,4000,0.0727,1.000,0.0419,0.71
14367,es_step,4000,0.0557,1.000,0.0419,1.36
14368,replay,4000,0.0652,1.000,0.0419,0.70
14369,replay,4000,0.0638,1.000,0.0419,0.72
14370,replay,4000,0.0508,1.000,0.0419,0.71
14371,es_step,4000,0.0511,1.000,0.0419,1.38
14372,es_step,4000,0.0394,1.000,0.0419,1.37
14373,replay,4000,0.0458,1.000,0.0419,0.70
14374,es_step,4000,0.0414,1.000,0.0419,1.36
14375,replay,4000,0.0592,1.000,0.0420,0.70
14376,replay,4000,0.0350,1.000,0.0420,0.71
14377,replay,4000,0.0389,1.000,0.0420,0.71
14378,replay,4000,0.0378,1.000,0.0419,0.71
14379,replay,4000,0.0492,1.000,0.0419,0.72
14380,replay,4000,0.0375,1.000,0.0419,0.71
14381,replay,4000,0.0519,1.000,0.0418,0.71
14382,replay,4000,0.0355,1.000,0.0418,0.71
14383,es_step,4000,0.0411,1.000,0.0418,1.39
14384,replay,4000,0.0707,1.000,0.0418,0.71
14385,replay,4000,0.0686,1.000,0.0418,0.71
14386,replay,4000,0.0821,1.000,0.0418,0.71
14387,replay,4000,0.0743,1.000,0.0418,0.71
14388,replay,4000,0.0842,1.000,0.0419,0.71
14389,replay,4000,0.0728,1.000,0.0419,0.71
14390,replay,4000,0.0743,1.000,0.0420,0.72
14391,replay,4000,0.0768,1.000,0.0420,0.72
14392,replay,4000,0.0703,1.000,0.0421,0.72
14393,replay,4000,0.0680,1.000,0.0421,0.72
14394,replay,4000,0.0632,1.000,0.0421,0.72
14395,es_step,4000,0.0587,1.000,0.0421,1.40
14396,replay,4000,0.0588,1.000,0.0421,0.71
14397,replay,4000,0.0579,1.000,0.0421,0.71
14398,replay,4000,0.0570,1.000,0.0421,0.71
14399,replay,4000,0.0412,1.000,0.0421,0.72
14400,replay,4000,0.0511,1.000,0.0421,0.72
14401,replay,4000,0.0518,1.000,0.0421,0.72
14402,replay,4000,0.0472,1.000,0.0421,0.72
14403,replay,4000,0.0440,1.000,0.0420,0.72
14404,replay,4000,0.0423,1.000,0.0420,0.72
14405,replay,4000,0.0350,1.000,0.0419,0.72
14406,replay,4000,0.0208,1.000,0.0419,0.72
14407,replay,4000,0.0342,1.000,0.0418,0.73
14408,replay,4000,0.0505,1.000,0.0418,0.72
14409,replay,4000,0.0531,1.000,0.0418,0.72
14410,replay,4000,0.0673,1.000,0.0419,0.74
14411,es_step,4000,0.0496,0.938,0.0419,1.41
14412,replay,4000,0.0753,1.000,0.0419,0.72
14413,replay,4000,0.0680,1.000,0.0419,0.72
14414,replay,4000,0.0698,1.000,0.0420,0.72
14415,replay,4000,0.0715,1.000,0.0420,0.72
14416,es_step,4000,0.0500,1.000,0.0420,1.53
14417,replay,4000,0.0668,1.000,0.0420,0.71
14418,es_step,4000,0.0566,1.000,0.0420,1.39
14419,replay,4000,0.0757,1.000,0.0420,0.72
14420,replay,4000,0.0624,1.000,0.0420,0.72
14421,replay,4000,0.0634,1.000,0.0421,0.72
14422,replay,4000,0.0768,1.000,0.0421,0.72
14423,replay,4000,0.0872,1.000,0.0422,0.72
14424,es_step,4000,0.0753,1.000,0.0423,1.40
14425,replay,4000,0.0844,1.000,0.0423,0.71
14426,replay,4000,0.0852,1.000,0.0424,0.71
14427,es_step,4000,0.0763,1.000,0.0425,1.39
14428,replay,4000,0.0832,1.000,0.0425,0.71
14429,replay,4000,0.0820,1.000,0.0426,0.71
14430,replay,4000,0.0808,1.000,0.0426,0.71
14431,replay,4000,0.0660,1.000,0.0426,0.72
14432,replay,4000,0.0595,1.000,0.0427,0.71
14433,replay,4000,0.0601,1.000,0.0427,0.71
14434,replay,4000,0.0988,1.000,0.0427,0.72
14435,replay,4000,0.0810,1.000,0.0428,0.72
14436,replay,4000,0.0902,1.000,0.0428,0.72
14437,replay,4000,0.0794,1.000,0.0429,0.72
14438,replay,4000,0.0873,1.000,0.0429,0.72
14439,replay,4000,0.0804,1.000,0.0429,0.72
14440,replay,4000,0.0712,1.000,0.0429,0.73
14441,replay,4000,0.0647,1.000,0.0429,0.72
14442,replay,4000,0.0486,1.000,0.0429,0.72
14443,replay,4000,0.0427,1.000,0.0428,0.72
14444,replay,4000,0.0621,1.000,0.0427,0.72
14445,replay,4000,0.0414,1.000,0.0427,0.72
14446,replay,4000,0.0382,1.000,0.0426,0.72
14447,replay,4000,0.0097,1.000,0.0425,0.72
14448,replay,4000,0.0412,1.000,0.0424,0.73
14449,replay,4000,0.0476,1.000,0.0424,0.73
14450,replay,4000,0.0417,1.000,0.0424,0.72
14451,replay,4000,0.0547,1.000,0.0424,0.72
14452,replay,4000,0.0440,1.000,0.0426,0.73
14453,replay,4000,0.0308,1.000,0.0425,0.72
14454,es_step,4000,0.0349,1.000,0.0425,1.42
14455,replay,4000,0.0303,1.000,0.0424,0.72
14456,replay,4000,0.0291,1.000,0.0423,0.72
14457,replay,4000,0.0546,1.000,0.0423,0.71
14458,replay,4000,0.0546,1.000,0.0422,0.71
14459,es_step,4000,0.0380,0.938,0.0422,1.40
14460,replay,4000,0.0307,1.000,0.0422,0.72
14461,replay,4000,0.0495,1.000,0.0422,0.72
14462,replay,4000,0.0777,1.000,0.0422,0.72
14463,replay,4000,0.1023,1.000,0.0423,0.72
14464,replay,4000,0.1210,1.000,0.0424,0.72
14465,es_step,4000,0.0991,1.000,0.0429,1.39
14466,es_step,4000,0.0955,0.938,0.0430,1.38
14467,es_step,4000,0.1020,1.000,0.0431,1.39
14468,replay,4000,0.1185,1.000,0.0432,0.72
14469,replay,4000,0.1141,1.000,0.0434,0.71
14470,replay,4000,0.1108,1.000,0.0435,0.72
14471,replay,4000,0.1074,1.000,0.0436,0.72
14472,es_step,4000,0.0925,1.000,0.0436,1.39
14473,replay,4000,0.0966,1.000,0.0436,0.71
14474,replay,4000,0.0885,1.000,0.0437,0.71
14475,es_step,4000,0.0604,1.000,0.0437,1.38
14476,es_step,4000,0.0581,1.000,0.0437,1.37
14477,replay,4000,0.1009,1.000,0.0437,0.71
14478,replay,4000,0.0665,1.000,0.0438,0.71
14479,replay,4000,0.0911,1.000,0.0438,0.72
14480,replay,4000,0.0712,1.000,0.0438,0.71
14481,es_step,4000,0.0615,0.938,0.0438,1.38
14482,replay,4000,0.0718,1.000,0.0438,0.71
14483,replay,4000,0.0559,1.000,0.0438,0.71
14484,replay,4000,0.0483,1.000,0.0438,0.71
14485,replay,4000,0.0419,1.000,0.0437,0.71
14486,replay,4000,0.0272,1.000,0.0436,0.71
14487,es_step,4000,0.0173,1.000,0.0436,1.37
14488,replay,4000,0.0278,1.000,0.0435,0.70
14489,replay,4000,0.0298,1.000,0.0435,0.71
14490,replay,4000,0.0201,1.000,0.0433,0.71
14491,replay,4000,0.0318,1.000,0.0432,0.72
14492,replay,4000,0.0334,1.000,0.0432,0.71
14493,replay,4000,0.0358,1.000,0.0431,0.72
14494,replay,4000,0.0348,1.000,0.0430,0.72
14495,replay,4000,0.0594,1.000,0.0430,0.72
14496,replay,4000,0.0365,1.000,0.0429,0.72
14497,replay,4000,0.0459,1.000,0.0429,0.72
14498,replay,4000,0.0467,1.000,0.0428,0.72
14499,es_step,4000,0.0443,1.000,0.0428,1.39
14500,replay,4000,0.0450,1.000,0.0428,0.72
14501,replay,4000,0.0297,1.000,0.0427,0.72
14502,es_step,4000,0.0393,1.000,0.0427,1.39
14503,replay,4000,0.0337,1.000,0.0426,0.71
14504,replay,4000,0.0441,1.000,0.0426,0.71
14505,replay,4000,0.0677,1.000,0.0425,0.71
14506,replay,4000,0.0893,1.000,0.0424,0.71
14507,replay,4000,0.0519,1.000,0.0424,0.72
14508,replay,4000,0.0541,1.000,0.0424,0.72
14509,replay,4000,0.0683,1.000,0.0424,0.72
14510,replay,4000,0.0969,1.000,0.0424,0.71
14511,replay,4000,0.0718,1.000,0.0423,0.72
14512,replay,4000,0.0499,1.000,0.0423,0.72
14513,replay,4000,0.0443,1.000,0.0423,0.71
14514,replay,4000,0.0482,1.000,0.0423,0.72
14515,replay,4000,0.0441,1.000,0.0423,0.71
14516,replay,4000,0.0727,1.000,0.0422,0.72
14517,replay,4000,0.0333,1.000,0.0422,0.72
14518,es_step,4000,0.0361,1.000,0.0422,1.40
14519,replay,4000,0.0389,1.000,0.0421,0.72
14520,es_step,4000,0.0459,1.000,0.0421,1.39
14521,es_step,4000,0.0367,1.000,0.0421,1.37
14522,replay,4000,0.0445,1.000,0.0421,0.71
14523,replay,4000,0.0595,1.000,0.0420,0.71
14524,replay,4000,0.0532,1.000,0.0420,0.72
14525,replay,4000,0.0725,1.000,0.0421,0.72
14526,es_step,4000,0.0421,1.000,0.0421,1.39
14527,replay,4000,0.0986,1.000,0.0421,0.71
14528,replay,4000,0.0621,1.000,0.0421,3.00
14529,replay,4000,0.0717,1.000,0.0421,0.71
14530,replay,4000,0.0867,1.000,0.0422,0.71
14531,replay,4000,0.1061,1.000,0.0422,0.71
14532,replay,4000,0.1069,1.000,0.0422,0.71
14533,replay,4000,0.1105,1.000,0.0423,0.71
14534,replay,4000,0.0993,1.000,0.0424,0.71
14535,replay,4000,0.0974,1.000,0.0426,0.71
14536,replay,4000,0.0893,1.000,0.0426,0.71
14537,replay,4000,0.0736,1.000,0.0427,0.71
14538,replay,4000,0.0737,1.000,0.0427,0.71
14539,replay,4000,0.0624,1.000,0.0426,0.71
14540,es_step,4000,0.0520,1.000,0.0426,1.38
14541,replay,4000,0.0669,1.000,0.0426,0.71
14542,replay,4000,0.0599,1.000,0.0426,0.71
14543,es_step,4000,0.0519,1.000,0.0426,1.37
14544,replay,4000,0.0704,1.000,0.0427,0.71
14545,replay,4000,0.0748,1.000,0.0427,0.71
14546,replay,4000,0.0626,1.000,0.0427,0.71
14547,replay,4000,0.0655,1.000,0.0427,0.73
14548,replay,4000,0.0663,1.000,0.0428,0.72
14549,replay,4000,0.0718,1.000,0.0428,0.72
14550,replay,4000,0.0757,1.000,0.0428,0.72
14551,replay,4000,0.0557,1.000,0.0428,0.72
14552,es_step,4000,0.0611,1.000,0.0428,1.41
14553,replay,4000,0.0890,1.000,0.0429,0.73
14554,es_step,4000,0.0596,1.000,0.0429,1.40
14555,replay,4000,0.0802,1.000,0.0429,0.71
14556,es_step,4000,0.0609,1.000,0.0430,1.39
14557,replay,4000,0.0822,1.000,0.0430,0.72
14558,replay,4000,0.0869,1.000,0.0431,0.72
14559,replay,4000,0.0829,1.000,0.0431,0.72
14560,es_step,4000,0.0570,1.000,0.0431,1.39
14561,es_step,4000,0.0614,1.000,0.0431,1.38
14562,replay,4000,0.0783,1.000,0.0432,0.71
14563,es_step,4000,0.0567,1.000,0.0432,1.39
14564,replay,4000,0.0924,1.000,0.0432,0.71
14565,replay,4000,0.0918,1.000,0.0432,0.71
14566,replay,4000,0.0787,1.000,0.0433,0.72
14567,replay,4000,0.0882,1.000,0.0433,0.72
14568,es_step,4000,0.0648,1.000,0.0434,1.39
14569,es_step,4000,0.0580,1.000,0.0434,1.38
14570,replay,4000,0.0878,1.000,0.0434,0.72
14571,replay,4000,0.0838,1.000,0.0435,0.72
14572,replay,4000,0.0845,1.000,0.0436,0.72
14573,replay,4000,0.0824,1.000,0.0436,0.72
14574,replay,4000,0.0594,1.000,0.0436,0.72
14575,replay,4000,0.0454,1.000,0.0436,0.71
14576,replay,4000,0.0667,1.000,0.0436,0.71
14577,replay,4000,0.0792,1.000,0.0437,0.72
14578,replay,4000,0.0727,1.000,0.0437,0.72
14579,replay,4000,0.0665,1.000,0.0436,0.72
14580,replay,4000,0.0717,1.000,0.0437,0.72
14581,es_step,4000,0.0617,1.000,0.0437,1.40
14582,replay,4000,0.0892,1.000,0.0437,0.71
14583,replay,4000,0.0840,1.000,0.0438,0.71
14584,es_step,4000,0.0623,1.000,0.0438,1.38
14585,es_step,4000,0.0604,1.000,0.0438,1.39
14586,replay,4000,0.0842,1.000,0.0439,0.72
14587,replay,4000,0.0968,1.000,0.0439,0.71
14588,replay,4000,0.0786,1.000,0.0439,0.72
14589,replay,4000,0.0663,1.000,0.0439,0.72
14590,replay,4000,0.0652,1.000,0.0439,0.72
14591,replay,4000,0.0703,1.000,0.0439,0.72
14592,replay,4000,0.0671,1.000,0.0439,0.72
14593,es_step,4000,0.0533,1.000,0.0439,1.40
14594,es_step,4000,0.0475,0.938,0.0439,1.40
14595,replay,4000,0.0604,1.000,0.0440,0.71
14596,replay,4000,0.0827,1.000,0.0440,0.71
14597,replay,4000,0.0964,1.000,0.0441,0.71
14598,replay,4000,0.0836,1.000,0.0441,0.70
14599,replay,4000,0.0843,1.000,0.0442,0.70
14600,replay,4000,0.0826,1.000,0.0443,0.70
14601,replay,4000,0.0968,1.000,0.0443,0.70
14602,replay,4000,0.0696,1.000,0.0443,0.69
14603,replay,4000,0.0738,1.000,0.0443,0.69
14604,es_step,4000,0.0504,1.000,0.0443,1.39
14605,replay,4000,0.0688,1.000,0.0443,0.69
14606,replay,4000,0.0468,1.000,0.0443,0.69
14607,replay,4000,0.0581,1.000,0.0442,0.69
14608,replay,4000,0.0651,1.000,0.0442,0.70
14609,replay,4000,0.0558,1.000,0.0442,0.70
14610,replay,4000,0.0484,1.000,0.0441,0.71
14611,replay,4000,0.0405,1.000,0.0441,0.72
14612,replay,4000,0.0555,1.000,0.0440,0.72
14613,es_step,4000,0.0352,1.000,0.0440,1.40
14614,es_step,4000,0.0337,1.000,0.0440,1.37
14615,es_step,4000,0.0341,1.000,0.0440,1.36
14616,replay,4000,0.0474,1.000,0.0440,0.71
14617,replay,4000,0.0308,1.000,0.0439,0.71
14618,replay,4000,0.0480,1.000,0.0439,0.71
14619,es_step,4000,0.0376,1.000,0.0439,1.39
14620,replay,4000,0.0631,1.000,0.0439,0.72
14621,replay,4000,0.0736,1.000,0.0439,0.72
14622,replay,4000,0.0402,1.000,0.0439,0.72
14623,es_step,4000,0.0508,1.000,0.0439,1.38
14624,replay,4000,0.0693,1.000,0.0439,0.71
14625,replay,4000,0.0525,1.000,0.0440,0.72
14626,replay,4000,0.0903,1.000,0.0441,0.72
14627,es_step,4000,0.0804,1.000,0.0442,1.38
14628,replay,4000,0.0948,1.000,0.0443,0.71
14629,replay,4000,0.1011,1.000,0.0444,0.72
14630,es_step,4000,0.0843,0.938,0.0445,1.38
14631,replay,4000,0.0961,1.000,0.0447,0.71
14632,es_step,4000,0.0665,1.000,0.0447,1.37
14633,replay,4000,0.0974,1.000,0.0447,0.71
14634,replay,4000,0.0806,1.000,0.0448,0.72
14635,replay,4000,0.0836,1.000,0.0448,0.72
14636,replay,4000,0.0706,1.000,0.0449,0.72
14637,replay,4000,0.0579,1.000,0.0449,0.71
14638,replay,4000,0.0557,1.000,0.0449,0.71
14639,replay,4000,0.0552,1.000,0.0448,0.72
14640,replay,4000,0.0486,1.000,0.0448,0.72
14641,replay,4000,0.0425,1.000,0.0448,0.72
14642,replay,4000,0.0340,1.000,0.0447,0.72
14643,replay,4000,0.0304,1.000,0.0446,0.73
14644,replay,4000,0.0301,1.000,0.0446,0.73
14645,replay,4000,0.0279,1.000,0.0445,0.73
14646,replay,4000,0.0274,1.000,0.0444,0.73
14647,es_step,4000,0.0295,1.000,0.0444,1.41
14648,es_step,4000,0.0264,1.000,0.0444,1.41
14649,es_step,4000,0.0304,1.000,0.0444,1.39
14650,es_step,4000,0.0268,1.000,0.0444,1.37
14651,replay,4000,0.0365,1.000,0.0444,0.71
14652,replay,4000,0.0327,1.000,0.0443,0.71
14653,replay,4000,0.0292,1.000,0.0442,0.71
14654,replay,4000,0.0273,1.000,0.0441,0.71
14655,replay,4000,0.0363,1.000,0.0440,0.72
14656,replay,4000,0.0450,1.000,0.0440,0.72
14657,replay,4000,0.0484,1.000,0.0439,0.71
14658,es_step,4000,0.0417,1.000,0.0439,1.40
14659,es_step,4000,0.0379,1.000,0.0439,1.37
14660,replay,4000,0.0790,1.000,0.0439,0.71
14661,replay,4000,0.0491,1.000,0.0440,0.71
14662,replay,4000,0.0490,1.000,0.0439,0.71
14663,replay,4000,0.0502,1.000,0.0439,0.71
14664,replay,4000,0.0427,1.000,0.0439,0.71
14665,es_step,4000,0.0433,1.000,0.0439,1.37
14666,es_step,4000,0.0384,1.000,0.0439,1.36
14667,replay,4000,0.0446,1.000,0.0439,0.70
14668,replay,4000,0.0419,1.000,0.0439,0.72
14669,replay,4000,0.0392,1.000,0.0438,0.72
14670,replay,4000,0.0708,1.000,0.0438,0.72
14671,replay,4000,0.0729,1.000,0.0438,0.72
14672,replay,4000,0.0714,1.000,0.0439,0.71
14673,es_step,4000,0.0602,1.000,0.0439,1.37
14674,replay,4000,0.1022,1.000,0.0439,0.70
14675,replay,4000,0.1128,1.000,0.0439,0.71
14676,replay,4000,0.0920,1.000,0.0440,0.72
14677,replay,4000,0.1068,1.000,0.0441,0.72
14678,replay,4000,0.0986,1.000,0.0443,0.72
14679,replay,4000,0.1044,1.000,0.0443,0.71
14680,replay,4000,0.0684,1.000,0.0443,0.72
14681,replay,4000,0.0772,1.000,0.0443,0.72
14682,replay,4000,0.0763,1.000,0.0442,0.73
14683,replay,4000,0.0471,1.000,0.0442,0.72
14684,es_step,4000,0.0315,1.000,0.0442,1.40
14685,replay,4000,0.0853,1.000,0.0441,0.72
14686,replay,4000,0.0650,1.000,0.0440,0.72
14687,replay,4000,0.0920,1.000,0.0440,0.72
14688,replay,4000,0.1040,1.000,0.0440,0.73
14689,replay,4000,0.0735,1.000,0.0441,0.73
14690,es_step,4000,0.0658,1.000,0.0441,1.42
14691,replay,4000,0.0707,1.000,0.0441,0.72
14692,replay,4000,0.0916,1.000,0.0443,0.72
14693,replay,4000,0.0846,1.000,0.0443,0.72
14694,replay,4000,0.1022,1.000,0.0443,0.72
14695,replay,4000,0.0905,1.000,0.0444,0.72
14696,replay,4000,0.0751,1.000,0.0444,0.72
14697,replay,4000,0.0850,1.000,0.0444,0.72
14698,es_step,4000,0.0512,1.000,0.0444,1.40
14699,replay,4000,0.0794,1.000,0.0444,0.72
14700,replay,4000,0.0808,1.000,0.0444,0.71
14701,replay,4000,0.0700,1.000,0.0444,0.72
14702,replay,4000,0.0645,1.000,0.0444,0.71
14703,es_step,4000,0.0417,1.000,0.0444,1.40
14704,replay,4000,0.0774,1.000,0.0444,0.71
14705,replay,4000,0.0448,1.000,0.0443,0.73
14706,replay,4000,0.0635,1.000,0.0444,0.72
14707,replay,4000,0.0734,1.000,0.0444,0.72
14708,replay,4000,0.0714,1.000,0.0444,0.73
14709,replay,4000,0.0685,1.000,0.0444,0.73
14710,replay,4000,0.0747,1.000,0.0444,0.72
14711,replay,4000,0.0600,1.000,0.0446,0.73
14712,replay,4000,0.0815,1.000,0.0446,0.72
14713,replay,4000,0.0823,1.000,0.0447,0.73
14714,replay,4000,0.0770,1.000,0.0447,0.73
14715,replay,4000,0.0648,1.000,0.0447,0.73
14716,replay,4000,0.0617,1.000,0.0447,0.73
14717,replay,4000,0.0554,1.000,0.0447,0.72
14718,replay,4000,0.0457,1.000,0.0447,0.72
14719,es_step,4000,0.0345,1.000,0.0447,1.41
14720,replay,4000,0.0415,1.000,0.0446,0.72
14721,replay,4000,0.0324,1.000,0.0446,0.73
14722,replay,4000,0.0465,1.000,0.0445,0.72
14723,replay,4000,0.0419,1.000,0.0445,0.72
14724,replay,4000,0.0399,1.000,0.0444,0.72
14725,replay,4000,0.0566,1.000,0.0444,0.72
14726,replay,4000,0.0474,1.000,0.0443,0.72
14727,es_step,4000,0.0390,1.000,0.0443,1.40
14728,es_step,4000,0.0353,1.000,0.0443,1.39
14729,replay,4000,0.0342,1.000,0.0443,0.71
14730,replay,4000,0.0435,1.000,0.0442,0.71
14731,replay,4000,0.0405,1.000,0.0442,0.72
14732,replay,4000,0.0270,1.000,0.0441,0.72
14733,replay,4000,0.0100,1.000,0.0439,0.72
14734,replay,4000,0.0478,1.000,0.0439,0.72
14735,replay,4000,0.0467,1.000,0.0438,0.73
14736,replay,4000,0.0347,1.000,0.0438,0.72
14737,replay,4000,0.0210,1.000,0.0436,0.72
14738,replay,4000,0.0459,1.000,0.0436,0.72
14739,replay,4000,0.0667,1.000,0.0435,0.72
14740,replay,4000,0.0620,1.000,0.0436,0.72
14741,replay,4000,0.0600,1.000,0.0436,0.73
14742,es_step,4000,0.0550,1.000,0.0436,1.41
14743,es_step,4000,0.0514,1.000,0.0436,1.40
14744,es_step,4000,0.0522,1.000,0.0436,1.40
14745,replay,4000,0.0794,1.000,0.0436,0.71
14746,replay,4000,0.0793,1.000,0.0436,0.71
14747,replay,4000,0.0737,1.000,0.0436,0.72
14748,es_step,4000,0.0596,1.000,0.0436,1.40
14749,es_step,4000,0.0611,1.000,0.0436,1.40
14750,es_step,4000,0.0635,1.000,0.0436,1.39
14751,replay,4000,0.0767,1.000,0.0437,0.73
14752,replay,4000,0.0708,1.000,0.0437,0.72
14753,replay,4000,0.0738,1.000,0.0437,0.72
14754,replay,4000,0.0749,1.000,0.0437,0.73
14755,replay,4000,0.0570,1.000,0.0437,0.72
14756,replay,4000,0.0478,1.000,0.0436,0.72
14757,replay,4000,0.0412,1.000,0.0436,0.72
14758,replay,4000,0.0396,1.000,0.0435,0.72
14759,replay,4000,0.0391,1.000,0.0435,0.72
14760,replay,4000,0.0452,1.000,0.0434,0.73
14761,replay,4000,0.0689,1.000,0.0434,0.72
14762,replay,4000,0.0594,1.000,0.0433,0.72
14763,replay,4000,0.0287,1.000,0.0433,0.72
14764,replay,4000,0.0307,1.000,0.0432,0.72
14765,replay,4000,0.0420,1.000,0.0432,0.72
14766,replay,4000,0.0581,1.000,0.0432,0.72
14767,es_step,4000,0.0326,1.000,0.0432,1.40
14768,es_step,4000,0.0281,1.000,0.0432,1.39
14769,replay,4000,0.0547,1.000,0.0431,0.71
14770,replay,4000,0.0300,1.000,0.0430,0.72
14771,replay,4000,0.0363,1.000,0.0430,0.71
14772,es_step,4000,0.0326,1.000,0.0430,1.38
14773,es_step,4000,0.0299,1.000,0.0430,1.38
14774,replay,4000,0.0496,1.000,0.0430,0.71
14775,replay,4000,0.0338,1.000,0.0430,0.72
14776,es_step,4000,0.0303,1.000,0.0430,1.39
14777,replay,4000,0.0466,1.000,0.0429,0.71
14778,replay,4000,0.0683,1.000,0.0429,0.72
14779,es_step,4000,0.0437,1.000,0.0429,1.39
14780,replay,4000,0.0462,1.000,0.0429,0.72
14781,replay,4000,0.0698,1.000,0.0429,0.72
14782,replay,4000,0.0675,1.000,0.0430,0.72
14783,replay,4000,0.1124,1.000,0.0430,0.72
14784,es_step,4000,0.0840,1.000,0.0432,1.39
14785,replay,4000,0.1497,1.000,0.0433,0.71
14786,replay,4000,0.1553,1.000,0.0434,0.71
14787,es_step,4000,0.0890,1.000,0.0436,1.37
14788,replay,4000,0.1565,1.000,0.0438,0.70
14789,es_step,4000,0.0952,1.000,0.0439,1.36
14790,replay,4000,0.1458,1.000,0.0440,0.71
14791,replay,4000,0.1206,1.000,0.0441,0.71
14792,replay,4000,0.1278,1.000,0.0442,0.72
14793,replay,4000,0.1229,1.000,0.0444,0.72
14794,replay,4000,0.1287,1.000,0.0444,0.72
14795,replay,4000,0.1038,1.000,0.0445,0.72
14796,replay,4000,0.0894,1.000,0.0445,0.72
14797,replay,4000,0.0851,1.000,0.0445,0.72
14798,replay,4000,0.0750,1.000,0.0445,0.73
14799,replay,4000,0.0612,1.000,0.0446,0.72
14800,replay,4000,0.0591,1.000,0.0446,0.72
14801,replay,4000,0.0489,1.000,0.0446,0.72
14802,es_step,4000,0.0264,1.000,0.0446,1.41
14803,replay,4000,0.0385,1.000,0.0445,0.71
14804,es_step,4000,0.0249,1.000,0.0445,1.39
14805,replay,4000,0.0458,1.000,0.0445,0.71
14806,es_step,4000,0.0384,1.000,0.0445,1.39
14807,es_step,4000,0.0395,1.000,0.0445,1.37
14808,replay,4000,0.0411,1.000,0.0444,0.70
14809,es_step,4000,0.0349,1.000,0.0444,1.36
14810,replay,4000,0.0401,1.000,0.0444,0.71
14811,replay,4000,0.0571,1.000,0.0444,0.72
14812,replay,4000,0.0431,1.000,0.0443,0.71
14813,replay,4000,0.0423,1.000,0.0442,0.71
14814,replay,4000,0.0428,1.000,0.0442,0.71
14815,replay,4000,0.0279,1.000,0.0440,0.71
14816,replay,4000,0.0398,1.000,0.0439,0.71
14817,es_step,4000,0.0218,1.000,0.0439,1.37
14818,replay,4000,0.0444,1.000,0.0439,0.72
14819,replay,4000,0.0399,1.000,0.0438,0.71
14820,replay,4000,0.0416,1.000,0.0437,0.71
14821,es_step,4000,0.0290,1.000,0.0437,1.38
14822,replay,4000,0.0422,1.000,0.0436,0.72
14823,es_step,4000,0.0415,1.000,0.0436,1.38
14824,replay,4000,0.0361,1.000,0.0435,0.71
14825,replay,4000,0.0371,1.000,0.0434,0.71
14826,replay,4000,0.0304,1.000,0.0433,0.71
14827,replay,4000,0.0346,1.000,0.0433,0.71
14828,replay,4000,0.0314,1.000,0.0432,0.71
14829,es_step,4000,0.0284,1.000,0.0432,1.37
14830,replay,4000,0.0280,1.000,0.0431,0.72
14831,es_step,4000,0.0240,1.000,0.0431,3.67
14832,replay,4000,0.0301,1.000,0.0430,0.70
14833,replay,4000,0.0262,1.000,0.0429,0.71
14834,replay,4000,0.0278,1.000,0.0429,0.71
14835,replay,4000,0.0271,1.000,0.0427,0.71
14836,replay,4000,0.0463,1.000,0.0426,0.72
14837,replay,4000,0.0412,1.000,0.0426,0.71
14838,replay,4000,0.0341,1.000,0.0426,0.71
14839,es_step,4000,0.0322,1.000,0.0426,1.40
14840,replay,4000,0.0325,1.000,0.0425,0.72
14841,replay,4000,0.0372,1.000,0.0425,0.72
14842,es_step,4000,0.0328,1.000,0.0425,1.38
14843,replay,4000,0.0440,1.000,0.0424,0.71
14844,replay,4000,0.0404,1.000,0.0423,0.71
14845,replay,4000,0.0356,1.000,0.0423,0.71
14846,es_step,4000,0.0292,1.000,0.0423,1.37
14847,es_step,4000,0.0197,1.000,0.0423,1.35
14848,replay,4000,0.0335,1.000,0.0422,0.71
14849,replay,4000,0.0366,1.000,0.0421,0.72
14850,replay,4000,0.0395,1.000,0.0421,0.71
14851,replay,4000,0.0565,1.000,0.0421,0.71
14852,replay,4000,0.0560,1.000,0.0421,0.71
14853,es_step,4000,0.0420,1.000,0.0421,1.37
14854,replay,4000,0.0574,1.000,0.0420,0.72
14855,replay,4000,0.0574,1.000,0.0420,0.71
14856,replay,4000,0.0508,1.000,0.0420,0.71
14857,replay,4000,0.0532,1.000,0.0420,0.71
14858,replay,4000,0.0385,1.000,0.0420,0.72
14859,replay,4000,0.0648,1.000,0.0420,0.72
14860,replay,4000,0.0504,1.000,0.0420,0.72
14861,replay,4000,0.0517,1.000,0.0420,0.72
14862,replay,4000,0.0572,1.000,0.0420,0.71
14863,replay,4000,0.0478,1.000,0.0420,0.72
14864,replay,4000,0.0341,1.000,0.0419,0.72
14865,replay,4000,0.0558,1.000,0.0419,0.72
14866,replay,4000,0.0502,1.000,0.0420,0.72
14867,replay,4000,0.0797,1.000,0.0419,0.72
14868,replay,4000,0.0711,1.000,0.0420,0.73
14869,replay,4000,0.0680,1.000,0.0420,0.72
14870,replay,4000,0.0689,1.000,0.0420,0.72
14871,replay,4000,0.0600,1.000,0.0420,0.72
14872,replay,4000,0.0507,1.000,0.0421,0.72
14873,es_step,4000,0.0449,1.000,0.0421,1.41
14874,replay,4000,0.0459,1.000,0.0421,0.73
14875,es_step,4000,0.0478,1.000,0.0421,1.41
14876,replay,4000,0.0443,1.000,0.0421,0.72
14877,replay,4000,0.0791,1.000,0.0421,0.72
14878,replay,4000,0.0816,1.000,0.0422,0.72
14879,es_step,4000,0.0450,1.000,0.0422,1.41
14880,replay,4000,0.0907,1.000,0.0422,0.72
14881,replay,4000,0.0879,1.000,0.0422,0.72
14882,es_step,4000,0.0537,1.000,0.0422,1.41
14883,replay,4000,0.0746,1.000,0.0423,0.72
14884,replay,4000,0.0738,1.000,0.0423,0.72
14885,replay,4000,0.0739,1.000,0.0423,0.72
14886,replay,4000,0.0726,1.000,0.0423,0.72
14887,replay,4000,0.0558,1.000,0.0423,0.72
14888,replay,4000,0.0790,1.000,0.0424,0.72
14889,replay,4000,0.0890,1.000,0.0424,0.72
14890,replay,4000,0.0883,1.000,0.0424,0.72
14891,replay,4000,0.0866,1.000,0.0424,0.73
14892,replay,4000,0.0866,1.000,0.0425,0.72
14893,replay,4000,0.0880,1.000,0.0425,0.72
14894,replay,4000,0.0848,1.000,0.0425,0.72
14895,replay,4000,0.0894,1.000,0.0426,0.73
14896,replay,4000,0.0777,1.000,0.0426,0.73
14897,replay,4000,0.1224,1.000,0.0426,0.72
14898,replay,4000,0.1154,1.000,0.0426,0.72
14899,replay,4000,0.0831,1.000,0.0427,0.72
14900,replay,4000,0.0881,1.000,0.0427,0.72
14901,replay,4000,0.0801,1.000,0.0428,0.73
14902,replay,4000,0.0664,1.000,0.0428,0.72
14903,replay,4000,0.0667,1.000,0.0427,0.72
14904,es_step,4000,0.0361,1.000,0.0428,1.41
14905,replay,4000,0.0640,1.000,0.0427,0.73
14906,es_step,4000,0.0274,1.000,0.0428,1.41
14907,es_step,4000,0.0303,1.000,0.0428,1.39
14908,replay,4000,0.0563,1.000,0.0427,0.72
14909,replay,4000,0.0451,1.000,0.0427,0.72
14910,replay,4000,0.0601,1.000,0.0427,0.71
14911,replay,4000,0.0525,1.000,0.0426,0.72
14912,replay,4000,0.0525,1.000,0.0426,0.72
14913,replay,4000,0.0456,1.000,0.0425,0.72
14914,replay,4000,0.0383,1.000,0.0425,0.72
14915,replay,4000,0.0370,1.000,0.0424,0.73
14916,replay,4000,0.0384,1.000,0.0424,0.72
14917,replay,4000,0.0362,1.000,0.0423,0.73
14918,replay,4000,0.0309,1.000,0.0423,0.72
14919,replay,4000,0.0209,1.000,0.0422,0.73
14920,replay,4000,0.0425,1.000,0.0422,0.73
14921,replay,4000,0.0375,1.000,0.0422,0.73
14922,replay,4000,0.0413,1.000,0.0421,0.73
14923,replay,4000,0.0505,1.000,0.0421,0.73
14924,replay,4000,0.0384,1.000,0.0421,0.73
14925,replay,4000,0.0478,1.000,0.0421,0.73
14926,replay,4000,0.0124,1.000,0.0420,0.72
14927,es_step,4000,0.0499,1.000,0.0420,1.41
14928,replay,4000,0.0598,1.000,0.0420,0.73
14929,replay,4000,0.0548,1.000,0.0420,0.72
14930,replay,4000,0.0736,1.000,0.0421,0.72
14931,es_step,4000,0.0547,1.000,0.0421,1.41
14932,replay,4000,0.0640,1.000,0.0421,0.71
14933,replay,4000,0.0736,1.000,0.0421,0.71
14934,es_step,4000,0.0490,1.000,0.0421,1.40
14935,replay,4000,0.0690,1.000,0.0421,0.71
14936,replay,4000,0.0657,1.000,0.0421,0.71
14937,replay,4000,0.0672,1.000,0.0421,0.72
14938,replay,4000,0.0622,1.000,0.0421,0.72
14939,es_step,4000,0.0417,1.000,0.0421,1.39
14940,replay,4000,0.0683,1.000,0.0421,0.71
14941,replay,4000,0.0425,1.000,0.0420,0.71
14942,replay,4000,0.0529,1.000,0.0420,0.71
14943,replay,4000,0.0495,1.000,0.0420,0.71
14944,replay,4000,0.0189,1.000,0.0418,0.71
14945,replay,4000,0.0587,1.000,0.0418,0.71
14946,replay,4000,0.0504,1.000,0.0418,0.71
14947,replay,4000,0.0501,1.000,0.0417,0.72
14948,replay,4000,0.0447,1.000,0.0417,0.72
14949,replay,4000,0.0417,1.000,0.0417,0.72
14950,replay,4000,0.0338,1.000,0.0416,0.71
14951,es_step,4000,0.0403,1.000,0.0417,1.40
14952,es_step,4000,0.0381,1.000,0.0417,1.39
14953,replay,4000,0.0487,1.000,0.0416,0.72
14954,replay,4000,0.0540,1.000,0.0416,0.72
14955,es_step,4000,0.0372,1.000,0.0416,1.41
14956,es_step,4000,0.0303,1.000,0.0417,1.38
14957,replay,4000,0.0821,1.000,0.0416,0.71
14958,replay,4000,0.0667,1.000,0.0416,0.71
14959,replay,4000,0.0606,1.000,0.0416,0.71
14960,es_step,4000,0.0427,1.000,0.0416,1.40
14961,replay,4000,0.0624,1.000,0.0416,0.72
14962,replay,4000,0.0593,1.000,0.0416,0.72
14963,replay,4000,0.0809,1.000,0.0416,0.73
14964,replay,4000,0.0649,1.000,0.0416,0.72
14965,es_step,4000,0.0403,1.000,0.0416,1.40
14966,replay,4000,0.0546,1.000,0.0416,0.71
14967,replay,4000,0.0386,1.000,0.0415,0.71
14968,replay,4000,0.0652,1.000,0.0415,0.71
14969,es_step,4000,0.0463,1.000,0.0415,1.38
14970,replay,4000,0.0545,1.000,0.0415,0.70
14971,replay,4000,0.0551,1.000,0.0415,0.71
14972,replay,4000,0.0684,1.000,0.0415,0.71
14973,replay,4000,0.0650,1.000,0.0415,0.71
14974,replay,4000,0.0414,1.000,0.0414,0.71
14975,es_step,4000,0.0565,1.000,0.0415,1.38
14976,es_step,4000,0.0464,1.000,0.0415,1.38
14977,replay,4000,0.0651,1.000,0.0414,0.70
14978,replay,4000,0.0806,1.000,0.0414,0.71
14979,replay,4000,0.0746,1.000,0.0414,0.71
14980,es_step,4000,0.0489,1.000,0.0414,1.38
14981,replay,4000,0.0709,1.000,0.0415,0.71
14982,replay,4000,0.0702,1.000,0.0415,0.71
14983,replay,4000,0.0601,1.000,0.0415,0.72
14984,replay,4000,0.0750,1.000,0.0415,0.71
14985,replay,4000,0.0673,1.000,0.0415,0.71
14986,replay,4000,0.0692,1.000,0.0415,0.71
14987,replay,4000,0.0621,1.000,0.0415,0.71
14988,replay,4000,0.0506,1.000,0.0416,0.71
14989,replay,4000,0.0702,1.000,0.0416,0.71
14990,replay,4000,0.0842,1.000,0.0416,0.71
14991,es_step,4000,0.0390,1.000,0.0416,1.38
14992,replay,4000,0.0673,1.000,0.0416,0.71
14993,replay,4000,0.0483,1.000,0.0416,0.71
14994,replay,4000,0.0600,1.000,0.0415,0.71
14995,replay,4000,0.0475,1.000,0.0415,0.72
14996,replay,4000,0.0524,1.000,0.0415,0.71
14997,replay,4000,0.0617,1.000,0.0415,0.72
14998,es_step,4000,0.0410,1.000,0.0415,1.39
14999,replay,4000,0.0538,1.000,0.0415,0.71
15000,replay,4000,0.0589,1.000,0.0415,0.71
15001,replay,4000,0.0758,1.000,0.0415,0.72
15002,replay,4000,0.0686,1.000,0.0416,0.71
15003,replay,4000,0.0780,1.000,0.0416,0.71
15004,replay,4000,0.0737,1.000,0.0416,0.71
15005,replay,4000,0.0667,1.000,0.0416,0.71
15006,es_step,4000,0.0652,1.000,0.0417,1.40
15007,replay,4000,0.0768,1.000,0.0418,0.71
15008,replay,4000,0.0774,1.000,0.0418,0.71
15009,es_step,4000,0.0461,1.000,0.0418,1.39
15010,replay,4000,0.0635,1.000,0.0418,0.72
15011,es_step,4000,0.0366,1.000,0.0418,1.39
15012,replay,4000,0.0456,1.000,0.0418,0.71
15013,replay,4000,0.0375,1.000,0.0417,0.72
15014,es_step,4000,0.0270,1.000,0.0417,1.39
15015,replay,4000,0.0311,1.000,0.0417,0.71
15016,replay,4000,0.0261,1.000,0.0416,0.71
15017,es_step,4000,0.0198,1.000,0.0416,1.37
15018,es_step,4000,0.0166,1.000,0.0416,1.36
15019,replay,4000,0.0027,1.000,0.0415,0.70
15020,replay,4000,0.0193,1.000,0.0414,0.71
15021,replay,4000,0.0308,1.000,0.0413,0.71
15022,replay,4000,0.0389,1.000,0.0413,0.71
15023,replay,4000,0.0347,1.000,0.0412,0.70
15024,es_step,4000,0.0264,1.000,0.0412,1.37
15025,replay,4000,0.0478,1.000,0.0412,0.70
15026,replay,4000,0.0460,1.000,0.0411,0.70
15027,es_step,4000,0.0350,1.000,0.0411,1.38
15028,replay,4000,0.0403,1.000,0.0411,0.71
15029,es_step,4000,0.0412,1.000,0.0411,1.37
15030,replay,4000,0.0459,1.000,0.0411,0.70
15031,replay,4000,0.0790,1.000,0.0411,0.71
15032,replay,4000,0.0726,1.000,0.0411,0.71
15033,replay,4000,0.0668,1.000,0.0411,0.71
15034,replay,4000,0.0526,1.000,0.0410,0.70
15035,replay,4000,0.0374,1.000,0.0410,0.71
15036,replay,4000,0.0434,1.000,0.0409,0.71
15037,es_step,4000,0.0345,1.000,0.0409,1.37
15038,replay,4000,0.0352,1.000,0.0409,0.71
15039,replay,4000,0.0323,1.000,0.0408,0.71
15040,replay,4000,0.0399,1.000,0.0408,0.71
15041,replay,4000,0.0898,1.000,0.0408,0.71
15042,replay,4000,0.0767,1.000,0.0408,0.71
15043,replay,4000,0.0749,1.000,0.0409,0.72
15044,replay,4000,0.0671,1.000,0.0409,0.71
15045,replay,4000,0.0720,1.000,0.0409,0.72
15046,replay,4000,0.0665,1.000,0.0409,0.71
15047,replay,4000,0.0675,1.000,0.0409,0.71
15048,replay,4000,0.0641,1.000,0.0409,0.71
15049,replay,4000,0.0529,1.000,0.0409,0.72
15050,replay,4000,0.0312,1.000,0.0408,0.72
15051,replay,4000,0.0309,1.000,0.0408,0.72
15052,es_step,4000,0.0376,1.000,0.0408,1.39
15053,replay,4000,0.0481,1.000,0.0407,0.71
15054,replay,4000,0.0472,1.000,0.0407,0.71
15055,replay,4000,0.0466,1.000,0.0407,0.71
15056,replay,4000,0.0327,1.000,0.0407,0.71
15057,replay,4000,0.0508,1.000,0.0407,0.71
15058,replay,4000,0.0771,1.000,0.0407,0.71
15059,replay,4000,0.0624,1.000,0.0406,0.71
15060,replay,4000,0.0642,1.000,0.0407,0.72
15061,replay,4000,0.0705,1.000,0.0407,0.72
15062,replay,4000,0.0632,1.000,0.0407,0.71
15063,replay,4000,0.0555,1.000,0.0407,0.71
15064,replay,4000,0.0522,1.000,0.0406,0.71
15065,replay,4000,0.0356,1.000,0.0406,0.71
15066,replay,4000,0.0390,1.000,0.0406,0.71
15067,es_step,4000,0.0506,1.000,0.0406,1.38
15068,es_step,4000,0.0496,1.000,0.0406,1.38
15069,replay,4000,0.0579,1.000,0.0406,0.71
15070,es_step,4000,0.0488,1.000,0.0406,1.37
15071,es_step,4000,0.0519,1.000,0.0406,1.36
15072,replay,4000,0.0669,1.000,0.0407,0.70
15073,replay,4000,0.0600,1.000,0.0407,0.70
15074,replay,4000,0.0534,1.000,0.0407,0.71
15075,replay,4000,0.0871,1.000,0.0407,0.71
15076,replay,4000,0.0760,1.000,0.0408,0.71
15077,replay,4000,-0.0386,1.000,0.0408,0.71
15078,replay,4000,0.0791,1.000,0.0409,0.71
15079,replay,4000,0.0777,1.000,0.0410,0.71
15080,replay,4000,0.0871,1.000,0.0410,0.71
15081,replay,4000,0.0861,1.000,0.0410,0.71
15082,replay,4000,0.0750,1.000,0.0410,0.71
15083,replay,4000,0.0734,1.000,0.0411,0.71
15084,replay,4000,0.0716,1.000,0.0410,0.71
15085,replay,4000,0.0421,1.000,0.0410,0.71
15086,replay,4000,0.0395,1.000,0.0409,0.71
15087,es_step,4000,0.0186,1.000,0.0409,1.38
15088,replay,4000,0.0221,1.000,0.0408,0.71
15089,replay,4000,0.0275,1.000,0.0407,0.72
15090,es_step,4000,0.0173,1.000,0.0407,1.39
15091,replay,4000,0.0292,1.000,0.0407,0.73
15092,replay,4000,0.0410,1.000,0.0406,0.72
15093,replay,4000,0.0527,1.000,0.0406,0.72
15094,replay,4000,0.0562,1.000,0.0406,0.72
15095,replay,4000,0.0665,1.000,0.0406,0.72
15096,replay,4000,0.0610,1.000,0.0406,0.73
15097,replay,4000,0.0630,1.000,0.0406,0.72
15098,es_step,4000,0.0408,1.000,0.0406,1.41
15099,replay,4000,0.0602,1.000,0.0405,0.72
15100,replay,4000,0.0554,1.000,0.0405,0.72
15101,replay,4000,0.0376,1.000,0.0404,0.72
15102,replay,4000,0.0336,1.000,0.0404,0.72
15103,replay,4000,0.0329,1.000,0.0403,0.72
15104,replay,4000,0.0489,1.000,0.0403,0.73
15105,replay,4000,0.0316,1.000,0.0402,0.72
15106,es_step,4000,0.0242,1.000,0.0402,1.41
15107,es_step,4000,0.0221,1.000,0.0402,1.40
15108,replay,4000,0.0282,1.000,0.0401,0.73
15109,es_step,4000,0.0207,1.000,0.0401,1.40
15110,replay,4000,0.0301,1.000,0.0401,0.71
15111,replay,4000,0.0268,1.000,0.0400,0.72
15112,replay,4000,0.0462,1.000,0.0400,0.71
15113,replay,4000,0.0445,1.000,0.0399,0.72
15114,replay,4000,0.0530,1.000,0.0399,0.73
15115,es_step,4000,0.0337,1.000,0.0399,1.41
15116,replay,4000,0.0580,1.000,0.0399,0.72
15117,replay,4000,0.0599,1.000,0.0399,0.71
15118,replay,4000,0.0632,1.000,0.0398,0.72
15119,replay,4000,0.0583,1.000,0.0398,0.72
15120,replay,4000,0.0385,1.000,0.0398,0.72
15121,replay,4000,0.0500,1.000,0.0397,0.72
15122,replay,4000,0.0145,1.000,0.0396,0.75
15123,replay,4000,0.0287,1.000,0.0396,0.72
15124,replay,4000,0.0384,1.000,0.0395,0.72
15125,replay,4000,0.0687,1.000,0.0395,0.72
15126,replay,4000,0.0647,1.000,0.0394,0.72
15127,replay,4000,0.0551,1.000,0.0394,0.73
15128,es_step,4000,0.0564,1.000,0.0395,1.41
15129,replay,4000,0.0743,1.000,0.0395,0.72
15130,replay,4000,0.0830,1.000,0.0395,0.72
15131,es_step,4000,0.0575,1.000,0.0395,1.40
15132,replay,4000,0.0596,1.000,0.0395,0.71
15133,es_step,4000,0.0599,1.000,0.0395,1.39
15134,es_step,4000,0.0600,1.000,0.0396,1.39
15135,replay,4000,0.1089,1.000,0.0396,0.71
15136,es_step,4000,0.0608,1.000,0.0396,1.39
15137,replay,4000,0.0973,1.000,0.0396,0.72
15138,replay,4000,0.0939,1.000,0.0398,0.71
15139,replay,4000,0.0837,1.000,0.0398,0.72
15140,es_step,4000,0.0743,1.000,0.0399,1.39
15141,replay,4000,0.0719,1.000,0.0400,0.71
15142,es_step,4000,0.0751,1.000,0.0401,1.39
15143,replay,4000,0.0824,1.000,0.0402,0.72
15144,replay,4000,0.0648,1.000,0.0402,0.72
15145,replay,4000,0.0818,1.000,0.0403,0.72
15146,replay,4000,0.0737,1.000,0.0403,0.72
15147,replay,4000,0.0673,1.000,0.0404,0.72
15148,replay,4000,0.0690,1.000,0.0404,3.02
15149,replay,4000,0.0596,1.000,0.0404,0.73
15150,replay,4000,0.0528,1.000,0.0404,0.73
15151,replay,4000,0.0495,1.000,0.0403,0.73
15152,replay,4000,0.0510,1.000,0.0403,0.72
15153,es_step,4000,0.0398,1.000,0.0403,1.41
15154,replay,4000,0.0428,1.000,0.0403,0.72
15155,es_step,4000,0.0358,1.000,0.0403,1.40
15156,replay,4000,0.0528,1.000,0.0402,0.72
15157,replay,4000,0.0397,1.000,0.0402,0.72
15158,es_step,4000,0.0369,1.000,0.0402,1.39
15159,es_step,4000,0.0346,1.000,0.0402,1.38
15160,replay,4000,0.0448,1.000,0.0402,0.71
15161,replay,4000,0.0309,1.000,0.0401,0.71
15162,replay,4000,0.0357,1.000,0.0400,0.72
15163,replay,4000,0.0381,1.000,0.0400,0.72
15164,replay,4000,0.0339,1.000,0.0399,0.72
15165,replay,4000,0.0318,1.000,0.0400,0.72
15166,replay,4000,0.0355,1.000,0.0399,0.83
15167,replay,4000,0.0441,1.000,0.0398,0.73
15168,replay,4000,0.0345,1.000,0.0398,0.73
15169,replay,4000,0.0556,1.000,0.0398,0.73
15170,replay,4000,0.0496,1.000,0.0398,0.73
15171,replay,4000,0.0961,1.000,0.0398,0.72
15172,es_step,4000,0.0458,1.000,0.0398,1.41
15173,replay,4000,0.0649,1.000,0.0397,0.73
15174,es_step,4000,0.0553,1.000,0.0397,1.41
15175,replay,4000,0.0555,1.000,0.0397,0.72
15176,replay,4000,0.0675,1.000,0.0397,0.72
15177,replay,4000,0.0707,1.000,0.0397,0.72
15178,replay,4000,0.0517,1.000,0.0397,0.71
15179,replay,4000,0.0394,1.000,0.0397,0.72
15180,es_step,4000,0.0377,1.000,0.0397,1.40
15181,replay,4000,0.0460,1.000,0.0396,0.72
15182,replay,4000,0.0513,1.000,0.0396,0.72
15183,replay,4000,0.0455,1.000,0.0397,0.72
15184,replay,4000,0.0302,1.000,0.0397,0.72
15185,replay,4000,0.0375,1.000,0.0396,0.72
15186,replay,4000,0.0384,1.000,0.0396,0.72
15187,replay,4000,0.0323,1.000,0.0395,0.72
15188,es_step,4000,0.0309,1.000,0.0395,1.39
15189,replay,4000,0.0490,1.000,0.0395,0.71
15190,replay,4000,0.0542,1.000,0.0395,0.71
15191,es_step,4000,0.0398,1.000,0.0395,1.39
15192,replay,4000,0.0444,1.000,0.0395,0.72
15193,replay,4000,0.0584,1.000,0.0394,0.72
15194,replay,4000,0.0532,1.000,0.0394,0.72
15195,replay,4000,0.0457,1.000,0.0393,0.72
15196,replay,4000,0.0504,1.000,0.0393,0.72
15197,replay,4000,0.0503,1.000,0.0392,0.72
15198,replay,4000,0.0264,1.000,0.0392,0.72
15199,replay,4000,0.0505,1.000,0.0392,0.72
15200,replay,4000,0.0434,1.000,0.0391,0.72
15201,es_step,4000,0.0246,1.000,0.0391,1.40
15202,replay,4000,0.0332,1.000,0.0391,0.72
15203,replay,4000,0.0639,1.000,0.0390,0.72
15204,replay,4000,0.0626,1.000,0.0390,0.72
15205,es_step,4000,0.0267,1.000,0.0390,1.40
15206,replay,4000,0.0409,1.000,0.0390,0.71
15207,replay,4000,0.0405,1.000,0.0389,0.72
15208,replay,4000,0.0405,1.000,0.0389,0.71
15209,replay,4000,0.0354,1.000,0.0389,0.72
15210,replay,4000,0.0451,1.000,0.0389,0.72
15211,replay,4000,0.0556,1.000,0.0388,0.72
15212,replay,4000,0.0474,1.000,0.0388,0.71
15213,replay,4000,0.0385,1.000,0.0388,0.72
15214,replay,4000,0.0685,1.000,0.0388,0.72
15215,replay,4000,0.0562,1.000,0.0388,0.72
15216,replay,4000,0.0475,1.000,0.0387,0.72
15217,replay,4000,0.0683,1.000,0.0388,0.72
15218,es_step,4000,0.0616,1.000,0.0388,1.40
15219,replay,4000,0.0810,1.000,0.0388,0.71
15220,replay,4000,0.0760,1.000,0.0388,0.71
15221,replay,4000,0.0745,1.000,0.0389,0.72
15222,replay,4000,0.0747,1.000,0.0389,0.73
15223,replay,4000,0.0667,1.000,0.0390,0.71
15224,replay,4000,0.0706,1.000,0.0390,0.71
15225,replay,4000,0.0704,1.000,0.0391,0.72
15226,es_step,4000,0.0621,1.000,0.0391,1.40
15227,es_step,4000,0.0664,1.000,0.0392,1.38
15228,es_step,4000,0.0594,1.000,0.0392,1.37
15229,replay,4000,0.0696,1.000,0.0392,0.71
15230,es_step,4000,0.0619,1.000,0.0393,1.37
15231,replay,4000,0.0802,1.000,0.0394,0.71
15232,replay,4000,0.0792,1.000,0.0396,0.71
15233,es_step,4000,0.0634,1.000,0.0396,1.37
15234,es_step,4000,0.0594,1.000,0.0396,1.35
15235,replay,4000,0.0794,1.000,0.0396,0.70
15236,es_step,4000,0.0546,1.000,0.0397,1.35
15237,replay,4000,0.0879,1.000,0.0397,0.70
15238,replay,4000,0.0654,1.000,0.0397,0.70
15239,replay,4000,0.0657,1.000,0.0398,0.71
15240,replay,4000,0.0706,1.000,0.0398,0.72
15241,replay,4000,0.0697,1.000,0.0398,0.72
15242,replay,4000,0.0725,1.000,0.0399,0.72
15243,replay,4000,0.0679,1.000,0.0399,0.72
15244,es_step,4000,0.0504,1.000,0.0399,1.40
15245,replay,4000,0.0684,1.000,0.0399,0.71
15246,replay,4000,0.0626,1.000,0.0399,0.71
15247,es_step,4000,0.0426,1.000,0.0399,1.40
15248,replay,4000,0.0474,1.000,0.0398,0.71
15249,replay,4000,0.0446,1.000,0.0398,0.72
15250,es_step,4000,0.0332,1.000,0.0398,1.38
15251,es_step,4000,0.0346,1.000,0.0398,1.36
15252,replay,4000,0.0412,1.000,0.0397,0.70
15253,replay,4000,0.0342,1.000,0.0397,0.72
15254,replay,4000,0.0683,1.000,0.0396,0.72
15255,replay,4000,0.0519,1.000,0.0396,0.74
15256,replay,4000,0.0567,1.000,0.0396,0.74
15257,replay,4000,0.0476,1.000,0.0396,0.74
15258,es_step,4000,0.0494,1.000,0.0396,1.45
15259,replay,4000,0.0585,1.000,0.0396,0.73
15260,es_step,4000,0.0517,1.000,0.0396,1.41
15261,replay,4000,0.0750,1.000,0.0396,0.72
15262,es_step,4000,0.0644,1.000,0.0397,1.41
15263,replay,4000,0.0656,1.000,0.0397,0.72
15264,replay,4000,0.0519,1.000,0.0398,0.73
15265,replay,4000,0.0779,1.000,0.0398,0.73
15266,replay,4000,0.0769,1.000,0.0398,0.73
15267,replay,4000,0.0705,1.000,0.0399,0.73
15268,replay,4000,0.0788,1.000,0.0399,0.73
15269,es_step,4000,0.0649,1.000,0.0400,1.44
15270,es_step,4000,0.0673,1.000,0.0400,1.43
15271,replay,4000,0.0778,1.000,0.0400,0.72
15272,es_step,4000,0.0596,1.000,0.0400,1.43
15273,replay,4000,0.0753,1.000,0.0401,0.72
15274,es_step,4000,0.0547,1.000,0.0401,1.40
15275,replay,4000,0.0596,1.000,0.0401,0.72
15276,replay,4000,0.0606,1.000,0.0401,0.72
15277,replay,4000,0.0522,1.000,0.0401,0.73
15278,es_step,4000,0.0351,1.000,0.0401,1.42
15279,replay,4000,0.0385,1.000,0.0400,0.72
15280,replay,4000,0.0373,1.000,0.0399,0.72
15281,replay,4000,0.0357,1.000,0.0399,0.72
15282,es_step,4000,0.0234,1.000,0.0399,1.42
15283,replay,4000,0.0204,1.000,0.0398,0.72
15284,es_step,4000,0.0245,1.000,0.0398,1.42
15285,replay,4000,0.0276,1.000,0.0397,0.73
15286,es_step,4000,0.0298,1.000,0.0397,1.40
15287,replay,4000,0.0346,1.000,0.0397,0.72
15288,es_step,4000,0.0292,1.000,0.0397,1.47
15289,replay,4000,0.0314,1.000,0.0396,0.71
15290,replay,4000,0.0355,1.000,0.0396,0.71
15291,replay,4000,0.0313,1.000,0.0395,0.72
15292,replay,4000,0.0331,1.000,0.0395,0.72
15293,replay,4000,0.0694,1.000,0.0395,0.72
15294,replay,4000,0.0655,1.000,0.0395,0.72
15295,replay,4000,0.0709,1.000,0.0395,0.72
15296,es_step,4000,0.0552,1.000,0.0396,1.39
15297,replay,4000,0.0730,1.000,0.0396,0.71
15298,es_step,4000,0.0586,1.000,0.0396,1.38
15299,replay,4000,0.0725,1.000,0.0397,0.72
15300,replay,4000,0.0679,1.000,0.0397,0.71
15301,replay,4000,0.0621,1.000,0.0398,0.71
15302,es_step,4000,0.0484,1.000,0.0398,1.37
15303,replay,4000,0.0606,1.000,0.0398,0.70
15304,replay,4000,0.0464,1.000,0.0398,0.71
15305,replay,4000,0.0410,1.000,0.0398,0.71
15306,replay,4000,0.0356,1.000,0.0397,0.71
15307,replay,4000,0.0276,1.000,0.0397,0.71
15308,es_step,4000,0.0266,1.000,0.0397,1.37
15309,es_step,4000,0.0227,1.000,0.0397,1.34
15310,replay,4000,0.0295,1.000,0.0396,0.70
15311,replay,4000,0.0397,1.000,0.0396,0.70
15312,replay,4000,0.0326,1.000,0.0395,0.70
15313,replay,4000,0.0366,1.000,0.0395,0.70
15314,es_step,4000,0.0415,1.000,0.0395,1.35
15315,es_step,4000,0.0410,1.000,0.0395,1.37
15316,replay,4000,0.0557,1.000,0.0395,0.71
15317,replay,4000,0.0444,1.000,0.0395,0.71
15318,replay,4000,0.0487,1.000,0.0395,0.72
15319,replay,4000,0.0495,1.000,0.0395,0.72
15320,es_step,4000,0.0383,1.000,0.0395,1.38
15321,replay,4000,0.0407,1.000,0.0395,0.72
15322,replay,4000,0.0418,1.000,0.0395,0.72
15323,replay,4000,0.0443,1.000,0.0394,0.72
15324,replay,4000,0.0268,1.000,0.0394,0.72
15325,replay,4000,0.0283,1.000,0.0393,0.72
15326,replay,4000,0.0445,1.000,0.0392,0.72
15327,es_step,4000,0.0253,1.000,0.0392,1.38
15328,replay,4000,0.0295,1.000,0.0392,0.72
15329,es_step,4000,0.0297,1.000,0.0392,1.38
15330,replay,4000,0.0408,1.000,0.0392,0.71
15331,replay,4000,0.0376,1.000,0.0391,0.71
15332,replay,4000,0.0665,1.000,0.0391,0.71
15333,replay,4000,0.0636,1.000,0.0392,0.71
15334,es_step,4000,0.0466,1.000,0.0392,1.39
15335,replay,4000,0.0524,1.000,0.0392,0.71
15336,replay,4000,0.0605,1.000,0.0392,0.71
15337,replay,4000,0.0601,1.000,0.0392,0.71
15338,es_step,4000,0.0442,1.000,0.0392,1.39
15339,replay,4000,0.0654,1.000,0.0393,0.71
15340,replay,4000,-0.0471,1.000,0.0394,0.72
15341,replay,4000,0.0363,1.000,0.0394,0.72
15342,replay,4000,0.0677,1.000,0.0394,0.73
15343,replay,4000,0.0795,1.000,0.0395,0.72
15344,es_step,4000,0.0676,1.000,0.0396,1.40
15345,replay,4000,0.0755,1.000,0.0396,0.72
15346,replay,4000,0.0788,1.000,0.0397,0.72
15347,replay,4000,0.0699,1.000,0.0397,0.72
15348,replay,4000,0.0616,1.000,0.0397,0.72
15349,replay,4000,0.0604,1.000,0.0397,0.72
15350,replay,4000,0.0588,1.000,0.0397,0.72
15351,replay,4000,0.0791,1.000,0.0397,0.72
15352,replay,4000,0.0826,1.000,0.0397,0.71
15353,replay,4000,0.0758,1.000,0.0397,0.72
15354,replay,4000,0.1040,1.000,0.0397,0.72
15355,replay,4000,0.0873,1.000,0.0397,0.72
15356,replay,4000,0.1031,1.000,0.0398,0.72
15357,replay,4000,0.0924,1.000,0.0399,0.74
15358,replay,4000,0.0853,1.000,0.0399,0.73
15359,replay,4000,0.0894,1.000,0.0400,0.72
15360,replay,4000,0.0864,1.000,0.0401,0.73
15361,replay,4000,0.0841,1.000,0.0401,0.73
15362,es_step,4000,0.0683,1.000,0.0402,1.42
15363,replay,4000,0.0737,1.000,0.0403,0.73
15364,es_step,4000,0.0599,1.000,0.0403,1.41
15365,es_step,4000,0.0605,1.000,0.0403,1.40
15366,es_step,4000,0.0690,1.000,0.0403,1.39
15367,replay,4000,0.0773,1.000,0.0404,0.72
15368,replay,4000,0.0811,1.000,0.0404,0.72
15369,es_step,4000,0.0548,1.000,0.0404,1.39
15370,replay,4000,0.0789,1.000,0.0405,0.71
15371,es_step,4000,0.0523,1.000,0.0405,1.38
15372,replay,4000,0.0809,1.000,0.0405,0.71
15373,replay,4000,0.0201,1.000,0.0405,0.72
15374,replay,4000,0.0696,1.000,0.0406,0.71
15375,replay,4000,0.0604,1.000,0.0406,0.71
15376,replay,4000,0.0776,1.000,0.0407,0.72
15377,replay,4000,0.0727,1.000,0.0407,0.72
15378,replay,4000,0.0854,1.000,0.0408,0.73
15379,replay,4000,0.0908,1.000,0.0409,0.73
15380,es_step,4000,0.0718,1.000,0.0409,1.41
15381,replay,4000,0.0894,1.000,0.0410,0.73
15382,replay,4000,0.0788,1.000,0.0410,0.72
15383,replay,4000,0.0854,1.000,0.0411,0.72
15384,replay,4000,0.0710,1.000,0.0411,0.72
15385,es_step,4000,0.0505,1.000,0.0411,1.41
15386,replay,4000,0.0565,1.000,0.0411,0.72
15387,replay,4000,0.0498,1.000,0.0411,0.72
15388,replay,4000,0.0612,1.000,0.0411,0.72
15389,replay,4000,0.0353,1.000,0.0411,0.72
15390,replay,4000,0.0507,1.000,0.0410,0.72
15391,replay,4000,0.0536,1.000,0.0410,0.73
15392,replay,4000,0.0593,1.000,0.0410,0.72
15393,replay,4000,0.0569,1.000,0.0411,0.72
15394,replay,4000,0.0635,1.000,0.0411,0.73
15395,es_step,4000,0.0446,1.000,0.0411,1.41
15396,replay,4000,0.0614,1.000,0.0410,0.72
15397,replay,4000,0.0501,1.000,0.0410,0.72
15398,replay,4000,0.0508,1.000,0.0410,0.72
15399,replay,4000,0.0486,1.000,0.0411,0.72
15400,es_step,4000,0.0496,1.000,0.0411,1.40
15401,replay,4000,0.0391,1.000,0.0410,0.72
15402,replay,4000,0.0525,1.000,0.0410,0.73
15403,es_step,4000,0.0507,1.000,0.0410,1.41
15404,es_step,4000,0.0498,1.000,0.0410,1.42
15405,replay,4000,0.0634,1.000,0.0410,0.73
15406,replay,4000,0.0631,1.000,0.0409,0.73
15407,replay,4000,0.0529,1.000,0.0409,0.73
15408,replay,4000,0.0518,1.000,0.0409,0.74
15409,replay,4000,0.0394,1.000,0.0408,0.74
15410,replay,4000,0.0360,1.000,0.0408,0.74
15411,replay,4000,0.0261,1.000,0.0407,0.74
15412,replay,4000,0.0284,1.000,0.0406,0.74
15413,replay,4000,0.0255,1.000,0.0406,0.73
15414,replay,4000,0.0334,1.000,0.0405,0.73
15415,replay,4000,0.0563,1.000,0.0405,0.73
15416,es_step,4000,0.0320,1.000,0.0405,1.42
15417,replay,4000,0.0469,1.000,0.0404,0.72
15418,replay,4000,0.0431,1.000,0.0404,0.72
15419,replay,4000,0.0332,1.000,0.0404,0.73
15420,replay,4000,0.0526,1.000,0.0403,0.73
15421,replay,4000,0.0385,1.000,0.0403,0.73
15422,replay,4000,0.0706,1.000,0.0402,0.73
15423,replay,4000,0.0841,1.000,0.0403,0.73
15424,replay,4000,0.0752,1.000,0.0403,0.73
15425,replay,4000,0.0663,1.000,0.0403,0.73
15426,replay,4000,0.0853,1.000,0.0404,0.73
15427,replay,4000,0.0847,1.000,0.0404,0.73
15428,replay,4000,0.0760,1.000,0.0405,0.72
15429,replay,4000,0.0679,1.000,0.0405,0.73
15430,replay,4000,0.0602,1.000,0.0404,0.73
15431,es_step,4000,0.0370,1.000,0.0404,1.42
15432,replay,4000,0.0533,1.000,0.0404,0.72
15433,replay,4000,0.0510,1.000,0.0404,0.72
15434,replay,4000,0.0395,1.000,0.0404,0.72
15435,replay,4000,0.0418,1.000,0.0404,0.72
15436,replay,4000,0.0444,1.000,0.0403,0.72
15437,replay,4000,0.0485,1.000,0.0403,0.73
15438,replay,4000,0.0508,1.000,0.0403,0.73
15439,replay,4000,0.0336,1.000,0.0403,0.73
15440,replay,4000,0.0599,1.000,0.0403,0.85
15441,es_step,4000,0.0388,1.000,0.0403,1.39
15442,replay,4000,0.0565,1.000,0.0402,0.70
15443,es_step,4000,0.0383,1.000,0.0402,1.36
15444,replay,4000,0.0603,1.000,0.0402,0.70
15445,replay,4000,0.0523,1.000,0.0402,0.68
15446,replay,4000,0.0380,1.000,0.0401,0.68
15447,replay,4000,0.0387,1.000,0.0403,0.68
15448,replay,4000,0.0433,1.000,0.0403,0.67
15449,replay,4000,0.0357,1.000,0.0402,0.67
15450,replay,4000,0.0545,1.000,0.0402,0.70
15451,es_step,4000,0.0339,1.000,0.0402,1.34
15452,es_step,4000,0.0321,1.000,0.0402,1.35
15453,replay,4000,0.0351,1.000,0.0402,0.72
15454,replay,4000,0.0371,1.000,0.0401,0.72
15455,replay,4000,0.0602,1.000,0.0401,3.02
15456,replay,4000,0.0656,1.000,0.0401,0.72
15457,replay,4000,0.0693,1.000,0.0401,0.73
15458,replay,4000,0.0615,1.000,0.0401,0.72
15459,replay,4000,0.0669,1.000,0.0402,0.72
15460,replay,4000,0.0750,1.000,0.0402,0.73
15461,replay,4000,0.0824,1.000,0.0403,0.72
15462,replay,4000,0.0716,1.000,0.0404,0.72
15463,replay,4000,0.0902,1.000,0.0405,0.71
15464,es_step,4000,0.0630,1.000,0.0406,1.37
15465,replay,4000,0.0948,1.000,0.0406,0.71
15466,replay,4000,0.0882,1.000,0.0406,0.71
15467,replay,4000,0.0799,1.000,0.0407,0.71
15468,replay,4000,0.0748,1.000,0.0407,0.71
15469,replay,4000,0.0673,1.000,0.0407,0.71
15470,replay,4000,0.0698,1.000,0.0408,0.72
15471,replay,4000,0.0455,1.000,0.0407,0.71
15472,replay,4000,0.0437,1.000,0.0407,0.71
15473,replay,4000,0.0182,1.000,0.0405,0.71
15474,replay,4000,0.0353,1.000,0.0405,0.72
15475,replay,4000,0.0511,1.000,0.0405,0.72
15476,replay,4000,0.0454,1.000,0.0405,0.72
15477,replay,4000,0.0359,1.000,0.0404,0.72
15478,replay,4000,0.0303,1.000,0.0403,0.72
15479,replay,4000,0.0511,1.000,0.0403,0.73
15480,replay,4000,0.0536,1.000,0.0403,0.73
15481,replay,4000,0.0413,1.000,0.0402,0.72
15482,replay,4000,0.0460,1.000,0.0402,0.73
15483,replay,4000,0.0412,1.000,0.0402,0.73
15484,replay,4000,0.0428,1.000,0.0402,0.72
15485,replay,4000,0.0392,1.000,0.0401,0.73
15486,replay,4000,0.0416,1.000,0.0401,0.73
15487,replay,4000,0.0439,1.000,0.0401,0.72
15488,replay,4000,0.0430,1.000,0.0401,0.73
15489,replay,4000,0.0371,1.000,0.0400,0.72
15490,replay,4000,0.0404,1.000,0.0400,0.73
15491,replay,4000,0.0432,1.000,0.0400,0.73
15492,es_step,4000,0.0351,1.000,0.0400,1.43
15493,es_step,4000,0.0323,1.000,0.0400,1.43
15494,replay,4000,0.0378,1.000,0.0400,0.73
15495,es_step,4000,0.0370,1.000,0.0400,1.42
15496,replay,4000,0.0557,1.000,0.0399,0.72
15497,replay,4000,0.0414,1.000,0.0399,0.72
15498,replay,4000,0.0666,1.000,0.0399,0.72
15499,replay,4000,0.0548,1.000,0.0398,0.72
15500,replay,4000,0.0637,1.000,0.0398,0.73
15501,es_step,4000,0.0316,1.000,0.0398,1.42
15502,replay,4000,0.0672,1.000,0.0398,0.73
15503,replay,4000,0.0524,1.000,0.0398,0.72
15504,es_step,4000,0.0354,1.000,0.0398,1.41
15505,replay,4000,0.0468,1.000,0.0398,0.72
15506,es_step,4000,0.0356,1.000,0.0398,1.41
15507,es_step,4000,0.0360,1.000,0.0398,1.39
15508,replay,4000,0.0362,1.000,0.0397,0.72
15509,replay,4000,0.0380,1.000,0.0397,0.72
15510,replay,4000,0.0636,1.000,0.0397,0.71
15511,replay,4000,0.0321,1.000,0.0396,0.72
15512,replay,4000,0.0520,1.000,0.0396,0.72
15513,replay,4000,0.0443,1.000,0.0396,0.72
15514,es_step,4000,0.0490,1.000,0.0396,1.38
15515,replay,4000,0.0536,1.000,0.0396,0.71
15516,replay,4000,0.0577,1.000,0.0396,0.71
15517,replay,4000,0.0663,1.000,0.0396,0.72
15518,replay,4000,0.0564,1.000,0.0396,0.71
15519,replay,4000,0.0391,1.000,0.0396,0.71
15520,replay,4000,0.0465,1.000,0.0396,0.71
15521,replay,4000,0.0417,1.000,0.0395,0.71
15522,replay,4000,0.0261,1.000,0.0395,0.71
15523,replay,4000,0.0231,1.000,0.0394,0.72
15524,replay,4000,0.0424,1.000,0.0393,0.72
15525,replay,4000,0.0299,1.000,0.0393,0.72
15526,replay,4000,0.0332,1.000,0.0392,0.72
15527,replay,4000,0.0399,1.000,0.0392,0.72
15528,replay,4000,0.0396,1.000,0.0392,0.72
15529,replay,4000,0.0473,1.000,0.0391,0.72
15530,replay,4000,0.0355,1.000,0.0391,0.72
15531,replay,4000,0.0450,1.000,0.0391,0.72
15532,es_step,4000,0.0287,1.000,0.0391,1.39
15533,replay,4000,0.0326,1.000,0.0391,0.72
15534,es_step,4000,0.0280,1.000,0.0391,1.39
15535,replay,4000,0.0376,1.000,0.0390,0.71
15536,es_step,4000,0.0265,1.000,0.0390,1.37
15537,es_step,4000,0.0301,1.000,0.0390,1.36
15538,replay,4000,0.0358,1.000,0.0390,0.70
15539,es_step,4000,0.0296,1.000,0.0390,1.38
15540,replay,4000,0.0436,1.000,0.0390,0.71
15541,replay,4000,0.0366,1.000,0.0389,0.71
15542,es_step,4000,0.0248,1.000,0.0389,1.36
15543,replay,4000,0.0370,1.000,0.0389,0.70
15544,replay,4000,0.0373,1.000,0.0388,0.71
15545,replay,4000,0.0348,1.000,0.0388,0.71
15546,replay,4000,0.0699,1.000,0.0388,0.71
15547,replay,4000,0.0437,1.000,0.0387,0.71
15548,replay,4000,0.0454,1.000,0.0387,0.70
15549,replay,4000,0.0550,1.000,0.0388,0.68
15550,replay,4000,0.0597,1.000,0.0388,0.68
15551,replay,4000,0.0679,1.000,0.0388,0.67
15552,replay,4000,0.0662,1.000,0.0388,0.66
15553,es_step,4000,0.0499,1.000,0.0388,1.26
15554,replay,4000,0.0683,1.000,0.0388,0.65
15555,replay,4000,0.0702,1.000,0.0389,0.65
15556,replay,4000,0.0667,1.000,0.0389,0.65
15557,replay,4000,0.0563,1.000,0.0388,0.65
15558,replay,4000,0.0544,1.000,0.0388,0.69
15559,replay,4000,0.0432,1.000,0.0388,0.69
15560,replay,4000,0.0656,1.000,0.0388,0.69
15561,es_step,4000,0.0363,1.000,0.0388,1.34
15562,replay,4000,0.0614,1.000,0.0388,0.71
15563,replay,4000,0.0655,1.000,0.0388,0.71
15564,replay,4000,0.0545,1.000,0.0388,0.71
15565,replay,4000,0.0556,1.000,0.0387,0.72
15566,es_step,4000,0.0254,1.000,0.0387,1.38
15567,replay,4000,0.0530,1.000,0.0387,0.71
15568,replay,4000,0.0404,1.000,0.0387,0.71
15569,replay,4000,0.0425,1.000,0.0386,0.71
15570,replay,4000,0.0343,1.000,0.0386,0.72
15571,replay,4000,0.0564,1.000,0.0385,0.72
15572,replay,4000,0.0408,1.000,0.0385,0.72
15573,replay,4000,0.0474,1.000,0.0385,0.73
15574,replay,4000,0.0461,1.000,0.0384,0.72
15575,replay,4000,0.0443,1.000,0.0384,0.72
15576,es_step,4000,0.0358,1.000,0.0384,1.40
15577,replay,4000,0.0551,1.000,0.0384,0.72
15578,es_step,4000,0.0402,1.000,0.0384,1.40
15579,replay,4000,0.0513,1.000,0.0384,0.72
15580,replay,4000,0.0533,1.000,0.0384,0.72
15581,replay,4000,0.0571,1.000,0.0384,0.73
15582,replay,4000,0.0457,1.000,0.0383,0.72
15583,replay,4000,0.0232,1.000,0.0382,0.72
15584,replay,4000,0.0341,1.000,0.0381,0.72
15585,replay,4000,0.0325,1.000,0.0381,0.73
15586,replay,4000,0.0579,1.000,0.0380,0.72
15587,replay,4000,0.0634,1.000,0.0380,0.72
15588,replay,4000,0.0601,1.000,0.0380,0.72
15589,replay,4000,0.0636,1.000,0.0380,0.72
15590,replay,4000,0.0693,1.000,0.0380,0.73
15591,replay,4000,0.0604,1.000,0.0381,0.72
15592,es_step,4000,0.0424,1.000,0.0381,1.41
15593,replay,4000,0.0603,1.000,0.0380,0.73
15594,es_step,4000,0.0369,1.000,0.0380,1.41
15595,replay,4000,0.0510,1.000,0.0380,0.73
15596,replay,4000,0.0492,1.000,0.0380,0.73
15597,replay,4000,0.0316,1.000,0.0380,0.73
15598,es_step,4000,0.0245,1.000,0.0380,1.41
15599,replay,4000,0.0275,1.000,0.0379,0.72
15600,replay,4000,0.0324,1.000,0.0378,0.72
15601,replay,4000,0.0241,1.000,0.0378,0.72
15602,es_step,4000,0.0248,1.000,0.0378,1.41
15603,replay,4000,0.0274,1.000,0.0377,0.72
15604,replay,4000,0.0238,1.000,0.0377,0.72
15605,es_step,4000,0.0275,1.000,0.0377,1.40
15606,replay,4000,0.0330,1.000,0.0376,0.72
15607,es_step,4000,0.0279,1.000,0.0376,1.39
15608,replay,4000,0.0547,1.000,0.0376,0.71
15609,replay,4000,0.0540,1.000,0.0376,0.72
15610,replay,4000,0.0614,1.000,0.0376,0.72
15611,replay,4000,0.0577,1.000,0.0376,0.72
15612,replay,4000,0.0600,1.000,0.0377,0.72
15613,es_step,4000,0.0363,1.000,0.0377,1.40
15614,es_step,4000,0.0354,1.000,0.0377,1.39
15615,replay,4000,0.0411,1.000,0.0377,0.71
15616,replay,4000,0.0528,1.000,0.0377,0.71
15617,replay,4000,0.0789,1.000,0.0378,0.71
15618,replay,4000,0.0876,1.000,0.0379,0.72
15619,replay,4000,0.0851,1.000,0.0380,0.72
15620,replay,4000,0.0954,1.000,0.0380,0.73
15621,replay,4000,0.0858,1.000,0.0380,0.72
15622,replay,4000,0.0757,1.000,0.0381,0.72
15623,replay,4000,0.0671,1.000,0.0381,0.72
15624,es_step,4000,0.0293,1.000,0.0381,1.40
15625,replay,4000,0.0575,1.000,0.0381,0.71
15626,replay,4000,0.0517,1.000,0.0381,0.72
15627,replay,4000,0.0395,1.000,0.0380,0.73
15628,replay,4000,0.0256,1.000,0.0380,0.72
15629,es_step,4000,0.0205,1.000,0.0380,1.40
15630,replay,4000,0.0356,1.000,0.0379,0.73
15631,replay,4000,0.0288,1.000,0.0379,0.72
15632,replay,4000,0.0523,1.000,0.0378,0.72
15633,replay,4000,0.0613,1.000,0.0378,0.72
15634,es_step,4000,0.0327,1.000,0.0378,1.39
15635,es_step,4000,0.0344,1.000,0.0378,1.38
15636,replay,4000,0.0548,1.000,0.0378,0.71
15637,replay,4000,0.0554,1.000,0.0377,0.71
15638,replay,4000,0.0705,1.000,0.0377,0.72
15639,es_step,4000,0.0468,1.000,0.0377,1.39
15640,es_step,4000,0.0463,1.000,0.0377,1.38
15641,replay,4000,0.0694,1.000,0.0377,0.72
15642,replay,4000,0.0714,1.000,0.0377,0.72
15643,es_step,4000,0.0316,1.000,0.0377,1.39
15644,replay,4000,0.0687,1.000,0.0377,0.71
15645,replay,4000,0.0646,1.000,0.0379,0.72
15646,replay,4000,0.0678,1.000,0.0379,0.71
15647,es_step,4000,0.0333,1.000,0.0379,1.38
15648,es_step,4000,0.0318,1.000,0.0379,1.37
15649,replay,4000,0.0582,1.000,0.0378,0.71
15650,replay,4000,0.0666,1.000,0.0378,0.71
15651,replay,4000,0.0636,1.000,0.0378,0.71
15652,es_step,4000,0.0320,1.000,0.0378,1.37
15653,replay,4000,0.0723,1.000,0.0378,0.70
15654,es_step,4000,0.0305,1.000,0.0378,1.36
15655,replay,4000,0.0587,1.000,0.0378,0.72
15656,replay,4000,0.0649,1.000,0.0378,0.71
15657,replay,4000,0.0596,1.000,0.0378,0.72
15658,replay,4000,0.0686,1.000,0.0378,0.72
15659,replay,4000,0.0613,1.000,0.0378,0.72
15660,replay,4000,0.0599,1.000,0.0378,0.72
15661,es_step,4000,0.0139,1.000,0.0378,1.40
15662,replay,4000,0.0482,1.000,0.0377,0.72
15663,es_step,4000,0.0118,1.000,0.0377,1.38
15664,es_step,4000,0.0133,1.000,0.0377,1.39
15665,replay,4000,0.0273,1.000,0.0376,0.71
15666,es_step,4000,0.0126,1.000,0.0376,1.37
15667,replay,4000,0.0317,1.000,0.0375,0.71
15668,replay,4000,0.0364,1.000,0.0374,0.71
15669,replay,4000,0.0415,1.000,0.0374,0.71
15670,replay,4000,0.0387,1.000,0.0373,0.71
15671,replay,4000,0.0393,1.000,0.0373,0.71
15672,replay,4000,0.0540,1.000,0.0374,0.71
15673,replay,4000,0.0659,1.000,0.0374,0.71
15674,replay,4000,0.0607,1.000,0.0374,0.72
15675,es_step,4000,0.0421,1.000,0.0374,1.38
15676,replay,4000,0.0677,1.000,0.0374,0.71
15677,es_step,4000,0.0402,1.000,0.0374,1.37
15678,replay,4000,0.0790,1.000,0.0374,0.70
15679,replay,4000,0.0602,1.000,0.0375,0.72
15680,replay,4000,0.0785,1.000,0.0375,0.72
15681,replay,4000,0.0786,1.000,0.0375,0.72
15682,replay,4000,0.0719,1.000,0.0376,0.72
15683,replay,4000,0.0716,1.000,0.0376,0.72
15684,replay,4000,0.0698,1.000,0.0376,0.73
15685,replay,4000,0.0773,1.000,0.0377,0.72
15686,replay,4000,0.0934,1.000,0.0377,0.72
15687,replay,4000,0.0759,1.000,0.0377,0.72
15688,replay,4000,0.0551,1.000,0.0376,0.72
15689,replay,4000,0.0260,1.000,0.0375,0.73
15690,replay,4000,0.0266,1.000,0.0374,0.73
15691,replay,4000,0.0227,1.000,0.0374,0.73
15692,replay,4000,0.0174,1.000,0.0373,0.73
15693,replay,4000,0.0661,1.000,0.0373,0.73
15694,replay,4000,0.0861,1.000,0.0373,0.73
15695,replay,4000,0.0503,1.000,0.0372,0.73
15696,replay,4000,0.0424,1.000,0.0372,0.73
15697,replay,4000,0.0404,1.000,0.0372,0.74
15698,es_step,4000,0.0421,1.000,0.0372,1.43
15699,replay,4000,0.0606,1.000,0.0372,0.72
15700,es_step,4000,0.0502,1.000,0.0372,1.41
15701,replay,4000,0.0583,1.000,0.0372,0.72
15702,replay,4000,0.0640,1.000,0.0372,0.72
15703,replay,4000,0.0519,1.000,0.0371,0.73
15704,es_step,4000,0.0557,1.000,0.0372,1.42
15705,replay,4000,0.0658,1.000,0.0372,0.72
15706,replay,4000,0.0636,1.000,0.0372,0.72
15707,replay,4000,0.0636,1.000,0.0372,0.72
15708,replay,4000,0.0577,1.000,0.0372,0.73
15709,replay,4000,0.0480,1.000,0.0373,0.73
15710,replay,4000,0.0521,1.000,0.0373,0.73
15711,replay,4000,0.0440,1.000,0.0373,0.73
15712,replay,4000,0.0493,1.000,0.0372,0.72
15713,replay,4000,0.0387,1.000,0.0373,0.72
15714,replay,4000,0.0491,1.000,0.0372,0.72
15715,es_step,4000,0.0381,1.000,0.0372,1.42
15716,replay,4000,0.0315,1.000,0.0372,0.72
15717,es_step,4000,0.0385,1.000,0.0372,1.42
15718,replay,4000,0.0394,1.000,0.0372,0.72
15719,es_step,4000,0.0412,1.000,0.0372,1.40
15720,replay,4000,0.0366,1.000,0.0371,0.72
15721,replay,4000,0.0578,1.000,0.0372,0.73
15722,replay,4000,0.0422,1.000,0.0371,0.72
15723,es_step,4000,0.0347,1.000,0.0371,1.40
15724,replay,4000,0.0279,1.000,0.0371,0.72
15725,replay,4000,0.0382,1.000,0.0371,0.71
15726,replay,4000,0.0395,1.000,0.0371,0.71
15727,replay,4000,0.0547,1.000,0.0370,0.72
15728,replay,4000,0.0516,1.000,0.0370,0.72
15729,es_step,4000,0.0388,1.000,0.0370,1.40
15730,replay,4000,0.0628,1.000,0.0370,0.71
15731,es_step,4000,0.0400,1.000,0.0370,1.40
15732,replay,4000,0.0546,1.000,0.0370,0.72
15733,es_step,4000,0.0407,1.000,0.0370,1.41
15734,replay,4000,0.0393,1.000,0.0370,0.71
15735,es_step,4000,0.0377,1.000,0.0370,1.39
15736,es_step,4000,0.0350,1.000,0.0370,1.38
15737,replay,4000,0.0399,1.000,0.0370,0.71
15738,es_step,4000,0.0376,1.000,0.0370,1.39
15739,replay,4000,0.0444,1.000,0.0370,0.72
15740,es_step,4000,0.0402,1.000,0.0370,1.40
15741,replay,4000,0.0344,1.000,0.0369,0.71
15742,replay,4000,0.0364,1.000,0.0369,0.71
15743,replay,4000,0.0475,1.000,0.0369,0.72
15744,es_step,4000,0.0398,1.000,0.0369,1.40
15745,replay,4000,0.0290,1.000,0.0369,0.72
15746,replay,4000,0.0422,1.000,0.0368,0.72
15747,es_step,4000,0.0397,1.000,0.0368,1.39
15748,replay,4000,0.0614,1.000,0.0368,0.71
15749,es_step,4000,0.0375,1.000,0.0368,1.38
15750,es_step,4000,0.0347,1.000,0.0368,1.37
15751,replay,4000,0.0419,1.000,0.0368,0.71
15752,replay,4000,0.0421,1.000,0.0368,0.71
15753,replay,4000,0.0505,1.000,0.0368,0.71
15754,replay,4000,0.0481,1.000,0.0367,0.72
15755,replay,4000,0.0380,1.000,0.0367,0.72
15756,replay,4000,0.0444,1.000,0.0367,0.73
15757,es_step,4000,0.0227,1.000,0.0367,1.41
15758,es_step,4000,0.0270,1.000,0.0367,1.40
15759,replay,4000,0.0346,1.000,0.0366,2.99
15760,replay,4000,0.0384,1.000,0.0366,0.72
15761,es_step,4000,0.0216,1.000,0.0366,1.40
15762,replay,4000,0.0329,1.000,0.0365,0.71
15763,replay,4000,0.0269,1.000,0.0365,0.72
15764,replay,4000,0.0288,1.000,0.0364,0.72
15765,replay,4000,0.0654,1.000,0.0364,0.72
15766,replay,4000,0.0372,1.000,0.0364,0.72
15767,es_step,4000,0.0494,1.000,0.0364,1.39
15768,replay,4000,0.0507,1.000,0.0364,0.71
15769,replay,4000,0.0479,1.000,0.0364,0.71
15770,replay,4000,0.0760,1.000,0.0363,0.71
15771,es_step,4000,0.0479,1.000,0.0363,1.38
15772,replay,4000,0.0883,1.000,0.0363,0.72
15773,replay,4000,0.0649,1.000,0.0364,0.73
15774,replay,4000,0.0664,1.000,0.0364,0.72
15775,es_step,4000,0.0549,1.000,0.0364,1.39
15776,replay,4000,0.0700,1.000,0.0365,0.72
15777,replay,4000,0.0746,1.000,0.0365,0.72
15778,es_step,4000,0.0624,1.000,0.0366,1.39
15779,replay,4000,0.0823,1.000,0.0366,0.71
15780,replay,4000,0.0770,1.000,0.0367,0.71
15781,replay,4000,0.0679,1.000,0.0367,0.72
15782,replay,4000,0.0483,1.000,0.0367,0.71
15783,replay,4000,0.0365,1.000,0.0367,0.72
15784,replay,4000,0.0345,1.000,0.0366,0.72
15785,replay,4000,0.0317,1.000,0.0366,0.72
15786,es_step,4000,0.0231,1.000,0.0366,1.38
15787,replay,4000,0.0181,1.000,0.0365,0.71
15788,replay,4000,0.0338,1.000,0.0364,0.72
15789,es_step,4000,0.0389,1.000,0.0364,1.39
15790,replay,4000,0.0475,1.000,0.0364,0.71
15791,es_step,4000,0.0517,1.000,0.0364,1.37
15792,es_step,4000,0.0499,1.000,0.0364,1.37
15793,es_step,4000,0.0495,1.000,0.0364,1.35
15794,replay,4000,0.0504,1.000,0.0364,0.70
15795,replay,4000,0.0609,1.000,0.0365,0.71
15796,replay,4000,0.0353,1.000,0.0365,0.71
15797,replay,4000,0.0670,1.000,0.0365,0.72
15798,replay,4000,0.0675,1.000,0.0366,0.72
15799,replay,4000,0.0648,1.000,0.0366,0.72
15800,es_step,4000,0.0371,1.000,0.0366,1.41
15801,replay,4000,0.0608,1.000,0.0366,0.72
15802,replay,4000,0.0546,1.000,0.0366,0.71
15803,replay,4000,0.0526,1.000,0.0366,0.72
15804,replay,4000,0.0327,1.000,0.0365,0.72
15805,replay,4000,0.0886,1.000,0.0365,0.71
15806,replay,4000,0.0954,1.000,0.0366,0.72
15807,replay,4000,0.0698,1.000,0.0366,0.72
15808,replay,4000,0.0666,1.000,0.0366,0.72
15809,replay,4000,0.0734,1.000,0.0367,0.72
15810,replay,4000,0.0712,1.000,0.0368,0.72
15811,replay,4000,0.0892,1.000,0.0369,0.73
15812,es_step,4000,0.0530,1.000,0.0369,1.40
15813,replay,4000,0.0625,1.000,0.0369,0.73
15814,es_step,4000,0.0507,1.000,0.0369,1.40
15815,es_step,4000,0.0545,1.000,0.0370,1.40
15816,replay,4000,0.0810,1.000,0.0370,0.71
15817,es_step,4000,0.0637,1.000,0.0370,1.38
15818,replay,4000,0.0708,1.000,0.0371,0.72
15819,replay,4000,0.0817,1.000,0.0372,0.72
15820,replay,4000,0.0876,1.000,0.0372,0.72
15821,replay,4000,0.0921,1.000,0.0373,0.72
15822,replay,4000,0.0775,1.000,0.0374,0.72
15823,replay,4000,0.0669,1.000,0.0374,0.72
15824,es_step,4000,0.0545,1.000,0.0374,1.38
15825,es_step,4000,0.0567,1.000,0.0374,1.36
15826,replay,4000,0.0682,1.000,0.0375,0.70
15827,replay,4000,0.0798,1.000,0.0375,0.71
15828,replay,4000,0.0655,1.000,0.0375,0.71
15829,replay,4000,0.0607,1.000,0.0376,0.71
15830,replay,4000,0.0523,1.000,0.0376,0.71
15831,replay,4000,0.0540,1.000,0.0376,0.71
15832,replay,4000,0.0621,1.000,0.0376,0.71
15833,replay,4000,0.0592,1.000,0.0376,0.71
15834,es_step,4000,0.0376,1.000,0.0376,1.40
15835,replay,4000,0.0544,1.000,0.0376,0.71
15836,es_step,4000,0.0379,1.000,0.0376,1.38
15837,es_step,4000,0.0406,1.000,0.0376,1.35
15838,replay,4000,0.0465,1.000,0.0376,0.72
15839,replay,4000,0.0507,1.000,0.0376,0.72
15840,replay,4000,0.0600,1.000,0.0376,0.72
15841,es_step,4000,0.0522,1.000,0.0376,1.39
15842,es_step,4000,0.0475,1.000,0.0376,1.40
15843,replay,4000,0.0621,1.000,0.0377,0.71
15844,replay,4000,0.0657,1.000,0.0377,0.72
15845,es_step,4000,0.0533,1.000,0.0377,1.40
15846,es_step,4000,0.0518,1.000,0.0377,1.38
15847,replay,4000,0.0665,1.000,0.0378,0.71
15848,replay,4000,0.0664,1.000,0.0378,0.71
15849,replay,4000,0.0743,1.000,0.0378,0.71
15850,replay,4000,0.0618,1.000,0.0379,0.72
15851,replay,4000,0.0618,1.000,0.0379,0.72
15852,replay,4000,0.0650,1.000,0.0379,0.73
15853,replay,4000,0.0514,1.000,0.0379,0.73
15854,replay,4000,0.0614,1.000,0.0379,0.72
15855,replay,4000,0.0528,1.000,0.0379,0.72
15856,es_step,4000,0.0409,1.000,0.0379,1.40
15857,replay,4000,0.0422,1.000,0.0379,0.72
15858,replay,4000,0.0578,1.000,0.0379,0.72
15859,es_step,4000,0.0555,1.000,0.0379,1.41
15860,replay,4000,0.0541,1.000,0.0378,0.72
15861,replay,4000,0.0662,1.000,0.0379,0.72
15862,replay,4000,0.0636,1.000,0.0379,0.71
15863,es_step,4000,0.0524,1.000,0.0379,1.39
15864,replay,4000,0.0564,1.000,0.0379,0.71
15865,es_step,4000,0.0401,1.000,0.0379,1.37
15866,replay,4000,0.0503,1.000,0.0379,0.71
15867,es_step,4000,0.0417,1.000,0.0379,1.36
15868,replay,4000,0.0592,1.000,0.0379,0.71
15869,replay,4000,0.0509,1.000,0.0379,0.71
15870,es_step,4000,0.0350,1.000,0.0379,1.37
15871,replay,4000,0.0595,1.000,0.0379,0.70
15872,replay,4000,0.0658,1.000,0.0379,0.71
15873,replay,4000,0.0638,1.000,0.0379,0.72
15874,es_step,4000,0.0423,1.000,0.0379,1.38
15875,replay,4000,0.0753,1.000,0.0379,0.71
15876,replay,4000,0.0567,1.000,0.0379,0.72
15877,es_step,4000,0.0447,1.000,0.0379,1.40
15878,es_step,4000,0.0397,1.000,0.0379,1.36
15879,replay,4000,0.0605,1.000,0.0379,0.70
15880,replay,4000,0.0554,1.000,0.0379,0.71
15881,replay,4000,0.0680,1.000,0.0379,0.71
15882,replay,4000,0.0688,1.000,0.0380,0.71
15883,replay,4000,0.0823,1.000,0.0380,0.71
15884,replay,4000,0.0608,1.000,0.0381,0.71
15885,es_step,4000,0.0470,1.000,0.0381,1.36
15886,replay,4000,0.0501,1.000,0.0381,0.71
15887,replay,4000,0.0398,1.000,0.0381,0.71
15888,replay,4000,0.0610,1.000,0.0381,0.71
15889,es_step,4000,0.0460,1.000,0.0381,1.39
15890,replay,4000,0.0662,1.000,0.0382,0.71
15891,replay,4000,0.0573,1.000,0.0382,0.71
15892,es_step,4000,0.0408,1.000,0.0382,1.37
15893,es_step,4000,0.0371,1.000,0.0382,1.36
15894,replay,4000,0.0561,1.000,0.0382,0.70
15895,replay,4000,0.0535,1.000,0.0382,0.71
15896,replay,4000,0.0442,1.000,0.0381,0.71
15897,es_step,4000,0.0304,1.000,0.0381,1.36
15898,es_step,4000,0.0267,1.000,0.0381,1.37
15899,replay,4000,0.0450,1.000,0.0381,0.72
15900,replay,4000,0.0387,1.000,0.0381,0.71
15901,es_step,4000,0.0305,1.000,0.0381,1.37
15902,es_step,4000,0.0310,1.000,0.0381,1.36
15903,es_step,4000,0.0280,1.000,0.0381,1.34
15904,replay,4000,0.0338,1.000,0.0380,0.70
15905,replay,4000,0.0289,1.000,0.0380,0.70
15906,replay,4000,0.0320,1.000,0.0379,0.71
15907,replay,4000,0.0404,1.000,0.0379,0.73
15908,es_step,4000,0.0383,1.000,0.0379,1.39
15909,replay,4000,0.0398,1.000,0.0379,0.72
15910,replay,4000,0.0371,1.000,0.0378,0.72
15911,replay,4000,0.0421,1.000,0.0378,0.72
15912,es_step,4000,0.0400,1.000,0.0378,1.38
15913,replay,4000,0.0467,1.000,0.0378,0.71
15914,replay,4000,0.0447,1.000,0.0378,0.72
15915,replay,4000,0.0405,1.000,0.0377,0.72
15916,es_step,4000,0.0349,1.000,0.0377,1.39
15917,replay,4000,0.0367,1.000,0.0377,0.72
15918,replay,4000,0.0448,1.000,0.0377,0.72
15919,replay,4000,0.0280,1.000,0.0376,0.72
15920,replay,4000,0.0307,1.000,0.0376,0.72
15921,replay,4000,0.0202,1.000,0.0375,0.72
15922,replay,4000,0.0245,1.000,0.0374,0.72
15923,replay,4000,0.0308,1.000,0.0374,0.71
15924,es_step,4000,0.0242,1.000,0.0374,1.39
15925,replay,4000,0.0534,1.000,0.0374,0.71
15926,replay,4000,0.0727,1.000,0.0373,0.71
15927,es_step,4000,0.0444,1.000,0.0373,1.39
15928,replay,4000,0.0737,1.000,0.0373,0.71
15929,replay,4000,0.0759,1.000,0.0374,0.71
15930,replay,4000,0.0816,1.000,0.0374,0.71
15931,replay,4000,0.0799,1.000,0.0375,0.72
15932,es_step,4000,0.0634,1.000,0.0376,1.39
15933,replay,4000,0.0739,1.000,0.0376,0.71
15934,replay,4000,0.0800,1.000,0.0377,0.71
15935,replay,4000,0.0813,1.000,0.0378,0.72
15936,es_step,4000,0.0506,1.000,0.0378,1.38
15937,replay,4000,0.0856,1.000,0.0379,0.71
15938,es_step,4000,0.0505,1.000,0.0379,1.37
15939,replay,4000,0.0776,1.000,0.0379,0.71
15940,replay,4000,0.0818,1.000,0.0379,0.71
15941,es_step,4000,0.0521,1.000,0.0379,1.38
15942,replay,4000,0.0631,1.000,0.0379,0.70
15943,replay,4000,0.0506,1.000,0.0378,0.70
15944,replay,4000,0.0543,1.000,0.0378,0.71
15945,replay,4000,0.0458,1.000,0.0377,0.71
15946,replay,4000,0.0481,1.000,0.0377,0.72
15947,replay,4000,0.0428,1.000,0.0377,0.72
15948,es_step,4000,0.0264,1.000,0.0377,1.39
15949,replay,4000,0.0373,1.000,0.0376,0.71
15950,replay,4000,0.0365,1.000,0.0375,0.71
15951,replay,4000,0.0243,1.000,0.0374,0.71
15952,replay,4000,0.0495,1.000,0.0374,0.71
15953,replay,4000,0.0426,1.000,0.0374,0.71
15954,es_step,4000,0.0236,1.000,0.0374,1.37
15955,replay,4000,0.0335,1.000,0.0373,0.72
15956,replay,4000,0.0371,1.000,0.0373,0.71
15957,replay,4000,0.0377,1.000,0.0373,0.71
15958,replay,4000,0.0369,1.000,0.0373,0.71
15959,replay,4000,0.0316,1.000,0.0372,0.71
15960,replay,4000,0.0298,1.000,0.0372,0.71
15961,replay,4000,0.0326,1.000,0.0371,0.71
15962,replay,4000,0.0819,1.000,0.0371,0.71
15963,replay,4000,0.0731,1.000,0.0371,0.71
15964,es_step,4000,0.0368,1.000,0.0371,1.37
15965,replay,4000,0.0404,1.000,0.0371,0.71
15966,replay,4000,0.0555,1.000,0.0371,0.70
15967,es_step,4000,0.0456,1.000,0.0371,1.36
15968,replay,4000,0.0650,1.000,0.0371,0.70
15969,replay,4000,0.0645,1.000,0.0371,0.71
15970,es_step,4000,0.0498,1.000,0.0371,1.37
15971,replay,4000,0.0634,1.000,0.0372,0.70
15972,replay,4000,0.0549,1.000,0.0372,0.71
15973,replay,4000,0.0649,1.000,0.0373,0.70
15974,replay,4000,0.0704,1.000,0.0373,0.70
15975,replay,4000,0.0767,1.000,0.0373,0.71
15976,replay,4000,0.0738,1.000,0.0373,0.85
15977,replay,4000,0.0750,1.000,0.0373,0.72
15978,replay,4000,0.0670,1.000,0.0374,0.72
15979,replay,4000,0.0692,1.000,0.0374,0.73
15980,replay,4000,0.0483,1.000,0.0375,0.72
15981,replay,4000,0.0595,1.000,0.0375,0.72
15982,es_step,4000,0.0296,1.000,0.0375,1.40
15983,es_step,4000,0.0408,1.000,0.0375,1.40
15984,es_step,4000,0.0385,1.000,0.0375,1.39
15985,es_step,4000,0.0389,1.000,0.0375,1.40
15986,replay,4000,0.0536,1.000,0.0375,0.71
15987,replay,4000,0.0533,1.000,0.0375,0.71
15988,replay,4000,0.0388,1.000,0.0374,0.71
15989,replay,4000,0.0222,1.000,0.0374,0.71
15990,replay,4000,0.0434,1.000,0.0374,0.72
15991,es_step,4000,0.0246,1.000,0.0374,1.39
15992,es_step,4000,0.0229,1.000,0.0374,1.37
15993,es_step,4000,0.0256,1.000,0.0374,1.38
15994,replay,4000,0.0311,1.000,0.0373,0.71
15995,es_step,4000,0.0252,1.000,0.0373,1.38
15996,replay,4000,0.0362,1.000,0.0373,0.70
15997,replay,4000,0.0945,1.000,0.0373,0.71
15998,replay,4000,0.0635,1.000,0.0372,0.71
15999,replay,4000,0.0547,1.000,0.0372,0.71
16000,replay,4000,0.0585,1.000,0.0372,0.71
16001,es_step,4000,0.0397,1.000,0.0372,1.37
16002,replay,4000,0.0550,1.000,0.0372,0.71
16003,replay,4000,0.0519,1.000,0.0372,0.71
16004,replay,4000,0.0393,1.000,0.0372,0.71
16005,replay,4000,0.0441,1.000,0.0372,0.71
16006,replay,4000,0.0345,1.000,0.0371,0.71
16007,es_step,4000,0.0353,1.000,0.0371,1.37
16008,replay,4000,0.0481,1.000,0.0371,0.70
16009,replay,4000,0.0699,1.000,0.0371,0.70
16010,replay,4000,0.0658,1.000,0.0371,0.71
16011,replay,4000,0.0597,1.000,0.0371,0.72
16012,replay,4000,0.0569,1.000,0.0371,0.71
16013,replay,4000,0.0789,1.000,0.0371,0.71
16014,replay,4000,0.0539,1.000,0.0371,0.72
16015,replay,4000,0.0395,1.000,0.0371,0.71
16016,replay,4000,0.0342,1.000,0.0371,0.71
16017,replay,4000,0.0353,1.000,0.0371,0.71
16018,replay,4000,0.0391,1.000,0.0371,0.71
16019,es_step,4000,0.0438,1.000,0.0371,1.40
16020,es_step,4000,0.0422,1.000,0.0371,1.39
16021,es_step,4000,0.0430,1.000,0.0371,1.36
16022,replay,4000,0.0453,1.000,0.0371,0.70
16023,replay,4000,0.0563,1.000,0.0371,0.71
16024,es_step,4000,0.0441,1.000,0.0371,1.36
16025,replay,4000,0.0490,1.000,0.0371,0.70
16026,replay,4000,0.0466,1.000,0.0371,0.70
16027,replay,4000,0.0557,1.000,0.0371,0.71
16028,replay,4000,0.0543,1.000,0.0371,0.70
16029,replay,4000,0.0561,1.000,0.0371,0.72
16030,replay,4000,0.0381,1.000,0.0371,0.72
16031,es_step,4000,0.0458,1.000,0.0371,1.38
16032,es_step,4000,0.0444,1.000,0.0371,1.38
16033,replay,4000,0.0577,1.000,0.0371,0.72
16034,es_step,4000,0.0505,1.000,0.0371,1.37
16035,replay,4000,0.0429,1.000,0.0371,0.71
16036,replay,4000,0.0620,1.000,0.0371,0.71
16037,replay,4000,0.0699,1.000,0.0372,0.71
16038,replay,4000,-0.0055,1.000,0.0372,0.71
16039,replay,4000,-0.0284,1.000,0.0372,0.71
16040,es_step,4000,0.0681,1.000,0.0374,1.36
16041,replay,4000,0.0973,1.000,0.0374,0.70
16042,replay,4000,0.1405,1.000,0.0375,0.72
16043,es_step,4000,0.0909,1.000,0.0378,1.37
16044,replay,4000,0.1468,1.000,0.0379,0.71
16045,es_step,4000,0.1019,1.000,0.0380,1.36
16046,replay,4000,0.1207,1.000,0.0382,0.70
16047,replay,4000,0.1461,1.000,0.0383,0.70
16048,es_step,4000,0.1026,1.000,0.0384,1.38
16049,replay,4000,0.1407,1.000,0.0386,0.70
16050,replay,4000,0.1358,1.000,0.0387,0.72
16051,es_step,4000,0.1115,1.000,0.0388,1.37
16052,replay,4000,0.1174,1.000,0.0390,3.01
16053,replay,4000,0.1237,1.000,0.0392,0.71
16054,replay,4000,0.1402,1.000,0.0393,0.71
16055,replay,4000,0.1218,1.000,0.0395,0.71
16056,replay,4000,0.1195,1.000,0.0397,0.72
16057,replay,4000,0.1088,1.000,0.0398,0.72
16058,replay,4000,0.0848,1.000,0.0398,0.72
16059,replay,4000,0.0801,1.000,0.0399,0.72
16060,replay,4000,0.0675,1.000,0.0399,0.72
16061,replay,4000,0.0588,1.000,0.0398,0.72
16062,replay,4000,0.0461,1.000,0.0398,0.72
16063,replay,4000,0.0388,1.000,0.0397,0.73
16064,replay,4000,0.0296,1.000,0.0396,0.73
16065,es_step,4000,0.0291,1.000,0.0396,1.41
16066,replay,4000,0.0415,1.000,0.0396,0.72
16067,replay,4000,0.0318,1.000,0.0395,0.72
16068,replay,4000,0.0195,1.000,0.0394,0.71
16069,replay,4000,0.0295,1.000,0.0394,0.72
16070,replay,4000,0.0326,1.000,0.0393,0.71
16071,replay,4000,0.0340,1.000,0.0392,0.71
16072,es_step,4000,0.0335,1.000,0.0392,1.38
16073,replay,4000,0.0406,1.000,0.0392,0.71
16074,es_step,4000,0.0387,1.000,0.0392,1.38
16075,replay,4000,0.0408,1.000,0.0391,0.71
16076,replay,4000,0.0305,1.000,0.0391,0.71
16077,replay,4000,0.0333,1.000,0.0390,0.71
16078,replay,4000,0.0350,1.000,0.0390,0.72
16079,replay,4000,0.0314,1.000,0.0389,0.72
16080,replay,4000,0.0139,1.000,0.0388,0.73
16081,replay,4000,0.0294,1.000,0.0387,0.72
16082,replay,4000,0.0289,1.000,0.0386,0.72
16083,replay,4000,0.0367,1.000,0.0386,0.72
16084,replay,4000,0.0272,1.000,0.0385,0.72
16085,replay,4000,0.0312,1.000,0.0385,0.72
16086,replay,4000,0.0320,1.000,0.0384,0.72
16087,replay,4000,0.0289,1.000,0.0383,0.73
16088,es_step,4000,0.0293,1.000,0.0383,1.41
16089,replay,4000,0.0280,1.000,0.0382,0.73
16090,replay,4000,0.0434,1.000,0.0381,0.72
16091,replay,4000,0.0281,1.000,0.0381,0.72
16092,replay,4000,0.0263,1.000,0.0380,0.72
16093,replay,4000,0.0358,1.000,0.0380,0.72
16094,replay,4000,0.0332,1.000,0.0379,0.73
16095,replay,4000,0.0162,1.000,0.0377,0.72
16096,replay,4000,0.0154,1.000,0.0377,0.72
16097,replay,4000,0.0315,1.000,0.0376,0.72
16098,es_step,4000,0.0397,1.000,0.0376,1.41
16099,replay,4000,0.0393,1.000,0.0375,0.72
16100,replay,4000,0.0446,1.000,0.0375,0.72
16101,replay,4000,0.0411,1.000,0.0375,0.72
16102,replay,4000,0.0654,1.000,0.0375,0.72
16103,replay,4000,0.0414,1.000,0.0374,0.72
16104,es_step,4000,0.0309,1.000,0.0374,1.40
16105,replay,4000,0.0443,1.000,0.0374,0.72
16106,es_step,4000,0.0258,1.000,0.0374,1.41
16107,replay,4000,0.0396,1.000,0.0373,0.72
16108,replay,4000,0.0341,1.000,0.0373,0.72
16109,replay,4000,0.0255,1.000,0.0372,0.73
16110,es_step,4000,0.0254,1.000,0.0372,1.42
16111,es_step,4000,0.0264,1.000,0.0372,1.40
16112,replay,4000,0.0311,1.000,0.0371,0.72
16113,replay,4000,0.0311,1.000,0.0371,0.72
16114,es_step,4000,0.0250,1.000,0.0371,1.40
16115,replay,4000,0.0173,1.000,0.0370,0.72
16116,replay,4000,0.0177,1.000,0.0369,0.72
16117,replay,4000,0.0396,1.000,0.0369,0.72
16118,replay,4000,0.0514,1.000,0.0368,0.72
16119,replay,4000,0.0511,1.000,0.0368,0.72
16120,replay,4000,0.0555,1.000,0.0368,0.72
16121,replay,4000,0.0418,1.000,0.0367,0.72
16122,replay,4000,0.0438,1.000,0.0367,0.73
16123,replay,4000,0.0565,1.000,0.0367,0.73
16124,replay,4000,0.0415,1.000,0.0367,0.73
16125,replay,4000,0.0504,1.000,0.0367,0.73
16126,replay,4000,0.0450,1.000,0.0367,0.73
16127,replay,4000,0.0399,1.000,0.0366,0.73
16128,replay,4000,0.0396,1.000,0.0366,0.73
16129,replay,4000,0.0416,1.000,0.0366,0.74
16130,es_step,4000,0.0382,1.000,0.0366,1.42
16131,replay,4000,0.0313,1.000,0.0364,0.72
16132,es_step,4000,0.0432,1.000,0.0364,1.41
16133,replay,4000,0.0671,1.000,0.0365,0.72
16134,replay,4000,0.0659,1.000,0.0365,0.72
16135,es_step,4000,0.0311,1.000,0.0365,1.41
16136,replay,4000,0.0557,1.000,0.0365,0.72
16137,replay,4000,0.0153,1.000,0.0364,0.72
16138,replay,4000,0.0709,1.000,0.0364,0.72
16139,replay,4000,0.0528,1.000,0.0363,0.72
16140,replay,4000,0.0508,1.000,0.0363,0.72
16141,es_step,4000,0.0228,1.000,0.0363,1.41
16142,replay,4000,0.0661,1.000,0.0363,0.73
16143,es_step,4000,0.0334,1.000,0.0363,1.40
16144,replay,4000,0.0557,1.000,0.0363,0.72
16145,replay,4000,0.0546,1.000,0.0363,0.72
16146,replay,4000,0.0530,1.000,0.0363,0.72
16147,replay,4000,0.0420,1.000,0.0363,0.88
16148,replay,4000,0.0380,1.000,0.0362,0.72
16149,replay,4000,0.1066,1.000,0.0362,0.73
16150,replay,4000,0.0704,1.000,0.0362,0.72
16151,replay,4000,0.0568,1.000,0.0363,0.72
16152,replay,4000,0.0697,1.000,0.0363,0.72
16153,es_step,4000,0.0376,1.000,0.0363,1.40
16154,replay,4000,0.0692,1.000,0.0363,0.72
16155,es_step,4000,0.0470,0.938,0.0363,1.40
16156,replay,4000,0.0710,1.000,0.0364,0.71
16157,replay,4000,0.0690,1.000,0.0364,0.72
16158,replay,4000,0.0678,1.000,0.0364,0.72
16159,replay,4000,0.0769,1.000,0.0364,0.72
16160,replay,4000,0.0555,1.000,0.0364,0.73
16161,replay,4000,0.0592,1.000,0.0364,0.73
16162,replay,4000,0.0578,1.000,0.0364,0.73
16163,replay,4000,0.0595,1.000,0.0364,0.73
16164,replay,4000,0.0374,1.000,0.0364,0.73
16165,replay,4000,0.0502,1.000,0.0363,0.73
16166,replay,4000,0.0404,1.000,0.0363,0.74
16167,replay,4000,0.0375,1.000,0.0363,0.73
16168,replay,4000,0.0469,1.000,0.0362,0.73
16169,replay,4000,0.0426,1.000,0.0362,0.74
16170,es_step,4000,0.0235,1.000,0.0362,1.42
16171,replay,4000,0.0298,1.000,0.0361,0.73
16172,replay,4000,0.0437,1.000,0.0361,0.73
16173,replay,4000,0.0463,1.000,0.0360,0.73
16174,replay,4000,0.0529,1.000,0.0360,0.72
16175,replay,4000,0.0487,1.000,0.0360,0.73
16176,replay,4000,0.0485,1.000,0.0360,0.73
16177,replay,4000,0.0665,1.000,0.0359,0.73
16178,replay,4000,0.0637,1.000,0.0359,0.73
16179,es_step,4000,0.0282,0.938,0.0359,1.43
16180,replay,4000,0.0541,1.000,0.0359,0.73
16181,replay,4000,0.0550,1.000,0.0359,0.73
16182,replay,4000,0.0567,1.000,0.0358,0.73
16183,replay,4000,0.0573,1.000,0.0358,0.73
16184,replay,4000,0.0590,1.000,0.0358,0.73
16185,replay,4000,0.0417,1.000,0.0357,0.72
16186,replay,4000,0.0393,1.000,0.0357,0.73
16187,replay,4000,0.0548,1.000,0.0356,0.72
16188,es_step,4000,0.0293,0.812,0.0356,1.96
16189,replay,4000,0.0576,1.000,0.0356,0.78
16190,es_step,4000,0.0222,1.000,0.0356,1.53
16191,es_step,4000,0.0239,0.812,0.0356,1.55
16192,replay,4000,0.0487,1.000,0.0356,0.77
16193,replay,4000,0.0293,1.000,0.0355,0.77
16194,replay,4000,0.0230,1.000,0.0355,0.77
16195,replay,4000,0.0370,1.000,0.0354,0.77
16196,replay,4000,0.0246,1.000,0.0354,0.77
16197,es_step,4000,0.0174,1.000,0.0354,1.49
16198,replay,4000,0.0228,1.000,0.0353,0.76
16199,replay,4000,0.0363,1.000,0.0353,0.75
16200,replay,4000,0.0391,1.000,0.0352,0.75
16201,replay,4000,0.0171,1.000,0.0351,0.75
16202,replay,4000,0.0408,1.000,0.0351,0.75
16203,replay,4000,0.0462,1.000,0.0351,0.75
16204,replay,4000,0.0571,1.000,0.0351,0.75
16205,replay,4000,0.0517,1.000,0.0350,0.75
16206,replay,4000,0.0558,1.000,0.0350,0.75
16207,replay,4000,0.0485,1.000,0.0350,0.75
16208,replay,4000,0.0344,1.000,0.0349,0.75
16209,replay,4000,0.0767,1.000,0.0349,0.75
16210,replay,4000,0.0827,1.000,0.0349,0.75
16211,es_step,4000,0.0387,0.875,0.0349,1.98
16212,replay,4000,0.0919,1.000,0.0350,0.77
16213,replay,4000,0.0915,1.000,0.0350,0.77
16214,replay,4000,0.0887,1.000,0.0350,0.77
16215,replay,4000,0.0864,1.000,0.0351,0.78
16216,replay,4000,0.0804,1.000,0.0352,0.78
16217,replay,4000,0.0666,1.000,0.0353,0.78
16218,replay,4000,0.0837,1.000,0.0353,0.78
16219,es_step,4000,0.0618,0.812,0.0354,1.55
16220,es_step,4000,0.0614,1.000,0.0354,1.51
16221,replay,4000,0.0775,1.000,0.0355,0.76
16222,replay,4000,0.0760,1.000,0.0355,0.76
16223,replay,4000,0.0758,1.000,0.0355,0.75
16224,replay,4000,0.0734,1.000,0.0356,0.75
16225,replay,4000,0.0634,1.000,0.0356,0.75
16226,replay,4000,0.0502,1.000,0.0355,0.75
16227,replay,4000,0.0388,1.000,0.0355,0.75
16228,replay,4000,0.0374,1.000,0.0354,0.75
16229,replay,4000,0.0206,1.000,0.0353,0.75
16230,replay,4000,0.0302,1.000,0.0352,0.75
16231,replay,4000,0.0313,1.000,0.0352,0.75
16232,replay,4000,0.0396,1.000,0.0351,0.75
16233,replay,4000,0.0400,1.000,0.0350,0.75
16234,replay,4000,0.0360,1.000,0.0350,0.75
16235,replay,4000,0.0363,1.000,0.0350,0.75
16236,replay,4000,0.0504,1.000,0.0349,0.75
16237,replay,4000,0.0408,1.000,0.0349,0.74
16238,es_step,4000,0.0367,1.000,0.0349,1.49
16239,replay,4000,0.0654,1.000,0.0349,0.75
16240,replay,4000,0.0550,1.000,0.0349,0.75
16241,replay,4000,0.0546,1.000,0.0349,0.75
16242,es_step,4000,0.0424,1.000,0.0349,1.47
16243,es_step,4000,0.0392,1.000,0.0349,1.46
16244,es_step,4000,0.0367,1.000,0.0349,1.46
16245,replay,4000,0.0659,1.000,0.0349,0.74
16246,replay,4000,0.0607,1.000,0.0349,0.74
16247,replay,4000,0.0539,1.000,0.0349,0.74
16248,replay,4000,0.0407,1.000,0.0349,0.74
16249,es_step,4000,0.0358,1.000,0.0349,1.46
16250,replay,4000,0.0564,1.000,0.0349,0.73
16251,replay,4000,0.0636,1.000,0.0349,0.74
16252,es_step,4000,0.0275,1.000,0.0349,1.46
16253,replay,4000,0.0490,1.000,0.0348,0.74
16254,replay,4000,0.0485,1.000,0.0348,0.74
16255,replay,4000,0.0414,1.000,0.0348,0.74
16256,replay,4000,0.0418,1.000,0.0348,0.74
16257,replay,4000,0.0625,1.000,0.0348,0.74
16258,replay,4000,0.0616,1.000,0.0348,0.74
16259,es_step,4000,0.0329,1.000,0.0348,1.46
16260,replay,4000,0.0588,1.000,0.0348,0.73
16261,replay,4000,0.0589,1.000,0.0348,0.73
16262,replay,4000,0.0492,1.000,0.0348,0.74
16263,es_step,4000,0.0261,1.000,0.0348,1.44
16264,replay,4000,0.0457,1.000,0.0348,0.73
16265,replay,4000,0.0338,1.000,0.0347,0.73
16266,replay,4000,0.0466,1.000,0.0347,0.73
16267,replay,4000,0.0413,1.000,0.0347,0.73
16268,replay,4000,0.0236,1.000,0.0346,0.73
16269,replay,4000,0.0583,1.000,0.0346,0.73
16270,replay,4000,0.0454,1.000,0.0346,0.73
16271,replay,4000,0.0446,1.000,0.0345,0.73
16272,replay,4000,0.0527,1.000,0.0345,0.73
16273,replay,4000,0.0621,1.000,0.0346,0.73
16274,es_step,4000,0.0422,1.000,0.0346,1.43
16275,replay,4000,0.0714,1.000,0.0346,0.73
16276,replay,4000,0.0767,1.000,0.0346,0.73
16277,replay,4000,0.0856,1.000,0.0346,0.73
16278,replay,4000,0.0804,1.000,0.0347,0.73
16279,replay,4000,0.0875,1.000,0.0347,0.74
16280,replay,4000,0.0790,1.000,0.0347,0.73
16281,es_step,4000,0.0405,1.000,0.0348,1.44
16282,replay,4000,0.0671,1.000,0.0348,0.73
16283,es_step,4000,0.0375,1.000,0.0348,1.43
16284,replay,4000,0.0682,1.000,0.0348,0.73
16285,replay,4000,0.0643,1.000,0.0348,0.73
16286,replay,4000,0.0677,1.000,0.0348,0.75
16287,replay,4000,0.0652,1.000,0.0348,0.74
16288,replay,4000,0.0581,1.000,0.0348,0.73
16289,replay,4000,0.0543,1.000,0.0348,0.74
16290,replay,4000,0.0543,1.000,0.0347,0.73
16291,replay,4000,0.0523,1.000,0.0347,0.73
16292,es_step,4000,0.0139,1.000,0.0347,1.44
16293,es_step,4000,0.0133,1.000,0.0347,1.43
16294,replay,4000,0.0462,1.000,0.0347,0.73
16295,replay,4000,0.0437,1.000,0.0346,0.73
16296,replay,4000,0.0306,1.000,0.0345,0.73
16297,replay,4000,0.0332,1.000,0.0345,0.72
16298,es_step,4000,0.0210,1.000,0.0345,1.42
16299,replay,4000,0.0324,1.000,0.0344,0.73
16300,replay,4000,0.0516,1.000,0.0344,0.74
16301,replay,4000,0.0621,1.000,0.0344,0.74
16302,replay,4000,0.0774,1.000,0.0345,0.73
16303,replay,4000,0.0625,1.000,0.0345,0.73
16304,es_step,4000,0.0467,1.000,0.0345,1.43
16305,replay,4000,0.0722,1.000,0.0345,0.73
16306,replay,4000,0.0646,1.000,0.0345,0.72
16307,es_step,4000,0.0386,1.000,0.0345,1.44
16308,replay,4000,0.0574,1.000,0.0345,0.72
16309,replay,4000,0.0463,1.000,0.0345,0.73
16310,replay,4000,0.0420,1.000,0.0345,0.72
16311,replay,4000,0.0443,1.000,0.0345,0.72
16312,replay,4000,0.0565,1.000,0.0344,0.73
16313,replay,4000,0.0522,1.000,0.0344,0.73
16314,replay,4000,0.0647,1.000,0.0345,0.73
16315,replay,4000,0.0575,1.000,0.0345,0.73
16316,replay,4000,0.0736,1.000,0.0345,0.73
16317,es_step,4000,0.0501,1.000,0.0345,1.43
16318,replay,4000,0.0778,1.000,0.0346,0.72
16319,es_step,4000,0.0352,1.000,0.0346,1.42
16320,replay,4000,0.0624,1.000,0.0346,0.72
16321,replay,4000,0.0522,1.000,0.0346,0.72
16322,replay,4000,0.0333,1.000,0.0345,0.72
16323,replay,4000,0.0238,1.000,0.0344,0.72
16324,es_step,4000,0.0173,1.000,0.0345,1.42
16325,replay,4000,0.0267,1.000,0.0344,0.72
16326,replay,4000,0.0276,1.000,0.0344,0.73
16327,replay,4000,0.0401,1.000,0.0343,0.73
16328,replay,4000,0.0333,1.000,0.0343,0.73
16329,replay,4000,0.0353,1.000,0.0343,0.73
16330,replay,4000,0.0392,1.000,0.0343,0.73
16331,es_step,4000,0.0330,1.000,0.0343,1.43
16332,replay,4000,0.0498,1.000,0.0342,0.75
16333,replay,4000,0.0377,1.000,0.0342,0.73
16334,replay,4000,0.0564,1.000,0.0342,0.73
16335,replay,4000,0.0449,1.000,0.0342,0.74
16336,replay,4000,0.0444,1.000,0.0342,0.74
16337,es_step,4000,0.0396,1.000,0.0342,1.43
16338,replay,4000,0.0472,1.000,0.0342,0.73
16339,replay,4000,0.0609,1.000,0.0343,0.72
16340,replay,4000,0.0562,1.000,0.0343,0.73
16341,replay,4000,0.0514,1.000,0.0343,0.72
16342,replay,4000,0.0569,1.000,0.0342,0.73
16343,replay,4000,0.0332,1.000,0.0342,0.73
16344,replay,4000,0.0335,1.000,0.0342,0.72
16345,replay,4000,0.0264,1.000,0.0341,0.72
16346,replay,4000,0.0393,1.000,0.0341,0.72
16347,replay,4000,0.0328,1.000,0.0341,0.72
16348,replay,4000,0.0320,1.000,0.0341,0.73
16349,replay,4000,0.0469,1.000,0.0340,0.73
16350,replay,4000,0.0359,1.000,0.0340,0.73
16351,replay,4000,0.0388,1.000,0.0340,0.73
16352,replay,4000,0.0448,1.000,0.0341,0.73
16353,replay,4000,0.0527,1.000,0.0341,0.73
16354,es_step,4000,0.0291,1.000,0.0341,1.43
16355,replay,4000,0.0449,1.000,0.0341,0.72
16356,replay,4000,0.0333,1.000,0.0341,0.73
16357,replay,4000,0.0459,1.000,0.0340,0.73
16358,replay,4000,0.0622,1.000,0.0340,0.72
16359,replay,4000,0.0446,1.000,0.0340,0.73
16360,replay,4000,0.0439,1.000,0.0340,0.73
16361,replay,4000,0.0295,1.000,0.0339,0.73
16362,replay,4000,0.0563,1.000,0.0339,0.73
16363,es_step,4000,0.0252,1.000,0.0339,1.42
16364,replay,4000,0.0540,1.000,0.0339,0.73
16365,replay,4000,0.0529,1.000,0.0339,0.73
16366,es_step,4000,0.0246,1.000,0.0339,1.42
16367,replay,4000,0.0482,1.000,0.0339,0.73
16368,replay,4000,0.0442,1.000,0.0339,0.73
16369,es_step,4000,0.0241,1.000,0.0339,1.42
16370,replay,4000,0.0386,1.000,0.0338,0.72
16371,replay,4000,0.0292,1.000,0.0338,0.72
16372,es_step,4000,0.0202,1.000,0.0338,1.42
16373,replay,4000,0.0471,1.000,0.0337,3.01
16374,replay,4000,0.0413,1.000,0.0337,0.72
16375,replay,4000,0.0117,1.000,0.0336,0.72
16376,replay,4000,0.0643,1.000,0.0335,0.73
16377,es_step,4000,0.0271,1.000,0.0335,1.42
16378,replay,4000,0.0580,1.000,0.0335,0.72
16379,replay,4000,0.0526,1.000,0.0336,0.72
16380,replay,4000,0.0429,1.000,0.0336,0.72
16381,replay,4000,0.0724,1.000,0.0336,0.72
16382,replay,4000,0.0771,1.000,0.0336,0.72
16383,replay,4000,0.0819,1.000,0.0337,0.72
16384,replay,4000,0.0485,1.000,0.0337,0.72
16385,replay,4000,0.0735,1.000,0.0337,0.72
16386,replay,4000,0.0524,1.000,0.0337,0.72
16387,es_step,4000,0.0326,1.000,0.0337,1.42
16388,replay,4000,0.0503,1.000,0.0337,0.73
16389,replay,4000,0.0552,1.000,0.0337,0.72
16390,es_step,4000,0.0263,1.000,0.0337,1.42
16391,replay,4000,0.0741,1.000,0.0336,0.72
16392,replay,4000,0.0397,1.000,0.0336,0.72
16393,replay,4000,0.0488,1.000,0.0336,0.72
16394,replay,4000,0.0415,1.000,0.0336,0.72
16395,replay,4000,0.0499,1.000,0.0336,0.72
16396,replay,4000,0.0724,1.000,0.0336,0.72
16397,replay,4000,0.0774,1.000,0.0336,0.72
16398,replay,4000,0.0652,1.000,0.0336,0.72
16399,replay,4000,0.0691,1.000,0.0336,0.72
16400,es_step,4000,0.0440,1.000,0.0336,1.42
16401,replay,4000,0.0707,1.000,0.0337,0.72
16402,es_step,4000,0.0421,1.000,0.0337,1.41
16403,es_step,4000,0.0441,1.000,0.0337,1.40
16404,replay,4000,0.0654,1.000,0.0337,0.73
16405,replay,4000,0.0544,1.000,0.0338,0.73
16406,es_step,4000,0.0488,1.000,0.0339,1.41
16407,replay,4000,0.0627,1.000,0.0340,0.72
16408,es_step,4000,0.0433,1.000,0.0340,1.41
16409,replay,4000,0.0664,1.000,0.0340,0.73
16410,replay,4000,0.0621,1.000,0.0340,0.72
16411,replay,4000,0.0591,1.000,0.0340,0.73
16412,replay,4000,0.0579,1.000,0.0340,0.72
16413,replay,4000,0.0530,1.000,0.0340,0.72
16414,es_step,4000,0.0268,1.000,0.0340,1.41
16415,replay,4000,0.0401,1.000,0.0340,0.72
16416,replay,4000,0.0588,1.000,0.0340,0.72
16417,es_step,4000,0.0314,1.000,0.0340,1.42
16418,replay,4000,0.0502,1.000,0.0339,0.72
16419,replay,4000,0.0424,1.000,0.0339,0.72
16420,replay,4000,0.0482,1.000,0.0339,0.72
16421,replay,4000,0.0358,1.000,0.0339,0.72
16422,replay,4000,0.0349,1.000,0.0338,0.72
16423,replay,4000,0.0314,1.000,0.0338,0.72
16424,replay,4000,0.0530,1.000,0.0338,0.72
16425,replay,4000,0.0411,1.000,0.0338,0.72
16426,es_step,4000,0.0434,1.000,0.0338,1.41
16427,replay,4000,0.0479,1.000,0.0338,0.72
16428,replay,4000,0.0616,1.000,0.0338,0.72
16429,replay,4000,0.0583,1.000,0.0339,0.72
16430,replay,4000,0.0727,1.000,0.0339,0.72
16431,replay,4000,0.0748,1.000,0.0339,0.72
16432,replay,4000,0.0764,1.000,0.0339,0.72
16433,replay,4000,0.0704,1.000,0.0340,0.72
16434,es_step,4000,0.0472,1.000,0.0340,1.39
16435,replay,4000,0.0654,1.000,0.0340,0.71
16436,replay,4000,0.0678,1.000,0.0340,0.71
16437,replay,4000,0.0642,1.000,0.0341,0.71
16438,replay,4000,0.0530,1.000,0.0341,0.72
16439,replay,4000,0.0642,1.000,0.0340,0.71
16440,replay,4000,0.0515,1.000,0.0340,0.72
16441,replay,4000,0.0428,1.000,0.0340,0.72
16442,es_step,4000,0.0184,1.000,0.0340,1.40
16443,replay,4000,0.0469,1.000,0.0340,0.71
16444,replay,4000,0.0371,1.000,0.0339,0.71
16445,replay,4000,0.0482,1.000,0.0339,0.72
16446,replay,4000,0.0433,1.000,0.0339,0.72
16447,replay,4000,0.0383,1.000,0.0339,0.73
16448,es_step,4000,0.0215,1.000,0.0339,1.40
16449,replay,4000,0.0418,1.000,0.0338,0.72
16450,replay,4000,0.0401,1.000,0.0338,0.71
16451,replay,4000,0.0334,1.000,0.0338,0.72
16452,replay,4000,0.0346,1.000,0.0337,0.73
16453,replay,4000,0.0380,1.000,0.0337,0.72
16454,replay,4000,0.0323,1.000,0.0337,0.73
16455,replay,4000,0.0570,1.000,0.0338,0.72
16456,replay,4000,0.0674,1.000,0.0338,0.72
16457,replay,4000,0.0704,1.000,0.0339,0.73
16458,replay,4000,0.0660,1.000,0.0339,0.74
16459,replay,4000,0.0697,1.000,0.0339,0.74
16460,replay,4000,0.0658,1.000,0.0339,0.74
16461,replay,4000,0.0544,1.000,0.0340,0.74
16462,replay,4000,0.0456,1.000,0.0340,0.74
16463,es_step,4000,0.0173,1.000,0.0340,1.43
16464,replay,4000,0.0526,1.000,0.0340,0.72
16465,es_step,4000,0.0109,1.000,0.0340,1.42
16466,replay,4000,0.0273,1.000,0.0339,0.72
16467,replay,4000,0.0329,1.000,0.0339,0.72
16468,es_step,4000,0.0176,1.000,0.0339,1.41
16469,replay,4000,0.0240,1.000,0.0338,0.73
16470,es_step,4000,0.0195,1.000,0.0338,1.42
16471,replay,4000,0.0259,1.000,0.0338,0.71
16472,replay,4000,0.0493,1.000,0.0337,0.72
16473,es_step,4000,0.0301,1.000,0.0337,1.40
16474,es_step,4000,0.0267,1.000,0.0337,1.40
16475,replay,4000,0.0340,1.000,0.0337,0.71
16476,replay,4000,0.0516,1.000,0.0337,0.71
16477,replay,4000,0.0642,1.000,0.0337,0.72
16478,replay,4000,0.0602,1.000,0.0337,0.71
16479,replay,4000,0.0476,1.000,0.0337,0.71
16480,replay,4000,0.0575,1.000,0.0337,0.72
16481,replay,4000,0.0592,1.000,0.0337,0.72
16482,es_step,4000,0.0247,1.000,0.0337,1.41
16483,es_step,4000,0.0235,1.000,0.0337,1.40
16484,replay,4000,0.0527,1.000,0.0337,0.71
16485,replay,4000,0.0489,1.000,0.0336,0.71
16486,replay,4000,0.0463,1.000,0.0336,0.71
16487,replay,4000,0.0478,1.000,0.0336,0.71
16488,replay,4000,0.0262,1.000,0.0335,0.73
16489,replay,4000,0.0440,1.000,0.0335,0.72
16490,replay,4000,0.0357,1.000,0.0335,0.72
16491,replay,4000,0.0367,1.000,0.0334,0.72
16492,replay,4000,0.0340,1.000,0.0334,0.73
16493,replay,4000,0.0248,1.000,0.0334,0.73
16494,replay,4000,0.0487,1.000,0.0334,0.72
16495,es_step,4000,0.0265,1.000,0.0334,1.42
16496,replay,4000,0.0545,1.000,0.0333,0.72
16497,replay,4000,0.0520,1.000,0.0333,0.72
16498,es_step,4000,0.0162,1.000,0.0334,1.42
16499,replay,4000,0.0466,1.000,0.0333,0.72
16500,replay,4000,0.0362,1.000,0.0333,0.72
16501,replay,4000,0.0391,1.000,0.0332,0.73
16502,replay,4000,0.0464,1.000,0.0331,0.72
16503,replay,4000,0.0261,1.000,0.0331,0.72
16504,replay,4000,0.0229,1.000,0.0330,0.72
16505,es_step,4000,0.0228,1.000,0.0330,1.41
16506,replay,4000,0.0652,1.000,0.0330,0.72
16507,replay,4000,0.0500,1.000,0.0330,0.72
16508,replay,4000,0.0566,1.000,0.0330,0.72
16509,replay,4000,0.0560,1.000,0.0330,0.72
16510,replay,4000,0.0541,1.000,0.0330,0.72
16511,es_step,4000,0.0397,1.000,0.0330,1.42
16512,replay,4000,0.0542,1.000,0.0330,0.71
16513,es_step,4000,0.0363,1.000,0.0330,1.42
16514,replay,4000,0.0237,1.000,0.0330,0.72
16515,es_step,4000,0.0382,1.000,0.0331,1.41
16516,es_step,4000,0.0419,1.000,0.0331,1.40
16517,replay,4000,0.0569,1.000,0.0331,0.71
16518,replay,4000,0.0551,1.000,0.0332,0.72
16519,replay,4000,0.0568,1.000,0.0332,0.73
16520,replay,4000,0.0443,1.000,0.0332,0.73
16521,replay,4000,0.0740,1.000,0.0332,0.72
16522,replay,4000,0.0753,1.000,0.0332,0.73
16523,replay,4000,0.0727,1.000,0.0332,0.72
16524,replay,4000,0.0675,1.000,0.0332,0.73
16525,replay,4000,0.0642,1.000,0.0332,0.72
16526,replay,4000,0.0686,1.000,0.0333,0.72
16527,replay,4000,0.0696,1.000,0.0333,0.72
16528,replay,4000,0.0520,1.000,0.0333,0.73
16529,replay,4000,0.0612,1.000,0.0333,0.72
16530,replay,4000,0.0664,1.000,0.0334,0.72
16531,replay,4000,0.0658,1.000,0.0334,0.73
16532,replay,4000,0.0716,1.000,0.0334,0.73
16533,replay,4000,0.0682,1.000,0.0334,0.73
16534,replay,4000,0.0712,1.000,0.0335,0.73
16535,replay,4000,0.0716,1.000,0.0336,0.73
16536,es_step,4000,0.0520,1.000,0.0337,1.42
16537,replay,4000,0.0674,1.000,0.0337,0.72
16538,replay,4000,0.0569,1.000,0.0337,0.72
16539,replay,4000,0.0493,1.000,0.0337,0.72
16540,replay,4000,0.0462,1.000,0.0337,0.73
16541,replay,4000,0.0393,1.000,0.0336,0.73
16542,replay,4000,0.0361,1.000,0.0336,0.72
16543,replay,4000,0.0421,1.000,0.0336,0.73
16544,replay,4000,0.0322,1.000,0.0335,0.72
16545,replay,4000,0.0451,1.000,0.0335,0.74
16546,replay,4000,0.0470,1.000,0.0335,0.73
16547,replay,4000,0.0506,1.000,0.0335,0.74
16548,es_step,4000,0.0389,1.000,0.0335,1.44
16549,es_step,4000,0.0373,1.000,0.0335,1.43
16550,replay,4000,0.0594,1.000,0.0335,0.73
16551,replay,4000,0.0515,1.000,0.0335,0.72
16552,replay,4000,0.0467,1.000,0.0335,0.73
16553,replay,4000,0.0525,1.000,0.0335,0.74
16554,replay,4000,0.0478,1.000,0.0335,0.74
16555,replay,4000,0.0458,1.000,0.0335,0.73
16556,es_step,4000,0.0321,1.000,0.0335,1.44
16557,es_step,4000,0.0367,1.000,0.0335,1.42
16558,replay,4000,0.0379,1.000,0.0335,0.72
16559,replay,4000,0.0547,1.000,0.0335,0.73
16560,replay,4000,0.0555,1.000,0.0336,0.73
16561,replay,4000,0.0641,1.000,0.0336,0.73
16562,replay,4000,0.0730,1.000,0.0336,0.73
16563,replay,4000,0.0605,1.000,0.0337,0.73
16564,replay,4000,0.0596,1.000,0.0337,0.73
16565,replay,4000,0.0581,1.000,0.0337,0.73
16566,es_step,4000,0.0439,1.000,0.0337,1.41
16567,replay,4000,0.0531,1.000,0.0339,0.72
16568,replay,4000,0.0625,1.000,0.0339,0.72
16569,replay,4000,0.0623,1.000,0.0337,0.72
16570,replay,4000,0.0534,1.000,0.0338,0.72
16571,es_step,4000,0.0418,1.000,0.0338,1.40
16572,replay,4000,0.0537,1.000,0.0338,0.72
16573,replay,4000,0.0636,1.000,0.0338,0.72
16574,replay,4000,0.0647,1.000,0.0339,0.73
16575,replay,4000,0.0545,1.000,0.0339,0.72
16576,replay,4000,0.0547,1.000,0.0339,0.72
16577,replay,4000,0.0523,1.000,0.0339,0.74
16578,replay,4000,0.0414,1.000,0.0339,0.74
16579,replay,4000,0.0499,1.000,0.0338,0.73
16580,replay,4000,0.0408,1.000,0.0338,0.74
16581,replay,4000,0.0509,1.000,0.0338,0.73
16582,replay,4000,0.0569,1.000,0.0338,0.73
16583,es_step,4000,0.0437,1.000,0.0338,1.42
16584,replay,4000,0.0559,1.000,0.0338,0.72
16585,replay,4000,0.0525,1.000,0.0339,0.72
16586,replay,4000,0.0508,1.000,0.0338,0.73
16587,replay,4000,0.0405,1.000,0.0338,0.74
16588,replay,4000,0.0407,1.000,0.0338,0.73
16589,replay,4000,0.0349,1.000,0.0337,0.73
16590,replay,4000,0.0517,1.000,0.0337,0.73
16591,replay,4000,0.0687,1.000,0.0338,0.72
16592,replay,4000,0.0649,1.000,0.0338,0.72
16593,replay,4000,0.0594,1.000,0.0338,0.72
16594,replay,4000,0.0570,1.000,0.0338,0.72
16595,replay,4000,0.0623,1.000,0.0338,0.72
16596,replay,4000,0.0606,1.000,0.0339,0.71
16597,replay,4000,0.0620,1.000,0.0339,0.71
16598,replay,4000,0.0515,1.000,0.0338,0.71
16599,replay,4000,0.0394,1.000,0.0337,0.72
16600,replay,4000,0.0218,1.000,0.0337,0.72
16601,replay,4000,0.0242,1.000,0.0336,0.72
16602,replay,4000,0.0270,1.000,0.0335,0.72
16603,es_step,4000,0.0145,1.000,0.0335,1.41
16604,replay,4000,0.0460,1.000,0.0335,0.72
16605,replay,4000,0.0482,1.000,0.0334,0.72
16606,es_step,4000,0.0217,1.000,0.0334,1.42
16607,replay,4000,0.0434,1.000,0.0334,0.73
16608,es_step,4000,0.0264,1.000,0.0334,1.43
16609,replay,4000,0.0415,1.000,0.0334,0.72
16610,replay,4000,0.0470,1.000,0.0334,0.72
16611,replay,4000,0.0542,1.000,0.0334,0.73
16612,replay,4000,0.0525,1.000,0.0334,0.74
16613,es_step,4000,0.0245,1.000,0.0334,1.42
16614,es_step,4000,0.0228,1.000,0.0334,1.40
16615,replay,4000,0.0495,1.000,0.0334,0.72
16616,replay,4000,0.0526,1.000,0.0334,0.73
16617,replay,4000,0.0028,1.000,0.0333,0.73
16618,replay,4000,0.0803,1.000,0.0333,0.73
16619,replay,4000,0.0833,1.000,0.0333,0.73
16620,replay,4000,0.0690,1.000,0.0334,0.73
16621,replay,4000,0.0698,1.000,0.0334,0.73
16622,replay,4000,0.0691,1.000,0.0334,0.73
16623,replay,4000,0.0648,1.000,0.0334,0.74
16624,replay,4000,0.0530,1.000,0.0335,0.73
16625,replay,4000,0.0345,1.000,0.0334,0.74
16626,es_step,4000,0.0185,1.000,0.0334,1.43
16627,replay,4000,0.0458,1.000,0.0334,0.73
16628,replay,4000,0.0406,1.000,0.0333,0.73
16629,es_step,4000,0.0152,1.000,0.0333,1.41
16630,replay,4000,0.0386,1.000,0.0333,0.72
16631,replay,4000,0.0415,1.000,0.0332,0.72
16632,replay,4000,0.0502,1.000,0.0332,0.72
16633,replay,4000,0.0565,1.000,0.0333,0.72
16634,replay,4000,0.0617,1.000,0.0333,0.72
16635,replay,4000,0.0483,1.000,0.0333,0.72
16636,es_step,4000,0.0395,1.000,0.0333,1.41
16637,replay,4000,0.0563,1.000,0.0333,0.72
16638,replay,4000,0.0505,1.000,0.0334,0.72
16639,replay,4000,0.0629,1.000,0.0334,0.72
16640,replay,4000,0.0733,1.000,0.0334,0.73
16641,es_step,4000,0.0439,1.000,0.0334,1.43
16642,replay,4000,0.0637,1.000,0.0334,0.73
16643,replay,4000,0.0522,1.000,0.0334,0.73
16644,es_step,4000,0.0343,1.000,0.0334,1.43
16645,replay,4000,0.0490,1.000,0.0334,0.73
16646,replay,4000,0.0506,1.000,0.0333,0.72
16647,replay,4000,0.0383,1.000,0.0333,0.73
16648,replay,4000,0.0435,1.000,0.0333,0.72
16649,replay,4000,0.0337,1.000,0.0332,0.73
16650,replay,4000,0.0335,1.000,0.0332,0.73
16651,replay,4000,0.0170,1.000,0.0332,0.73
16652,replay,4000,0.0288,1.000,0.0331,0.74
16653,replay,4000,0.0360,1.000,0.0331,0.73
16654,replay,4000,0.0471,1.000,0.0331,0.73
16655,replay,4000,0.0531,1.000,0.0331,0.73
16656,replay,4000,0.0490,1.000,0.0331,0.73
16657,replay,4000,0.0498,1.000,0.0330,0.73
16658,replay,4000,0.0299,1.000,0.0330,0.74
16659,replay,4000,0.0307,1.000,0.0330,0.74
16660,replay,4000,0.0439,1.000,0.0330,0.73
16661,replay,4000,0.0371,1.000,0.0330,0.74
16662,replay,4000,0.0415,1.000,0.0330,0.73
16663,replay,4000,0.0431,1.000,0.0329,0.73
16664,replay,4000,0.0600,1.000,0.0330,0.73
16665,replay,4000,0.0755,1.000,0.0330,0.73
16666,es_step,4000,0.0418,1.000,0.0330,1.44
16667,replay,4000,0.0684,1.000,0.0331,0.73
16668,replay,4000,0.0678,1.000,0.0331,0.73
16669,es_step,4000,0.0562,1.000,0.0332,1.42
16670,replay,4000,0.0760,1.000,0.0333,0.72
16671,replay,4000,0.0626,1.000,0.0333,0.72
16672,replay,4000,0.0695,1.000,0.0333,0.72
16673,replay,4000,0.0666,1.000,0.0334,0.72
16674,replay,4000,0.0722,1.000,0.0334,0.73
16675,replay,4000,0.0636,1.000,0.0334,0.72
16676,replay,4000,0.0561,1.000,0.0334,0.73
16677,replay,4000,0.0554,1.000,0.0334,0.73
16678,replay,4000,0.0453,1.000,0.0334,0.73
16679,replay,4000,0.0355,1.000,0.0334,0.73
16680,replay,4000,0.0391,1.000,0.0334,0.73
16681,replay,4000,0.0372,1.000,0.0333,0.73
16682,replay,4000,0.0509,1.000,0.0333,0.73
16683,replay,4000,0.0353,1.000,0.0333,0.73
16684,replay,4000,0.0369,1.000,0.0333,0.73
16685,es_step,4000,0.0266,1.000,0.0333,1.42
16686,replay,4000,0.0571,1.000,0.0333,0.73
16687,replay,4000,0.0480,1.000,0.0332,0.73
16688,replay,4000,0.0574,1.000,0.0332,0.73
16689,es_step,4000,0.0305,1.000,0.0332,1.41
16690,replay,4000,0.0636,1.000,0.0333,0.72
16691,replay,4000,0.0432,1.000,0.0333,0.73
16692,replay,4000,0.0365,1.000,0.0333,0.73
16693,replay,4000,0.0419,1.000,0.0333,0.73
16694,replay,4000,0.0577,1.000,0.0333,0.73
16695,replay,4000,0.0720,1.000,0.0333,0.73
16696,replay,4000,0.0613,1.000,0.0333,2.99
16697,replay,4000,0.0549,1.000,0.0333,0.73
16698,replay,4000,0.0560,1.000,0.0333,0.73
16699,replay,4000,0.0558,1.000,0.0333,0.73
16700,replay,4000,0.0522,1.000,0.0333,0.73
16701,replay,4000,0.0511,1.000,0.0333,0.73
16702,replay,4000,0.0554,1.000,0.0332,0.73
16703,es_step,4000,0.0175,1.000,0.0332,1.43
16704,es_step,4000,0.0229,1.000,0.0332,1.42
16705,replay,4000,0.0336,1.000,0.0332,0.72
16706,es_step,4000,0.0267,1.000,0.0332,1.41
16707,replay,4000,0.0505,1.000,0.0332,0.72
16708,es_step,4000,0.0371,1.000,0.0332,1.41
16709,replay,4000,0.0469,1.000,0.0332,0.72
16710,replay,4000,0.0898,1.000,0.0332,0.72
16711,replay,4000,0.0590,1.000,0.0332,0.72
16712,replay,4000,0.0487,1.000,0.0332,0.73
16713,es_step,4000,0.0463,1.000,0.0333,1.41
16714,es_step,4000,0.0495,1.000,0.0333,1.41
16715,replay,4000,0.0621,1.000,0.0333,0.71
16716,replay,4000,0.0598,1.000,0.0333,0.72
16717,replay,4000,0.0585,1.000,0.0334,0.72
16718,replay,4000,0.0508,1.000,0.0334,0.72
16719,replay,4000,0.0424,1.000,0.0334,0.72
16720,replay,4000,0.0302,1.000,0.0333,0.73
16721,replay,4000,0.0397,1.000,0.0333,0.73
16722,replay,4000,0.0412,1.000,0.0332,0.73
16723,es_step,4000,0.0245,1.000,0.0332,1.41
16724,replay,4000,0.0497,1.000,0.0332,0.72
16725,replay,4000,0.0354,1.000,0.0332,0.72
16726,replay,4000,0.0462,1.000,0.0332,0.72
16727,replay,4000,0.0491,1.000,0.0332,0.72
16728,replay,4000,0.0369,1.000,0.0331,0.72
16729,replay,4000,0.0591,1.000,0.0331,0.72
16730,replay,4000,0.0408,1.000,0.0330,0.73
16731,replay,4000,0.0405,1.000,0.0330,0.72
16732,replay,4000,0.0591,1.000,0.0330,0.72
16733,replay,4000,0.0518,1.000,0.0330,0.73
16734,es_step,4000,0.0510,1.000,0.0330,1.42
16735,replay,4000,0.0568,1.000,0.0330,0.73
16736,replay,4000,0.0635,1.000,0.0331,0.73
16737,replay,4000,0.0612,1.000,0.0331,0.74
16738,replay,4000,0.0551,1.000,0.0331,0.73
16739,es_step,4000,0.0382,1.000,0.0331,1.43
16740,replay,4000,0.0496,1.000,0.0331,0.73
16741,replay,4000,0.0217,1.000,0.0329,0.74
16742,es_step,4000,0.0273,1.000,0.0329,1.44
16743,replay,4000,0.0430,1.000,0.0329,0.73
16744,replay,4000,0.0298,1.000,0.0329,0.73
16745,replay,4000,0.0354,1.000,0.0328,0.73
16746,replay,4000,0.0347,1.000,0.0328,0.73
16747,es_step,4000,0.0267,1.000,0.0328,1.43
16748,es_step,4000,0.0289,1.000,0.0328,1.42
16749,replay,4000,0.0428,1.000,0.0328,0.72
16750,es_step,4000,0.0321,1.000,0.0328,1.43
16751,replay,4000,0.0364,1.000,0.0327,0.72
16752,replay,4000,0.0337,1.000,0.0327,0.72
16753,replay,4000,0.0388,1.000,0.0327,0.73
16754,es_step,4000,0.0310,1.000,0.0327,1.41
16755,replay,4000,0.0459,1.000,0.0326,0.72
16756,replay,4000,0.0349,1.000,0.0326,0.72
16757,replay,4000,0.0330,1.000,0.0326,0.72
16758,replay,4000,0.0426,1.000,0.0326,0.72
16759,replay,4000,0.0441,1.000,0.0326,0.72
16760,replay,4000,0.0464,1.000,0.0326,0.74
16761,es_step,4000,0.0411,1.000,0.0326,1.42
16762,es_step,4000,0.0383,1.000,0.0326,1.41
16763,replay,4000,0.0488,1.000,0.0326,0.72
16764,replay,4000,0.0473,1.000,0.0326,0.72
16765,replay,4000,0.0475,1.000,0.0326,0.73
16766,es_step,4000,0.0339,1.000,0.0326,1.42
16767,es_step,4000,0.0390,1.000,0.0326,1.41
16768,replay,4000,0.0503,1.000,0.0326,0.72
16769,es_step,4000,0.0397,1.000,0.0326,1.42
16770,replay,4000,0.0495,1.000,0.0326,0.72
16771,replay,4000,0.0513,1.000,0.0326,0.72
16772,replay,4000,0.0417,1.000,0.0325,0.73
16773,replay,4000,0.0301,1.000,0.0325,0.73
16774,es_step,4000,0.0237,1.000,0.0325,1.41
16775,replay,4000,0.0295,1.000,0.0324,0.72
16776,replay,4000,-0.1698,1.000,0.0322,0.72
16777,replay,4000,0.0403,1.000,0.0322,0.73
16778,replay,4000,0.0568,1.000,0.0323,0.73
16779,replay,4000,0.0610,1.000,0.0323,0.72
16780,replay,4000,0.0725,1.000,0.0323,0.73
16781,replay,4000,0.0744,1.000,0.0324,0.73
16782,es_step,4000,0.0547,1.000,0.0325,1.42
16783,replay,4000,0.0732,1.000,0.0325,0.72
16784,replay,4000,0.0530,1.000,0.0324,0.72
16785,es_step,4000,0.0561,1.000,0.0326,1.42
16786,replay,4000,0.0602,1.000,0.0326,0.72
16787,replay,4000,0.0709,1.000,0.0327,0.72
16788,replay,4000,0.0634,1.000,0.0327,0.72
16789,replay,4000,0.0563,1.000,0.0327,0.72
16790,es_step,4000,0.0343,1.000,0.0327,1.41
16791,replay,4000,0.0454,1.000,0.0327,0.72
16792,replay,4000,0.0425,1.000,0.0327,0.72
16793,replay,4000,0.0385,1.000,0.0327,0.72
16794,replay,4000,0.0336,1.000,0.0326,0.72
16795,replay,4000,0.0308,1.000,0.0326,0.73
16796,replay,4000,0.0322,1.000,0.0326,0.73
16797,es_step,4000,0.0251,1.000,0.0326,1.42
16798,es_step,4000,0.0264,1.000,0.0326,1.41
16799,replay,4000,0.0456,1.000,0.0325,0.73
16800,es_step,4000,0.0258,1.000,0.0325,1.42
16801,replay,4000,0.0246,1.000,0.0325,0.72
16802,replay,4000,0.0316,1.000,0.0324,0.73
16803,replay,4000,0.0297,1.000,0.0324,0.72
16804,replay,4000,0.0333,1.000,0.0324,0.72
16805,replay,4000,0.0321,1.000,0.0323,0.73
16806,es_step,4000,0.0272,1.000,0.0323,1.41
16807,replay,4000,0.0335,1.000,0.0323,0.72
16808,replay,4000,0.0293,1.000,0.0323,0.72
16809,replay,4000,0.0274,1.000,0.0322,0.72
16810,replay,4000,0.0443,1.000,0.0322,0.72
16811,replay,4000,0.0304,1.000,0.0322,0.72
16812,replay,4000,0.0803,1.000,0.0322,0.72
16813,replay,4000,0.0664,1.000,0.0321,0.72
16814,replay,4000,0.0631,1.000,0.0322,0.74
16815,replay,4000,0.0602,1.000,0.0322,0.73
16816,replay,4000,0.0659,1.000,0.0322,0.73
16817,replay,4000,0.0648,1.000,0.0322,0.73
16818,replay,4000,0.0617,1.000,0.0324,0.73
16819,replay,4000,0.0681,1.000,0.0324,0.73
16820,replay,4000,0.0623,1.000,0.0324,0.73
16821,replay,4000,0.0585,1.000,0.0324,0.73
16822,replay,4000,0.0448,1.000,0.0324,0.74
16823,replay,4000,0.0312,1.000,0.0323,0.73
16824,replay,4000,0.0229,1.000,0.0323,0.74
16825,replay,4000,0.0421,1.000,0.0322,0.73
16826,replay,4000,0.0428,1.000,0.0322,0.73
16827,es_step,4000,0.0325,1.000,0.0322,1.43
16828,replay,4000,0.0467,1.000,0.0321,0.73
16829,replay,4000,0.0520,1.000,0.0321,0.72
16830,es_step,4000,0.0378,1.000,0.0321,1.41
16831,replay,4000,0.0492,1.000,0.0321,0.72
16832,es_step,4000,0.0456,1.000,0.0322,1.42
16833,replay,4000,0.0547,1.000,0.0322,0.72
16834,replay,4000,0.0558,1.000,0.0322,0.72
16835,replay,4000,0.0597,1.000,0.0323,0.73
16836,replay,4000,0.0578,1.000,0.0325,0.73
16837,es_step,4000,0.0548,1.000,0.0325,1.41
16838,replay,4000,0.0650,1.000,0.0326,0.72
16839,es_step,4000,0.0541,1.000,0.0326,1.41
16840,es_step,4000,0.0520,1.000,0.0327,1.41
16841,replay,4000,0.0619,1.000,0.0327,0.72
16842,replay,4000,0.0609,1.000,0.0327,0.72
16843,replay,4000,0.0545,1.000,0.0328,0.72
16844,es_step,4000,0.0379,1.000,0.0328,1.41
16845,es_step,4000,0.0461,1.000,0.0328,1.40
16846,replay,4000,0.0472,1.000,0.0328,0.72
16847,replay,4000,0.0425,1.000,0.0328,0.73
16848,replay,4000,0.0443,1.000,0.0328,0.72
16849,replay,4000,0.0400,1.000,0.0328,0.72
16850,replay,4000,0.0523,1.000,0.0327,0.72
16851,es_step,4000,0.0236,1.000,0.0327,1.41
16852,replay,4000,0.0305,1.000,0.0327,0.71
16853,replay,4000,0.0275,1.000,0.0326,0.71
16854,replay,4000,0.0250,1.000,0.0326,0.71
16855,replay,4000,0.0256,1.000,0.0325,0.71
16856,replay,4000,0.0261,1.000,0.0324,0.72
16857,replay,4000,0.0231,1.000,0.0324,0.72
16858,replay,4000,0.0228,1.000,0.0323,0.71
16859,replay,4000,0.0267,1.000,0.0323,0.72
16860,replay,4000,0.0254,1.000,0.0322,0.72
16861,replay,4000,0.0310,1.000,0.0322,0.72
16862,replay,4000,0.0301,1.000,0.0322,0.72
16863,replay,4000,0.0231,1.000,0.0321,0.72
16864,replay,4000,0.0579,1.000,0.0321,0.72
16865,es_step,4000,0.0229,1.000,0.0321,1.41
16866,replay,4000,0.0550,1.000,0.0321,0.73
16867,replay,4000,0.0401,1.000,0.0320,0.72
16868,es_step,4000,0.0343,1.000,0.0320,1.41
16869,replay,4000,0.0429,1.000,0.0320,0.72
16870,replay,4000,0.0592,1.000,0.0321,0.72
16871,replay,4000,0.0558,1.000,0.0321,0.72
16872,es_step,4000,0.0421,1.000,0.0321,1.41
16873,replay,4000,0.0569,1.000,0.0322,0.72
16874,replay,4000,0.0598,1.000,0.0322,0.72
16875,replay,4000,0.0646,1.000,0.0322,0.73
16876,replay,4000,0.0462,1.000,0.0322,0.73
16877,es_step,4000,0.0259,1.000,0.0322,1.41
16878,replay,4000,0.0690,1.000,0.0322,0.72
16879,replay,4000,0.0500,1.000,0.0322,0.72
16880,es_step,4000,0.0324,1.000,0.0322,1.41
16881,replay,4000,0.0397,1.000,0.0322,0.71
16882,replay,4000,0.0529,1.000,0.0322,0.72
16883,replay,4000,0.0597,1.000,0.0323,0.72
16884,replay,4000,0.0651,1.000,0.0323,0.72
16885,replay,4000,0.0607,1.000,0.0323,0.72
16886,replay,4000,0.0531,1.000,0.0323,0.72
16887,replay,4000,0.0592,1.000,0.0323,0.72
16888,replay,4000,0.0516,1.000,0.0323,0.72
16889,replay,4000,0.0462,1.000,0.0323,0.72
16890,replay,4000,0.0401,1.000,0.0323,0.72
16891,es_step,4000,0.0242,1.000,0.0323,1.40
16892,replay,4000,0.0409,1.000,0.0323,0.71
16893,es_step,4000,0.0246,1.000,0.0323,1.39
16894,replay,4000,0.0395,1.000,0.0323,0.71
16895,replay,4000,0.0410,1.000,0.0323,0.71
16896,replay,4000,0.0347,1.000,0.0323,0.72
16897,replay,4000,0.0375,1.000,0.0322,0.72
16898,replay,4000,0.0381,1.000,0.0322,0.72
16899,replay,4000,0.0308,1.000,0.0322,0.73
16900,es_step,4000,0.0238,1.000,0.0322,1.43
16901,replay,4000,0.0384,1.000,0.0322,0.72
16902,es_step,4000,0.0246,1.000,0.0322,1.40
16903,replay,4000,0.0344,1.000,0.0321,0.72
16904,replay,4000,0.0358,1.000,0.0321,0.72
16905,replay,4000,0.0315,1.000,0.0321,0.72
16906,es_step,4000,0.0183,0.938,0.0321,1.40
16907,replay,4000,0.0282,1.000,0.0320,0.71
16908,replay,4000,0.0283,1.000,0.0319,0.71
16909,replay,4000,0.0254,1.000,0.0319,0.71
16910,replay,4000,0.0305,1.000,0.0318,0.71
16911,replay,4000,0.0325,1.000,0.0318,0.72
16912,es_step,4000,0.0256,1.000,0.0318,1.40
16913,replay,4000,0.0395,1.000,0.0318,0.72
16914,replay,4000,0.0429,1.000,0.0318,0.71
16915,es_step,4000,0.0285,1.000,0.0318,1.40
16916,es_step,4000,0.0247,1.000,0.0318,1.39
16917,replay,4000,0.0351,1.000,0.0317,0.71
16918,replay,4000,0.0389,1.000,0.0317,0.71
16919,es_step,4000,0.0293,1.000,0.0317,1.39
16920,replay,4000,0.0543,1.000,0.0317,0.72
16921,replay,4000,0.0370,1.000,0.0317,0.72
16922,replay,4000,0.0331,1.000,0.0317,0.72
16923,replay,4000,0.0582,1.000,0.0317,0.72
16924,replay,4000,0.0561,1.000,0.0317,0.73
16925,replay,4000,0.0527,1.000,0.0317,0.72
16926,replay,4000,0.0474,1.000,0.0317,0.72
16927,replay,4000,0.0450,1.000,0.0317,0.73
16928,replay,4000,0.0475,1.000,0.0317,0.72
16929,replay,4000,0.0416,1.000,0.0317,0.72
16930,replay,4000,0.0493,1.000,0.0317,0.73
16931,replay,4000,0.0495,1.000,0.0317,0.73
16932,replay,4000,0.0490,1.000,0.0317,0.73
16933,replay,4000,0.0238,1.000,0.0317,0.73
16934,replay,4000,0.0222,1.000,0.0316,0.73
16935,es_step,4000,0.0193,1.000,0.0316,1.41
16936,replay,4000,0.0419,1.000,0.0316,0.72
16937,replay,4000,0.0177,1.000,0.0316,0.72
16938,replay,4000,0.0438,1.000,0.0315,0.72
16939,replay,4000,0.0484,1.000,0.0315,0.72
16940,replay,4000,0.0482,1.000,0.0315,0.72
16941,replay,4000,0.0492,1.000,0.0315,0.72
16942,replay,4000,0.0262,1.000,0.0314,0.72
16943,replay,4000,0.0238,1.000,0.0313,0.72
16944,replay,4000,0.0223,1.000,0.0313,0.73
16945,replay,4000,0.0068,1.000,0.0312,0.73
16946,replay,4000,0.0340,1.000,0.0312,0.73
16947,replay,4000,0.0387,1.000,0.0311,0.73
16948,es_step,4000,0.0210,1.000,0.0311,1.43
16949,replay,4000,0.0263,1.000,0.0311,0.73
16950,es_step,4000,0.0282,0.938,0.0311,1.42
16951,replay,4000,0.0176,1.000,0.0311,0.73
16952,replay,4000,0.0427,1.000,0.0311,0.73
16953,replay,4000,0.0553,1.000,0.0311,0.73
16954,replay,4000,0.0512,1.000,0.0311,0.73
16955,replay,4000,0.0489,1.000,0.0311,0.73
16956,replay,4000,0.0453,1.000,0.0311,0.73
16957,replay,4000,0.0417,1.000,0.0310,0.73
16958,replay,4000,0.0309,1.000,0.0310,0.73
16959,es_step,4000,0.0182,1.000,0.0310,1.42
16960,replay,4000,0.0301,1.000,0.0309,0.72
16961,es_step,4000,0.0194,0.875,0.0309,1.42
16962,replay,4000,0.0291,1.000,0.0309,0.73
16963,replay,4000,0.0318,1.000,0.0308,0.75
16964,replay,4000,0.0365,1.000,0.0308,0.75
16965,es_step,4000,0.0217,1.000,0.0308,1.47
16966,replay,4000,0.0218,1.000,0.0308,0.73
16967,replay,4000,0.0393,1.000,0.0307,0.74
16968,es_step,4000,0.0249,1.000,0.0307,1.45
16969,replay,4000,0.0470,1.000,0.0307,0.75
16970,replay,4000,0.0452,1.000,0.0307,0.74
16971,replay,4000,0.0398,1.000,0.0308,0.73
16972,replay,4000,0.0511,1.000,0.0308,0.74
16973,replay,4000,0.0604,1.000,0.0308,0.74
16974,replay,4000,0.0985,1.000,0.0308,0.74
16975,replay,4000,0.0677,1.000,0.0308,0.74
16976,es_step,4000,0.0505,0.938,0.0309,1.44
16977,replay,4000,0.0547,1.000,0.0309,0.73
16978,replay,4000,0.0672,1.000,0.0309,0.74
16979,es_step,4000,0.0540,1.000,0.0310,1.44
16980,es_step,4000,0.0531,1.000,0.0311,1.43
16981,es_step,4000,0.0519,0.938,0.0311,1.43
16982,replay,4000,0.0618,1.000,0.0312,0.74
16983,replay,4000,0.0609,1.000,0.0312,0.72
16984,replay,4000,0.0550,1.000,0.0312,0.73
16985,es_step,4000,0.0404,1.000,0.0312,1.40
16986,es_step,4000,0.0432,1.000,0.0312,1.39
16987,replay,4000,0.0464,1.000,0.0312,0.72
16988,es_step,4000,0.0391,1.000,0.0312,1.39
16989,replay,4000,0.0461,1.000,0.0312,0.71
16990,es_step,4000,0.0376,1.000,0.0312,1.39
16991,es_step,4000,0.0376,1.000,0.0312,1.40
16992,replay,4000,0.0437,1.000,0.0312,0.71
16993,replay,4000,0.0574,1.000,0.0312,0.71
16994,replay,4000,0.0448,1.000,0.0312,0.71
16995,es_step,4000,0.0330,1.000,0.0312,1.39
16996,replay,4000,0.0362,1.000,0.0312,0.71
16997,replay,4000,0.0459,1.000,0.0312,0.71
16998,replay,4000,0.0406,1.000,0.0311,2.98
16999,replay,4000,0.0323,1.000,0.0311,0.73
17000,replay,4000,0.0273,1.000,0.0311,0.72
17001,replay,4000,0.0249,1.000,0.0310,0.72
17002,es_step,4000,0.0221,1.000,0.0310,1.41
17003,replay,4000,0.0358,1.000,0.0309,0.72
17004,replay,4000,0.0290,1.000,0.0310,0.73
17005,replay,4000,0.0549,1.000,0.0310,0.73
17006,replay,4000,0.0422,1.000,0.0310,0.73
17007,replay,4000,0.0620,1.000,0.0310,0.73
17008,replay,4000,0.0462,1.000,0.0310,0.74
17009,es_step,4000,0.0403,1.000,0.0310,1.41
17010,replay,4000,0.0815,1.000,0.0310,0.73
17011,replay,4000,0.0718,1.000,0.0311,0.73
17012,replay,4000,0.0778,1.000,0.0311,0.72
17013,replay,4000,0.0741,1.000,0.0312,0.72
17014,replay,4000,0.0591,1.000,0.0312,0.73
17015,replay,4000,0.0657,1.000,0.0313,0.72
17016,es_step,4000,0.0483,1.000,0.0313,1.41
17017,replay,4000,0.0659,1.000,0.0313,0.74
17018,replay,4000,0.0765,1.000,0.0314,0.72
17019,replay,4000,0.1112,1.000,0.0314,0.73
17020,replay,4000,0.0721,1.000,0.0314,0.73
17021,replay,4000,0.0622,1.000,0.0315,0.73
17022,replay,4000,0.0606,1.000,0.0315,0.73
17023,es_step,4000,0.0448,1.000,0.0315,1.41
17024,replay,4000,0.0632,1.000,0.0316,0.72
17025,replay,4000,0.0677,1.000,0.0316,0.72
17026,replay,4000,0.0611,1.000,0.0317,0.72
17027,replay,4000,0.0661,1.000,0.0317,0.72
17028,replay,4000,0.0599,1.000,0.0317,0.72
17029,replay,4000,0.0298,1.000,0.0317,0.72
17030,replay,4000,0.0479,1.000,0.0318,0.73
17031,replay,4000,0.0433,1.000,0.0318,0.73
17032,replay,4000,0.0480,1.000,0.0318,0.72
17033,replay,4000,0.0763,1.000,0.0318,0.73
17034,replay,4000,0.0590,1.000,0.0318,0.72
17035,replay,4000,0.0665,1.000,0.0318,0.72
17036,replay,4000,0.0635,1.000,0.0318,0.72
17037,replay,4000,0.0765,1.000,0.0319,0.73
17038,replay,4000,0.0759,1.000,0.0319,0.72
17039,replay,4000,0.0674,1.000,0.0320,0.72
17040,replay,4000,0.0565,1.000,0.0320,0.72
17041,replay,4000,0.0637,1.000,0.0321,0.72
17042,replay,4000,0.0508,1.000,0.0320,0.72
17043,es_step,4000,0.0310,1.000,0.0321,1.40
17044,replay,4000,0.0555,1.000,0.0320,0.72
17045,replay,4000,0.0462,1.000,0.0321,0.73
17046,replay,4000,0.0578,1.000,0.0321,0.72
17047,replay,4000,0.0445,1.000,0.0320,0.72
17048,replay,4000,0.0407,1.000,0.0320,0.72
17049,replay,4000,0.0520,1.000,0.0321,0.72
17050,replay,4000,0.0650,1.000,0.0321,0.72
17051,es_step,4000,0.0392,1.000,0.0322,1.41
17052,replay,4000,0.0597,1.000,0.0322,0.72
17053,replay,4000,0.0749,1.000,0.0322,0.72
17054,replay,4000,0.0701,1.000,0.0323,0.72
17055,es_step,4000,0.0306,1.000,0.0323,1.40
17056,replay,4000,0.0726,1.000,0.0323,0.72
17057,es_step,4000,0.0377,1.000,0.0323,1.38
17058,replay,4000,0.0704,1.000,0.0323,0.71
17059,replay,4000,0.0536,1.000,0.0323,0.71
17060,replay,4000,0.0636,1.000,0.0323,0.72
17061,es_step,4000,0.0304,1.000,0.0323,1.41
17062,replay,4000,0.0598,1.000,0.0323,0.72
17063,replay,4000,0.0570,1.000,0.0323,0.72
17064,replay,4000,0.0555,1.000,0.0323,0.73
17065,replay,4000,0.0517,1.000,0.0323,0.73
17066,replay,4000,0.0615,1.000,0.0323,0.72
17067,replay,4000,0.0452,1.000,0.0323,0.72
17068,replay,4000,0.0529,1.000,0.0322,0.72
17069,replay,4000,0.0537,1.000,0.0322,0.72
17070,es_step,4000,0.0225,0.812,0.0322,1.40
17071,replay,4000,0.0464,1.000,0.0322,0.72
17072,replay,4000,0.0458,1.000,0.0322,0.72
17073,replay,4000,0.0483,1.000,0.0321,0.72
17074,replay,4000,0.0507,1.000,0.0321,0.72
17075,replay,4000,0.0428,1.000,0.0321,0.71
17076,replay,4000,0.0530,1.000,0.0321,0.72
17077,replay,4000,0.0503,1.000,0.0321,0.71
17078,replay,4000,0.0519,1.000,0.0321,0.72
17079,replay,4000,0.0382,1.000,0.0321,0.72
17080,replay,4000,0.0347,1.000,0.0321,0.72
17081,replay,4000,0.0513,1.000,0.0321,0.72
17082,replay,4000,0.0407,1.000,0.0321,0.73
17083,es_step,4000,0.0257,0.938,0.0321,1.42
17084,replay,4000,0.0433,1.000,0.0320,0.72
17085,es_step,4000,0.0182,1.000,0.0320,1.41
17086,replay,4000,0.0421,1.000,0.0320,0.72
17087,replay,4000,0.0403,1.000,0.0320,0.72
17088,replay,4000,0.0569,1.000,0.0320,0.72
17089,replay,4000,0.0681,1.000,0.0320,0.72
17090,replay,4000,0.0636,1.000,0.0320,0.72
17091,es_step,4000,0.0460,0.938,0.0320,1.41
17092,replay,4000,0.0693,1.000,0.0321,0.72
17093,replay,4000,0.0723,1.000,0.0321,0.72
17094,replay,4000,0.0649,1.000,0.0321,0.72
17095,replay,4000,0.0657,1.000,0.0321,0.72
17096,replay,4000,0.0586,1.000,0.0321,0.72
17097,replay,4000,0.0563,1.000,0.0321,0.72
17098,replay,4000,0.0538,1.000,0.0321,0.72
17099,replay,4000,0.0510,1.000,0.0321,0.73
17100,replay,4000,0.0403,1.000,0.0321,0.74
17101,replay,4000,0.0435,1.000,0.0321,0.73
17102,replay,4000,0.0471,1.000,0.0321,0.74
17103,es_step,4000,0.0382,1.000,0.0321,1.43
17104,es_step,4000,0.0391,1.000,0.0321,1.42
17105,es_step,4000,0.0272,1.000,0.0321,1.40
17106,replay,4000,0.0446,1.000,0.0321,0.72
17107,replay,4000,0.0498,1.000,0.0321,0.72
17108,replay,4000,0.0518,1.000,0.0321,0.73
17109,es_step,4000,0.0429,1.000,0.0322,1.40
17110,es_step,4000,0.0462,1.000,0.0322,1.39
17111,replay,4000,0.0632,1.000,0.0322,0.72
17112,es_step,4000,0.0447,1.000,0.0323,1.39
17113,replay,4000,0.0607,1.000,0.0323,0.71
17114,replay,4000,0.0646,1.000,0.0323,0.71
17115,replay,4000,0.0552,1.000,0.0323,0.72
17116,replay,4000,0.0368,1.000,0.0323,0.72
17117,replay,4000,0.0441,1.000,0.0323,0.72
17118,replay,4000,0.0424,1.000,0.0323,0.72
17119,es_step,4000,0.0265,1.000,0.0323,1.39
17120,replay,4000,0.0451,1.000,0.0323,0.71
17121,es_step,4000,0.0174,1.000,0.0323,1.40
17122,replay,4000,0.0543,1.000,0.0323,0.71
17123,replay,4000,0.0375,1.000,0.0322,0.71
17124,replay,4000,0.0425,1.000,0.0322,0.73
17125,replay,4000,0.0486,1.000,0.0323,0.72
17126,replay,4000,0.0497,1.000,0.0323,0.73
17127,es_step,4000,0.0396,1.000,0.0323,1.42
17128,es_step,4000,0.0354,1.000,0.0323,1.40
17129,replay,4000,0.0547,1.000,0.0323,0.73
17130,es_step,4000,0.0433,0.938,0.0323,1.40
17131,es_step,4000,0.0444,1.000,0.0323,1.39
17132,es_step,4000,0.0412,1.000,0.0323,1.39
17133,replay,4000,0.0508,1.000,0.0324,0.72
17134,es_step,4000,0.0513,0.938,0.0324,1.40
17135,replay,4000,0.0745,1.000,0.0325,0.73
17136,replay,4000,0.0981,1.000,0.0325,0.72
17137,replay,4000,0.0809,1.000,0.0326,0.72
17138,replay,4000,0.0787,1.000,0.0327,0.72
17139,replay,4000,0.0826,1.000,0.0327,0.72
17140,replay,4000,0.0738,1.000,0.0328,0.72
17141,replay,4000,0.0665,1.000,0.0328,0.72
17142,es_step,4000,0.0378,1.000,0.0328,1.40
17143,es_step,4000,0.0327,0.938,0.0328,1.40
17144,replay,4000,0.0512,1.000,0.0328,0.71
17145,es_step,4000,0.0360,0.812,0.0328,1.39
17146,replay,4000,0.0498,1.000,0.0328,0.72
17147,replay,4000,0.0509,1.000,0.0328,0.72
17148,es_step,4000,0.0216,0.938,0.0328,1.41
17149,replay,4000,0.0351,1.000,0.0328,0.72
17150,replay,4000,0.0472,1.000,0.0327,0.72
17151,es_step,4000,0.0209,0.750,0.0328,2.16
17152,replay,4000,0.0280,1.000,0.0327,0.77
17153,replay,4000,0.0402,1.000,0.0327,0.77
17154,es_step,4000,0.0311,0.812,0.0327,1.55
17155,replay,4000,0.0413,1.000,0.0327,0.77
17156,replay,4000,0.0521,1.000,0.0327,0.77
17157,replay,4000,0.0431,1.000,0.0327,0.77
17158,es_step,4000,0.0343,1.000,0.0327,1.54
17159,replay,4000,0.0562,1.000,0.0327,0.77
17160,replay,4000,0.0554,1.000,0.0327,0.77
17161,replay,4000,0.0614,1.000,0.0327,0.77
17162,replay,4000,0.0633,1.000,0.0327,0.78
17163,es_step,4000,0.0324,0.812,0.0327,1.50
17164,es_step,4000,0.0419,0.812,0.0327,1.48
17165,replay,4000,0.0648,1.000,0.0328,0.74
17166,replay,4000,0.0650,1.000,0.0328,0.75
17167,replay,4000,0.0564,1.000,0.0328,0.74
17168,replay,4000,0.0490,1.000,0.0328,0.74
17169,replay,4000,0.0350,1.000,0.0327,0.74
17170,replay,4000,0.0432,1.000,0.0327,0.74
17171,replay,4000,0.0431,1.000,0.0326,0.74
17172,replay,4000,0.0332,1.000,0.0326,0.74
17173,es_step,4000,0.0097,0.938,0.0326,1.44
17174,es_step,4000,0.0186,1.000,0.0326,1.43
17175,replay,4000,0.0237,1.000,0.0326,0.73
17176,replay,4000,0.0489,1.000,0.0325,0.73
17177,replay,4000,0.0496,1.000,0.0325,0.73
17178,replay,4000,0.0377,1.000,0.0325,0.73
17179,es_step,4000,0.0250,0.938,0.0325,1.45
17180,replay,4000,0.0586,1.000,0.0325,0.72
17181,replay,4000,0.0706,1.000,0.0325,0.72
17182,replay,4000,0.0559,1.000,0.0325,0.72
17183,es_step,4000,0.0334,1.000,0.0325,1.42
17184,replay,4000,0.0543,1.000,0.0325,0.73
17185,replay,4000,0.0503,1.000,0.0325,0.73
17186,replay,4000,0.0451,1.000,0.0325,0.73
17187,replay,4000,0.0589,1.000,0.0325,0.73
17188,es_step,4000,0.0317,0.938,0.0325,1.43
17189,replay,4000,0.0541,1.000,0.0325,0.72
17190,replay,4000,0.0606,1.000,0.0325,0.73
17191,replay,4000,0.0490,1.000,0.0324,0.72
17192,replay,4000,0.0599,1.000,0.0324,0.72
17193,replay,4000,0.0583,1.000,0.0324,0.72
17194,replay,4000,0.0362,1.000,0.0324,0.72
17195,es_step,4000,0.0266,0.875,0.0324,1.41
17196,replay,4000,0.0594,1.000,0.0323,0.72
17197,es_step,4000,0.0214,0.812,0.0323,1.39
17198,replay,4000,0.0569,1.000,0.0323,0.71
17199,replay,4000,0.0527,1.000,0.0323,0.71
17200,replay,4000,0.0575,1.000,0.0323,0.72
17201,replay,4000,0.0516,1.000,0.0322,0.73
17202,replay,4000,0.0451,1.000,0.0322,0.72
17203,replay,4000,0.0325,1.000,0.0321,0.72
17204,replay,4000,0.0233,1.000,0.0320,0.72
17205,es_step,4000,0.0037,0.938,0.0320,1.40
17206,es_step,4000,0.0070,0.875,0.0320,1.39
17207,replay,4000,0.0012,1.000,0.0319,0.71
17208,replay,4000,0.0033,1.000,0.0318,0.72
17209,replay,4000,0.0103,1.000,0.0318,0.73
17210,replay,4000,0.0296,1.000,0.0318,0.73
17211,replay,4000,0.0432,1.000,0.0318,0.73
17212,replay,4000,0.0696,1.000,0.0318,0.72
17213,replay,4000,0.0698,1.000,0.0318,0.73
17214,replay,4000,0.0617,1.000,0.0319,0.73
17215,replay,4000,0.0609,1.000,0.0319,0.73
17216,replay,4000,0.0656,1.000,0.0319,0.73
17217,es_step,4000,0.0439,0.750,0.0319,1.62
17218,replay,4000,0.0559,1.000,0.0320,0.72
17219,replay,4000,0.0554,1.000,0.0320,0.73
17220,replay,4000,0.0561,1.000,0.0320,0.73
17221,replay,4000,0.0675,1.000,0.0320,0.72
17222,replay,4000,0.0598,1.000,0.0320,0.73
17223,replay,4000,0.0529,1.000,0.0320,0.73
17224,replay,4000,0.0486,1.000,0.0320,0.73
17225,replay,4000,0.0599,1.000,0.0321,0.72
17226,es_step,4000,0.0385,0.875,0.0321,1.41
17227,replay,4000,0.0633,1.000,0.0321,0.73
17228,replay,4000,0.0603,1.000,0.0321,0.72
17229,es_step,4000,0.0414,0.750,0.0321,1.41
17230,es_step,4000,0.0347,0.938,0.0321,1.41
17231,replay,4000,0.0560,1.000,0.0321,0.72
17232,replay,4000,0.0565,1.000,0.0321,0.72
17233,es_step,4000,0.0323,1.000,0.0321,1.41
17234,replay,4000,0.0345,1.000,0.0320,0.72
17235,replay,4000,0.0391,1.000,0.0320,0.72
17236,replay,4000,0.0435,1.000,0.0320,0.72
17237,replay,4000,0.0340,1.000,0.0320,0.72
17238,replay,4000,0.0375,1.000,0.0320,0.72
17239,es_step,4000,0.0288,0.875,0.0320,1.40
17240,replay,4000,0.0448,1.000,0.0320,0.72
17241,replay,4000,0.0590,1.000,0.0320,0.73
17242,es_step,4000,0.0316,0.750,0.0320,1.42
17243,replay,4000,0.0888,1.000,0.0320,0.73
17244,replay,4000,0.0961,1.000,0.0321,0.73
17245,replay,4000,0.0666,1.000,0.0321,0.74
17246,replay,4000,0.0642,1.000,0.0321,0.74
17247,replay,4000,0.0705,1.000,0.0322,0.74
17248,replay,4000,0.0712,1.000,0.0322,0.73
17249,es_step,4000,0.0527,0.875,0.0323,1.44
17250,replay,4000,0.0666,1.000,0.0323,0.72
17251,es_step,4000,0.0489,0.875,0.0323,1.41
17252,replay,4000,0.0631,1.000,0.0324,0.73
17253,replay,4000,0.0558,1.000,0.0324,0.74
17254,replay,4000,0.0672,1.000,0.0324,0.73
17255,es_step,4000,0.0333,0.875,0.0324,1.44
17256,es_step,4000,0.0296,0.875,0.0324,1.43
17257,replay,4000,0.0603,1.000,0.0324,0.74
17258,es_step,4000,0.0293,0.875,0.0324,1.42
17259,replay,4000,0.0609,1.000,0.0325,0.72
17260,replay,4000,0.0615,1.000,0.0325,0.73
17261,replay,4000,0.0409,1.000,0.0324,0.74
17262,replay,4000,0.0592,1.000,0.0323,0.73
17263,replay,4000,0.0578,1.000,0.0323,0.73
17264,replay,4000,0.0614,1.000,0.0323,0.73
17265,replay,4000,0.0596,1.000,0.0324,0.74
17266,replay,4000,0.0601,1.000,0.0324,0.74
17267,replay,4000,0.0603,1.000,0.0324,0.75
17268,replay,4000,0.0612,1.000,0.0324,0.75
17269,es_step,4000,0.0387,1.000,0.0324,1.45
17270,replay,4000,0.0610,1.000,0.0324,0.73
17271,replay,4000,0.0616,1.000,0.0325,0.74
17272,replay,4000,0.0616,1.000,0.0325,0.73
17273,replay,4000,0.0542,1.000,0.0325,0.74
17274,replay,4000,0.0439,1.000,0.0325,0.74
17275,replay,4000,0.0344,1.000,0.0324,0.73
17276,es_step,4000,0.0273,0.875,0.0324,1.43
17277,replay,4000,0.0300,1.000,0.0324,0.73
17278,es_step,4000,0.0209,1.000,0.0324,1.42
17279,replay,4000,0.0331,1.000,0.0324,0.74
17280,es_step,4000,0.0148,1.000,0.0324,1.42
17281,replay,4000,0.0469,1.000,0.0323,0.73
17282,replay,4000,0.0476,1.000,0.0323,0.73
17283,replay,4000,0.0255,1.000,0.0322,0.72
17284,es_step,4000,0.0224,1.000,0.0322,1.42
17285,es_step,4000,0.0312,0.938,0.0322,1.42
17286,replay,4000,0.0371,1.000,0.0322,0.72
17287,replay,4000,0.0334,1.000,0.0322,0.72
17288,replay,4000,0.0301,1.000,0.0322,0.72
17289,replay,4000,0.0327,1.000,0.0322,0.72
17290,replay,4000,0.0341,1.000,0.0321,0.72
17291,replay,4000,0.0380,1.000,0.0321,0.73
17292,replay,4000,0.0370,1.000,0.0321,0.73
17293,replay,4000,0.0484,1.000,0.0321,0.72
17294,replay,4000,0.0527,1.000,0.0321,0.73
17295,replay,4000,0.0521,1.000,0.0321,0.73
17296,replay,4000,0.0520,1.000,0.0321,0.72
17297,replay,4000,0.0452,1.000,0.0321,0.73
17298,replay,4000,0.0612,1.000,0.0322,3.03
17299,replay,4000,0.0637,1.000,0.0322,0.74
17300,replay,4000,0.0612,1.000,0.0323,0.73
17301,replay,4000,0.0651,1.000,0.0323,0.73
17302,es_step,4000,0.0522,1.000,0.0323,1.42
17303,es_step,4000,0.0483,1.000,0.0324,1.42
17304,es_step,4000,0.0508,1.000,0.0324,1.40
17305,replay,4000,0.0640,1.000,0.0324,0.72
17306,replay,4000,0.0618,1.000,0.0324,0.72
17307,replay,4000,0.0537,1.000,0.0325,0.72
17308,es_step,4000,0.0363,1.000,0.0325,1.40
17309,es_step,4000,0.0357,1.000,0.0325,1.39
17310,replay,4000,0.0454,1.000,0.0325,0.73
17311,replay,4000,0.0375,1.000,0.0325,0.72
17312,replay,4000,0.0260,1.000,0.0324,0.73
17313,replay,4000,0.0227,1.000,0.0324,0.73
17314,replay,4000,0.0183,1.000,0.0324,0.73
17315,replay,4000,0.0197,1.000,0.0323,0.72
17316,es_step,4000,0.0195,1.000,0.0323,1.41
17317,replay,4000,0.0386,1.000,0.0322,0.73
17318,replay,4000,0.0211,1.000,0.0322,0.73
17319,replay,4000,0.0197,1.000,0.0321,0.72
17320,replay,4000,0.0320,1.000,0.0321,0.72
17321,replay,4000,0.0250,1.000,0.0321,0.73
17322,replay,4000,0.0247,1.000,0.0321,0.73
17323,replay,4000,0.0427,1.000,0.0320,0.72
17324,es_step,4000,0.0323,1.000,0.0320,1.41
17325,replay,4000,0.0627,1.000,0.0320,0.72
17326,es_step,4000,0.0376,0.938,0.0321,1.41
17327,es_step,4000,0.0380,1.000,0.0321,1.41
17328,replay,4000,0.0385,1.000,0.0321,0.72
17329,replay,4000,0.0529,1.000,0.0321,0.72
17330,es_step,4000,0.0434,1.000,0.0321,1.39
17331,replay,4000,0.0516,1.000,0.0321,0.71
17332,replay,4000,0.0534,1.000,0.0321,0.71
17333,es_step,4000,0.0399,1.000,0.0321,1.39
17334,replay,4000,0.0322,1.000,0.0321,0.71
17335,replay,4000,0.0745,1.000,0.0321,0.72
17336,replay,4000,0.0690,1.000,0.0321,0.71
17337,replay,4000,0.0555,1.000,0.0322,0.71
17338,replay,4000,0.0398,1.000,0.0323,0.72
17339,es_step,4000,0.0244,1.000,0.0323,1.39
17340,replay,4000,0.0506,1.000,0.0323,0.72
17341,replay,4000,0.0513,1.000,0.0323,0.71
17342,replay,4000,0.0444,1.000,0.0323,0.72
17343,replay,4000,0.0299,1.000,0.0322,0.72
17344,replay,4000,0.0217,1.000,0.0322,0.72
17345,replay,4000,0.0280,1.000,0.0321,0.73
17346,replay,4000,0.0469,1.000,0.0321,0.73
17347,es_step,4000,0.0277,1.000,0.0321,1.42
17348,replay,4000,0.0513,1.000,0.0321,0.73
17349,replay,4000,0.0446,1.000,0.0321,0.73
17350,replay,4000,0.0225,1.000,0.0320,0.73
17351,replay,4000,0.0316,1.000,0.0320,0.73
17352,replay,4000,0.0314,1.000,0.0319,0.74
17353,replay,4000,0.0222,1.000,0.0319,0.73
17354,es_step,4000,0.0177,1.000,0.0319,1.43
17355,replay,4000,0.0162,1.000,0.0318,0.72
17356,replay,4000,0.0310,1.000,0.0318,0.73
17357,replay,4000,0.0350,1.000,0.0317,0.73
17358,replay,4000,0.0375,1.000,0.0317,0.72
17359,replay,4000,0.0486,1.000,0.0317,0.72
17360,replay,4000,0.0314,1.000,0.0317,0.73
17361,replay,4000,0.0429,1.000,0.0317,0.73
17362,replay,4000,0.0487,1.000,0.0316,0.73
17363,replay,4000,0.0499,1.000,0.0316,0.73
17364,replay,4000,0.0462,1.000,0.0316,0.73
17365,replay,4000,0.0243,1.000,0.0315,0.74
17366,replay,4000,0.0345,1.000,0.0315,0.73
17367,replay,4000,0.0317,1.000,0.0315,0.73
17368,replay,4000,0.0280,1.000,0.0315,0.74
17369,replay,4000,0.0374,1.000,0.0314,0.73
17370,replay,4000,0.0376,1.000,0.0314,0.73
17371,es_step,4000,0.0277,1.000,0.0314,1.43
17372,es_step,4000,0.0260,1.000,0.0314,1.41
17373,replay,4000,0.0321,1.000,0.0314,0.72
17374,replay,4000,0.0275,1.000,0.0314,0.72
17375,replay,4000,0.0558,1.000,0.0314,0.72
17376,replay,4000,0.0491,1.000,0.0313,0.72
17377,replay,4000,0.0506,1.000,0.0313,0.72
17378,replay,4000,0.0450,1.000,0.0313,0.74
17379,replay,4000,0.0503,1.000,0.0313,0.73
17380,replay,4000,0.0517,1.000,0.0313,0.74
17381,es_step,4000,0.0336,1.000,0.0313,1.42
17382,replay,4000,0.0518,1.000,0.0313,0.73
17383,replay,4000,0.0476,1.000,0.0313,0.73
17384,replay,4000,0.0499,1.000,0.0313,0.73
17385,es_step,4000,0.0295,1.000,0.0313,1.41
17386,replay,4000,0.0468,1.000,0.0313,0.74
17387,replay,4000,0.0494,1.000,0.0313,0.75
17388,replay,4000,0.0474,1.000,0.0313,0.75
17389,replay,4000,0.0427,1.000,0.0313,0.74
17390,es_step,4000,0.0263,1.000,0.0313,1.43
17391,es_step,4000,0.0302,1.000,0.0313,1.41
17392,replay,4000,0.0340,1.000,0.0313,0.72
17393,replay,4000,0.0299,1.000,0.0313,0.72
17394,replay,4000,0.0467,1.000,0.0313,0.72
17395,replay,4000,0.0491,1.000,0.0313,0.72
17396,replay,4000,0.0514,1.000,0.0313,0.72
17397,replay,4000,0.0450,1.000,0.0313,0.72
17398,replay,4000,0.0448,1.000,0.0313,0.72
17399,es_step,4000,0.0166,1.000,0.0313,1.42
17400,replay,4000,0.0412,1.000,0.0312,0.72
17401,replay,4000,0.0237,1.000,0.0311,0.72
17402,replay,4000,0.0471,1.000,0.0311,0.73
17403,replay,4000,0.0515,1.000,0.0311,0.72
17404,replay,4000,0.0445,1.000,0.0311,0.72
17405,es_step,4000,0.0262,1.000,0.0311,1.40
17406,replay,4000,0.0371,1.000,0.0310,0.71
17407,replay,4000,0.0514,1.000,0.0310,0.72
17408,replay,4000,0.0513,1.000,0.0310,0.72
17409,replay,4000,0.0499,1.000,0.0310,0.72
17410,es_step,4000,0.0220,1.000,0.0310,1.40
17411,es_step,4000,0.0216,1.000,0.0310,1.39
17412,replay,4000,0.0429,1.000,0.0310,0.71
17413,replay,4000,0.0309,1.000,0.0310,0.72
17414,replay,4000,0.0322,1.000,0.0309,0.73
17415,replay,4000,0.0302,1.000,0.0308,0.73
17416,replay,4000,0.0301,1.000,0.0308,0.72
17417,replay,4000,0.0290,1.000,0.0308,0.73
17418,replay,4000,0.0265,1.000,0.0308,0.72
17419,replay,4000,0.0340,1.000,0.0307,0.73
17420,replay,4000,0.0380,1.000,0.0308,0.72
17421,replay,4000,0.0484,1.000,0.0307,0.72
17422,es_step,4000,0.0330,1.000,0.0307,1.41
17423,replay,4000,0.0430,1.000,0.0307,0.72
17424,replay,4000,0.0469,1.000,0.0308,0.72
17425,es_step,4000,0.0366,1.000,0.0308,1.39
17426,replay,4000,0.0630,1.000,0.0308,0.71
17427,replay,4000,0.0621,1.000,0.0308,0.71
17428,replay,4000,0.0542,1.000,0.0308,0.71
17429,es_step,4000,0.0434,1.000,0.0308,1.38
17430,replay,4000,0.0528,1.000,0.0308,0.70
17431,replay,4000,0.0347,1.000,0.0309,0.71
17432,replay,4000,0.0550,1.000,0.0309,0.71
17433,replay,4000,0.0683,1.000,0.0309,0.71
17434,replay,4000,0.0668,1.000,0.0310,0.72
17435,es_step,4000,0.0463,1.000,0.0310,1.41
17436,replay,4000,0.0579,1.000,0.0310,0.72
17437,replay,4000,0.0524,1.000,0.0311,0.72
17438,replay,4000,0.0710,1.000,0.0311,0.73
17439,replay,4000,0.0731,1.000,0.0312,0.72
17440,replay,4000,0.0679,1.000,0.0312,0.72
17441,es_step,4000,0.0474,1.000,0.0313,1.40
17442,replay,4000,0.0619,1.000,0.0313,0.72
17443,replay,4000,0.0511,1.000,0.0313,0.72
17444,replay,4000,0.0437,1.000,0.0313,0.72
17445,replay,4000,0.0445,1.000,0.0313,0.72
17446,replay,4000,0.0659,1.000,0.0313,0.72
17447,replay,4000,0.0430,1.000,0.0313,0.73
17448,replay,4000,0.0519,1.000,0.0313,0.72
17449,es_step,4000,0.0381,1.000,0.0313,1.41
17450,replay,4000,0.0481,1.000,0.0313,0.72
17451,es_step,4000,0.0381,1.000,0.0313,1.39
17452,replay,4000,0.0527,1.000,0.0313,0.71
17453,replay,4000,0.0441,1.000,0.0313,0.71
17454,es_step,4000,0.0367,1.000,0.0313,1.38
17455,es_step,4000,0.0404,1.000,0.0313,1.38
17456,replay,4000,0.0441,1.000,0.0313,0.71
17457,replay,4000,0.0506,1.000,0.0313,0.72
17458,es_step,4000,0.0382,1.000,0.0313,1.39
17459,replay,4000,0.0481,1.000,0.0313,0.71
17460,replay,4000,0.0485,1.000,0.0314,0.71
17461,replay,4000,0.0480,1.000,0.0314,0.71
17462,es_step,4000,0.0338,1.000,0.0314,1.40
17463,replay,4000,0.0390,1.000,0.0313,0.71
17464,replay,4000,0.0346,1.000,0.0313,0.71
17465,replay,4000,0.0513,1.000,0.0314,0.71
17466,replay,4000,0.0518,1.000,0.0314,0.72
17467,replay,4000,0.0435,1.000,0.0314,0.71
17468,replay,4000,0.0609,1.000,0.0314,0.72
17469,es_step,4000,0.0426,1.000,0.0314,1.39
17470,es_step,4000,0.0377,1.000,0.0314,1.39
17471,replay,4000,0.0569,1.000,0.0314,0.71
17472,es_step,4000,0.0353,1.000,0.0314,1.39
17473,replay,4000,0.0501,1.000,0.0315,0.71
17474,replay,4000,0.0584,1.000,0.0315,0.71
17475,es_step,4000,0.0305,1.000,0.0315,1.41
17476,replay,4000,0.0518,1.000,0.0315,0.73
17477,replay,4000,0.0401,1.000,0.0314,0.73
17478,replay,4000,0.0397,1.000,0.0314,0.74
17479,replay,4000,0.0493,1.000,0.0314,0.73
17480,replay,4000,0.0424,1.000,0.0313,0.73
17481,es_step,4000,0.0333,1.000,0.0313,1.42
17482,es_step,4000,0.0322,1.000,0.0313,1.40
17483,replay,4000,0.0378,1.000,0.0313,0.72
17484,replay,4000,0.0421,1.000,0.0313,0.73
17485,es_step,4000,0.0436,1.000,0.0313,1.41
17486,replay,4000,0.0390,1.000,0.0313,0.72
17487,replay,4000,0.0447,1.000,0.0314,0.73
17488,replay,4000,0.0409,1.000,0.0314,0.73
17489,replay,4000,0.0474,1.000,0.0314,0.73
17490,replay,4000,0.0502,1.000,0.0315,0.74
17491,replay,4000,0.0479,1.000,0.0315,0.73
17492,es_step,4000,0.0351,1.000,0.0315,1.43
17493,replay,4000,0.0397,1.000,0.0315,0.72
17494,replay,4000,0.0368,1.000,0.0315,0.73
17495,es_step,4000,0.0273,1.000,0.0315,1.41
17496,replay,4000,0.0275,1.000,0.0315,0.72
17497,replay,4000,0.0400,1.000,0.0315,0.73
17498,es_step,4000,0.0315,1.000,0.0315,1.41
17499,replay,4000,0.0362,1.000,0.0315,0.72
17500,replay,4000,0.0269,1.000,0.0315,0.72
17501,replay,4000,0.0393,1.000,0.0315,0.72
17502,replay,4000,0.0466,1.000,0.0315,0.73
17503,replay,4000,0.0547,1.000,0.0315,0.72
17504,replay,4000,0.0550,1.000,0.0315,0.72
17505,replay,4000,0.0545,1.000,0.0315,0.72
17506,es_step,4000,0.0369,1.000,0.0315,1.40
17507,replay,4000,0.0557,1.000,0.0315,0.72
17508,replay,4000,0.0508,1.000,0.0315,0.72
17509,replay,4000,0.0461,1.000,0.0315,0.72
17510,replay,4000,0.0476,1.000,0.0315,0.72
17511,replay,4000,0.0495,1.000,0.0315,0.72
17512,replay,4000,0.0472,1.000,0.0315,0.72
17513,replay,4000,0.0437,1.000,0.0315,0.72
17514,replay,4000,0.0254,1.000,0.0314,0.72
17515,es_step,4000,0.0145,0.875,0.0314,1.40
17516,replay,4000,0.0312,1.000,0.0314,0.72
17517,es_step,4000,0.0185,1.000,0.0314,1.46
17518,es_step,4000,0.0187,1.000,0.0314,1.39
17519,replay,4000,0.0497,1.000,0.0313,0.72
17520,replay,4000,0.0496,1.000,0.0313,0.73
17521,replay,4000,0.0401,1.000,0.0313,0.73
17522,es_step,4000,0.0382,1.000,0.0313,1.42
17523,replay,4000,0.0557,1.000,0.0313,0.73
17524,replay,4000,0.0519,1.000,0.0313,0.73
17525,replay,4000,0.0509,1.000,0.0313,0.73
17526,replay,4000,0.0474,1.000,0.0313,0.73
17527,replay,4000,0.0470,1.000,0.0313,0.73
17528,replay,4000,0.0505,1.000,0.0313,0.73
17529,replay,4000,0.0308,1.000,0.0312,0.73
17530,replay,4000,0.0516,1.000,0.0312,0.73
17531,replay,4000,0.0557,1.000,0.0312,0.72
17532,es_step,4000,0.0309,1.000,0.0312,1.39
17533,replay,4000,0.0511,1.000,0.0312,0.71
17534,replay,4000,0.0538,1.000,0.0313,0.71
17535,replay,4000,0.0558,1.000,0.0313,0.71
17536,replay,4000,0.0470,1.000,0.0313,0.71
17537,replay,4000,0.0424,1.000,0.0313,0.70
17538,replay,4000,0.0477,1.000,0.0313,0.70
17539,replay,4000,0.0449,1.000,0.0312,0.70
17540,es_step,4000,0.0274,0.938,0.0312,1.37
17541,replay,4000,0.0278,1.000,0.0312,0.70
17542,replay,4000,0.0328,1.000,0.0312,0.71
17543,replay,4000,0.0262,1.000,0.0312,0.71
17544,replay,4000,0.0395,1.000,0.0311,0.72
17545,replay,4000,0.0338,1.000,0.0311,0.72
17546,es_step,4000,0.0262,1.000,0.0311,1.40
17547,replay,4000,0.0179,1.000,0.0311,0.72
17548,es_step,4000,0.0286,0.875,0.0311,1.39
17549,es_step,4000,0.0352,0.938,0.0311,1.40
17550,replay,4000,0.0650,1.000,0.0311,0.71
17551,replay,4000,0.0954,1.000,0.0311,0.72
17552,replay,4000,0.0626,1.000,0.0312,0.72
17553,es_step,4000,0.0534,0.938,0.0313,1.38
17554,replay,4000,0.0822,1.000,0.0314,0.71
17555,replay,4000,0.0725,1.000,0.0314,0.72
17556,replay,4000,0.0639,1.000,0.0315,0.72
17557,replay,4000,0.0688,1.000,0.0315,0.72
17558,es_step,4000,0.0579,0.875,0.0316,1.39
17559,replay,4000,0.0501,1.000,0.0317,0.73
17560,es_step,4000,0.0457,0.938,0.0317,1.39
17561,replay,4000,0.0698,1.000,0.0318,0.73
17562,replay,4000,0.0701,1.000,0.0319,0.73
17563,replay,4000,0.0606,1.000,0.0319,0.73
17564,replay,4000,0.0928,1.000,0.0320,0.73
17565,replay,4000,0.0635,1.000,0.0320,0.73
17566,es_step,4000,0.0562,0.938,0.0321,1.41
17567,replay,4000,0.0944,1.000,0.0322,0.72
17568,es_step,4000,0.0581,1.000,0.0322,1.38
17569,replay,4000,0.0813,1.000,0.0322,0.71
17570,replay,4000,0.0816,1.000,0.0323,0.71
17571,replay,4000,0.0708,1.000,0.0324,0.72
17572,es_step,4000,0.0592,1.000,0.0324,1.37
17573,es_step,4000,0.0597,1.000,0.0324,1.37
17574,replay,4000,0.0742,1.000,0.0325,0.71
17575,replay,4000,0.0711,1.000,0.0325,0.73
17576,replay,4000,0.0641,1.000,0.0326,0.73
17577,es_step,4000,0.0446,1.000,0.0326,1.42
17578,replay,4000,0.0529,1.000,0.0326,0.72
17579,replay,4000,0.0493,1.000,0.0326,0.73
17580,replay,4000,0.0462,1.000,0.0326,0.73
17581,es_step,4000,0.0297,0.938,0.0326,1.42
17582,replay,4000,0.0443,1.000,0.0326,0.73
17583,replay,4000,0.0379,1.000,0.0325,0.73
17584,replay,4000,0.0246,1.000,0.0325,0.73
17585,replay,4000,0.0378,1.000,0.0325,0.73
17586,es_step,4000,0.0372,1.000,0.0325,1.42
17587,es_step,4000,0.0330,1.000,0.0325,1.39
17588,replay,4000,0.0428,1.000,0.0324,0.73
17589,replay,4000,0.0416,1.000,0.0324,0.73
17590,replay,4000,0.0327,1.000,0.0324,0.74
17591,replay,4000,0.0378,1.000,0.0323,0.73
17592,replay,4000,0.0300,1.000,0.0323,0.73
17593,es_step,4000,0.0298,0.938,0.0323,1.41
17594,replay,4000,0.0299,1.000,0.0322,0.72
17595,replay,4000,0.0301,1.000,0.0322,0.73
17596,replay,4000,0.0365,1.000,0.0322,0.74
17597,replay,4000,0.0385,1.000,0.0321,0.74
17598,es_step,4000,0.0328,0.938,0.0321,3.75
17599,replay,4000,0.0363,1.000,0.0321,0.73
17600,replay,4000,0.0340,1.000,0.0321,0.73
17601,replay,4000,0.0352,1.000,0.0321,0.73
17602,replay,4000,0.0331,1.000,0.0320,0.73
17603,replay,4000,0.0310,1.000,0.0320,0.73
17604,replay,4000,0.0279,1.000,0.0319,0.72
17605,replay,4000,0.0377,1.000,0.0319,0.72
17606,replay,4000,0.0365,1.000,0.0319,0.73
17607,replay,4000,0.0406,1.000,0.0319,0.74
17608,replay,4000,0.0454,1.000,0.0319,0.74
17609,replay,4000,0.0414,1.000,0.0319,0.73
17610,replay,4000,0.0439,1.000,0.0319,0.73
17611,replay,4000,0.0474,1.000,0.0319,0.73
17612,es_step,4000,0.0393,1.000,0.0319,1.44
17613,replay,4000,0.0416,1.000,0.0319,0.73
17614,es_step,4000,0.0336,0.875,0.0319,1.42
17615,replay,4000,0.0374,1.000,0.0319,0.72
17616,es_step,4000,0.0330,0.938,0.0319,1.41
17617,replay,4000,0.0361,1.000,0.0319,0.73
17618,replay,4000,0.0381,1.000,0.0318,0.74
17619,replay,4000,0.0350,1.000,0.0318,0.74
17620,replay,4000,0.0377,1.000,0.0318,0.73
17621,replay,4000,0.0358,1.000,0.0318,0.74
17622,replay,4000,0.0297,1.000,0.0317,0.74
17623,replay,4000,0.0353,1.000,0.0317,0.75
17624,replay,4000,0.0373,1.000,0.0317,0.74
17625,es_step,4000,0.0358,1.000,0.0317,1.43
17626,replay,4000,0.0366,1.000,0.0317,0.74
17627,replay,4000,0.0574,1.000,0.0317,0.74
17628,replay,4000,0.0519,1.000,0.0316,0.74
17629,es_step,4000,0.0310,1.000,0.0316,1.43
17630,replay,4000,0.0533,1.000,0.0316,0.74
17631,es_step,4000,0.0372,0.938,0.0317,1.43
17632,replay,4000,0.0835,1.000,0.0317,0.73
17633,replay,4000,0.0688,1.000,0.0317,0.73
17634,replay,4000,0.0697,1.000,0.0317,0.73
17635,replay,4000,0.0595,1.000,0.0318,0.74
17636,replay,4000,0.0712,1.000,0.0318,0.73
17637,replay,4000,0.0544,1.000,0.0318,0.74
17638,replay,4000,0.0650,1.000,0.0319,0.74
17639,replay,4000,0.0550,1.000,0.0319,0.74
17640,replay,4000,0.0590,1.000,0.0319,0.73
17641,replay,4000,0.0641,1.000,0.0320,0.73
17642,replay,4000,0.0612,1.000,0.0320,0.73
17643,replay,4000,0.0555,1.000,0.0320,0.73
17644,replay,4000,0.0406,1.000,0.0319,0.75
17645,replay,4000,0.0556,1.000,0.0319,0.74
17646,replay,4000,0.0358,1.000,0.0318,0.74
17647,es_step,4000,0.0402,1.000,0.0318,1.45
17648,replay,4000,0.0564,1.000,0.0319,0.74
17649,replay,4000,0.0657,1.000,0.0319,0.75
17650,replay,4000,0.0654,1.000,0.0319,0.74
17651,replay,4000,0.0545,1.000,0.0319,0.74
17652,replay,4000,0.0735,1.000,0.0320,0.74
17653,replay,4000,0.0788,1.000,0.0320,0.73
17654,es_step,4000,0.0651,1.000,0.0322,1.44
17655,replay,4000,0.0752,1.000,0.0322,0.73
17656,es_step,4000,0.0589,1.000,0.0323,1.43
17657,replay,4000,0.0776,1.000,0.0324,0.73
17658,es_step,4000,0.0566,1.000,0.0324,1.43
17659,replay,4000,0.0695,1.000,0.0324,0.73
17660,replay,4000,0.0630,1.000,0.0324,0.74
17661,es_step,4000,0.0414,0.938,0.0324,1.43
17662,replay,4000,0.0485,1.000,0.0324,0.73
17663,replay,4000,0.0484,1.000,0.0324,0.73
17664,replay,4000,0.0369,1.000,0.0324,0.73
17665,replay,4000,0.0370,1.000,0.0323,0.73
17666,replay,4000,0.0300,1.000,0.0323,0.73
17667,replay,4000,0.0293,1.000,0.0323,0.72
17668,replay,4000,0.0258,1.000,0.0322,0.72
17669,replay,4000,0.0329,1.000,0.0321,0.73
17670,replay,4000,0.0246,1.000,0.0321,0.73
17671,replay,4000,0.0176,1.000,0.0319,0.72
17672,replay,4000,0.0284,1.000,0.0319,0.73
17673,es_step,4000,0.0279,1.000,0.0319,1.41
17674,replay,4000,0.0334,1.000,0.0318,0.72
17675,replay,4000,0.0466,1.000,0.0318,0.73
17676,replay,4000,0.0328,1.000,0.0318,0.72
17677,replay,4000,0.0302,1.000,0.0317,0.73
17678,replay,4000,0.0325,1.000,0.0317,0.72
17679,replay,4000,0.0513,1.000,0.0317,0.72
17680,replay,4000,0.0332,1.000,0.0316,0.73
17681,es_step,4000,0.0315,0.938,0.0316,1.42
17682,replay,4000,0.0392,1.000,0.0316,0.72
17683,replay,4000,0.0530,1.000,0.0316,0.74
17684,replay,4000,0.0499,1.000,0.0316,0.73
17685,replay,4000,0.0545,1.000,0.0316,0.73
17686,es_step,4000,0.0320,1.000,0.0316,1.42
17687,replay,4000,0.0517,1.000,0.0316,0.74
17688,replay,4000,0.0520,1.000,0.0316,0.74
17689,replay,4000,0.0513,1.000,0.0315,0.74
17690,replay,4000,0.0261,1.000,0.0315,0.73
17691,replay,4000,0.0224,1.000,0.0315,0.73
17692,replay,4000,0.0257,1.000,0.0314,0.73
17693,replay,4000,0.0484,1.000,0.0314,0.73
17694,replay,4000,0.0363,1.000,0.0314,0.73
17695,replay,4000,0.0503,1.000,0.0314,0.73
17696,es_step,4000,0.0395,0.938,0.0314,1.42
17697,replay,4000,0.0373,1.000,0.0314,0.73
17698,replay,4000,0.0427,1.000,0.0314,0.74
17699,replay,4000,0.0566,1.000,0.0314,0.73
17700,replay,4000,0.0508,1.000,0.0314,0.74
17701,replay,4000,0.0503,1.000,0.0314,0.74
17702,replay,4000,0.0589,1.000,0.0314,0.74
17703,replay,4000,0.0548,1.000,0.0314,0.73
17704,replay,4000,0.0356,1.000,0.0314,0.73
17705,replay,4000,0.0562,1.000,0.0314,0.74
17706,replay,4000,0.0577,1.000,0.0314,0.75
17707,es_step,4000,0.0401,1.000,0.0314,1.44
17708,replay,4000,0.0533,1.000,0.0314,0.73
17709,replay,4000,0.0542,1.000,0.0314,0.73
17710,replay,4000,0.0506,1.000,0.0314,0.73
17711,replay,4000,0.0478,1.000,0.0314,0.73
17712,replay,4000,0.0432,1.000,0.0314,0.74
17713,replay,4000,0.0358,1.000,0.0314,0.74
17714,replay,4000,0.0229,1.000,0.0313,0.74
17715,replay,4000,0.0395,1.000,0.0313,0.74
17716,replay,4000,0.0196,1.000,0.0312,0.75
17717,replay,4000,0.0356,1.000,0.0312,0.74
17718,es_step,4000,0.0233,0.938,0.0312,1.46
17719,replay,4000,0.0384,1.000,0.0311,0.74
17720,replay,4000,0.0316,1.000,0.0311,0.74
17721,replay,4000,0.0355,1.000,0.0311,0.75
17722,es_step,4000,0.0256,1.000,0.0311,1.45
17723,replay,4000,0.0408,1.000,0.0310,0.74
17724,replay,4000,0.0337,1.000,0.0310,0.74
17725,replay,4000,0.0355,1.000,0.0310,0.74
17726,replay,4000,0.0319,1.000,0.0310,0.73
17727,replay,4000,0.0468,1.000,0.0310,0.74
17728,replay,4000,0.0449,1.000,0.0310,0.74
17729,replay,4000,0.0508,1.000,0.0310,0.74
17730,es_step,4000,0.0420,1.000,0.0311,1.45
17731,replay,4000,0.0663,1.000,0.0311,0.74
17732,replay,4000,0.0752,1.000,0.0311,0.74
17733,replay,4000,0.0598,1.000,0.0311,0.74
17734,replay,4000,0.0560,1.000,0.0312,0.73
17735,replay,4000,0.0620,1.000,0.0312,0.73
17736,replay,4000,0.0710,1.000,0.0313,0.73
17737,replay,4000,0.0557,1.000,0.0313,0.74
17738,replay,4000,0.0647,1.000,0.0313,0.73
17739,es_step,4000,0.0497,1.000,0.0313,1.44
17740,replay,4000,0.0614,1.000,0.0314,0.74
17741,replay,4000,0.0581,1.000,0.0314,0.74
17742,replay,4000,0.0453,1.000,0.0314,0.75
17743,es_step,4000,0.0343,1.000,0.0314,1.45
17744,es_step,4000,0.0306,1.000,0.0314,1.44
17745,es_step,4000,0.0305,1.000,0.0314,1.43
17746,replay,4000,0.0419,1.000,0.0313,0.73
17747,es_step,4000,0.0261,1.000,0.0313,1.43
17748,replay,4000,0.0320,1.000,0.0313,0.72
17749,replay,4000,0.0323,1.000,0.0313,0.73
17750,replay,4000,0.0385,1.000,0.0312,0.74
17751,replay,4000,0.0314,1.000,0.0312,0.74
17752,replay,4000,0.0321,1.000,0.0312,0.73
17753,replay,4000,0.0533,1.000,0.0311,0.73
17754,replay,4000,0.0504,1.000,0.0312,0.74
17755,replay,4000,0.0361,1.000,0.0312,0.74
17756,replay,4000,0.0561,1.000,0.0312,0.73
17757,replay,4000,0.0381,1.000,0.0311,0.74
17758,replay,4000,0.0370,1.000,0.0311,0.74
17759,es_step,4000,0.0367,1.000,0.0312,1.44
17760,replay,4000,0.0457,1.000,0.0310,0.73
17761,replay,4000,0.0571,1.000,0.0310,0.74
17762,replay,4000,0.0576,1.000,0.0311,0.73
17763,replay,4000,0.0542,1.000,0.0311,0.73
17764,replay,4000,0.0435,1.000,0.0310,0.73
17765,replay,4000,0.0667,1.000,0.0310,0.73
17766,replay,4000,0.0370,1.000,0.0310,0.73
17767,replay,4000,0.0426,1.000,0.0310,0.73
17768,replay,4000,0.0495,1.000,0.0309,0.73
17769,es_step,4000,0.0350,1.000,0.0309,1.44
17770,es_step,4000,0.0377,1.000,0.0309,1.42
17771,replay,4000,0.0446,1.000,0.0309,0.72
17772,replay,4000,0.0424,1.000,0.0309,0.73
17773,replay,4000,0.0433,1.000,0.0309,0.73
17774,replay,4000,0.0404,1.000,0.0309,0.74
17775,replay,4000,0.0427,1.000,0.0309,0.74
17776,replay,4000,0.0477,1.000,0.0309,0.74
17777,replay,4000,0.0439,1.000,0.0309,0.74
17778,replay,4000,0.0437,1.000,0.0309,0.74
17779,replay,4000,0.0526,1.000,0.0309,0.73
17780,replay,4000,0.0578,1.000,0.0309,0.75
17781,replay,4000,0.0607,1.000,0.0309,0.74
17782,replay,4000,0.0479,1.000,0.0310,0.74
17783,replay,4000,0.0513,1.000,0.0310,0.74
17784,replay,4000,0.0689,1.000,0.0310,0.74
17785,replay,4000,0.0688,1.000,0.0310,0.74
17786,es_step,4000,0.0435,1.000,0.0310,1.44
17787,replay,4000,0.0611,1.000,0.0310,0.73
17788,replay,4000,0.0687,1.000,0.0311,0.73
17789,replay,4000,0.0776,1.000,0.0311,0.73
17790,es_step,4000,0.0476,1.000,0.0311,1.43
17791,replay,4000,0.0751,1.000,0.0312,0.72
17792,replay,4000,0.0800,1.000,0.0312,0.73
17793,es_step,4000,0.0535,1.000,0.0312,1.41
17794,replay,4000,0.0729,1.000,0.0312,0.73
17795,replay,4000,0.0713,1.000,0.0313,0.73
17796,es_step,4000,0.0664,1.000,0.0314,1.42
17797,replay,4000,0.0826,1.000,0.0315,0.74
17798,replay,4000,0.0774,1.000,0.0315,0.75
17799,replay,4000,0.0631,1.000,0.0316,0.74
17800,replay,4000,0.0600,1.000,0.0316,0.74
17801,es_step,4000,0.0448,1.000,0.0316,1.43
17802,replay,4000,0.0513,1.000,0.0316,0.73
17803,replay,4000,0.0422,1.000,0.0316,0.73
17804,es_step,4000,0.0342,1.000,0.0316,1.42
17805,replay,4000,0.0410,1.000,0.0316,0.72
17806,replay,4000,0.0315,1.000,0.0315,0.73
17807,replay,4000,0.0268,1.000,0.0314,0.74
17808,replay,4000,0.0283,1.000,0.0314,0.73
17809,replay,4000,0.0249,1.000,0.0313,0.73
17810,replay,4000,0.0253,1.000,0.0313,0.73
17811,es_step,4000,0.0253,1.000,0.0313,1.42
17812,es_step,4000,0.0219,0.938,0.0313,1.41
17813,replay,4000,0.0304,1.000,0.0312,0.72
17814,replay,4000,0.0367,1.000,0.0312,0.72
17815,replay,4000,0.0308,1.000,0.0311,0.72
17816,replay,4000,0.0362,1.000,0.0311,0.72
17817,es_step,4000,0.0367,0.938,0.0311,1.42
17818,replay,4000,0.0392,1.000,0.0311,0.72
17819,replay,4000,0.0423,1.000,0.0311,0.73
17820,replay,4000,0.0452,1.000,0.0311,0.73
17821,es_step,4000,0.0462,1.000,0.0311,1.41
17822,es_step,4000,0.0466,1.000,0.0311,1.41
17823,es_step,4000,0.0434,1.000,0.0312,1.40
17824,replay,4000,0.0494,1.000,0.0311,0.73
17825,replay,4000,0.0443,1.000,0.0312,0.74
17826,replay,4000,0.0508,1.000,0.0312,0.73
17827,es_step,4000,0.0386,1.000,0.0312,1.42
17828,replay,4000,0.0531,1.000,0.0311,0.73
17829,replay,4000,0.0359,1.000,0.0311,0.74
17830,replay,4000,0.0364,1.000,0.0311,0.73
17831,replay,4000,0.0392,1.000,0.0311,0.73
17832,replay,4000,0.0420,1.000,0.0310,0.73
17833,replay,4000,0.0415,1.000,0.0310,0.73
17834,es_step,4000,0.0373,1.000,0.0310,1.42
17835,es_step,4000,0.0357,1.000,0.0310,1.41
17836,replay,4000,0.0445,1.000,0.0310,0.72
17837,replay,4000,0.0456,1.000,0.0310,0.72
17838,replay,4000,0.0561,1.000,0.0310,0.72
17839,es_step,4000,0.0340,1.000,0.0310,1.42
17840,es_step,4000,0.0311,1.000,0.0310,1.40
17841,replay,4000,0.0479,1.000,0.0310,0.72
17842,replay,4000,0.0415,1.000,0.0310,0.73
17843,replay,4000,0.0565,1.000,0.0310,0.72
17844,replay,4000,0.0511,1.000,0.0310,0.73
17845,replay,4000,0.0524,1.000,0.0310,0.72
17846,es_step,4000,0.0403,1.000,0.0310,1.42
17847,replay,4000,0.0461,1.000,0.0310,0.72
17848,replay,4000,0.0465,1.000,0.0310,0.73
17849,replay,4000,0.0490,1.000,0.0310,0.72
17850,replay,4000,0.0425,1.000,0.0309,0.73
17851,replay,4000,0.0392,1.000,0.0309,0.73
17852,replay,4000,0.0310,1.000,0.0309,0.73
17853,es_step,4000,0.0264,1.000,0.0309,1.42
17854,es_step,4000,0.0251,1.000,0.0309,1.41
17855,replay,4000,0.0282,1.000,0.0308,0.72
17856,es_step,4000,0.0277,1.000,0.0308,1.40
17857,es_step,4000,0.0296,0.938,0.0308,1.41
17858,es_step,4000,0.0288,0.938,0.0308,1.41
17859,es_step,4000,0.0228,1.000,0.0308,1.40
17860,replay,4000,0.0345,1.000,0.0308,0.73
17861,replay,4000,0.0290,1.000,0.0308,0.73
17862,replay,4000,0.0294,1.000,0.0307,0.74
17863,replay,4000,0.0347,1.000,0.0307,0.72
17864,replay,4000,0.0873,1.000,0.0307,0.72
17865,replay,4000,0.0322,1.000,0.0306,0.72
17866,replay,4000,0.0517,1.000,0.0306,0.72
17867,replay,4000,0.0541,1.000,0.0306,0.72
17868,replay,4000,0.0497,1.000,0.0307,0.73
17869,replay,4000,0.0513,1.000,0.0307,0.72
17870,replay,4000,0.0550,1.000,0.0307,0.72
17871,replay,4000,-0.0350,1.000,0.0307,0.72
17872,replay,4000,0.0789,1.000,0.0308,0.73
17873,replay,4000,0.0574,1.000,0.0307,0.73
17874,replay,4000,0.0679,1.000,0.0308,0.73
17875,es_step,4000,0.0461,0.938,0.0308,1.43
17876,replay,4000,0.0810,1.000,0.0308,0.73
17877,replay,4000,0.0730,1.000,0.0309,0.72
17878,es_step,4000,0.0496,1.000,0.0309,1.41
17879,replay,4000,0.0559,1.000,0.0309,0.72
17880,replay,4000,0.0610,1.000,0.0309,0.73
17881,replay,4000,0.0590,1.000,0.0310,0.73
17882,es_step,4000,0.0533,0.938,0.0311,1.42
17883,replay,4000,0.0562,1.000,0.0311,0.72
17884,es_step,4000,0.0507,0.938,0.0311,1.41
17885,replay,4000,0.0620,1.000,0.0312,0.73
17886,replay,4000,0.0512,1.000,0.0312,0.73
17887,es_step,4000,0.0483,1.000,0.0312,1.41
17888,replay,4000,0.0582,1.000,0.0312,0.72
17889,replay,4000,0.0578,1.000,0.0312,0.72
17890,replay,4000,0.0469,1.000,0.0313,0.72
17891,replay,4000,0.0534,1.000,0.0313,0.73
17892,replay,4000,0.0599,1.000,0.0313,0.73
17893,es_step,4000,0.0461,1.000,0.0313,1.41
17894,replay,4000,0.0439,1.000,0.0313,0.72
17895,replay,4000,0.0432,1.000,0.0313,0.73
17896,replay,4000,0.0526,1.000,0.0314,0.72
17897,replay,4000,0.0535,1.000,0.0314,0.72
17898,es_step,4000,0.0404,1.000,0.0314,1.41
17899,es_step,4000,0.0465,1.000,0.0315,1.41
17900,replay,4000,0.0501,1.000,0.0315,0.72
17901,replay,4000,0.0490,1.000,0.0315,0.72
17902,es_step,4000,0.0363,0.938,0.0315,1.41
17903,replay,4000,0.0484,1.000,0.0315,0.71
17904,replay,4000,0.0439,1.000,0.0315,0.72
17905,replay,4000,0.0309,1.000,0.0314,0.72
17906,replay,4000,0.0303,1.000,0.0314,0.72
17907,replay,4000,0.0647,1.000,0.0314,0.73
17908,es_step,4000,0.0409,1.000,0.0314,3.68
17909,replay,4000,0.0525,1.000,0.0314,0.72
17910,replay,4000,0.0437,1.000,0.0315,0.73
17911,replay,4000,0.0411,1.000,0.0315,0.72
17912,replay,4000,0.0426,1.000,0.0315,0.73
17913,es_step,4000,0.0409,1.000,0.0315,1.41
17914,replay,4000,0.0450,1.000,0.0315,0.72
17915,replay,4000,0.0437,1.000,0.0315,0.73
17916,replay,4000,0.0438,1.000,0.0315,0.72
17917,es_step,4000,0.0373,0.938,0.0315,1.40
17918,replay,4000,0.0468,1.000,0.0315,0.72
17919,replay,4000,0.0365,1.000,0.0315,0.73
17920,replay,4000,0.0345,1.000,0.0314,0.72
17921,replay,4000,0.0270,1.000,0.0314,0.73
17922,replay,4000,0.0363,1.000,0.0314,0.73
17923,replay,4000,0.0410,1.000,0.0313,0.72
17924,replay,4000,0.0326,1.000,0.0313,0.73
17925,es_step,4000,0.0304,1.000,0.0313,1.42
17926,es_step,4000,0.0312,1.000,0.0313,1.41
17927,es_step,4000,0.0314,1.000,0.0313,1.41
17928,replay,4000,0.0353,1.000,0.0313,0.72
17929,es_step,4000,0.0307,1.000,0.0313,1.40
17930,replay,4000,0.0180,1.000,0.0313,0.72
17931,replay,4000,0.0351,1.000,0.0313,0.73
17932,replay,4000,0.0349,1.000,0.0313,0.72
17933,replay,4000,0.0395,1.000,0.0313,0.72
17934,es_step,4000,0.0336,1.000,0.0313,1.40
17935,replay,4000,0.0337,1.000,0.0312,0.71
17936,replay,4000,0.0372,1.000,0.0312,0.71
17937,replay,4000,0.0346,1.000,0.0312,0.72
17938,replay,4000,0.0359,1.000,0.0312,0.72
17939,replay,4000,0.0340,1.000,0.0312,0.72
17940,replay,4000,0.0579,1.000,0.0311,0.72
17941,replay,4000,0.0604,1.000,0.0311,0.72
17942,replay,4000,0.0535,1.000,0.0311,0.72
17943,replay,4000,0.0479,1.000,0.0311,0.72
17944,replay,4000,0.0359,1.000,0.0310,0.72
17945,replay,4000,0.0676,1.000,0.0311,0.72
17946,replay,4000,0.0624,1.000,0.0311,0.72
17947,replay,4000,0.0726,1.000,0.0312,0.73
17948,es_step,4000,0.0580,0.938,0.0315,1.42
17949,replay,4000,0.0839,1.000,0.0315,0.72
17950,replay,4000,0.0876,1.000,0.0316,0.73
17951,replay,4000,0.0829,1.000,0.0316,0.72
17952,replay,4000,0.0633,1.000,0.0316,0.73
17953,replay,4000,0.0547,1.000,0.0317,0.73
17954,replay,4000,0.0636,1.000,0.0317,0.73
17955,replay,4000,0.0677,1.000,0.0317,0.73
17956,es_step,4000,0.0529,1.000,0.0318,1.42
17957,replay,4000,0.0625,1.000,0.0318,0.72
17958,es_step,4000,0.0575,1.000,0.0319,1.40
17959,replay,4000,0.0648,1.000,0.0319,0.72
17960,es_step,4000,0.0624,1.000,0.0320,1.40
17961,replay,4000,0.0604,1.000,0.0320,0.71
17962,es_step,4000,0.0603,1.000,0.0321,1.38
17963,replay,4000,0.0627,1.000,0.0322,0.71
17964,replay,4000,0.0606,1.000,0.0322,0.71
17965,replay,4000,0.0634,1.000,0.0322,0.73
17966,replay,4000,0.0629,1.000,0.0323,0.74
17967,replay,4000,0.0600,1.000,0.0323,0.74
17968,replay,4000,0.0444,1.000,0.0324,0.75
17969,replay,4000,0.0487,1.000,0.0324,0.75
17970,es_step,4000,0.0391,1.000,0.0324,1.45
17971,replay,4000,0.0632,1.000,0.0324,0.73
17972,es_step,4000,0.0412,1.000,0.0324,1.42
17973,replay,4000,0.0474,1.000,0.0324,0.73
17974,replay,4000,0.0572,1.000,0.0324,0.73
17975,replay,4000,0.0491,1.000,0.0324,0.74
17976,replay,4000,0.0493,1.000,0.0324,0.74
17977,es_step,4000,0.0446,1.000,0.0324,1.42
17978,replay,4000,0.0539,1.000,0.0324,0.73
17979,replay,4000,0.0429,1.000,0.0324,0.73
17980,es_step,4000,0.0391,1.000,0.0324,1.42
17981,replay,4000,0.0438,1.000,0.0324,0.72
17982,replay,4000,0.0544,1.000,0.0324,0.71
17983,replay,4000,0.0575,1.000,0.0324,0.71
17984,replay,4000,0.0549,1.000,0.0323,0.70
17985,replay,4000,0.0397,1.000,0.0323,0.70
17986,replay,4000,0.0403,1.000,0.0323,0.71
17987,replay,4000,0.0557,1.000,0.0323,0.72
17988,es_step,4000,0.0375,1.000,0.0323,1.41
17989,replay,4000,0.0456,1.000,0.0323,0.72
17990,replay,4000,0.0465,1.000,0.0323,0.72
17991,replay,4000,0.0533,1.000,0.0323,0.72
17992,replay,4000,0.0522,1.000,0.0323,0.72
17993,replay,4000,0.0426,1.000,0.0323,0.72
17994,replay,4000,0.0431,1.000,0.0323,0.72
17995,replay,4000,0.0424,1.000,0.0323,0.72
17996,replay,4000,0.0443,1.000,0.0323,0.73
17997,es_step,4000,0.0389,1.000,0.0323,1.41
17998,es_step,4000,0.0357,1.000,0.0323,1.40
17999,es_step,4000,0.0367,1.000,0.0323,1.40
18000,es_step,4000,0.0399,1.000,0.0323,1.46
18001,replay,4000,0.0622,1.000,0.0323,0.74
18002,replay,4000,0.0515,1.000,0.0323,0.75
18003,replay,4000,0.0678,1.000,0.0323,0.76
18004,replay,4000,0.0688,1.000,0.0324,0.76
18005,replay,4000,0.0647,1.000,0.0324,0.75
18006,es_step,4000,0.0515,1.000,0.0324,1.45
18007,replay,4000,0.0670,1.000,0.0325,0.74
18008,replay,4000,0.0658,1.000,0.0325,0.74
18009,replay,4000,0.0654,1.000,0.0325,0.74
18010,replay,4000,0.0600,1.000,0.0326,0.74
18011,replay,4000,0.0577,1.000,0.0326,0.74
18012,replay,4000,0.0558,1.000,0.0326,0.74
18013,replay,4000,0.0632,1.000,0.0326,0.73
18014,replay,4000,0.0530,1.000,0.0326,0.75
18015,replay,4000,0.0626,1.000,0.0326,0.75
18016,es_step,4000,0.0503,1.000,0.0326,1.44
18017,es_step,4000,0.0531,1.000,0.0326,1.44
18018,replay,4000,0.0561,1.000,0.0327,0.73
18019,replay,4000,0.0423,1.000,0.0326,0.73
18020,es_step,4000,0.0619,1.000,0.0329,1.43
18021,replay,4000,0.0634,1.000,0.0330,0.72
18022,replay,4000,0.0959,1.000,0.0330,0.72
18023,replay,4000,0.0743,1.000,0.0331,0.74
18024,replay,4000,0.0842,1.000,0.0332,0.73
18025,replay,4000,0.0730,1.000,0.0333,0.73
18026,replay,4000,0.0790,1.000,0.0334,0.74
18027,replay,4000,0.0619,1.000,0.0333,0.73
18028,replay,4000,0.0565,1.000,0.0334,0.74
18029,es_step,4000,0.0477,1.000,0.0334,1.43
18030,replay,4000,0.0557,1.000,0.0334,0.73
18031,replay,4000,0.0498,1.000,0.0334,0.74
18032,replay,4000,0.0425,1.000,0.0334,0.73
18033,replay,4000,0.0329,1.000,0.0334,0.73
18034,replay,4000,0.0383,1.000,0.0333,0.73
18035,replay,4000,0.0334,1.000,0.0333,0.73
18036,es_step,4000,0.0344,1.000,0.0333,1.43
18037,replay,4000,0.0340,1.000,0.0333,0.73
18038,replay,4000,0.0402,1.000,0.0335,0.73
18039,replay,4000,0.0321,1.000,0.0335,0.73
18040,es_step,4000,0.0460,1.000,0.0335,1.42
18041,es_step,4000,0.0443,1.000,0.0335,1.41
18042,es_step,4000,0.0464,1.000,0.0335,1.39
18043,replay,4000,0.0679,1.000,0.0335,0.72
18044,replay,4000,0.0767,1.000,0.0335,0.72
18045,replay,4000,0.0884,1.000,0.0336,0.73
18046,replay,4000,0.0882,1.000,0.0336,0.73
18047,replay,4000,0.0900,1.000,0.0337,0.72
18048,replay,4000,0.0802,1.000,0.0338,0.73
18049,replay,4000,0.0781,1.000,0.0339,0.73
18050,replay,4000,0.0966,1.000,0.0340,0.73
18051,es_step,4000,0.0705,1.000,0.0341,1.41
18052,replay,4000,0.0934,1.000,0.0342,0.72
18053,replay,4000,0.0922,1.000,0.0343,0.72
18054,replay,4000,0.0942,1.000,0.0344,0.72
18055,replay,4000,0.0818,1.000,0.0345,0.73
18056,replay,4000,0.0855,1.000,0.0346,0.73
18057,replay,4000,0.0831,1.000,0.0346,0.74
18058,replay,4000,0.0746,1.000,0.0347,0.73
18059,es_step,4000,0.0507,1.000,0.0347,1.41
18060,replay,4000,0.0791,1.000,0.0347,0.72
18061,es_step,4000,0.0439,1.000,0.0347,1.41
18062,replay,4000,0.0699,1.000,0.0347,0.72
18063,es_step,4000,0.0420,1.000,0.0347,1.41
18064,replay,4000,0.0452,1.000,0.0347,0.72
18065,es_step,4000,0.0404,1.000,0.0347,1.39
18066,replay,4000,0.0442,1.000,0.0347,0.71
18067,replay,4000,0.0512,1.000,0.0347,0.72
18068,replay,4000,0.0387,1.000,0.0347,0.72
18069,replay,4000,0.0455,1.000,0.0347,0.72
18070,replay,4000,0.0444,1.000,0.0347,0.72
18071,replay,4000,0.0405,1.000,0.0347,0.73
18072,replay,4000,0.0429,1.000,0.0347,0.73
18073,replay,4000,0.0370,1.000,0.0347,0.73
18074,replay,4000,0.0410,1.000,0.0346,0.73
18075,replay,4000,0.0329,1.000,0.0346,0.73
18076,replay,4000,0.0312,1.000,0.0345,0.73
18077,replay,4000,0.0274,1.000,0.0345,0.73
18078,replay,4000,0.0447,1.000,0.0344,0.73
18079,es_step,4000,0.0273,1.000,0.0344,1.41
18080,replay,4000,0.0333,1.000,0.0344,0.72
18081,replay,4000,0.0370,1.000,0.0343,0.73
18082,replay,4000,0.0389,1.000,0.0343,0.73
18083,replay,4000,0.0396,1.000,0.0343,0.72
18084,replay,4000,0.0346,1.000,0.0343,0.72
18085,es_step,4000,0.0290,1.000,0.0343,1.41
18086,es_step,4000,0.0367,1.000,0.0343,1.40
18087,replay,4000,0.0456,1.000,0.0343,0.73
18088,replay,4000,0.0360,1.000,0.0343,0.73
18089,replay,4000,0.0422,1.000,0.0342,0.74
18090,es_step,4000,0.0299,1.000,0.0342,1.42
18091,replay,4000,0.0264,1.000,0.0342,0.72
18092,es_step,4000,0.0314,1.000,0.0342,1.40
18093,replay,4000,0.0350,1.000,0.0342,0.73
18094,replay,4000,0.0346,1.000,0.0341,0.74
18095,replay,4000,0.0358,1.000,0.0341,0.73
18096,replay,4000,0.0330,1.000,0.0341,0.73
18097,replay,4000,0.0327,1.000,0.0342,0.74
18098,replay,4000,0.0357,1.000,0.0341,0.74
18099,es_step,4000,0.0357,1.000,0.0341,1.42
18100,replay,4000,0.0378,1.000,0.0341,0.72
18101,replay,4000,0.0322,1.000,0.0341,0.72
18102,es_step,4000,0.0342,1.000,0.0341,1.41
18103,replay,4000,0.0321,1.000,0.0341,0.72
18104,replay,4000,0.0498,1.000,0.0341,0.72
18105,replay,4000,0.0323,1.000,0.0341,0.72
18106,replay,4000,0.0677,1.000,0.0341,0.73
18107,replay,4000,0.0500,1.000,0.0341,0.72
18108,replay,4000,0.0562,1.000,0.0341,0.72
18109,replay,4000,0.0582,1.000,0.0341,0.72
18110,es_step,4000,0.0452,1.000,0.0341,1.41
18111,replay,4000,0.0498,1.000,0.0341,0.73
18112,replay,4000,0.0411,1.000,0.0341,0.72
18113,es_step,4000,0.0433,1.000,0.0341,1.42
18114,replay,4000,0.0428,1.000,0.0341,0.72
18115,replay,4000,0.0555,1.000,0.0341,0.74
18116,replay,4000,0.0539,1.000,0.0341,0.74
18117,replay,4000,0.0336,1.000,0.0341,0.73
18118,es_step,4000,0.0327,1.000,0.0341,1.44
18119,replay,4000,0.0281,1.000,0.0340,0.72
18120,replay,4000,0.0285,1.000,0.0340,0.73
18121,replay,4000,0.0343,1.000,0.0339,0.73
18122,replay,4000,0.0458,1.000,0.0339,0.72
18123,replay,4000,0.0584,1.000,0.0339,0.73
18124,replay,4000,0.0308,1.000,0.0339,0.73
18125,es_step,4000,0.0350,1.000,0.0339,1.42
18126,replay,4000,0.0381,1.000,0.0339,0.74
18127,replay,4000,0.0372,1.000,0.0338,0.73
18128,replay,4000,0.0475,1.000,0.0339,0.74
18129,es_step,4000,0.0355,0.938,0.0339,1.42
18130,replay,4000,0.0600,1.000,0.0338,0.72
18131,replay,4000,0.0495,1.000,0.0338,0.72
18132,es_step,4000,0.0411,1.000,0.0338,1.42
18133,replay,4000,0.0549,1.000,0.0338,0.72
18134,es_step,4000,0.0407,1.000,0.0338,1.40
18135,replay,4000,0.0443,1.000,0.0339,0.72
18136,replay,4000,0.0684,1.000,0.0339,0.73
18137,replay,4000,0.0701,1.000,0.0339,0.73
18138,es_step,4000,0.0496,1.000,0.0339,1.42
18139,replay,4000,0.0633,1.000,0.0340,0.72
18140,replay,4000,0.0646,1.000,0.0340,0.72
18141,replay,4000,0.0629,1.000,0.0340,0.72
18142,replay,4000,0.0565,1.000,0.0341,0.72
18143,es_step,4000,0.0524,1.000,0.0341,1.41
18144,es_step,4000,0.0539,1.000,0.0341,1.40
18145,replay,4000,0.0609,1.000,0.0341,0.72
18146,replay,4000,0.0597,1.000,0.0342,0.72
18147,replay,4000,0.0793,1.000,0.0342,0.72
18148,es_step,4000,0.0479,1.000,0.0342,1.40
18149,replay,4000,0.0707,1.000,0.0343,0.72
18150,replay,4000,0.0636,1.000,0.0343,0.72
18151,es_step,4000,0.0410,1.000,0.0343,1.39
18152,replay,4000,0.0559,1.000,0.0343,0.72
18153,replay,4000,0.0539,1.000,0.0343,0.74
18154,replay,4000,0.0560,1.000,0.0343,0.73
18155,replay,4000,0.0558,1.000,0.0343,0.73
18156,replay,4000,0.0490,1.000,0.0343,0.73
18157,replay,4000,0.0371,1.000,0.0343,0.73
18158,replay,4000,0.0341,1.000,0.0343,0.73
18159,es_step,4000,0.0227,1.000,0.0343,1.41
18160,replay,4000,0.0284,1.000,0.0342,0.72
18161,replay,4000,0.0326,1.000,0.0341,0.72
18162,es_step,4000,0.0251,1.000,0.0342,1.42
18163,replay,4000,0.0211,1.000,0.0341,0.72
18164,replay,4000,0.0268,1.000,0.0341,0.73
18165,replay,4000,0.0197,1.000,0.0340,0.72
18166,replay,4000,0.0415,1.000,0.0340,0.72
18167,replay,4000,0.0455,1.000,0.0340,0.72
18168,replay,4000,0.0401,1.000,0.0340,0.72
18169,replay,4000,0.0435,1.000,0.0340,0.72
18170,replay,4000,0.0474,1.000,0.0340,0.73
18171,es_step,4000,0.0416,1.000,0.0340,1.43
18172,replay,4000,0.0469,1.000,0.0340,0.72
18173,replay,4000,0.0548,1.000,0.0341,0.75
18174,es_step,4000,0.0398,1.000,0.0341,1.47
18175,replay,4000,0.0580,1.000,0.0341,0.74
18176,es_step,4000,0.0363,1.000,0.0341,1.43
18177,replay,4000,0.0540,1.000,0.0341,0.72
18178,es_step,4000,0.0370,1.000,0.0341,1.41
18179,replay,4000,0.0493,1.000,0.0341,0.72
18180,replay,4000,0.0392,1.000,0.0341,0.74
18181,es_step,4000,0.0349,1.000,0.0341,1.44
18182,replay,4000,0.0402,1.000,0.0341,0.73
18183,replay,4000,0.0486,1.000,0.0341,0.72
18184,replay,4000,0.0504,1.000,0.0341,0.72
18185,replay,4000,0.0463,1.000,0.0341,0.73
18186,replay,4000,0.0533,1.000,0.0341,0.72
18187,es_step,4000,0.0324,1.000,0.0341,1.41
18188,es_step,4000,0.0360,1.000,0.0341,1.39
18189,replay,4000,0.0544,1.000,0.0341,0.72
18190,replay,4000,0.0505,1.000,0.0341,0.72
18191,replay,4000,0.0340,1.000,0.0341,0.72
18192,es_step,4000,0.0277,1.000,0.0341,1.40
18193,es_step,4000,0.0243,1.000,0.0341,1.39
18194,replay,4000,0.0228,1.000,0.0340,0.74
18195,es_step,4000,0.0310,1.000,0.0340,1.39
18196,replay,4000,0.0259,1.000,0.0340,3.03
18197,replay,4000,0.0437,1.000,0.0340,0.72
18198,replay,4000,0.0395,1.000,0.0340,0.72
18199,replay,4000,0.0623,1.000,0.0340,0.72
18200,replay,4000,0.0630,1.000,0.0340,0.72
18201,replay,4000,0.0635,1.000,0.0341,0.72
18202,es_step,4000,0.0452,1.000,0.0341,1.44
18203,replay,4000,0.1162,1.000,0.0341,0.87
18204,replay,4000,0.0895,1.000,0.0341,0.74
18205,replay,4000,0.0645,1.000,0.0341,0.74
18206,es_step,4000,0.0551,1.000,0.0342,1.44
18207,replay,4000,0.0745,1.000,0.0342,0.73
18208,replay,4000,0.0753,1.000,0.0343,0.72
18209,replay,4000,0.0754,1.000,0.0343,0.72
18210,replay,4000,0.0725,1.000,0.0344,0.72
18211,replay,4000,0.0701,1.000,0.0344,0.72
18212,replay,4000,0.0647,1.000,0.0344,0.72
18213,replay,4000,0.0661,1.000,0.0344,0.72
18214,replay,4000,0.0636,1.000,0.0344,0.72
18215,replay,4000,0.0734,1.000,0.0344,0.72
18216,es_step,4000,0.0540,1.000,0.0345,1.40
18217,replay,4000,0.0708,1.000,0.0345,0.72
18218,replay,4000,0.0672,1.000,0.0345,0.72
18219,replay,4000,0.0571,1.000,0.0346,0.72
18220,es_step,4000,0.0437,1.000,0.0346,1.39
18221,replay,4000,0.0567,1.000,0.0346,0.72
18222,replay,4000,0.0533,1.000,0.0346,0.72
18223,replay,4000,0.0449,1.000,0.0346,0.73
18224,replay,4000,0.0373,1.000,0.0345,0.73
18225,replay,4000,0.0394,1.000,0.0345,0.74
18226,replay,4000,0.0407,1.000,0.0345,0.74
18227,es_step,4000,0.0336,1.000,0.0345,1.45
18228,replay,4000,0.0415,1.000,0.0345,0.74
18229,es_step,4000,0.0301,1.000,0.0345,1.44
18230,es_step,4000,0.0315,1.000,0.0345,1.42
18231,es_step,4000,0.0303,1.000,0.0345,1.40
18232,replay,4000,0.0574,1.000,0.0344,0.73
18233,replay,4000,0.0422,1.000,0.0344,0.73
18234,replay,4000,0.0382,1.000,0.0344,0.73
18235,es_step,4000,0.0348,1.000,0.0344,1.43
18236,replay,4000,0.0447,1.000,0.0344,0.73
18237,replay,4000,0.0511,1.000,0.0344,0.73
18238,replay,4000,0.0443,1.000,0.0344,0.73
18239,replay,4000,0.0393,1.000,0.0343,0.73
18240,es_step,4000,0.0452,1.000,0.0343,1.41
18241,replay,4000,0.0505,1.000,0.0344,0.72
18242,replay,4000,0.0536,1.000,0.0344,0.73
18243,replay,4000,0.0489,1.000,0.0344,0.73
18244,replay,4000,0.0562,1.000,0.0344,0.73
18245,replay,4000,0.0539,1.000,0.0344,0.73
18246,replay,4000,0.0530,1.000,0.0344,0.74
18247,replay,4000,0.0497,1.000,0.0344,0.74
18248,replay,4000,0.0453,1.000,0.0344,0.74
18249,replay,4000,0.0393,1.000,0.0343,0.74
18250,replay,4000,0.0364,1.000,0.0343,0.73
18251,es_step,4000,0.0267,1.000,0.0343,1.43
18252,replay,4000,0.0376,1.000,0.0343,0.73
18253,replay,4000,0.0401,1.000,0.0343,0.73
18254,replay,4000,0.0337,1.000,0.0343,0.73
18255,es_step,4000,0.0353,1.000,0.0343,1.41
18256,replay,4000,0.0302,1.000,0.0342,0.72
18257,replay,4000,0.0470,1.000,0.0342,0.74
18258,replay,4000,0.0522,1.000,0.0342,0.73
18259,replay,4000,0.0587,1.000,0.0342,0.73
18260,replay,4000,0.0484,1.000,0.0342,0.73
18261,replay,4000,0.0517,1.000,0.0342,0.74
18262,replay,4000,0.0482,1.000,0.0342,0.73
18263,es_step,4000,0.0371,1.000,0.0342,1.42
18264,es_step,4000,0.0301,1.000,0.0342,1.42
18265,es_step,4000,0.0343,1.000,0.0342,1.40
18266,replay,4000,0.0467,1.000,0.0342,0.73
18267,replay,4000,0.0468,1.000,0.0342,0.73
18268,replay,4000,0.0438,1.000,0.0342,0.73
18269,es_step,4000,0.0366,1.000,0.0342,1.41
18270,es_step,4000,0.0356,0.812,0.0342,1.40
18271,es_step,4000,0.0356,0.875,0.0342,1.38
18272,replay,4000,0.0339,1.000,0.0342,0.72
18273,replay,4000,0.0338,1.000,0.0341,0.72
18274,replay,4000,0.0321,1.000,0.0341,0.72
18275,replay,4000,0.0318,1.000,0.0341,0.73
18276,replay,4000,0.0356,1.000,0.0341,0.74
18277,replay,4000,0.0394,1.000,0.0341,0.74
18278,replay,4000,0.0413,1.000,0.0341,0.73
18279,replay,4000,0.0431,1.000,0.0340,0.73
18280,replay,4000,0.0448,1.000,0.0340,0.74
18281,replay,4000,0.0386,1.000,0.0340,0.74
18282,replay,4000,0.0294,1.000,0.0339,0.74
18283,replay,4000,0.0251,1.000,0.0339,0.74
18284,es_step,4000,0.0324,0.938,0.0339,1.43
18285,replay,4000,0.0291,1.000,0.0339,0.73
18286,replay,4000,0.0432,1.000,0.0339,0.73
18287,replay,4000,0.0466,1.000,0.0339,0.74
18288,replay,4000,0.0440,1.000,0.0339,0.74
18289,es_step,4000,0.0342,0.750,0.0339,1.44
18290,replay,4000,0.0463,1.000,0.0339,0.74
18291,replay,4000,0.0430,1.000,0.0340,0.74
18292,replay,4000,0.0524,1.000,0.0340,0.74
18293,es_step,4000,0.0297,1.000,0.0340,1.42
18294,replay,4000,0.0443,1.000,0.0340,0.73
18295,es_step,4000,0.0329,0.938,0.0340,1.42
18296,replay,4000,0.0594,1.000,0.0339,0.73
18297,replay,4000,0.0618,1.000,0.0339,0.73
18298,replay,4000,0.0498,1.000,0.0339,0.73
18299,es_step,4000,0.0425,0.938,0.0339,1.41
18300,replay,4000,0.0534,1.000,0.0340,0.73
18301,es_step,4000,0.0445,0.875,0.0340,1.42
18302,replay,4000,0.0722,1.000,0.0340,0.73
18303,replay,4000,0.0553,1.000,0.0340,0.73
18304,replay,4000,0.0577,1.000,0.0340,0.72
18305,replay,4000,0.0632,1.000,0.0340,0.73
18306,replay,4000,0.0595,1.000,0.0340,0.73
18307,es_step,4000,0.0485,0.875,0.0340,1.43
18308,replay,4000,0.0569,1.000,0.0342,0.72
18309,replay,4000,0.0762,1.000,0.0343,0.72
18310,es_step,4000,0.0506,0.938,0.0343,1.41
18311,replay,4000,0.0686,1.000,0.0343,0.72
18312,replay,4000,0.0701,1.000,0.0343,0.72
18313,es_step,4000,0.0450,1.000,0.0343,1.41
18314,replay,4000,0.0616,1.000,0.0343,0.74
18315,replay,4000,0.0543,1.000,0.0343,0.73
18316,es_step,4000,0.0310,1.000,0.0343,1.40
18317,es_step,4000,0.0314,0.938,0.0343,1.39
18318,replay,4000,0.0452,1.000,0.0343,0.71
18319,replay,4000,0.0383,1.000,0.0342,0.72
18320,replay,4000,0.0304,1.000,0.0342,0.73
18321,replay,4000,0.0309,1.000,0.0341,0.73
18322,replay,4000,0.0334,1.000,0.0341,0.73
18323,replay,4000,0.0268,1.000,0.0341,0.74
18324,replay,4000,0.0330,1.000,0.0340,0.73
18325,replay,4000,0.0503,1.000,0.0340,0.74
18326,replay,4000,0.0504,1.000,0.0340,0.74
18327,replay,4000,0.0500,1.000,0.0340,0.74
18328,es_step,4000,0.0353,1.000,0.0340,1.41
18329,replay,4000,0.0508,1.000,0.0340,0.72
18330,replay,4000,0.0514,1.000,0.0340,0.72
18331,es_step,4000,0.0270,1.000,0.0340,1.39
18332,replay,4000,0.0476,1.000,0.0340,0.72
18333,replay,4000,0.0379,1.000,0.0340,0.72
18334,replay,4000,0.0373,1.000,0.0339,0.72
18335,replay,4000,0.0164,1.000,0.0339,0.72
18336,replay,4000,0.0297,1.000,0.0338,0.72
18337,replay,4000,0.0200,1.000,0.0337,0.74
18338,replay,4000,0.0348,1.000,0.0337,0.73
18339,es_step,4000,0.0264,1.000,0.0337,1.42
18340,replay,4000,0.0246,1.000,0.0337,0.72
18341,replay,4000,0.0318,1.000,0.0337,0.73
18342,replay,4000,0.0428,1.000,0.0336,0.73
18343,replay,4000,0.0366,1.000,0.0336,0.72
18344,replay,4000,0.0523,1.000,0.0336,0.73
18345,replay,4000,0.0561,1.000,0.0337,0.73
18346,replay,4000,0.0505,1.000,0.0337,0.73
18347,replay,4000,0.0657,1.000,0.0337,0.73
18348,replay,4000,0.0551,1.000,0.0337,0.73
18349,es_step,4000,0.0370,0.875,0.0337,1.43
18350,replay,4000,0.0594,1.000,0.0337,0.73
18351,replay,4000,0.0549,1.000,0.0337,0.73
18352,es_step,4000,0.0376,1.000,0.0337,1.43
18353,replay,4000,0.0480,1.000,0.0337,0.73
18354,es_step,4000,0.0340,1.000,0.0338,1.41
18355,es_step,4000,0.0337,0.875,0.0338,1.42
18356,replay,4000,0.0492,1.000,0.0338,0.73
18357,replay,4000,0.0322,1.000,0.0337,0.72
18358,es_step,4000,0.0303,1.000,0.0337,1.40
18359,es_step,4000,0.0304,0.938,0.0337,1.40
18360,replay,4000,0.0429,1.000,0.0337,0.73
18361,replay,4000,0.0300,1.000,0.0337,0.73
18362,es_step,4000,0.0313,1.000,0.0337,1.40
18363,replay,4000,0.0541,1.000,0.0337,0.71
18364,es_step,4000,0.0339,1.000,0.0337,1.38
18365,replay,4000,0.0481,1.000,0.0337,0.71
18366,replay,4000,0.0523,1.000,0.0337,0.72
18367,replay,4000,0.0468,1.000,0.0336,0.72
18368,es_step,4000,0.0291,0.938,0.0336,1.37
18369,replay,4000,0.0298,1.000,0.0336,0.71
18370,replay,4000,0.0250,1.000,0.0336,0.73
18371,es_step,4000,0.0277,1.000,0.0336,1.39
18372,es_step,4000,0.0288,1.000,0.0336,1.37
18373,replay,4000,0.0360,1.000,0.0335,0.73
18374,replay,4000,0.0287,1.000,0.0335,0.73
18375,es_step,4000,0.0283,0.938,0.0335,1.38
18376,replay,4000,0.0448,1.000,0.0335,0.71
18377,replay,4000,0.0445,1.000,0.0335,0.71
18378,replay,4000,0.0491,1.000,0.0335,0.71
18379,es_step,4000,0.0350,0.938,0.0335,1.38
18380,replay,4000,0.0427,1.000,0.0335,0.71
18381,es_step,4000,0.0328,1.000,0.0335,1.36
18382,es_step,4000,0.0312,0.938,0.0335,1.35
18383,replay,4000,0.0305,1.000,0.0334,0.72
18384,replay,4000,0.0301,1.000,0.0334,0.72
18385,replay,4000,0.0273,1.000,0.0334,0.74
18386,replay,4000,0.0245,1.000,0.0334,0.74
18387,es_step,4000,0.0291,0.875,0.0334,1.41
18388,es_step,4000,0.0308,0.750,0.0334,1.40
18389,replay,4000,0.0454,1.000,0.0334,0.73
18390,replay,4000,0.0354,1.000,0.0333,0.73
18391,replay,4000,0.0448,1.000,0.0333,0.74
18392,replay,4000,0.0390,1.000,0.0333,0.74
18393,replay,4000,0.0361,1.000,0.0333,0.73
18394,replay,4000,0.0468,1.000,0.0333,0.73
18395,replay,4000,0.0431,1.000,0.0333,0.73
18396,replay,4000,0.0432,1.000,0.0332,0.74
18397,replay,4000,0.0476,1.000,0.0332,0.75
18398,replay,4000,0.0408,1.000,0.0332,0.74
18399,replay,4000,0.0538,1.000,0.0332,0.74
18400,replay,4000,0.0459,1.000,0.0332,0.75
18401,es_step,4000,0.0303,0.625,0.0332,2.21
18402,es_step,4000,0.0303,0.938,0.0332,1.54
18403,replay,4000,0.0349,1.000,0.0332,0.77
18404,replay,4000,0.0338,1.000,0.0332,0.78
18405,es_step,4000,0.0328,1.000,0.0332,1.56
18406,replay,4000,0.0350,1.000,0.0331,0.78
18407,es_step,4000,0.0295,0.938,0.0331,1.55
18408,es_step,4000,0.0313,0.938,0.0331,1.53
18409,replay,4000,0.0335,1.000,0.0331,0.77
18410,es_step,4000,0.0326,0.875,0.0331,1.49
18411,replay,4000,0.0327,1.000,0.0331,0.76
18412,replay,4000,0.0309,1.000,0.0330,0.75
18413,es_step,4000,0.0342,0.875,0.0330,1.47
18414,replay,4000,0.0349,1.000,0.0331,0.75
18415,replay,4000,0.0706,1.000,0.0331,0.75
18416,replay,4000,0.0796,1.000,0.0331,0.75
18417,replay,4000,0.0834,1.000,0.0331,0.75
18418,replay,4000,0.0707,1.000,0.0331,0.75
18419,replay,4000,0.0722,1.000,0.0331,0.74
18420,es_step,4000,0.0473,0.938,0.0331,1.46
18421,replay,4000,0.0581,1.000,0.0331,0.75
18422,es_step,4000,0.0494,0.938,0.0332,1.45
18423,replay,4000,0.0692,1.000,0.0332,0.74
18424,replay,4000,0.0700,1.000,0.0332,0.74
18425,replay,4000,0.0696,1.000,0.0333,0.74
18426,replay,4000,0.0678,1.000,0.0333,0.74
18427,replay,4000,0.0598,1.000,0.0334,0.74
18428,es_step,4000,0.0478,0.875,0.0334,1.44
18429,es_step,4000,0.0469,0.875,0.0334,1.43
18430,replay,4000,0.0819,1.000,0.0334,0.73
18431,replay,4000,0.0710,1.000,0.0334,0.73
18432,es_step,4000,0.0540,0.938,0.0335,1.43
18433,replay,4000,0.0816,1.000,0.0335,0.73
18434,replay,4000,0.0889,1.000,0.0336,0.72
18435,replay,4000,0.0769,1.000,0.0337,0.73
18436,es_step,4000,0.0672,0.938,0.0338,1.44
18437,replay,4000,0.0909,1.000,0.0339,0.73
18438,replay,4000,0.0923,1.000,0.0340,0.74
18439,es_step,4000,0.0692,1.000,0.0340,1.43
18440,replay,4000,0.0986,1.000,0.0341,0.73
18441,replay,4000,0.1010,1.000,0.0342,0.74
18442,es_step,4000,0.0710,0.938,0.0342,1.45
18443,replay,4000,0.0946,1.000,0.0343,0.74
18444,es_step,4000,0.0670,1.000,0.0343,1.43
18445,es_step,4000,0.0660,0.938,0.0343,1.42
18446,replay,4000,0.0922,1.000,0.0344,0.73
18447,replay,4000,0.0898,1.000,0.0345,0.74
18448,replay,4000,0.0868,1.000,0.0345,0.73
18449,replay,4000,0.0884,1.000,0.0345,0.74
18450,replay,4000,0.0773,1.000,0.0346,0.74
18451,replay,4000,0.0714,1.000,0.0346,0.74
18452,es_step,4000,0.0472,0.938,0.0347,1.44
18453,es_step,4000,0.0463,1.000,0.0347,1.42
18454,es_step,4000,0.0521,1.000,0.0347,1.42
18455,replay,4000,0.0696,1.000,0.0347,0.74
18456,es_step,4000,0.0446,1.000,0.0347,1.43
18457,replay,4000,0.0599,1.000,0.0347,0.73
18458,es_step,4000,0.0440,1.000,0.0347,1.42
18459,replay,4000,0.0509,1.000,0.0347,0.72
18460,replay,4000,0.0469,1.000,0.0347,0.73
18461,replay,4000,0.0376,1.000,0.0347,0.73
18462,replay,4000,0.0562,1.000,0.0347,0.72
18463,replay,4000,0.0518,1.000,0.0347,0.73
18464,replay,4000,0.0424,1.000,0.0347,0.73
18465,es_step,4000,0.0395,1.000,0.0347,1.42
18466,replay,4000,0.0430,1.000,0.0347,0.72
18467,replay,4000,0.0403,1.000,0.0347,0.72
18468,replay,4000,0.0396,1.000,0.0347,0.74
18469,replay,4000,0.0464,1.000,0.0346,0.73
18470,replay,4000,0.0405,1.000,0.0346,0.74
18471,replay,4000,0.0327,1.000,0.0346,0.75
18472,replay,4000,0.0424,1.000,0.0346,0.74
18473,replay,4000,0.0305,1.000,0.0345,0.74
18474,replay,4000,0.0324,1.000,0.0345,0.74
18475,replay,4000,0.0338,1.000,0.0344,0.74
18476,replay,4000,0.0279,1.000,0.0344,0.74
18477,replay,4000,0.0335,1.000,0.0343,0.74
18478,replay,4000,0.0367,1.000,0.0343,0.75
18479,es_step,4000,0.0306,1.000,0.0343,1.45
18480,replay,4000,0.0345,1.000,0.0343,0.73
18481,replay,4000,0.0343,1.000,0.0342,0.73
18482,replay,4000,0.0282,1.000,0.0342,3.04
18483,replay,4000,0.0326,1.000,0.0342,0.73
18484,replay,4000,0.0337,1.000,0.0341,0.74
18485,replay,4000,0.0363,1.000,0.0341,0.74
18486,replay,4000,0.0344,1.000,0.0340,0.75
18487,replay,4000,0.0380,1.000,0.0340,0.75
18488,replay,4000,0.0603,1.000,0.0340,0.76
18489,es_step,4000,0.0334,1.000,0.0340,1.47
18490,replay,4000,0.0540,1.000,0.0340,0.74
18491,replay,4000,0.0512,1.000,0.0340,0.74
18492,es_step,4000,0.0341,0.938,0.0340,1.45
18493,replay,4000,0.0386,1.000,0.0340,0.73
18494,replay,4000,0.0356,1.000,0.0339,0.73
18495,replay,4000,0.0396,1.000,0.0339,0.73
18496,replay,4000,0.0280,1.000,0.0339,0.73
18497,replay,4000,0.0282,1.000,0.0339,0.73
18498,replay,4000,0.0393,1.000,0.0338,0.73
18499,replay,4000,0.0306,1.000,0.0338,0.73
18500,replay,4000,0.0385,1.000,0.0337,0.74
18501,replay,4000,0.0357,1.000,0.0337,0.74
18502,es_step,4000,0.0321,1.000,0.0337,1.43
18503,replay,4000,0.0324,1.000,0.0337,0.73
18504,replay,4000,0.0421,1.000,0.0337,0.73
18505,replay,4000,0.0448,1.000,0.0337,0.73
18506,replay,4000,0.0519,1.000,0.0337,0.73
18507,replay,4000,0.0441,1.000,0.0337,0.73
18508,replay,4000,0.0374,1.000,0.0337,0.74
18509,es_step,4000,0.0461,1.000,0.0337,1.45
18510,es_step,4000,0.0464,1.000,0.0337,1.43
18511,replay,4000,0.0448,1.000,0.0337,0.72
18512,es_step,4000,0.0480,1.000,0.0337,1.41
18513,es_step,4000,0.0487,1.000,0.0337,1.40
18514,replay,4000,0.0561,1.000,0.0337,0.72
18515,replay,4000,0.0617,1.000,0.0337,0.72
18516,replay,4000,0.0603,1.000,0.0338,0.73
18517,replay,4000,0.0527,1.000,0.0338,0.72
18518,replay,4000,0.0374,1.000,0.0337,0.72
18519,replay,4000,0.0287,1.000,0.0337,0.73
18520,replay,4000,0.0336,1.000,0.0337,0.73
18521,replay,4000,0.0255,1.000,0.0336,0.74
18522,replay,4000,0.0381,1.000,0.0336,0.75
18523,replay,4000,0.0396,1.000,0.0337,0.75
18524,replay,4000,0.0449,1.000,0.0337,0.74
18525,replay,4000,0.0326,1.000,0.0336,0.75
18526,replay,4000,0.0439,1.000,0.0337,0.76
18527,replay,4000,0.0666,1.000,0.0337,0.74
18528,es_step,4000,0.0596,1.000,0.0338,1.44
18529,es_step,4000,0.0620,1.000,0.0339,1.44
18530,replay,4000,0.0628,1.000,0.0340,0.74
18531,replay,4000,0.0751,1.000,0.0341,0.74
18532,replay,4000,0.0810,1.000,0.0342,0.74
18533,replay,4000,0.0745,1.000,0.0343,0.74
18534,es_step,4000,0.0660,1.000,0.0344,1.43
18535,replay,4000,0.0789,1.000,0.0344,0.73
18536,replay,4000,0.0771,1.000,0.0345,0.73
18537,replay,4000,0.0605,1.000,0.0344,0.73
18538,replay,4000,0.0608,1.000,0.0345,0.73
18539,es_step,4000,0.0375,1.000,0.0345,1.43
18540,es_step,4000,0.0388,1.000,0.0345,1.41
18541,replay,4000,0.0396,1.000,0.0345,0.72
18542,replay,4000,0.0365,1.000,0.0344,0.72
18543,replay,4000,0.0282,1.000,0.0344,0.72
18544,replay,4000,0.0292,1.000,0.0344,0.74
18545,replay,4000,0.0312,1.000,0.0343,0.73
18546,replay,4000,0.0301,1.000,0.0343,0.73
18547,es_step,4000,0.0290,1.000,0.0343,1.42
18548,es_step,4000,0.0276,1.000,0.0343,1.40
18549,replay,4000,0.0259,1.000,0.0342,0.72
18550,replay,4000,0.0323,1.000,0.0342,0.72
18551,replay,4000,0.0293,1.000,0.0341,0.72
18552,replay,4000,0.0256,1.000,0.0341,0.72
18553,replay,4000,0.0285,1.000,0.0340,0.72
18554,es_step,4000,0.0283,1.000,0.0340,1.41
18555,replay,4000,0.0325,1.000,0.0340,0.72
18556,replay,4000,0.0347,1.000,0.0339,0.73
18557,replay,4000,0.0310,1.000,0.0339,0.73
18558,replay,4000,0.0470,1.000,0.0339,0.73
18559,replay,4000,0.0336,1.000,0.0338,0.73
18560,es_step,4000,0.0369,1.000,0.0338,1.41
18561,es_step,4000,0.0368,1.000,0.0338,1.39
18562,replay,4000,0.0368,1.000,0.0338,0.72
18563,replay,4000,0.0367,1.000,0.0338,0.72
18564,replay,4000,0.0494,1.000,0.0337,0.72
18565,es_step,4000,0.0315,1.000,0.0337,1.40
18566,replay,4000,0.0466,1.000,0.0337,0.72
18567,replay,4000,0.0307,1.000,0.0337,0.71
18568,es_step,4000,0.0327,1.000,0.0337,1.38
18569,replay,4000,0.0751,1.000,0.0337,0.71
18570,es_step,4000,0.0333,1.000,0.0337,1.40
18571,replay,4000,0.0565,1.000,0.0337,0.71
18572,replay,4000,0.0516,1.000,0.0337,0.71
18573,replay,4000,0.1096,1.000,0.0337,0.72
18574,replay,4000,0.0741,1.000,0.0337,0.72
18575,replay,4000,0.0626,1.000,0.0337,0.72
18576,replay,4000,0.0715,1.000,0.0337,0.73
18577,replay,4000,0.0575,1.000,0.0338,0.72
18578,replay,4000,0.0718,1.000,0.0338,0.73
18579,replay,4000,0.0683,1.000,0.0338,0.74
18580,replay,4000,0.0668,1.000,0.0339,0.74
18581,es_step,4000,0.0522,1.000,0.0339,1.45
18582,replay,4000,0.0707,1.000,0.0340,0.73
18583,replay,4000,0.0702,1.000,0.0340,0.73
18584,replay,4000,0.0650,1.000,0.0340,0.73
18585,es_step,4000,0.0455,1.000,0.0340,1.42
18586,es_step,4000,0.0434,1.000,0.0340,1.43
18587,replay,4000,0.0607,1.000,0.0340,0.74
18588,replay,4000,0.0562,1.000,0.0340,0.73
18589,replay,4000,0.0542,1.000,0.0341,0.73
18590,es_step,4000,0.0420,1.000,0.0341,1.41
18591,es_step,4000,0.0420,1.000,0.0341,1.40
18592,replay,4000,0.0496,1.000,0.0341,0.72
18593,replay,4000,0.0482,1.000,0.0341,0.72
18594,replay,4000,0.0418,1.000,0.0341,0.72
18595,es_step,4000,0.0376,1.000,0.0341,1.40
18596,replay,4000,0.0496,1.000,0.0341,0.72
18597,replay,4000,0.0596,1.000,0.0341,0.72
18598,replay,4000,0.0365,1.000,0.0341,0.72
18599,replay,4000,0.0394,1.000,0.0341,0.73
18600,replay,4000,0.0505,1.000,0.0341,0.73
18601,replay,4000,0.0488,1.000,0.0341,0.73
18602,replay,4000,0.0449,1.000,0.0340,0.74
18603,replay,4000,0.0435,1.000,0.0340,0.74
18604,es_step,4000,0.0386,1.000,0.0340,1.42
18605,replay,4000,0.0453,1.000,0.0340,0.72
18606,replay,4000,0.0411,1.000,0.0340,0.73
18607,es_step,4000,0.0370,1.000,0.0340,1.41
18608,replay,4000,0.0598,1.000,0.0340,0.72
18609,replay,4000,0.0536,1.000,0.0340,0.73
18610,replay,4000,0.0457,1.000,0.0340,0.73
18611,replay,4000,0.0453,1.000,0.0340,0.72
18612,replay,4000,0.0485,1.000,0.0340,0.73
18613,replay,4000,0.0485,1.000,0.0340,0.73
18614,replay,4000,0.0524,1.000,0.0340,0.74
18615,es_step,4000,0.0409,1.000,0.0340,1.44
18616,replay,4000,0.0518,1.000,0.0340,0.73
18617,replay,4000,0.0378,1.000,0.0340,0.74
18618,replay,4000,0.0359,1.000,0.0340,0.74
18619,es_step,4000,0.0340,1.000,0.0340,1.42
18620,replay,4000,0.0325,1.000,0.0339,0.73
18621,replay,4000,0.0296,1.000,0.0339,0.72
18622,replay,4000,0.0391,1.000,0.0339,0.72
18623,replay,4000,0.0544,1.000,0.0339,0.73
18624,replay,4000,0.0431,1.000,0.0338,0.73
18625,replay,4000,0.0549,1.000,0.0339,0.72
18626,replay,4000,0.0551,1.000,0.0339,0.73
18627,replay,4000,0.0447,1.000,0.0339,0.73
18628,es_step,4000,0.0567,1.000,0.0340,1.41
18629,es_step,4000,0.0570,1.000,0.0341,1.40
18630,replay,4000,0.0704,1.000,0.0341,0.72
18631,replay,4000,0.0672,1.000,0.0341,0.72
18632,replay,4000,0.0633,1.000,0.0342,0.72
18633,replay,4000,0.0570,1.000,0.0342,0.72
18634,replay,4000,0.0507,1.000,0.0342,0.72
18635,replay,4000,0.0419,1.000,0.0342,0.72
18636,replay,4000,0.0443,1.000,0.0342,0.72
18637,replay,4000,0.0374,1.000,0.0342,0.72
18638,replay,4000,0.0324,1.000,0.0341,0.72
18639,replay,4000,0.0283,1.000,0.0341,0.74
18640,replay,4000,0.0298,1.000,0.0340,0.73
18641,replay,4000,0.0293,1.000,0.0340,0.73
18642,replay,4000,0.0299,1.000,0.0339,0.74
18643,replay,4000,0.0323,1.000,0.0339,0.74
18644,replay,4000,0.0341,1.000,0.0338,0.74
18645,es_step,4000,0.0291,1.000,0.0338,1.42
18646,replay,4000,0.0310,1.000,0.0338,0.73
18647,replay,4000,0.0271,1.000,0.0338,0.73
18648,replay,4000,0.0204,1.000,0.0337,0.73
18649,es_step,4000,0.0381,1.000,0.0337,1.40
18650,replay,4000,0.0304,1.000,0.0337,0.72
18651,replay,4000,0.0429,1.000,0.0337,0.72
18652,replay,4000,0.0450,1.000,0.0337,0.72
18653,es_step,4000,0.0436,1.000,0.0337,1.40
18654,replay,4000,0.0511,1.000,0.0337,0.72
18655,replay,4000,0.0512,1.000,0.0337,0.72
18656,replay,4000,0.0515,1.000,0.0337,0.72
18657,es_step,4000,0.0419,1.000,0.0337,1.40
18658,replay,4000,0.0454,1.000,0.0337,0.73
18659,es_step,4000,0.0419,1.000,0.0338,1.40
18660,replay,4000,0.0435,1.000,0.0338,0.72
18661,replay,4000,0.0619,1.000,0.0338,0.72
18662,replay,4000,0.0525,1.000,0.0338,0.73
18663,replay,4000,0.0518,1.000,0.0337,0.73
18664,es_step,4000,0.0418,1.000,0.0337,1.41
18665,replay,4000,0.0446,1.000,0.0337,0.72
18666,replay,4000,0.0614,1.000,0.0337,0.72
18667,replay,4000,0.0730,1.000,0.0337,0.72
18668,replay,4000,0.0698,1.000,0.0338,0.72
18669,replay,4000,0.0698,1.000,0.0338,0.72
18670,es_step,4000,0.0496,1.000,0.0338,1.39
18671,replay,4000,0.0729,1.000,0.0338,0.71
18672,replay,4000,0.0692,1.000,0.0339,0.71
18673,replay,4000,0.0747,1.000,0.0339,0.71
18674,replay,4000,0.0647,1.000,0.0339,0.72
18675,replay,4000,0.0694,1.000,0.0339,0.72
18676,replay,4000,0.0675,1.000,0.0339,0.74
18677,replay,4000,0.0635,1.000,0.0340,0.73
18678,replay,4000,0.0627,1.000,0.0340,0.73
18679,replay,4000,0.0590,1.000,0.0340,0.74
18680,replay,4000,0.0505,1.000,0.0340,0.74
18681,replay,4000,0.0425,1.000,0.0339,0.74
18682,replay,4000,0.0412,1.000,0.0339,0.74
18683,es_step,4000,0.0252,1.000,0.0339,1.43
18684,es_step,4000,0.0218,1.000,0.0339,1.42
18685,es_step,4000,0.0173,1.000,0.0339,1.40
18686,replay,4000,0.0328,1.000,0.0339,0.73
18687,replay,4000,0.0342,1.000,0.0338,0.74
18688,replay,4000,0.0352,1.000,0.0338,0.73
18689,replay,4000,0.0181,1.000,0.0337,0.73
18690,replay,4000,0.0332,1.000,0.0337,0.73
18691,replay,4000,0.0266,1.000,0.0337,0.73
18692,replay,4000,0.0335,1.000,0.0336,0.73
18693,replay,4000,0.0352,1.000,0.0336,0.73
18694,replay,4000,0.0338,1.000,0.0336,0.73
18695,replay,4000,0.0431,1.000,0.0336,0.73
18696,replay,4000,0.0527,1.000,0.0336,0.74
18697,es_step,4000,0.0316,1.000,0.0336,1.42
18698,replay,4000,0.0463,1.000,0.0336,0.73
18699,es_step,4000,0.0286,1.000,0.0336,1.41
18700,replay,4000,0.0318,1.000,0.0335,0.72
18701,replay,4000,0.0303,1.000,0.0335,0.73
18702,replay,4000,0.0291,1.000,0.0335,0.72
18703,replay,4000,0.0297,1.000,0.0334,0.73
18704,es_step,4000,0.0297,1.000,0.0334,1.40
18705,replay,4000,0.0287,1.000,0.0334,0.72
18706,replay,4000,0.0259,1.000,0.0333,0.73
18707,replay,4000,0.0447,1.000,0.0333,0.73
18708,es_step,4000,0.0350,1.000,0.0333,1.41
18709,replay,4000,0.0431,1.000,0.0333,0.72
18710,replay,4000,0.0406,1.000,0.0333,0.72
18711,replay,4000,0.0368,1.000,0.0333,0.72
18712,replay,4000,0.0413,1.000,0.0333,0.73
18713,replay,4000,0.0352,1.000,0.0332,0.73
18714,replay,4000,0.0351,1.000,0.0332,0.74
18715,replay,4000,0.0271,1.000,0.0332,0.74
18716,replay,4000,0.0281,1.000,0.0332,0.74
18717,replay,4000,0.0352,1.000,0.0331,0.74
18718,replay,4000,0.0371,1.000,0.0331,0.73
18719,replay,4000,0.0387,1.000,0.0331,0.74
18720,es_step,4000,0.0359,1.000,0.0331,1.43
18721,replay,4000,0.0429,1.000,0.0331,0.74
18722,replay,4000,0.0256,1.000,0.0331,0.73
18723,es_step,4000,0.0413,1.000,0.0331,1.44
18724,replay,4000,0.0373,1.000,0.0330,0.73
18725,es_step,4000,0.0458,1.000,0.0331,1.41
18726,es_step,4000,0.0454,1.000,0.0331,1.41
18727,replay,4000,0.0514,1.000,0.0331,0.73
18728,replay,4000,0.0505,1.000,0.0331,0.73
18729,replay,4000,0.0528,1.000,0.0331,0.73
18730,replay,4000,0.0534,1.000,0.0331,0.72
18731,replay,4000,0.0570,1.000,0.0331,0.73
18732,replay,4000,0.0541,1.000,0.0332,0.73
18733,replay,4000,0.0541,1.000,0.0332,0.73
18734,es_step,4000,0.0419,1.000,0.0332,1.43
18735,es_step,4000,0.0427,1.000,0.0332,1.43
18736,es_step,4000,0.0427,1.000,0.0332,1.41
18737,replay,4000,0.0634,1.000,0.0332,0.72
18738,replay,4000,0.0574,1.000,0.0332,0.72
18739,replay,4000,0.0614,1.000,0.0332,0.74
18740,es_step,4000,0.0465,1.000,0.0332,1.43
18741,replay,4000,0.0544,1.000,0.0332,0.72
18742,es_step,4000,0.0442,1.000,0.0332,1.42
18743,es_step,4000,0.0401,1.000,0.0332,1.40
18744,replay,4000,0.0603,1.000,0.0332,0.72
18745,replay,4000,0.0578,1.000,0.0333,0.72
18746,es_step,4000,0.0371,1.000,0.0333,1.40
18747,replay,4000,0.0615,1.000,0.0333,0.73
18748,replay,4000,0.0539,1.000,0.0333,0.73
18749,replay,4000,0.0499,1.000,0.0333,0.73
18750,replay,4000,0.0536,1.000,0.0333,0.73
18751,es_step,4000,0.0348,1.000,0.0333,1.41
18752,replay,4000,0.0397,1.000,0.0333,0.72
18753,replay,4000,0.0431,1.000,0.0333,0.72
18754,replay,4000,0.0462,1.000,0.0333,0.72
18755,replay,4000,0.0234,1.000,0.0333,0.73
18756,replay,4000,0.0016,1.000,0.0332,0.72
18757,replay,4000,0.0402,1.000,0.0332,0.73
18758,replay,4000,0.0400,1.000,0.0332,0.74
18759,replay,4000,0.0437,1.000,0.0332,0.73
18760,replay,4000,0.0461,1.000,0.0332,0.73
18761,replay,4000,0.0507,1.000,0.0332,0.73
18762,replay,4000,0.0565,1.000,0.0332,0.73
18763,replay,4000,0.0552,1.000,0.0332,0.74
18764,replay,4000,0.0590,1.000,0.0333,0.74
18765,replay,4000,0.0659,1.000,0.0333,0.74
18766,replay,4000,0.0620,1.000,0.0334,0.74
18767,replay,4000,0.0719,1.000,0.0334,0.73
18768,replay,4000,0.0771,1.000,0.0335,0.73
18769,replay,4000,0.0829,1.000,0.0335,0.73
18770,es_step,4000,0.0524,1.000,0.0336,1.45
18771,replay,4000,0.0705,1.000,0.0336,0.74
18772,replay,4000,0.0641,1.000,0.0336,0.73
18773,es_step,4000,0.0449,1.000,0.0337,1.44
18774,replay,4000,0.0610,1.000,0.0337,0.73
18775,replay,4000,0.0568,1.000,0.0337,0.73
18776,replay,4000,0.0437,1.000,0.0337,0.73
18777,replay,4000,0.0338,1.000,0.0337,0.73
18778,replay,4000,0.0378,1.000,0.0337,0.73
18779,replay,4000,0.0364,1.000,0.0337,0.74
18780,replay,4000,0.0357,1.000,0.0336,0.73
18781,replay,4000,0.0388,1.000,0.0336,0.73
18782,es_step,4000,0.0359,1.000,0.0336,1.43
18783,replay,4000,0.0466,1.000,0.0336,0.73
18784,replay,4000,0.0413,1.000,0.0336,0.72
18785,es_step,4000,0.0357,1.000,0.0336,1.42
18786,replay,4000,0.0423,1.000,0.0336,0.72
18787,replay,4000,0.0444,1.000,0.0336,0.73
18788,replay,4000,0.0485,1.000,0.0336,0.72
18789,es_step,4000,0.0332,1.000,0.0336,1.40
18790,replay,4000,0.0383,1.000,0.0336,0.72
18791,replay,4000,0.0338,1.000,0.0336,0.72
18792,replay,4000,0.0331,1.000,0.0335,3.04
18793,es_step,4000,0.0323,1.000,0.0335,1.40
18794,replay,4000,0.0389,1.000,0.0335,0.72
18795,es_step,4000,0.0291,1.000,0.0335,1.39
18796,replay,4000,0.0388,1.000,0.0335,0.72
18797,replay,4000,0.0439,1.000,0.0335,0.72
18798,es_step,4000,0.0357,1.000,0.0335,1.38
18799,replay,4000,0.0488,1.000,0.0335,0.72
18800,replay,4000,0.0505,1.000,0.0335,0.73
18801,replay,4000,0.0468,1.000,0.0335,0.73
18802,replay,4000,0.0615,1.000,0.0335,0.73
18803,replay,4000,0.0600,1.000,0.0336,0.73
18804,replay,4000,0.0626,1.000,0.0336,0.73
18805,es_step,4000,0.0515,1.000,0.0337,1.43
18806,es_step,4000,0.0463,1.000,0.0337,1.41
18807,replay,4000,0.0581,1.000,0.0337,0.72
18808,es_step,4000,0.0462,1.000,0.0337,1.40
18809,es_step,4000,0.0507,1.000,0.0337,1.38
18810,replay,4000,0.0569,1.000,0.0337,0.72
18811,es_step,4000,0.0450,1.000,0.0338,1.39
18812,es_step,4000,0.0470,1.000,0.0338,1.40
18813,replay,4000,0.0670,1.000,0.0338,0.73
18814,es_step,4000,0.0437,1.000,0.0338,1.39
18815,replay,4000,0.0728,1.000,0.0338,0.71
18816,replay,4000,0.0573,1.000,0.0338,0.71
18817,es_step,4000,0.0455,1.000,0.0339,1.40
18818,replay,4000,0.0640,1.000,0.0339,0.72
18819,es_step,4000,0.0442,1.000,0.0339,1.41
18820,replay,4000,0.0620,1.000,0.0340,0.72
18821,replay,4000,0.0642,1.000,0.0340,0.71
18822,es_step,4000,0.0483,1.000,0.0340,1.39
18823,replay,4000,0.0583,1.000,0.0340,0.71
18824,es_step,4000,0.0502,1.000,0.0340,1.40
18825,replay,4000,0.0555,1.000,0.0341,0.71
18826,replay,4000,0.0629,1.000,0.0341,0.71
18827,replay,4000,0.0611,1.000,0.0341,0.71
18828,replay,4000,0.0786,1.000,0.0341,0.71
18829,replay,4000,0.0740,1.000,0.0341,0.72
18830,replay,4000,0.0694,1.000,0.0342,0.72
18831,replay,4000,0.0737,1.000,0.0342,0.71
18832,replay,4000,0.0739,1.000,0.0342,0.71
18833,replay,4000,0.0728,1.000,0.0344,0.71
18834,es_step,4000,0.0535,1.000,0.0345,1.39
18835,replay,4000,0.0682,1.000,0.0345,0.71
18836,replay,4000,0.0604,1.000,0.0345,0.71
18837,replay,4000,0.0493,1.000,0.0345,0.71
18838,replay,4000,0.0433,1.000,0.0345,0.73
18839,es_step,4000,0.0279,1.000,0.0345,1.39
18840,replay,4000,0.0328,1.000,0.0345,0.72
18841,replay,4000,0.0269,1.000,0.0344,0.73
18842,replay,4000,0.0295,1.000,0.0344,0.73
18843,replay,4000,0.0297,1.000,0.0344,0.72
18844,es_step,4000,0.0255,1.000,0.0344,1.42
18845,replay,4000,0.0336,1.000,0.0343,0.73
18846,replay,4000,0.0342,1.000,0.0343,0.72
18847,replay,4000,0.0345,1.000,0.0343,0.73
18848,es_step,4000,0.0351,1.000,0.0343,1.40
18849,replay,4000,0.0351,1.000,0.0343,0.72
18850,replay,4000,0.0342,1.000,0.0342,0.73
18851,replay,4000,0.0313,1.000,0.0342,0.72
18852,replay,4000,0.0404,1.000,0.0342,0.73
18853,replay,4000,0.0355,1.000,0.0342,0.73
18854,replay,4000,0.0298,1.000,0.0342,0.73
18855,replay,4000,0.0519,1.000,0.0342,0.73
18856,replay,4000,0.0643,1.000,0.0341,0.73
18857,es_step,4000,0.0337,1.000,0.0341,1.41
18858,replay,4000,0.0468,1.000,0.0341,0.72
18859,es_step,4000,0.0436,1.000,0.0341,1.40
18860,es_step,4000,0.0422,1.000,0.0341,1.38
18861,replay,4000,0.0535,1.000,0.0341,0.71
18862,replay,4000,0.0540,1.000,0.0341,0.71
18863,replay,4000,0.0461,1.000,0.0341,0.72
18864,replay,4000,0.0411,1.000,0.0341,0.72
18865,replay,4000,0.0434,1.000,0.0342,0.72
18866,replay,4000,0.0412,1.000,0.0342,0.73
18867,replay,4000,0.0529,1.000,0.0342,0.72
18868,es_step,4000,0.0335,1.000,0.0342,1.40
18869,replay,4000,0.0525,1.000,0.0342,0.71
18870,replay,4000,0.0579,1.000,0.0342,0.72
18871,replay,4000,0.0634,1.000,0.0342,0.72
18872,replay,4000,0.0774,1.000,0.0342,0.72
18873,replay,4000,0.0646,1.000,0.0343,0.74
18874,es_step,4000,0.0576,1.000,0.0344,1.40
18875,replay,4000,0.0604,1.000,0.0345,0.72
18876,replay,4000,0.0648,1.000,0.0345,0.72
18877,replay,4000,0.0712,1.000,0.0346,0.72
18878,replay,4000,0.0721,1.000,0.0346,0.72
18879,replay,4000,0.0623,1.000,0.0346,0.73
18880,replay,4000,0.0425,1.000,0.0346,0.72
18881,replay,4000,0.0376,1.000,0.0346,0.72
18882,replay,4000,0.0428,1.000,0.0346,0.72
18883,es_step,4000,0.0268,1.000,0.0346,1.40
18884,replay,4000,0.0340,1.000,0.0345,0.72
18885,replay,4000,0.0612,1.000,0.0345,0.73
18886,replay,4000,0.0526,1.000,0.0345,0.72
18887,replay,4000,0.0491,1.000,0.0344,0.73
18888,replay,4000,0.0372,1.000,0.0344,0.73
18889,replay,4000,0.0385,1.000,0.0344,0.73
18890,es_step,4000,0.0352,1.000,0.0344,1.41
18891,replay,4000,0.0376,1.000,0.0344,0.72
18892,replay,4000,0.0405,1.000,0.0344,0.72
18893,replay,4000,0.0350,1.000,0.0343,0.73
18894,replay,4000,0.0505,1.000,0.0343,0.73
18895,es_step,4000,0.0423,1.000,0.0344,1.40
18896,replay,4000,0.0475,1.000,0.0344,0.72
18897,replay,4000,0.0448,1.000,0.0344,0.71
18898,replay,4000,0.0487,1.000,0.0344,0.72
18899,replay,4000,0.0628,1.000,0.0344,0.72
18900,replay,4000,0.0357,1.000,0.0343,0.72
18901,replay,4000,0.0521,1.000,0.0344,0.72
18902,replay,4000,0.0498,1.000,0.0343,0.72
18903,replay,4000,0.0546,1.000,0.0343,0.72
18904,replay,4000,0.0558,1.000,0.0343,0.72
18905,replay,4000,0.0505,1.000,0.0344,0.72
18906,es_step,4000,0.0391,1.000,0.0344,1.39
18907,replay,4000,0.0463,1.000,0.0344,0.71
18908,replay,4000,0.0361,1.000,0.0343,0.72
18909,replay,4000,0.0114,1.000,0.0342,0.73
18910,replay,4000,0.0269,1.000,0.0341,0.72
18911,replay,4000,0.0309,1.000,0.0341,0.72
18912,replay,4000,0.0323,1.000,0.0341,0.72
18913,replay,4000,0.0317,1.000,0.0341,0.72
18914,replay,4000,0.0330,1.000,0.0340,0.72
18915,replay,4000,0.0430,1.000,0.0340,0.72
18916,es_step,4000,0.0385,1.000,0.0340,1.41
18917,replay,4000,0.0476,1.000,0.0340,0.72
18918,replay,4000,0.0704,1.000,0.0340,0.71
18919,replay,4000,0.0503,1.000,0.0340,0.72
18920,replay,4000,0.0525,1.000,0.0340,0.72
18921,es_step,4000,0.0397,1.000,0.0340,1.41
18922,replay,4000,0.0542,1.000,0.0340,0.72
18923,replay,4000,0.0593,1.000,0.0340,0.73
18924,replay,4000,0.0506,1.000,0.0340,0.72
18925,replay,4000,0.0454,1.000,0.0340,0.72
18926,replay,4000,0.0386,1.000,0.0340,0.72
18927,es_step,4000,0.0265,0.938,0.0340,1.41
18928,replay,4000,0.0304,1.000,0.0339,0.72
18929,replay,4000,0.0277,1.000,0.0339,0.72
18930,replay,4000,0.0283,1.000,0.0338,0.72
18931,replay,4000,0.0424,1.000,0.0338,0.72
18932,es_step,4000,0.0311,0.938,0.0338,1.42
18933,replay,4000,0.0865,1.000,0.0338,0.72
18934,replay,4000,0.0655,1.000,0.0338,0.73
18935,replay,4000,0.0665,1.000,0.0338,0.73
18936,es_step,4000,0.0407,1.000,0.0338,1.40
18937,replay,4000,0.0697,1.000,0.0338,0.72
18938,replay,4000,0.0645,1.000,0.0338,0.73
18939,es_step,4000,0.0368,1.000,0.0339,1.40
18940,replay,4000,0.0562,1.000,0.0339,0.71
18941,replay,4000,0.0558,1.000,0.0339,0.73
18942,replay,4000,0.0583,1.000,0.0339,0.72
18943,replay,4000,0.0626,1.000,0.0339,0.72
18944,replay,4000,0.0531,1.000,0.0339,0.72
18945,replay,4000,0.0634,1.000,0.0339,0.72
18946,replay,4000,0.0621,1.000,0.0340,0.72
18947,es_step,4000,0.0546,0.938,0.0341,1.40
18948,replay,4000,0.0694,1.000,0.0341,0.72
18949,replay,4000,0.0660,1.000,0.0341,0.72
18950,replay,4000,0.0691,1.000,0.0341,0.72
18951,replay,4000,0.0545,1.000,0.0341,0.72
18952,replay,4000,0.0531,1.000,0.0341,0.73
18953,replay,4000,0.0668,1.000,0.0341,0.73
18954,replay,4000,0.0623,1.000,0.0342,0.74
18955,replay,4000,0.0583,1.000,0.0342,0.73
18956,replay,4000,0.0582,1.000,0.0342,0.73
18957,replay,4000,0.0535,1.000,0.0342,0.73
18958,replay,4000,0.0584,1.000,0.0342,0.74
18959,replay,4000,0.0569,1.000,0.0342,0.74
18960,replay,4000,0.0568,1.000,0.0343,0.73
18961,replay,4000,0.0581,1.000,0.0343,0.74
18962,replay,4000,0.0507,1.000,0.0343,0.74
18963,replay,4000,0.0511,1.000,0.0343,0.74
18964,replay,4000,0.0465,1.000,0.0343,0.74
18965,replay,4000,0.0188,1.000,0.0343,0.74
18966,replay,4000,0.0521,1.000,0.0343,0.74
18967,replay,4000,0.0506,1.000,0.0343,0.73
18968,replay,4000,0.0270,1.000,0.0344,0.74
18969,es_step,4000,0.0512,0.938,0.0344,1.44
18970,replay,4000,0.0668,1.000,0.0345,0.73
18971,replay,4000,0.0885,1.000,0.0345,0.73
18972,replay,4000,0.0785,1.000,0.0345,0.73
18973,replay,4000,0.0609,1.000,0.0346,0.73
18974,replay,4000,0.0598,1.000,0.0346,0.73
18975,replay,4000,0.0629,1.000,0.0347,0.74
18976,replay,4000,0.0595,1.000,0.0347,0.74
18977,replay,4000,0.0690,1.000,0.0347,0.73
18978,replay,4000,0.0803,1.000,0.0348,0.74
18979,replay,4000,0.0801,1.000,0.0348,0.73
18980,replay,4000,0.0875,1.000,0.0348,0.73
18981,es_step,4000,0.0628,0.938,0.0349,1.44
18982,es_step,4000,0.0605,0.938,0.0350,1.43
18983,replay,4000,0.0948,1.000,0.0351,0.73
18984,replay,4000,0.0962,1.000,0.0352,0.72
18985,replay,4000,0.0924,1.000,0.0352,0.72
18986,es_step,4000,0.0728,1.000,0.0353,1.42
18987,replay,4000,0.0972,1.000,0.0354,0.72
18988,replay,4000,0.0994,1.000,0.0355,0.72
18989,replay,4000,0.1056,1.000,0.0356,0.73
18990,replay,4000,0.1035,1.000,0.0356,0.73
18991,es_step,4000,0.0753,1.000,0.0357,1.42
18992,replay,4000,0.0941,1.000,0.0358,0.72
18993,replay,4000,0.0935,1.000,0.0359,0.72
18994,replay,4000,0.1010,1.000,0.0360,0.72
18995,replay,4000,0.1220,1.000,0.0360,0.72
18996,replay,4000,0.1379,1.000,0.0361,0.73
18997,replay,4000,0.1136,1.000,0.0362,0.72
18998,es_step,4000,0.0837,1.000,0.0363,1.42
18999,es_step,4000,0.0832,1.000,0.0364,1.41
19000,es_step,4000,0.0841,1.000,0.0364,1.40
19001,replay,4000,0.1115,1.000,0.0365,0.72
19002,replay,4000,0.1112,1.000,0.0366,0.72
19003,es_step,4000,0.0845,1.000,0.0367,1.40
19004,replay,4000,0.1090,1.000,0.0367,0.71
19005,replay,4000,0.1001,1.000,0.0368,0.72
19006,replay,4000,0.0856,1.000,0.0369,0.72
19007,replay,4000,0.0820,1.000,0.0370,0.72
19008,replay,4000,0.0850,1.000,0.0371,0.72
19009,replay,4000,0.0632,1.000,0.0371,0.71
19010,es_step,4000,0.0564,1.000,0.0371,1.39
19011,replay,4000,0.0654,1.000,0.0372,0.72
19012,es_step,4000,0.0498,1.000,0.0372,1.39
19013,replay,4000,0.0677,1.000,0.0372,0.71
19014,replay,4000,0.0441,1.000,0.0372,0.72
19015,replay,4000,0.0581,1.000,0.0373,0.71
19016,replay,4000,0.0593,1.000,0.0372,0.72
19017,replay,4000,0.0511,1.000,0.0372,0.71
19018,replay,4000,0.0690,1.000,0.0372,0.72
19019,replay,4000,0.0620,1.000,0.0373,0.71
19020,replay,4000,0.0598,1.000,0.0373,0.72
19021,replay,4000,0.0699,1.000,0.0373,0.72
19022,replay,4000,0.0622,1.000,0.0374,0.71
19023,replay,4000,0.0880,1.000,0.0374,0.71
19024,es_step,4000,0.0555,1.000,0.0374,1.40
19025,replay,4000,0.0737,1.000,0.0375,0.71
19026,replay,4000,0.0245,1.000,0.0374,0.72
19027,es_step,4000,0.0629,1.000,0.0374,1.39
19028,replay,4000,0.0641,1.000,0.0375,0.72
19029,replay,4000,0.0675,1.000,0.0376,0.72
19030,replay,4000,0.0699,1.000,0.0376,0.72
19031,replay,4000,0.0708,1.000,0.0376,0.72
19032,replay,4000,0.0667,1.000,0.0376,0.72
19033,es_step,4000,0.0507,1.000,0.0377,1.40
19034,replay,4000,0.0529,1.000,0.0377,0.73
19035,es_step,4000,0.0448,1.000,0.0377,1.40
19036,replay,4000,0.0497,1.000,0.0377,0.72
19037,es_step,4000,0.0419,1.000,0.0377,1.39
19038,replay,4000,0.0496,1.000,0.0377,0.71
19039,replay,4000,0.0466,1.000,0.0376,0.71
19040,replay,4000,0.0560,1.000,0.0376,0.71
19041,replay,4000,0.0585,1.000,0.0377,0.71
19042,replay,4000,0.0628,1.000,0.0376,0.71
19043,replay,4000,0.0431,1.000,0.0376,0.72
19044,replay,4000,0.0957,1.000,0.0376,0.72
19045,replay,4000,0.0696,1.000,0.0376,0.72
19046,es_step,4000,0.0389,1.000,0.0376,1.39
19047,replay,4000,0.0606,1.000,0.0376,0.71
19048,replay,4000,0.0435,1.000,0.0376,0.71
19049,replay,4000,0.0779,1.000,0.0376,0.71
19050,replay,4000,0.0694,1.000,0.0376,0.76
19051,replay,4000,0.0576,1.000,0.0376,0.71
19052,es_step,4000,0.0387,1.000,0.0376,1.38
19053,replay,4000,0.0468,1.000,0.0376,0.71
19054,replay,4000,0.0473,1.000,0.0376,0.71
19055,replay,4000,0.0400,1.000,0.0376,0.71
19056,replay,4000,0.0889,1.000,0.0376,0.72
19057,replay,4000,0.0732,1.000,0.0376,0.72
19058,es_step,4000,0.0493,1.000,0.0376,1.40
19059,replay,4000,0.0619,1.000,0.0376,0.71
19060,es_step,4000,0.0455,1.000,0.0376,1.38
19061,es_step,4000,0.0494,1.000,0.0376,1.37
19062,replay,4000,0.0473,1.000,0.0377,0.70
19063,es_step,4000,0.0552,1.000,0.0377,1.37
19064,replay,4000,0.0669,1.000,0.0377,0.71
19065,replay,4000,0.0735,1.000,0.0378,0.71
19066,replay,4000,0.0796,1.000,0.0379,0.71
19067,replay,4000,0.0819,1.000,0.0379,0.71
19068,replay,4000,0.0837,1.000,0.0379,0.71
19069,replay,4000,0.0767,1.000,0.0380,0.71
19070,replay,4000,0.0760,1.000,0.0381,0.71
19071,replay,4000,0.0705,1.000,0.0383,0.71
19072,replay,4000,0.0701,1.000,0.0383,0.71
19073,replay,4000,0.0615,1.000,0.0383,0.71
19074,replay,4000,0.0497,1.000,0.0384,0.71
19075,replay,4000,0.0687,1.000,0.0384,0.71
19076,es_step,4000,0.0375,1.000,0.0384,1.39
19077,es_step,4000,0.0384,1.000,0.0384,1.38
19078,es_step,4000,0.0437,1.000,0.0384,1.38
19079,replay,4000,0.0597,1.000,0.0384,0.70
19080,replay,4000,0.0622,1.000,0.0384,0.70
19081,replay,4000,0.0537,1.000,0.0384,0.70
19082,replay,4000,0.0545,1.000,0.0384,0.71
19083,replay,4000,0.0415,1.000,0.0384,0.72
19084,replay,4000,0.0441,1.000,0.0384,0.71
19085,es_step,4000,0.0319,1.000,0.0384,1.39
19086,es_step,4000,0.0394,1.000,0.0384,1.37
19087,es_step,4000,0.0413,1.000,0.0384,1.36
19088,replay,4000,0.0318,1.000,0.0384,0.70
19089,es_step,4000,0.0379,1.000,0.0384,1.36
19090,replay,4000,0.0525,1.000,0.0384,0.70
19091,replay,4000,0.0617,1.000,0.0384,0.69
19092,es_step,4000,0.0435,1.000,0.0384,1.37
19093,replay,4000,0.0487,1.000,0.0384,0.70
19094,replay,4000,0.0613,1.000,0.0384,0.71
19095,replay,4000,0.0634,1.000,0.0384,0.71
19096,es_step,4000,0.0379,1.000,0.0384,1.37
19097,replay,4000,0.0715,1.000,0.0385,0.70
19098,replay,4000,0.0497,1.000,0.0385,3.03
19099,replay,4000,0.0423,1.000,0.0384,0.70
19100,replay,4000,0.0479,1.000,0.0385,0.71
19101,replay,4000,0.0444,1.000,0.0385,0.71
19102,replay,4000,0.0498,1.000,0.0385,0.72
19103,replay,4000,0.0758,1.000,0.0385,0.72
19104,replay,4000,0.0903,1.000,0.0385,0.72
19105,replay,4000,0.0733,1.000,0.0385,0.72
19106,replay,4000,0.0528,1.000,0.0385,0.72
19107,replay,4000,0.0644,1.000,0.0386,0.73
19108,replay,4000,0.0640,1.000,0.0386,0.73
19109,replay,4000,0.0758,1.000,0.0387,0.73
19110,replay,4000,0.0722,1.000,0.0387,0.73
19111,replay,4000,0.0681,1.000,0.0388,0.73
19112,es_step,4000,0.0448,1.000,0.0388,1.40
19113,es_step,4000,0.0471,1.000,0.0388,1.38
19114,replay,4000,0.0634,1.000,0.0388,0.70
19115,replay,4000,0.0583,1.000,0.0388,0.71
19116,replay,4000,0.0525,1.000,0.0388,0.71
19117,replay,4000,0.0518,1.000,0.0388,0.71
19118,es_step,4000,0.0374,1.000,0.0388,1.38
19119,replay,4000,0.0459,1.000,0.0388,0.70
19120,replay,4000,0.0360,1.000,0.0388,0.71
19121,replay,4000,0.0404,1.000,0.0388,0.71
19122,replay,4000,0.0318,1.000,0.0387,0.71
19123,replay,4000,0.0280,1.000,0.0387,0.71
19124,es_step,4000,0.0293,1.000,0.0387,1.39
19125,es_step,4000,0.0250,1.000,0.0387,1.37
19126,replay,4000,0.0292,1.000,0.0386,0.71
19127,replay,4000,0.0352,1.000,0.0386,0.72
19128,replay,4000,0.0524,1.000,0.0386,0.71
19129,replay,4000,0.0344,1.000,0.0385,0.72
19130,replay,4000,0.0651,1.000,0.0385,0.72
19131,replay,4000,0.0486,1.000,0.0385,0.73
19132,es_step,4000,0.0392,1.000,0.0385,1.40
19133,replay,4000,0.0464,1.000,0.0385,0.72
19134,replay,4000,0.0406,1.000,0.0385,0.72
19135,replay,4000,0.0308,1.000,0.0385,0.72
19136,replay,4000,0.0526,1.000,0.0385,0.73
19137,replay,4000,0.0946,1.000,0.0385,0.73
19138,replay,4000,0.0821,1.000,0.0385,0.73
19139,replay,4000,0.0567,1.000,0.0385,0.73
19140,replay,4000,0.0580,1.000,0.0385,0.73
19141,es_step,4000,0.0495,1.000,0.0385,1.41
19142,replay,4000,0.0664,1.000,0.0385,0.71
19143,replay,4000,0.0694,1.000,0.0385,0.71
19144,es_step,4000,0.0460,1.000,0.0385,1.38
19145,replay,4000,0.0517,1.000,0.0386,0.71
19146,replay,4000,0.0618,1.000,0.0386,0.71
19147,replay,4000,0.0602,1.000,0.0386,0.72
19148,replay,4000,0.0499,1.000,0.0386,0.72
19149,replay,4000,0.0342,1.000,0.0385,0.72
19150,replay,4000,0.0452,1.000,0.0385,0.72
19151,replay,4000,0.0441,1.000,0.0386,0.72
19152,replay,4000,0.0567,1.000,0.0386,0.72
19153,replay,4000,0.0499,1.000,0.0385,0.72
19154,es_step,4000,0.0395,1.000,0.0385,1.40
19155,es_step,4000,0.0397,1.000,0.0385,1.38
19156,replay,4000,0.0402,1.000,0.0386,0.71
19157,es_step,4000,0.0400,1.000,0.0386,1.38
19158,es_step,4000,0.0392,1.000,0.0386,1.37
19159,replay,4000,0.0855,1.000,0.0385,0.70
19160,replay,4000,0.0473,1.000,0.0385,0.70
19161,es_step,4000,0.0437,1.000,0.0385,1.38
19162,replay,4000,0.0641,1.000,0.0386,0.70
19163,replay,4000,0.0688,1.000,0.0386,0.70
19164,replay,4000,0.0628,1.000,0.0386,0.70
19165,es_step,4000,0.0476,1.000,0.0386,1.36
19166,replay,4000,0.0743,1.000,0.0387,0.70
19167,replay,4000,0.0824,1.000,0.0387,0.70
19168,replay,4000,0.0634,1.000,0.0387,0.71
19169,replay,4000,0.0724,1.000,0.0387,0.70
19170,replay,4000,0.0670,1.000,0.0388,0.72
19171,replay,4000,0.0683,1.000,0.0388,0.71
19172,es_step,4000,0.0486,1.000,0.0388,1.38
19173,es_step,4000,0.0485,1.000,0.0388,1.36
19174,es_step,4000,0.0496,1.000,0.0388,1.35
19175,replay,4000,0.0669,1.000,0.0388,0.71
19176,es_step,4000,0.0475,1.000,0.0388,1.36
19177,replay,4000,0.0404,1.000,0.0387,0.70
19178,es_step,4000,0.0514,1.000,0.0387,1.36
19179,es_step,4000,0.0512,1.000,0.0387,1.37
19180,replay,4000,0.0662,1.000,0.0387,0.70
19181,replay,4000,0.0620,1.000,0.0387,0.70
19182,replay,4000,0.0672,1.000,0.0388,0.70
19183,replay,4000,0.0683,1.000,0.0388,0.70
19184,es_step,4000,0.0421,1.000,0.0388,1.36
19185,replay,4000,0.0597,1.000,0.0388,0.70
19186,es_step,4000,0.0409,1.000,0.0388,1.37
19187,es_step,4000,0.0441,1.000,0.0388,1.36
19188,replay,4000,0.0621,1.000,0.0388,0.69
19189,replay,4000,0.0599,1.000,0.0388,0.70
19190,replay,4000,0.0670,1.000,0.0388,0.71
19191,es_step,4000,0.0378,1.000,0.0388,1.38
19192,replay,4000,0.0435,1.000,0.0388,0.70
19193,replay,4000,0.0558,1.000,0.0387,0.70
19194,es_step,4000,0.0334,1.000,0.0387,1.36
19195,replay,4000,0.0642,1.000,0.0387,0.69
19196,replay,4000,0.0499,1.000,0.0387,0.70
19197,replay,4000,0.0431,1.000,0.0387,0.70
19198,es_step,4000,0.0335,1.000,0.0387,1.37
19199,replay,4000,0.0552,1.000,0.0386,0.71
19200,es_step,4000,0.0345,1.000,0.0386,1.37
19201,replay,4000,0.0592,1.000,0.0386,0.70
19202,replay,4000,0.0508,1.000,0.0386,0.71
19203,replay,4000,0.0489,1.000,0.0386,0.72
19204,replay,4000,0.0290,1.000,0.0385,0.72
19205,replay,4000,0.0448,1.000,0.0385,0.72
19206,replay,4000,0.0439,1.000,0.0385,0.72
19207,replay,4000,0.0357,1.000,0.0384,0.72
19208,replay,4000,0.0503,1.000,0.0384,0.73
19209,replay,4000,0.0402,1.000,0.0384,0.72
19210,replay,4000,0.0861,1.000,0.0384,0.74
19211,replay,4000,0.0673,1.000,0.0384,0.73
19212,replay,4000,0.0551,1.000,0.0384,0.73
19213,replay,4000,0.0583,1.000,0.0383,0.72
19214,replay,4000,0.0642,1.000,0.0383,0.72
19215,replay,4000,0.0577,1.000,0.0384,0.74
19216,es_step,4000,0.0485,1.000,0.0384,1.43
19217,es_step,4000,0.0466,1.000,0.0384,1.39
19218,replay,4000,0.0690,1.000,0.0384,0.71
19219,replay,4000,0.0700,1.000,0.0384,0.71
19220,replay,4000,0.0786,1.000,0.0384,0.71
19221,replay,4000,0.0730,1.000,0.0385,0.71
19222,replay,4000,0.0668,1.000,0.0385,0.72
19223,replay,4000,0.0683,1.000,0.0385,0.73
19224,es_step,4000,0.0512,1.000,0.0385,1.42
19225,replay,4000,0.0668,1.000,0.0386,0.72
19226,replay,4000,0.0627,1.000,0.0386,0.71
19227,replay,4000,0.0606,1.000,0.0387,0.72
19228,es_step,4000,0.0477,1.000,0.0387,1.41
19229,es_step,4000,0.0513,1.000,0.0387,1.41
19230,es_step,4000,0.0516,1.000,0.0387,1.39
19231,es_step,4000,0.0506,1.000,0.0387,1.40
19232,replay,4000,0.0647,1.000,0.0387,0.71
19233,replay,4000,0.0620,1.000,0.0388,0.71
19234,replay,4000,0.0659,1.000,0.0388,0.71
19235,replay,4000,0.0589,1.000,0.0388,0.71
19236,es_step,4000,0.0382,1.000,0.0388,1.55
19237,replay,4000,0.0565,1.000,0.0388,0.71
19238,replay,4000,0.0494,1.000,0.0388,0.71
19239,replay,4000,0.0519,1.000,0.0388,0.71
19240,replay,4000,0.0491,1.000,0.0387,0.71
19241,replay,4000,0.0422,1.000,0.0387,0.71
19242,replay,4000,0.0432,1.000,0.0387,0.73
19243,replay,4000,0.0414,1.000,0.0386,0.73
19244,replay,4000,0.0338,1.000,0.0386,0.73
19245,replay,4000,0.0502,1.000,0.0386,0.72
19246,replay,4000,0.0186,1.000,0.0385,0.72
19247,replay,4000,0.0505,1.000,0.0385,0.72
19248,replay,4000,0.0177,1.000,0.0385,0.72
19249,es_step,4000,0.0427,1.000,0.0385,1.41
19250,es_step,4000,0.0433,1.000,0.0385,1.39
19251,replay,4000,0.0447,1.000,0.0385,0.72
19252,replay,4000,0.0531,1.000,0.0385,0.72
19253,replay,4000,0.0709,1.000,0.0385,0.72
19254,replay,4000,0.0582,1.000,0.0385,0.72
19255,replay,4000,0.0552,1.000,0.0385,0.72
19256,replay,4000,0.0399,1.000,0.0385,0.72
19257,replay,4000,0.0407,1.000,0.0385,0.73
19258,es_step,4000,0.0395,1.000,0.0385,1.42
19259,replay,4000,0.0389,1.000,0.0384,0.73
19260,replay,4000,0.0328,1.000,0.0384,0.72
19261,es_step,4000,0.0347,1.000,0.0384,1.51
19262,es_step,4000,0.0313,1.000,0.0384,1.40
19263,replay,4000,0.0318,1.000,0.0384,0.71
19264,es_step,4000,0.0355,1.000,0.0384,1.39
19265,replay,4000,0.0593,1.000,0.0384,0.71
19266,replay,4000,0.0783,1.000,0.0384,0.73
19267,replay,4000,0.0746,1.000,0.0384,0.71
19268,replay,4000,0.0653,1.000,0.0384,0.71
19269,replay,4000,0.0699,1.000,0.0384,0.71
19270,replay,4000,0.0763,1.000,0.0384,0.72
19271,replay,4000,0.0677,1.000,0.0384,0.72
19272,replay,4000,0.0639,1.000,0.0384,0.71
19273,replay,4000,0.0542,1.000,0.0384,0.72
19274,replay,4000,0.0603,1.000,0.0384,0.71
19275,replay,4000,0.0562,1.000,0.0384,0.73
19276,replay,4000,0.0707,1.000,0.0384,0.74
19277,es_step,4000,0.0459,1.000,0.0384,1.44
19278,replay,4000,0.0684,1.000,0.0384,0.73
19279,replay,4000,0.0578,1.000,0.0384,0.73
19280,replay,4000,0.0540,1.000,0.0384,0.73
19281,replay,4000,0.0555,1.000,0.0384,0.73
19282,replay,4000,0.0455,1.000,0.0384,0.74
19283,replay,4000,0.0442,1.000,0.0384,0.74
19284,replay,4000,0.0319,1.000,0.0383,0.74
19285,replay,4000,0.0505,1.000,0.0383,0.73
19286,replay,4000,0.0628,1.000,0.0383,0.73
19287,replay,4000,0.0411,1.000,0.0383,0.73
19288,replay,4000,0.0384,1.000,0.0383,0.73
19289,replay,4000,0.0753,1.000,0.0383,0.74
19290,replay,4000,0.0495,1.000,0.0382,0.73
19291,replay,4000,0.0765,1.000,0.0382,0.74
19292,replay,4000,0.0615,1.000,0.0383,0.73
19293,replay,4000,0.0642,1.000,0.0383,0.73
19294,es_step,4000,0.0413,0.938,0.0383,1.43
19295,replay,4000,0.0399,1.000,0.0382,0.73
19296,replay,4000,0.0618,1.000,0.0382,0.73
19297,es_step,4000,0.0391,1.000,0.0383,1.42
19298,es_step,4000,0.0434,1.000,0.0383,1.41
19299,es_step,4000,0.0397,1.000,0.0383,1.42
19300,replay,4000,0.0638,1.000,0.0383,0.73
19301,replay,4000,0.0748,1.000,0.0383,0.73
19302,replay,4000,0.0530,1.000,0.0383,0.73
19303,replay,4000,0.0582,1.000,0.0383,0.73
19304,replay,4000,0.0637,1.000,0.0383,0.73
19305,es_step,4000,0.0466,1.000,0.0383,1.42
19306,replay,4000,0.0597,1.000,0.0384,0.73
19307,es_step,4000,0.0507,1.000,0.0384,1.42
19308,replay,4000,0.0573,1.000,0.0384,0.72
19309,es_step,4000,0.0476,1.000,0.0384,1.42
19310,replay,4000,0.0581,1.000,0.0384,0.72
19311,es_step,4000,0.0430,1.000,0.0384,1.40
19312,replay,4000,0.0544,1.000,0.0384,0.73
19313,replay,4000,0.0567,1.000,0.0384,0.73
19314,replay,4000,0.0535,1.000,0.0384,0.73
19315,replay,4000,0.0604,1.000,0.0384,0.72
19316,replay,4000,0.0526,1.000,0.0384,0.73
19317,replay,4000,0.0559,1.000,0.0384,0.73
19318,replay,4000,0.0565,1.000,0.0384,0.72
19319,replay,4000,0.0593,1.000,0.0384,0.72
19320,replay,4000,0.0546,1.000,0.0383,0.74
19321,replay,4000,0.0520,1.000,0.0383,0.74
19322,replay,4000,0.0609,1.000,0.0383,0.74
19323,replay,4000,0.0630,1.000,0.0384,0.74
19324,replay,4000,0.0553,1.000,0.0384,0.74
19325,replay,4000,0.0759,1.000,0.0384,0.74
19326,es_step,4000,0.0491,1.000,0.0384,1.44
19327,replay,4000,0.0553,1.000,0.0384,0.74
19328,replay,4000,0.0502,1.000,0.0385,0.73
19329,replay,4000,0.0654,1.000,0.0385,0.74
19330,replay,4000,0.0513,1.000,0.0385,0.73
19331,replay,4000,0.0611,1.000,0.0385,0.74
19332,replay,4000,0.0608,1.000,0.0386,0.73
19333,replay,4000,0.0827,1.000,0.0386,0.73
19334,replay,4000,0.0787,1.000,0.0387,0.73
19335,replay,4000,0.0779,1.000,0.0387,0.73
19336,replay,4000,0.0738,1.000,0.0387,0.73
19337,replay,4000,0.0639,1.000,0.0387,0.73
19338,replay,4000,0.0575,1.000,0.0388,0.73
19339,replay,4000,0.0527,1.000,0.0387,0.73
19340,replay,4000,0.0424,1.000,0.0387,0.73
19341,replay,4000,0.0373,1.000,0.0387,0.73
19342,es_step,4000,0.0310,1.000,0.0387,1.42
19343,replay,4000,0.0368,1.000,0.0387,0.72
19344,es_step,4000,0.0290,1.000,0.0387,1.43
19345,replay,4000,0.0376,1.000,0.0386,0.74
19346,replay,4000,0.0347,1.000,0.0386,0.73
19347,es_step,4000,0.0292,1.000,0.0386,1.42
19348,replay,4000,0.0518,1.000,0.0385,0.72
19349,replay,4000,0.0371,1.000,0.0385,0.73
19350,replay,4000,0.0393,1.000,0.0385,0.73
19351,replay,4000,0.0514,1.000,0.0385,0.72
19352,replay,4000,0.0540,1.000,0.0385,0.72
19353,replay,4000,0.0471,1.000,0.0385,0.73
19354,replay,4000,0.0431,1.000,0.0385,0.74
19355,replay,4000,0.0384,1.000,0.0385,0.73
19356,es_step,4000,0.0378,0.938,0.0385,1.43
19357,replay,4000,0.0478,1.000,0.0384,0.73
19358,replay,4000,0.0521,1.000,0.0384,0.74
19359,replay,4000,0.0523,1.000,0.0384,0.73
19360,es_step,4000,0.0341,0.875,0.0384,1.43
19361,replay,4000,0.0439,1.000,0.0384,0.73
19362,replay,4000,0.0502,1.000,0.0384,0.73
19363,es_step,4000,0.0370,1.000,0.0384,1.43
19364,replay,4000,0.0426,1.000,0.0383,0.74
19365,replay,4000,0.0490,1.000,0.0383,0.74
19366,replay,4000,0.0440,1.000,0.0383,0.73
19367,replay,4000,0.0450,1.000,0.0383,0.73
19368,replay,4000,0.0472,1.000,0.0383,0.73
19369,replay,4000,0.0825,1.000,0.0383,0.73
19370,es_step,4000,0.0314,1.000,0.0383,1.42
19371,replay,4000,0.0604,1.000,0.0383,0.73
19372,replay,4000,0.0421,1.000,0.0382,0.74
19373,replay,4000,0.0444,1.000,0.0382,0.74
19374,es_step,4000,0.0306,1.000,0.0382,1.43
19375,replay,4000,0.0280,1.000,0.0382,0.73
19376,es_step,4000,0.0314,1.000,0.0382,1.42
19377,replay,4000,0.0309,1.000,0.0381,0.73
19378,replay,4000,0.0413,1.000,0.0381,0.73
19379,replay,4000,0.0423,1.000,0.0381,0.73
19380,replay,4000,0.0347,1.000,0.0380,0.74
19381,es_step,4000,0.0351,1.000,0.0381,1.43
19382,replay,4000,0.0287,1.000,0.0380,0.73
19383,es_step,4000,0.0271,0.938,0.0380,1.43
19384,replay,4000,0.0368,1.000,0.0380,0.73
19385,replay,4000,0.0503,1.000,0.0380,0.73
19386,es_step,4000,0.0330,1.000,0.0380,1.42
19387,es_step,4000,0.0273,0.812,0.0380,1.41
19388,replay,4000,0.0531,1.000,0.0380,0.72
19389,replay,4000,0.0609,1.000,0.0380,0.73
19390,replay,4000,0.0581,1.000,0.0380,0.73
19391,replay,4000,0.0514,1.000,0.0379,0.73
19392,es_step,4000,0.0330,0.938,0.0379,1.41
19393,es_step,4000,0.0333,1.000,0.0379,1.39
19394,replay,4000,0.0503,1.000,0.0379,0.72
19395,replay,4000,0.0486,1.000,0.0379,0.73
19396,replay,4000,0.0552,1.000,0.0379,0.73
19397,replay,4000,0.0552,1.000,0.0379,0.73
19398,replay,4000,0.0474,1.000,0.0378,0.73
19399,es_step,4000,0.0342,0.812,0.0378,3.74
19400,replay,4000,0.0419,1.000,0.0378,0.72
19401,es_step,4000,0.0352,0.938,0.0378,1.40
19402,replay,4000,0.0453,1.000,0.0378,0.72
19403,replay,4000,0.0768,1.000,0.0378,0.71
19404,replay,4000,0.0745,1.000,0.0378,0.71
19405,replay,4000,0.0739,1.000,0.0378,0.71
19406,replay,4000,0.0683,1.000,0.0378,0.72
19407,replay,4000,0.0638,1.000,0.0378,0.72
19408,replay,4000,0.0632,1.000,0.0378,0.73
19409,replay,4000,0.0657,1.000,0.0379,0.73
19410,replay,4000,0.0630,1.000,0.0379,0.72
19411,replay,4000,0.0673,1.000,0.0379,0.73
19412,replay,4000,0.0644,1.000,0.0379,0.72
19413,replay,4000,0.0644,1.000,0.0380,0.72
19414,replay,4000,0.0609,1.000,0.0380,0.73
19415,es_step,4000,0.0444,0.812,0.0380,1.42
19416,replay,4000,0.0631,1.000,0.0380,0.72
19417,replay,4000,0.0612,1.000,0.0380,0.72
19418,replay,4000,0.0601,1.000,0.0380,0.72
19419,replay,4000,0.0583,1.000,0.0380,0.72
19420,replay,4000,0.0528,1.000,0.0380,0.72
19421,replay,4000,0.0548,1.000,0.0380,0.72
19422,es_step,4000,0.0315,0.938,0.0380,1.43
19423,replay,4000,0.0532,1.000,0.0380,0.72
19424,replay,4000,0.0443,1.000,0.0380,0.73
19425,replay,4000,0.0353,1.000,0.0379,0.72
19426,replay,4000,0.0432,1.000,0.0379,0.73
19427,replay,4000,0.0416,1.000,0.0379,0.74
19428,es_step,4000,0.0220,0.938,0.0379,1.43
19429,replay,4000,0.0385,1.000,0.0379,0.72
19430,replay,4000,0.0558,1.000,0.0378,0.73
19431,replay,4000,0.0229,1.000,0.0378,0.73
19432,replay,4000,0.0353,1.000,0.0377,0.73
19433,replay,4000,0.0280,1.000,0.0377,0.73
19434,replay,4000,0.0356,1.000,0.0376,0.73
19435,replay,4000,0.0387,1.000,0.0376,0.74
19436,replay,4000,0.0531,1.000,0.0376,0.73
19437,replay,4000,0.0485,1.000,0.0376,0.74
19438,replay,4000,0.0497,1.000,0.0376,0.74
19439,replay,4000,0.0458,1.000,0.0375,0.73
19440,replay,4000,0.0357,1.000,0.0375,0.73
19441,replay,4000,0.0411,1.000,0.0375,0.73
19442,replay,4000,0.0413,1.000,0.0375,0.74
19443,es_step,4000,0.0255,0.688,0.0375,2.20
19444,replay,4000,0.0341,1.000,0.0374,0.79
19445,replay,4000,0.0284,1.000,0.0374,0.79
19446,es_step,4000,0.0339,0.875,0.0374,1.55
19447,replay,4000,0.0287,1.000,0.0374,0.77
19448,replay,4000,0.0318,1.000,0.0373,0.78
19449,replay,4000,0.0371,1.000,0.0373,0.77
19450,es_step,4000,0.0264,0.875,0.0373,1.57
19451,replay,4000,0.0644,1.000,0.0373,0.78
19452,replay,4000,0.0418,1.000,0.0372,0.78
19453,replay,4000,0.0570,1.000,0.0372,0.78
19454,replay,4000,0.0610,1.000,0.0372,0.78
19455,es_step,4000,0.0339,0.750,0.0372,1.56
19456,replay,4000,0.0653,1.000,0.0372,0.78
19457,replay,4000,0.0783,1.000,0.0372,0.78
19458,replay,4000,0.0849,1.000,0.0372,0.77
19459,replay,4000,0.0708,1.000,0.0372,0.78
19460,replay,4000,0.0622,1.000,0.0373,0.78
19461,replay,4000,0.0744,1.000,0.0373,0.77
19462,es_step,4000,0.0558,0.938,0.0374,1.53
19463,replay,4000,0.0810,1.000,0.0374,0.77
19464,replay,4000,0.0738,1.000,0.0375,0.76
19465,replay,4000,0.0696,1.000,0.0375,0.76
19466,replay,4000,0.0685,1.000,0.0375,0.76
19467,replay,4000,0.0630,1.000,0.0375,0.75
19468,replay,4000,0.0553,1.000,0.0375,0.75
19469,replay,4000,0.0563,1.000,0.0375,0.76
19470,replay,4000,0.0419,1.000,0.0375,0.76
19471,replay,4000,0.0404,1.000,0.0374,0.76
19472,replay,4000,0.0378,1.000,0.0374,0.75
19473,replay,4000,0.0477,1.000,0.0373,0.75
19474,replay,4000,0.0335,1.000,0.0373,0.75
19475,replay,4000,0.0204,1.000,0.0372,0.75
19476,replay,4000,0.0315,1.000,0.0372,0.74
19477,replay,4000,0.0423,1.000,0.0371,0.75
19478,es_step,4000,0.0309,0.875,0.0371,1.50
19479,replay,4000,0.0353,1.000,0.0371,0.75
19480,replay,4000,0.0306,1.000,0.0371,0.76
19481,replay,4000,0.0346,1.000,0.0371,0.76
19482,es_step,4000,0.0317,0.875,0.0371,1.49
19483,replay,4000,0.0393,1.000,0.0370,0.75
19484,replay,4000,0.0482,1.000,0.0370,0.75
19485,replay,4000,0.0465,1.000,0.0370,0.76
19486,es_step,4000,0.0182,0.938,0.0370,1.49
19487,replay,4000,0.0238,1.000,0.0370,0.75
19488,es_step,4000,0.0236,0.812,0.0370,1.47
19489,replay,4000,0.0436,1.000,0.0369,0.75
19490,replay,4000,0.0528,1.000,0.0369,0.74
19491,replay,4000,0.0469,1.000,0.0369,0.75
19492,replay,4000,0.0503,1.000,0.0368,0.75
19493,replay,4000,0.0410,1.000,0.0368,0.74
19494,replay,4000,0.0470,1.000,0.0368,0.74
19495,replay,4000,0.0506,1.000,0.0368,0.74
19496,replay,4000,0.0719,1.000,0.0367,0.74
19497,replay,4000,0.0556,1.000,0.0367,0.74
19498,replay,4000,0.0561,1.000,0.0367,0.73
19499,replay,4000,0.0569,1.000,0.0367,0.73
19500,replay,4000,0.0520,1.000,0.0368,0.73
19501,replay,4000,0.0573,1.000,0.0368,0.73
19502,replay,4000,0.0648,1.000,0.0368,0.73
19503,es_step,4000,0.0337,0.812,0.0368,1.46
19504,replay,4000,0.0636,1.000,0.0368,0.74
19505,replay,4000,0.0595,1.000,0.0368,0.74
19506,replay,4000,0.0588,1.000,0.0368,0.74
19507,replay,4000,0.0578,1.000,0.0368,0.74
19508,es_step,4000,0.0422,1.000,0.0368,1.46
19509,replay,4000,0.0614,1.000,0.0368,0.74
19510,replay,4000,0.0597,1.000,0.0368,0.74
19511,replay,4000,0.0600,1.000,0.0369,0.74
19512,replay,4000,0.0602,1.000,0.0369,0.74
19513,es_step,4000,0.0436,0.812,0.0369,1.46
19514,replay,4000,0.0560,1.000,0.0369,0.74
19515,replay,4000,0.0628,1.000,0.0369,0.74
19516,replay,4000,0.0575,1.000,0.0369,0.74
19517,replay,4000,0.0510,1.000,0.0369,0.74
19518,replay,4000,0.0521,1.000,0.0369,0.74
19519,replay,4000,0.0622,1.000,0.0369,0.74
19520,replay,4000,0.0576,1.000,0.0369,0.74
19521,replay,4000,0.0616,1.000,0.0369,0.74
19522,es_step,4000,0.0376,0.750,0.0369,1.45
19523,es_step,4000,0.0376,0.938,0.0369,1.46
19524,es_step,4000,0.0382,0.938,0.0369,1.45
19525,replay,4000,0.0534,1.000,0.0369,0.73
19526,replay,4000,0.0583,1.000,0.0369,0.73
19527,replay,4000,0.0554,1.000,0.0369,0.73
19528,replay,4000,0.0573,1.000,0.0369,0.73
19529,replay,4000,0.0577,1.000,0.0369,0.74
19530,replay,4000,0.0550,1.000,0.0369,0.74
19531,replay,4000,0.0445,1.000,0.0369,0.74
19532,es_step,4000,0.0303,0.688,0.0369,1.44
19533,replay,4000,0.0494,1.000,0.0369,0.73
19534,replay,4000,0.0589,1.000,0.0369,0.74
19535,es_step,4000,0.0306,0.875,0.0369,1.45
19536,replay,4000,0.0657,1.000,0.0369,0.74
19537,replay,4000,0.0589,1.000,0.0369,0.73
19538,es_step,4000,0.0305,0.938,0.0369,1.44
19539,replay,4000,0.0551,1.000,0.0369,0.73
19540,es_step,4000,0.0322,1.000,0.0369,1.44
19541,es_step,4000,0.0283,0.812,0.0369,1.43
19542,replay,4000,0.0538,1.000,0.0369,0.73
19543,es_step,4000,0.0326,1.000,0.0369,1.43
19544,replay,4000,0.0524,1.000,0.0369,0.74
19545,es_step,4000,0.0287,0.812,0.0369,1.43
19546,replay,4000,0.0491,1.000,0.0369,0.73
19547,replay,4000,0.0436,1.000,0.0369,0.73
19548,replay,4000,0.0387,1.000,0.0368,0.73
19549,replay,4000,0.0334,1.000,0.0368,0.74
19550,replay,4000,0.0616,1.000,0.0368,0.74
19551,replay,4000,0.0396,1.000,0.0367,0.74
19552,replay,4000,0.0339,1.000,0.0366,0.74
19553,replay,4000,0.0252,1.000,0.0366,0.74
19554,replay,4000,0.0276,1.000,0.0366,0.74
19555,replay,4000,0.0364,1.000,0.0365,0.74
19556,replay,4000,0.0297,1.000,0.0365,0.75
19557,replay,4000,0.0391,1.000,0.0365,0.74
19558,es_step,4000,0.0228,0.938,0.0365,1.44
19559,replay,4000,0.0395,1.000,0.0364,0.74
19560,replay,4000,0.0428,1.000,0.0364,0.73
19561,replay,4000,0.0449,1.000,0.0364,0.75
19562,replay,4000,0.0358,1.000,0.0363,0.75
19563,replay,4000,0.0286,1.000,0.0364,0.74
19564,es_step,4000,0.0433,1.000,0.0364,1.44
19565,es_step,4000,0.0422,0.938,0.0364,1.43
19566,replay,4000,0.0531,1.000,0.0364,0.73
19567,replay,4000,0.0649,1.000,0.0364,0.73
19568,es_step,4000,0.0437,0.938,0.0364,1.42
19569,replay,4000,0.0599,1.000,0.0364,0.72
19570,es_step,4000,0.0410,1.000,0.0364,1.42
19571,es_step,4000,0.0435,1.000,0.0364,1.41
19572,replay,4000,0.0560,1.000,0.0365,0.72
19573,replay,4000,0.0503,1.000,0.0365,0.72
19574,es_step,4000,0.0327,1.000,0.0365,1.41
19575,replay,4000,0.0410,1.000,0.0365,0.73
19576,es_step,4000,0.0235,0.938,0.0365,1.42
19577,es_step,4000,0.0246,1.000,0.0365,1.42
19578,replay,4000,0.0426,1.000,0.0364,0.72
19579,replay,4000,0.0395,1.000,0.0364,0.74
19580,es_step,4000,0.0227,1.000,0.0364,1.41
19581,replay,4000,0.0337,1.000,0.0364,0.72
19582,replay,4000,0.0271,1.000,0.0363,0.72
19583,replay,4000,0.0481,1.000,0.0363,0.72
19584,replay,4000,0.0435,1.000,0.0361,0.73
19585,replay,4000,0.0424,1.000,0.0361,0.72
19586,replay,4000,0.0620,1.000,0.0361,0.73
19587,es_step,4000,0.0323,1.000,0.0361,1.41
19588,replay,4000,0.0531,1.000,0.0361,0.73
19589,es_step,4000,0.0400,1.000,0.0361,1.41
19590,replay,4000,0.0522,1.000,0.0361,0.72
19591,es_step,4000,0.0379,1.000,0.0361,1.41
19592,replay,4000,0.0661,1.000,0.0361,0.74
19593,es_step,4000,0.0366,1.000,0.0361,1.41
19594,replay,4000,0.0593,1.000,0.0361,0.73
19595,replay,4000,0.0537,1.000,0.0362,0.73
19596,replay,4000,0.0912,1.000,0.0362,0.73
19597,es_step,4000,0.0489,0.938,0.0362,1.42
19598,replay,4000,0.0575,1.000,0.0363,0.73
19599,replay,4000,0.0783,1.000,0.0363,0.72
19600,es_step,4000,0.0612,0.938,0.0364,1.41
19601,replay,4000,0.0690,1.000,0.0364,0.72
19602,es_step,4000,0.0637,1.000,0.0365,1.41
19603,replay,4000,0.0744,1.000,0.0366,0.72
19604,replay,4000,0.0737,1.000,0.0366,0.72
19605,es_step,4000,0.0562,0.938,0.0367,1.40
19606,replay,4000,0.0690,1.000,0.0367,0.72
19607,replay,4000,0.0590,1.000,0.0367,0.72
19608,replay,4000,0.0583,1.000,0.0368,0.72
19609,replay,4000,0.0481,1.000,0.0368,0.72
19610,es_step,4000,0.0365,1.000,0.0368,1.42
19611,replay,4000,0.0449,1.000,0.0367,0.72
19612,replay,4000,0.0417,1.000,0.0367,0.72
19613,replay,4000,0.0427,1.000,0.0367,0.72
19614,replay,4000,0.0363,1.000,0.0367,0.72
19615,replay,4000,0.0301,1.000,0.0366,0.72
19616,replay,4000,0.0321,1.000,0.0365,0.72
19617,replay,4000,0.0363,1.000,0.0365,0.74
19618,replay,4000,0.0323,1.000,0.0364,0.73
19619,replay,4000,0.0307,1.000,0.0364,0.74
19620,replay,4000,0.0295,1.000,0.0364,0.74
19621,replay,4000,0.0330,1.000,0.0363,0.75
19622,replay,4000,0.0299,1.000,0.0363,0.75
19623,replay,4000,0.0320,1.000,0.0362,0.74
19624,replay,4000,0.0302,1.000,0.0362,0.75
19625,es_step,4000,0.0257,0.875,0.0362,1.45
19626,replay,4000,0.0374,1.000,0.0362,0.74
19627,replay,4000,0.0345,1.000,0.0361,0.74
19628,es_step,4000,0.0212,1.000,0.0361,1.43
19629,replay,4000,0.0304,1.000,0.0361,0.73
19630,es_step,4000,0.0244,0.938,0.0361,1.42
19631,replay,4000,0.0330,1.000,0.0360,0.72
19632,replay,4000,0.0235,1.000,0.0360,0.72
19633,replay,4000,0.0254,1.000,0.0359,0.72
19634,replay,4000,0.0349,1.000,0.0359,0.72
19635,replay,4000,0.0359,1.000,0.0359,0.72
19636,replay,4000,0.0469,1.000,0.0359,0.74
19637,replay,4000,0.0335,1.000,0.0358,0.73
19638,replay,4000,0.0321,1.000,0.0358,0.74
19639,replay,4000,0.0403,1.000,0.0358,0.73
19640,replay,4000,0.0408,1.000,0.0358,0.73
19641,es_step,4000,0.0398,0.938,0.0358,1.42
19642,replay,4000,0.0552,1.000,0.0358,0.72
19643,es_step,4000,0.0410,0.938,0.0359,1.41
19644,es_step,4000,0.0386,0.938,0.0359,1.42
19645,replay,4000,0.0710,1.000,0.0359,0.72
19646,replay,4000,0.0679,1.000,0.0359,0.72
19647,replay,4000,0.0542,1.000,0.0359,0.72
19648,replay,4000,0.0572,1.000,0.0359,0.72
19649,replay,4000,0.0660,1.000,0.0360,0.74
19650,es_step,4000,0.0466,0.938,0.0360,1.42
19651,replay,4000,0.0644,1.000,0.0360,0.72
19652,replay,4000,0.0652,1.000,0.0360,0.73
19653,replay,4000,0.0670,1.000,0.0360,0.72
19654,replay,4000,0.0664,1.000,0.0361,0.72
19655,es_step,4000,0.0449,0.938,0.0361,1.41
19656,es_step,4000,0.0470,1.000,0.0361,1.40
19657,es_step,4000,0.0462,0.750,0.0361,1.39
19658,replay,4000,0.0663,1.000,0.0361,0.72
19659,replay,4000,0.0620,1.000,0.0362,0.73
19660,es_step,4000,0.0381,1.000,0.0362,1.41
19661,replay,4000,0.0595,1.000,0.0362,0.72
19662,replay,4000,0.0562,1.000,0.0362,0.72
19663,replay,4000,0.0458,1.000,0.0362,0.72
19664,replay,4000,0.0378,1.000,0.0361,0.72
19665,replay,4000,0.0574,1.000,0.0361,0.73
19666,replay,4000,0.0656,1.000,0.0361,0.73
19667,replay,4000,0.0601,1.000,0.0361,0.73
19668,replay,4000,0.0523,1.000,0.0361,0.72
19669,es_step,4000,0.0238,0.938,0.0361,1.41
19670,replay,4000,0.0385,1.000,0.0360,0.73
19671,replay,4000,0.0366,1.000,0.0360,0.73
19672,replay,4000,0.0570,1.000,0.0360,0.73
19673,replay,4000,0.0468,1.000,0.0359,0.73
19674,replay,4000,0.0381,1.000,0.0359,0.73
19675,es_step,4000,0.0246,0.938,0.0359,1.41
19676,replay,4000,0.0531,1.000,0.0359,0.72
19677,replay,4000,0.0319,1.000,0.0359,0.72
19678,replay,4000,0.0361,1.000,0.0358,0.72
19679,replay,4000,0.0354,1.000,0.0358,0.72
19680,replay,4000,0.0521,1.000,0.0358,0.72
19681,replay,4000,0.0586,1.000,0.0358,0.74
19682,replay,4000,0.0491,1.000,0.0358,0.74
19683,replay,4000,0.0533,1.000,0.0358,0.74
19684,replay,4000,0.0526,1.000,0.0358,0.74
19685,replay,4000,0.0507,1.000,0.0358,0.75
19686,replay,4000,0.0491,1.000,0.0358,0.75
19687,replay,4000,0.0405,1.000,0.0358,0.75
19688,replay,4000,0.0474,1.000,0.0358,0.74
19689,replay,4000,0.0408,1.000,0.0358,0.74
19690,replay,4000,0.0321,1.000,0.0357,0.75
19691,replay,4000,0.0707,1.000,0.0357,0.75
19692,replay,4000,0.0627,1.000,0.0357,0.75
19693,replay,4000,0.0519,1.000,0.0357,0.75
19694,replay,4000,0.0480,1.000,0.0357,0.75
19695,replay,4000,0.0635,1.000,0.0357,0.75
19696,replay,4000,0.0563,1.000,0.0357,0.75
19697,replay,4000,0.0623,1.000,0.0357,0.75
19698,es_step,4000,0.0526,0.938,0.0358,1.46
19699,replay,4000,0.0421,1.000,0.0357,0.74
19700,replay,4000,0.0668,1.000,0.0357,0.73
19701,replay,4000,0.0602,1.000,0.0358,0.75
19702,replay,4000,0.0668,1.000,0.0358,0.75
19703,replay,4000,0.0638,1.000,0.0358,3.05
19704,replay,4000,0.0752,1.000,0.0358,0.75
19705,replay,4000,0.0650,1.000,0.0359,0.75
19706,replay,4000,0.0566,1.000,0.0359,0.75
19707,replay,4000,0.0773,1.000,0.0359,0.76
19708,replay,4000,0.0585,1.000,0.0360,0.76
19709,replay,4000,0.0610,1.000,0.0360,0.76
19710,es_step,4000,0.0466,1.000,0.0360,1.48
19711,replay,4000,0.0672,1.000,0.0360,0.75
19712,replay,4000,0.0739,1.000,0.0360,0.75
19713,replay,4000,0.0616,1.000,0.0361,0.75
19714,replay,4000,0.0668,1.000,0.0361,0.75
19715,es_step,4000,0.0522,1.000,0.0361,1.46
19716,replay,4000,0.0611,1.000,0.0362,0.74
19717,replay,4000,0.0799,1.000,0.0362,0.74
19718,replay,4000,0.0656,1.000,0.0363,0.74
19719,replay,4000,0.0607,1.000,0.0363,0.74
19720,replay,4000,0.0636,1.000,0.0363,0.75
19721,replay,4000,0.0611,1.000,0.0364,0.74
19722,replay,4000,0.0569,1.000,0.0364,0.75
19723,replay,4000,0.0567,1.000,0.0364,0.75
19724,replay,4000,0.0665,1.000,0.0365,0.75
19725,replay,4000,0.0582,1.000,0.0365,0.74
19726,replay,4000,0.0586,1.000,0.0365,0.75
19727,replay,4000,0.0611,1.000,0.0365,0.75
19728,replay,4000,0.0663,1.000,0.0365,0.74
19729,replay,4000,0.0700,1.000,0.0366,0.74
19730,replay,4000,0.0685,1.000,0.0366,0.74
19731,replay,4000,0.0619,1.000,0.0366,0.74
19732,replay,4000,0.0630,1.000,0.0366,0.76
19733,replay,4000,0.0674,1.000,0.0367,0.76
19734,replay,4000,0.0643,1.000,0.0367,0.75
19735,es_step,4000,0.0473,1.000,0.0367,1.47
19736,replay,4000,0.0710,1.000,0.0367,0.74
19737,replay,4000,0.0784,1.000,0.0368,0.74
19738,replay,4000,0.0729,1.000,0.0368,0.74
19739,replay,4000,0.0862,1.000,0.0368,0.75
19740,replay,4000,0.0870,1.000,0.0369,0.74
19741,replay,4000,0.0865,1.000,0.0369,0.74
19742,replay,4000,0.0754,1.000,0.0370,0.74
19743,replay,4000,0.0726,1.000,0.0370,0.74
19744,es_step,4000,0.0598,1.000,0.0371,1.46
19745,replay,4000,0.0688,1.000,0.0372,0.74
19746,es_step,4000,0.0627,0.875,0.0372,1.45
19747,es_step,4000,0.0597,1.000,0.0372,1.44
19748,replay,4000,0.0712,1.000,0.0373,0.73
19749,replay,4000,0.0688,1.000,0.0373,0.75
19750,es_step,4000,0.0556,0.938,0.0373,1.44
19751,replay,4000,0.0819,1.000,0.0374,0.73
19752,replay,4000,0.0791,1.000,0.0374,0.74
19753,replay,4000,0.0855,1.000,0.0374,0.74
19754,replay,4000,0.0831,1.000,0.0375,0.75
19755,replay,4000,0.0816,1.000,0.0375,0.74
19756,replay,4000,0.0801,1.000,0.0376,0.74
19757,replay,4000,0.0770,1.000,0.0376,0.74
19758,replay,4000,0.0764,1.000,0.0377,0.74
19759,replay,4000,0.0762,1.000,0.0378,0.75
19760,replay,4000,0.0652,1.000,0.0378,0.75
19761,replay,4000,0.0638,1.000,0.0378,0.75
19762,replay,4000,0.0585,1.000,0.0379,0.75
19763,replay,4000,0.0680,1.000,0.0379,0.74
19764,replay,4000,0.0782,1.000,0.0379,0.75
19765,replay,4000,0.0627,1.000,0.0380,0.75
19766,replay,4000,0.0576,1.000,0.0380,0.75
19767,replay,4000,0.0699,1.000,0.0380,0.76
19768,replay,4000,0.0646,1.000,0.0380,0.75
19769,replay,4000,0.0484,1.000,0.0380,0.75
19770,replay,4000,0.0451,1.000,0.0380,0.75
19771,replay,4000,0.0466,1.000,0.0380,0.75
19772,replay,4000,0.0413,1.000,0.0380,0.74
19773,replay,4000,0.0529,1.000,0.0380,0.75
19774,replay,4000,0.0553,1.000,0.0379,0.75
19775,replay,4000,0.0537,1.000,0.0379,0.76
19776,es_step,4000,0.0327,0.875,0.0379,1.48
19777,es_step,4000,0.0323,1.000,0.0379,1.45
19778,replay,4000,0.0380,1.000,0.0379,0.73
19779,replay,4000,0.0407,1.000,0.0378,0.74
19780,replay,4000,0.0374,1.000,0.0378,0.75
19781,replay,4000,0.0591,1.000,0.0380,0.74
19782,es_step,4000,0.0308,1.000,0.0380,1.45
19783,replay,4000,0.0501,1.000,0.0379,0.74
19784,replay,4000,0.0317,1.000,0.0379,0.75
19785,replay,4000,0.0356,1.000,0.0379,0.75
19786,replay,4000,0.0329,1.000,0.0378,0.75
19787,es_step,4000,0.0275,1.000,0.0378,1.47
19788,replay,4000,0.0317,1.000,0.0378,0.73
19789,replay,4000,0.0345,1.000,0.0378,0.74
19790,es_step,4000,0.0338,1.000,0.0378,1.46
19791,replay,4000,0.0404,1.000,0.0378,0.74
19792,replay,4000,0.0312,1.000,0.0377,0.74
19793,es_step,4000,0.0298,1.000,0.0377,1.46
19794,replay,4000,0.0376,1.000,0.0377,0.74
19795,replay,4000,0.0396,1.000,0.0377,0.73
19796,es_step,4000,0.0324,1.000,0.0377,1.44
19797,es_step,4000,0.0303,1.000,0.0377,1.45
19798,replay,4000,0.0720,1.000,0.0376,0.74
19799,es_step,4000,0.0304,1.000,0.0376,1.44
19800,es_step,4000,0.0301,1.000,0.0376,1.43
19801,replay,4000,0.0394,1.000,0.0376,0.73
19802,replay,4000,0.0389,1.000,0.0376,0.74
19803,es_step,4000,0.0322,1.000,0.0376,1.45
19804,es_step,4000,0.0306,1.000,0.0376,1.44
19805,replay,4000,0.0408,1.000,0.0375,0.73
19806,replay,4000,0.0326,1.000,0.0375,0.73
19807,replay,4000,0.0400,1.000,0.0375,0.73
19808,replay,4000,0.0565,1.000,0.0375,0.73
19809,replay,4000,0.0629,1.000,0.0375,0.75
19810,es_step,4000,0.0361,1.000,0.0375,1.43
19811,replay,4000,0.0597,1.000,0.0375,0.73
19812,replay,4000,0.0587,1.000,0.0374,0.73
19813,replay,4000,0.0588,1.000,0.0374,0.73
19814,replay,4000,0.0508,1.000,0.0374,0.73
19815,replay,4000,0.0354,1.000,0.0374,0.73
19816,replay,4000,0.0226,1.000,0.0373,0.75
19817,replay,4000,0.0485,1.000,0.0373,0.75
19818,replay,4000,0.0477,1.000,0.0373,0.74
19819,replay,4000,0.0434,1.000,0.0373,0.75
19820,replay,4000,0.0405,1.000,0.0373,0.76
19821,replay,4000,0.0423,1.000,0.0373,0.76
19822,replay,4000,0.0438,1.000,0.0373,0.76
19823,es_step,4000,0.0294,1.000,0.0373,1.48
19824,replay,4000,0.0481,1.000,0.0372,0.74
19825,replay,4000,0.0535,1.000,0.0372,0.74
19826,es_step,4000,0.0292,1.000,0.0372,1.45
19827,es_step,4000,0.0306,1.000,0.0372,1.44
19828,replay,4000,0.0520,1.000,0.0372,0.73
19829,replay,4000,0.0379,1.000,0.0372,0.73
19830,replay,4000,0.0390,1.000,0.0372,0.74
19831,replay,4000,0.0358,1.000,0.0371,0.74
19832,es_step,4000,0.0294,1.000,0.0371,1.44
19833,replay,4000,0.0335,1.000,0.0371,0.73
19834,replay,4000,0.0353,1.000,0.0371,0.73
19835,replay,4000,0.0339,1.000,0.0371,0.73
19836,replay,4000,0.0418,1.000,0.0370,0.73
19837,replay,4000,0.0409,1.000,0.0370,0.73
19838,replay,4000,0.0350,1.000,0.0370,0.75
19839,replay,4000,0.0343,1.000,0.0369,0.74
19840,replay,4000,0.0318,1.000,0.0369,0.75
19841,replay,4000,0.0307,1.000,0.0369,0.75
19842,es_step,4000,0.0257,1.000,0.0369,1.45
19843,replay,4000,0.0520,1.000,0.0368,0.73
19844,replay,4000,0.0685,1.000,0.0368,0.73
19845,replay,4000,0.0554,1.000,0.0368,0.75
19846,replay,4000,0.0615,1.000,0.0367,0.75
19847,replay,4000,0.0513,1.000,0.0367,0.75
19848,replay,4000,0.0524,1.000,0.0367,0.75
19849,replay,4000,0.0500,1.000,0.0367,0.75
19850,replay,4000,0.0647,1.000,0.0367,0.76
19851,replay,4000,0.0611,1.000,0.0367,0.76
19852,replay,4000,0.0450,1.000,0.0367,0.75
19853,replay,4000,0.0548,1.000,0.0367,0.75
19854,replay,4000,0.0630,1.000,0.0367,0.75
19855,es_step,4000,0.0410,1.000,0.0367,1.46
19856,replay,4000,0.0550,1.000,0.0367,0.75
19857,replay,4000,0.0689,1.000,0.0367,0.75
19858,replay,4000,0.0646,1.000,0.0368,0.74
19859,replay,4000,0.0678,1.000,0.0368,0.74
19860,replay,4000,0.0660,1.000,0.0368,0.74
19861,replay,4000,0.0646,1.000,0.0368,0.75
19862,replay,4000,0.0599,1.000,0.0369,0.76
19863,es_step,4000,0.0462,1.000,0.0369,1.47
19864,replay,4000,0.0577,1.000,0.0369,0.74
19865,replay,4000,0.0577,1.000,0.0369,0.74
19866,es_step,4000,0.0418,1.000,0.0369,1.46
19867,replay,4000,0.0538,1.000,0.0369,0.74
19868,replay,4000,0.0468,1.000,0.0369,0.74
19869,replay,4000,0.0471,1.000,0.0369,0.74
19870,replay,4000,0.0428,1.000,0.0369,0.74
19871,es_step,4000,0.0350,1.000,0.0369,1.46
19872,replay,4000,0.0394,1.000,0.0369,0.73
19873,replay,4000,0.0391,1.000,0.0369,0.73
19874,replay,4000,0.0359,1.000,0.0369,0.73
19875,replay,4000,0.0373,1.000,0.0368,0.74
19876,es_step,4000,0.0249,1.000,0.0368,1.45
19877,es_step,4000,0.0195,1.000,0.0368,1.43
19878,replay,4000,0.0325,1.000,0.0368,0.73
19879,replay,4000,0.0332,1.000,0.0368,0.73
19880,replay,4000,0.0534,1.000,0.0367,0.74
19881,replay,4000,0.0440,1.000,0.0367,0.74
19882,replay,4000,0.0287,1.000,0.0367,0.73
19883,replay,4000,0.0316,1.000,0.0367,0.73
19884,es_step,4000,0.0244,1.000,0.0367,1.43
19885,replay,4000,0.0351,1.000,0.0366,0.72
19886,replay,4000,0.0345,1.000,0.0366,0.73
19887,es_step,4000,0.0263,1.000,0.0366,1.43
19888,es_step,4000,0.0204,1.000,0.0366,1.43
19889,replay,4000,0.0439,1.000,0.0366,0.73
19890,replay,4000,0.0484,1.000,0.0365,0.74
19891,replay,4000,0.0488,1.000,0.0365,0.75
19892,replay,4000,0.0575,1.000,0.0365,0.74
19893,es_step,4000,0.0405,1.000,0.0365,1.43
19894,replay,4000,0.0437,1.000,0.0365,0.73
19895,replay,4000,0.0621,1.000,0.0366,0.73
19896,replay,4000,0.0636,1.000,0.0366,0.73
19897,es_step,4000,0.0464,1.000,0.0366,1.44
19898,replay,4000,0.0758,1.000,0.0366,0.83
19899,replay,4000,0.0631,1.000,0.0367,0.73
19900,es_step,4000,0.0449,1.000,0.0367,1.43
19901,replay,4000,0.0615,1.000,0.0367,0.72
19902,replay,4000,0.0708,1.000,0.0367,0.73
19903,replay,4000,0.0691,1.000,0.0368,0.72
19904,replay,4000,0.0723,1.000,0.0368,0.72
19905,replay,4000,0.0706,1.000,0.0368,0.73
19906,replay,4000,0.0659,1.000,0.0369,0.73
19907,replay,4000,0.0620,1.000,0.0369,0.72
19908,replay,4000,0.0680,1.000,0.0369,0.73
19909,replay,4000,0.0625,1.000,0.0369,0.73
19910,replay,4000,0.0646,1.000,0.0369,0.72
19911,es_step,4000,0.0358,1.000,0.0369,1.43
19912,replay,4000,0.0686,1.000,0.0369,0.73
19913,es_step,4000,0.0339,1.000,0.0369,1.42
19914,replay,4000,0.0721,1.000,0.0370,0.72
19915,replay,4000,0.0629,1.000,0.0369,0.72
19916,replay,4000,0.0501,1.000,0.0370,0.72
19917,replay,4000,0.0635,1.000,0.0370,0.72
19918,replay,4000,0.0577,1.000,0.0370,0.73
19919,replay,4000,0.0757,1.000,0.0370,0.73
19920,replay,4000,0.0688,1.000,0.0370,0.73
19921,replay,4000,0.0634,1.000,0.0370,0.74
19922,replay,4000,0.0590,1.000,0.0371,0.74
19923,replay,4000,0.0610,1.000,0.0371,0.74
19924,replay,4000,0.0587,1.000,0.0371,0.74
19925,replay,4000,0.0793,1.000,0.0371,0.75
19926,replay,4000,0.0659,1.000,0.0371,0.74
19927,replay,4000,0.0618,1.000,0.0371,0.74
19928,replay,4000,0.0472,1.000,0.0371,0.75
19929,replay,4000,0.0699,1.000,0.0371,0.74
19930,replay,4000,0.0613,1.000,0.0371,0.74
19931,replay,4000,0.0593,1.000,0.0372,0.74
19932,replay,4000,0.0698,1.000,0.0372,0.74
19933,replay,4000,0.0743,1.000,0.0372,0.75
19934,es_step,4000,0.0471,1.000,0.0372,1.47
19935,replay,4000,0.0666,1.000,0.0373,0.75
19936,replay,4000,0.0520,1.000,0.0373,0.75
19937,replay,4000,0.0588,1.000,0.0373,0.74
19938,replay,4000,0.0537,1.000,0.0373,0.74
19939,replay,4000,0.0678,1.000,0.0373,0.74
19940,es_step,4000,0.0221,0.938,0.0373,1.46
19941,replay,4000,0.0722,1.000,0.0373,0.74
19942,replay,4000,0.0548,1.000,0.0372,0.74
19943,replay,4000,0.0505,1.000,0.0372,0.75
19944,replay,4000,0.0572,1.000,0.0372,0.75
19945,es_step,4000,0.0335,1.000,0.0372,1.46
19946,es_step,4000,0.0318,1.000,0.0372,1.42
19947,replay,4000,0.0437,1.000,0.0371,0.72
19948,replay,4000,0.0547,1.000,0.0371,0.72
19949,es_step,4000,0.0322,1.000,0.0371,1.41
19950,es_step,4000,0.0275,1.000,0.0371,1.41
19951,replay,4000,0.0567,1.000,0.0371,0.73
19952,replay,4000,0.0554,1.000,0.0371,0.72
19953,es_step,4000,0.0360,1.000,0.0371,1.41
19954,replay,4000,0.0545,1.000,0.0371,0.72
19955,replay,4000,0.0518,1.000,0.0371,0.72
19956,replay,4000,0.0495,1.000,0.0371,0.73
19957,replay,4000,0.0448,1.000,0.0371,0.72
19958,replay,4000,0.0436,1.000,0.0371,0.72
19959,es_step,4000,0.0371,1.000,0.0371,1.42
19960,replay,4000,0.0348,1.000,0.0371,0.73
19961,es_step,4000,0.0369,1.000,0.0371,1.43
19962,replay,4000,0.0535,1.000,0.0371,0.73
19963,replay,4000,0.0498,1.000,0.0371,0.72
19964,replay,4000,0.0588,1.000,0.0371,0.71
19965,replay,4000,0.0508,1.000,0.0371,0.70
19966,replay,4000,0.0506,1.000,0.0371,0.73
19967,replay,4000,0.0521,1.000,0.0371,0.73
19968,replay,4000,0.0557,1.000,0.0371,0.73
19969,es_step,4000,0.0307,1.000,0.0371,1.40
19970,replay,4000,0.0502,1.000,0.0371,0.72
19971,es_step,4000,0.0305,1.000,0.0371,1.40
19972,replay,4000,0.0496,1.000,0.0371,0.73
19973,replay,4000,0.0371,1.000,0.0371,0.74
19974,replay,4000,0.0513,1.000,0.0370,0.73
19975,replay,4000,0.0738,1.000,0.0370,0.74
19976,replay,4000,0.0683,1.000,0.0371,0.74
19977,replay,4000,0.0587,1.000,0.0371,0.73
19978,replay,4000,0.0619,1.000,0.0371,0.73
19979,replay,4000,0.0577,1.000,0.0371,0.74
19980,replay,4000,0.0615,1.000,0.0371,0.73
19981,replay,4000,0.0562,1.000,0.0371,0.73
19982,replay,4000,0.0550,1.000,0.0372,0.74
19983,replay,4000,0.0595,1.000,0.0372,0.75
19984,replay,4000,0.0520,1.000,0.0372,0.75
19985,replay,4000,0.0632,1.000,0.0372,0.75
19986,es_step,4000,0.0450,1.000,0.0372,1.45
19987,replay,4000,0.0665,1.000,0.0373,0.74
19988,replay,4000,0.0618,1.000,0.0373,0.74
19989,replay,4000,0.0522,1.000,0.0373,0.74
19990,replay,4000,0.0488,1.000,0.0373,0.74
19991,replay,4000,0.0520,1.000,0.0374,0.74
19992,replay,4000,0.0488,1.000,0.0374,0.74
19993,replay,4000,0.0468,1.000,0.0374,0.74
19994,es_step,4000,0.0283,0.938,0.0374,1.43
19995,replay,4000,0.0778,1.000,0.0374,0.74
19996,replay,4000,0.0868,1.000,0.0375,0.74
19997,es_step,4000,0.0358,1.000,0.0375,1.43
19998,es_step,4000,0.0358,1.000,0.0375,1.41
19999,replay,4000,0.0831,1.000,0.0375,0.72
