update,mode,buffer_size,mean_regret_candidates,valid_fraction,mean_buffer_score,time_s
0,es_step,128,0.0000,0.812,0.0000,3.27
1,es_step,192,0.0000,0.906,0.0000,3.66
2,es_step,256,0.0000,0.844,0.0000,3.09
3,es_step,320,0.0000,0.906,0.0000,2.55
4,es_step,384,0.0000,0.906,0.0000,2.69
5,es_step,448,0.0000,0.906,0.0000,2.55
6,es_step,512,0.0000,0.969,0.0000,3.09
7,es_step,576,0.0000,0.969,0.0000,2.54
8,es_step,640,0.0000,0.969,0.0000,2.54
9,es_step,704,0.0000,0.906,0.0000,3.10
10,es_step,768,0.0000,0.906,0.0000,2.54
11,es_step,832,0.0000,0.875,0.0000,2.54
12,es_step,896,0.0000,0.969,0.0000,2.81
13,es_step,960,0.0000,0.906,0.0000,2.71
14,es_step,1024,0.0000,0.938,0.0000,2.54
15,es_step,1088,0.0000,0.938,0.0000,2.53
16,es_step,1152,0.0000,0.938,0.0000,2.54
17,es_step,1216,0.0000,0.906,0.0000,2.53
18,es_step,1280,0.0000,0.969,0.0000,2.53
19,es_step,1344,0.0000,0.875,0.0000,2.54
20,es_step,1408,0.0000,0.875,0.0000,2.53
21,es_step,1472,0.0000,1.000,0.0000,2.54
22,es_step,1536,0.0000,0.938,0.0000,2.53
23,es_step,1600,0.0000,0.938,0.0000,2.53
24,es_step,1664,0.0000,1.000,0.0000,2.53
25,es_step,1728,0.0000,0.812,0.0000,2.53
26,es_step,1792,0.0000,0.875,0.0000,2.53
27,es_step,1856,0.0000,0.969,0.0000,2.74
28,es_step,1920,0.0000,0.875,0.0000,2.53
29,es_step,1984,0.0000,0.969,0.0000,2.53
30,es_step,2048,0.0000,0.969,0.0000,2.54
31,replay,2048,-0.0144,1.000,-0.0005,9.26
32,replay,2048,-0.0504,1.000,-0.0015,0.71
33,replay,2048,-0.0487,1.000,-0.0020,0.61
34,replay,2048,0.0080,1.000,-0.0016,0.61
35,replay,2048,0.0450,1.000,-0.0023,0.60
36,replay,2048,0.0060,1.000,-0.0024,0.60
37,replay,2048,-0.0195,1.000,-0.0024,0.61
38,replay,2048,0.0359,1.000,-0.0019,0.60
39,es_step,2112,0.0000,0.938,-0.0018,2.54
40,es_step,2176,0.0000,0.969,-0.0018,2.54
41,replay,2176,0.0215,1.000,-0.0020,0.61
42,replay,2176,0.1358,1.000,-0.0019,0.61
43,replay,2176,0.2324,1.000,-0.0024,0.60
44,replay,2176,0.1361,1.000,-0.0028,0.60
45,replay,2176,0.0426,1.000,-0.0035,0.61
46,es_step,2240,0.0000,0.969,-0.0034,2.53
47,replay,2240,0.0134,1.000,-0.0031,0.61
48,replay,2240,0.2265,1.000,-0.0034,0.60
49,replay,2240,0.1551,1.000,-0.0035,0.86
50,replay,2240,-0.0338,1.000,-0.0042,0.60
51,replay,2240,0.1290,1.000,-0.0038,0.60
52,replay,2240,0.1275,1.000,-0.0039,0.60
53,es_step,2304,0.0000,0.875,-0.0038,2.53
54,es_step,2368,0.0000,0.969,-0.0037,2.54
55,replay,2368,0.0816,1.000,-0.0047,0.61
56,replay,2368,0.0825,1.000,-0.0051,0.60
57,replay,2368,0.0785,1.000,-0.0058,0.60
58,replay,2368,-0.0565,1.000,-0.0061,0.60
59,replay,2368,0.0504,1.000,-0.0056,0.60
60,replay,2368,0.1165,1.000,-0.0065,0.60
61,replay,2368,0.0518,1.000,-0.0067,0.60
62,es_step,2432,0.0000,0.938,-0.0065,2.53
63,replay,2432,0.1569,1.000,-0.0066,0.61
64,replay,2432,0.0482,1.000,-0.0064,0.60
65,replay,2432,0.0638,1.000,-0.0061,0.61
66,replay,2432,0.1247,1.000,-0.0066,0.61
67,replay,2432,0.1757,1.000,-0.0066,0.60
68,replay,2432,0.0888,1.000,-0.0071,0.60
69,replay,2432,0.1449,1.000,-0.0080,0.60
70,es_step,2496,0.0000,1.000,-0.0078,2.52
71,es_step,2560,0.0000,1.000,-0.0076,2.53
72,replay,2560,0.0697,1.000,-0.0081,0.61
73,replay,2560,0.2312,1.000,-0.0083,0.61
74,replay,2560,0.1259,1.000,-0.0080,0.60
75,replay,2560,-0.0281,1.000,-0.0092,0.60
76,replay,2560,0.0940,1.000,-0.0092,0.60
77,replay,2560,0.0983,1.000,-0.0099,0.60
78,replay,2560,-0.0387,1.000,-0.0104,0.60
79,replay,2560,0.0384,1.000,-0.0101,0.60
80,replay,2560,0.1038,1.000,-0.0106,0.60
81,replay,2560,0.0606,1.000,-0.0107,0.60
82,replay,2560,0.0102,1.000,-0.0108,0.60
83,replay,2560,-0.0415,1.000,-0.0112,0.60
84,es_step,2624,0.0000,0.969,-0.0109,2.53
85,replay,2624,0.0013,1.000,-0.0109,0.60
86,replay,2624,0.1551,1.000,-0.0111,0.60
87,replay,2624,-0.0128,1.000,-0.0111,0.60
88,replay,2624,0.0507,1.000,-0.0113,0.60
89,replay,2624,0.0267,1.000,-0.0108,0.60
90,replay,2624,0.1195,1.000,-0.0110,0.61
91,replay,2624,0.1215,1.000,-0.0105,0.61
92,es_step,2688,0.0000,1.000,-0.0103,2.53
93,es_step,2752,0.0000,1.000,-0.0100,2.53
94,replay,2752,0.1467,1.000,-0.0107,0.60
95,replay,2752,0.1118,1.000,-0.0110,0.60
96,replay,2752,0.0542,1.000,-0.0116,0.60
97,replay,2752,0.0017,1.000,-0.0117,0.60
98,es_step,2816,0.0000,1.000,-0.0114,2.85
99,replay,2816,-0.0131,1.000,-0.0113,0.61
100,es_step,2880,0.0000,0.969,-0.0111,2.53
101,replay,2880,0.1625,1.000,-0.0114,0.60
102,replay,2880,-0.0203,1.000,-0.0115,0.60
103,es_step,2944,0.0000,1.000,-0.0113,2.53
104,replay,2944,0.0987,1.000,-0.0109,0.61
105,es_step,3008,0.0000,1.000,-0.0107,2.52
106,es_step,3072,0.0000,1.000,-0.0105,2.53
107,replay,3072,0.1541,1.000,-0.0109,0.61
108,replay,3072,0.1080,1.000,-0.0110,0.60
109,replay,3072,0.0425,1.000,-0.0113,0.60
110,replay,3072,0.3076,1.000,-0.0111,0.60
111,replay,3072,0.0912,1.000,-0.0115,0.60
112,replay,3072,0.1509,1.000,-0.0117,0.60
113,replay,3072,0.1428,1.000,-0.0120,0.60
114,es_step,3136,0.0000,1.000,-0.0117,2.52
115,replay,3136,0.1413,1.000,-0.0122,0.61
116,replay,3136,0.0622,1.000,-0.0125,0.61
117,replay,3136,0.1414,1.000,-0.0125,0.60
118,replay,3136,0.1337,1.000,-0.0125,0.60
119,replay,3136,0.1838,1.000,-0.0129,0.60
120,replay,3136,0.0919,1.000,-0.0135,0.60
121,replay,3136,0.0159,1.000,-0.0137,0.60
122,replay,3136,0.0010,1.000,-0.0140,0.60
123,replay,3136,-0.0404,1.000,-0.0141,0.60
124,replay,3136,0.0745,1.000,-0.0134,0.60
125,replay,3136,0.0802,1.000,-0.0135,0.60
126,replay,3136,0.1699,1.000,-0.0133,0.60
127,es_step,3200,0.0000,1.000,-0.0131,2.53
128,es_step,3264,0.0000,1.000,-0.0128,2.53
129,replay,3264,0.0210,1.000,-0.0132,0.60
130,es_step,3328,0.0000,1.000,-0.0130,2.53
131,replay,3328,0.1378,1.000,-0.0133,0.60
132,replay,3328,0.1944,1.000,-0.0134,0.60
133,replay,3328,0.2655,1.000,-0.0137,0.61
134,replay,3328,0.1608,1.000,-0.0135,0.60
135,replay,3328,0.0155,1.000,-0.0141,0.60
136,replay,3328,0.1870,1.000,-0.0141,0.60
137,replay,3328,0.0968,1.000,-0.0143,0.60
138,replay,3328,0.0826,1.000,-0.0146,0.60
139,replay,3328,0.2437,1.000,-0.0146,0.60
140,replay,3328,0.1097,1.000,-0.0150,0.60
141,es_step,3392,0.0000,1.000,-0.0147,2.52
142,replay,3392,0.1429,1.000,-0.0152,0.61
143,replay,3392,0.1364,1.000,-0.0149,0.60
144,replay,3392,-0.0237,1.000,-0.0153,0.61
145,es_step,3456,0.0000,1.000,-0.0150,2.52
146,replay,3456,0.1008,1.000,-0.0154,0.60
147,replay,3456,0.1423,1.000,-0.0150,0.60
148,replay,3456,0.0856,1.000,-0.0153,0.61
149,replay,3456,0.1916,1.000,-0.0152,0.60
150,es_step,3520,0.0000,1.000,-0.0149,2.53
151,replay,3520,0.2341,1.000,-0.0153,0.60
152,replay,3520,0.0732,1.000,-0.0159,0.60
153,replay,3520,0.1990,1.000,-0.0159,0.61
154,replay,3520,0.0574,1.000,-0.0158,0.99
155,replay,3520,0.0725,1.000,-0.0154,0.60
156,replay,3520,0.1651,1.000,-0.0157,0.60
157,replay,3520,0.1484,1.000,-0.0160,0.60
158,replay,3520,0.1453,1.000,-0.0162,0.60
159,replay,3520,0.0389,1.000,-0.0169,0.60
160,replay,3520,0.1509,1.000,-0.0172,0.60
161,replay,3520,0.1187,1.000,-0.0175,0.60
162,es_step,3584,0.0000,1.000,-0.0172,2.53
163,es_step,3648,0.0000,1.000,-0.0169,2.53
164,replay,3648,0.1995,1.000,-0.0173,0.61
165,replay,3648,0.1246,1.000,-0.0170,0.60
166,replay,3648,0.0201,1.000,-0.0168,0.61
167,es_step,3712,0.0000,1.000,-0.0165,2.53
168,replay,3712,0.2299,1.000,-0.0170,0.60
169,replay,3712,0.1656,1.000,-0.0170,0.60
170,replay,3712,0.0805,1.000,-0.0173,0.60
171,replay,3712,0.0593,1.000,-0.0172,0.60
172,replay,3712,0.1372,1.000,-0.0171,0.60
173,replay,3712,-0.0245,1.000,-0.0175,0.61
174,replay,3712,0.0946,1.000,-0.0171,0.60
175,replay,3712,0.2539,1.000,-0.0167,0.60
176,replay,3712,0.2641,1.000,-0.0166,0.60
177,replay,3712,0.0661,1.000,-0.0170,0.60
178,replay,3712,0.1394,1.000,-0.0173,0.60
179,replay,3712,0.2437,1.000,-0.0169,0.61
180,replay,3712,0.2769,1.000,-0.0169,0.60
181,replay,3712,0.1981,1.000,-0.0169,0.60
182,es_step,3776,0.0000,1.000,-0.0164,2.53
183,replay,3776,0.0459,1.000,-0.0172,0.61
184,replay,3776,0.2591,1.000,-0.0171,0.60
185,replay,3776,0.1746,1.000,-0.0177,0.60
186,replay,3776,0.1268,1.000,-0.0184,0.60
187,replay,3776,0.1598,1.000,-0.0186,0.60
188,replay,3776,0.0775,1.000,-0.0191,0.60
189,replay,3776,0.2562,1.000,-0.0194,0.61
190,es_step,3840,0.0000,1.000,-0.0191,2.53
191,replay,3840,-0.0120,1.000,-0.0195,0.61
192,replay,3840,0.2072,1.000,-0.0191,0.60
193,replay,3840,0.2038,1.000,-0.0193,0.60
194,replay,3840,0.3175,1.000,-0.0196,0.60
195,replay,3840,0.1647,1.000,-0.0200,0.60
196,replay,3840,0.2546,1.000,-0.0206,0.60
197,replay,3840,0.2543,1.000,-0.0212,0.60
198,replay,3840,0.2534,1.000,-0.0212,0.60
199,replay,3840,0.2136,1.000,-0.0211,0.60
200,replay,3840,0.3112,1.000,-0.0210,0.60
201,replay,3840,0.1456,1.000,-0.0215,0.61
202,replay,3840,0.1522,1.000,-0.0219,0.60
203,replay,3840,0.2826,1.000,-0.0219,0.60
204,replay,3840,0.2633,1.000,-0.0220,0.60
205,es_step,3904,0.1168,1.000,-0.0203,2.52
206,replay,3904,0.2643,1.000,-0.0203,0.60
207,es_step,3968,0.0000,1.000,-0.0200,2.52
208,replay,3968,0.1959,1.000,-0.0202,0.60
209,replay,3968,-0.1103,1.000,-0.0207,0.60
210,replay,3968,0.0233,1.000,-0.0209,0.60
211,replay,3968,0.3939,1.000,-0.0211,0.60
212,replay,3968,0.3208,1.000,-0.0211,0.60
213,replay,3968,0.1430,1.000,-0.0216,0.60
214,es_step,4000,0.0000,1.000,-0.0214,2.53
215,replay,4000,0.3886,1.000,-0.0215,0.61
216,replay,4000,0.2919,1.000,-0.0216,0.60
217,replay,4000,0.3540,1.000,-0.0218,0.60
218,replay,4000,0.3319,1.000,-0.0219,0.60
219,replay,4000,0.0782,1.000,-0.0228,0.60
220,replay,4000,0.1244,1.000,-0.0228,0.60
221,replay,4000,0.1020,1.000,-0.0231,0.60
222,es_step,4000,0.0000,1.000,-0.0230,2.52
223,replay,4000,0.1760,1.000,-0.0228,0.61
224,replay,4000,0.2694,1.000,-0.0233,0.60
225,replay,4000,0.0247,1.000,-0.0236,0.60
226,replay,4000,0.4130,1.000,-0.0238,0.60
227,es_step,4000,0.0181,1.000,-0.0225,2.52
228,replay,4000,0.3663,1.000,-0.0229,0.60
229,replay,4000,0.1492,1.000,-0.0234,0.60
230,replay,4000,-0.2063,1.000,-0.0242,0.60
231,es_step,4000,0.0157,1.000,-0.0236,2.99
232,replay,4000,0.0541,1.000,-0.0236,0.61
233,replay,4000,0.3855,1.000,-0.0232,0.60
234,replay,4000,0.0650,1.000,-0.0230,0.60
235,replay,4000,0.1930,1.000,-0.0233,0.60
236,es_step,4000,0.0527,1.000,-0.0222,2.53
237,replay,4000,0.1941,1.000,-0.0222,0.60
238,replay,4000,0.0982,1.000,-0.0220,0.60
239,es_step,4000,0.0180,1.000,-0.0216,2.52
240,replay,4000,0.4337,1.000,-0.0215,0.61
241,replay,4000,0.1699,1.000,-0.0216,0.60
242,es_step,4000,0.0767,1.000,-0.0200,2.53
243,es_step,4000,0.1593,1.000,-0.0187,2.53
244,es_step,4000,0.0641,1.000,-0.0183,2.53
245,es_step,4000,0.1102,1.000,-0.0175,2.53
246,replay,4000,0.2861,1.000,-0.0171,0.61
247,replay,4000,0.1538,1.000,-0.0173,0.60
248,replay,4000,-0.1010,1.000,-0.0178,0.60
249,replay,4000,0.1671,1.000,-0.0178,0.60
250,replay,4000,0.4099,1.000,-0.0176,0.60
251,replay,4000,0.3051,1.000,-0.0174,0.60
252,replay,4000,0.2904,1.000,-0.0175,0.60
253,replay,4000,0.0015,1.000,-0.0179,0.60
254,replay,4000,0.0841,1.000,-0.0180,0.60
255,es_step,4000,0.0311,1.000,-0.0171,2.53
256,replay,4000,0.1185,1.000,-0.0172,0.60
257,es_step,4000,0.0000,1.000,-0.0165,2.53
258,replay,4000,0.1722,1.000,-0.0165,0.60
259,replay,4000,0.4001,1.000,-0.0164,0.60
260,replay,4000,-0.0070,1.000,-0.0172,0.60
261,replay,4000,0.1200,1.000,-0.0172,0.60
262,replay,4000,-0.0574,1.000,-0.0178,0.60
263,replay,4000,0.2437,1.000,-0.0172,0.60
264,replay,4000,0.3539,1.000,-0.0168,0.60
265,replay,4000,0.0949,1.000,-0.0172,0.60
266,replay,4000,0.3044,1.000,-0.0167,0.60
267,replay,4000,0.2506,1.000,-0.0166,0.61
268,replay,4000,0.1700,1.000,-0.0172,0.60
269,replay,4000,0.2267,1.000,-0.0171,0.60
270,replay,4000,-0.0157,1.000,-0.0178,0.60
271,es_step,4000,0.0000,1.000,-0.0176,2.53
272,replay,4000,0.2580,1.000,-0.0171,0.61
273,es_step,4000,0.0081,1.000,-0.0171,2.53
274,replay,4000,0.2689,1.000,-0.0171,0.61
275,replay,4000,0.1061,1.000,-0.0172,0.61
276,replay,4000,0.0684,1.000,-0.0174,0.60
277,replay,4000,0.1923,1.000,-0.0176,0.60
278,replay,4000,0.3106,1.000,-0.0173,0.60
279,replay,4000,0.0952,1.000,-0.0179,0.60
280,replay,4000,0.2354,1.000,-0.0180,0.61
281,replay,4000,0.2943,1.000,-0.0180,0.60
282,es_step,4000,0.0104,1.000,-0.0178,2.53
283,es_step,4000,0.0157,1.000,-0.0178,2.53
284,replay,4000,0.1568,1.000,-0.0180,0.61
285,replay,4000,-0.0243,1.000,-0.0185,0.60
286,replay,4000,0.2095,1.000,-0.0185,0.60
287,replay,4000,0.1250,1.000,-0.0185,0.60
288,replay,4000,0.2645,1.000,-0.0182,0.60
289,replay,4000,-0.0053,1.000,-0.0186,0.60
290,replay,4000,0.1815,1.000,-0.0186,0.60
291,replay,4000,0.2932,1.000,-0.0185,0.61
292,es_step,4000,0.0116,1.000,-0.0184,2.53
293,replay,4000,0.2340,1.000,-0.0184,0.61
294,replay,4000,0.2404,1.000,-0.0182,0.60
295,replay,4000,0.2411,1.000,-0.0180,0.60
296,replay,4000,0.0950,1.000,-0.0184,0.60
297,es_step,4000,0.0000,1.000,-0.0184,2.53
298,replay,4000,0.1926,1.000,-0.0185,0.61
299,es_step,4000,0.0062,1.000,-0.0185,3.06
300,replay,4000,0.0912,1.000,-0.0188,0.61
301,replay,4000,0.2691,1.000,-0.0185,0.60
302,es_step,4000,0.0055,1.000,-0.0185,2.53
303,replay,4000,0.1943,1.000,-0.0183,0.61
304,es_step,4000,0.0000,1.000,-0.0183,2.53
305,replay,4000,0.1250,1.000,-0.0186,0.61
306,replay,4000,-0.0932,1.000,-0.0193,0.60
307,replay,4000,0.2849,1.000,-0.0187,0.60
308,replay,4000,0.0389,1.000,-0.0188,0.60
309,replay,4000,0.2224,1.000,-0.0187,0.60
310,replay,4000,0.2047,1.000,-0.0187,0.60
311,replay,4000,0.0924,1.000,-0.0188,0.60
312,replay,4000,0.1381,1.000,-0.0189,0.60
313,es_step,4000,0.0108,1.000,-0.0187,2.53
314,replay,4000,0.2087,1.000,-0.0185,0.61
315,replay,4000,0.1536,1.000,-0.0184,0.61
316,replay,4000,0.2714,1.000,-0.0177,0.60
317,es_step,4000,0.0034,1.000,-0.0177,2.52
318,replay,4000,0.1237,1.000,-0.0175,0.61
319,replay,4000,0.0849,1.000,-0.0171,0.60
320,replay,4000,0.2920,1.000,-0.0168,0.60
321,replay,4000,0.2187,1.000,-0.0167,0.60
322,replay,4000,0.1205,1.000,-0.0171,0.60
323,es_step,4000,0.0018,1.000,-0.0170,2.53
324,es_step,4000,0.0122,1.000,-0.0168,2.53
325,replay,4000,0.2564,1.000,-0.0168,0.61
326,replay,4000,0.2994,1.000,-0.0161,0.60
327,replay,4000,0.1873,1.000,-0.0160,0.60
328,replay,4000,0.2250,1.000,-0.0160,0.60
329,replay,4000,0.1841,1.000,-0.0158,0.60
330,replay,4000,0.2879,1.000,-0.0152,0.60
331,es_step,4000,0.0156,1.000,-0.0152,2.53
332,replay,4000,0.1832,1.000,-0.0151,0.60
333,replay,4000,0.0874,1.000,-0.0152,0.61
334,es_step,4000,0.0038,1.000,-0.0151,2.53
335,replay,4000,0.1950,1.000,-0.0150,0.61
336,es_step,4000,0.0020,1.000,-0.0150,2.53
337,replay,4000,0.1519,1.000,-0.0150,0.61
338,es_step,4000,0.0000,1.000,-0.0150,2.53
339,replay,4000,0.1632,1.000,-0.0154,0.61
340,replay,4000,0.2506,1.000,-0.0152,0.60
341,es_step,4000,0.0000,1.000,-0.0152,2.53
342,es_step,4000,0.0018,1.000,-0.0152,2.53
343,replay,4000,0.0870,1.000,-0.0154,0.61
344,replay,4000,-0.1310,1.000,-0.0159,0.60
345,replay,4000,0.2976,1.000,-0.0157,0.60
346,es_step,4000,0.0114,1.000,-0.0155,2.53
347,replay,4000,0.1672,1.000,-0.0157,0.60
348,es_step,4000,0.0072,1.000,-0.0157,2.53
349,replay,4000,-0.0525,1.000,-0.0158,0.61
350,replay,4000,0.3592,1.000,-0.0156,0.60
351,es_step,4000,0.0306,1.000,-0.0154,2.52
352,replay,4000,0.1632,1.000,-0.0156,0.61
353,replay,4000,0.0997,1.000,-0.0156,0.60
354,replay,4000,0.2866,1.000,-0.0150,0.61
355,replay,4000,0.0593,1.000,-0.0152,0.60
356,replay,4000,0.2397,1.000,-0.0148,0.60
357,replay,4000,0.2223,1.000,-0.0146,0.60
358,replay,4000,0.2340,1.000,-0.0142,0.60
359,replay,4000,0.1158,1.000,-0.0146,0.60
360,replay,4000,0.0735,1.000,-0.0146,0.60
361,replay,4000,0.3014,1.000,-0.0144,0.60
362,replay,4000,0.1251,1.000,-0.0147,0.61
363,replay,4000,-0.1916,1.000,-0.0150,0.60
364,replay,4000,0.2652,1.000,-0.0145,0.60
365,es_step,4000,0.0519,1.000,-0.0145,2.53
366,replay,4000,0.1829,1.000,-0.0145,0.61
367,replay,4000,0.1332,1.000,-0.0142,0.60
368,es_step,4000,0.0063,1.000,-0.0142,2.53
369,replay,4000,0.1577,1.000,-0.0139,0.60
370,replay,4000,0.2020,1.000,-0.0138,0.60
371,replay,4000,0.1477,1.000,-0.0138,0.60
372,es_step,4000,0.0272,0.969,-0.0138,2.53
373,es_step,4000,0.0290,1.000,-0.0138,2.52
374,replay,4000,0.1020,1.000,-0.0137,0.60
375,replay,4000,0.1616,1.000,-0.0138,1.24
376,replay,4000,0.1180,1.000,-0.0137,0.60
377,replay,4000,0.1355,1.000,-0.0138,0.60
378,replay,4000,0.2015,1.000,-0.0139,0.61
379,es_step,4000,0.0260,1.000,-0.0139,2.53
380,es_step,4000,0.0189,1.000,-0.0139,2.53
381,replay,4000,0.1740,1.000,-0.0137,0.61
382,replay,4000,0.1286,1.000,-0.0136,0.61
383,replay,4000,0.1358,1.000,-0.0132,0.60
384,replay,4000,0.1356,1.000,-0.0131,0.60
385,replay,4000,0.2007,1.000,-0.0129,0.60
386,es_step,4000,0.0057,1.000,-0.0129,2.53
387,es_step,4000,0.0051,1.000,-0.0129,2.53
388,es_step,4000,0.0123,1.000,-0.0129,2.53
389,replay,4000,0.0718,1.000,-0.0130,0.61
390,replay,4000,0.1979,1.000,-0.0127,0.60
391,replay,4000,0.1406,1.000,-0.0126,0.60
392,replay,4000,0.1340,1.000,-0.0126,0.60
393,es_step,4000,0.0066,1.000,-0.0126,2.53
394,replay,4000,0.1271,1.000,-0.0127,0.60
395,replay,4000,0.1499,1.000,-0.0123,0.60
396,replay,4000,0.1407,1.000,-0.0125,0.60
397,replay,4000,0.1223,1.000,-0.0126,0.60
398,replay,4000,0.2317,1.000,-0.0125,0.60
399,replay,4000,0.0079,1.000,-0.0128,0.61
400,replay,4000,0.0723,1.000,-0.0131,0.60
401,replay,4000,0.0038,1.000,-0.0137,0.60
402,es_step,4000,0.0361,1.000,-0.0137,2.52
403,replay,4000,0.0686,1.000,-0.0142,0.61
404,replay,4000,0.1623,1.000,-0.0143,0.60
405,replay,4000,0.1499,1.000,-0.0143,0.60
406,replay,4000,0.1090,1.000,-0.0143,0.60
407,replay,4000,-0.0062,1.000,-0.0144,0.61
408,replay,4000,0.1694,1.000,-0.0145,0.69
409,replay,4000,0.0757,1.000,-0.0143,0.61
410,replay,4000,0.1548,1.000,-0.0146,0.61
411,replay,4000,0.1375,1.000,-0.0146,0.60
412,replay,4000,0.1383,1.000,-0.0149,0.60
413,replay,4000,0.0857,1.000,-0.0152,0.60
414,replay,4000,0.0993,1.000,-0.0152,0.61
415,replay,4000,0.1448,1.000,-0.0153,0.60
416,es_step,4000,0.0162,0.969,-0.0152,2.54
417,replay,4000,0.1146,1.000,-0.0153,0.62
418,replay,4000,0.1617,1.000,-0.0153,0.60
419,replay,4000,0.1461,1.000,-0.0151,0.60
420,es_step,4000,0.0106,1.000,-0.0151,2.53
421,es_step,4000,0.0258,0.969,-0.0151,2.53
422,replay,4000,0.0835,1.000,-0.0150,0.61
423,replay,4000,0.1428,1.000,-0.0149,0.60
424,replay,4000,0.2029,1.000,-0.0144,0.60
425,replay,4000,0.2169,1.000,-0.0145,0.60
426,replay,4000,0.2353,1.000,-0.0144,0.61
427,replay,4000,-0.0732,1.000,-0.0150,0.60
428,replay,4000,0.1552,1.000,-0.0151,0.61
429,replay,4000,0.1154,1.000,-0.0150,0.61
430,replay,4000,0.1147,1.000,-0.0151,0.60
431,es_step,4000,0.0451,1.000,-0.0151,2.53
432,replay,4000,0.0211,1.000,-0.0152,0.61
433,replay,4000,0.0050,1.000,-0.0155,0.60
434,replay,4000,0.2622,1.000,-0.0152,0.60
435,replay,4000,0.0699,1.000,-0.0152,0.60
436,replay,4000,0.2332,1.000,-0.0154,0.60
437,replay,4000,0.1414,1.000,-0.0153,0.60
438,replay,4000,0.1195,1.000,-0.0155,0.60
439,replay,4000,0.1869,1.000,-0.0157,0.61
440,replay,4000,0.0792,1.000,-0.0159,0.60
441,replay,4000,0.1464,1.000,-0.0158,0.61
442,es_step,4000,0.0866,0.938,-0.0158,2.53
443,replay,4000,0.2134,1.000,-0.0159,0.61
444,replay,4000,0.2199,1.000,-0.0154,0.61
445,replay,4000,0.1956,1.000,-0.0151,0.60
446,replay,4000,0.1435,1.000,-0.0150,0.60
447,replay,4000,0.1583,1.000,-0.0149,0.60
448,replay,4000,0.0805,1.000,-0.0149,0.60
449,es_step,4000,0.0559,0.969,-0.0149,2.53
450,replay,4000,0.1483,1.000,-0.0146,0.61
451,replay,4000,0.1704,1.000,-0.0145,0.60
452,replay,4000,0.1268,1.000,-0.0146,0.60
453,replay,4000,0.0544,1.000,-0.0148,0.61
454,replay,4000,0.1264,1.000,-0.0147,0.61
455,es_step,4000,0.0551,1.000,-0.0147,2.53
456,replay,4000,0.0612,1.000,-0.0151,0.61
457,es_step,4000,0.0322,0.938,-0.0151,2.54
458,replay,4000,0.0681,1.000,-0.0150,0.61
459,es_step,4000,0.0472,0.969,-0.0150,2.53
460,es_step,4000,0.0385,1.000,-0.0150,2.54
461,replay,4000,0.2051,1.000,-0.0146,0.61
462,replay,4000,0.0622,1.000,-0.0148,0.61
463,replay,4000,0.1148,1.000,-0.0148,0.61
464,replay,4000,0.0802,1.000,-0.0148,0.60
465,replay,4000,0.1387,1.000,-0.0152,0.61
466,replay,4000,-0.0250,1.000,-0.0159,0.61
467,replay,4000,0.0687,1.000,-0.0159,0.61
468,replay,4000,-0.0006,1.000,-0.0160,0.60
469,replay,4000,0.2016,1.000,-0.0158,0.61
470,replay,4000,0.0460,1.000,-0.0163,0.60
471,replay,4000,0.0722,1.000,-0.0163,0.60
472,replay,4000,0.0980,1.000,-0.0163,0.60
473,replay,4000,0.0728,1.000,-0.0163,0.60
474,replay,4000,0.0783,1.000,-0.0168,0.60
475,replay,4000,0.0545,1.000,-0.0168,0.60
476,es_step,4000,0.0173,1.000,-0.0168,3.27
477,es_step,4000,0.0410,1.000,-0.0168,2.53
478,replay,4000,0.0218,1.000,-0.0170,0.61
479,replay,4000,0.1386,1.000,-0.0166,0.60
480,replay,4000,0.1562,1.000,-0.0166,0.61
481,replay,4000,0.1205,1.000,-0.0166,0.61
482,replay,4000,0.1512,1.000,-0.0166,0.60
483,replay,4000,0.2382,1.000,-0.0167,0.60
484,es_step,4000,0.1004,1.000,-0.0166,2.53
485,es_step,4000,0.1028,1.000,-0.0166,2.53
486,replay,4000,0.1677,1.000,-0.0165,0.61
487,es_step,4000,0.0657,1.000,-0.0164,2.53
488,replay,4000,0.1491,1.000,-0.0162,0.61
489,replay,4000,0.0817,1.000,-0.0164,0.61
490,replay,4000,0.1670,1.000,-0.0162,0.61
491,replay,4000,0.1417,1.000,-0.0161,0.61
492,es_step,4000,0.0100,1.000,-0.0161,2.53
493,replay,4000,-0.0348,1.000,-0.0168,0.61
494,replay,4000,0.0857,1.000,-0.0170,0.60
495,replay,4000,0.0492,1.000,-0.0168,0.60
496,es_step,4000,0.1001,1.000,-0.0168,2.53
497,replay,4000,0.0260,1.000,-0.0168,0.61
498,replay,4000,0.1422,1.000,-0.0166,0.60
499,replay,4000,0.1036,1.000,-0.0164,0.60
500,replay,4000,-0.0022,1.000,-0.0168,0.60
501,replay,4000,0.1084,1.000,-0.0166,0.60
502,replay,4000,0.0718,1.000,-0.0165,0.61
503,replay,4000,0.0891,1.000,-0.0165,0.60
504,es_step,4000,0.0558,1.000,-0.0164,2.53
505,replay,4000,0.1004,1.000,-0.0164,0.61
506,replay,4000,-0.0812,1.000,-0.0164,0.61
507,es_step,4000,0.1459,1.000,-0.0164,2.53
508,replay,4000,0.0778,1.000,-0.0163,0.61
509,replay,4000,0.0508,1.000,-0.0162,0.61
510,replay,4000,0.1008,1.000,-0.0162,0.61
511,replay,4000,0.0524,1.000,-0.0162,0.61
512,replay,4000,0.0760,1.000,-0.0162,0.60
513,es_step,4000,0.0945,1.000,-0.0161,2.53
514,replay,4000,0.2091,1.000,-0.0158,0.61
515,replay,4000,0.3159,1.000,-0.0157,0.60
516,replay,4000,0.1139,1.000,-0.0161,0.61
517,replay,4000,-0.3394,1.000,-0.0168,0.60
518,replay,4000,0.1065,1.000,-0.0168,0.60
519,replay,4000,0.1131,1.000,-0.0167,0.61
520,replay,4000,0.0720,1.000,-0.0166,0.61
521,replay,4000,0.1220,1.000,-0.0166,0.60
522,es_step,4000,0.0750,1.000,-0.0166,2.53
523,es_step,4000,0.0602,1.000,-0.0166,2.54
524,replay,4000,0.1310,1.000,-0.0165,0.61
525,replay,4000,0.1219,1.000,-0.0168,0.60
526,replay,4000,0.0981,1.000,-0.0169,0.61
527,replay,4000,0.1601,1.000,-0.0168,0.60
528,replay,4000,0.0505,1.000,-0.0170,0.60
529,replay,4000,0.1180,1.000,-0.0171,0.60
530,es_step,4000,0.0843,1.000,-0.0170,2.53
531,replay,4000,0.0901,1.000,-0.0170,0.61
532,replay,4000,0.0696,1.000,-0.0170,0.61
533,replay,4000,0.1351,1.000,-0.0169,0.60
534,es_step,4000,0.0345,0.969,-0.0169,2.53
535,es_step,4000,0.0529,0.938,-0.0169,2.53
536,es_step,4000,0.0515,0.938,-0.0169,2.53
537,replay,4000,0.0622,1.000,-0.0171,0.61
538,replay,4000,0.0093,1.000,-0.0171,0.61
539,replay,4000,0.2449,1.000,-0.0170,0.61
540,es_step,4000,0.0750,0.938,-0.0170,2.54
541,replay,4000,0.0671,1.000,-0.0176,0.61
542,replay,4000,0.0675,1.000,-0.0173,0.61
543,es_step,4000,0.0566,0.906,-0.0173,2.53
544,replay,4000,0.0276,1.000,-0.0176,0.61
545,replay,4000,0.1737,1.000,-0.0173,0.61
546,replay,4000,0.1856,1.000,-0.0171,0.61
547,es_step,4000,0.0342,0.969,-0.0171,2.53
548,es_step,4000,0.0289,0.969,-0.0171,2.54
549,replay,4000,0.0177,1.000,-0.0171,0.61
550,replay,4000,0.0626,1.000,-0.0172,0.61
551,replay,4000,0.1169,1.000,-0.0172,0.61
552,replay,4000,0.1213,1.000,-0.0171,0.61
553,replay,4000,0.0156,1.000,-0.0173,0.60
554,replay,4000,0.1268,1.000,-0.0170,0.61
555,es_step,4000,0.0277,0.906,-0.0169,2.54
556,replay,4000,0.0573,1.000,-0.0170,0.61
557,replay,4000,0.0724,1.000,-0.0171,0.61
558,es_step,4000,0.0303,0.781,-0.0170,3.13
559,replay,4000,0.1432,1.000,-0.0169,0.61
560,es_step,4000,0.0264,0.625,-0.0169,3.70
561,replay,4000,0.1846,1.000,-0.0166,0.61
562,replay,4000,0.1470,1.000,-0.0166,0.61
563,replay,4000,0.0015,1.000,-0.0169,0.61
564,replay,4000,0.1720,1.000,-0.0167,0.62
565,replay,4000,0.1984,1.000,-0.0162,1.46
566,replay,4000,0.2360,1.000,-0.0159,0.60
567,es_step,4000,0.0479,0.719,-0.0159,3.13
568,replay,4000,0.1266,1.000,-0.0162,0.61
569,replay,4000,0.0375,1.000,-0.0162,0.61
570,replay,4000,0.1369,1.000,-0.0163,0.60
571,replay,4000,0.0833,1.000,-0.0167,0.61
572,replay,4000,0.0514,1.000,-0.0167,0.61
573,replay,4000,0.0259,1.000,-0.0168,0.61
574,es_step,4000,0.0589,0.656,-0.0168,2.54
575,replay,4000,0.1076,1.000,-0.0165,0.61
576,replay,4000,0.0672,1.000,-0.0165,0.61
577,replay,4000,0.0103,1.000,-0.0166,0.61
578,replay,4000,0.0616,1.000,-0.0165,0.61
579,replay,4000,-0.1828,1.000,-0.0170,0.61
580,replay,4000,0.2667,1.000,-0.0165,0.61
581,replay,4000,0.2965,1.000,-0.0161,0.61
582,replay,4000,0.1805,1.000,-0.0161,0.61
583,es_step,4000,0.0137,0.781,-0.0161,2.54
584,replay,4000,0.1055,1.000,-0.0163,0.61
585,replay,4000,0.0801,1.000,-0.0164,0.61
586,replay,4000,0.1043,1.000,-0.0164,0.61
587,replay,4000,0.1523,1.000,-0.0159,0.61
588,replay,4000,0.1481,1.000,-0.0158,0.61
589,replay,4000,0.0978,1.000,-0.0161,0.61
590,replay,4000,0.0109,1.000,-0.0164,0.61
591,replay,4000,0.1333,1.000,-0.0164,0.61
592,replay,4000,0.0147,1.000,-0.0165,0.61
593,replay,4000,0.0378,1.000,-0.0167,0.61
594,replay,4000,0.0854,1.000,-0.0165,0.61
595,replay,4000,0.1722,1.000,-0.0166,0.61
596,replay,4000,0.0030,1.000,-0.0170,0.61
597,replay,4000,0.1140,1.000,-0.0171,0.61
598,replay,4000,0.1990,1.000,-0.0168,0.61
599,replay,4000,0.1156,1.000,-0.0168,0.61
600,replay,4000,0.0970,1.000,-0.0167,0.61
601,replay,4000,0.2409,1.000,-0.0165,0.61
602,es_step,4000,0.0321,0.875,-0.0165,2.54
603,replay,4000,0.0885,1.000,-0.0168,0.61
604,replay,4000,0.0556,1.000,-0.0169,0.60
605,es_step,4000,0.0234,0.781,-0.0168,2.54
606,replay,4000,0.0120,1.000,-0.0173,0.61
607,replay,4000,0.0414,1.000,-0.0176,0.61
608,es_step,4000,0.0266,0.719,-0.0176,2.54
609,replay,4000,0.0861,1.000,-0.0174,0.61
610,es_step,4000,0.0381,0.750,-0.0174,3.13
611,es_step,4000,0.0636,0.719,-0.0174,2.54
612,replay,4000,0.0159,1.000,-0.0179,0.61
613,es_step,4000,0.0483,0.719,-0.0178,2.53
614,replay,4000,0.0707,1.000,-0.0181,0.61
615,es_step,4000,0.0525,0.781,-0.0179,2.54
616,replay,4000,0.2544,1.000,-0.0175,0.61
617,es_step,4000,0.0460,0.625,-0.0175,2.53
618,es_step,4000,0.0532,0.719,-0.0175,2.99
619,replay,4000,0.1346,1.000,-0.0177,0.61
620,replay,4000,0.2024,1.000,-0.0176,0.61
621,replay,4000,0.1445,1.000,-0.0175,0.61
622,replay,4000,0.0139,1.000,-0.0174,0.61
623,es_step,4000,0.0516,0.594,-0.0174,3.71
624,replay,4000,0.0934,1.000,-0.0175,0.61
625,replay,4000,0.0378,1.000,-0.0179,0.61
626,replay,4000,0.1451,1.000,-0.0176,0.61
627,es_step,4000,0.0971,0.531,-0.0175,3.14
628,es_step,4000,0.0481,0.438,-0.0175,3.58
629,replay,4000,0.1925,1.000,-0.0176,0.61
630,replay,4000,0.1442,1.000,-0.0177,0.61
631,replay,4000,0.0294,1.000,-0.0179,0.61
632,es_step,4000,0.0501,0.500,-0.0178,3.15
633,replay,4000,0.0121,1.000,-0.0181,0.61
634,replay,4000,0.0613,1.000,-0.0180,0.61
635,replay,4000,0.0615,1.000,-0.0182,0.61
636,replay,4000,0.0282,1.000,-0.0185,0.61
637,replay,4000,0.1424,1.000,-0.0182,0.61
638,replay,4000,0.1297,1.000,-0.0182,0.61
639,replay,4000,0.2165,1.000,-0.0182,0.61
640,replay,4000,0.1695,1.000,-0.0180,0.61
641,replay,4000,0.1217,1.000,-0.0181,0.61
642,replay,4000,0.1313,1.000,-0.0179,0.61
643,replay,4000,0.1174,1.000,-0.0180,0.61
644,replay,4000,0.0593,1.000,-0.0182,0.61
645,replay,4000,0.0229,1.000,-0.0184,0.61
646,replay,4000,0.1239,1.000,-0.0181,0.61
647,replay,4000,0.0857,1.000,-0.0179,0.61
648,replay,4000,0.1372,1.000,-0.0177,0.61
649,es_step,4000,0.0546,0.562,-0.0177,3.19
650,es_step,4000,0.0421,0.656,-0.0177,2.55
651,replay,4000,0.0847,1.000,-0.0178,0.61
652,es_step,4000,0.0316,0.562,-0.0178,2.54
653,replay,4000,0.0915,1.000,-0.0182,0.61
654,replay,4000,0.1423,1.000,-0.0178,0.61
655,replay,4000,0.1501,1.000,-0.0178,0.61
656,replay,4000,0.0814,1.000,-0.0175,0.61
657,replay,4000,0.1020,1.000,-0.0174,0.61
658,replay,4000,0.0777,1.000,-0.0175,0.61
659,replay,4000,0.1389,1.000,-0.0175,0.61
660,replay,4000,0.2186,1.000,-0.0172,0.61
661,replay,4000,0.1829,1.000,-0.0172,0.61
662,replay,4000,0.1704,1.000,-0.0172,0.61
663,es_step,4000,0.0443,0.656,-0.0172,2.55
664,replay,4000,-0.0516,1.000,-0.0172,0.61
665,es_step,4000,0.0513,0.500,-0.0170,2.54
666,es_step,4000,0.0788,0.562,-0.0170,3.53
667,replay,4000,0.2258,1.000,-0.0170,0.61
668,es_step,4000,0.0340,0.656,-0.0170,2.55
669,replay,4000,0.0993,1.000,-0.0170,0.61
670,replay,4000,0.0214,1.000,-0.0173,0.61
671,es_step,4000,0.0744,0.531,-0.0173,2.55
672,es_step,4000,0.0460,0.469,-0.0173,2.54
673,replay,4000,0.1213,1.000,-0.0169,0.61
674,replay,4000,0.1902,1.000,-0.0168,0.61
675,replay,4000,-0.1648,1.000,-0.0172,0.61
676,replay,4000,0.1825,1.000,-0.0170,0.61
677,replay,4000,0.2439,1.000,-0.0168,0.61
678,replay,4000,0.1840,1.000,-0.0168,0.61
679,replay,4000,0.0918,1.000,-0.0170,0.61
680,replay,4000,0.1556,1.000,-0.0168,0.61
681,es_step,4000,0.0434,0.500,-0.0168,3.00
682,replay,4000,0.1995,1.000,-0.0166,0.61
683,es_step,4000,0.0366,0.750,-0.0166,2.54
684,es_step,4000,0.0466,0.625,-0.0166,2.55
685,replay,4000,0.1114,1.000,-0.0167,0.61
686,replay,4000,0.1433,1.000,-0.0165,0.61
687,replay,4000,0.0440,1.000,-0.0167,0.61
688,replay,4000,0.0808,1.000,-0.0166,0.61
689,es_step,4000,0.0470,0.344,-0.0166,2.55
690,replay,4000,0.0895,1.000,-0.0167,0.61
691,replay,4000,0.1126,1.000,-0.0171,0.61
692,replay,4000,0.0876,1.000,-0.0171,0.61
693,replay,4000,0.1990,1.000,-0.0169,0.61
694,replay,4000,0.1625,1.000,-0.0168,0.61
695,replay,4000,-0.0342,1.000,-0.0172,0.61
696,replay,4000,0.1588,1.000,-0.0169,0.61
697,replay,4000,0.1399,1.000,-0.0165,0.61
698,replay,4000,0.0265,1.000,-0.0166,0.61
699,replay,4000,0.1210,1.000,-0.0163,0.61
700,replay,4000,0.0790,1.000,-0.0161,0.61
701,replay,4000,0.0890,1.000,-0.0160,0.61
702,es_step,4000,0.0576,0.719,-0.0160,2.57
703,replay,4000,-0.1616,1.000,-0.0164,0.61
704,replay,4000,0.2876,1.000,-0.0159,0.61
705,replay,4000,0.1986,1.000,-0.0157,0.61
706,replay,4000,0.0135,1.000,-0.0162,0.61
707,es_step,4000,0.0553,0.656,-0.0162,2.55
708,replay,4000,0.0781,1.000,-0.0160,0.61
709,replay,4000,0.1760,1.000,-0.0160,0.61
710,replay,4000,0.0511,1.000,-0.0162,0.61
711,es_step,4000,0.0230,0.688,-0.0162,2.55
712,es_step,4000,0.0145,0.562,-0.0162,2.55
713,replay,4000,0.0652,1.000,-0.0165,0.61
714,replay,4000,0.0864,1.000,-0.0164,0.61
715,replay,4000,0.1220,1.000,-0.0163,0.61
716,es_step,4000,0.0478,0.750,-0.0162,2.54
717,replay,4000,0.0559,1.000,-0.0164,0.61
718,replay,4000,0.0840,1.000,-0.0162,0.61
719,replay,4000,0.0871,1.000,-0.0159,0.61
720,es_step,4000,0.0495,0.500,-0.0159,2.54
721,replay,4000,0.1241,1.000,-0.0158,0.61
722,replay,4000,0.0652,1.000,-0.0156,0.61
723,replay,4000,0.0531,1.000,-0.0157,0.61
724,replay,4000,-0.0656,1.000,-0.0159,0.61
725,replay,4000,0.2063,1.000,-0.0153,0.61
726,replay,4000,0.1248,1.000,-0.0153,0.61
727,replay,4000,0.0124,1.000,-0.0153,0.61
728,replay,4000,0.1166,1.000,-0.0154,0.61
729,replay,4000,0.0811,1.000,-0.0152,0.61
730,replay,4000,0.1593,1.000,-0.0148,0.61
731,replay,4000,0.0421,1.000,-0.0149,0.61
732,replay,4000,0.0483,1.000,-0.0151,0.61
733,replay,4000,0.1330,1.000,-0.0149,0.61
734,replay,4000,0.1134,1.000,-0.0147,0.61
735,replay,4000,-0.0464,1.000,-0.0145,0.61
736,replay,4000,0.0629,1.000,-0.0145,0.61
737,replay,4000,0.0998,1.000,-0.0143,0.61
738,replay,4000,0.2832,1.000,-0.0138,0.61
739,replay,4000,0.1937,1.000,-0.0137,0.61
740,es_step,4000,-0.0001,0.469,-0.0137,2.55
741,replay,4000,-0.0093,1.000,-0.0140,0.61
742,es_step,4000,0.0553,0.562,-0.0140,2.54
743,replay,4000,0.0396,1.000,-0.0140,0.61
744,replay,4000,0.2220,1.000,-0.0137,0.61
745,replay,4000,0.0916,1.000,-0.0136,0.61
746,replay,4000,0.0974,1.000,-0.0136,0.61
747,es_step,4000,0.0732,0.562,-0.0136,2.55
748,replay,4000,0.0824,1.000,-0.0138,0.61
749,es_step,4000,0.0292,0.500,-0.0138,2.55
750,replay,4000,0.0082,1.000,-0.0140,0.61
751,es_step,4000,0.0370,0.438,-0.0140,2.54
752,replay,4000,0.0466,1.000,-0.0142,0.61
753,replay,4000,0.0719,1.000,-0.0144,0.61
754,replay,4000,0.0583,1.000,-0.0145,0.61
755,replay,4000,0.0881,1.000,-0.0144,0.61
756,replay,4000,0.1216,1.000,-0.0137,0.61
757,replay,4000,0.0830,1.000,-0.0133,0.61
758,replay,4000,-0.2265,1.000,-0.0134,0.61
759,replay,4000,0.2612,1.000,-0.0131,0.61
760,replay,4000,0.2410,1.000,-0.0133,0.61
761,replay,4000,0.1093,1.000,-0.0133,0.61
762,replay,4000,0.1063,1.000,-0.0133,0.61
763,es_step,4000,0.0310,0.438,-0.0133,2.55
764,replay,4000,0.0278,1.000,-0.0133,0.61
765,replay,4000,0.1383,1.000,-0.0132,0.61
766,replay,4000,0.1792,1.000,-0.0129,0.61
767,replay,4000,0.1949,1.000,-0.0128,0.61
768,replay,4000,0.1328,1.000,-0.0128,0.61
769,replay,4000,0.1613,1.000,-0.0127,0.61
770,replay,4000,0.1270,1.000,-0.0127,0.61
771,replay,4000,0.1160,1.000,-0.0125,0.61
772,replay,4000,0.0812,1.000,-0.0123,0.61
773,replay,4000,0.1177,1.000,-0.0122,0.61
774,replay,4000,0.1574,1.000,-0.0120,0.61
775,replay,4000,0.1889,1.000,-0.0120,0.61
776,es_step,4000,0.0500,0.531,-0.0120,2.55
777,replay,4000,0.0808,1.000,-0.0119,0.61
778,replay,4000,0.1244,1.000,-0.0118,0.61
779,replay,4000,0.1122,1.000,-0.0116,0.61
780,es_step,4000,0.0483,0.531,-0.0116,2.55
781,es_step,4000,0.0423,0.656,-0.0116,2.55
782,replay,4000,0.1650,1.000,-0.0117,0.61
783,replay,4000,0.0143,1.000,-0.0121,0.61
784,es_step,4000,0.0228,0.625,-0.0121,2.55
785,replay,4000,0.0400,1.000,-0.0122,0.61
786,replay,4000,0.0911,1.000,-0.0120,0.61
787,replay,4000,0.0640,1.000,-0.0121,0.61
788,es_step,4000,0.0267,0.656,-0.0121,2.55
789,es_step,4000,0.0389,0.469,-0.0121,2.55
790,replay,4000,0.0573,1.000,-0.0121,0.61
791,replay,4000,0.1020,1.000,-0.0119,0.61
792,replay,4000,0.1001,1.000,-0.0121,0.61
793,replay,4000,0.1719,1.000,-0.0114,0.61
794,replay,4000,0.1239,1.000,-0.0109,0.61
795,replay,4000,0.1000,1.000,-0.0110,0.61
796,replay,4000,0.0174,1.000,-0.0111,0.61
797,replay,4000,0.0488,1.000,-0.0110,0.61
798,replay,4000,0.0980,1.000,-0.0108,0.61
799,replay,4000,0.0559,1.000,-0.0108,0.61
800,replay,4000,0.0593,1.000,-0.0107,0.61
801,replay,4000,0.0618,1.000,-0.0110,0.61
802,replay,4000,0.0045,1.000,-0.0110,0.61
803,replay,4000,0.1697,1.000,-0.0108,0.61
804,replay,4000,0.0849,1.000,-0.0106,1.72
805,replay,4000,0.1364,1.000,-0.0104,0.61
806,replay,4000,0.1746,1.000,-0.0100,0.61
807,replay,4000,0.0987,1.000,-0.0101,0.61
808,replay,4000,0.2543,1.000,-0.0091,0.61
809,replay,4000,0.2420,1.000,-0.0089,0.61
810,es_step,4000,0.0210,0.438,-0.0089,2.54
811,replay,4000,0.1235,1.000,-0.0091,0.61
812,replay,4000,0.0008,1.000,-0.0093,0.61
813,replay,4000,0.0177,1.000,-0.0096,0.61
814,replay,4000,0.1175,1.000,-0.0090,0.61
815,replay,4000,0.0853,1.000,-0.0089,0.61
816,replay,4000,-0.0015,1.000,-0.0089,0.61
817,replay,4000,0.1370,1.000,-0.0089,0.61
818,es_step,4000,0.0943,0.438,-0.0082,2.55
819,es_step,4000,0.1076,0.656,-0.0078,2.55
820,replay,4000,0.1903,1.000,-0.0074,0.61
821,replay,4000,0.1448,1.000,-0.0073,0.61
822,replay,4000,0.1543,1.000,-0.0071,0.61
823,replay,4000,0.0753,1.000,-0.0073,0.61
824,replay,4000,0.0741,1.000,-0.0073,0.61
825,es_step,4000,0.0892,0.375,-0.0073,3.03
826,replay,4000,0.1121,1.000,-0.0071,0.62
827,replay,4000,0.0854,1.000,-0.0070,0.61
828,replay,4000,0.1274,1.000,-0.0067,0.61
829,replay,4000,0.1328,1.000,-0.0069,0.61
830,replay,4000,0.0377,1.000,-0.0070,0.61
831,replay,4000,0.0538,1.000,-0.0072,0.61
832,replay,4000,0.1141,1.000,-0.0071,0.61
833,replay,4000,0.0779,1.000,-0.0068,0.61
834,replay,4000,0.1033,1.000,-0.0069,0.61
835,replay,4000,0.0196,1.000,-0.0071,0.61
836,replay,4000,0.2091,1.000,-0.0067,0.61
837,replay,4000,0.1303,1.000,-0.0065,0.61
838,replay,4000,0.0889,1.000,-0.0063,0.61
839,replay,4000,0.0715,1.000,-0.0063,0.61
840,replay,4000,0.1284,1.000,-0.0063,0.61
841,replay,4000,0.0399,1.000,-0.0064,0.61
842,replay,4000,0.0690,1.000,-0.0064,0.61
843,replay,4000,-0.1384,1.000,-0.0064,0.61
844,replay,4000,0.2444,1.000,-0.0061,0.61
845,replay,4000,0.2538,1.000,-0.0056,0.61
846,replay,4000,0.1610,1.000,-0.0056,0.61
847,replay,4000,0.1335,1.000,-0.0055,0.61
848,replay,4000,0.1126,1.000,-0.0053,0.61
849,replay,4000,0.0686,1.000,-0.0054,0.61
850,replay,4000,0.0439,1.000,-0.0052,0.61
851,replay,4000,0.0246,1.000,-0.0051,0.61
852,replay,4000,-0.0009,1.000,-0.0054,0.61
853,es_step,4000,0.0862,0.531,-0.0047,2.55
854,replay,4000,0.1390,1.000,-0.0049,0.61
855,replay,4000,0.1073,1.000,-0.0047,0.61
856,replay,4000,0.1143,1.000,-0.0049,0.61
857,es_step,4000,0.0247,0.438,-0.0047,2.55
858,replay,4000,0.1142,1.000,-0.0045,0.61
859,replay,4000,0.0980,1.000,-0.0044,0.61
860,replay,4000,0.0048,1.000,-0.0046,0.61
861,replay,4000,-0.1265,1.000,-0.0049,0.61
862,es_step,4000,0.0955,0.344,-0.0036,2.54
863,es_step,4000,0.1442,0.625,-0.0028,2.55
864,es_step,4000,0.1036,0.594,-0.0022,2.55
865,replay,4000,0.1385,1.000,-0.0020,0.62
866,replay,4000,0.3367,1.000,-0.0014,0.61
867,replay,4000,0.2389,1.000,-0.0007,0.61
868,replay,4000,0.1840,1.000,-0.0004,0.61
869,replay,4000,0.1779,1.000,-0.0002,0.61
870,replay,4000,0.1810,1.000,-0.0002,0.61
871,replay,4000,0.1310,1.000,-0.0000,0.61
872,es_step,4000,0.0394,0.719,0.0002,2.54
873,replay,4000,0.2307,1.000,0.0009,0.61
874,replay,4000,0.1104,1.000,0.0011,0.61
875,replay,4000,0.1009,1.000,0.0009,0.61
876,replay,4000,0.2042,1.000,0.0013,0.61
877,es_step,4000,0.0597,0.562,0.0013,2.55
878,es_step,4000,0.0704,0.469,0.0013,2.55
879,replay,4000,0.1585,1.000,0.0012,0.61
880,replay,4000,0.0628,1.000,0.0013,0.61
881,replay,4000,-0.2246,1.000,0.0011,0.61
882,replay,4000,0.2173,1.000,0.0014,0.61
883,replay,4000,0.1795,1.000,0.0017,0.61
884,replay,4000,0.0358,1.000,0.0016,0.61
885,es_step,4000,0.0434,0.625,0.0016,2.55
886,replay,4000,0.0947,1.000,0.0013,0.61
887,replay,4000,0.1336,1.000,0.0014,0.61
888,replay,4000,0.1965,1.000,0.0016,0.61
889,es_step,4000,0.0426,0.688,0.0016,2.55
890,replay,4000,0.1217,1.000,0.0015,0.61
891,replay,4000,0.0865,1.000,0.0015,0.61
892,replay,4000,0.0003,1.000,0.0014,0.61
893,replay,4000,0.0900,1.000,0.0015,0.61
894,replay,4000,0.1257,1.000,0.0016,0.61
895,es_step,4000,0.0421,0.438,0.0016,2.54
896,replay,4000,0.0938,1.000,0.0015,0.61
897,replay,4000,0.0626,1.000,0.0014,0.61
898,replay,4000,0.0843,1.000,0.0018,0.61
899,es_step,4000,0.0443,0.719,0.0018,2.55
900,replay,4000,0.1166,1.000,0.0021,0.61
901,es_step,4000,0.0305,0.594,0.0021,2.55
902,es_step,4000,0.0309,0.531,0.0021,2.56
903,replay,4000,0.0970,1.000,0.0021,0.62
904,replay,4000,0.1025,1.000,0.0021,0.61
905,es_step,4000,0.0628,0.688,0.0021,2.56
906,replay,4000,0.1026,1.000,0.0021,0.62
907,replay,4000,0.0592,1.000,0.0023,0.61
908,replay,4000,0.1375,1.000,0.0023,0.61
909,es_step,4000,0.0712,0.688,0.0024,2.55
910,replay,4000,0.1607,1.000,0.0027,0.61
911,replay,4000,-0.0529,1.000,0.0026,0.61
912,replay,4000,0.2197,1.000,0.0030,0.61
913,replay,4000,0.1764,1.000,0.0032,0.61
914,replay,4000,-0.0675,1.000,0.0034,0.61
915,replay,4000,0.1427,1.000,0.0037,0.61
916,es_step,4000,0.0635,0.562,0.0037,2.55
917,replay,4000,0.0703,1.000,0.0038,0.61
918,replay,4000,0.1754,1.000,0.0039,0.61
919,replay,4000,0.1796,1.000,0.0038,0.61
920,es_step,4000,0.0422,0.688,0.0038,2.55
921,replay,4000,0.1668,1.000,0.0039,0.61
922,replay,4000,0.0984,1.000,0.0040,0.61
923,es_step,4000,0.0287,0.562,0.0040,2.55
924,replay,4000,-0.1210,1.000,0.0042,0.61
925,replay,4000,0.2204,1.000,0.0044,0.61
926,es_step,4000,0.0862,0.719,0.0044,2.56
927,replay,4000,0.1597,1.000,0.0047,0.61
928,replay,4000,0.0405,1.000,0.0049,0.61
929,replay,4000,0.0518,1.000,0.0048,0.61
930,replay,4000,0.0688,1.000,0.0048,0.61
931,replay,4000,0.1244,1.000,0.0051,0.61
932,replay,4000,0.1016,1.000,0.0052,0.61
933,replay,4000,0.0923,1.000,0.0050,0.61
934,replay,4000,0.0902,1.000,0.0052,0.61
935,replay,4000,0.1159,1.000,0.0052,0.61
936,replay,4000,0.2249,1.000,0.0054,0.61
937,replay,4000,0.1435,1.000,0.0057,0.61
938,replay,4000,0.0595,1.000,0.0057,0.61
939,replay,4000,0.0891,1.000,0.0057,0.61
940,replay,4000,0.1319,1.000,0.0059,0.61
941,replay,4000,0.1289,1.000,0.0060,0.61
942,replay,4000,0.0829,1.000,0.0057,0.61
943,replay,4000,0.1054,1.000,0.0058,0.61
944,replay,4000,0.1392,1.000,0.0057,0.61
945,replay,4000,0.0737,1.000,0.0057,0.61
946,es_step,4000,0.0461,0.531,0.0057,2.55
947,es_step,4000,0.0325,0.625,0.0057,2.55
948,replay,4000,0.0497,1.000,0.0058,0.62
949,replay,4000,0.0896,1.000,0.0062,0.61
950,replay,4000,0.0485,1.000,0.0061,0.61
951,replay,4000,0.1730,1.000,0.0064,0.61
952,es_step,4000,0.0992,0.781,0.0064,2.55
953,es_step,4000,0.1101,0.594,0.0064,2.56
954,es_step,4000,0.0661,0.594,0.0064,2.55
955,replay,4000,0.1648,1.000,0.0068,1.86
956,replay,4000,0.1537,1.000,0.0066,0.61
957,replay,4000,0.0937,1.000,0.0067,0.61
958,es_step,4000,0.0058,0.562,0.0067,2.55
959,replay,4000,0.0032,1.000,0.0065,0.61
960,replay,4000,0.1859,1.000,0.0064,0.61
961,replay,4000,0.1140,1.000,0.0065,0.61
962,replay,4000,0.0894,1.000,0.0063,0.61
963,replay,4000,0.0745,1.000,0.0063,0.61
964,replay,4000,0.1086,1.000,0.0065,0.61
965,replay,4000,0.1187,1.000,0.0066,0.61
966,replay,4000,0.1098,1.000,0.0067,0.61
967,replay,4000,0.1488,1.000,0.0069,0.61
968,es_step,4000,0.0607,0.562,0.0069,2.55
969,replay,4000,0.1651,1.000,0.0074,0.61
970,replay,4000,0.1008,1.000,0.0074,0.61
971,es_step,4000,0.0802,0.562,0.0074,2.55
972,replay,4000,0.1953,1.000,0.0075,0.61
973,replay,4000,0.1781,1.000,0.0076,0.61
974,es_step,4000,0.0459,0.688,0.0076,2.56
975,replay,4000,0.1344,1.000,0.0078,0.61
976,replay,4000,-0.0283,1.000,0.0072,0.61
977,replay,4000,0.0699,1.000,0.0072,0.61
978,es_step,4000,0.0746,0.344,0.0073,2.55
979,replay,4000,0.0635,1.000,0.0073,0.61
980,replay,4000,0.2042,1.000,0.0075,0.61
981,replay,4000,0.1375,1.000,0.0076,0.61
982,replay,4000,0.1285,1.000,0.0077,0.61
983,replay,4000,0.1216,1.000,0.0077,0.61
984,es_step,4000,0.0302,0.562,0.0077,2.55
985,replay,4000,0.0360,1.000,0.0075,0.61
986,replay,4000,0.1412,1.000,0.0077,0.61
987,es_step,4000,0.0383,0.625,0.0077,2.55
988,replay,4000,0.1307,1.000,0.0077,0.61
989,replay,4000,0.0457,1.000,0.0077,0.61
990,replay,4000,0.0331,1.000,0.0073,0.61
991,replay,4000,0.0939,1.000,0.0073,0.61
992,replay,4000,0.1385,1.000,0.0073,0.61
993,replay,4000,0.0082,1.000,0.0072,0.61
994,replay,4000,0.1633,1.000,0.0078,0.61
995,replay,4000,0.3385,1.000,0.0082,0.61
996,replay,4000,0.2309,1.000,0.0085,0.61
997,replay,4000,0.1198,1.000,0.0085,0.61
998,replay,4000,0.0060,1.000,0.0085,0.61
999,replay,4000,0.1389,1.000,0.0088,0.61
1000,replay,4000,0.1878,1.000,0.0089,0.61
1001,replay,4000,0.1031,1.000,0.0089,0.61
1002,replay,4000,0.1764,1.000,0.0092,0.61
1003,replay,4000,0.1422,1.000,0.0091,0.61
1004,replay,4000,0.0375,1.000,0.0089,0.61
1005,replay,4000,0.0826,1.000,0.0092,0.61
1006,replay,4000,0.0753,1.000,0.0094,0.61
1007,replay,4000,0.1432,1.000,0.0097,0.61
1008,es_step,4000,0.0760,0.500,0.0097,2.56
1009,replay,4000,0.1203,1.000,0.0099,0.62
1010,replay,4000,0.0820,1.000,0.0097,0.62
1011,replay,4000,-0.0038,1.000,0.0095,0.61
1012,es_step,4000,0.0602,0.719,0.0095,2.57
1013,es_step,4000,0.0634,0.562,0.0095,2.56
1014,replay,4000,0.0849,1.000,0.0094,0.62
1015,replay,4000,0.1451,1.000,0.0097,0.61
1016,replay,4000,0.1848,1.000,0.0100,0.61
1017,replay,4000,0.1520,1.000,0.0103,0.61
1018,replay,4000,0.1483,1.000,0.0106,0.61
1019,replay,4000,0.0632,1.000,0.0106,0.61
1020,replay,4000,0.1012,1.000,0.0107,0.61
1021,replay,4000,0.1060,1.000,0.0109,0.61
1022,replay,4000,0.1335,1.000,0.0112,0.61
1023,replay,4000,0.1373,1.000,0.0118,0.61
1024,replay,4000,0.0551,1.000,0.0118,0.61
1025,replay,4000,0.1138,1.000,0.0119,0.61
1026,replay,4000,0.0625,1.000,0.0117,0.61
1027,replay,4000,0.0530,1.000,0.0116,0.61
1028,replay,4000,0.0995,1.000,0.0119,0.61
1029,replay,4000,0.0771,1.000,0.0118,0.61
1030,replay,4000,0.0603,1.000,0.0120,0.61
1031,replay,4000,0.1358,1.000,0.0121,0.61
1032,replay,4000,0.0977,1.000,0.0121,0.61
1033,replay,4000,0.0721,1.000,0.0123,0.61
1034,replay,4000,0.2582,1.000,0.0127,0.61
1035,replay,4000,0.1945,1.000,0.0129,0.61
1036,replay,4000,0.1167,1.000,0.0128,0.61
1037,replay,4000,0.1365,1.000,0.0128,0.61
1038,replay,4000,0.1295,1.000,0.0129,0.61
1039,replay,4000,0.1511,1.000,0.0134,0.79
1040,replay,4000,0.1697,1.000,0.0139,0.61
1041,replay,4000,0.2245,1.000,0.0144,0.61
1042,replay,4000,0.0948,1.000,0.0143,0.61
1043,replay,4000,0.1220,1.000,0.0144,0.61
1044,replay,4000,0.1447,1.000,0.0145,0.61
1045,replay,4000,0.1400,1.000,0.0147,0.61
1046,replay,4000,0.1359,1.000,0.0150,0.61
1047,es_step,4000,0.0845,0.469,0.0150,2.57
1048,es_step,4000,0.0952,0.500,0.0150,2.56
1049,replay,4000,0.1420,1.000,0.0155,0.62
1050,replay,4000,0.1336,1.000,0.0156,0.61
1051,replay,4000,0.1333,1.000,0.0155,0.62
1052,replay,4000,0.1649,1.000,0.0156,0.61
1053,replay,4000,-0.0858,1.000,0.0157,0.61
1054,es_step,4000,0.0765,0.719,0.0159,2.56
1055,replay,4000,0.2283,1.000,0.0163,0.61
1056,replay,4000,0.2446,1.000,0.0166,0.61
1057,replay,4000,0.0675,1.000,0.0166,0.61
1058,replay,4000,0.0948,1.000,0.0167,0.61
1059,replay,4000,0.1211,1.000,0.0167,0.61
1060,replay,4000,0.0995,1.000,0.0169,0.61
1061,es_step,4000,0.0503,0.531,0.0169,2.57
1062,es_step,4000,0.0535,0.531,0.0169,2.56
1063,replay,4000,0.0953,1.000,0.0172,0.62
1064,replay,4000,0.1415,1.000,0.0174,0.62
1065,replay,4000,0.0885,1.000,0.0174,0.62
1066,replay,4000,0.1257,1.000,0.0179,0.61
1067,replay,4000,0.1886,1.000,0.0181,0.61
1068,replay,4000,0.1112,1.000,0.0183,0.61
1069,replay,4000,0.1226,1.000,0.0183,0.61
1070,es_step,4000,0.0285,0.594,0.0183,2.56
1071,es_step,4000,0.0241,0.438,0.0183,2.57
1072,replay,4000,0.0133,1.000,0.0180,0.62
1073,replay,4000,0.0792,1.000,0.0181,0.62
1074,replay,4000,0.1431,1.000,0.0182,0.62
1075,replay,4000,0.1038,1.000,0.0181,0.62
1076,es_step,4000,0.0360,0.625,0.0181,2.57
1077,replay,4000,0.0786,1.000,0.0180,0.62
1078,replay,4000,0.1048,1.000,0.0180,0.62
1079,replay,4000,0.1228,1.000,0.0181,0.61
1080,es_step,4000,0.0427,0.594,0.0181,2.56
1081,replay,4000,0.1196,1.000,0.0182,0.62
1082,replay,4000,0.1170,1.000,0.0182,0.62
1083,es_step,4000,0.0363,0.594,0.0182,2.56
1084,replay,4000,0.1443,1.000,0.0182,0.62
1085,replay,4000,0.1957,1.000,0.0181,0.62
1086,replay,4000,0.1837,1.000,0.0184,0.62
1087,replay,4000,0.1380,1.000,0.0185,0.61
1088,replay,4000,0.1071,1.000,0.0187,0.61
1089,replay,4000,0.0941,1.000,0.0185,0.61
1090,replay,4000,0.0789,1.000,0.0183,0.61
1091,es_step,4000,0.0327,0.594,0.0183,2.56
1092,replay,4000,0.1072,1.000,0.0185,0.61
1093,replay,4000,0.1088,1.000,0.0189,0.61
1094,replay,4000,0.0877,1.000,0.0191,0.61
1095,replay,4000,0.1193,1.000,0.0193,0.62
1096,replay,4000,0.1131,1.000,0.0193,0.61
1097,es_step,4000,0.0622,0.625,0.0195,2.56
1098,replay,4000,-0.0004,1.000,0.0196,0.61
1099,replay,4000,0.1484,1.000,0.0196,0.61
1100,replay,4000,0.1758,1.000,0.0199,0.61
1101,es_step,4000,0.0563,0.656,0.0199,2.56
1102,replay,4000,0.1730,1.000,0.0201,0.62
1103,replay,4000,0.1383,1.000,0.0201,0.61
1104,replay,4000,0.0576,1.000,0.0201,0.61
1105,replay,4000,0.0423,1.000,0.0202,0.61
1106,replay,4000,0.0321,1.000,0.0202,0.61
1107,replay,4000,0.1468,1.000,0.0202,0.61
1108,replay,4000,0.1254,1.000,0.0205,0.61
1109,replay,4000,0.1305,1.000,0.0207,0.61
1110,replay,4000,0.1050,1.000,0.0208,0.61
1111,es_step,4000,0.0446,0.594,0.0208,2.56
1112,replay,4000,0.1145,1.000,0.0210,0.61
1113,replay,4000,0.0679,1.000,0.0209,0.61
1114,replay,4000,-0.2298,1.000,0.0208,0.61
1115,es_step,4000,0.1345,0.594,0.0221,2.56
1116,replay,4000,0.2432,1.000,0.0228,0.61
1117,replay,4000,0.2373,1.000,0.0230,0.61
1118,replay,4000,0.1145,1.000,0.0231,0.61
1119,es_step,4000,-0.0012,0.656,0.0231,2.56
1120,replay,4000,0.0021,1.000,0.0229,0.61
1121,replay,4000,0.0479,1.000,0.0226,0.61
1122,es_step,4000,0.0476,0.594,0.0226,2.55
1123,replay,4000,0.0925,1.000,0.0227,0.61
1124,replay,4000,0.0864,1.000,0.0230,0.62
1125,replay,4000,0.0825,1.000,0.0230,0.61
1126,replay,4000,0.0758,1.000,0.0228,0.61
1127,es_step,4000,0.0263,0.625,0.0228,2.56
1128,replay,4000,0.0407,1.000,0.0226,0.62
1129,replay,4000,-0.0660,1.000,0.0224,0.62
1130,replay,4000,0.2102,1.000,0.0225,0.61
1131,replay,4000,0.1149,1.000,0.0227,0.62
1132,replay,4000,0.0761,1.000,0.0228,0.61
1133,es_step,4000,0.0481,0.625,0.0228,2.55
1134,replay,4000,0.1007,1.000,0.0231,0.61
1135,replay,4000,0.1845,1.000,0.0234,0.61
1136,replay,4000,0.1514,1.000,0.0235,2.03
1137,es_step,4000,0.0685,0.531,0.0236,2.55
1138,es_step,4000,0.0981,0.656,0.0237,2.55
1139,es_step,4000,0.1011,0.500,0.0238,2.56
1140,replay,4000,0.1032,1.000,0.0238,0.62
1141,es_step,4000,0.1103,0.500,0.0242,2.55
1142,replay,4000,0.2409,1.000,0.0244,0.62
1143,replay,4000,0.0979,1.000,0.0244,0.61
1144,es_step,4000,0.0432,0.500,0.0244,2.56
1145,replay,4000,0.0293,1.000,0.0245,0.62
1146,replay,4000,0.0593,1.000,0.0246,0.61
1147,es_step,4000,0.1019,0.656,0.0249,2.55
1148,replay,4000,0.1893,1.000,0.0250,0.61
1149,es_step,4000,0.0782,0.625,0.0250,2.55
1150,replay,4000,0.1870,1.000,0.0253,0.61
1151,replay,4000,0.1699,1.000,0.0254,0.61
1152,replay,4000,0.0868,1.000,0.0255,0.61
1153,replay,4000,0.1101,1.000,0.0252,0.61
1154,replay,4000,0.0578,1.000,0.0250,0.61
1155,replay,4000,0.0975,1.000,0.0253,0.61
1156,replay,4000,0.0997,1.000,0.0252,0.61
1157,replay,4000,0.1084,1.000,0.0253,0.61
1158,replay,4000,0.1232,1.000,0.0255,0.61
1159,replay,4000,0.1164,1.000,0.0256,0.61
1160,replay,4000,0.1696,1.000,0.0255,0.61
1161,replay,4000,0.1073,1.000,0.0257,0.61
1162,replay,4000,0.0300,1.000,0.0256,0.61
1163,replay,4000,0.1003,1.000,0.0255,0.61
1164,replay,4000,0.0848,1.000,0.0256,0.61
1165,replay,4000,0.0289,1.000,0.0255,0.61
1166,replay,4000,0.0828,1.000,0.0258,0.61
1167,replay,4000,0.1222,1.000,0.0260,0.61
1168,replay,4000,0.1045,1.000,0.0260,0.61
1169,replay,4000,0.1005,1.000,0.0259,0.61
1170,replay,4000,0.1846,1.000,0.0260,0.61
1171,replay,4000,0.1070,1.000,0.0259,0.61
1172,es_step,4000,0.0331,0.531,0.0259,2.55
1173,replay,4000,0.0481,1.000,0.0259,0.61
1174,replay,4000,0.0980,1.000,0.0261,0.61
1175,replay,4000,0.0697,1.000,0.0262,0.61
1176,replay,4000,0.0722,1.000,0.0262,0.61
1177,replay,4000,0.0863,1.000,0.0262,0.61
1178,replay,4000,0.0153,1.000,0.0260,0.61
1179,replay,4000,0.0877,1.000,0.0259,0.61
1180,replay,4000,-0.1221,1.000,0.0258,0.61
1181,replay,4000,0.2232,1.000,0.0262,0.61
1182,replay,4000,0.1598,1.000,0.0262,0.61
1183,replay,4000,0.0704,1.000,0.0262,0.61
1184,replay,4000,0.0240,1.000,0.0258,0.61
1185,es_step,4000,0.0509,0.531,0.0259,2.54
1186,replay,4000,0.0563,1.000,0.0259,0.61
1187,es_step,4000,0.0387,0.562,0.0259,2.54
1188,replay,4000,0.0396,1.000,0.0258,0.61
1189,replay,4000,0.1933,1.000,0.0259,0.61
1190,es_step,4000,0.1168,0.594,0.0265,2.55
1191,replay,4000,0.2261,1.000,0.0271,0.61
1192,replay,4000,0.1061,1.000,0.0270,0.61
1193,replay,4000,0.1766,1.000,0.0272,0.61
1194,replay,4000,0.1549,1.000,0.0273,0.61
1195,replay,4000,0.1157,1.000,0.0274,0.61
1196,replay,4000,0.1098,1.000,0.0273,0.61
1197,replay,4000,0.1109,1.000,0.0273,0.61
1198,replay,4000,0.1160,1.000,0.0274,0.61
1199,es_step,4000,0.0461,0.688,0.0275,2.54
1200,replay,4000,0.0973,1.000,0.0275,0.61
1201,es_step,4000,0.0365,0.594,0.0275,2.54
1202,replay,4000,0.0747,1.000,0.0274,0.61
1203,replay,4000,0.1031,1.000,0.0273,0.61
1204,es_step,4000,0.0547,0.500,0.0274,2.55
1205,replay,4000,0.0029,1.000,0.0275,0.61
1206,es_step,4000,0.0818,0.688,0.0276,2.54
1207,replay,4000,0.1968,1.000,0.0279,0.61
1208,es_step,4000,0.0727,0.688,0.0280,2.54
1209,replay,4000,0.1497,1.000,0.0281,0.61
1210,replay,4000,-0.0352,1.000,0.0277,0.61
1211,replay,4000,0.1115,1.000,0.0278,0.61
1212,replay,4000,0.2139,1.000,0.0285,0.61
1213,es_step,4000,0.0815,0.719,0.0287,2.55
1214,replay,4000,0.1528,1.000,0.0287,0.61
1215,es_step,4000,0.0884,0.688,0.0290,2.54
1216,es_step,4000,0.0549,0.625,0.0290,2.54
1217,es_step,4000,0.0911,0.625,0.0291,2.54
1218,replay,4000,0.1847,1.000,0.0293,0.61
1219,replay,4000,0.2496,1.000,0.0294,0.61
1220,replay,4000,0.2494,1.000,0.0297,0.61
1221,replay,4000,0.1449,1.000,0.0294,0.61
1222,replay,4000,0.0067,1.000,0.0292,0.61
1223,replay,4000,0.0030,1.000,0.0289,0.61
1224,replay,4000,0.1242,1.000,0.0290,0.61
1225,es_step,4000,0.0699,0.531,0.0290,2.54
1226,replay,4000,0.1259,1.000,0.0293,0.61
1227,replay,4000,0.1065,1.000,0.0293,0.61
1228,replay,4000,0.1184,1.000,0.0296,0.61
1229,replay,4000,0.0989,1.000,0.0295,0.61
1230,replay,4000,0.0795,1.000,0.0295,0.61
1231,replay,4000,0.1383,1.000,0.0295,0.61
1232,replay,4000,0.0848,1.000,0.0295,0.61
1233,es_step,4000,0.0392,0.719,0.0295,2.54
1234,replay,4000,-0.0156,1.000,0.0295,0.61
1235,replay,4000,0.0924,1.000,0.0294,0.61
1236,es_step,4000,0.0919,0.719,0.0294,2.54
1237,replay,4000,0.1860,1.000,0.0295,0.61
1238,es_step,4000,0.0645,0.469,0.0295,2.55
1239,es_step,4000,0.0639,0.562,0.0295,2.56
1240,replay,4000,0.1603,1.000,0.0297,0.61
1241,replay,4000,0.1130,1.000,0.0297,0.61
1242,replay,4000,0.0977,1.000,0.0298,0.61
1243,replay,4000,0.1411,1.000,0.0298,0.61
1244,es_step,4000,0.0482,0.594,0.0298,2.56
1245,replay,4000,0.1386,1.000,0.0300,0.61
1246,replay,4000,0.0483,1.000,0.0300,0.61
1247,replay,4000,0.2403,1.000,0.0303,0.61
1248,es_step,4000,0.0585,0.625,0.0303,2.54
1249,replay,4000,0.1542,1.000,0.0303,0.62
1250,replay,4000,0.1054,1.000,0.0301,0.61
1251,replay,4000,0.0286,1.000,0.0302,0.61
1252,replay,4000,0.1710,1.000,0.0304,0.61
1253,replay,4000,0.1585,1.000,0.0305,0.61
1254,replay,4000,0.0987,1.000,0.0305,0.61
1255,es_step,4000,-0.0012,0.469,0.0305,2.55
1256,replay,4000,0.0243,1.000,0.0305,0.61
1257,replay,4000,0.0128,1.000,0.0304,0.61
1258,replay,4000,0.1107,1.000,0.0303,0.61
1259,replay,4000,0.1610,1.000,0.0304,0.61
1260,replay,4000,0.1328,1.000,0.0305,0.61
1261,replay,4000,0.1835,1.000,0.0312,0.61
1262,replay,4000,0.1253,1.000,0.0313,0.61
1263,replay,4000,0.1926,1.000,0.0315,0.61
1264,replay,4000,0.1465,1.000,0.0317,0.61
1265,replay,4000,0.0775,1.000,0.0315,0.61
1266,replay,4000,0.0709,1.000,0.0314,0.61
1267,es_step,4000,0.0791,0.688,0.0314,2.55
1268,replay,4000,0.1318,1.000,0.0316,0.61
1269,replay,4000,0.0552,1.000,0.0315,0.61
1270,replay,4000,0.0841,1.000,0.0317,0.61
1271,es_step,4000,0.0726,0.594,0.0317,2.56
1272,replay,4000,0.0745,1.000,0.0315,0.61
1273,es_step,4000,0.0762,0.594,0.0316,2.54
1274,replay,4000,0.1208,1.000,0.0317,0.61
1275,replay,4000,0.1312,1.000,0.0318,0.61
1276,replay,4000,0.1669,1.000,0.0319,0.61
1277,replay,4000,0.1615,1.000,0.0322,0.61
1278,replay,4000,0.1737,1.000,0.0323,0.61
1279,replay,4000,0.1184,1.000,0.0326,0.61
1280,replay,4000,0.1202,1.000,0.0325,0.61
1281,es_step,4000,0.0798,0.469,0.0325,2.55
1282,replay,4000,0.1678,1.000,0.0326,0.61
1283,replay,4000,0.0669,1.000,0.0324,0.61
1284,replay,4000,0.0098,1.000,0.0320,0.61
1285,replay,4000,-0.0195,1.000,0.0317,0.61
1286,es_step,4000,0.0464,0.500,0.0317,2.53
1287,replay,4000,0.0863,1.000,0.0316,0.61
1288,replay,4000,0.1007,1.000,0.0317,0.61
1289,replay,4000,0.1622,1.000,0.0318,0.61
1290,es_step,4000,0.0787,0.469,0.0319,2.54
1291,es_step,4000,0.0570,0.562,0.0319,2.55
1292,replay,4000,0.1104,1.000,0.0320,0.61
1293,replay,4000,0.1156,1.000,0.0323,0.61
1294,replay,4000,0.1244,1.000,0.0323,0.61
1295,replay,4000,0.2004,1.000,0.0324,0.61
1296,es_step,4000,0.1041,0.562,0.0328,2.55
1297,replay,4000,0.1519,1.000,0.0330,0.61
1298,replay,4000,0.1596,1.000,0.0332,0.61
1299,replay,4000,-0.0912,1.000,0.0333,0.61
1300,replay,4000,0.0704,1.000,0.0338,0.61
1301,replay,4000,0.2062,1.000,0.0341,0.61
1302,replay,4000,0.2468,1.000,0.0345,0.61
1303,es_step,4000,0.0862,0.531,0.0348,2.55
1304,es_step,4000,0.0696,0.531,0.0348,2.54
1305,replay,4000,0.1519,1.000,0.0351,0.61
1306,replay,4000,0.1940,1.000,0.0356,0.61
1307,es_step,4000,0.1115,0.438,0.0358,2.54
1308,replay,4000,0.2249,1.000,0.0359,0.61
1309,replay,4000,0.1462,1.000,0.0359,0.61
1310,replay,4000,0.0906,1.000,0.0360,0.61
1311,replay,4000,0.0585,1.000,0.0358,0.61
1312,es_step,4000,0.0775,0.750,0.0359,4.15
1313,replay,4000,0.1274,1.000,0.0362,0.62
1314,es_step,4000,0.0867,0.562,0.0362,2.55
1315,es_step,4000,0.0693,0.500,0.0362,2.54
1316,replay,4000,0.1257,1.000,0.0362,0.62
1317,replay,4000,0.1115,1.000,0.0363,0.61
1318,replay,4000,0.1124,1.000,0.0365,0.60
1319,replay,4000,0.0142,1.000,0.0359,0.61
1320,replay,4000,0.0949,1.000,0.0359,0.61
1321,replay,4000,0.0374,1.000,0.0358,0.61
1322,replay,4000,0.1635,1.000,0.0359,0.61
1323,replay,4000,0.1523,1.000,0.0358,0.61
1324,replay,4000,0.0762,1.000,0.0359,0.61
1325,replay,4000,0.0382,1.000,0.0356,0.61
1326,es_step,4000,0.0583,0.500,0.0356,2.54
1327,replay,4000,0.1536,1.000,0.0357,0.61
1328,replay,4000,0.1587,1.000,0.0358,0.60
1329,replay,4000,0.1782,1.000,0.0364,0.61
1330,es_step,4000,0.1202,0.656,0.0370,2.54
1331,replay,4000,0.1517,1.000,0.0371,0.61
1332,es_step,4000,0.1636,0.531,0.0379,2.54
1333,replay,4000,0.2336,1.000,0.0382,0.61
1334,replay,4000,0.2329,1.000,0.0384,0.61
1335,replay,4000,0.1757,1.000,0.0388,0.61
1336,replay,4000,0.0837,1.000,0.0386,0.61
1337,replay,4000,0.0300,1.000,0.0385,0.61
1338,replay,4000,0.1055,1.000,0.0384,0.61
1339,replay,4000,0.1077,1.000,0.0385,0.61
1340,replay,4000,0.0601,1.000,0.0385,0.61
1341,replay,4000,0.1170,1.000,0.0386,0.61
1342,replay,4000,0.1063,1.000,0.0387,0.61
1343,replay,4000,0.0028,1.000,0.0385,0.61
1344,replay,4000,0.1685,1.000,0.0387,0.61
1345,replay,4000,0.1266,1.000,0.0388,0.61
1346,replay,4000,0.0770,1.000,0.0389,0.61
1347,replay,4000,0.0499,1.000,0.0388,0.61
1348,replay,4000,0.0799,1.000,0.0388,0.61
1349,es_step,4000,0.0519,0.688,0.0388,2.54
1350,replay,4000,0.0946,1.000,0.0388,0.61
1351,replay,4000,0.1254,1.000,0.0387,0.61
1352,es_step,4000,0.0501,0.531,0.0387,2.54
1353,replay,4000,0.0763,1.000,0.0386,0.61
1354,replay,4000,0.1120,1.000,0.0388,0.61
1355,replay,4000,-0.0508,1.000,0.0390,0.61
1356,replay,4000,0.1939,1.000,0.0393,0.61
1357,replay,4000,0.2242,1.000,0.0396,0.61
1358,replay,4000,0.1453,1.000,0.0396,0.61
1359,replay,4000,0.0837,1.000,0.0398,0.61
1360,replay,4000,0.1126,1.000,0.0400,0.61
1361,replay,4000,0.0664,1.000,0.0405,0.61
1362,es_step,4000,0.0893,0.750,0.0406,2.55
1363,replay,4000,0.1367,1.000,0.0408,0.61
1364,replay,4000,0.2929,1.000,0.0411,0.61
1365,replay,4000,0.2364,1.000,0.0415,0.61
1366,es_step,4000,0.0799,0.594,0.0416,2.54
1367,replay,4000,0.1181,1.000,0.0416,0.61
1368,replay,4000,0.0772,1.000,0.0414,0.61
1369,replay,4000,0.0577,1.000,0.0412,0.61
1370,es_step,4000,0.0422,0.688,0.0413,2.54
1371,replay,4000,0.0851,1.000,0.0409,0.61
1372,es_step,4000,0.0964,0.719,0.0409,2.55
1373,replay,4000,0.0752,1.000,0.0410,0.61
1374,replay,4000,-0.0324,1.000,0.0412,0.61
1375,es_step,4000,0.1619,0.750,0.0424,2.55
1376,replay,4000,0.2200,1.000,0.0427,0.61
1377,replay,4000,0.2316,1.000,0.0430,0.61
1378,es_step,4000,0.0799,0.781,0.0430,2.54
1379,replay,4000,0.1435,1.000,0.0431,0.61
1380,replay,4000,0.0803,1.000,0.0430,0.61
1381,es_step,4000,0.0459,0.812,0.0430,2.54
1382,replay,4000,0.0895,1.000,0.0430,0.61
1383,replay,4000,0.0789,1.000,0.0430,0.61
1384,replay,4000,0.0603,1.000,0.0430,0.61
1385,es_step,4000,0.0543,0.812,0.0430,2.54
1386,replay,4000,0.1087,1.000,0.0430,0.61
1387,replay,4000,0.0795,1.000,0.0430,0.61
1388,replay,4000,0.0702,1.000,0.0431,0.61
1389,replay,4000,0.0858,1.000,0.0431,0.61
1390,replay,4000,0.0841,1.000,0.0431,0.61
1391,replay,4000,0.0870,1.000,0.0432,0.61
1392,replay,4000,0.1038,1.000,0.0431,0.61
1393,replay,4000,0.1041,1.000,0.0433,0.61
1394,es_step,4000,0.1249,0.750,0.0435,2.54
1395,replay,4000,0.1657,1.000,0.0439,0.61
1396,replay,4000,0.1878,1.000,0.0441,0.61
1397,replay,4000,0.2080,1.000,0.0445,0.61
1398,replay,4000,0.2814,1.000,0.0451,0.61
1399,replay,4000,0.1992,1.000,0.0453,0.61
1400,replay,4000,0.1345,1.000,0.0453,0.61
1401,es_step,4000,0.0963,0.781,0.0453,2.56
1402,es_step,4000,0.1002,0.969,0.0453,2.55
1403,replay,4000,0.0628,1.000,0.0452,0.61
1404,es_step,4000,0.1417,0.812,0.0453,2.54
1405,replay,4000,0.1927,1.000,0.0458,0.61
1406,replay,4000,0.2101,1.000,0.0461,0.61
1407,replay,4000,0.1654,1.000,0.0462,0.61
1408,replay,4000,0.1111,1.000,0.0462,0.61
1409,es_step,4000,0.1100,0.906,0.0462,2.54
1410,replay,4000,0.1303,1.000,0.0464,0.61
1411,replay,4000,0.1539,1.000,0.0466,0.61
1412,replay,4000,0.0950,1.000,0.0470,0.61
1413,replay,4000,0.1058,1.000,0.0470,0.61
1414,replay,4000,0.1216,1.000,0.0470,0.61
1415,replay,4000,0.0840,1.000,0.0472,0.61
1416,replay,4000,0.0873,1.000,0.0472,0.61
1417,es_step,4000,0.0398,0.938,0.0472,2.55
1418,replay,4000,0.0749,1.000,0.0472,0.61
1419,replay,4000,0.0793,1.000,0.0471,0.61
1420,es_step,4000,0.0705,0.906,0.0471,2.55
1421,replay,4000,0.0904,1.000,0.0470,0.62
1422,replay,4000,0.1013,1.000,0.0469,0.61
1423,es_step,4000,0.0684,0.844,0.0469,2.55
1424,replay,4000,0.0775,1.000,0.0470,0.62
1425,replay,4000,0.0916,1.000,0.0468,0.61
1426,replay,4000,0.0415,1.000,0.0467,0.61
1427,replay,4000,0.0968,1.000,0.0470,0.61
1428,es_step,4000,0.0719,0.875,0.0470,2.54
1429,replay,4000,0.1332,1.000,0.0469,0.61
1430,replay,4000,0.1662,1.000,0.0469,0.61
1431,replay,4000,0.0973,1.000,0.0468,0.61
1432,replay,4000,0.1900,1.000,0.0471,0.61
1433,replay,4000,0.1505,1.000,0.0473,0.61
1434,replay,4000,0.1178,1.000,0.0474,0.61
1435,replay,4000,0.1416,1.000,0.0473,0.61
1436,replay,4000,0.0895,1.000,0.0473,0.61
1437,replay,4000,0.1383,1.000,0.0473,0.61
1438,es_step,4000,0.0738,0.844,0.0473,2.55
1439,replay,4000,0.0399,1.000,0.0471,0.61
1440,replay,4000,0.0934,1.000,0.0470,0.61
1441,replay,4000,0.0714,1.000,0.0471,0.61
1442,es_step,4000,0.1130,0.875,0.0471,2.56
1443,replay,4000,0.1784,1.000,0.0473,0.61
1444,replay,4000,0.1833,1.000,0.0475,0.61
1445,es_step,4000,0.1379,0.906,0.0476,2.56
1446,replay,4000,0.2244,1.000,0.0477,0.62
1447,replay,4000,0.1477,1.000,0.0476,0.62
1448,replay,4000,0.0860,1.000,0.0477,0.61
1449,replay,4000,0.0301,1.000,0.0474,0.62
1450,replay,4000,0.0606,1.000,0.0473,0.61
1451,replay,4000,0.0786,1.000,0.0474,0.61
1452,replay,4000,0.0212,1.000,0.0473,0.61
1453,replay,4000,0.0821,1.000,0.0472,0.61
1454,replay,4000,0.0669,1.000,0.0472,0.62
1455,replay,4000,0.1135,1.000,0.0473,0.61
1456,es_step,4000,0.1333,0.938,0.0473,2.56
1457,replay,4000,0.1759,1.000,0.0477,0.62
1458,replay,4000,0.1695,1.000,0.0480,0.61
1459,replay,4000,0.1990,1.000,0.0483,0.61
1460,replay,4000,0.2504,1.000,0.0485,0.62
1461,replay,4000,0.1752,1.000,0.0490,0.62
1462,es_step,4000,0.1378,0.906,0.0491,2.56
1463,replay,4000,0.1233,1.000,0.0491,0.61
1464,replay,4000,0.1806,1.000,0.0492,0.61
1465,replay,4000,0.1401,1.000,0.0492,0.62
1466,replay,4000,0.1035,1.000,0.0496,0.62
1467,replay,4000,0.1112,1.000,0.0498,0.61
1468,es_step,4000,0.0517,0.906,0.0498,2.55
1469,replay,4000,0.0531,1.000,0.0496,0.62
1470,replay,4000,0.0997,1.000,0.0495,0.62
1471,replay,4000,0.1186,1.000,0.0494,0.62
1472,replay,4000,0.1066,1.000,0.0494,0.61
1473,replay,4000,0.1292,1.000,0.0494,0.61
1474,es_step,4000,0.1002,0.938,0.0494,2.55
1475,replay,4000,-0.0111,1.000,0.0495,0.62
1476,replay,4000,0.2175,1.000,0.0499,0.61
1477,replay,4000,0.1902,1.000,0.0503,0.62
1478,es_step,4000,0.0957,0.875,0.0503,2.57
1479,replay,4000,0.1092,1.000,0.0503,0.62
1480,replay,4000,0.0639,1.000,0.0501,0.62
1481,replay,4000,0.1316,1.000,0.0502,0.62
1482,replay,4000,0.1717,1.000,0.0503,0.62
1483,replay,4000,0.1398,1.000,0.0506,0.62
1484,es_step,4000,0.0960,0.938,0.0506,2.56
1485,replay,4000,0.1030,1.000,0.0507,0.62
1486,replay,4000,0.0242,1.000,0.0505,0.62
1487,replay,4000,0.1627,1.000,0.0508,0.62
1488,replay,4000,0.1410,1.000,0.0511,0.62
1489,replay,4000,0.2052,1.000,0.0516,0.62
1490,replay,4000,0.1530,1.000,0.0516,0.62
1491,replay,4000,0.1930,1.000,0.0518,0.62
1492,replay,4000,0.1689,1.000,0.0524,0.63
1493,replay,4000,0.1927,1.000,0.0525,0.63
1494,replay,4000,0.0804,1.000,0.0527,0.64
1495,replay,4000,0.2227,1.000,0.0530,0.64
1496,replay,4000,0.1388,1.000,0.0534,0.64
1497,replay,4000,0.1312,1.000,0.0536,0.64
1498,replay,4000,0.1733,1.000,0.0537,0.64
1499,replay,4000,0.1731,1.000,0.0539,0.64
1500,replay,4000,0.1429,1.000,0.0540,0.64
1501,es_step,4000,0.1334,0.938,0.0540,2.64
1502,es_step,4000,0.1116,0.969,0.0540,2.64
1503,replay,4000,0.1482,1.000,0.0541,0.64
1504,es_step,4000,0.1020,0.906,0.0541,2.64
1505,replay,4000,0.1459,1.000,0.0541,0.64
1506,replay,4000,0.1185,1.000,0.0541,0.64
1507,replay,4000,-0.0346,1.000,0.0541,0.64
1508,replay,4000,0.2509,1.000,0.0546,0.64
1509,replay,4000,0.2060,1.000,0.0551,0.64
1510,es_step,4000,0.0723,0.938,0.0551,2.64
1511,es_step,4000,0.0776,0.938,0.0551,2.64
1512,replay,4000,0.0386,1.000,0.0553,0.64
1513,es_step,4000,0.0968,0.969,0.0554,2.63
1514,es_step,4000,0.0994,0.969,0.0554,2.64
1515,replay,4000,0.0996,1.000,0.0553,0.64
1516,replay,4000,0.1257,1.000,0.0552,0.64
1517,replay,4000,0.1594,1.000,0.0552,0.64
1518,replay,4000,0.1948,1.000,0.0553,0.64
1519,replay,4000,0.1280,1.000,0.0553,0.64
1520,replay,4000,0.2103,1.000,0.0560,0.64
1521,replay,4000,0.1428,1.000,0.0560,0.64
1522,replay,4000,0.2602,1.000,0.0566,0.64
1523,replay,4000,0.1226,1.000,0.0566,0.64
1524,es_step,4000,0.1701,0.906,0.0571,4.38
1525,replay,4000,0.1981,1.000,0.0573,0.64
1526,replay,4000,0.1556,1.000,0.0574,0.64
1527,replay,4000,0.1509,1.000,0.0573,0.64
1528,replay,4000,0.1537,1.000,0.0575,0.64
1529,replay,4000,0.0765,1.000,0.0573,0.64
1530,replay,4000,0.0631,1.000,0.0571,0.65
1531,replay,4000,0.0949,1.000,0.0572,0.65
1532,replay,4000,0.1299,1.000,0.0572,0.64
1533,replay,4000,0.1524,1.000,0.0572,0.65
1534,replay,4000,0.1417,1.000,0.0571,0.65
1535,replay,4000,0.1145,1.000,0.0572,0.65
1536,replay,4000,0.0670,1.000,0.0569,0.65
1537,replay,4000,0.1092,1.000,0.0569,0.65
1538,replay,4000,0.0662,1.000,0.0569,0.65
1539,replay,4000,0.0788,1.000,0.0567,0.65
1540,es_step,4000,0.0554,1.000,0.0567,2.66
1541,replay,4000,0.0796,1.000,0.0567,0.65
1542,replay,4000,0.1160,1.000,0.0569,0.65
1543,replay,4000,0.1191,1.000,0.0570,0.65
1544,replay,4000,0.0585,1.000,0.0570,0.65
1545,replay,4000,0.0995,1.000,0.0570,0.64
1546,replay,4000,0.1097,1.000,0.0570,0.64
1547,replay,4000,0.1342,1.000,0.0571,0.64
1548,replay,4000,0.1075,1.000,0.0570,0.64
1549,es_step,4000,0.0651,0.969,0.0570,2.65
1550,es_step,4000,0.0632,1.000,0.0570,2.66
1551,replay,4000,0.0838,1.000,0.0569,0.64
1552,replay,4000,0.0769,1.000,0.0568,0.64
1553,replay,4000,0.0711,1.000,0.0566,0.64
1554,replay,4000,0.0924,1.000,0.0565,0.65
1555,replay,4000,0.0825,1.000,0.0564,0.64
1556,replay,4000,0.0434,1.000,0.0561,0.65
1557,replay,4000,0.0452,1.000,0.0559,0.64
1558,replay,4000,0.0363,1.000,0.0557,0.64
1559,replay,4000,0.1105,1.000,0.0556,0.64
1560,es_step,4000,0.0754,0.969,0.0556,2.65
1561,replay,4000,0.0949,1.000,0.0556,0.65
1562,replay,4000,0.1016,1.000,0.0555,0.64
1563,es_step,4000,0.0561,1.000,0.0555,2.65
1564,replay,4000,0.0611,1.000,0.0553,0.64
1565,replay,4000,0.0505,1.000,0.0551,0.64
1566,replay,4000,0.0695,1.000,0.0550,0.64
1567,replay,4000,0.0485,1.000,0.0552,0.64
1568,es_step,4000,0.0720,0.969,0.0552,2.65
1569,es_step,4000,0.0856,1.000,0.0552,2.66
1570,replay,4000,0.1204,1.000,0.0552,0.64
1571,es_step,4000,0.1172,1.000,0.0553,2.63
1572,replay,4000,0.1714,1.000,0.0553,0.64
1573,replay,4000,0.2103,1.000,0.0557,0.64
1574,replay,4000,0.1712,1.000,0.0557,0.64
1575,replay,4000,0.1090,1.000,0.0560,0.64
1576,es_step,4000,0.0794,1.000,0.0561,2.64
1577,replay,4000,0.1172,1.000,0.0560,0.64
1578,replay,4000,0.1436,1.000,0.0561,0.64
1579,es_step,4000,0.1135,1.000,0.0564,2.64
1580,replay,4000,0.1654,1.000,0.0567,0.64
1581,replay,4000,0.1605,1.000,0.0568,0.64
1582,replay,4000,0.1182,1.000,0.0571,0.64
1583,es_step,4000,0.0185,1.000,0.0571,2.64
1584,es_step,4000,0.0191,1.000,0.0571,2.65
1585,es_step,4000,0.0156,1.000,0.0571,2.63
1586,replay,4000,-0.0429,1.000,0.0570,0.65
1587,replay,4000,0.0759,1.000,0.0568,0.64
1588,replay,4000,0.1109,1.000,0.0570,0.64
1589,replay,4000,0.0875,1.000,0.0569,0.64
1590,replay,4000,0.1213,1.000,0.0572,0.63
1591,replay,4000,0.1352,1.000,0.0573,0.64
1592,replay,4000,0.1223,1.000,0.0573,0.64
1593,es_step,4000,0.1183,1.000,0.0574,2.62
1594,replay,4000,0.1543,1.000,0.0575,0.64
1595,replay,4000,0.1656,1.000,0.0579,0.64
1596,replay,4000,0.0920,1.000,0.0577,0.64
1597,es_step,4000,0.0824,1.000,0.0577,2.63
1598,replay,4000,0.1693,1.000,0.0582,0.64
1599,replay,4000,0.1611,1.000,0.0583,0.64
1600,replay,4000,0.1549,1.000,0.0586,0.63
1601,replay,4000,-0.0332,1.000,0.0584,0.63
1602,replay,4000,0.1236,1.000,0.0584,0.63
1603,replay,4000,-0.0623,1.000,0.0584,0.64
1604,es_step,4000,0.1607,1.000,0.0589,2.63
1605,replay,4000,0.2259,1.000,0.0592,0.64
1606,replay,4000,0.2162,1.000,0.0593,0.64
1607,replay,4000,0.1723,1.000,0.0595,0.64
1608,es_step,4000,0.0825,1.000,0.0595,2.64
1609,replay,4000,0.0855,1.000,0.0595,0.64
1610,replay,4000,0.1258,1.000,0.0596,0.64
1611,replay,4000,0.1156,1.000,0.0599,0.64
1612,replay,4000,0.0900,1.000,0.0598,0.64
1613,es_step,4000,0.0899,1.000,0.0598,2.63
1614,replay,4000,0.0906,1.000,0.0597,0.64
1615,replay,4000,0.0454,1.000,0.0596,0.64
1616,replay,4000,0.0785,1.000,0.0594,0.64
1617,replay,4000,0.1078,1.000,0.0594,0.66
1618,replay,4000,0.1201,1.000,0.0594,0.64
1619,replay,4000,0.0135,1.000,0.0593,0.64
1620,replay,4000,0.0744,1.000,0.0590,0.64
1621,replay,4000,0.1334,1.000,0.0591,0.64
1622,replay,4000,0.1925,1.000,0.0593,0.64
1623,es_step,4000,0.1152,1.000,0.0593,2.64
1624,replay,4000,0.0848,1.000,0.0594,0.64
1625,es_step,4000,0.0901,1.000,0.0594,2.62
1626,es_step,4000,0.0856,1.000,0.0594,2.63
1627,es_step,4000,0.0875,1.000,0.0594,2.64
1628,replay,4000,0.0977,1.000,0.0594,0.64
1629,replay,4000,0.1356,1.000,0.0593,0.64
1630,replay,4000,0.0669,1.000,0.0592,0.63
1631,es_step,4000,0.0908,1.000,0.0592,2.62
1632,replay,4000,0.1048,1.000,0.0595,0.64
1633,replay,4000,0.1410,1.000,0.0597,0.64
1634,replay,4000,0.1613,1.000,0.0600,0.64
1635,replay,4000,0.1154,1.000,0.0600,0.63
1636,replay,4000,0.0908,1.000,0.0599,0.63
1637,replay,4000,0.1101,1.000,0.0599,0.63
1638,replay,4000,0.1291,1.000,0.0598,0.64
1639,replay,4000,0.1491,1.000,0.0599,0.64
1640,replay,4000,0.1340,1.000,0.0599,0.64
1641,replay,4000,0.1781,1.000,0.0601,0.64
1642,es_step,4000,0.1101,1.000,0.0601,2.62
1643,es_step,4000,0.1059,1.000,0.0601,2.63
1644,es_step,4000,0.1125,1.000,0.0601,2.63
1645,replay,4000,0.1603,1.000,0.0603,0.64
1646,replay,4000,-0.0611,1.000,0.0602,0.64
1647,replay,4000,0.2176,1.000,0.0602,0.63
1648,replay,4000,0.1836,1.000,0.0603,0.63
1649,es_step,4000,0.0474,1.000,0.0603,2.61
1650,replay,4000,0.1222,1.000,0.0601,0.64
1651,es_step,4000,0.0512,0.969,0.0602,2.63
1652,replay,4000,0.0803,1.000,0.0602,0.64
1653,replay,4000,0.1037,1.000,0.0603,0.63
1654,replay,4000,0.0820,1.000,0.0601,0.63
1655,es_step,4000,0.0643,1.000,0.0601,2.62
1656,replay,4000,0.0911,1.000,0.0601,0.64
1657,replay,4000,0.1274,1.000,0.0602,0.64
1658,replay,4000,0.1818,1.000,0.0604,0.64
1659,es_step,4000,0.1385,1.000,0.0605,2.62
1660,replay,4000,0.1608,1.000,0.0609,0.64
1661,replay,4000,0.1916,1.000,0.0611,0.64
1662,replay,4000,0.1762,1.000,0.0613,0.63
1663,replay,4000,0.2049,1.000,0.0616,0.64
1664,replay,4000,0.1135,1.000,0.0616,0.64
1665,es_step,4000,0.0854,1.000,0.0616,2.60
1666,replay,4000,0.1490,1.000,0.0616,0.63
1667,replay,4000,0.1256,1.000,0.0618,0.63
1668,replay,4000,0.0541,1.000,0.0615,0.63
1669,replay,4000,0.0783,1.000,0.0613,0.63
1670,replay,4000,0.0649,1.000,0.0614,0.63
1671,replay,4000,0.1079,1.000,0.0615,0.63
1672,replay,4000,0.1223,1.000,0.0617,0.64
1673,replay,4000,0.1297,1.000,0.0618,0.64
1674,replay,4000,0.1141,1.000,0.0617,0.64
1675,replay,4000,0.1296,1.000,0.0617,0.63
1676,replay,4000,0.1134,1.000,0.0617,0.63
1677,replay,4000,0.1578,1.000,0.0618,0.63
1678,replay,4000,0.1223,1.000,0.0618,0.63
1679,es_step,4000,0.0950,0.969,0.0618,2.61
1680,replay,4000,0.0717,1.000,0.0617,0.63
1681,replay,4000,0.1362,1.000,0.0617,0.63
1682,replay,4000,0.1512,1.000,0.0618,0.63
1683,replay,4000,0.2211,1.000,0.0624,0.63
1684,replay,4000,0.2006,1.000,0.0627,0.63
1685,replay,4000,0.1811,1.000,0.0629,0.63
1686,replay,4000,0.1457,1.000,0.0630,0.63
1687,replay,4000,0.1253,1.000,0.0629,0.63
1688,replay,4000,0.0501,1.000,0.0626,0.63
1689,replay,4000,0.0516,1.000,0.0625,0.63
1690,replay,4000,0.1091,1.000,0.0623,0.63
1691,replay,4000,0.1416,1.000,0.0624,0.63
1692,es_step,4000,0.1034,1.000,0.0624,2.61
1693,replay,4000,0.1428,1.000,0.0624,0.64
1694,replay,4000,0.0571,1.000,0.0622,0.64
1695,es_step,4000,0.0787,1.000,0.0622,2.61
1696,es_step,4000,0.0778,0.969,0.0622,2.62
1697,es_step,4000,0.0737,1.000,0.0622,2.62
1698,replay,4000,0.0425,1.000,0.0621,0.65
1699,es_step,4000,0.1069,1.000,0.0621,2.62
1700,replay,4000,0.1285,1.000,0.0621,0.64
1701,replay,4000,0.1499,1.000,0.0621,0.63
1702,replay,4000,0.0564,1.000,0.0620,0.63
1703,replay,4000,0.0184,1.000,0.0618,0.63
1704,es_step,4000,0.0331,1.000,0.0618,2.60
1705,replay,4000,0.0429,1.000,0.0616,0.63
1706,replay,4000,0.0890,1.000,0.0616,0.63
1707,replay,4000,0.0676,1.000,0.0617,0.64
1708,replay,4000,0.1434,1.000,0.0617,0.64
1709,replay,4000,0.1348,1.000,0.0617,0.63
1710,replay,4000,0.0356,1.000,0.0614,0.64
1711,replay,4000,0.0610,1.000,0.0614,0.63
1712,replay,4000,0.0617,1.000,0.0611,0.64
1713,replay,4000,0.1071,1.000,0.0610,0.64
1714,replay,4000,0.1033,1.000,0.0609,0.64
1715,es_step,4000,0.0955,1.000,0.0609,2.63
1716,replay,4000,0.0810,1.000,0.0608,0.64
1717,replay,4000,0.0969,1.000,0.0609,0.64
1718,replay,4000,0.0582,1.000,0.0609,0.64
1719,replay,4000,0.1556,1.000,0.0612,0.64
1720,replay,4000,0.1572,1.000,0.0614,0.63
1721,replay,4000,0.0327,1.000,0.0615,0.64
1722,replay,4000,0.1586,1.000,0.0616,0.64
1723,replay,4000,0.1422,1.000,0.0617,0.64
1724,replay,4000,0.1258,1.000,0.0617,0.64
1725,replay,4000,0.0999,1.000,0.0618,0.63
1726,replay,4000,0.0391,1.000,0.0616,0.63
1727,replay,4000,0.0971,1.000,0.0616,0.64
1728,replay,4000,0.1023,1.000,0.0617,0.63
1729,es_step,4000,0.1141,1.000,0.0617,2.61
1730,replay,4000,0.1189,1.000,0.0619,0.64
1731,es_step,4000,0.0851,1.000,0.0619,2.63
1732,replay,4000,0.0589,1.000,0.0618,0.64
1733,replay,4000,0.0263,1.000,0.0617,0.64
1734,replay,4000,0.0448,1.000,0.0614,0.64
1735,replay,4000,0.0317,1.000,0.0611,0.64
1736,replay,4000,0.0697,1.000,0.0610,0.64
1737,replay,4000,0.1320,1.000,0.0611,0.64
1738,replay,4000,0.1355,1.000,0.0614,0.64
1739,replay,4000,0.1432,1.000,0.0614,0.64
1740,replay,4000,0.1757,1.000,0.0615,0.64
1741,replay,4000,0.1554,1.000,0.0616,0.64
1742,replay,4000,0.1464,1.000,0.0618,0.64
1743,replay,4000,0.1020,1.000,0.0616,0.64
1744,replay,4000,0.0113,1.000,0.0615,0.64
1745,es_step,4000,0.0934,0.938,0.0615,2.62
1746,es_step,4000,0.0833,0.969,0.0615,2.63
1747,replay,4000,0.1126,1.000,0.0615,0.64
1748,es_step,4000,0.1010,1.000,0.0615,2.62
1749,replay,4000,0.1623,1.000,0.0615,0.63
1750,replay,4000,0.1908,1.000,0.0616,0.63
1751,replay,4000,0.1609,1.000,0.0616,0.64
1752,replay,4000,0.1393,1.000,0.0615,0.64
1753,es_step,4000,0.0771,1.000,0.0615,2.63
1754,replay,4000,0.1016,1.000,0.0615,2.44
1755,es_step,4000,0.0975,1.000,0.0615,2.65
1756,replay,4000,0.0968,1.000,0.0615,0.64
1757,replay,4000,0.0496,1.000,0.0612,0.64
1758,replay,4000,0.0727,1.000,0.0613,0.64
1759,replay,4000,0.1238,1.000,0.0614,0.64
1760,replay,4000,0.1382,1.000,0.0615,0.64
1761,replay,4000,0.1013,1.000,0.0615,0.64
1762,replay,4000,0.0634,1.000,0.0614,0.64
1763,replay,4000,0.0419,1.000,0.0614,0.64
1764,replay,4000,0.1107,1.000,0.0615,0.64
1765,replay,4000,0.0962,1.000,0.0616,0.64
1766,es_step,4000,0.0519,0.969,0.0616,2.63
1767,replay,4000,0.0557,1.000,0.0616,0.64
1768,replay,4000,0.0371,1.000,0.0615,0.64
1769,replay,4000,0.0809,1.000,0.0614,0.64
1770,replay,4000,0.0929,1.000,0.0614,0.64
1771,replay,4000,0.0755,1.000,0.0610,0.64
1772,replay,4000,0.0986,1.000,0.0610,0.64
1773,replay,4000,0.0890,1.000,0.0609,0.64
1774,es_step,4000,0.0934,0.969,0.0610,2.62
1775,replay,4000,0.1207,1.000,0.0611,0.64
1776,es_step,4000,0.0912,1.000,0.0611,2.62
1777,replay,4000,0.1197,1.000,0.0609,0.64
1778,replay,4000,0.0576,1.000,0.0606,0.64
1779,es_step,4000,0.0463,1.000,0.0606,2.61
1780,es_step,4000,0.0480,0.969,0.0606,2.64
1781,replay,4000,0.0655,1.000,0.0605,0.64
1782,replay,4000,0.0682,1.000,0.0603,0.64
1783,replay,4000,0.0901,1.000,0.0605,0.64
1784,replay,4000,0.0762,1.000,0.0604,0.64
1785,replay,4000,0.0509,1.000,0.0606,0.64
1786,replay,4000,0.1421,1.000,0.0609,0.64
1787,replay,4000,0.1740,1.000,0.0610,0.64
1788,replay,4000,0.1467,1.000,0.0610,0.64
1789,replay,4000,0.1214,1.000,0.0611,0.63
1790,es_step,4000,0.0717,1.000,0.0611,2.61
1791,replay,4000,0.0907,1.000,0.0611,0.64
1792,es_step,4000,0.0704,0.969,0.0611,2.63
1793,es_step,4000,0.0726,1.000,0.0611,2.63
1794,replay,4000,0.0840,1.000,0.0610,0.65
1795,replay,4000,0.1309,1.000,0.0610,0.63
1796,replay,4000,0.1532,1.000,0.0611,0.63
1797,replay,4000,0.1108,1.000,0.0611,0.63
1798,replay,4000,0.0482,1.000,0.0611,0.63
1799,replay,4000,0.0131,1.000,0.0609,0.63
1800,es_step,4000,0.0594,1.000,0.0609,2.61
1801,es_step,4000,0.0566,1.000,0.0609,2.63
1802,replay,4000,0.0519,1.000,0.0607,0.64
1803,replay,4000,0.0556,1.000,0.0604,0.63
1804,replay,4000,0.0963,1.000,0.0604,0.63
1805,es_step,4000,0.0838,0.969,0.0604,2.62
1806,replay,4000,0.1026,1.000,0.0605,0.64
1807,replay,4000,0.0691,1.000,0.0602,0.64
1808,replay,4000,0.1012,1.000,0.0602,0.64
1809,replay,4000,0.0670,1.000,0.0601,0.64
1810,replay,4000,-0.0310,1.000,0.0599,0.64
1811,replay,4000,0.1095,1.000,0.0598,0.64
1812,es_step,4000,0.0985,1.000,0.0599,2.63
1813,replay,4000,0.1106,1.000,0.0602,0.64
1814,replay,4000,0.1124,1.000,0.0603,0.64
1815,es_step,4000,0.0588,1.000,0.0603,2.63
1816,replay,4000,0.0796,1.000,0.0601,0.64
1817,replay,4000,0.1830,1.000,0.0602,0.64
1818,replay,4000,0.1742,1.000,0.0605,0.63
1819,replay,4000,0.2069,1.000,0.0607,0.63
1820,replay,4000,0.1841,1.000,0.0608,0.63
1821,replay,4000,0.1050,1.000,0.0608,0.63
1822,replay,4000,0.1321,1.000,0.0609,0.64
1823,replay,4000,0.0957,1.000,0.0608,0.64
1824,replay,4000,0.1044,1.000,0.0608,0.64
1825,replay,4000,0.1260,1.000,0.0610,0.64
1826,replay,4000,0.1360,1.000,0.0614,0.63
1827,replay,4000,0.1236,1.000,0.0613,0.64
1828,replay,4000,0.2140,1.000,0.0616,0.64
1829,replay,4000,0.2027,1.000,0.0620,0.64
1830,replay,4000,0.1821,1.000,0.0626,0.64
1831,replay,4000,0.1462,1.000,0.0626,0.64
1832,es_step,4000,0.1258,0.969,0.0626,2.62
1833,es_step,4000,0.1332,0.969,0.0628,2.63
1834,es_step,4000,0.1309,0.969,0.0631,2.63
1835,replay,4000,0.1780,1.000,0.0632,0.64
1836,es_step,4000,0.1277,0.969,0.0633,2.62
1837,es_step,4000,0.1384,0.969,0.0634,2.62
1838,es_step,4000,0.1291,0.969,0.0634,2.62
1839,replay,4000,0.1993,1.000,0.0636,0.64
1840,replay,4000,0.1786,1.000,0.0637,0.64
1841,replay,4000,0.1593,1.000,0.0637,0.64
1842,replay,4000,0.1297,1.000,0.0637,0.64
1843,replay,4000,0.1126,1.000,0.0636,0.64
1844,replay,4000,0.0643,1.000,0.0634,0.64
1845,es_step,4000,0.0704,1.000,0.0634,2.63
1846,replay,4000,0.0966,1.000,0.0633,0.64
1847,replay,4000,0.0700,1.000,0.0633,0.64
1848,es_step,4000,0.0811,1.000,0.0634,2.63
1849,replay,4000,0.0456,1.000,0.0634,0.64
1850,es_step,4000,0.1154,0.969,0.0634,2.62
1851,es_step,4000,0.1128,0.969,0.0634,2.63
1852,replay,4000,0.1510,1.000,0.0634,0.64
1853,es_step,4000,0.1287,1.000,0.0636,2.61
1854,replay,4000,0.1492,1.000,0.0637,0.64
1855,replay,4000,0.1313,1.000,0.0639,0.64
1856,replay,4000,0.1264,1.000,0.0638,0.64
1857,es_step,4000,0.0923,1.000,0.0638,2.62
1858,es_step,4000,0.0895,1.000,0.0638,2.62
1859,replay,4000,0.1107,1.000,0.0639,0.64
1860,es_step,4000,0.0926,0.969,0.0639,2.62
1861,replay,4000,0.1420,1.000,0.0639,0.64
1862,replay,4000,0.1214,1.000,0.0638,0.63
1863,replay,4000,0.0246,1.000,0.0636,0.63
1864,replay,4000,0.0253,1.000,0.0636,0.63
1865,replay,4000,0.0427,1.000,0.0632,0.63
1866,es_step,4000,0.0927,0.969,0.0634,2.61
1867,replay,4000,0.1322,1.000,0.0633,0.63
1868,replay,4000,0.1733,1.000,0.0634,0.64
1869,replay,4000,0.1770,1.000,0.0636,0.63
1870,replay,4000,0.1839,1.000,0.0636,0.63
1871,replay,4000,0.1529,1.000,0.0639,0.63
1872,replay,4000,0.1440,1.000,0.0639,0.63
1873,es_step,4000,0.0528,0.938,0.0639,2.61
1874,replay,4000,0.1127,1.000,0.0639,0.63
1875,replay,4000,0.0953,1.000,0.0637,0.65
1876,replay,4000,0.1264,1.000,0.0637,0.63
1877,replay,4000,0.1665,1.000,0.0638,0.64
1878,es_step,4000,0.1299,1.000,0.0639,2.61
1879,replay,4000,0.2325,1.000,0.0641,0.64
1880,replay,4000,0.1952,1.000,0.0641,0.64
1881,replay,4000,0.1001,1.000,0.0641,0.64
1882,replay,4000,0.1271,1.000,0.0641,0.64
1883,es_step,4000,0.0709,0.969,0.0641,2.62
1884,replay,4000,0.1153,1.000,0.0641,0.64
1885,replay,4000,0.1479,1.000,0.0641,0.63
1886,replay,4000,0.1469,1.000,0.0642,0.63
1887,replay,4000,0.1283,1.000,0.0643,0.64
1888,replay,4000,0.1120,1.000,0.0644,0.64
1889,replay,4000,0.0655,1.000,0.0645,0.64
1890,es_step,4000,0.0788,1.000,0.0646,2.62
1891,replay,4000,0.0975,1.000,0.0648,0.64
1892,replay,4000,0.1119,1.000,0.0648,0.64
1893,replay,4000,0.1053,1.000,0.0647,0.63
1894,replay,4000,0.0809,1.000,0.0647,0.64
1895,es_step,4000,0.0650,1.000,0.0647,2.63
1896,replay,4000,0.1051,1.000,0.0650,0.64
1897,replay,4000,0.0895,1.000,0.0649,0.64
1898,replay,4000,0.0419,1.000,0.0647,0.64
1899,es_step,4000,0.0972,0.969,0.0647,2.64
1900,replay,4000,0.0931,1.000,0.0648,0.64
1901,es_step,4000,0.1031,1.000,0.0648,2.62
1902,replay,4000,0.1204,1.000,0.0649,0.64
1903,replay,4000,0.1185,1.000,0.0650,0.64
1904,replay,4000,0.0731,1.000,0.0652,0.64
1905,replay,4000,0.0641,1.000,0.0651,0.64
1906,replay,4000,0.0830,1.000,0.0650,0.63
1907,replay,4000,0.0803,1.000,0.0649,0.64
1908,es_step,4000,0.0353,0.969,0.0649,2.61
1909,es_step,4000,0.0426,1.000,0.0649,2.61
1910,replay,4000,0.0443,1.000,0.0647,0.64
1911,replay,4000,0.0793,1.000,0.0648,0.64
1912,replay,4000,0.0994,1.000,0.0648,0.64
1913,replay,4000,0.1354,1.000,0.0647,0.63
1914,replay,4000,0.0706,1.000,0.0646,0.63
1915,replay,4000,0.0686,1.000,0.0645,0.63
1916,es_step,4000,0.0637,0.969,0.0645,2.61
1917,replay,4000,0.0916,1.000,0.0645,0.63
1918,replay,4000,0.1091,1.000,0.0643,0.63
1919,replay,4000,0.1154,1.000,0.0645,0.63
1920,replay,4000,-0.0728,1.000,0.0644,0.63
1921,replay,4000,0.1336,1.000,0.0646,0.63
1922,replay,4000,0.1655,1.000,0.0648,0.63
1923,es_step,4000,0.0590,1.000,0.0648,2.61
1924,replay,4000,0.1059,1.000,0.0648,0.64
1925,replay,4000,0.0447,1.000,0.0646,0.64
1926,replay,4000,0.0545,1.000,0.0645,0.63
1927,es_step,4000,0.0899,0.969,0.0645,2.61
1928,replay,4000,0.1416,1.000,0.0646,0.64
1929,es_step,4000,0.0958,1.000,0.0646,2.63
1930,replay,4000,0.1541,1.000,0.0647,0.64
1931,replay,4000,0.1197,1.000,0.0648,0.64
1932,replay,4000,0.0806,1.000,0.0647,0.64
1933,replay,4000,0.0529,1.000,0.0645,0.63
1934,replay,4000,0.0328,1.000,0.0644,0.63
1935,replay,4000,0.0753,1.000,0.0643,0.63
1936,replay,4000,0.1167,1.000,0.0643,0.63
1937,replay,4000,0.0751,1.000,0.0643,0.63
1938,replay,4000,0.0879,1.000,0.0642,0.63
1939,replay,4000,0.0419,1.000,0.0640,0.63
1940,replay,4000,0.1075,1.000,0.0640,0.64
1941,replay,4000,0.1496,1.000,0.0640,0.64
1942,es_step,4000,0.0947,1.000,0.0640,2.61
1943,replay,4000,0.1553,1.000,0.0641,0.63
1944,es_step,4000,0.0799,1.000,0.0641,2.61
1945,es_step,4000,0.0751,0.969,0.0641,2.61
1946,es_step,4000,0.0832,1.000,0.0641,2.60
1947,replay,4000,0.1185,1.000,0.0642,0.64
1948,replay,4000,0.1486,1.000,0.0644,0.64
1949,es_step,4000,0.1021,1.000,0.0645,2.61
1950,replay,4000,0.0190,1.000,0.0643,0.63
1951,replay,4000,0.1715,1.000,0.0648,0.63
1952,replay,4000,0.1899,1.000,0.0649,0.63
1953,replay,4000,0.1073,1.000,0.0648,0.63
1954,es_step,4000,0.1016,0.938,0.0648,2.61
1955,es_step,4000,0.0994,1.000,0.0648,2.61
1956,replay,4000,0.1530,1.000,0.0649,0.63
1957,es_step,4000,0.1260,1.000,0.0651,2.61
1958,replay,4000,0.1688,1.000,0.0653,0.64
1959,replay,4000,0.1593,1.000,0.0654,0.64
1960,replay,4000,0.1450,1.000,0.0654,0.64
1961,replay,4000,0.1269,1.000,0.0654,0.64
1962,replay,4000,0.1494,1.000,0.0654,0.64
1963,replay,4000,0.2003,1.000,0.0656,0.64
1964,replay,4000,0.1770,1.000,0.0657,0.64
1965,replay,4000,0.1651,1.000,0.0658,0.64
1966,replay,4000,0.0945,1.000,0.0655,0.64
1967,replay,4000,0.0659,1.000,0.0653,0.64
1968,es_step,4000,0.0627,0.969,0.0653,2.64
1969,replay,4000,0.0500,1.000,0.0650,0.64
1970,replay,4000,0.1106,1.000,0.0649,2.52
1971,replay,4000,0.1525,1.000,0.0650,0.64
1972,replay,4000,0.1115,1.000,0.0650,0.64
1973,replay,4000,0.0431,1.000,0.0649,0.63
1974,es_step,4000,0.0862,1.000,0.0649,2.61
1975,replay,4000,0.0957,1.000,0.0649,0.64
1976,replay,4000,0.0962,1.000,0.0651,0.63
1977,replay,4000,-0.0263,1.000,0.0651,0.63
1978,replay,4000,0.1201,1.000,0.0651,0.63
1979,replay,4000,0.1520,1.000,0.0652,0.63
1980,replay,4000,0.1416,1.000,0.0652,0.63
1981,replay,4000,0.1618,1.000,0.0652,0.64
1982,es_step,4000,0.1057,0.938,0.0653,2.62
1983,replay,4000,0.1581,1.000,0.0653,0.64
1984,replay,4000,0.1111,1.000,0.0654,0.64
1985,replay,4000,0.1173,1.000,0.0653,0.64
1986,replay,4000,0.0980,1.000,0.0654,0.64
1987,replay,4000,0.0543,1.000,0.0652,0.64
1988,replay,4000,0.0987,1.000,0.0652,0.63
1989,replay,4000,0.0622,1.000,0.0651,0.63
1990,replay,4000,0.1237,1.000,0.0652,0.64
1991,replay,4000,0.0210,1.000,0.0651,0.64
1992,replay,4000,0.1436,1.000,0.0651,0.64
1993,replay,4000,0.1478,1.000,0.0652,0.64
1994,replay,4000,0.1413,1.000,0.0652,0.64
1995,replay,4000,0.0843,1.000,0.0651,0.64
1996,replay,4000,0.0664,1.000,0.0650,0.64
1997,es_step,4000,0.0540,1.000,0.0650,2.63
1998,replay,4000,0.0573,1.000,0.0647,0.64
1999,replay,4000,0.1192,1.000,0.0649,0.64
2000,replay,4000,0.1072,1.000,0.0649,0.63
2001,es_step,4000,0.0763,1.000,0.0649,2.62
2002,es_step,4000,0.0708,1.000,0.0649,2.62
2003,replay,4000,0.1225,1.000,0.0648,0.63
2004,replay,4000,0.1167,1.000,0.0649,0.63
2005,replay,4000,0.1100,1.000,0.0653,0.63
2006,replay,4000,0.0701,1.000,0.0653,0.63
2007,replay,4000,0.0437,1.000,0.0652,0.63
2008,replay,4000,0.0575,1.000,0.0650,0.63
2009,replay,4000,0.0578,1.000,0.0648,0.63
2010,es_step,4000,0.0792,1.000,0.0648,2.62
2011,replay,4000,0.1173,1.000,0.0648,0.64
2012,replay,4000,0.1081,1.000,0.0649,0.63
2013,replay,4000,0.0794,1.000,0.0648,0.63
2014,replay,4000,0.0385,1.000,0.0645,0.64
2015,replay,4000,0.0888,1.000,0.0644,0.63
2016,replay,4000,0.0692,1.000,0.0643,0.64
2017,es_step,4000,0.0771,1.000,0.0643,2.61
2018,es_step,4000,0.0817,0.969,0.0643,2.62
2019,replay,4000,0.1564,1.000,0.0645,0.64
2020,replay,4000,0.1724,1.000,0.0645,0.63
2021,replay,4000,0.1933,1.000,0.0645,0.63
2022,replay,4000,0.1232,1.000,0.0644,0.63
2023,replay,4000,0.0662,1.000,0.0642,0.64
2024,replay,4000,0.0303,1.000,0.0640,0.64
2025,replay,4000,0.0700,1.000,0.0639,0.63
2026,replay,4000,0.1283,1.000,0.0640,0.63
2027,replay,4000,0.1338,1.000,0.0641,0.63
2028,replay,4000,0.0284,1.000,0.0638,0.64
2029,replay,4000,0.0885,1.000,0.0636,0.64
2030,replay,4000,0.0919,1.000,0.0635,0.63
2031,replay,4000,0.1007,1.000,0.0638,0.64
2032,replay,4000,0.1415,1.000,0.0638,0.63
2033,es_step,4000,0.0869,1.000,0.0638,2.62
2034,es_step,4000,0.0857,1.000,0.0638,2.61
2035,replay,4000,0.1756,1.000,0.0638,0.64
2036,replay,4000,0.1941,1.000,0.0641,0.64
2037,replay,4000,0.1826,1.000,0.0642,0.63
2038,replay,4000,0.1618,1.000,0.0641,0.63
2039,replay,4000,0.1227,1.000,0.0641,0.63
2040,es_step,4000,0.0509,0.969,0.0641,2.62
2041,replay,4000,0.0941,1.000,0.0640,0.64
2042,es_step,4000,0.0537,1.000,0.0640,2.62
2043,replay,4000,0.0647,1.000,0.0639,0.64
2044,replay,4000,0.1141,1.000,0.0639,0.64
2045,replay,4000,0.1767,1.000,0.0640,0.64
2046,es_step,4000,0.1016,1.000,0.0640,2.61
2047,replay,4000,0.1680,1.000,0.0641,0.64
2048,es_step,4000,0.0597,0.969,0.0641,2.61
2049,replay,4000,0.0979,1.000,0.0640,0.64
2050,replay,4000,0.0483,1.000,0.0637,0.63
2051,es_step,4000,0.0227,1.000,0.0637,2.61
2052,es_step,4000,0.0300,1.000,0.0637,2.61
2053,replay,4000,-0.0316,1.000,0.0635,0.64
2054,es_step,4000,0.0790,0.969,0.0635,2.62
2055,replay,4000,0.0625,1.000,0.0635,0.64
2056,es_step,4000,0.1449,1.000,0.0648,2.60
2057,es_step,4000,0.1480,1.000,0.0651,2.60
2058,replay,4000,0.1890,1.000,0.0654,0.63
2059,replay,4000,0.1876,1.000,0.0655,0.63
2060,es_step,4000,0.0476,0.969,0.0655,2.61
2061,replay,4000,0.1015,1.000,0.0654,0.63
2062,replay,4000,0.0422,1.000,0.0651,0.63
2063,es_step,4000,0.0178,1.000,0.0651,2.60
2064,replay,4000,0.0223,1.000,0.0651,0.63
2065,replay,4000,0.0358,1.000,0.0649,0.63
2066,replay,4000,0.0750,1.000,0.0649,0.64
2067,replay,4000,0.0599,1.000,0.0647,0.63
2068,replay,4000,0.0086,1.000,0.0645,0.63
2069,es_step,4000,0.0173,0.969,0.0645,2.59
2070,replay,4000,0.0589,1.000,0.0643,0.63
2071,replay,4000,0.0923,1.000,0.0641,0.63
2072,es_step,4000,0.0448,1.000,0.0641,2.60
2073,replay,4000,0.0680,1.000,0.0640,0.63
2074,replay,4000,0.1141,1.000,0.0639,0.63
2075,es_step,4000,0.0497,0.969,0.0639,2.58
2076,replay,4000,0.1219,1.000,0.0639,0.63
2077,replay,4000,0.1146,1.000,0.0639,0.63
2078,es_step,4000,0.0866,1.000,0.0639,2.60
2079,replay,4000,0.1746,1.000,0.0639,0.63
2080,replay,4000,0.1763,1.000,0.0639,0.63
2081,replay,4000,0.1191,1.000,0.0638,0.63
2082,replay,4000,0.0360,1.000,0.0636,0.63
2083,replay,4000,0.0215,1.000,0.0634,0.62
2084,replay,4000,0.0394,1.000,0.0633,0.63
2085,replay,4000,0.0799,1.000,0.0634,0.63
2086,es_step,4000,0.0618,1.000,0.0634,2.60
2087,replay,4000,0.0566,1.000,0.0632,0.63
2088,es_step,4000,0.0647,1.000,0.0632,2.59
2089,replay,4000,0.0871,1.000,0.0632,0.63
2090,es_step,4000,0.0662,1.000,0.0632,2.59
2091,replay,4000,0.1127,1.000,0.0631,0.63
2092,replay,4000,0.1162,1.000,0.0632,0.63
2093,replay,4000,0.1443,1.000,0.0634,0.63
2094,replay,4000,0.1008,1.000,0.0634,0.63
2095,replay,4000,0.0958,1.000,0.0632,0.63
2096,replay,4000,0.0419,1.000,0.0632,0.63
2097,replay,4000,0.0881,1.000,0.0630,0.63
2098,es_step,4000,0.0563,1.000,0.0630,2.58
2099,replay,4000,0.0855,1.000,0.0630,0.63
2100,replay,4000,0.1306,1.000,0.0631,0.63
2101,replay,4000,0.1598,1.000,0.0632,0.63
2102,es_step,4000,0.1161,0.969,0.0632,2.60
2103,replay,4000,0.1754,1.000,0.0636,0.63
2104,replay,4000,0.1425,1.000,0.0639,0.63
2105,es_step,4000,0.1124,1.000,0.0639,2.60
2106,replay,4000,0.1606,1.000,0.0642,0.63
2107,replay,4000,0.2119,1.000,0.0643,0.63
2108,replay,4000,0.1739,1.000,0.0643,0.63
2109,es_step,4000,0.0869,1.000,0.0643,2.60
2110,replay,4000,0.1228,1.000,0.0644,0.63
2111,es_step,4000,0.0745,1.000,0.0644,2.60
2112,replay,4000,0.1067,1.000,0.0644,0.64
2113,replay,4000,0.1141,1.000,0.0644,0.63
2114,replay,4000,-0.0798,1.000,0.0643,0.63
2115,replay,4000,0.1341,1.000,0.0643,0.63
2116,replay,4000,0.1346,1.000,0.0644,0.63
2117,replay,4000,0.0951,1.000,0.0644,0.63
2118,replay,4000,0.0783,1.000,0.0643,0.63
2119,replay,4000,0.0937,1.000,0.0642,0.63
2120,replay,4000,0.1220,1.000,0.0642,0.63
2121,replay,4000,0.0713,1.000,0.0639,0.63
2122,replay,4000,0.0973,1.000,0.0637,0.63
2123,replay,4000,0.0983,1.000,0.0639,0.63
2124,replay,4000,0.0672,1.000,0.0638,0.63
2125,replay,4000,0.0828,1.000,0.0638,0.63
2126,replay,4000,0.0637,1.000,0.0638,0.63
2127,replay,4000,0.0009,1.000,0.0637,0.63
2128,replay,4000,0.0485,1.000,0.0637,0.63
2129,replay,4000,0.1512,1.000,0.0637,0.63
2130,replay,4000,0.1434,1.000,0.0637,0.63
2131,replay,4000,0.1496,1.000,0.0639,0.64
2132,es_step,4000,0.1040,1.000,0.0639,2.62
2133,replay,4000,0.1955,1.000,0.0640,0.65
2134,replay,4000,0.1327,1.000,0.0644,0.64
2135,replay,4000,0.1512,1.000,0.0644,0.64
2136,replay,4000,0.1556,1.000,0.0645,0.64
2137,replay,4000,0.1100,1.000,0.0646,0.64
2138,es_step,4000,0.0668,1.000,0.0646,2.63
2139,replay,4000,0.0675,1.000,0.0645,0.64
2140,es_step,4000,0.0750,1.000,0.0645,2.64
2141,replay,4000,0.1000,1.000,0.0645,0.64
2142,replay,4000,0.1098,1.000,0.0646,0.64
2143,es_step,4000,0.0604,0.969,0.0646,2.63
2144,es_step,4000,0.0544,0.969,0.0646,2.63
2145,es_step,4000,0.0551,0.969,0.0646,2.62
2146,es_step,4000,0.0537,0.938,0.0646,2.61
2147,replay,4000,0.0712,1.000,0.0645,0.63
2148,replay,4000,0.0731,1.000,0.0644,0.65
2149,es_step,4000,0.0601,1.000,0.0644,2.60
2150,replay,4000,0.0168,1.000,0.0642,0.63
2151,replay,4000,0.0615,1.000,0.0639,0.64
2152,replay,4000,0.0919,1.000,0.0640,0.64
2153,replay,4000,0.1085,1.000,0.0640,0.64
2154,es_step,4000,0.0955,0.969,0.0641,2.63
2155,es_step,4000,0.0940,1.000,0.0641,2.62
2156,replay,4000,0.0765,1.000,0.0641,0.64
2157,replay,4000,0.0511,1.000,0.0641,0.64
2158,replay,4000,0.0618,1.000,0.0639,0.63
2159,es_step,4000,0.0418,1.000,0.0639,2.62
2160,replay,4000,0.0938,1.000,0.0639,0.63
2161,replay,4000,0.0718,1.000,0.0637,0.63
2162,replay,4000,0.0738,1.000,0.0637,0.63
2163,replay,4000,0.0815,1.000,0.0636,0.63
2164,replay,4000,0.1087,1.000,0.0636,0.63
2165,replay,4000,0.1013,1.000,0.0636,0.63
2166,replay,4000,0.1397,1.000,0.0636,0.63
2167,replay,4000,0.1372,1.000,0.0636,0.63
2168,replay,4000,0.1473,1.000,0.0636,0.64
2169,es_step,4000,0.0509,1.000,0.0636,2.62
2170,es_step,4000,0.0511,0.969,0.0636,2.62
2171,replay,4000,0.0832,1.000,0.0635,0.64
2172,replay,4000,0.0472,1.000,0.0634,0.64
2173,replay,4000,0.0453,1.000,0.0632,0.64
2174,es_step,4000,0.0618,0.969,0.0633,2.61
2175,replay,4000,-0.0600,1.000,0.0632,0.63
2176,replay,4000,-0.1191,1.000,0.0632,0.64
2177,replay,4000,0.2386,1.000,0.0634,0.64
2178,es_step,4000,0.1272,1.000,0.0644,2.61
2179,replay,4000,0.1909,1.000,0.0644,0.63
2180,replay,4000,0.0458,1.000,0.0641,0.63
2181,replay,4000,-0.0207,1.000,0.0637,0.63
2182,replay,4000,0.0168,1.000,0.0634,2.61
2183,replay,4000,0.0603,1.000,0.0633,0.63
2184,replay,4000,0.0909,1.000,0.0633,0.63
2185,replay,4000,0.1407,1.000,0.0632,0.64
2186,replay,4000,0.1498,1.000,0.0631,0.63
2187,replay,4000,0.1743,1.000,0.0631,0.63
2188,replay,4000,0.1599,1.000,0.0631,0.62
2189,es_step,4000,0.0853,1.000,0.0631,2.57
2190,es_step,4000,0.0758,1.000,0.0631,2.58
2191,es_step,4000,0.0800,0.938,0.0631,2.61
2192,replay,4000,0.1249,1.000,0.0631,0.64
2193,es_step,4000,0.0148,0.969,0.0631,2.62
2194,replay,4000,0.0220,1.000,0.0628,0.64
2195,replay,4000,-0.0124,1.000,0.0625,0.64
2196,replay,4000,0.0356,1.000,0.0623,0.63
2197,replay,4000,0.0631,1.000,0.0622,0.64
2198,replay,4000,0.0819,1.000,0.0622,0.64
2199,replay,4000,0.0279,1.000,0.0621,0.64
2200,replay,4000,0.0416,1.000,0.0619,0.64
2201,replay,4000,0.0286,1.000,0.0618,0.64
2202,replay,4000,0.0697,1.000,0.0617,0.64
2203,replay,4000,0.1187,1.000,0.0616,0.63
2204,replay,4000,0.0956,1.000,0.0616,0.63
2205,replay,4000,0.0991,1.000,0.0616,0.63
2206,replay,4000,0.0820,1.000,0.0615,0.63
2207,replay,4000,0.0774,1.000,0.0614,0.63
2208,replay,4000,0.0965,1.000,0.0613,0.64
2209,replay,4000,0.1154,1.000,0.0612,0.64
2210,replay,4000,0.1519,1.000,0.0614,0.64
2211,replay,4000,0.1190,1.000,0.0614,0.64
2212,replay,4000,0.1065,1.000,0.0614,0.64
2213,replay,4000,0.1346,1.000,0.0614,0.64
2214,replay,4000,0.1351,1.000,0.0614,0.64
2215,replay,4000,0.1019,1.000,0.0614,0.64
2216,replay,4000,0.0211,1.000,0.0610,0.64
2217,replay,4000,0.0373,1.000,0.0609,0.64
2218,replay,4000,0.0744,1.000,0.0607,0.64
2219,replay,4000,0.1481,1.000,0.0610,0.64
2220,replay,4000,0.1243,1.000,0.0610,0.64
2221,replay,4000,0.0764,1.000,0.0608,0.64
2222,replay,4000,0.0613,1.000,0.0608,0.64
2223,replay,4000,0.1619,1.000,0.0609,0.63
2224,replay,4000,0.1813,1.000,0.0610,0.64
2225,es_step,4000,0.1257,0.875,0.0612,2.63
2226,replay,4000,0.1445,1.000,0.0612,0.64
2227,replay,4000,0.1471,1.000,0.0612,0.64
2228,replay,4000,0.1025,1.000,0.0613,0.64
2229,es_step,4000,0.0682,0.969,0.0613,2.63
2230,replay,4000,0.0928,1.000,0.0612,0.64
2231,replay,4000,0.0870,1.000,0.0611,0.64
2232,replay,4000,0.0488,1.000,0.0609,0.64
2233,es_step,4000,0.0118,1.000,0.0609,2.62
2234,replay,4000,-0.0048,1.000,0.0607,0.64
2235,replay,4000,0.0385,1.000,0.0607,0.64
2236,replay,4000,0.0931,1.000,0.0608,0.64
2237,replay,4000,0.0847,1.000,0.0606,0.64
2238,replay,4000,0.0798,1.000,0.0606,0.64
2239,replay,4000,0.0980,1.000,0.0604,0.64
2240,replay,4000,0.1865,1.000,0.0605,0.64
2241,replay,4000,0.1683,1.000,0.0607,0.64
2242,replay,4000,0.1378,1.000,0.0605,0.64
2243,replay,4000,0.1361,1.000,0.0608,0.64
2244,replay,4000,0.1097,1.000,0.0605,0.64
2245,replay,4000,0.1189,1.000,0.0604,0.64
2246,es_step,4000,0.0186,1.000,0.0604,2.63
2247,replay,4000,0.1009,1.000,0.0603,0.64
2248,es_step,4000,0.0312,1.000,0.0603,2.61
2249,es_step,4000,0.0372,1.000,0.0603,2.61
2250,replay,4000,0.0870,1.000,0.0601,0.64
2251,replay,4000,0.0719,1.000,0.0601,0.64
2252,es_step,4000,0.0256,0.969,0.0601,2.62
2253,replay,4000,0.0352,1.000,0.0602,0.64
2254,replay,4000,0.1014,1.000,0.0602,0.64
2255,replay,4000,0.1195,1.000,0.0602,0.63
2256,replay,4000,0.1066,1.000,0.0602,0.63
2257,replay,4000,0.1151,1.000,0.0602,0.63
2258,es_step,4000,0.0586,1.000,0.0602,2.62
2259,replay,4000,0.0698,1.000,0.0602,0.64
2260,replay,4000,0.0635,1.000,0.0600,0.64
2261,replay,4000,0.0887,1.000,0.0600,0.64
2262,replay,4000,0.0656,1.000,0.0600,0.64
2263,replay,4000,0.0465,1.000,0.0598,0.64
2264,replay,4000,0.0810,1.000,0.0598,0.65
2265,replay,4000,0.1431,1.000,0.0598,0.64
2266,es_step,4000,0.0823,0.969,0.0598,2.64
2267,replay,4000,0.1380,1.000,0.0598,0.64
2268,replay,4000,0.1054,1.000,0.0597,0.64
2269,replay,4000,0.0869,1.000,0.0597,0.64
2270,replay,4000,0.1505,1.000,0.0598,0.64
2271,replay,4000,0.1168,1.000,0.0598,0.64
2272,es_step,4000,0.0937,1.000,0.0598,2.61
2273,es_step,4000,0.0847,0.906,0.0598,2.61
2274,replay,4000,0.0790,1.000,0.0600,0.64
2275,replay,4000,0.0798,1.000,0.0600,0.64
2276,es_step,4000,0.1012,1.000,0.0600,2.61
2277,replay,4000,0.1746,1.000,0.0601,0.64
2278,replay,4000,0.1819,1.000,0.0602,0.64
2279,es_step,4000,0.1394,0.969,0.0609,2.62
2280,replay,4000,0.2213,1.000,0.0610,0.64
2281,replay,4000,0.2352,1.000,0.0614,0.64
2282,replay,4000,0.2162,1.000,0.0616,0.64
2283,replay,4000,0.1641,1.000,0.0616,0.63
2284,replay,4000,0.0918,1.000,0.0615,0.64
2285,replay,4000,0.0589,1.000,0.0612,0.64
2286,replay,4000,0.0413,1.000,0.0609,0.64
2287,replay,4000,0.0713,1.000,0.0605,0.64
2288,replay,4000,0.0850,1.000,0.0606,0.64
2289,replay,4000,0.0946,1.000,0.0605,0.64
2290,es_step,4000,0.0703,1.000,0.0605,2.63
2291,replay,4000,0.1040,1.000,0.0605,0.64
2292,replay,4000,0.1068,1.000,0.0604,0.64
2293,replay,4000,0.0648,1.000,0.0603,0.65
2294,replay,4000,0.0801,1.000,0.0603,0.65
2295,replay,4000,0.0885,1.000,0.0602,0.64
2296,es_step,4000,0.0545,1.000,0.0602,2.66
2297,replay,4000,0.0317,1.000,0.0602,0.65
2298,es_step,4000,0.0475,1.000,0.0602,2.64
2299,replay,4000,0.0483,1.000,0.0600,0.64
2300,replay,4000,0.0594,1.000,0.0600,0.64
2301,replay,4000,0.0615,1.000,0.0599,0.65
2302,es_step,4000,0.0551,1.000,0.0599,2.65
2303,replay,4000,0.0920,1.000,0.0597,0.64
2304,replay,4000,0.1701,1.000,0.0598,0.64
2305,replay,4000,0.1156,1.000,0.0596,0.64
2306,es_step,4000,0.0452,1.000,0.0596,2.63
2307,replay,4000,0.1035,1.000,0.0594,0.64
2308,replay,4000,0.0641,1.000,0.0594,0.64
2309,replay,4000,0.0157,1.000,0.0593,0.64
2310,replay,4000,0.1293,1.000,0.0593,0.64
2311,replay,4000,0.0624,1.000,0.0592,0.64
2312,replay,4000,0.0835,1.000,0.0591,0.64
2313,replay,4000,0.0467,1.000,0.0592,0.64
2314,replay,4000,0.0894,1.000,0.0592,0.64
2315,replay,4000,0.1014,1.000,0.0592,0.64
2316,es_step,4000,0.0454,1.000,0.0592,2.62
2317,replay,4000,0.0743,1.000,0.0590,0.64
2318,es_step,4000,0.0352,1.000,0.0590,2.63
2319,es_step,4000,0.0383,1.000,0.0590,2.64
2320,es_step,4000,0.0342,1.000,0.0590,2.63
2321,es_step,4000,0.0359,1.000,0.0590,2.64
2322,replay,4000,0.0798,1.000,0.0588,0.64
2323,es_step,4000,0.0596,1.000,0.0588,2.63
2324,replay,4000,0.0583,1.000,0.0588,0.65
2325,replay,4000,0.0926,1.000,0.0589,0.65
2326,replay,4000,0.0813,1.000,0.0588,0.65
2327,replay,4000,0.0736,1.000,0.0587,0.65
2328,es_step,4000,0.0491,1.000,0.0587,2.64
2329,replay,4000,0.0427,1.000,0.0586,0.64
2330,replay,4000,0.0150,1.000,0.0584,0.64
2331,replay,4000,0.0683,1.000,0.0585,0.64
2332,replay,4000,0.0963,1.000,0.0586,0.64
2333,replay,4000,0.1410,1.000,0.0587,0.63
2334,replay,4000,0.1556,1.000,0.0586,0.63
2335,replay,4000,0.1128,1.000,0.0585,0.63
2336,replay,4000,0.0562,1.000,0.0584,0.63
2337,replay,4000,0.0052,1.000,0.0581,0.63
2338,replay,4000,0.0708,1.000,0.0580,0.62
2339,replay,4000,0.1165,1.000,0.0581,0.62
2340,replay,4000,0.1452,1.000,0.0583,0.64
2341,es_step,4000,0.0733,1.000,0.0583,2.63
2342,replay,4000,0.1460,1.000,0.0583,0.64
2343,replay,4000,0.0534,1.000,0.0582,0.64
2344,replay,4000,0.0317,1.000,0.0579,0.64
2345,replay,4000,0.0538,1.000,0.0578,0.64
2346,replay,4000,0.0612,1.000,0.0576,0.64
2347,replay,4000,0.0688,1.000,0.0575,0.64
2348,es_step,4000,0.0373,1.000,0.0575,2.62
2349,replay,4000,0.0659,1.000,0.0574,0.64
2350,replay,4000,0.0794,1.000,0.0573,0.64
2351,replay,4000,0.0339,1.000,0.0571,0.64
2352,replay,4000,0.0981,1.000,0.0571,0.64
2353,replay,4000,0.1232,1.000,0.0571,0.64
2354,replay,4000,0.1172,1.000,0.0570,0.64
2355,replay,4000,0.1169,1.000,0.0572,0.64
2356,replay,4000,0.0488,1.000,0.0571,0.64
2357,replay,4000,0.0422,1.000,0.0569,0.64
2358,replay,4000,0.0840,1.000,0.0568,0.64
2359,replay,4000,0.0641,1.000,0.0567,0.64
2360,es_step,4000,0.0636,1.000,0.0568,2.61
2361,replay,4000,0.0752,1.000,0.0566,0.64
2362,replay,4000,0.1063,1.000,0.0566,0.64
2363,replay,4000,0.1353,1.000,0.0567,0.64
2364,es_step,4000,0.1139,1.000,0.0567,2.61
2365,replay,4000,0.1572,1.000,0.0569,0.64
2366,es_step,4000,0.1008,1.000,0.0569,2.62
2367,replay,4000,0.1426,1.000,0.0570,0.64
2368,replay,4000,0.1220,1.000,0.0570,0.64
2369,es_step,4000,0.0610,1.000,0.0570,2.63
2370,replay,4000,0.0388,1.000,0.0569,0.64
2371,replay,4000,0.0994,1.000,0.0568,0.64
2372,es_step,4000,0.0966,1.000,0.0568,2.61
2373,replay,4000,0.1159,1.000,0.0569,0.64
2374,replay,4000,0.1171,1.000,0.0568,0.64
2375,replay,4000,0.1208,1.000,0.0568,0.64
2376,es_step,4000,0.0623,1.000,0.0568,2.64
2377,replay,4000,0.0936,1.000,0.0567,0.65
2378,replay,4000,0.1255,1.000,0.0567,0.64
2379,replay,4000,0.1236,1.000,0.0567,0.64
2380,replay,4000,0.1006,1.000,0.0568,0.64
2381,replay,4000,0.0990,1.000,0.0566,0.64
2382,replay,4000,0.1824,1.000,0.0569,0.64
2383,es_step,4000,0.1048,1.000,0.0571,2.62
2384,replay,4000,0.1601,1.000,0.0571,0.64
2385,replay,4000,0.1493,1.000,0.0572,0.65
2386,es_step,4000,0.0698,0.938,0.0572,2.64
2387,es_step,4000,0.0764,0.969,0.0572,2.63
2388,replay,4000,0.1074,1.000,0.0572,0.65
2389,replay,4000,0.0972,1.000,0.0572,0.64
2390,replay,4000,0.0890,1.000,0.0571,0.64
2391,replay,4000,0.0605,1.000,0.0571,0.64
2392,replay,4000,0.0445,1.000,0.0570,0.64
2393,replay,4000,0.0505,1.000,0.0567,0.64
2394,replay,4000,0.0609,1.000,0.0567,0.64
2395,replay,4000,0.0439,1.000,0.0565,0.64
2396,replay,4000,0.0606,1.000,0.0565,0.64
2397,replay,4000,0.0670,1.000,0.0564,0.64
2398,replay,4000,0.1212,1.000,0.0563,0.64
2399,es_step,4000,0.0767,1.000,0.0563,2.64
2400,replay,4000,0.1452,1.000,0.0563,0.64
2401,replay,4000,0.1553,1.000,0.0564,0.64
2402,es_step,4000,0.0799,1.000,0.0564,2.63
2403,replay,4000,0.1222,1.000,0.0563,0.64
2404,replay,4000,0.1149,1.000,0.0563,0.64
2405,replay,4000,0.1153,1.000,0.0563,0.64
2406,replay,4000,0.1550,1.000,0.0564,0.64
2407,replay,4000,0.1086,1.000,0.0565,0.64
2408,replay,4000,0.1235,1.000,0.0565,0.65
2409,es_step,4000,0.0842,1.000,0.0565,2.64
2410,es_step,4000,0.0896,1.000,0.0565,2.62
2411,replay,4000,0.1205,1.000,0.0567,0.65
2412,replay,4000,0.0981,1.000,0.0569,0.64
2413,replay,4000,0.1174,1.000,0.0569,0.64
2414,es_step,4000,0.0885,1.000,0.0569,2.64
2415,replay,4000,0.1015,1.000,0.0571,0.65
2416,replay,4000,0.1442,1.000,0.0573,0.65
2417,replay,4000,0.1260,1.000,0.0573,0.64
2418,replay,4000,0.1166,1.000,0.0573,0.64
2419,es_step,4000,0.0947,1.000,0.0573,2.65
2420,replay,4000,0.1218,1.000,0.0574,2.67
2421,replay,4000,0.1419,1.000,0.0577,0.65
2422,replay,4000,0.0623,1.000,0.0576,0.65
2423,replay,4000,0.1127,1.000,0.0575,0.65
2424,es_step,4000,0.0830,1.000,0.0575,2.64
2425,replay,4000,0.1331,1.000,0.0575,0.64
2426,replay,4000,0.0978,1.000,0.0576,0.64
2427,es_step,4000,0.0763,1.000,0.0576,2.62
2428,replay,4000,0.1246,1.000,0.0577,0.64
2429,replay,4000,0.0865,1.000,0.0575,0.64
2430,replay,4000,0.1313,1.000,0.0576,0.64
2431,replay,4000,0.0574,1.000,0.0575,0.64
2432,replay,4000,0.1026,1.000,0.0578,0.64
2433,replay,4000,0.1314,1.000,0.0579,0.64
2434,replay,4000,0.1545,1.000,0.0580,0.64
2435,replay,4000,0.1374,1.000,0.0583,0.64
2436,replay,4000,0.1049,1.000,0.0584,0.64
2437,es_step,4000,0.0897,1.000,0.0584,2.64
2438,es_step,4000,0.0892,1.000,0.0584,2.63
2439,replay,4000,0.1056,1.000,0.0583,0.64
2440,replay,4000,0.0763,1.000,0.0583,0.65
2441,es_step,4000,0.0572,1.000,0.0583,2.65
2442,replay,4000,0.0577,1.000,0.0582,0.64
2443,replay,4000,0.0585,1.000,0.0581,0.64
2444,replay,4000,0.0825,1.000,0.0581,0.64
2445,replay,4000,0.0615,1.000,0.0581,0.64
2446,replay,4000,0.0645,1.000,0.0579,0.64
2447,replay,4000,0.0662,1.000,0.0577,0.64
2448,replay,4000,0.0778,1.000,0.0577,0.64
2449,replay,4000,0.1329,1.000,0.0578,0.64
2450,es_step,4000,0.0705,1.000,0.0578,2.62
2451,replay,4000,0.1601,1.000,0.0578,0.64
2452,es_step,4000,0.1015,0.969,0.0578,2.61
2453,es_step,4000,0.0975,1.000,0.0578,2.61
2454,replay,4000,0.1477,1.000,0.0579,0.64
2455,replay,4000,0.1777,1.000,0.0580,0.64
2456,replay,4000,0.1399,1.000,0.0580,0.64
2457,replay,4000,0.1377,1.000,0.0581,0.64
2458,es_step,4000,0.1003,1.000,0.0581,2.63
2459,es_step,4000,0.0908,0.969,0.0581,2.62
2460,replay,4000,0.1283,1.000,0.0582,0.64
2461,es_step,4000,0.0784,1.000,0.0582,2.61
2462,es_step,4000,0.0759,1.000,0.0582,2.63
2463,replay,4000,0.1332,1.000,0.0583,0.65
2464,es_step,4000,0.0684,1.000,0.0583,2.64
2465,es_step,4000,0.0614,1.000,0.0583,2.62
2466,replay,4000,0.1295,1.000,0.0583,0.64
2467,replay,4000,0.0958,1.000,0.0582,0.64
2468,es_step,4000,0.0351,1.000,0.0582,2.62
2469,replay,4000,0.0460,1.000,0.0581,0.64
2470,replay,4000,0.0576,1.000,0.0580,0.63
2471,es_step,4000,0.0568,1.000,0.0580,2.59
2472,replay,4000,0.1416,1.000,0.0583,0.63
2473,replay,4000,0.1205,1.000,0.0583,0.63
2474,replay,4000,0.1504,1.000,0.0583,0.64
2475,replay,4000,0.1363,1.000,0.0584,0.64
2476,replay,4000,0.0796,1.000,0.0583,0.64
2477,replay,4000,0.0805,1.000,0.0583,0.64
2478,replay,4000,0.0605,1.000,0.0583,0.65
2479,replay,4000,0.0797,1.000,0.0581,0.64
2480,replay,4000,-0.0001,1.000,0.0579,0.64
2481,es_step,4000,0.0507,1.000,0.0579,2.63
2482,replay,4000,0.0472,1.000,0.0578,0.64
2483,replay,4000,0.1035,1.000,0.0578,0.64
2484,replay,4000,0.1288,1.000,0.0578,0.64
2485,replay,4000,0.1123,1.000,0.0579,0.65
2486,es_step,4000,0.0498,1.000,0.0579,2.63
2487,es_step,4000,0.0462,1.000,0.0579,2.62
2488,replay,4000,0.0865,1.000,0.0579,0.63
2489,replay,4000,0.0550,1.000,0.0578,0.62
2490,replay,4000,0.0521,1.000,0.0577,0.62
2491,replay,4000,0.0689,1.000,0.0576,0.62
2492,replay,4000,0.1005,1.000,0.0576,0.61
2493,replay,4000,0.1115,1.000,0.0576,0.61
2494,replay,4000,0.1232,1.000,0.0577,0.62
2495,replay,4000,0.1459,1.000,0.0579,0.61
2496,replay,4000,0.1259,1.000,0.0580,0.61
2497,replay,4000,0.0818,1.000,0.0579,0.63
2498,replay,4000,0.0339,1.000,0.0576,0.64
2499,replay,4000,0.0171,1.000,0.0575,0.63
2500,replay,4000,-0.0008,1.000,0.0574,0.63
2501,replay,4000,0.0532,1.000,0.0574,0.63
2502,replay,4000,0.1174,1.000,0.0573,0.63
2503,replay,4000,0.1146,1.000,0.0573,0.64
2504,replay,4000,0.1056,1.000,0.0573,0.64
2505,es_step,4000,0.0277,1.000,0.0573,2.61
2506,es_step,4000,0.0301,1.000,0.0573,2.62
2507,replay,4000,0.0405,1.000,0.0572,0.64
2508,replay,4000,0.0583,1.000,0.0570,0.64
2509,replay,4000,0.0718,1.000,0.0570,0.64
2510,replay,4000,0.0680,1.000,0.0568,0.64
2511,es_step,4000,0.0784,1.000,0.0568,2.61
2512,replay,4000,0.1395,1.000,0.0568,0.64
2513,replay,4000,0.1064,1.000,0.0568,0.63
2514,replay,4000,0.1142,1.000,0.0567,0.64
2515,replay,4000,0.0971,1.000,0.0567,0.64
2516,replay,4000,0.1314,1.000,0.0567,0.64
2517,replay,4000,0.1395,1.000,0.0569,0.64
2518,replay,4000,0.1573,1.000,0.0569,0.64
2519,replay,4000,0.1431,1.000,0.0571,0.64
2520,replay,4000,0.1101,1.000,0.0572,0.64
2521,replay,4000,0.0678,1.000,0.0570,0.64
2522,replay,4000,0.0645,1.000,0.0570,0.63
2523,replay,4000,-0.0486,1.000,0.0568,0.64
2524,es_step,4000,0.0963,1.000,0.0568,2.59
2525,replay,4000,0.0640,1.000,0.0567,0.63
2526,replay,4000,0.1991,1.000,0.0570,0.64
2527,replay,4000,0.1866,1.000,0.0572,0.64
2528,replay,4000,0.1487,1.000,0.0574,0.64
2529,es_step,4000,0.0629,1.000,0.0574,2.62
2530,es_step,4000,0.0671,1.000,0.0574,2.63
2531,replay,4000,0.0883,1.000,0.0574,0.64
2532,replay,4000,0.0912,1.000,0.0573,0.64
2533,replay,4000,0.0423,1.000,0.0573,0.64
2534,es_step,4000,0.0344,1.000,0.0573,2.63
2535,replay,4000,0.0611,1.000,0.0572,0.64
2536,replay,4000,0.0454,1.000,0.0571,0.64
2537,replay,4000,0.0833,1.000,0.0571,0.64
2538,replay,4000,0.1190,1.000,0.0572,0.64
2539,es_step,4000,0.0757,1.000,0.0572,2.60
2540,replay,4000,0.0774,1.000,0.0573,0.63
2541,es_step,4000,0.0871,1.000,0.0573,2.59
2542,replay,4000,0.1547,1.000,0.0574,0.63
2543,replay,4000,0.1479,1.000,0.0574,0.63
2544,replay,4000,0.1041,1.000,0.0574,0.64
2545,es_step,4000,0.0628,1.000,0.0574,2.59
2546,replay,4000,0.1142,1.000,0.0574,0.63
2547,replay,4000,0.0933,1.000,0.0573,0.64
2548,replay,4000,0.0971,1.000,0.0574,0.63
2549,replay,4000,0.0853,1.000,0.0573,0.64
2550,replay,4000,0.0595,1.000,0.0573,0.64
2551,replay,4000,0.0444,1.000,0.0572,0.64
2552,replay,4000,0.0751,1.000,0.0571,0.64
2553,replay,4000,0.0724,1.000,0.0570,0.63
2554,replay,4000,0.0920,1.000,0.0570,0.64
2555,replay,4000,0.0846,1.000,0.0569,0.64
2556,replay,4000,0.0613,1.000,0.0568,0.63
2557,replay,4000,0.0429,1.000,0.0568,0.64
2558,es_step,4000,0.0571,1.000,0.0568,2.61
2559,replay,4000,0.1396,1.000,0.0567,0.63
2560,replay,4000,0.0948,1.000,0.0567,0.64
2561,replay,4000,0.1184,1.000,0.0568,0.64
2562,replay,4000,0.1363,1.000,0.0568,0.64
2563,replay,4000,0.0904,1.000,0.0569,0.64
2564,replay,4000,0.0408,1.000,0.0569,0.64
2565,replay,4000,0.0121,1.000,0.0568,0.64
2566,es_step,4000,0.0486,1.000,0.0568,2.63
2567,replay,4000,0.0243,1.000,0.0566,0.64
2568,replay,4000,0.1222,1.000,0.0568,0.64
2569,replay,4000,0.1718,1.000,0.0570,0.64
2570,es_step,4000,0.1157,1.000,0.0575,2.62
2571,replay,4000,0.1408,1.000,0.0575,0.64
2572,replay,4000,0.1512,1.000,0.0577,0.64
2573,replay,4000,0.1244,1.000,0.0577,0.64
2574,replay,4000,0.0629,1.000,0.0576,0.64
2575,replay,4000,0.0502,1.000,0.0576,0.64
2576,es_step,4000,0.0453,1.000,0.0576,2.63
2577,replay,4000,0.0537,1.000,0.0576,0.64
2578,es_step,4000,0.0320,1.000,0.0576,2.62
2579,replay,4000,0.0466,1.000,0.0575,0.64
2580,replay,4000,0.0662,1.000,0.0573,0.64
2581,replay,4000,0.0524,1.000,0.0572,0.64
2582,replay,4000,0.0262,1.000,0.0570,0.64
2583,replay,4000,0.0241,1.000,0.0569,0.64
2584,es_step,4000,0.0377,1.000,0.0569,2.62
2585,es_step,4000,0.0435,1.000,0.0569,2.63
2586,replay,4000,0.0329,1.000,0.0568,0.64
2587,replay,4000,0.0508,1.000,0.0567,0.64
2588,replay,4000,0.0597,1.000,0.0566,0.64
2589,replay,4000,0.0881,1.000,0.0565,0.64
2590,replay,4000,0.0861,1.000,0.0563,0.64
2591,replay,4000,0.1628,1.000,0.0563,0.65
2592,replay,4000,0.1441,1.000,0.0563,0.64
2593,es_step,4000,0.0527,1.000,0.0563,2.63
2594,replay,4000,0.0975,1.000,0.0563,0.64
2595,es_step,4000,0.0465,1.000,0.0563,2.63
2596,es_step,4000,0.0437,1.000,0.0563,2.62
2597,replay,4000,0.0889,1.000,0.0563,0.65
2598,replay,4000,0.1047,1.000,0.0563,0.64
2599,replay,4000,0.0710,1.000,0.0562,0.64
2600,replay,4000,0.0900,1.000,0.0563,0.64
2601,es_step,4000,0.0533,1.000,0.0563,2.62
2602,replay,4000,0.1103,1.000,0.0563,0.64
2603,replay,4000,0.0625,1.000,0.0562,0.64
2604,replay,4000,0.1079,1.000,0.0562,0.64
2605,replay,4000,0.0904,1.000,0.0561,0.64
2606,es_step,4000,0.0070,1.000,0.0561,2.62
2607,replay,4000,0.0357,1.000,0.0559,0.64
2608,es_step,4000,0.0136,1.000,0.0559,2.60
2609,replay,4000,0.0418,1.000,0.0557,0.64
2610,replay,4000,0.0462,1.000,0.0556,0.64
2611,replay,4000,0.0988,1.000,0.0557,0.64
2612,replay,4000,0.1040,1.000,0.0557,0.64
2613,replay,4000,0.0921,1.000,0.0558,0.64
2614,replay,4000,0.1198,1.000,0.0560,0.64
2615,es_step,4000,0.0644,1.000,0.0560,2.64
2616,es_step,4000,0.0630,1.000,0.0560,2.62
2617,replay,4000,0.0943,1.000,0.0559,0.64
2618,replay,4000,0.0589,1.000,0.0558,0.64
2619,replay,4000,0.0477,1.000,0.0557,0.64
2620,replay,4000,0.0441,1.000,0.0557,0.64
2621,replay,4000,0.0748,1.000,0.0556,0.63
2622,es_step,4000,0.0432,1.000,0.0556,2.60
2623,es_step,4000,0.0453,1.000,0.0556,2.63
2624,replay,4000,0.1093,1.000,0.0556,0.64
2625,es_step,4000,0.0430,1.000,0.0556,2.61
2626,replay,4000,0.0607,1.000,0.0557,0.64
2627,replay,4000,0.1204,1.000,0.0556,0.64
2628,es_step,4000,0.0518,1.000,0.0557,2.61
2629,replay,4000,0.1313,1.000,0.0556,0.64
2630,es_step,4000,0.0594,1.000,0.0556,2.62
2631,replay,4000,0.0761,1.000,0.0556,0.64
2632,replay,4000,0.0900,1.000,0.0555,0.64
2633,es_step,4000,0.0701,1.000,0.0555,2.63
2634,replay,4000,0.1092,1.000,0.0555,0.64
2635,es_step,4000,0.0744,1.000,0.0555,2.61
2636,es_step,4000,0.0834,1.000,0.0555,2.62
2637,replay,4000,0.1269,1.000,0.0555,0.64
2638,replay,4000,0.1375,1.000,0.0557,0.64
2639,replay,4000,0.1301,1.000,0.0557,0.64
2640,replay,4000,-0.0041,1.000,0.0556,2.72
2641,es_step,4000,0.0460,1.000,0.0556,2.61
2642,replay,4000,0.0667,1.000,0.0555,0.64
2643,replay,4000,0.0947,1.000,0.0556,0.64
2644,es_step,4000,0.0644,1.000,0.0556,2.62
2645,replay,4000,0.1171,1.000,0.0557,0.64
2646,es_step,4000,0.0566,1.000,0.0557,2.63
2647,replay,4000,0.0962,1.000,0.0556,0.64
2648,replay,4000,0.1064,1.000,0.0556,0.64
2649,es_step,4000,0.0244,1.000,0.0556,2.63
2650,replay,4000,0.0402,1.000,0.0554,0.64
2651,replay,4000,0.0197,1.000,0.0552,0.64
2652,es_step,4000,0.0463,1.000,0.0552,2.62
2653,replay,4000,0.0812,1.000,0.0551,0.64
2654,replay,4000,0.0858,1.000,0.0551,0.64
2655,replay,4000,-0.0163,1.000,0.0548,0.64
2656,replay,4000,0.0806,1.000,0.0548,0.64
2657,replay,4000,0.1045,1.000,0.0548,0.64
2658,replay,4000,0.1344,1.000,0.0549,0.64
2659,es_step,4000,0.0744,1.000,0.0549,2.62
2660,replay,4000,0.1278,1.000,0.0550,0.65
2661,es_step,4000,0.0469,1.000,0.0550,2.64
2662,replay,4000,0.1003,1.000,0.0550,0.64
2663,es_step,4000,0.0264,1.000,0.0550,2.61
2664,replay,4000,0.0803,1.000,0.0549,0.64
2665,replay,4000,0.0819,1.000,0.0547,0.64
2666,replay,4000,0.0571,1.000,0.0546,0.63
2667,replay,4000,0.0643,1.000,0.0547,0.64
2668,es_step,4000,0.0511,1.000,0.0547,2.61
2669,es_step,4000,0.0506,1.000,0.0547,2.60
2670,replay,4000,0.0255,1.000,0.0547,0.63
2671,replay,4000,0.1565,1.000,0.0549,0.63
2672,replay,4000,0.1579,1.000,0.0550,0.63
2673,replay,4000,0.0909,1.000,0.0549,0.63
2674,replay,4000,0.0816,1.000,0.0547,0.63
2675,es_step,4000,0.0601,1.000,0.0547,2.60
2676,replay,4000,0.0815,1.000,0.0548,0.63
2677,replay,4000,0.0527,1.000,0.0548,0.64
2678,es_step,4000,0.0428,1.000,0.0548,2.61
2679,replay,4000,0.0539,1.000,0.0547,0.64
2680,replay,4000,0.0813,1.000,0.0547,0.64
2681,es_step,4000,0.0591,1.000,0.0547,2.61
2682,replay,4000,0.0773,1.000,0.0548,0.63
2683,replay,4000,0.0843,1.000,0.0549,0.63
2684,replay,4000,0.0589,1.000,0.0548,0.63
2685,replay,4000,0.0770,1.000,0.0548,0.63
2686,replay,4000,0.0987,1.000,0.0550,0.63
2687,es_step,4000,0.0940,1.000,0.0550,2.60
2688,replay,4000,0.1471,1.000,0.0552,0.63
2689,replay,4000,0.1398,1.000,0.0554,0.64
2690,replay,4000,0.1411,1.000,0.0554,0.64
2691,es_step,4000,0.0857,1.000,0.0554,2.62
2692,replay,4000,0.1443,1.000,0.0555,0.64
2693,replay,4000,0.1651,1.000,0.0556,0.64
2694,replay,4000,0.1178,1.000,0.0556,0.63
2695,replay,4000,0.0710,1.000,0.0555,0.63
2696,replay,4000,0.0158,1.000,0.0553,0.64
2697,replay,4000,0.0514,1.000,0.0552,0.64
2698,replay,4000,0.0769,1.000,0.0551,0.64
2699,es_step,4000,0.0511,1.000,0.0551,2.62
2700,replay,4000,0.0737,1.000,0.0551,0.64
2701,replay,4000,0.1254,1.000,0.0551,0.64
2702,replay,4000,0.1285,1.000,0.0552,0.64
2703,es_step,4000,0.0943,1.000,0.0552,2.60
2704,replay,4000,0.1274,1.000,0.0554,0.64
2705,replay,4000,0.0738,1.000,0.0554,0.64
2706,replay,4000,0.0635,1.000,0.0555,0.64
2707,es_step,4000,0.0204,1.000,0.0555,2.62
2708,replay,4000,0.0726,1.000,0.0553,0.65
2709,replay,4000,0.0173,1.000,0.0551,0.64
2710,es_step,4000,0.0486,1.000,0.0551,2.74
2711,replay,4000,0.0651,1.000,0.0551,0.64
2712,replay,4000,0.1283,1.000,0.0551,0.64
2713,es_step,4000,0.0602,1.000,0.0551,2.62
2714,replay,4000,0.0913,1.000,0.0551,0.64
2715,replay,4000,0.0813,1.000,0.0551,0.64
2716,es_step,4000,0.0249,1.000,0.0551,2.61
2717,replay,4000,0.0425,1.000,0.0550,0.63
2718,replay,4000,0.0692,1.000,0.0549,0.64
2719,replay,4000,0.0854,1.000,0.0549,0.64
2720,es_step,4000,0.0465,1.000,0.0549,2.62
2721,es_step,4000,0.0460,1.000,0.0549,2.62
2722,replay,4000,0.0687,1.000,0.0550,0.64
2723,replay,4000,0.0479,1.000,0.0549,0.64
2724,es_step,4000,0.0485,1.000,0.0549,2.63
2725,replay,4000,0.0707,1.000,0.0548,0.64
2726,es_step,4000,0.0630,1.000,0.0548,2.61
2727,replay,4000,0.0967,1.000,0.0548,0.63
2728,replay,4000,0.0934,1.000,0.0548,0.64
2729,replay,4000,0.0779,1.000,0.0548,0.63
2730,replay,4000,0.0639,1.000,0.0548,0.64
2731,replay,4000,0.0885,1.000,0.0548,0.64
2732,replay,4000,0.1043,1.000,0.0548,0.64
2733,replay,4000,0.0589,1.000,0.0548,0.64
2734,replay,4000,0.0968,1.000,0.0549,0.63
2735,es_step,4000,0.0656,1.000,0.0549,2.60
2736,replay,4000,0.0950,1.000,0.0550,0.63
2737,replay,4000,0.1300,1.000,0.0550,0.68
2738,es_step,4000,0.0937,1.000,0.0551,2.62
2739,replay,4000,0.1340,1.000,0.0553,0.64
2740,replay,4000,0.1143,1.000,0.0553,0.64
2741,replay,4000,0.1426,1.000,0.0554,0.64
2742,replay,4000,0.1122,1.000,0.0554,0.64
2743,replay,4000,0.0715,1.000,0.0553,0.65
2744,replay,4000,0.0373,1.000,0.0552,0.64
2745,replay,4000,0.0328,1.000,0.0550,0.64
2746,replay,4000,0.0720,1.000,0.0548,0.64
2747,replay,4000,0.0845,1.000,0.0550,0.65
2748,replay,4000,0.0919,1.000,0.0550,0.65
2749,replay,4000,0.1338,1.000,0.0551,0.64
2750,replay,4000,0.1506,1.000,0.0552,0.64
2751,es_step,4000,0.1062,1.000,0.0552,2.63
2752,replay,4000,0.1284,1.000,0.0555,0.64
2753,replay,4000,0.1277,1.000,0.0556,0.64
2754,replay,4000,0.1203,1.000,0.0556,0.64
2755,replay,4000,0.0931,1.000,0.0556,0.64
2756,replay,4000,0.0716,1.000,0.0555,0.64
2757,replay,4000,0.0540,1.000,0.0556,0.64
2758,es_step,4000,0.0470,1.000,0.0556,2.65
2759,replay,4000,0.0422,1.000,0.0554,0.64
2760,replay,4000,0.0805,1.000,0.0554,0.64
2761,replay,4000,0.0876,1.000,0.0554,0.64
2762,replay,4000,0.1107,1.000,0.0553,0.64
2763,replay,4000,0.1354,1.000,0.0554,0.64
2764,replay,4000,0.1237,1.000,0.0554,0.64
2765,replay,4000,0.1274,1.000,0.0556,0.64
2766,es_step,4000,0.0789,1.000,0.0556,2.63
2767,es_step,4000,0.0770,1.000,0.0556,2.62
2768,replay,4000,0.1139,1.000,0.0555,0.65
2769,es_step,4000,0.0544,1.000,0.0555,2.62
2770,replay,4000,0.0726,1.000,0.0553,0.64
2771,replay,4000,0.0568,1.000,0.0553,0.64
2772,replay,4000,0.0267,1.000,0.0551,0.64
2773,es_step,4000,0.0533,1.000,0.0552,2.63
2774,replay,4000,0.0747,1.000,0.0551,0.64
2775,replay,4000,0.0721,1.000,0.0549,0.65
2776,replay,4000,0.0485,1.000,0.0549,0.64
2777,replay,4000,0.0821,1.000,0.0548,0.64
2778,replay,4000,0.0963,1.000,0.0547,0.65
2779,replay,4000,0.0809,1.000,0.0548,0.64
2780,replay,4000,0.0921,1.000,0.0550,0.64
2781,replay,4000,0.0967,1.000,0.0550,0.64
2782,replay,4000,0.1208,1.000,0.0552,0.64
2783,replay,4000,0.1191,1.000,0.0553,0.64
2784,replay,4000,0.0329,1.000,0.0552,0.64
2785,replay,4000,0.1904,1.000,0.0555,0.63
2786,replay,4000,0.1835,1.000,0.0556,0.64
2787,replay,4000,0.1381,1.000,0.0559,0.64
2788,replay,4000,0.0677,1.000,0.0559,0.64
2789,replay,4000,0.0157,1.000,0.0556,0.64
2790,replay,4000,0.0960,1.000,0.0557,0.64
2791,replay,4000,0.1046,1.000,0.0559,0.64
2792,replay,4000,0.1611,1.000,0.0561,0.64
2793,replay,4000,0.1746,1.000,0.0561,0.64
2794,replay,4000,0.1311,1.000,0.0561,0.64
2795,replay,4000,0.1383,1.000,0.0562,0.64
2796,replay,4000,0.0932,1.000,0.0561,0.64
2797,replay,4000,0.0771,1.000,0.0561,0.64
2798,es_step,4000,0.0370,1.000,0.0561,2.62
2799,replay,4000,0.0659,1.000,0.0562,0.64
2800,replay,4000,0.0799,1.000,0.0562,0.64
2801,es_step,4000,0.0529,1.000,0.0562,2.61
2802,es_step,4000,0.0514,1.000,0.0562,2.60
2803,es_step,4000,0.0561,1.000,0.0562,2.59
2804,es_step,4000,0.0552,1.000,0.0562,2.59
2805,replay,4000,0.1134,1.000,0.0562,0.62
2806,es_step,4000,0.0622,1.000,0.0562,2.60
2807,replay,4000,0.1215,1.000,0.0562,0.64
2808,replay,4000,0.1055,1.000,0.0562,0.64
2809,replay,4000,0.1371,1.000,0.0563,0.64
2810,replay,4000,0.1346,1.000,0.0565,0.64
2811,replay,4000,0.1175,1.000,0.0566,0.64
2812,replay,4000,0.1130,1.000,0.0566,0.64
2813,es_step,4000,0.0561,1.000,0.0566,2.62
2814,es_step,4000,0.0574,1.000,0.0566,2.62
2815,replay,4000,0.0904,1.000,0.0567,0.64
2816,replay,4000,0.0696,1.000,0.0566,0.64
2817,replay,4000,0.0680,1.000,0.0565,0.63
2818,replay,4000,0.0771,1.000,0.0563,0.64
2819,replay,4000,0.0565,1.000,0.0562,0.64
2820,replay,4000,0.0355,1.000,0.0560,0.64
2821,replay,4000,0.0604,1.000,0.0560,0.64
2822,replay,4000,0.0998,1.000,0.0560,0.64
2823,replay,4000,0.0223,1.000,0.0560,0.64
2824,replay,4000,0.1165,1.000,0.0561,0.64
2825,replay,4000,0.1177,1.000,0.0561,0.63
2826,replay,4000,0.1076,1.000,0.0561,0.62
2827,replay,4000,0.1005,1.000,0.0561,0.62
2828,es_step,4000,0.0542,1.000,0.0561,2.58
2829,replay,4000,0.1131,1.000,0.0560,0.62
2830,replay,4000,0.0787,1.000,0.0560,0.62
2831,replay,4000,0.0770,1.000,0.0559,0.62
2832,replay,4000,0.0513,1.000,0.0557,0.63
2833,replay,4000,0.0505,1.000,0.0557,0.64
2834,replay,4000,0.0710,1.000,0.0556,0.63
2835,replay,4000,0.0763,1.000,0.0558,0.63
2836,replay,4000,0.0313,1.000,0.0557,0.63
2837,replay,4000,0.1079,1.000,0.0557,0.63
2838,replay,4000,0.2039,1.000,0.0561,0.63
2839,es_step,4000,0.1246,0.969,0.0572,2.60
2840,replay,4000,0.2118,1.000,0.0572,0.63
2841,replay,4000,0.1902,1.000,0.0575,0.62
2842,replay,4000,0.1694,1.000,0.0576,0.62
2843,replay,4000,0.1282,1.000,0.0578,0.62
2844,replay,4000,0.0784,1.000,0.0576,0.62
2845,replay,4000,0.1230,1.000,0.0576,0.62
2846,replay,4000,0.0887,1.000,0.0575,0.62
2847,replay,4000,0.1495,1.000,0.0578,0.62
2848,replay,4000,0.1717,1.000,0.0580,0.62
2849,replay,4000,0.1324,1.000,0.0580,0.62
2850,es_step,4000,0.0741,0.969,0.0580,2.61
2851,replay,4000,0.0840,1.000,0.0580,0.63
2852,replay,4000,0.0741,1.000,0.0579,0.63
2853,replay,4000,0.0653,1.000,0.0578,0.62
2854,es_step,4000,0.0308,1.000,0.0578,2.56
2855,replay,4000,0.0567,1.000,0.0577,0.62
2856,replay,4000,0.0038,1.000,0.0576,0.62
2857,replay,4000,0.0869,1.000,0.0576,0.62
2858,es_step,4000,0.0758,1.000,0.0576,2.58
2859,replay,4000,0.0396,1.000,0.0575,0.63
2860,replay,4000,0.0993,1.000,0.0575,0.63
2861,replay,4000,0.0945,1.000,0.0577,0.63
2862,replay,4000,0.0746,1.000,0.0578,0.63
2863,replay,4000,0.0669,1.000,0.0578,0.63
2864,replay,4000,0.0942,1.000,0.0577,0.63
2865,es_step,4000,0.0554,1.000,0.0577,2.59
2866,replay,4000,0.0858,1.000,0.0577,0.63
2867,replay,4000,0.0837,1.000,0.0577,0.63
2868,replay,4000,0.0950,1.000,0.0577,0.63
2869,replay,4000,0.0958,1.000,0.0576,0.63
2870,replay,4000,0.0955,1.000,0.0576,0.62
2871,replay,4000,0.0665,1.000,0.0575,0.62
2872,replay,4000,0.0691,1.000,0.0574,0.62
2873,replay,4000,0.0444,1.000,0.0573,0.62
2874,replay,4000,0.0594,1.000,0.0573,0.62
2875,replay,4000,0.0029,1.000,0.0572,0.62
2876,replay,4000,0.0706,1.000,0.0572,0.62
2877,es_step,4000,0.0859,1.000,0.0572,2.59
2878,replay,4000,0.0731,1.000,0.0572,0.63
2879,es_step,4000,0.0695,1.000,0.0572,4.77
2880,es_step,4000,0.0709,0.969,0.0572,2.61
2881,replay,4000,0.1276,1.000,0.0572,0.63
2882,replay,4000,0.0942,1.000,0.0571,0.64
2883,replay,4000,0.0204,1.000,0.0569,0.64
2884,replay,4000,0.0107,1.000,0.0567,0.63
2885,replay,4000,0.0365,1.000,0.0566,0.63
2886,es_step,4000,0.0575,1.000,0.0566,2.60
2887,replay,4000,0.1009,1.000,0.0566,0.63
2888,replay,4000,0.1050,1.000,0.0566,0.63
2889,replay,4000,0.0480,1.000,0.0565,0.63
2890,replay,4000,0.0183,1.000,0.0565,0.63
2891,es_step,4000,0.0032,1.000,0.0565,2.59
2892,replay,4000,0.0264,1.000,0.0563,0.63
2893,es_step,4000,0.0205,1.000,0.0563,2.60
2894,replay,4000,0.0404,1.000,0.0561,0.63
2895,replay,4000,0.0513,1.000,0.0560,0.63
2896,replay,4000,0.0213,1.000,0.0558,0.64
2897,replay,4000,0.0653,1.000,0.0557,0.64
2898,es_step,4000,0.0319,0.969,0.0557,2.62
2899,replay,4000,0.0402,1.000,0.0556,0.64
2900,replay,4000,0.0323,1.000,0.0555,0.63
2901,replay,4000,0.0650,1.000,0.0555,0.63
2902,replay,4000,0.0542,1.000,0.0554,0.62
2903,es_step,4000,0.0337,1.000,0.0554,2.57
2904,replay,4000,0.1113,1.000,0.0554,0.62
2905,es_step,4000,0.0404,0.969,0.0554,2.57
2906,replay,4000,0.0845,1.000,0.0554,0.62
2907,es_step,4000,0.0310,1.000,0.0554,2.59
2908,es_step,4000,0.0334,1.000,0.0554,2.61
2909,replay,4000,0.0720,1.000,0.0553,0.63
2910,es_step,4000,0.0154,1.000,0.0553,2.60
2911,replay,4000,0.0205,1.000,0.0551,0.63
2912,replay,4000,0.0565,1.000,0.0550,0.63
2913,replay,4000,0.0662,1.000,0.0550,0.63
2914,replay,4000,0.1016,1.000,0.0549,0.63
2915,replay,4000,0.1301,1.000,0.0550,0.63
2916,es_step,4000,0.0742,1.000,0.0550,2.61
2917,replay,4000,0.1598,1.000,0.0551,0.64
2918,es_step,4000,0.0633,1.000,0.0551,2.60
2919,replay,4000,0.1090,1.000,0.0553,0.63
2920,replay,4000,0.0765,1.000,0.0553,0.62
2921,es_step,4000,0.0409,1.000,0.0553,2.58
2922,replay,4000,0.0963,1.000,0.0552,0.62
2923,replay,4000,0.0799,1.000,0.0552,0.61
2924,replay,4000,0.0943,1.000,0.0553,0.62
2925,es_step,4000,0.0520,1.000,0.0553,2.56
2926,replay,4000,0.0924,1.000,0.0554,0.62
2927,replay,4000,0.0589,1.000,0.0552,0.63
2928,replay,4000,0.1033,1.000,0.0552,0.63
2929,replay,4000,0.1124,1.000,0.0552,0.63
2930,es_step,4000,0.0609,0.906,0.0552,2.59
2931,replay,4000,0.1227,1.000,0.0552,0.63
2932,replay,4000,0.0888,1.000,0.0553,0.63
2933,replay,4000,0.0751,1.000,0.0553,0.62
2934,replay,4000,0.0875,1.000,0.0552,0.62
2935,replay,4000,0.0992,1.000,0.0553,0.62
2936,replay,4000,0.1107,1.000,0.0554,0.62
2937,replay,4000,0.1188,1.000,0.0556,0.62
2938,replay,4000,0.1158,1.000,0.0556,0.62
2939,replay,4000,0.0968,1.000,0.0557,0.62
2940,replay,4000,0.1235,1.000,0.0557,0.62
2941,es_step,4000,0.0639,0.938,0.0557,2.59
2942,replay,4000,0.1181,1.000,0.0558,0.64
2943,es_step,4000,0.0703,0.938,0.0558,2.60
2944,replay,4000,0.1191,1.000,0.0559,0.62
2945,replay,4000,0.1444,1.000,0.0560,0.62
2946,replay,4000,0.1545,1.000,0.0560,0.62
2947,replay,4000,0.1171,1.000,0.0561,0.62
2948,replay,4000,0.1239,1.000,0.0561,0.62
2949,replay,4000,0.0923,1.000,0.0562,0.62
2950,replay,4000,0.1134,1.000,0.0563,0.62
2951,replay,4000,0.0767,1.000,0.0563,0.62
2952,replay,4000,0.0722,1.000,0.0562,0.62
2953,replay,4000,0.0639,1.000,0.0561,0.63
2954,replay,4000,0.0453,1.000,0.0560,0.63
2955,replay,4000,0.0472,1.000,0.0559,0.63
2956,replay,4000,0.0595,1.000,0.0558,0.64
2957,replay,4000,0.0576,1.000,0.0560,0.64
2958,es_step,4000,0.0633,0.938,0.0560,2.61
2959,es_step,4000,0.0642,0.969,0.0560,2.62
2960,replay,4000,0.1197,1.000,0.0560,0.64
2961,replay,4000,0.1298,1.000,0.0561,0.63
2962,replay,4000,0.1091,1.000,0.0561,0.64
2963,es_step,4000,0.0439,0.906,0.0561,2.62
2964,replay,4000,0.0673,1.000,0.0559,0.63
2965,replay,4000,0.0789,1.000,0.0559,0.63
2966,replay,4000,0.1071,1.000,0.0560,0.64
2967,replay,4000,0.1009,1.000,0.0559,0.63
2968,es_step,4000,0.0310,0.906,0.0559,2.59
2969,replay,4000,0.1018,1.000,0.0559,0.62
2970,replay,4000,0.1056,1.000,0.0558,0.62
2971,replay,4000,0.1203,1.000,0.0558,0.62
2972,es_step,4000,0.0731,0.906,0.0558,2.57
2973,replay,4000,0.1294,1.000,0.0558,0.62
2974,replay,4000,0.0955,1.000,0.0558,0.62
2975,es_step,4000,0.0420,0.875,0.0558,2.60
2976,es_step,4000,0.0405,0.906,0.0558,2.60
2977,replay,4000,0.0812,1.000,0.0557,0.64
2978,es_step,4000,0.0347,0.875,0.0557,2.60
2979,replay,4000,0.0546,1.000,0.0556,0.63
2980,es_step,4000,0.0322,0.969,0.0556,2.60
2981,replay,4000,0.0924,1.000,0.0555,0.63
2982,es_step,4000,0.0499,0.938,0.0555,2.57
2983,replay,4000,0.0841,1.000,0.0555,0.63
2984,replay,4000,0.1112,1.000,0.0555,0.66
2985,replay,4000,-0.0480,1.000,0.0554,0.62
2986,replay,4000,0.1439,1.000,0.0555,0.62
2987,es_step,4000,0.0988,0.875,0.0558,2.58
2988,replay,4000,0.1536,1.000,0.0559,0.63
2989,replay,4000,0.1340,1.000,0.0560,0.62
2990,es_step,4000,0.0879,0.938,0.0560,2.57
2991,replay,4000,0.1306,1.000,0.0560,0.62
2992,replay,4000,0.1300,1.000,0.0561,0.62
2993,replay,4000,0.0813,1.000,0.0560,0.63
2994,replay,4000,0.0379,1.000,0.0559,0.62
2995,replay,4000,0.0381,1.000,0.0558,0.62
2996,es_step,4000,0.0404,0.906,0.0558,2.58
2997,es_step,4000,0.0344,0.906,0.0558,2.61
2998,replay,4000,0.0758,1.000,0.0557,0.64
2999,replay,4000,0.0755,1.000,0.0557,0.63
3000,es_step,4000,0.0554,0.938,0.0557,2.61
3001,replay,4000,0.0793,1.000,0.0557,0.64
3002,es_step,4000,0.0510,0.875,0.0557,2.62
3003,es_step,4000,0.0542,0.875,0.0557,2.62
3004,es_step,4000,0.0573,0.875,0.0557,2.62
3005,es_step,4000,0.0543,0.875,0.0557,2.61
3006,replay,4000,0.0806,1.000,0.0557,0.64
3007,replay,4000,0.0933,1.000,0.0557,0.63
3008,replay,4000,0.0871,1.000,0.0557,0.63
3009,es_step,4000,0.0395,0.969,0.0557,2.62
3010,replay,4000,0.0632,1.000,0.0556,0.63
3011,es_step,4000,0.0443,0.938,0.0556,2.60
3012,replay,4000,0.0551,1.000,0.0555,0.64
3013,replay,4000,0.0783,1.000,0.0556,0.63
3014,replay,4000,0.0947,1.000,0.0556,0.63
3015,es_step,4000,0.0493,1.000,0.0556,2.61
3016,replay,4000,0.1104,1.000,0.0556,0.64
3017,replay,4000,0.0776,1.000,0.0555,0.64
3018,es_step,4000,0.0028,0.906,0.0555,2.62
3019,replay,4000,0.0516,1.000,0.0553,0.64
3020,replay,4000,0.0392,1.000,0.0551,0.64
3021,es_step,4000,0.0481,1.000,0.0551,2.62
3022,replay,4000,0.0701,1.000,0.0552,0.64
3023,es_step,4000,0.0687,0.969,0.0552,2.62
3024,replay,4000,0.0537,1.000,0.0552,0.64
3025,replay,4000,0.0956,1.000,0.0552,0.64
3026,replay,4000,0.0860,1.000,0.0553,0.64
3027,replay,4000,0.0684,1.000,0.0552,0.64
3028,replay,4000,0.0548,1.000,0.0551,0.64
3029,replay,4000,0.0595,1.000,0.0550,0.64
3030,replay,4000,0.0854,1.000,0.0550,0.64
3031,replay,4000,0.0579,1.000,0.0549,0.64
3032,replay,4000,0.0552,1.000,0.0549,0.64
3033,es_step,4000,0.0228,0.969,0.0549,2.62
3034,replay,4000,0.0705,1.000,0.0547,0.64
3035,replay,4000,0.1020,1.000,0.0548,0.64
3036,replay,4000,0.1292,1.000,0.0549,0.64
3037,replay,4000,0.1105,1.000,0.0549,0.63
3038,replay,4000,0.0918,1.000,0.0549,0.63
3039,replay,4000,0.0687,1.000,0.0549,0.62
3040,replay,4000,0.0712,1.000,0.0548,0.62
3041,replay,4000,0.0217,1.000,0.0547,0.62
3042,replay,4000,0.0770,1.000,0.0546,0.62
3043,replay,4000,0.1471,1.000,0.0546,0.62
3044,replay,4000,0.1349,1.000,0.0548,0.62
3045,es_step,4000,0.0636,1.000,0.0548,2.57
3046,replay,4000,0.1269,1.000,0.0548,0.63
3047,replay,4000,0.0671,1.000,0.0547,0.64
3048,replay,4000,0.1156,1.000,0.0547,0.63
3049,replay,4000,0.0832,1.000,0.0546,0.63
3050,es_step,4000,0.0280,1.000,0.0546,2.61
3051,replay,4000,0.0725,1.000,0.0546,0.63
3052,replay,4000,0.0293,1.000,0.0544,0.62
3053,replay,4000,0.0395,1.000,0.0541,0.62
3054,replay,4000,0.0689,1.000,0.0541,0.62
3055,replay,4000,0.0994,1.000,0.0541,0.62
3056,replay,4000,0.1087,1.000,0.0542,0.62
3057,replay,4000,0.0339,1.000,0.0542,0.62
3058,replay,4000,0.1247,1.000,0.0543,0.62
3059,replay,4000,0.1333,1.000,0.0544,0.62
3060,replay,4000,0.1607,1.000,0.0544,0.63
3061,replay,4000,0.1112,1.000,0.0544,0.63
3062,replay,4000,0.0487,1.000,0.0542,0.64
3063,replay,4000,0.0360,1.000,0.0543,0.64
3064,replay,4000,0.0339,1.000,0.0542,0.64
3065,replay,4000,0.0534,1.000,0.0542,0.64
3066,replay,4000,0.0970,1.000,0.0542,0.64
3067,replay,4000,0.0804,1.000,0.0542,0.64
3068,replay,4000,0.0989,1.000,0.0541,0.64
3069,replay,4000,0.0366,1.000,0.0539,0.64
3070,es_step,4000,0.0066,1.000,0.0539,2.61
3071,replay,4000,0.0138,1.000,0.0537,0.64
3072,replay,4000,0.0292,1.000,0.0536,0.64
3073,replay,4000,0.0547,1.000,0.0536,0.64
3074,replay,4000,0.0645,1.000,0.0537,0.64
3075,replay,4000,0.1350,1.000,0.0537,0.64
3076,replay,4000,0.1582,1.000,0.0539,0.64
3077,replay,4000,0.1348,1.000,0.0540,0.64
3078,replay,4000,0.0791,1.000,0.0540,0.64
3079,replay,4000,0.0250,1.000,0.0539,0.64
3080,replay,4000,0.0542,1.000,0.0539,0.64
3081,es_step,4000,0.0802,1.000,0.0539,2.63
3082,replay,4000,0.1305,1.000,0.0540,0.64
3083,replay,4000,0.1420,1.000,0.0540,0.64
3084,replay,4000,0.0981,1.000,0.0540,0.64
3085,es_step,4000,0.0516,1.000,0.0540,2.62
3086,replay,4000,0.0793,1.000,0.0540,0.64
3087,es_step,4000,0.0545,0.969,0.0540,2.63
3088,replay,4000,0.1193,1.000,0.0540,0.64
3089,replay,4000,0.1536,1.000,0.0541,0.64
3090,replay,4000,0.1311,1.000,0.0542,0.64
3091,replay,4000,0.1230,1.000,0.0542,0.64
3092,es_step,4000,0.0721,0.938,0.0543,2.62
3093,replay,4000,0.1228,1.000,0.0543,0.63
3094,replay,4000,0.0832,1.000,0.0543,0.62
3095,replay,4000,0.0694,1.000,0.0542,0.62
3096,replay,4000,0.0709,1.000,0.0542,0.62
3097,replay,4000,0.0801,1.000,0.0541,0.62
3098,replay,4000,-0.0241,1.000,0.0540,0.62
3099,replay,4000,0.1210,1.000,0.0540,0.62
3100,replay,4000,0.1627,1.000,0.0541,0.62
3101,replay,4000,0.1462,1.000,0.0541,0.62
3102,replay,4000,0.0966,1.000,0.0541,0.63
3103,replay,4000,0.0967,1.000,0.0540,0.63
3104,es_step,4000,0.0534,1.000,0.0540,2.62
3105,replay,4000,0.0768,1.000,0.0540,0.65
3106,replay,4000,0.0388,1.000,0.0539,0.64
3107,replay,4000,0.0535,1.000,0.0538,0.64
3108,replay,4000,0.0304,1.000,0.0536,0.64
3109,replay,4000,0.0786,1.000,0.0535,0.64
3110,replay,4000,0.0843,1.000,0.0536,0.64
3111,replay,4000,0.0599,1.000,0.0535,0.64
3112,replay,4000,0.0942,1.000,0.0535,0.65
3113,es_step,4000,0.0736,1.000,0.0535,4.91
3114,replay,4000,0.1065,1.000,0.0536,0.64
3115,replay,4000,0.0959,1.000,0.0536,0.64
3116,es_step,4000,0.0307,0.969,0.0536,2.62
3117,es_step,4000,0.0303,0.969,0.0536,2.61
3118,replay,4000,0.0719,1.000,0.0536,0.64
3119,replay,4000,0.0783,1.000,0.0534,0.64
3120,replay,4000,0.0605,1.000,0.0533,0.64
3121,replay,4000,0.0766,1.000,0.0533,0.64
3122,replay,4000,0.1071,1.000,0.0534,0.65
3123,es_step,4000,0.0504,1.000,0.0534,2.63
3124,replay,4000,0.1007,1.000,0.0533,0.64
3125,replay,4000,0.0993,1.000,0.0533,0.65
3126,replay,4000,0.0595,1.000,0.0533,0.66
3127,es_step,4000,0.0598,0.938,0.0533,2.69
3128,replay,4000,0.0854,1.000,0.0533,0.66
3129,replay,4000,0.1056,1.000,0.0534,0.66
3130,es_step,4000,0.0727,0.969,0.0534,2.71
3131,replay,4000,0.1325,1.000,0.0534,0.66
3132,replay,4000,0.1204,1.000,0.0534,0.66
3133,replay,4000,0.0970,1.000,0.0534,0.66
3134,es_step,4000,0.0181,1.000,0.0534,2.69
3135,replay,4000,0.0542,1.000,0.0532,0.66
3136,replay,4000,0.0872,1.000,0.0531,0.66
3137,replay,4000,0.0894,1.000,0.0531,0.67
3138,replay,4000,0.1014,1.000,0.0531,0.66
3139,replay,4000,0.1065,1.000,0.0531,0.66
3140,replay,4000,0.0831,1.000,0.0531,0.66
3141,replay,4000,0.1057,1.000,0.0532,0.66
3142,es_step,4000,0.0538,1.000,0.0532,2.73
3143,replay,4000,0.0953,1.000,0.0531,0.65
3144,replay,4000,0.0618,1.000,0.0530,0.65
3145,replay,4000,0.0285,1.000,0.0528,0.66
3146,replay,4000,0.0277,1.000,0.0526,0.65
3147,replay,4000,0.0634,1.000,0.0526,0.65
3148,replay,4000,0.1419,1.000,0.0527,0.65
3149,replay,4000,0.1464,1.000,0.0528,0.65
3150,replay,4000,0.1541,1.000,0.0530,0.65
3151,replay,4000,0.1684,1.000,0.0530,0.65
3152,es_step,4000,0.0987,1.000,0.0535,2.70
3153,replay,4000,0.1422,1.000,0.0536,0.65
3154,replay,4000,0.1147,1.000,0.0539,0.65
3155,replay,4000,0.0442,1.000,0.0538,0.65
3156,replay,4000,0.0744,1.000,0.0537,0.66
3157,replay,4000,0.0723,1.000,0.0538,0.66
3158,replay,4000,0.0542,1.000,0.0538,0.66
3159,replay,4000,0.0762,1.000,0.0537,0.66
3160,replay,4000,0.0640,1.000,0.0537,0.66
3161,replay,4000,0.0473,1.000,0.0536,0.66
3162,replay,4000,0.0195,1.000,0.0535,0.67
3163,replay,4000,0.0364,1.000,0.0535,0.66
3164,replay,4000,0.0341,1.000,0.0535,0.66
3165,replay,4000,0.0576,1.000,0.0534,0.66
3166,es_step,4000,0.0350,1.000,0.0534,2.72
3167,replay,4000,0.0734,1.000,0.0533,0.66
3168,replay,4000,0.0641,1.000,0.0533,0.67
3169,es_step,4000,0.0281,1.000,0.0533,2.71
3170,replay,4000,0.0441,1.000,0.0532,0.66
3171,replay,4000,0.0917,1.000,0.0532,0.66
3172,replay,4000,0.0540,1.000,0.0532,0.66
3173,es_step,4000,0.0341,1.000,0.0532,2.70
3174,replay,4000,0.0326,1.000,0.0532,0.66
3175,es_step,4000,0.0713,1.000,0.0532,2.71
3176,replay,4000,0.1345,1.000,0.0533,0.66
3177,replay,4000,0.1934,1.000,0.0536,0.66
3178,replay,4000,0.2253,1.000,0.0539,0.66
3179,replay,4000,0.1652,1.000,0.0540,0.66
3180,replay,4000,0.1381,1.000,0.0540,0.66
3181,replay,4000,0.1058,1.000,0.0540,0.66
3182,replay,4000,0.1318,1.000,0.0541,0.66
3183,replay,4000,0.0771,1.000,0.0541,0.66
3184,replay,4000,0.0680,1.000,0.0539,0.66
3185,replay,4000,0.0547,1.000,0.0538,0.66
3186,replay,4000,0.0172,1.000,0.0538,0.66
3187,replay,4000,0.1090,1.000,0.0539,0.66
3188,replay,4000,0.1996,1.000,0.0541,0.67
3189,es_step,4000,0.1013,1.000,0.0544,2.71
3190,es_step,4000,0.1042,1.000,0.0546,2.71
3191,es_step,4000,0.1029,1.000,0.0547,2.69
3192,replay,4000,0.1785,1.000,0.0549,0.65
3193,es_step,4000,0.0825,0.969,0.0549,2.69
3194,es_step,4000,0.0821,1.000,0.0549,2.71
3195,replay,4000,0.1706,1.000,0.0550,0.66
3196,es_step,4000,0.0841,0.938,0.0550,2.71
3197,es_step,4000,0.0848,1.000,0.0550,2.69
3198,replay,4000,0.1288,1.000,0.0550,0.66
3199,replay,4000,0.0955,1.000,0.0551,0.66
3200,replay,4000,0.0924,1.000,0.0550,0.65
3201,replay,4000,0.0913,1.000,0.0551,0.66
3202,replay,4000,0.0877,1.000,0.0550,0.66
3203,es_step,4000,0.0601,0.969,0.0550,2.69
3204,replay,4000,0.1083,1.000,0.0550,0.66
3205,replay,4000,0.1263,1.000,0.0551,0.66
3206,es_step,4000,0.0813,1.000,0.0551,2.69
3207,replay,4000,0.1110,1.000,0.0551,0.66
3208,replay,4000,0.0726,1.000,0.0551,0.66
3209,replay,4000,0.0554,1.000,0.0549,0.67
3210,replay,4000,0.0591,1.000,0.0549,0.66
3211,replay,4000,0.1548,1.000,0.0551,0.67
3212,es_step,4000,0.1165,1.000,0.0558,2.73
3213,replay,4000,0.1634,1.000,0.0561,0.66
3214,replay,4000,0.1359,1.000,0.0561,0.66
3215,replay,4000,0.0951,1.000,0.0561,0.66
3216,replay,4000,0.0721,1.000,0.0561,0.66
3217,replay,4000,0.0513,1.000,0.0559,0.66
3218,replay,4000,0.1188,1.000,0.0559,0.66
3219,es_step,4000,0.0619,1.000,0.0559,2.71
3220,replay,4000,0.0820,1.000,0.0560,0.66
3221,replay,4000,0.0713,1.000,0.0561,0.66
3222,replay,4000,0.0687,1.000,0.0561,0.66
3223,es_step,4000,0.0291,0.969,0.0561,2.71
3224,replay,4000,-0.1410,1.000,0.0560,0.66
3225,replay,4000,-0.0147,1.000,0.0560,0.67
3226,replay,4000,0.2535,1.000,0.0562,0.66
3227,es_step,4000,0.1219,1.000,0.0570,2.70
3228,replay,4000,0.2065,1.000,0.0571,0.66
3229,es_step,4000,0.0909,1.000,0.0571,2.69
3230,es_step,4000,0.0866,1.000,0.0571,2.69
3231,replay,4000,0.1442,1.000,0.0571,0.66
3232,replay,4000,0.0933,1.000,0.0571,0.66
3233,replay,4000,0.0692,1.000,0.0571,0.66
3234,es_step,4000,0.0335,1.000,0.0571,2.69
3235,replay,4000,0.1279,1.000,0.0570,0.66
3236,replay,4000,0.0934,1.000,0.0570,0.66
3237,replay,4000,0.0804,1.000,0.0571,0.66
3238,replay,4000,0.1093,1.000,0.0573,0.66
3239,replay,4000,0.1269,1.000,0.0575,0.67
3240,es_step,4000,0.0633,1.000,0.0576,2.70
3241,replay,4000,0.1425,1.000,0.0576,0.65
3242,replay,4000,0.1204,1.000,0.0579,0.66
3243,replay,4000,0.1004,1.000,0.0578,0.65
3244,replay,4000,0.0457,1.000,0.0577,0.66
3245,replay,4000,0.0079,1.000,0.0574,0.66
3246,replay,4000,0.0188,1.000,0.0572,0.66
3247,replay,4000,0.0873,1.000,0.0573,0.66
3248,es_step,4000,0.0796,1.000,0.0573,2.71
3249,replay,4000,0.0960,1.000,0.0573,0.66
3250,replay,4000,0.0807,1.000,0.0573,0.66
3251,es_step,4000,0.0366,1.000,0.0573,2.71
3252,replay,4000,0.0420,1.000,0.0572,0.67
3253,replay,4000,0.0096,1.000,0.0570,0.67
3254,replay,4000,0.0345,1.000,0.0569,0.67
3255,replay,4000,0.0552,1.000,0.0568,0.66
3256,es_step,4000,0.0544,1.000,0.0568,2.71
3257,replay,4000,0.0535,1.000,0.0567,0.66
3258,es_step,4000,0.0575,1.000,0.0567,2.71
3259,replay,4000,0.0656,1.000,0.0568,0.66
3260,es_step,4000,0.0471,1.000,0.0568,2.77
3261,replay,4000,0.0654,1.000,0.0568,0.65
3262,replay,4000,0.0372,1.000,0.0567,0.66
3263,replay,4000,0.0508,1.000,0.0566,0.66
3264,replay,4000,0.0463,1.000,0.0565,0.66
3265,replay,4000,0.0565,1.000,0.0564,0.66
3266,replay,4000,0.0126,1.000,0.0562,0.66
3267,es_step,4000,0.0429,1.000,0.0562,2.72
3268,replay,4000,0.0745,1.000,0.0562,0.67
3269,replay,4000,0.0872,1.000,0.0561,0.66
3270,es_step,4000,0.0583,1.000,0.0561,2.72
3271,replay,4000,0.0708,1.000,0.0562,0.65
3272,replay,4000,0.1113,1.000,0.0562,0.66
3273,es_step,4000,0.0818,0.969,0.0562,2.68
3274,replay,4000,0.1360,1.000,0.0563,0.66
3275,replay,4000,0.1507,1.000,0.0566,0.66
3276,replay,4000,0.1452,1.000,0.0565,0.66
3277,replay,4000,0.1221,1.000,0.0566,0.67
3278,replay,4000,0.0977,1.000,0.0566,0.66
3279,replay,4000,0.1608,1.000,0.0568,0.67
3280,es_step,4000,0.1181,1.000,0.0571,2.71
3281,replay,4000,0.1666,1.000,0.0574,0.66
3282,replay,4000,0.1418,1.000,0.0577,0.66
3283,replay,4000,0.0708,1.000,0.0577,0.66
3284,replay,4000,0.1294,1.000,0.0578,0.66
3285,replay,4000,0.1055,1.000,0.0579,0.66
3286,es_step,4000,0.0495,1.000,0.0579,2.71
3287,replay,4000,0.0908,1.000,0.0579,0.66
3288,replay,4000,0.0976,1.000,0.0579,0.66
3289,replay,4000,0.0796,1.000,0.0578,0.66
3290,replay,4000,0.0713,1.000,0.0577,0.66
3291,replay,4000,0.0627,1.000,0.0576,0.66
3292,replay,4000,0.0685,1.000,0.0575,0.66
3293,replay,4000,0.0656,1.000,0.0575,0.66
3294,replay,4000,0.0884,1.000,0.0575,0.66
3295,replay,4000,0.0470,1.000,0.0575,0.66
3296,replay,4000,0.0904,1.000,0.0576,0.65
3297,replay,4000,0.0959,1.000,0.0577,0.66
3298,replay,4000,0.1033,1.000,0.0577,0.66
3299,replay,4000,0.0865,1.000,0.0576,0.66
3300,es_step,4000,0.0454,1.000,0.0576,2.71
3301,replay,4000,0.0532,1.000,0.0575,0.66
3302,replay,4000,0.0691,1.000,0.0575,0.66
3303,es_step,4000,0.0528,1.000,0.0575,2.70
3304,replay,4000,0.0840,1.000,0.0575,0.66
3305,es_step,4000,0.0492,1.000,0.0575,2.71
3306,replay,4000,0.1149,1.000,0.0575,0.66
3307,replay,4000,0.1249,1.000,0.0575,0.66
3308,replay,4000,0.0967,1.000,0.0573,0.66
3309,replay,4000,0.1353,1.000,0.0573,0.66
3310,replay,4000,0.1129,1.000,0.0574,0.66
3311,replay,4000,0.0914,1.000,0.0573,0.66
3312,replay,4000,0.0591,1.000,0.0572,0.66
3313,replay,4000,0.0496,1.000,0.0572,0.66
3314,replay,4000,0.0211,1.000,0.0571,0.65
3315,replay,4000,0.0579,1.000,0.0569,0.66
3316,replay,4000,0.0785,1.000,0.0569,0.66
3317,replay,4000,0.0411,1.000,0.0568,0.66
3318,replay,4000,-0.0567,1.000,0.0567,0.66
3319,replay,4000,0.1085,1.000,0.0568,0.66
3320,es_step,4000,0.1254,1.000,0.0577,2.70
3321,replay,4000,0.1738,1.000,0.0579,0.66
3322,replay,4000,0.1615,1.000,0.0582,0.66
3323,replay,4000,0.1244,1.000,0.0582,0.66
3324,replay,4000,0.0702,1.000,0.0581,0.67
3325,replay,4000,0.0314,1.000,0.0579,0.67
3326,replay,4000,0.0463,1.000,0.0578,0.67
3327,replay,4000,0.0489,1.000,0.0577,0.66
3328,replay,4000,0.0603,1.000,0.0577,0.67
3329,replay,4000,0.0819,1.000,0.0578,0.67
3330,replay,4000,0.0574,1.000,0.0577,0.66
3331,replay,4000,0.0581,1.000,0.0577,0.67
3332,es_step,4000,0.0458,1.000,0.0577,2.72
3333,replay,4000,0.0644,1.000,0.0576,0.67
3334,replay,4000,0.0648,1.000,0.0576,0.66
3335,replay,4000,0.0612,1.000,0.0575,0.66
3336,replay,4000,-0.0186,1.000,0.0573,0.66
3337,es_step,4000,0.0617,1.000,0.0573,2.70
3338,replay,4000,0.0832,1.000,0.0574,0.65
3339,replay,4000,0.1146,1.000,0.0575,0.66
3340,es_step,4000,0.1004,1.000,0.0576,2.69
3341,replay,4000,0.1453,1.000,0.0577,0.66
3342,replay,4000,0.1410,1.000,0.0578,0.66
3343,replay,4000,0.0984,1.000,0.0578,0.66
3344,replay,4000,0.0488,1.000,0.0576,0.66
3345,replay,4000,-0.0016,1.000,0.0573,0.66
3346,es_step,4000,-0.0042,1.000,0.0573,2.70
3347,replay,4000,0.0062,1.000,0.0570,0.66
3348,es_step,4000,0.0340,1.000,0.0570,2.70
3349,replay,4000,0.0637,1.000,0.0570,0.66
3350,es_step,4000,0.0638,1.000,0.0570,2.69
3351,es_step,4000,0.0699,1.000,0.0570,2.67
3352,replay,4000,0.0716,1.000,0.0570,0.65
3353,replay,4000,0.0751,1.000,0.0570,0.66
3354,replay,4000,0.1059,1.000,0.0570,0.66
3355,replay,4000,0.1325,1.000,0.0570,0.66
3356,replay,4000,0.1182,1.000,0.0572,0.66
3357,replay,4000,0.1419,1.000,0.0576,0.66
3358,replay,4000,0.1396,1.000,0.0577,0.66
3359,replay,4000,0.1626,1.000,0.0579,0.66
3360,replay,4000,0.1609,1.000,0.0580,0.66
3361,replay,4000,0.1521,1.000,0.0582,0.66
3362,replay,4000,0.1522,1.000,0.0584,0.66
3363,replay,4000,0.1498,1.000,0.0585,0.66
3364,es_step,4000,0.0912,1.000,0.0585,2.70
3365,replay,4000,0.1503,1.000,0.0586,0.66
3366,replay,4000,0.1157,1.000,0.0586,0.66
3367,es_step,4000,0.0649,1.000,0.0586,2.69
3368,replay,4000,0.0966,1.000,0.0586,0.65
3369,replay,4000,0.0588,1.000,0.0585,0.66
3370,replay,4000,0.0427,1.000,0.0583,0.66
3371,replay,4000,0.0531,1.000,0.0581,2.95
3372,replay,4000,0.0523,1.000,0.0579,0.67
3373,replay,4000,0.0692,1.000,0.0578,0.67
3374,replay,4000,0.0582,1.000,0.0577,0.67
3375,replay,4000,0.0928,1.000,0.0577,0.67
3376,replay,4000,0.0960,1.000,0.0578,0.67
3377,replay,4000,0.0745,1.000,0.0577,0.66
3378,replay,4000,0.0863,1.000,0.0577,0.66
3379,replay,4000,0.0764,1.000,0.0577,0.67
3380,replay,4000,0.0894,1.000,0.0577,0.66
3381,replay,4000,0.0836,1.000,0.0576,0.67
3382,es_step,4000,0.0330,1.000,0.0576,2.73
3383,replay,4000,0.0710,1.000,0.0576,0.67
3384,replay,4000,0.0952,1.000,0.0575,0.67
3385,es_step,4000,0.0360,1.000,0.0575,2.73
3386,replay,4000,0.0409,1.000,0.0575,0.66
3387,replay,4000,0.0765,1.000,0.0574,0.66
3388,replay,4000,0.0433,1.000,0.0573,0.66
3389,replay,4000,0.0492,1.000,0.0574,0.66
3390,replay,4000,0.0656,1.000,0.0573,0.66
3391,replay,4000,0.0412,1.000,0.0571,0.66
3392,es_step,4000,0.0129,1.000,0.0571,2.71
3393,replay,4000,0.0164,1.000,0.0570,0.66
3394,replay,4000,0.0358,1.000,0.0568,0.66
3395,replay,4000,0.0346,1.000,0.0568,0.66
3396,replay,4000,0.0879,1.000,0.0568,0.66
3397,replay,4000,0.0333,1.000,0.0565,0.66
3398,es_step,4000,0.0739,1.000,0.0565,2.71
3399,replay,4000,0.0774,1.000,0.0565,0.66
3400,replay,4000,0.1462,1.000,0.0565,0.66
3401,es_step,4000,0.0871,1.000,0.0566,2.71
3402,replay,4000,0.1266,1.000,0.0566,0.66
3403,replay,4000,0.1162,1.000,0.0566,0.67
3404,es_step,4000,0.0571,1.000,0.0566,2.71
3405,replay,4000,0.0928,1.000,0.0566,0.66
3406,es_step,4000,0.0546,1.000,0.0566,2.75
3407,es_step,4000,0.0558,1.000,0.0566,2.72
3408,es_step,4000,0.0574,1.000,0.0566,2.72
3409,replay,4000,0.0817,1.000,0.0564,0.67
3410,replay,4000,0.1051,1.000,0.0565,0.66
3411,replay,4000,0.0889,1.000,0.0565,0.66
3412,replay,4000,0.1288,1.000,0.0565,0.67
3413,replay,4000,0.1162,1.000,0.0565,0.66
3414,replay,4000,0.0917,1.000,0.0566,0.66
3415,replay,4000,0.0460,1.000,0.0565,0.66
3416,replay,4000,0.0646,1.000,0.0564,0.66
3417,replay,4000,0.0605,1.000,0.0564,0.66
3418,es_step,4000,0.0071,1.000,0.0564,2.71
3419,replay,4000,0.0138,1.000,0.0562,0.67
3420,replay,4000,0.0492,1.000,0.0560,0.67
3421,replay,4000,0.0618,1.000,0.0559,0.67
3422,replay,4000,0.0990,1.000,0.0559,0.66
3423,replay,4000,0.0936,1.000,0.0558,0.66
3424,replay,4000,0.0678,1.000,0.0558,0.66
3425,es_step,4000,0.0549,1.000,0.0558,2.70
3426,replay,4000,0.1085,1.000,0.0558,0.66
3427,replay,4000,0.0978,1.000,0.0558,0.66
3428,replay,4000,0.0982,1.000,0.0559,0.67
3429,es_step,4000,0.0546,1.000,0.0559,2.74
3430,replay,4000,0.1237,1.000,0.0559,0.66
3431,es_step,4000,0.0637,1.000,0.0559,2.70
3432,replay,4000,0.1446,1.000,0.0560,0.66
3433,replay,4000,0.1408,1.000,0.0561,0.67
3434,replay,4000,0.1162,1.000,0.0561,0.66
3435,replay,4000,0.0977,1.000,0.0561,0.66
3436,replay,4000,0.0852,1.000,0.0561,0.67
3437,replay,4000,0.0958,1.000,0.0560,0.66
3438,es_step,4000,0.0815,0.969,0.0561,2.72
3439,es_step,4000,0.0775,1.000,0.0561,2.73
3440,es_step,4000,0.0760,1.000,0.0561,2.71
3441,replay,4000,0.1297,1.000,0.0562,0.67
3442,es_step,4000,0.1077,1.000,0.0566,2.72
3443,replay,4000,0.1587,1.000,0.0569,0.66
3444,replay,4000,0.1693,1.000,0.0570,0.66
3445,replay,4000,0.1000,1.000,0.0570,0.66
3446,replay,4000,0.0616,1.000,0.0569,0.66
3447,replay,4000,-0.0311,1.000,0.0569,0.66
3448,replay,4000,0.0742,1.000,0.0567,0.66
3449,es_step,4000,0.1035,1.000,0.0575,2.69
3450,es_step,4000,0.1072,1.000,0.0578,2.69
3451,replay,4000,0.1640,1.000,0.0579,0.66
3452,replay,4000,0.1710,1.000,0.0580,0.66
3453,replay,4000,0.0969,1.000,0.0579,0.66
3454,replay,4000,0.0127,1.000,0.0579,0.66
3455,replay,4000,0.0114,1.000,0.0576,0.66
3456,replay,4000,0.0297,1.000,0.0575,0.66
3457,replay,4000,0.0527,1.000,0.0575,0.67
3458,replay,4000,0.0658,1.000,0.0574,0.67
3459,replay,4000,0.0684,1.000,0.0574,0.67
3460,replay,4000,0.1467,1.000,0.0574,0.67
3461,replay,4000,0.1399,1.000,0.0574,0.67
3462,es_step,4000,0.0557,1.000,0.0574,2.72
3463,replay,4000,0.1486,1.000,0.0574,0.66
3464,replay,4000,0.1601,1.000,0.0574,0.66
3465,replay,4000,0.1071,1.000,0.0574,0.67
3466,replay,4000,0.0439,1.000,0.0573,0.67
3467,replay,4000,0.0351,1.000,0.0572,0.67
3468,replay,4000,0.0526,1.000,0.0571,0.67
3469,replay,4000,0.0573,1.000,0.0570,0.67
3470,replay,4000,0.0465,1.000,0.0569,0.67
3471,replay,4000,0.0404,1.000,0.0568,0.67
3472,replay,4000,0.0581,1.000,0.0567,0.67
3473,replay,4000,0.0521,1.000,0.0566,0.67
3474,replay,4000,0.1089,1.000,0.0567,0.67
3475,replay,4000,0.1217,1.000,0.0567,0.67
3476,replay,4000,0.1099,1.000,0.0568,0.67
3477,replay,4000,0.1323,1.000,0.0569,0.67
3478,replay,4000,0.1181,1.000,0.0570,0.67
3479,replay,4000,0.0885,1.000,0.0570,0.67
3480,replay,4000,0.0102,1.000,0.0567,0.67
3481,es_step,4000,0.0311,1.000,0.0567,2.75
3482,replay,4000,0.1006,1.000,0.0568,0.67
3483,es_step,4000,0.0515,1.000,0.0568,2.75
3484,es_step,4000,0.0483,1.000,0.0568,2.75
3485,replay,4000,0.0529,1.000,0.0567,0.66
3486,replay,4000,0.0557,1.000,0.0567,0.67
3487,replay,4000,0.0673,1.000,0.0567,0.67
3488,replay,4000,0.0786,1.000,0.0569,0.67
3489,replay,4000,0.0996,1.000,0.0569,0.67
3490,replay,4000,0.1384,1.000,0.0570,0.67
3491,replay,4000,0.1182,1.000,0.0569,0.67
3492,replay,4000,0.1455,1.000,0.0569,0.67
3493,replay,4000,0.1212,1.000,0.0570,0.67
3494,replay,4000,0.0918,1.000,0.0570,0.67
3495,replay,4000,0.0814,1.000,0.0570,0.67
3496,replay,4000,0.0645,1.000,0.0569,0.67
3497,replay,4000,0.0701,1.000,0.0569,0.67
3498,replay,4000,0.0756,1.000,0.0568,0.66
3499,replay,4000,0.0786,1.000,0.0568,0.67
3500,replay,4000,0.1325,1.000,0.0569,0.67
3501,replay,4000,0.0946,1.000,0.0569,0.67
3502,replay,4000,0.0839,1.000,0.0569,0.67
3503,es_step,4000,0.0127,1.000,0.0569,2.74
3504,replay,4000,0.0506,1.000,0.0569,0.67
3505,replay,4000,0.0356,1.000,0.0568,0.66
3506,es_step,4000,-0.0057,1.000,0.0568,2.74
3507,replay,4000,0.0228,1.000,0.0566,0.67
3508,es_step,4000,0.0028,1.000,0.0566,2.73
3509,es_step,4000,0.0023,1.000,0.0566,2.74
3510,es_step,4000,0.0017,1.000,0.0566,2.74
3511,replay,4000,0.0044,1.000,0.0564,0.67
3512,replay,4000,0.0324,1.000,0.0564,0.67
3513,replay,4000,0.0594,1.000,0.0564,0.67
3514,replay,4000,0.0932,1.000,0.0565,0.67
3515,replay,4000,0.0431,1.000,0.0565,0.67
3516,replay,4000,0.0789,1.000,0.0565,0.67
3517,replay,4000,0.1148,1.000,0.0565,0.67
3518,replay,4000,0.1014,1.000,0.0566,0.67
3519,replay,4000,0.0850,1.000,0.0565,0.67
3520,replay,4000,0.1166,1.000,0.0565,0.67
3521,replay,4000,0.1065,1.000,0.0566,0.67
3522,replay,4000,0.0954,1.000,0.0566,0.67
3523,replay,4000,0.0340,1.000,0.0563,0.67
3524,replay,4000,0.1160,1.000,0.0563,0.67
3525,replay,4000,0.1091,1.000,0.0562,0.67
3526,replay,4000,0.1108,1.000,0.0562,0.67
3527,replay,4000,0.0966,1.000,0.0563,0.67
3528,replay,4000,0.0866,1.000,0.0563,0.67
3529,replay,4000,0.0574,1.000,0.0560,0.67
3530,replay,4000,0.0501,1.000,0.0559,0.67
3531,replay,4000,0.0515,1.000,0.0558,0.67
3532,replay,4000,0.1220,1.000,0.0558,0.67
3533,replay,4000,0.1243,1.000,0.0558,0.68
3534,replay,4000,0.1061,1.000,0.0557,0.67
3535,replay,4000,0.1138,1.000,0.0558,0.67
3536,es_step,4000,0.0757,1.000,0.0558,2.76
3537,replay,4000,0.1276,1.000,0.0558,0.67
3538,replay,4000,0.1090,1.000,0.0559,0.67
3539,es_step,4000,0.0461,1.000,0.0559,2.73
3540,replay,4000,0.1077,1.000,0.0559,0.66
3541,replay,4000,0.0653,1.000,0.0558,0.66
3542,es_step,4000,0.0098,1.000,0.0558,2.73
3543,es_step,4000,0.0126,1.000,0.0558,2.74
3544,replay,4000,0.0574,1.000,0.0557,0.67
3545,replay,4000,0.0133,1.000,0.0556,0.67
3546,replay,4000,0.0642,1.000,0.0555,0.67
3547,replay,4000,0.0205,1.000,0.0555,0.67
3548,replay,4000,0.1237,1.000,0.0556,0.67
3549,es_step,4000,0.1181,1.000,0.0564,2.73
3550,replay,4000,0.1796,1.000,0.0566,0.67
3551,replay,4000,0.1532,1.000,0.0568,0.67
3552,replay,4000,0.0819,1.000,0.0567,0.67
3553,replay,4000,0.0823,1.000,0.0567,0.67
3554,replay,4000,0.0733,1.000,0.0567,0.66
3555,replay,4000,0.0581,1.000,0.0566,0.67
3556,replay,4000,0.0462,1.000,0.0564,0.66
3557,replay,4000,0.0461,1.000,0.0563,0.66
3558,replay,4000,-0.0039,1.000,0.0560,0.67
3559,replay,4000,0.0477,1.000,0.0559,0.67
3560,replay,4000,0.0473,1.000,0.0558,0.67
3561,replay,4000,0.0528,1.000,0.0558,0.67
3562,replay,4000,0.0853,1.000,0.0558,0.67
3563,es_step,4000,0.0509,1.000,0.0558,2.74
3564,replay,4000,0.1258,1.000,0.0558,0.66
3565,replay,4000,0.1015,1.000,0.0559,0.67
3566,replay,4000,0.0938,1.000,0.0558,0.67
3567,replay,4000,0.0388,1.000,0.0558,0.67
3568,replay,4000,0.0785,1.000,0.0557,0.67
3569,replay,4000,0.0791,1.000,0.0557,0.67
3570,replay,4000,0.0676,1.000,0.0556,0.67
3571,replay,4000,0.0919,1.000,0.0556,0.66
3572,es_step,4000,0.0388,1.000,0.0556,2.72
3573,replay,4000,0.0624,1.000,0.0556,0.67
3574,es_step,4000,0.0268,1.000,0.0556,2.71
3575,replay,4000,0.0373,1.000,0.0555,0.66
3576,es_step,4000,0.0282,1.000,0.0555,2.73
3577,replay,4000,0.0914,1.000,0.0554,0.67
3578,replay,4000,0.0695,1.000,0.0554,0.67
3579,replay,4000,0.1121,1.000,0.0554,0.67
3580,replay,4000,0.1205,1.000,0.0556,0.67
3581,replay,4000,0.1404,1.000,0.0556,0.67
3582,replay,4000,0.1216,1.000,0.0557,0.67
3583,replay,4000,0.0945,1.000,0.0557,0.67
3584,replay,4000,0.0506,1.000,0.0556,0.67
3585,replay,4000,0.0553,1.000,0.0555,0.67
3586,es_step,4000,0.0352,1.000,0.0555,2.75
3587,es_step,4000,0.0314,1.000,0.0555,2.73
3588,replay,4000,0.0426,1.000,0.0555,0.66
3589,replay,4000,0.0857,1.000,0.0555,0.66
3590,replay,4000,0.1089,1.000,0.0555,0.66
3591,replay,4000,0.0907,1.000,0.0554,0.67
3592,replay,4000,0.0796,1.000,0.0554,0.67
3593,replay,4000,-0.1699,1.000,0.0550,0.67
3594,replay,4000,0.0630,1.000,0.0549,0.67
3595,replay,4000,0.1425,1.000,0.0550,0.67
3596,replay,4000,0.1184,1.000,0.0549,0.67
3597,replay,4000,0.0562,1.000,0.0548,0.67
3598,replay,4000,0.0086,1.000,0.0546,0.67
3599,replay,4000,0.0506,1.000,0.0544,0.67
3600,replay,4000,0.0623,1.000,0.0543,0.67
3601,replay,4000,0.0447,1.000,0.0543,0.67
3602,replay,4000,0.0832,1.000,0.0543,0.66
3603,es_step,4000,0.0448,1.000,0.0543,2.72
3604,es_step,4000,0.0476,1.000,0.0543,2.73
3605,replay,4000,0.0554,1.000,0.0542,0.66
3606,replay,4000,0.1016,1.000,0.0543,0.67
3607,replay,4000,0.1086,1.000,0.0543,0.67
3608,es_step,4000,0.0672,1.000,0.0543,2.73
3609,es_step,4000,0.0639,1.000,0.0543,2.72
3610,es_step,4000,0.0678,1.000,0.0543,2.73
3611,replay,4000,0.1054,1.000,0.0543,0.67
3612,replay,4000,0.0929,1.000,0.0542,0.66
3613,replay,4000,0.1081,1.000,0.0543,0.67
3614,replay,4000,0.0984,1.000,0.0543,0.67
3615,replay,4000,0.0911,1.000,0.0542,0.67
3616,replay,4000,0.0309,1.000,0.0541,0.66
3617,replay,4000,0.0226,1.000,0.0539,0.66
3618,es_step,4000,0.0271,1.000,0.0540,2.72
3619,replay,4000,0.0384,1.000,0.0539,0.67
3620,replay,4000,0.1005,1.000,0.0539,0.67
3621,replay,4000,0.1296,1.000,0.0540,0.66
3622,replay,4000,0.1246,1.000,0.0539,0.67
3623,es_step,4000,0.0584,1.000,0.0539,2.72
3624,es_step,4000,0.0555,1.000,0.0539,2.72
3625,replay,4000,0.1124,1.000,0.0539,0.67
3626,replay,4000,0.1062,1.000,0.0539,0.66
3627,replay,4000,0.0811,1.000,0.0538,0.66
3628,replay,4000,0.0311,1.000,0.0535,0.66
3629,replay,4000,0.0200,1.000,0.0532,0.66
3630,es_step,4000,0.0060,1.000,0.0532,2.72
3631,replay,4000,0.0284,1.000,0.0531,0.67
3632,replay,4000,0.0467,1.000,0.0530,0.67
3633,replay,4000,0.0676,1.000,0.0530,0.67
3634,replay,4000,0.1027,1.000,0.0530,0.66
3635,replay,4000,0.0973,1.000,0.0530,0.65
3636,replay,4000,0.1238,1.000,0.0530,0.65
3637,replay,4000,0.1250,1.000,0.0530,0.65
3638,replay,4000,0.1230,1.000,0.0531,2.97
3639,replay,4000,0.0571,1.000,0.0531,0.66
3640,replay,4000,0.1444,1.000,0.0533,0.66
3641,replay,4000,0.1445,1.000,0.0534,0.66
3642,replay,4000,0.1096,1.000,0.0536,0.66
3643,replay,4000,0.0897,1.000,0.0535,0.66
3644,replay,4000,0.0669,1.000,0.0534,0.66
3645,replay,4000,0.0854,1.000,0.0534,0.66
3646,replay,4000,0.0985,1.000,0.0535,0.65
3647,replay,4000,0.1285,1.000,0.0536,0.65
3648,replay,4000,0.1219,1.000,0.0536,0.66
3649,replay,4000,0.1056,1.000,0.0536,0.66
3650,replay,4000,0.0821,1.000,0.0536,0.66
3651,replay,4000,0.0614,1.000,0.0536,0.66
3652,replay,4000,0.0581,1.000,0.0536,0.66
3653,replay,4000,0.0492,1.000,0.0536,0.66
3654,replay,4000,0.0544,1.000,0.0536,0.66
3655,replay,4000,0.0329,1.000,0.0536,0.66
3656,replay,4000,0.1308,1.000,0.0537,0.66
3657,replay,4000,0.1564,1.000,0.0540,0.66
3658,replay,4000,0.1527,1.000,0.0541,0.66
3659,replay,4000,0.1183,1.000,0.0543,0.66
3660,replay,4000,0.1343,1.000,0.0544,0.66
3661,replay,4000,0.1048,1.000,0.0544,0.66
3662,replay,4000,0.0768,1.000,0.0544,0.66
3663,replay,4000,0.0917,1.000,0.0544,0.66
3664,replay,4000,0.0913,1.000,0.0543,0.66
3665,replay,4000,0.0429,1.000,0.0542,0.66
3666,replay,4000,0.0311,1.000,0.0541,0.66
3667,replay,4000,0.0763,1.000,0.0540,0.66
3668,replay,4000,0.0759,1.000,0.0540,0.66
3669,replay,4000,0.1207,1.000,0.0540,0.66
3670,replay,4000,0.1197,1.000,0.0540,0.66
3671,replay,4000,0.1178,1.000,0.0541,0.66
3672,replay,4000,0.0836,1.000,0.0540,0.66
3673,replay,4000,0.0604,1.000,0.0539,0.66
3674,replay,4000,0.0332,1.000,0.0538,0.66
3675,replay,4000,0.1000,1.000,0.0538,0.66
3676,replay,4000,0.0817,1.000,0.0538,0.66
3677,replay,4000,0.0156,1.000,0.0538,0.67
3678,replay,4000,0.0969,1.000,0.0538,0.67
3679,replay,4000,0.1395,1.000,0.0539,0.66
3680,replay,4000,0.1204,1.000,0.0540,0.66
3681,replay,4000,0.1904,1.000,0.0541,0.66
3682,replay,4000,0.0993,1.000,0.0540,0.66
3683,replay,4000,0.0737,1.000,0.0539,0.66
3684,replay,4000,0.0535,1.000,0.0539,0.66
3685,replay,4000,0.0517,1.000,0.0537,0.66
3686,es_step,4000,0.0481,1.000,0.0537,2.72
3687,replay,4000,0.0959,1.000,0.0537,0.67
3688,es_step,4000,0.0589,1.000,0.0537,2.72
3689,replay,4000,0.0896,1.000,0.0537,0.66
3690,es_step,4000,0.0610,1.000,0.0537,2.73
3691,replay,4000,0.1217,1.000,0.0537,0.66
3692,es_step,4000,0.0670,1.000,0.0537,2.71
3693,replay,4000,0.1470,1.000,0.0538,0.66
3694,es_step,4000,0.0892,1.000,0.0539,2.70
3695,replay,4000,0.0673,1.000,0.0539,0.66
3696,replay,4000,0.1677,1.000,0.0542,0.66
3697,replay,4000,0.1008,1.000,0.0542,0.66
3698,replay,4000,0.1994,1.000,0.0545,0.66
3699,replay,4000,0.1753,1.000,0.0546,0.66
3700,replay,4000,0.1142,1.000,0.0547,0.66
3701,replay,4000,0.0833,1.000,0.0546,0.66
3702,replay,4000,0.0742,1.000,0.0545,0.66
3703,es_step,4000,0.0053,1.000,0.0545,2.72
3704,es_step,4000,0.0059,1.000,0.0545,2.70
3705,replay,4000,0.0222,1.000,0.0543,0.65
3706,replay,4000,0.0393,1.000,0.0541,0.66
3707,es_step,4000,0.0134,1.000,0.0541,2.69
3708,replay,4000,0.0187,1.000,0.0540,0.65
3709,replay,4000,0.0426,1.000,0.0539,0.66
3710,replay,4000,0.0748,1.000,0.0539,0.66
3711,es_step,4000,0.0710,1.000,0.0539,2.70
3712,replay,4000,0.0826,1.000,0.0539,0.66
3713,replay,4000,0.0746,1.000,0.0539,0.65
3714,es_step,4000,0.0600,0.969,0.0539,2.69
3715,replay,4000,0.0922,1.000,0.0541,0.66
3716,replay,4000,0.0804,1.000,0.0541,0.65
3717,replay,4000,0.0763,1.000,0.0541,0.65
3718,replay,4000,0.0635,1.000,0.0541,0.66
3719,replay,4000,0.0605,1.000,0.0540,0.66
3720,es_step,4000,0.0335,1.000,0.0540,2.69
3721,replay,4000,0.0810,1.000,0.0539,0.66
3722,replay,4000,0.0519,1.000,0.0539,0.65
3723,es_step,4000,0.0256,1.000,0.0539,2.69
3724,replay,4000,0.0540,1.000,0.0538,0.66
3725,replay,4000,0.0388,1.000,0.0535,0.66
3726,replay,4000,0.0673,1.000,0.0535,0.66
3727,replay,4000,0.1123,1.000,0.0536,0.65
3728,replay,4000,0.0982,1.000,0.0536,0.65
3729,replay,4000,0.1219,1.000,0.0536,0.65
3730,replay,4000,0.1008,1.000,0.0537,0.65
3731,replay,4000,0.1106,1.000,0.0537,0.65
3732,replay,4000,0.1375,1.000,0.0537,0.65
3733,replay,4000,0.1188,1.000,0.0538,0.65
3734,replay,4000,0.0971,1.000,0.0538,0.65
3735,replay,4000,0.0626,1.000,0.0536,0.65
3736,replay,4000,0.0027,1.000,0.0534,0.66
3737,es_step,4000,0.0001,1.000,0.0535,2.69
3738,replay,4000,-0.0047,1.000,0.0533,0.66
3739,replay,4000,0.0949,1.000,0.0533,0.66
3740,replay,4000,0.1170,1.000,0.0534,0.66
3741,replay,4000,0.0993,1.000,0.0534,0.66
3742,replay,4000,0.1017,1.000,0.0534,0.65
3743,replay,4000,0.0802,1.000,0.0533,0.65
3744,replay,4000,0.1066,1.000,0.0533,0.65
3745,replay,4000,0.1283,1.000,0.0534,0.65
3746,replay,4000,0.0754,1.000,0.0534,0.65
3747,replay,4000,0.1318,1.000,0.0534,0.66
3748,replay,4000,0.1290,1.000,0.0535,0.66
3749,es_step,4000,0.0521,1.000,0.0535,2.68
3750,replay,4000,0.0127,1.000,0.0535,0.65
3751,replay,4000,0.1123,1.000,0.0536,0.66
3752,replay,4000,0.1066,1.000,0.0536,0.66
3753,replay,4000,0.0612,1.000,0.0535,0.66
3754,replay,4000,0.0649,1.000,0.0534,0.66
3755,replay,4000,0.0407,1.000,0.0533,0.66
3756,es_step,4000,0.0156,1.000,0.0533,2.71
3757,replay,4000,0.0330,1.000,0.0532,0.66
3758,replay,4000,0.0430,1.000,0.0531,0.65
3759,replay,4000,0.0686,1.000,0.0530,0.66
3760,es_step,4000,0.0444,1.000,0.0530,2.71
3761,replay,4000,0.0726,1.000,0.0529,0.66
3762,replay,4000,0.1155,1.000,0.0529,0.66
3763,replay,4000,0.1202,1.000,0.0530,0.66
3764,replay,4000,0.1080,1.000,0.0531,0.66
3765,es_step,4000,0.0483,1.000,0.0531,2.69
3766,replay,4000,0.0958,1.000,0.0531,0.65
3767,es_step,4000,0.0332,1.000,0.0531,2.68
3768,replay,4000,0.0878,1.000,0.0530,0.66
3769,replay,4000,0.0605,1.000,0.0529,0.66
3770,replay,4000,0.0400,1.000,0.0529,0.66
3771,replay,4000,0.0595,1.000,0.0526,0.66
3772,replay,4000,0.1038,1.000,0.0526,0.66
3773,replay,4000,0.1219,1.000,0.0527,0.66
3774,replay,4000,0.1216,1.000,0.0528,0.66
3775,replay,4000,0.0995,1.000,0.0529,0.66
3776,es_step,4000,0.0180,1.000,0.0529,2.68
3777,replay,4000,0.0815,1.000,0.0529,0.65
3778,replay,4000,0.0800,1.000,0.0529,0.65
3779,replay,4000,0.1113,1.000,0.0530,0.65
3780,replay,4000,0.1173,1.000,0.0530,0.66
3781,replay,4000,0.1169,1.000,0.0532,0.66
3782,replay,4000,0.1264,1.000,0.0533,0.66
3783,replay,4000,0.0925,1.000,0.0533,0.66
3784,replay,4000,0.1164,1.000,0.0533,0.66
3785,replay,4000,0.0725,1.000,0.0534,0.66
3786,replay,4000,0.0821,1.000,0.0534,0.66
3787,replay,4000,0.0879,1.000,0.0534,0.67
3788,replay,4000,0.1097,1.000,0.0534,0.66
3789,es_step,4000,0.0213,1.000,0.0534,2.72
3790,replay,4000,0.0453,1.000,0.0532,0.66
3791,replay,4000,0.0581,1.000,0.0532,0.66
3792,replay,4000,0.0661,1.000,0.0532,0.66
3793,replay,4000,0.1304,1.000,0.0532,0.67
3794,replay,4000,0.1376,1.000,0.0534,0.67
3795,replay,4000,0.0946,1.000,0.0533,0.67
3796,replay,4000,0.1167,1.000,0.0534,0.67
3797,es_step,4000,0.0414,1.000,0.0534,2.73
3798,es_step,4000,0.0485,1.000,0.0534,2.73
3799,replay,4000,0.0884,1.000,0.0534,0.66
3800,replay,4000,0.1022,1.000,0.0534,0.66
3801,es_step,4000,0.0463,1.000,0.0534,2.72
3802,replay,4000,0.1063,1.000,0.0535,0.66
3803,replay,4000,0.0827,1.000,0.0535,0.66
3804,replay,4000,0.0906,1.000,0.0535,0.66
3805,replay,4000,0.0778,1.000,0.0535,0.66
3806,replay,4000,0.1180,1.000,0.0536,0.67
3807,replay,4000,0.1237,1.000,0.0538,0.67
3808,replay,4000,0.1175,1.000,0.0539,0.67
3809,replay,4000,0.0932,1.000,0.0539,0.67
3810,replay,4000,0.0742,1.000,0.0537,0.66
3811,es_step,4000,0.0241,1.000,0.0537,2.72
3812,replay,4000,0.0609,1.000,0.0537,0.66
3813,es_step,4000,0.0160,1.000,0.0537,2.71
3814,es_step,4000,0.0186,1.000,0.0537,2.70
3815,replay,4000,0.0761,1.000,0.0537,0.66
3816,replay,4000,0.0590,1.000,0.0537,0.66
3817,replay,4000,0.0474,1.000,0.0535,0.66
3818,replay,4000,0.0968,1.000,0.0536,0.66
3819,replay,4000,0.1201,1.000,0.0536,0.66
3820,replay,4000,0.1132,1.000,0.0536,0.66
3821,es_step,4000,0.0267,1.000,0.0536,2.72
3822,replay,4000,0.0863,1.000,0.0535,0.67
3823,replay,4000,0.0903,1.000,0.0534,0.67
3824,es_step,4000,0.0090,1.000,0.0534,2.72
3825,replay,4000,0.0738,1.000,0.0533,0.66
3826,replay,4000,0.0099,1.000,0.0532,0.66
3827,replay,4000,0.0710,1.000,0.0532,0.67
3828,replay,4000,0.0949,1.000,0.0531,0.66
3829,replay,4000,0.1131,1.000,0.0532,0.66
3830,replay,4000,0.1160,1.000,0.0532,0.66
3831,replay,4000,0.1073,1.000,0.0533,0.66
3832,es_step,4000,0.0473,1.000,0.0533,2.73
3833,replay,4000,0.0757,1.000,0.0533,0.66
3834,replay,4000,0.0681,1.000,0.0532,0.65
3835,replay,4000,0.0437,1.000,0.0531,0.66
3836,replay,4000,-0.0242,1.000,0.0529,0.66
3837,replay,4000,0.0766,1.000,0.0529,0.66
3838,replay,4000,0.1119,1.000,0.0529,0.66
3839,replay,4000,0.1356,1.000,0.0532,0.66
3840,es_step,4000,0.0597,1.000,0.0532,2.69
3841,replay,4000,0.0607,1.000,0.0532,0.66
3842,replay,4000,0.1230,1.000,0.0533,0.66
3843,replay,4000,0.1252,1.000,0.0533,0.66
3844,replay,4000,0.1140,1.000,0.0533,0.67
3845,replay,4000,0.1230,1.000,0.0533,0.67
3846,replay,4000,0.0896,1.000,0.0532,0.67
3847,replay,4000,0.1100,1.000,0.0532,0.67
3848,replay,4000,0.0850,1.000,0.0532,0.67
3849,es_step,4000,0.0466,1.000,0.0534,2.74
3850,es_step,4000,0.0513,1.000,0.0534,2.72
3851,replay,4000,0.1176,1.000,0.0535,0.67
3852,replay,4000,0.1071,1.000,0.0535,0.66
3853,replay,4000,0.0960,1.000,0.0535,0.73
3854,replay,4000,0.0891,1.000,0.0535,0.67
3855,replay,4000,0.0528,1.000,0.0534,0.67
3856,replay,4000,0.0939,1.000,0.0534,0.66
3857,replay,4000,0.1363,1.000,0.0536,0.66
3858,replay,4000,0.0245,1.000,0.0536,0.66
3859,es_step,4000,0.1042,1.000,0.0544,2.70
3860,replay,4000,0.1646,1.000,0.0545,0.66
3861,replay,4000,0.1722,1.000,0.0546,0.66
3862,replay,4000,0.1290,1.000,0.0547,0.66
3863,replay,4000,0.0904,1.000,0.0547,0.66
3864,replay,4000,0.0380,1.000,0.0545,0.66
3865,replay,4000,0.0382,1.000,0.0544,0.66
3866,replay,4000,0.0714,1.000,0.0544,0.67
3867,replay,4000,0.0882,1.000,0.0545,0.67
3868,replay,4000,0.0863,1.000,0.0546,0.67
3869,replay,4000,0.0957,1.000,0.0547,0.67
3870,replay,4000,0.1074,1.000,0.0547,0.67
3871,replay,4000,0.0962,1.000,0.0547,0.67
3872,replay,4000,0.0730,1.000,0.0547,0.66
3873,replay,4000,0.0777,1.000,0.0547,0.66
3874,replay,4000,0.0487,1.000,0.0546,0.67
3875,replay,4000,0.0128,1.000,0.0544,0.67
3876,es_step,4000,0.0104,1.000,0.0544,2.72
3877,replay,4000,0.0368,1.000,0.0543,0.67
3878,replay,4000,0.0573,1.000,0.0542,0.67
3879,replay,4000,0.0323,1.000,0.0540,0.67
3880,replay,4000,0.0426,1.000,0.0540,0.67
3881,replay,4000,0.0481,1.000,0.0539,0.67
3882,replay,4000,0.0317,1.000,0.0538,0.67
3883,replay,4000,0.0428,1.000,0.0537,0.67
3884,es_step,4000,0.0359,1.000,0.0537,2.74
3885,replay,4000,0.0736,1.000,0.0537,0.66
3886,es_step,4000,0.0380,1.000,0.0537,2.73
3887,replay,4000,0.0434,1.000,0.0536,0.66
3888,replay,4000,0.0131,1.000,0.0532,0.66
3889,replay,4000,0.0526,1.000,0.0532,0.66
3890,replay,4000,0.0434,1.000,0.0531,0.66
3891,replay,4000,0.0412,1.000,0.0531,0.67
3892,replay,4000,0.0911,1.000,0.0530,0.66
3893,replay,4000,0.0826,1.000,0.0531,0.67
3894,replay,4000,0.0853,1.000,0.0532,0.67
3895,replay,4000,0.0476,1.000,0.0532,0.67
3896,replay,4000,0.0763,1.000,0.0532,0.67
3897,replay,4000,0.0693,1.000,0.0531,0.67
3898,es_step,4000,0.0549,1.000,0.0531,2.72
3899,replay,4000,0.0867,1.000,0.0532,0.67
3900,replay,4000,0.1028,1.000,0.0532,0.67
3901,replay,4000,0.1247,1.000,0.0532,0.67
3902,replay,4000,0.1410,1.000,0.0534,0.67
3903,replay,4000,0.1610,1.000,0.0535,0.66
3904,replay,4000,0.1180,1.000,0.0535,0.67
3905,es_step,4000,0.0462,1.000,0.0535,2.73
3906,replay,4000,0.0949,1.000,0.0535,0.67
3907,replay,4000,0.0476,1.000,0.0534,0.67
3908,replay,4000,0.0309,1.000,0.0532,0.66
3909,replay,4000,-0.0007,1.000,0.0529,0.66
3910,replay,4000,0.0451,1.000,0.0527,0.67
3911,replay,4000,0.0752,1.000,0.0527,0.66
3912,replay,4000,0.0573,1.000,0.0526,0.66
3913,replay,4000,0.0560,1.000,0.0525,0.66
3914,replay,4000,0.0493,1.000,0.0523,0.66
3915,replay,4000,0.0682,1.000,0.0523,0.66
3916,es_step,4000,0.0225,1.000,0.0523,2.73
3917,replay,4000,0.0408,1.000,0.0522,0.66
3918,replay,4000,0.0743,1.000,0.0522,0.67
3919,replay,4000,0.0753,1.000,0.0521,0.66
3920,replay,4000,-0.1241,1.000,0.0521,0.67
3921,replay,4000,0.0941,1.000,0.0523,0.67
3922,replay,4000,0.1509,1.000,0.0525,0.67
3923,es_step,4000,0.1071,1.000,0.0532,2.76
3924,replay,4000,0.1712,1.000,0.0533,0.66
3925,replay,4000,0.1798,1.000,0.0535,0.66
3926,replay,4000,0.1599,1.000,0.0537,0.66
3927,es_step,4000,0.1057,1.000,0.0540,2.73
3928,replay,4000,0.1765,1.000,0.0540,0.67
3929,es_step,4000,0.0896,1.000,0.0540,2.73
3930,replay,4000,0.1573,1.000,0.0542,2.96
3931,replay,4000,0.1233,1.000,0.0543,0.66
3932,replay,4000,0.0913,1.000,0.0543,0.67
3933,es_step,4000,0.0600,1.000,0.0543,2.73
3934,replay,4000,0.0887,1.000,0.0543,0.66
3935,replay,4000,0.0832,1.000,0.0543,0.67
3936,es_step,4000,0.0415,1.000,0.0543,2.72
3937,replay,4000,0.0764,1.000,0.0542,0.66
3938,es_step,4000,0.0362,1.000,0.0542,2.71
3939,replay,4000,0.0630,1.000,0.0542,0.67
3940,es_step,4000,0.0324,1.000,0.0542,2.72
3941,replay,4000,0.0257,1.000,0.0540,0.67
3942,replay,4000,0.0658,1.000,0.0539,0.67
3943,es_step,4000,0.0439,1.000,0.0539,2.74
3944,es_step,4000,0.0448,1.000,0.0539,2.73
3945,replay,4000,0.0704,1.000,0.0539,0.67
3946,replay,4000,0.0850,1.000,0.0539,0.67
3947,replay,4000,0.0695,1.000,0.0539,0.67
3948,es_step,4000,0.0379,1.000,0.0539,2.75
3949,replay,4000,0.0380,1.000,0.0537,0.67
3950,es_step,4000,0.0239,1.000,0.0537,2.75
3951,replay,4000,0.0488,1.000,0.0535,0.67
3952,es_step,4000,0.0222,1.000,0.0536,2.73
3953,replay,4000,0.0606,1.000,0.0535,0.67
3954,replay,4000,0.0248,1.000,0.0533,0.67
3955,replay,4000,0.0500,1.000,0.0532,0.67
3956,replay,4000,0.0411,1.000,0.0531,0.67
3957,replay,4000,0.0486,1.000,0.0530,0.67
3958,replay,4000,0.0339,1.000,0.0528,0.67
3959,replay,4000,0.0817,1.000,0.0527,0.67
3960,replay,4000,0.0506,1.000,0.0527,0.67
3961,replay,4000,0.1395,1.000,0.0529,0.67
3962,replay,4000,0.1513,1.000,0.0531,0.67
3963,es_step,4000,0.0632,1.000,0.0531,2.73
3964,replay,4000,0.1357,1.000,0.0532,0.66
3965,replay,4000,0.0969,1.000,0.0531,0.66
3966,replay,4000,-0.0114,1.000,0.0528,0.66
3967,es_step,4000,0.0047,1.000,0.0529,2.71
3968,replay,4000,0.0506,1.000,0.0528,0.66
3969,replay,4000,0.1047,1.000,0.0528,0.67
3970,replay,4000,0.0401,1.000,0.0527,0.67
3971,replay,4000,0.0423,1.000,0.0526,0.68
3972,replay,4000,0.0488,1.000,0.0527,0.67
3973,replay,4000,0.1599,1.000,0.0528,0.68
3974,replay,4000,0.1160,1.000,0.0528,0.68
3975,replay,4000,0.1063,1.000,0.0528,0.68
3976,es_step,4000,0.0638,1.000,0.0528,2.77
3977,replay,4000,0.1177,1.000,0.0529,0.67
3978,replay,4000,0.1071,1.000,0.0529,0.67
3979,replay,4000,0.0731,1.000,0.0528,0.67
3980,replay,4000,0.0196,1.000,0.0527,0.67
3981,replay,4000,0.0218,1.000,0.0527,0.67
3982,replay,4000,0.0455,1.000,0.0526,0.67
3983,replay,4000,0.0583,1.000,0.0526,0.67
3984,replay,4000,0.0550,1.000,0.0525,0.68
3985,replay,4000,0.0474,1.000,0.0524,0.68
3986,replay,4000,0.0618,1.000,0.0524,0.68
3987,replay,4000,0.0858,1.000,0.0523,0.68
3988,replay,4000,0.0785,1.000,0.0522,0.67
3989,replay,4000,0.0176,1.000,0.0521,0.68
3990,replay,4000,0.0282,1.000,0.0520,0.67
3991,replay,4000,0.1018,1.000,0.0520,0.67
3992,replay,4000,0.0826,1.000,0.0520,0.67
3993,replay,4000,0.0973,1.000,0.0519,0.66
3994,es_step,4000,0.0377,1.000,0.0519,2.73
3995,replay,4000,0.0785,1.000,0.0521,0.66
3996,replay,4000,0.1034,1.000,0.0521,0.67
3997,es_step,4000,0.0524,1.000,0.0521,2.75
3998,replay,4000,0.1046,1.000,0.0521,0.68
3999,replay,4000,0.0581,1.000,0.0520,0.67
4000,replay,4000,-0.0031,1.000,0.0518,0.69
4001,replay,4000,0.0490,1.000,0.0516,0.68
4002,es_step,4000,0.0528,0.969,0.0516,2.79
4003,replay,4000,0.1114,1.000,0.0516,0.68
4004,replay,4000,0.1187,1.000,0.0516,0.67
4005,replay,4000,0.1007,1.000,0.0516,0.68
4006,replay,4000,0.0815,1.000,0.0515,0.67
4007,replay,4000,0.0106,1.000,0.0513,0.67
4008,replay,4000,0.0318,1.000,0.0511,0.67
4009,replay,4000,0.0433,1.000,0.0511,0.67
4010,replay,4000,0.0645,1.000,0.0510,0.67
4011,replay,4000,0.0653,1.000,0.0510,0.67
4012,replay,4000,0.0662,1.000,0.0510,0.67
4013,replay,4000,0.0547,1.000,0.0509,0.67
4014,replay,4000,0.1091,1.000,0.0509,0.67
4015,replay,4000,0.0940,1.000,0.0508,0.67
4016,replay,4000,0.0674,1.000,0.0507,0.67
4017,replay,4000,0.0375,1.000,0.0509,0.67
4018,es_step,4000,0.0269,1.000,0.0509,2.74
4019,replay,4000,0.0472,1.000,0.0507,0.67
4020,replay,4000,0.0634,1.000,0.0507,0.67
4021,replay,4000,0.1134,1.000,0.0508,0.67
4022,es_step,4000,0.0624,1.000,0.0508,2.75
4023,replay,4000,0.1059,1.000,0.0508,0.67
4024,replay,4000,0.0589,1.000,0.0507,0.67
4025,replay,4000,0.0806,1.000,0.0506,0.67
4026,replay,4000,0.0692,1.000,0.0505,0.67
4027,replay,4000,0.0680,1.000,0.0505,0.67
4028,replay,4000,0.1059,1.000,0.0505,0.67
4029,replay,4000,0.0974,1.000,0.0505,0.67
4030,es_step,4000,0.0482,1.000,0.0505,2.73
4031,replay,4000,0.1035,1.000,0.0505,0.67
4032,replay,4000,0.0977,1.000,0.0505,0.68
4033,es_step,4000,0.0305,1.000,0.0505,2.76
4034,replay,4000,0.0805,1.000,0.0505,0.67
4035,replay,4000,0.0827,1.000,0.0506,0.68
4036,replay,4000,0.1038,1.000,0.0505,0.67
4037,replay,4000,0.0832,1.000,0.0505,0.67
4038,replay,4000,0.1025,1.000,0.0505,0.67
4039,replay,4000,0.1223,1.000,0.0505,0.68
4040,replay,4000,0.1297,1.000,0.0505,0.67
4041,replay,4000,0.1132,1.000,0.0505,0.67
4042,replay,4000,0.1139,1.000,0.0506,0.68
4043,replay,4000,0.0812,1.000,0.0505,0.68
4044,replay,4000,-0.0109,1.000,0.0504,0.68
4045,replay,4000,0.0611,1.000,0.0504,0.68
4046,replay,4000,0.1017,1.000,0.0504,0.68
4047,replay,4000,0.1104,1.000,0.0504,0.68
4048,replay,4000,0.0460,1.000,0.0503,0.68
4049,es_step,4000,-0.0029,1.000,0.0503,2.76
4050,replay,4000,0.0143,1.000,0.0501,0.67
4051,replay,4000,0.0413,1.000,0.0499,0.67
4052,replay,4000,0.0747,1.000,0.0499,0.67
4053,replay,4000,0.0509,1.000,0.0498,0.67
4054,replay,4000,0.0630,1.000,0.0497,0.67
4055,replay,4000,0.0598,1.000,0.0497,0.68
4056,es_step,4000,0.0423,1.000,0.0497,2.76
4057,replay,4000,0.0901,1.000,0.0497,0.68
4058,replay,4000,0.0714,1.000,0.0497,0.67
4059,replay,4000,0.0442,1.000,0.0496,0.68
4060,replay,4000,0.0695,1.000,0.0496,0.68
4061,replay,4000,0.0346,1.000,0.0496,0.68
4062,replay,4000,0.0916,1.000,0.0495,0.68
4063,es_step,4000,0.0254,1.000,0.0495,2.77
4064,replay,4000,0.0814,1.000,0.0495,0.68
4065,replay,4000,0.0502,1.000,0.0494,0.68
4066,replay,4000,0.0274,1.000,0.0492,0.68
4067,replay,4000,-0.0417,1.000,0.0489,0.69
4068,replay,4000,0.0775,1.000,0.0489,0.69
4069,es_step,4000,0.0702,1.000,0.0489,2.78
4070,replay,4000,0.1291,1.000,0.0490,0.68
4071,es_step,4000,0.0684,1.000,0.0490,2.77
4072,replay,4000,0.1371,1.000,0.0491,0.68
4073,replay,4000,0.1443,1.000,0.0491,0.68
4074,replay,4000,0.1397,1.000,0.0491,0.68
4075,replay,4000,0.1196,1.000,0.0491,0.68
4076,replay,4000,0.0977,1.000,0.0492,0.68
4077,es_step,4000,0.0664,1.000,0.0493,2.78
4078,replay,4000,0.1031,1.000,0.0493,0.68
4079,es_step,4000,0.0687,1.000,0.0493,2.77
4080,replay,4000,0.1131,1.000,0.0494,0.68
4081,replay,4000,0.1037,1.000,0.0494,0.68
4082,replay,4000,0.0778,1.000,0.0493,0.68
4083,es_step,4000,0.0172,1.000,0.0493,2.76
4084,replay,4000,0.0509,1.000,0.0492,0.67
4085,replay,4000,0.0483,1.000,0.0491,0.68
4086,replay,4000,0.0684,1.000,0.0491,0.68
4087,replay,4000,0.0657,1.000,0.0492,0.67
4088,replay,4000,0.0653,1.000,0.0491,0.67
4089,replay,4000,0.0522,1.000,0.0492,0.68
4090,replay,4000,0.0702,1.000,0.0493,0.67
4091,replay,4000,0.0795,1.000,0.0493,0.68
4092,es_step,4000,0.0405,1.000,0.0493,2.76
4093,replay,4000,0.1029,1.000,0.0493,0.68
4094,replay,4000,0.1165,1.000,0.0494,0.68
4095,replay,4000,0.1151,1.000,0.0495,0.68
4096,es_step,4000,0.0497,1.000,0.0495,2.78
4097,replay,4000,0.1135,1.000,0.0495,0.68
4098,replay,4000,0.1042,1.000,0.0497,0.67
4099,replay,4000,0.0653,1.000,0.0496,0.68
4100,replay,4000,0.1219,1.000,0.0496,0.68
4101,replay,4000,0.1246,1.000,0.0497,0.69
4102,es_step,4000,0.0795,1.000,0.0498,2.76
4103,replay,4000,0.1203,1.000,0.0498,0.67
4104,es_step,4000,0.0623,1.000,0.0498,2.76
4105,replay,4000,0.0993,1.000,0.0498,0.67
4106,replay,4000,0.0689,1.000,0.0497,0.67
4107,replay,4000,0.0732,1.000,0.0497,0.67
4108,es_step,4000,0.0283,1.000,0.0497,2.76
4109,replay,4000,0.0487,1.000,0.0496,0.68
4110,replay,4000,0.0347,1.000,0.0495,0.68
4111,replay,4000,-0.0820,1.000,0.0494,0.68
4112,replay,4000,0.1349,1.000,0.0496,0.68
4113,replay,4000,0.1643,1.000,0.0501,0.68
4114,replay,4000,0.0260,1.000,0.0501,0.67
4115,replay,4000,0.1241,1.000,0.0503,0.67
4116,replay,4000,0.1535,1.000,0.0505,0.67
4117,replay,4000,0.2106,1.000,0.0506,0.68
4118,replay,4000,0.1835,1.000,0.0508,0.68
4119,replay,4000,0.1338,1.000,0.0508,0.68
4120,es_step,4000,0.0832,1.000,0.0510,2.77
4121,replay,4000,0.0911,1.000,0.0510,0.67
4122,replay,4000,0.1648,1.000,0.0512,0.68
4123,es_step,4000,0.0535,1.000,0.0512,2.78
4124,replay,4000,0.1217,1.000,0.0512,0.68
4125,replay,4000,0.1063,1.000,0.0512,0.68
4126,es_step,4000,0.0180,1.000,0.0512,2.79
4127,replay,4000,0.0595,1.000,0.0511,0.68
4128,replay,4000,0.0225,1.000,0.0509,0.68
4129,replay,4000,0.0710,1.000,0.0509,0.67
4130,es_step,4000,0.0436,1.000,0.0509,2.77
4131,replay,4000,0.0896,1.000,0.0510,0.68
4132,replay,4000,0.0693,1.000,0.0509,0.67
4133,replay,4000,0.0621,1.000,0.0508,0.68
4134,replay,4000,0.0602,1.000,0.0507,0.68
4135,replay,4000,0.0506,1.000,0.0506,0.68
4136,replay,4000,0.0672,1.000,0.0505,0.67
4137,replay,4000,0.0886,1.000,0.0506,0.67
4138,replay,4000,0.0817,1.000,0.0506,0.67
4139,replay,4000,0.0952,1.000,0.0506,0.67
4140,es_step,4000,0.0222,1.000,0.0506,2.76
4141,replay,4000,0.0400,1.000,0.0505,0.67
4142,replay,4000,0.0151,1.000,0.0502,0.68
4143,replay,4000,0.0594,1.000,0.0501,0.68
4144,replay,4000,0.0520,1.000,0.0499,0.68
4145,replay,4000,0.0735,1.000,0.0498,0.68
4146,replay,4000,0.0256,1.000,0.0497,0.68
4147,es_step,4000,0.0169,1.000,0.0497,2.76
4148,replay,4000,0.0334,1.000,0.0496,0.68
4149,es_step,4000,0.0294,1.000,0.0496,2.78
4150,es_step,4000,0.0278,1.000,0.0496,2.77
4151,es_step,4000,0.0263,1.000,0.0496,2.72
4152,replay,4000,0.0828,1.000,0.0497,0.66
4153,es_step,4000,0.0458,1.000,0.0497,2.69
4154,es_step,4000,0.0444,1.000,0.0497,2.69
4155,replay,4000,0.0691,1.000,0.0497,0.65
4156,replay,4000,0.0852,1.000,0.0497,0.65
4157,es_step,4000,0.0434,1.000,0.0497,2.70
4158,replay,4000,0.0485,1.000,0.0496,0.66
4159,replay,4000,0.0884,1.000,0.0496,0.66
4160,replay,4000,0.0858,1.000,0.0496,0.67
4161,replay,4000,0.0615,1.000,0.0496,0.67
4162,replay,4000,0.0880,1.000,0.0496,0.67
4163,replay,4000,0.0508,1.000,0.0495,0.67
4164,replay,4000,0.0866,1.000,0.0495,0.68
4165,es_step,4000,0.0344,1.000,0.0495,2.76
4166,replay,4000,0.0801,1.000,0.0494,0.68
4167,replay,4000,0.0689,1.000,0.0494,0.67
4168,replay,4000,0.0532,1.000,0.0492,0.67
4169,replay,4000,0.0862,1.000,0.0492,0.67
4170,replay,4000,0.0915,1.000,0.0492,0.67
4171,replay,4000,0.0623,1.000,0.0491,0.68
4172,es_step,4000,0.0219,1.000,0.0491,2.75
4173,es_step,4000,0.0174,1.000,0.0491,2.73
4174,replay,4000,0.0675,1.000,0.0490,0.67
4175,replay,4000,0.0154,1.000,0.0489,0.67
4176,replay,4000,0.0674,1.000,0.0489,0.67
4177,replay,4000,0.1157,1.000,0.0489,0.67
4178,replay,4000,0.1193,1.000,0.0489,0.68
4179,es_step,4000,0.0474,1.000,0.0489,2.74
4180,replay,4000,0.0873,1.000,0.0489,0.67
4181,replay,4000,0.0738,1.000,0.0489,0.67
4182,replay,4000,0.0575,1.000,0.0488,0.67
4183,replay,4000,0.0566,1.000,0.0486,2.95
4184,es_step,4000,0.0576,1.000,0.0486,2.73
4185,replay,4000,0.0799,1.000,0.0486,0.67
4186,es_step,4000,0.0674,1.000,0.0486,2.74
4187,es_step,4000,0.0671,1.000,0.0486,2.75
4188,replay,4000,0.1059,1.000,0.0486,0.68
4189,replay,4000,0.1035,1.000,0.0486,0.68
4190,replay,4000,0.0848,1.000,0.0487,0.68
4191,es_step,4000,0.0443,1.000,0.0487,2.76
4192,replay,4000,0.0819,1.000,0.0487,0.68
4193,replay,4000,0.0662,1.000,0.0486,0.67
4194,replay,4000,0.0817,1.000,0.0485,0.67
4195,replay,4000,0.0644,1.000,0.0487,0.67
4196,replay,4000,0.0809,1.000,0.0487,0.67
4197,replay,4000,0.0934,1.000,0.0487,0.67
4198,replay,4000,0.0750,1.000,0.0487,0.67
4199,replay,4000,0.0638,1.000,0.0488,0.67
4200,replay,4000,0.0998,1.000,0.0487,0.67
4201,replay,4000,0.1398,1.000,0.0488,0.67
4202,es_step,4000,0.0933,1.000,0.0491,2.75
4203,replay,4000,0.1614,1.000,0.0494,0.67
4204,replay,4000,0.1467,1.000,0.0495,0.68
4205,replay,4000,0.1145,1.000,0.0495,0.67
4206,replay,4000,0.1079,1.000,0.0496,0.67
4207,replay,4000,0.0859,1.000,0.0495,0.67
4208,replay,4000,0.0716,1.000,0.0494,0.67
4209,replay,4000,0.0546,1.000,0.0494,0.67
4210,replay,4000,0.0640,1.000,0.0492,0.67
4211,es_step,4000,0.0381,1.000,0.0492,2.74
4212,replay,4000,0.0597,1.000,0.0491,0.67
4213,replay,4000,0.0782,1.000,0.0491,0.67
4214,replay,4000,0.0819,1.000,0.0491,0.67
4215,replay,4000,0.0773,1.000,0.0491,0.67
4216,replay,4000,0.0584,1.000,0.0490,0.67
4217,replay,4000,0.0444,1.000,0.0489,0.68
4218,replay,4000,0.0401,1.000,0.0488,0.68
4219,replay,4000,0.0326,1.000,0.0487,0.67
4220,replay,4000,0.0258,1.000,0.0486,0.67
4221,es_step,4000,0.0248,1.000,0.0486,2.75
4222,replay,4000,0.0372,1.000,0.0485,0.67
4223,replay,4000,0.0722,1.000,0.0484,0.68
4224,es_step,4000,0.0520,0.969,0.0484,2.76
4225,replay,4000,0.0645,1.000,0.0484,0.68
4226,replay,4000,0.0682,1.000,0.0484,0.67
4227,replay,4000,0.0684,1.000,0.0484,0.67
4228,replay,4000,0.0380,1.000,0.0484,0.67
4229,replay,4000,0.0647,1.000,0.0483,0.67
4230,replay,4000,0.0459,1.000,0.0483,0.68
4231,replay,4000,0.0464,1.000,0.0482,0.67
4232,replay,4000,0.0619,1.000,0.0482,0.67
4233,replay,4000,0.0612,1.000,0.0481,0.67
4234,es_step,4000,0.0265,1.000,0.0481,2.73
4235,es_step,4000,0.0243,1.000,0.0481,2.75
4236,es_step,4000,0.0264,1.000,0.0481,2.75
4237,replay,4000,0.0638,1.000,0.0481,0.68
4238,replay,4000,0.0756,1.000,0.0481,0.68
4239,replay,4000,0.0861,1.000,0.0481,0.68
4240,replay,4000,0.0957,1.000,0.0482,0.68
4241,replay,4000,0.1063,1.000,0.0483,0.68
4242,replay,4000,0.1331,1.000,0.0485,0.67
4243,replay,4000,0.1512,1.000,0.0486,0.68
4244,replay,4000,0.1454,1.000,0.0488,0.68
4245,replay,4000,0.1237,1.000,0.0489,0.68
4246,replay,4000,0.1031,1.000,0.0489,0.68
4247,replay,4000,0.0792,1.000,0.0489,0.68
4248,es_step,4000,0.0204,1.000,0.0489,2.76
4249,es_step,4000,0.0199,1.000,0.0489,2.74
4250,replay,4000,0.0632,1.000,0.0488,0.67
4251,replay,4000,0.0410,1.000,0.0487,0.68
4252,es_step,4000,0.0161,1.000,0.0487,2.76
4253,replay,4000,0.0423,1.000,0.0485,0.67
4254,replay,4000,0.0575,1.000,0.0485,0.68
4255,replay,4000,0.0410,1.000,0.0483,0.68
4256,replay,4000,0.0758,1.000,0.0483,0.68
4257,replay,4000,0.0647,1.000,0.0483,0.67
4258,replay,4000,0.0594,1.000,0.0482,0.67
4259,replay,4000,0.0711,1.000,0.0481,0.67
4260,replay,4000,0.0596,1.000,0.0481,0.67
4261,replay,4000,0.0439,1.000,0.0481,0.67
4262,replay,4000,0.0685,1.000,0.0480,0.68
4263,replay,4000,0.0701,1.000,0.0479,0.68
4264,replay,4000,0.0728,1.000,0.0479,0.68
4265,replay,4000,0.0676,1.000,0.0479,0.68
4266,es_step,4000,0.0315,1.000,0.0479,2.75
4267,replay,4000,0.0950,1.000,0.0478,0.67
4268,replay,4000,0.0993,1.000,0.0478,0.67
4269,replay,4000,0.0868,1.000,0.0478,0.68
4270,es_step,4000,0.0331,1.000,0.0478,2.77
4271,replay,4000,0.0898,1.000,0.0478,0.67
4272,replay,4000,-0.1519,1.000,0.0477,0.68
4273,replay,4000,0.0608,1.000,0.0476,0.68
4274,es_step,4000,0.0535,1.000,0.0476,2.75
4275,replay,4000,0.0704,1.000,0.0476,0.68
4276,replay,4000,0.1005,1.000,0.0476,0.68
4277,replay,4000,0.1196,1.000,0.0475,0.68
4278,replay,4000,0.1124,1.000,0.0475,0.68
4279,replay,4000,0.1234,1.000,0.0476,0.68
4280,replay,4000,0.0982,1.000,0.0476,0.68
4281,replay,4000,0.1409,1.000,0.0477,0.68
4282,replay,4000,0.1466,1.000,0.0479,0.68
4283,replay,4000,0.1496,1.000,0.0480,0.68
4284,replay,4000,0.1273,1.000,0.0480,0.67
4285,replay,4000,0.0681,1.000,0.0479,0.68
4286,replay,4000,0.0717,1.000,0.0478,0.67
4287,replay,4000,0.0441,1.000,0.0476,0.68
4288,replay,4000,0.0404,1.000,0.0475,0.68
4289,replay,4000,0.0354,1.000,0.0473,0.67
4290,replay,4000,0.0400,1.000,0.0470,0.68
4291,replay,4000,0.0186,1.000,0.0468,0.68
4292,replay,4000,0.0913,1.000,0.0469,0.68
4293,replay,4000,0.1210,1.000,0.0471,0.68
4294,replay,4000,0.1150,1.000,0.0471,0.68
4295,replay,4000,0.0828,1.000,0.0472,0.68
4296,replay,4000,0.0658,1.000,0.0471,0.67
4297,replay,4000,0.0017,1.000,0.0467,0.68
4298,replay,4000,0.0533,1.000,0.0466,0.68
4299,replay,4000,0.0818,1.000,0.0466,0.67
4300,replay,4000,0.0855,1.000,0.0465,0.68
4301,replay,4000,0.0480,1.000,0.0464,0.68
4302,replay,4000,0.0426,1.000,0.0463,0.68
4303,replay,4000,0.0555,1.000,0.0462,0.68
4304,replay,4000,0.0442,1.000,0.0461,0.68
4305,replay,4000,0.0437,1.000,0.0460,0.68
4306,replay,4000,0.0398,1.000,0.0458,0.68
4307,replay,4000,0.0458,1.000,0.0458,0.68
4308,es_step,4000,0.0389,1.000,0.0458,2.78
4309,replay,4000,0.0992,1.000,0.0458,0.68
4310,es_step,4000,0.0158,1.000,0.0458,2.79
4311,replay,4000,0.0690,1.000,0.0456,0.68
4312,replay,4000,0.0402,1.000,0.0455,0.67
4313,replay,4000,-0.0071,1.000,0.0452,0.68
4314,replay,4000,0.0083,1.000,0.0451,0.68
4315,replay,4000,0.0941,1.000,0.0451,0.68
4316,replay,4000,0.1103,1.000,0.0451,0.68
4317,es_step,4000,0.0464,1.000,0.0451,2.79
4318,replay,4000,0.0929,1.000,0.0451,0.68
4319,replay,4000,0.0728,1.000,0.0451,0.68
4320,replay,4000,0.0378,1.000,0.0450,0.68
4321,replay,4000,0.0392,1.000,0.0448,0.68
4322,es_step,4000,0.0193,1.000,0.0448,2.77
4323,replay,4000,0.0655,1.000,0.0448,0.68
4324,replay,4000,0.0755,1.000,0.0448,0.67
4325,replay,4000,0.0622,1.000,0.0446,0.67
4326,es_step,4000,0.0028,1.000,0.0446,2.75
4327,replay,4000,0.0324,1.000,0.0445,0.68
4328,replay,4000,0.0140,1.000,0.0444,0.68
4329,replay,4000,0.0335,1.000,0.0442,0.68
4330,replay,4000,0.0392,1.000,0.0442,0.68
4331,replay,4000,0.0396,1.000,0.0443,0.68
4332,replay,4000,0.1146,1.000,0.0443,0.68
4333,replay,4000,0.1018,1.000,0.0444,0.68
4334,replay,4000,0.1146,1.000,0.0445,0.68
4335,replay,4000,0.0724,1.000,0.0444,0.68
4336,replay,4000,0.0417,1.000,0.0443,0.68
4337,replay,4000,0.0064,1.000,0.0441,0.67
4338,replay,4000,0.0349,1.000,0.0440,0.67
4339,replay,4000,0.0719,1.000,0.0439,0.67
4340,replay,4000,0.0401,1.000,0.0439,0.67
4341,es_step,4000,0.0763,1.000,0.0440,2.77
4342,replay,4000,0.0977,1.000,0.0442,0.68
4343,replay,4000,0.0971,1.000,0.0442,0.68
4344,replay,4000,0.0565,1.000,0.0442,0.67
4345,replay,4000,0.0332,1.000,0.0441,0.67
4346,es_step,4000,0.0123,1.000,0.0441,2.75
4347,replay,4000,0.0236,1.000,0.0440,0.67
4348,replay,4000,0.0363,1.000,0.0439,0.67
4349,replay,4000,0.0713,1.000,0.0439,0.67
4350,es_step,4000,0.0697,1.000,0.0439,2.75
4351,replay,4000,0.0811,1.000,0.0439,0.67
4352,replay,4000,0.1370,1.000,0.0442,0.68
4353,replay,4000,0.1329,1.000,0.0444,0.68
4354,replay,4000,0.1056,1.000,0.0444,0.68
4355,es_step,4000,0.0421,1.000,0.0444,2.76
4356,replay,4000,0.0588,1.000,0.0444,0.67
4357,replay,4000,0.0017,1.000,0.0443,0.68
4358,replay,4000,0.0819,1.000,0.0442,0.68
4359,replay,4000,0.0840,1.000,0.0443,0.68
4360,replay,4000,0.1082,1.000,0.0443,0.67
4361,replay,4000,0.1122,1.000,0.0443,0.68
4362,replay,4000,0.1250,1.000,0.0444,0.68
4363,replay,4000,0.0976,1.000,0.0444,0.68
4364,replay,4000,0.0376,1.000,0.0443,0.68
4365,replay,4000,0.0483,1.000,0.0442,0.68
4366,replay,4000,0.0485,1.000,0.0441,0.67
4367,replay,4000,0.0453,1.000,0.0440,0.68
4368,replay,4000,0.0348,1.000,0.0439,0.68
4369,replay,4000,0.0844,1.000,0.0439,0.68
4370,es_step,4000,0.0610,1.000,0.0439,2.76
4371,replay,4000,0.1263,1.000,0.0440,0.67
4372,replay,4000,0.1764,1.000,0.0442,0.67
4373,es_step,4000,0.1067,1.000,0.0449,2.75
4374,es_step,4000,0.1015,0.969,0.0450,2.75
4375,replay,4000,0.1578,1.000,0.0452,0.67
4376,replay,4000,0.1102,1.000,0.0453,0.67
4377,replay,4000,0.0789,1.000,0.0454,0.67
4378,replay,4000,0.0921,1.000,0.0455,0.67
4379,replay,4000,0.0489,1.000,0.0454,0.67
4380,replay,4000,0.1310,1.000,0.0456,0.67
4381,replay,4000,0.1596,1.000,0.0457,0.68
4382,es_step,4000,0.0865,0.969,0.0457,2.76
4383,replay,4000,0.1331,1.000,0.0459,0.68
4384,es_step,4000,0.0639,1.000,0.0459,2.76
4385,es_step,4000,0.0670,1.000,0.0459,2.76
4386,es_step,4000,0.0673,1.000,0.0459,2.76
4387,replay,4000,0.0904,1.000,0.0460,0.68
4388,replay,4000,0.0868,1.000,0.0459,0.68
4389,replay,4000,0.0443,1.000,0.0458,0.68
4390,replay,4000,0.0719,1.000,0.0458,0.68
4391,es_step,4000,0.0423,1.000,0.0458,2.76
4392,replay,4000,0.0652,1.000,0.0457,0.67
4393,replay,4000,0.0831,1.000,0.0457,0.67
4394,replay,4000,0.0642,1.000,0.0457,0.67
4395,replay,4000,0.0476,1.000,0.0457,0.68
4396,es_step,4000,0.0287,1.000,0.0457,2.77
4397,es_step,4000,0.0312,1.000,0.0457,2.76
4398,replay,4000,0.0675,1.000,0.0456,0.67
4399,replay,4000,0.0609,1.000,0.0455,0.67
4400,es_step,4000,0.0204,0.969,0.0455,2.75
4401,replay,4000,0.0510,1.000,0.0455,0.68
4402,replay,4000,0.0597,1.000,0.0454,0.67
4403,replay,4000,0.0456,1.000,0.0453,0.67
4404,replay,4000,0.0563,1.000,0.0453,0.67
4405,replay,4000,0.0933,1.000,0.0452,0.67
4406,replay,4000,0.0778,1.000,0.0451,0.67
4407,replay,4000,-0.0483,1.000,0.0450,0.67
4408,replay,4000,0.0688,1.000,0.0450,0.67
4409,replay,4000,0.0751,1.000,0.0451,0.67
4410,replay,4000,0.0826,1.000,0.0451,0.67
4411,es_step,4000,0.0406,1.000,0.0451,2.75
4412,es_step,4000,0.0419,1.000,0.0451,2.74
4413,replay,4000,0.0456,1.000,0.0451,0.68
4414,es_step,4000,0.0337,1.000,0.0451,2.75
4415,replay,4000,0.1044,1.000,0.0451,0.67
4416,es_step,4000,0.0304,1.000,0.0451,2.75
4417,replay,4000,0.0367,1.000,0.0450,0.68
4418,replay,4000,0.0428,1.000,0.0450,0.67
4419,replay,4000,0.0340,1.000,0.0449,0.67
4420,replay,4000,0.0471,1.000,0.0449,0.67
4421,es_step,4000,0.0439,1.000,0.0449,2.75
4422,replay,4000,0.0925,1.000,0.0448,0.68
4423,replay,4000,0.0696,1.000,0.0448,0.68
4424,replay,4000,0.0705,1.000,0.0448,0.68
4425,replay,4000,0.0361,1.000,0.0446,0.67
4426,replay,4000,0.0662,1.000,0.0446,0.67
4427,es_step,4000,0.0260,1.000,0.0446,2.75
4428,replay,4000,0.0511,1.000,0.0446,0.68
4429,replay,4000,0.0494,1.000,0.0446,0.67
4430,replay,4000,0.0335,1.000,0.0447,0.67
4431,replay,4000,0.0746,1.000,0.0446,0.68
4432,replay,4000,0.1038,1.000,0.0447,0.68
4433,replay,4000,0.0825,1.000,0.0448,0.67
4434,replay,4000,0.1093,1.000,0.0447,0.67
4435,replay,4000,0.0848,1.000,0.0446,0.67
4436,es_step,4000,0.0143,1.000,0.0446,2.77
4437,replay,4000,0.0427,1.000,0.0445,0.67
4438,replay,4000,0.0825,1.000,0.0445,0.68
4439,es_step,4000,0.0673,1.000,0.0446,2.75
4440,replay,4000,0.1106,1.000,0.0447,0.67
4441,replay,4000,0.1675,1.000,0.0448,0.67
4442,replay,4000,0.1297,1.000,0.0449,0.67
4443,replay,4000,0.0776,1.000,0.0447,0.67
4444,es_step,4000,0.0158,1.000,0.0447,2.76
4445,replay,4000,0.0489,1.000,0.0446,0.67
4446,replay,4000,0.0453,1.000,0.0446,0.68
4447,replay,4000,0.0842,1.000,0.0445,0.68
4448,replay,4000,0.0697,1.000,0.0445,0.68
4449,replay,4000,0.0703,1.000,0.0445,2.96
4450,replay,4000,0.0542,1.000,0.0444,0.68
4451,replay,4000,0.0510,1.000,0.0444,0.68
4452,replay,4000,0.0912,1.000,0.0444,0.68
4453,es_step,4000,0.0430,0.969,0.0444,2.76
4454,es_step,4000,0.0419,1.000,0.0444,2.74
4455,replay,4000,0.1001,1.000,0.0445,0.67
4456,replay,4000,0.0745,1.000,0.0445,0.67
4457,replay,4000,0.0611,1.000,0.0445,0.67
4458,es_step,4000,0.0381,1.000,0.0445,2.75
4459,es_step,4000,0.0417,1.000,0.0445,2.74
4460,replay,4000,0.0555,1.000,0.0445,0.67
4461,replay,4000,0.0743,1.000,0.0445,0.67
4462,replay,4000,0.1015,1.000,0.0445,0.67
4463,replay,4000,0.0734,1.000,0.0444,0.67
4464,replay,4000,0.0243,1.000,0.0443,0.67
4465,es_step,4000,0.0126,1.000,0.0443,2.72
4466,replay,4000,-0.1796,1.000,0.0440,0.67
4467,replay,4000,0.0656,1.000,0.0440,0.67
4468,replay,4000,0.0853,1.000,0.0441,0.67
4469,replay,4000,0.1057,1.000,0.0441,0.67
4470,replay,4000,0.1266,1.000,0.0442,0.67
4471,replay,4000,0.1141,1.000,0.0443,0.67
4472,replay,4000,0.0919,1.000,0.0444,0.67
4473,replay,4000,0.1071,1.000,0.0443,0.67
4474,replay,4000,0.1177,1.000,0.0444,0.67
4475,replay,4000,0.1164,1.000,0.0445,0.67
4476,replay,4000,0.1475,1.000,0.0449,0.67
4477,replay,4000,0.1279,1.000,0.0451,0.67
4478,es_step,4000,0.1015,1.000,0.0457,2.90
4479,replay,4000,0.0932,1.000,0.0457,0.66
4480,replay,4000,0.1502,1.000,0.0458,0.67
4481,replay,4000,0.1360,1.000,0.0460,0.67
4482,es_step,4000,0.0616,1.000,0.0460,2.74
4483,replay,4000,0.0847,1.000,0.0460,0.67
4484,replay,4000,0.0602,1.000,0.0459,0.67
4485,replay,4000,0.0428,1.000,0.0458,0.67
4486,replay,4000,0.0295,1.000,0.0456,0.67
4487,replay,4000,0.0347,1.000,0.0455,0.68
4488,replay,4000,0.0284,1.000,0.0453,0.68
4489,replay,4000,0.0424,1.000,0.0453,0.68
4490,replay,4000,0.0705,1.000,0.0452,0.68
4491,replay,4000,0.0661,1.000,0.0452,0.67
4492,replay,4000,0.0581,1.000,0.0452,0.68
4493,replay,4000,0.0552,1.000,0.0452,0.68
4494,replay,4000,0.0450,1.000,0.0451,0.67
4495,replay,4000,0.0449,1.000,0.0450,0.68
4496,es_step,4000,0.0295,1.000,0.0450,2.75
4497,replay,4000,0.0358,1.000,0.0449,0.67
4498,es_step,4000,0.0378,1.000,0.0449,2.75
4499,replay,4000,0.0565,1.000,0.0448,0.67
4500,replay,4000,0.0847,1.000,0.0448,0.67
4501,replay,4000,0.1099,1.000,0.0449,0.67
4502,replay,4000,0.1222,1.000,0.0450,0.67
4503,replay,4000,0.1365,1.000,0.0451,0.67
4504,es_step,4000,0.0873,1.000,0.0451,2.70
4505,replay,4000,0.1520,1.000,0.0451,0.66
4506,es_step,4000,0.0836,1.000,0.0451,2.71
4507,es_step,4000,0.0785,1.000,0.0451,2.70
4508,replay,4000,0.1475,1.000,0.0452,0.66
4509,replay,4000,0.0968,1.000,0.0452,0.66
4510,replay,4000,0.0875,1.000,0.0452,0.66
4511,replay,4000,0.0644,1.000,0.0452,0.67
4512,replay,4000,0.0726,1.000,0.0452,0.67
4513,replay,4000,0.0580,1.000,0.0451,0.66
4514,es_step,4000,0.0282,1.000,0.0451,2.70
4515,replay,4000,0.0468,1.000,0.0450,0.66
4516,replay,4000,0.0625,1.000,0.0450,0.66
4517,replay,4000,0.1002,1.000,0.0450,0.66
4518,replay,4000,0.0764,1.000,0.0450,0.66
4519,replay,4000,0.0895,1.000,0.0450,0.65
4520,replay,4000,0.1090,1.000,0.0451,0.65
4521,replay,4000,0.0675,1.000,0.0451,0.66
4522,replay,4000,0.0484,1.000,0.0451,0.66
4523,replay,4000,0.0340,1.000,0.0449,0.67
4524,replay,4000,0.0275,1.000,0.0447,0.67
4525,es_step,4000,0.0362,1.000,0.0447,2.71
4526,replay,4000,0.0757,1.000,0.0447,0.66
4527,replay,4000,0.0627,1.000,0.0448,0.66
4528,replay,4000,0.0681,1.000,0.0448,0.66
4529,es_step,4000,0.0440,1.000,0.0448,2.69
4530,es_step,4000,0.0444,1.000,0.0448,2.70
4531,es_step,4000,0.0463,1.000,0.0448,2.70
4532,replay,4000,0.0538,1.000,0.0448,0.66
4533,replay,4000,0.0633,1.000,0.0448,0.66
4534,replay,4000,0.0894,1.000,0.0448,0.66
4535,es_step,4000,0.0471,1.000,0.0448,2.72
4536,replay,4000,0.0951,1.000,0.0448,0.67
4537,replay,4000,0.1089,1.000,0.0448,0.66
4538,replay,4000,0.1170,1.000,0.0448,0.67
4539,es_step,4000,0.0605,1.000,0.0448,2.72
4540,replay,4000,0.1057,1.000,0.0449,0.66
4541,replay,4000,0.0837,1.000,0.0449,0.67
4542,replay,4000,0.1169,1.000,0.0450,0.66
4543,replay,4000,0.0723,1.000,0.0450,0.66
4544,replay,4000,0.0734,1.000,0.0450,0.65
4545,es_step,4000,0.0254,1.000,0.0450,2.68
4546,replay,4000,0.0697,1.000,0.0450,0.66
4547,replay,4000,0.0594,1.000,0.0449,0.67
4548,replay,4000,0.0920,1.000,0.0450,0.66
4549,replay,4000,0.1888,1.000,0.0451,0.67
4550,replay,4000,0.1389,1.000,0.0453,0.67
4551,replay,4000,0.1286,1.000,0.0454,0.67
4552,replay,4000,0.0917,1.000,0.0453,0.67
4553,replay,4000,0.0615,1.000,0.0452,0.67
4554,es_step,4000,0.0382,1.000,0.0452,2.75
4555,replay,4000,0.0801,1.000,0.0452,0.67
4556,replay,4000,0.0888,1.000,0.0452,0.67
4557,replay,4000,0.0559,1.000,0.0452,0.67
4558,replay,4000,0.0664,1.000,0.0452,0.67
4559,replay,4000,0.0175,1.000,0.0450,0.67
4560,replay,4000,0.0565,1.000,0.0449,0.67
4561,replay,4000,0.0725,1.000,0.0450,0.67
4562,es_step,4000,0.0546,1.000,0.0450,2.73
4563,replay,4000,0.0998,1.000,0.0451,0.67
4564,replay,4000,0.0828,1.000,0.0451,0.67
4565,replay,4000,0.0911,1.000,0.0451,0.67
4566,es_step,4000,0.0570,0.969,0.0451,2.73
4567,replay,4000,0.1251,1.000,0.0452,0.67
4568,replay,4000,0.1128,1.000,0.0452,0.67
4569,replay,4000,0.0907,1.000,0.0451,0.67
4570,replay,4000,0.0569,1.000,0.0450,0.67
4571,es_step,4000,-0.0025,1.000,0.0450,2.74
4572,replay,4000,0.0450,1.000,0.0449,0.67
4573,replay,4000,0.0209,1.000,0.0446,0.66
4574,replay,4000,0.0676,1.000,0.0446,0.66
4575,replay,4000,0.0879,1.000,0.0447,0.66
4576,replay,4000,0.1076,1.000,0.0448,0.66
4577,replay,4000,0.1255,1.000,0.0449,0.66
4578,replay,4000,0.1238,1.000,0.0450,0.66
4579,replay,4000,0.1167,1.000,0.0451,0.66
4580,replay,4000,0.1025,1.000,0.0451,0.66
4581,replay,4000,0.0652,1.000,0.0452,0.66
4582,es_step,4000,0.0326,1.000,0.0452,2.72
4583,replay,4000,0.0743,1.000,0.0451,0.67
4584,replay,4000,0.0630,1.000,0.0451,0.67
4585,replay,4000,0.0888,1.000,0.0450,0.67
4586,replay,4000,0.0032,1.000,0.0449,0.67
4587,es_step,4000,0.0048,1.000,0.0449,2.71
4588,es_step,4000,0.0025,1.000,0.0449,2.71
4589,es_step,4000,0.0029,1.000,0.0449,2.72
4590,es_step,4000,0.0022,1.000,0.0449,2.73
4591,replay,4000,0.0510,1.000,0.0448,0.67
4592,replay,4000,0.0354,1.000,0.0447,0.67
4593,replay,4000,0.0657,1.000,0.0446,0.66
4594,replay,4000,0.1120,1.000,0.0447,0.66
4595,replay,4000,0.1181,1.000,0.0450,0.66
4596,replay,4000,0.0227,1.000,0.0449,0.66
4597,replay,4000,0.0963,1.000,0.0450,0.65
4598,replay,4000,0.1288,1.000,0.0452,0.65
4599,replay,4000,0.1093,1.000,0.0452,0.65
4600,replay,4000,0.0810,1.000,0.0452,0.66
4601,replay,4000,0.0489,1.000,0.0450,0.66
4602,replay,4000,0.0639,1.000,0.0450,0.65
4603,replay,4000,0.0612,1.000,0.0450,0.65
4604,es_step,4000,0.0205,1.000,0.0450,2.71
4605,es_step,4000,0.0205,1.000,0.0450,2.72
4606,replay,4000,0.0791,1.000,0.0450,0.66
4607,replay,4000,0.1677,1.000,0.0450,0.66
4608,replay,4000,0.1722,1.000,0.0449,0.66
4609,es_step,4000,0.0733,1.000,0.0449,2.68
4610,es_step,4000,0.0773,1.000,0.0449,2.68
4611,replay,4000,0.1982,1.000,0.0450,0.66
4612,replay,4000,0.2213,1.000,0.0453,0.65
4613,es_step,4000,0.0906,1.000,0.0456,2.69
4614,replay,4000,0.1911,1.000,0.0457,0.66
4615,replay,4000,0.2020,1.000,0.0458,0.66
4616,replay,4000,0.1412,1.000,0.0460,0.67
4617,replay,4000,0.1338,1.000,0.0460,0.67
4618,replay,4000,0.0702,1.000,0.0461,0.66
4619,es_step,4000,0.0097,0.969,0.0461,2.70
4620,replay,4000,0.0619,1.000,0.0461,0.66
4621,es_step,4000,-0.0005,1.000,0.0461,2.69
4622,replay,4000,0.0622,1.000,0.0460,0.65
4623,replay,4000,0.0322,1.000,0.0458,0.65
4624,replay,4000,0.0245,1.000,0.0456,0.66
4625,replay,4000,0.0558,1.000,0.0455,0.66
4626,replay,4000,0.0513,1.000,0.0454,0.66
4627,replay,4000,0.0687,1.000,0.0453,0.66
4628,replay,4000,0.0874,1.000,0.0453,0.67
4629,replay,4000,0.0704,1.000,0.0453,0.67
4630,replay,4000,0.0516,1.000,0.0453,0.67
4631,es_step,4000,0.0237,1.000,0.0453,2.74
4632,replay,4000,0.0845,1.000,0.0452,0.67
4633,replay,4000,0.0319,1.000,0.0451,0.67
4634,replay,4000,0.0372,1.000,0.0450,0.66
4635,replay,4000,0.0641,1.000,0.0450,0.66
4636,replay,4000,0.0553,1.000,0.0449,0.67
4637,es_step,4000,0.0407,1.000,0.0449,2.72
4638,replay,4000,0.0695,1.000,0.0450,0.66
4639,replay,4000,0.0467,1.000,0.0450,0.66
4640,es_step,4000,0.0450,1.000,0.0450,2.70
4641,replay,4000,0.0427,1.000,0.0449,0.66
4642,replay,4000,0.0621,1.000,0.0448,0.66
4643,replay,4000,0.0737,1.000,0.0448,0.65
4644,replay,4000,0.0398,1.000,0.0448,0.65
4645,replay,4000,0.0558,1.000,0.0447,0.66
4646,es_step,4000,0.0140,1.000,0.0447,2.68
4647,replay,4000,0.0442,1.000,0.0446,0.65
4648,es_step,4000,0.0276,1.000,0.0446,2.70
4649,replay,4000,0.0787,1.000,0.0446,0.67
4650,es_step,4000,0.0430,1.000,0.0446,2.70
4651,replay,4000,0.1059,1.000,0.0447,0.67
4652,replay,4000,0.1484,1.000,0.0447,0.67
4653,replay,4000,0.1116,1.000,0.0449,0.67
4654,replay,4000,0.1561,1.000,0.0450,0.67
4655,replay,4000,0.1493,1.000,0.0452,0.67
4656,replay,4000,0.1444,1.000,0.0456,0.66
4657,replay,4000,-0.0203,1.000,0.0455,0.66
4658,replay,4000,0.0934,1.000,0.0456,0.66
4659,replay,4000,0.1458,1.000,0.0459,0.66
4660,replay,4000,0.0253,1.000,0.0459,0.66
4661,replay,4000,0.1497,1.000,0.0462,0.66
4662,replay,4000,0.1515,1.000,0.0463,0.66
4663,replay,4000,0.1255,1.000,0.0464,0.66
4664,es_step,4000,0.0300,1.000,0.0464,2.69
4665,replay,4000,0.0916,1.000,0.0464,0.66
4666,replay,4000,0.0947,1.000,0.0464,0.66
4667,replay,4000,0.0535,1.000,0.0464,0.66
4668,replay,4000,0.0756,1.000,0.0464,0.66
4669,replay,4000,0.1014,1.000,0.0464,0.66
4670,replay,4000,0.0622,1.000,0.0464,0.65
4671,replay,4000,0.1057,1.000,0.0464,0.65
4672,replay,4000,0.1398,1.000,0.0464,0.65
4673,replay,4000,0.0908,1.000,0.0465,0.66
4674,replay,4000,0.1409,1.000,0.0465,0.66
4675,replay,4000,0.1200,1.000,0.0465,0.67
4676,replay,4000,0.1102,1.000,0.0465,0.67
4677,es_step,4000,0.0687,1.000,0.0465,2.72
4678,replay,4000,0.1194,1.000,0.0466,0.67
4679,replay,4000,0.1244,1.000,0.0467,0.67
4680,replay,4000,0.1263,1.000,0.0468,0.67
4681,replay,4000,0.1274,1.000,0.0468,0.68
4682,es_step,4000,0.0368,1.000,0.0468,2.75
4683,replay,4000,0.0905,1.000,0.0469,0.67
4684,es_step,4000,0.0247,1.000,0.0469,2.75
4685,es_step,4000,0.0224,1.000,0.0469,2.75
4686,es_step,4000,0.0219,1.000,0.0469,2.74
4687,replay,4000,-0.0011,1.000,0.0466,0.67
4688,replay,4000,0.0699,1.000,0.0466,0.67
4689,replay,4000,0.0862,1.000,0.0467,0.67
4690,replay,4000,0.0765,1.000,0.0467,0.67
4691,es_step,4000,0.0402,1.000,0.0467,2.72
4692,replay,4000,0.0698,1.000,0.0467,0.65
4693,replay,4000,0.0651,1.000,0.0465,0.64
4694,replay,4000,0.0254,1.000,0.0464,0.63
4695,replay,4000,0.0547,1.000,0.0464,0.64
4696,replay,4000,0.0495,1.000,0.0464,0.63
4697,es_step,4000,0.0343,1.000,0.0464,4.96
4698,es_step,4000,0.0333,1.000,0.0464,2.65
4699,es_step,4000,0.0315,1.000,0.0464,2.69
4700,replay,4000,0.0619,1.000,0.0464,0.66
4701,replay,4000,0.1149,1.000,0.0463,0.66
4702,replay,4000,0.0751,1.000,0.0463,0.67
4703,replay,4000,0.0815,1.000,0.0464,0.67
4704,es_step,4000,0.0625,1.000,0.0464,2.73
4705,replay,4000,0.1047,1.000,0.0464,0.67
4706,replay,4000,0.0666,1.000,0.0463,0.67
4707,replay,4000,0.0858,1.000,0.0464,0.67
4708,es_step,4000,0.0551,1.000,0.0464,2.73
4709,replay,4000,0.1046,1.000,0.0464,0.67
4710,replay,4000,0.0902,1.000,0.0465,0.67
4711,replay,4000,-0.1148,1.000,0.0465,0.68
4712,es_step,4000,0.0611,1.000,0.0465,2.75
4713,replay,4000,0.1407,1.000,0.0466,0.67
4714,replay,4000,0.1390,1.000,0.0467,0.67
4715,replay,4000,0.1211,1.000,0.0467,0.67
4716,es_step,4000,0.0948,1.000,0.0470,2.73
4717,replay,4000,0.1458,1.000,0.0472,0.67
4718,replay,4000,0.1427,1.000,0.0473,0.67
4719,replay,4000,0.1054,1.000,0.0472,0.67
4720,replay,4000,0.0909,1.000,0.0472,0.68
4721,replay,4000,0.0908,1.000,0.0471,0.68
4722,replay,4000,0.0636,1.000,0.0470,0.67
4723,es_step,4000,0.0279,1.000,0.0470,2.74
4724,replay,4000,0.0557,1.000,0.0470,0.67
4725,replay,4000,0.0506,1.000,0.0472,0.67
4726,replay,4000,0.0663,1.000,0.0471,0.66
4727,replay,4000,0.0657,1.000,0.0471,0.66
4728,es_step,4000,0.0218,1.000,0.0471,2.70
4729,replay,4000,0.0372,1.000,0.0470,0.66
4730,es_step,4000,0.0226,1.000,0.0470,2.70
4731,es_step,4000,0.0240,1.000,0.0470,2.70
4732,replay,4000,0.0421,1.000,0.0469,0.66
4733,replay,4000,0.0758,1.000,0.0468,0.67
4734,replay,4000,0.1104,1.000,0.0469,0.67
4735,es_step,4000,0.0785,1.000,0.0469,2.73
4736,replay,4000,0.1190,1.000,0.0473,0.66
4737,replay,4000,0.1385,1.000,0.0474,0.66
4738,replay,4000,0.1296,1.000,0.0476,0.66
4739,replay,4000,0.1507,1.000,0.0478,0.65
4740,replay,4000,0.1482,1.000,0.0479,0.66
4741,replay,4000,0.1627,1.000,0.0479,0.65
4742,es_step,4000,0.0565,1.000,0.0479,2.70
4743,replay,4000,0.1140,1.000,0.0479,0.66
4744,es_step,4000,0.0608,1.000,0.0479,2.71
4745,es_step,4000,0.0650,1.000,0.0479,2.73
4746,replay,4000,0.1215,1.000,0.0480,0.67
4747,es_step,4000,0.0669,1.000,0.0480,2.73
4748,replay,4000,0.1035,1.000,0.0481,0.67
4749,replay,4000,0.0739,1.000,0.0481,0.67
4750,replay,4000,0.0958,1.000,0.0482,0.67
4751,replay,4000,0.0835,1.000,0.0483,0.67
4752,replay,4000,0.0882,1.000,0.0483,0.67
4753,replay,4000,0.1026,1.000,0.0482,0.67
4754,es_step,4000,0.0337,1.000,0.0482,2.75
4755,es_step,4000,0.0371,1.000,0.0482,2.73
4756,replay,4000,0.0986,1.000,0.0482,0.67
4757,es_step,4000,0.0334,1.000,0.0482,2.72
4758,replay,4000,0.0657,1.000,0.0482,0.67
4759,es_step,4000,0.0318,1.000,0.0482,2.74
4760,replay,4000,0.0715,1.000,0.0482,0.68
4761,replay,4000,0.0640,1.000,0.0481,0.67
4762,es_step,4000,0.0174,1.000,0.0481,2.73
4763,replay,4000,0.0557,1.000,0.0482,0.68
4764,replay,4000,0.0861,1.000,0.0481,0.68
4765,replay,4000,0.0479,1.000,0.0480,0.67
4766,replay,4000,0.0724,1.000,0.0480,0.68
4767,replay,4000,0.0653,1.000,0.0479,0.68
4768,es_step,4000,0.0424,1.000,0.0479,2.75
4769,replay,4000,0.1183,1.000,0.0479,0.67
4770,replay,4000,0.0754,1.000,0.0479,0.68
4771,replay,4000,0.1056,1.000,0.0480,0.68
4772,replay,4000,0.1034,1.000,0.0480,0.67
4773,replay,4000,0.1107,1.000,0.0480,0.67
4774,replay,4000,0.1209,1.000,0.0480,0.67
4775,replay,4000,0.1180,1.000,0.0481,0.66
4776,replay,4000,0.1157,1.000,0.0481,0.67
4777,replay,4000,0.1074,1.000,0.0482,0.66
4778,replay,4000,0.0953,1.000,0.0482,0.66
4779,replay,4000,0.1031,1.000,0.0483,0.66
4780,replay,4000,0.1170,1.000,0.0484,0.66
4781,replay,4000,0.1153,1.000,0.0484,0.66
4782,replay,4000,0.1082,1.000,0.0484,0.67
4783,es_step,4000,0.0397,1.000,0.0484,2.73
4784,es_step,4000,0.0406,1.000,0.0484,2.74
4785,replay,4000,0.0903,1.000,0.0484,0.67
4786,replay,4000,0.0735,1.000,0.0484,0.67
4787,replay,4000,0.0589,1.000,0.0483,0.67
4788,replay,4000,0.0493,1.000,0.0482,0.67
4789,replay,4000,0.0258,1.000,0.0481,0.67
4790,replay,4000,0.0296,1.000,0.0479,0.67
4791,replay,4000,0.0524,1.000,0.0478,0.68
4792,replay,4000,0.0796,1.000,0.0479,0.69
4793,replay,4000,0.0829,1.000,0.0478,0.69
4794,replay,4000,0.0844,1.000,0.0479,0.68
4795,replay,4000,0.1008,1.000,0.0480,0.68
4796,replay,4000,0.1111,1.000,0.0481,0.68
4797,replay,4000,0.1393,1.000,0.0482,0.68
4798,replay,4000,0.1171,1.000,0.0484,0.69
4799,replay,4000,0.0813,1.000,0.0485,0.68
4800,replay,4000,0.0949,1.000,0.0485,0.68
4801,replay,4000,0.0933,1.000,0.0485,0.68
4802,replay,4000,0.0604,1.000,0.0485,0.68
4803,replay,4000,0.0488,1.000,0.0485,0.68
4804,replay,4000,0.0559,1.000,0.0484,0.68
4805,replay,4000,0.0886,1.000,0.0484,0.69
4806,replay,4000,0.0685,1.000,0.0484,0.67
4807,replay,4000,0.0765,1.000,0.0484,0.66
4808,replay,4000,0.1016,1.000,0.0484,0.65
4809,replay,4000,0.0958,1.000,0.0484,0.65
4810,replay,4000,0.0759,1.000,0.0484,0.65
4811,replay,4000,0.0447,1.000,0.0483,0.64
4812,replay,4000,0.0319,1.000,0.0482,0.64
4813,replay,4000,0.0393,1.000,0.0481,0.64
4814,replay,4000,0.0599,1.000,0.0481,0.64
4815,replay,4000,0.0298,1.000,0.0481,0.64
4816,replay,4000,0.0679,1.000,0.0480,0.65
4817,es_step,4000,0.0678,1.000,0.0480,2.71
4818,replay,4000,0.0898,1.000,0.0481,0.67
4819,replay,4000,0.1192,1.000,0.0482,0.68
4820,replay,4000,0.1259,1.000,0.0483,0.68
4821,replay,4000,0.0620,1.000,0.0482,0.68
4822,replay,4000,0.0848,1.000,0.0482,0.68
4823,replay,4000,0.0604,1.000,0.0482,0.68
4824,es_step,4000,0.0212,1.000,0.0482,2.76
4825,replay,4000,0.0375,1.000,0.0481,0.67
4826,replay,4000,0.0352,1.000,0.0480,0.68
4827,replay,4000,0.0433,1.000,0.0479,0.68
4828,replay,4000,0.0246,1.000,0.0476,0.68
4829,es_step,4000,0.0508,1.000,0.0476,2.75
4830,es_step,4000,0.0528,0.969,0.0476,2.73
4831,replay,4000,0.0582,1.000,0.0477,0.67
4832,replay,4000,0.0878,1.000,0.0477,0.67
4833,replay,4000,0.0938,1.000,0.0478,0.67
4834,replay,4000,0.0572,1.000,0.0478,0.68
4835,es_step,4000,0.0576,1.000,0.0478,2.76
4836,replay,4000,0.0809,1.000,0.0479,0.67
4837,replay,4000,0.1081,1.000,0.0480,0.68
4838,replay,4000,0.1172,1.000,0.0481,0.68
4839,es_step,4000,0.0708,1.000,0.0481,2.74
4840,replay,4000,0.1120,1.000,0.0481,0.67
4841,replay,4000,0.0981,1.000,0.0482,0.68
4842,es_step,4000,0.0454,1.000,0.0482,2.76
4843,replay,4000,0.0786,1.000,0.0482,0.68
4844,es_step,4000,0.0337,1.000,0.0482,2.76
4845,replay,4000,0.0845,1.000,0.0482,0.67
4846,replay,4000,0.0699,1.000,0.0481,0.68
4847,replay,4000,0.0695,1.000,0.0481,0.68
4848,replay,4000,0.0661,1.000,0.0481,0.68
4849,replay,4000,0.0909,1.000,0.0481,0.69
4850,replay,4000,0.0433,1.000,0.0481,0.69
4851,replay,4000,0.0291,1.000,0.0479,0.69
4852,replay,4000,0.0487,1.000,0.0479,0.69
4853,replay,4000,0.0596,1.000,0.0479,0.69
4854,replay,4000,0.0754,1.000,0.0479,0.69
4855,replay,4000,0.1243,1.000,0.0479,0.69
4856,es_step,4000,0.0502,1.000,0.0479,2.85
4857,replay,4000,0.0917,1.000,0.0479,0.69
4858,replay,4000,0.0981,1.000,0.0480,0.69
4859,replay,4000,0.1046,1.000,0.0481,0.69
4860,replay,4000,0.0034,1.000,0.0480,0.69
4861,replay,4000,0.1009,1.000,0.0481,0.69
4862,replay,4000,0.1192,1.000,0.0481,0.69
4863,es_step,4000,0.0440,1.000,0.0481,2.81
4864,es_step,4000,0.0448,1.000,0.0481,2.80
4865,es_step,4000,0.0426,1.000,0.0481,2.78
4866,replay,4000,0.1042,1.000,0.0481,0.68
4867,replay,4000,0.0637,1.000,0.0480,0.68
4868,replay,4000,0.0602,1.000,0.0480,0.68
4869,es_step,4000,0.0227,1.000,0.0480,2.76
4870,replay,4000,0.0457,1.000,0.0479,0.68
4871,replay,4000,0.0513,1.000,0.0478,0.68
4872,replay,4000,0.0930,1.000,0.0479,0.68
4873,replay,4000,0.1009,1.000,0.0479,0.68
4874,replay,4000,0.0804,1.000,0.0479,0.68
4875,es_step,4000,0.0154,1.000,0.0479,2.76
4876,replay,4000,0.0490,1.000,0.0478,0.69
4877,es_step,4000,-0.0010,1.000,0.0478,2.80
4878,replay,4000,0.0022,1.000,0.0476,0.69
4879,replay,4000,0.0642,1.000,0.0476,0.69
4880,replay,4000,0.0605,1.000,0.0475,0.69
4881,es_step,4000,0.0627,1.000,0.0476,2.81
4882,es_step,4000,0.0612,1.000,0.0476,2.79
4883,replay,4000,0.1008,1.000,0.0476,0.69
4884,replay,4000,0.0994,1.000,0.0477,0.69
4885,replay,4000,0.0807,1.000,0.0477,0.69
4886,replay,4000,0.0555,1.000,0.0475,0.69
4887,es_step,4000,0.0134,1.000,0.0475,2.84
4888,replay,4000,0.0485,1.000,0.0475,0.67
4889,replay,4000,0.0455,1.000,0.0474,0.66
4890,replay,4000,0.0375,1.000,0.0473,0.65
4891,replay,4000,0.0851,1.000,0.0473,0.65
4892,es_step,4000,0.0263,1.000,0.0473,2.66
4893,replay,4000,0.0391,1.000,0.0472,0.64
4894,replay,4000,0.0531,1.000,0.0471,0.64
4895,replay,4000,0.0005,1.000,0.0468,0.63
4896,replay,4000,0.0833,1.000,0.0468,0.64
4897,es_step,4000,0.0390,1.000,0.0468,2.71
4898,replay,4000,0.0554,1.000,0.0467,0.67
4899,replay,4000,0.0629,1.000,0.0467,0.68
4900,replay,4000,0.0439,1.000,0.0467,0.68
4901,es_step,4000,0.0365,1.000,0.0467,2.77
4902,replay,4000,0.0595,1.000,0.0467,0.69
4903,es_step,4000,0.0514,1.000,0.0467,2.77
4904,replay,4000,0.0949,1.000,0.0467,0.69
4905,replay,4000,0.0772,1.000,0.0468,0.69
4906,replay,4000,0.0956,1.000,0.0468,0.68
4907,replay,4000,0.0771,1.000,0.0468,0.68
4908,replay,4000,0.0889,1.000,0.0468,0.68
4909,replay,4000,0.0742,1.000,0.0468,0.69
4910,replay,4000,0.0371,1.000,0.0468,0.69
4911,replay,4000,0.0411,1.000,0.0467,0.70
4912,replay,4000,0.0403,1.000,0.0466,0.70
4913,replay,4000,0.0543,1.000,0.0465,0.69
4914,replay,4000,0.0499,1.000,0.0464,0.69
4915,replay,4000,0.0505,1.000,0.0464,0.69
4916,es_step,4000,0.0353,1.000,0.0464,2.81
4917,es_step,4000,0.0378,1.000,0.0464,2.79
4918,es_step,4000,0.0353,1.000,0.0464,2.79
4919,replay,4000,0.1033,1.000,0.0464,0.68
4920,replay,4000,0.0343,1.000,0.0462,0.68
4921,replay,4000,0.0954,1.000,0.0464,0.69
4922,replay,4000,0.1136,1.000,0.0464,0.70
4923,es_step,4000,0.0411,1.000,0.0464,2.80
4924,replay,4000,0.0744,1.000,0.0464,0.69
4925,replay,4000,0.0366,1.000,0.0464,0.69
4926,replay,4000,0.0942,1.000,0.0462,0.69
4927,replay,4000,0.0810,1.000,0.0461,0.69
4928,replay,4000,0.1259,1.000,0.0462,0.69
4929,es_step,4000,0.0698,1.000,0.0462,2.82
4930,replay,4000,0.1176,1.000,0.0463,0.69
4931,replay,4000,0.0848,1.000,0.0463,0.69
4932,replay,4000,0.0541,1.000,0.0461,0.69
4933,replay,4000,0.0257,1.000,0.0459,3.02
4934,replay,4000,0.0240,1.000,0.0458,0.69
4935,replay,4000,0.0731,1.000,0.0457,0.70
4936,replay,4000,0.0940,1.000,0.0458,0.69
4937,es_step,4000,0.0443,1.000,0.0458,2.82
4938,replay,4000,0.0572,1.000,0.0457,0.69
4939,es_step,4000,0.0206,1.000,0.0457,2.81
4940,replay,4000,0.0429,1.000,0.0456,0.69
4941,replay,4000,0.0345,1.000,0.0455,0.69
4942,replay,4000,0.0293,1.000,0.0454,0.69
4943,replay,4000,0.0603,1.000,0.0454,0.69
4944,replay,4000,0.0817,1.000,0.0454,0.68
4945,replay,4000,0.0995,1.000,0.0455,0.68
4946,replay,4000,0.0980,1.000,0.0455,0.69
4947,es_step,4000,0.0419,1.000,0.0455,2.81
4948,replay,4000,0.1204,1.000,0.0455,0.69
4949,replay,4000,0.1169,1.000,0.0456,0.69
4950,es_step,4000,0.0491,1.000,0.0456,2.82
4951,replay,4000,0.1243,1.000,0.0457,0.70
4952,replay,4000,0.1489,1.000,0.0458,0.69
4953,es_step,4000,0.0584,1.000,0.0458,2.79
4954,replay,4000,0.1374,1.000,0.0458,0.68
4955,replay,4000,0.1025,1.000,0.0458,0.69
4956,replay,4000,0.0843,1.000,0.0458,0.69
4957,replay,4000,0.0861,1.000,0.0458,0.69
4958,es_step,4000,0.0494,1.000,0.0458,2.83
4959,es_step,4000,0.0443,1.000,0.0458,2.81
4960,replay,4000,0.0781,1.000,0.0459,0.68
4961,replay,4000,0.0980,1.000,0.0459,0.68
4962,replay,4000,0.1237,1.000,0.0460,0.68
4963,replay,4000,0.0852,1.000,0.0461,0.69
4964,replay,4000,0.1457,1.000,0.0463,0.69
4965,replay,4000,0.1424,1.000,0.0466,0.69
4966,replay,4000,0.1505,1.000,0.0466,0.69
4967,replay,4000,0.1174,1.000,0.0467,0.70
4968,es_step,4000,0.0431,1.000,0.0467,2.81
4969,replay,4000,0.0853,1.000,0.0467,0.68
4970,replay,4000,0.0568,1.000,0.0466,0.69
4971,replay,4000,0.0664,1.000,0.0465,0.69
4972,replay,4000,0.0410,1.000,0.0464,0.69
4973,replay,4000,0.0250,1.000,0.0463,0.69
4974,replay,4000,0.0107,1.000,0.0462,0.69
4975,replay,4000,0.0575,1.000,0.0461,0.70
4976,es_step,4000,0.0359,1.000,0.0461,2.82
4977,replay,4000,0.0512,1.000,0.0462,0.69
4978,replay,4000,0.0500,1.000,0.0463,0.69
4979,replay,4000,0.0670,1.000,0.0463,0.69
4980,es_step,4000,0.0335,1.000,0.0463,2.82
4981,replay,4000,0.0546,1.000,0.0463,0.69
4982,replay,4000,0.0673,1.000,0.0464,0.69
4983,replay,4000,0.0823,1.000,0.0464,0.69
4984,es_step,4000,0.0429,1.000,0.0464,2.81
4985,replay,4000,0.1031,1.000,0.0464,0.69
4986,replay,4000,0.1124,1.000,0.0465,0.69
4987,replay,4000,0.0908,1.000,0.0465,0.69
4988,replay,4000,0.0691,1.000,0.0465,0.69
4989,replay,4000,0.0479,1.000,0.0464,0.69
4990,replay,4000,0.0359,1.000,0.0463,0.69
4991,replay,4000,0.0242,1.000,0.0461,0.69
4992,replay,4000,0.0654,1.000,0.0461,0.69
4993,replay,4000,0.0409,1.000,0.0461,0.69
4994,es_step,4000,0.0560,1.000,0.0461,2.80
4995,replay,4000,0.1135,1.000,0.0461,0.68
4996,replay,4000,0.1098,1.000,0.0462,0.69
4997,es_step,4000,0.0281,1.000,0.0462,2.78
4998,replay,4000,0.0779,1.000,0.0463,0.69
4999,replay,4000,0.0254,1.000,0.0462,0.69
5000,replay,4000,0.0065,1.000,0.0461,0.69
5001,replay,4000,0.0307,1.000,0.0461,0.69
5002,es_step,4000,0.0518,1.000,0.0461,2.82
5003,replay,4000,0.1088,1.000,0.0462,0.69
5004,replay,4000,0.1092,1.000,0.0462,0.69
5005,replay,4000,0.1088,1.000,0.0463,0.70
5006,replay,4000,0.0644,1.000,0.0462,0.70
5007,replay,4000,0.0687,1.000,0.0462,0.69
5008,es_step,4000,0.0237,1.000,0.0462,2.82
5009,replay,4000,0.0786,1.000,0.0461,0.68
5010,replay,4000,0.0561,1.000,0.0461,0.69
5011,replay,4000,0.0813,1.000,0.0461,0.69
5012,replay,4000,0.0888,1.000,0.0461,0.69
5013,es_step,4000,0.0282,1.000,0.0461,2.79
5014,replay,4000,0.0990,1.000,0.0461,0.69
5015,replay,4000,0.0308,1.000,0.0460,0.69
5016,replay,4000,0.0597,1.000,0.0459,0.68
5017,replay,4000,0.0702,1.000,0.0459,0.69
5018,replay,4000,0.0611,1.000,0.0457,0.69
5019,replay,4000,0.1093,1.000,0.0458,0.69
5020,replay,4000,0.1085,1.000,0.0460,0.69
5021,replay,4000,0.1053,1.000,0.0460,0.69
5022,replay,4000,0.0870,1.000,0.0460,0.70
5023,replay,4000,0.0554,1.000,0.0460,0.69
5024,replay,4000,0.0993,1.000,0.0460,0.69
5025,replay,4000,0.1336,1.000,0.0461,0.69
5026,replay,4000,0.1535,1.000,0.0461,0.69
5027,es_step,4000,0.0481,1.000,0.0461,2.80
5028,replay,4000,0.1317,1.000,0.0462,0.69
5029,replay,4000,0.0456,1.000,0.0461,0.68
5030,replay,4000,0.0115,1.000,0.0457,0.69
5031,replay,4000,-0.0055,1.000,0.0455,0.69
5032,replay,4000,0.0316,1.000,0.0454,0.70
5033,replay,4000,0.0477,1.000,0.0453,0.69
5034,replay,4000,0.1079,1.000,0.0454,0.70
5035,replay,4000,0.1222,1.000,0.0455,0.69
5036,replay,4000,0.1228,1.000,0.0456,0.69
5037,replay,4000,0.1157,1.000,0.0456,0.69
5038,replay,4000,0.0677,1.000,0.0457,0.69
5039,es_step,4000,0.0102,1.000,0.0457,2.82
5040,replay,4000,0.0273,1.000,0.0454,0.69
5041,es_step,4000,0.0068,1.000,0.0454,2.81
5042,replay,4000,0.0289,1.000,0.0453,0.69
5043,replay,4000,0.0411,1.000,0.0452,0.69
5044,replay,4000,0.0651,1.000,0.0451,0.69
5045,replay,4000,0.1026,1.000,0.0451,0.69
5046,replay,4000,0.0983,1.000,0.0451,0.70
5047,replay,4000,0.0739,1.000,0.0451,0.70
5048,replay,4000,0.0274,1.000,0.0450,0.69
5049,es_step,4000,0.0063,0.969,0.0450,2.84
5050,replay,4000,0.0236,1.000,0.0449,0.69
5051,replay,4000,0.0200,1.000,0.0448,0.69
5052,replay,4000,0.0468,1.000,0.0447,0.70
5053,replay,4000,0.0475,1.000,0.0447,0.70
5054,replay,4000,0.0592,1.000,0.0446,0.69
5055,replay,4000,0.0325,1.000,0.0446,0.69
5056,replay,4000,0.0716,1.000,0.0447,0.69
5057,replay,4000,0.1048,1.000,0.0447,0.69
5058,replay,4000,0.0922,1.000,0.0447,0.69
5059,replay,4000,0.0585,1.000,0.0447,0.69
5060,es_step,4000,0.0107,1.000,0.0447,2.82
5061,replay,4000,0.0479,1.000,0.0446,0.68
5062,replay,4000,0.0391,1.000,0.0444,0.69
5063,replay,4000,0.0412,1.000,0.0444,0.69
5064,es_step,4000,0.0203,1.000,0.0444,2.80
5065,replay,4000,0.0252,1.000,0.0443,0.69
5066,es_step,4000,0.0253,1.000,0.0443,2.81
5067,replay,4000,0.0481,1.000,0.0442,0.68
5068,replay,4000,0.0650,1.000,0.0442,0.69
5069,replay,4000,0.0511,1.000,0.0442,0.69
5070,replay,4000,0.0795,1.000,0.0441,0.69
5071,replay,4000,0.0631,1.000,0.0440,0.69
5072,replay,4000,0.0562,1.000,0.0439,0.69
5073,es_step,4000,0.0219,1.000,0.0439,2.81
5074,replay,4000,0.0443,1.000,0.0439,0.69
5075,replay,4000,0.0563,1.000,0.0438,0.69
5076,replay,4000,0.0666,1.000,0.0438,0.69
5077,replay,4000,0.0728,1.000,0.0438,0.69
5078,replay,4000,0.1054,1.000,0.0439,0.69
5079,replay,4000,0.0739,1.000,0.0439,0.69
5080,es_step,4000,0.0335,1.000,0.0440,2.80
5081,replay,4000,0.0795,1.000,0.0440,0.69
5082,replay,4000,0.0646,1.000,0.0440,0.70
5083,replay,4000,0.0540,1.000,0.0439,0.70
5084,replay,4000,0.0700,1.000,0.0439,0.70
5085,replay,4000,0.0701,1.000,0.0440,0.69
5086,replay,4000,0.0921,1.000,0.0441,0.70
5087,replay,4000,0.0723,1.000,0.0441,0.70
5088,es_step,4000,0.0511,1.000,0.0441,2.85
5089,es_step,4000,0.0482,1.000,0.0441,2.80
5090,replay,4000,0.0754,1.000,0.0441,0.69
5091,replay,4000,0.0198,1.000,0.0438,0.69
5092,replay,4000,0.0746,1.000,0.0438,0.69
5093,replay,4000,0.0824,1.000,0.0438,0.69
5094,replay,4000,0.0834,1.000,0.0438,0.69
5095,replay,4000,0.1181,1.000,0.0438,0.69
5096,replay,4000,0.1199,1.000,0.0438,0.70
5097,replay,4000,0.1222,1.000,0.0439,0.70
5098,replay,4000,0.1200,1.000,0.0441,0.70
5099,replay,4000,0.1009,1.000,0.0440,0.70
5100,replay,4000,0.1372,1.000,0.0441,0.70
5101,replay,4000,0.1391,1.000,0.0444,0.69
5102,replay,4000,0.1186,1.000,0.0445,0.69
5103,es_step,4000,0.0678,1.000,0.0445,2.84
5104,replay,4000,0.1313,1.000,0.0446,0.69
5105,replay,4000,0.1011,1.000,0.0446,0.69
5106,replay,4000,0.0539,1.000,0.0445,0.70
5107,replay,4000,0.0679,1.000,0.0444,0.70
5108,replay,4000,0.0384,1.000,0.0443,0.69
5109,replay,4000,0.0644,1.000,0.0443,0.70
5110,es_step,4000,0.0370,1.000,0.0443,2.85
5111,replay,4000,0.0655,1.000,0.0443,0.70
5112,replay,4000,0.0939,1.000,0.0442,0.70
5113,replay,4000,0.0774,1.000,0.0442,0.70
5114,es_step,4000,0.0596,1.000,0.0442,2.83
5115,replay,4000,0.1114,1.000,0.0443,0.69
5116,replay,4000,0.1079,1.000,0.0444,0.69
5117,replay,4000,0.1419,1.000,0.0444,0.69
5118,replay,4000,0.1139,1.000,0.0445,0.69
5119,es_step,4000,0.0490,1.000,0.0445,2.81
5120,replay,4000,0.0995,1.000,0.0444,0.69
5121,es_step,4000,0.0328,1.000,0.0444,2.82
5122,es_step,4000,0.0357,1.000,0.0444,2.80
5123,es_step,4000,0.0333,1.000,0.0444,2.78
5124,replay,4000,0.0746,1.000,0.0444,0.69
5125,replay,4000,0.0483,1.000,0.0444,0.69
5126,replay,4000,0.0603,1.000,0.0443,0.69
5127,replay,4000,0.0774,1.000,0.0443,0.69
5128,replay,4000,0.0664,1.000,0.0443,0.69
5129,replay,4000,0.0700,1.000,0.0443,0.70
5130,replay,4000,0.0614,1.000,0.0443,0.70
5131,replay,4000,0.0727,1.000,0.0443,0.70
5132,replay,4000,0.0836,1.000,0.0445,0.70
5133,replay,4000,0.0939,1.000,0.0445,0.69
5134,es_step,4000,0.0543,1.000,0.0446,2.86
5135,replay,4000,0.0922,1.000,0.0446,0.69
5136,replay,4000,0.0565,1.000,0.0446,0.69
5137,replay,4000,0.0662,1.000,0.0448,0.69
5138,replay,4000,0.1044,1.000,0.0448,0.69
5139,es_step,4000,0.0607,1.000,0.0448,2.80
5140,replay,4000,0.1150,1.000,0.0449,0.69
5141,replay,4000,0.1432,1.000,0.0450,0.70
5142,replay,4000,0.1193,1.000,0.0451,0.70
5143,replay,4000,0.1231,1.000,0.0453,0.70
5144,replay,4000,0.1058,1.000,0.0453,0.70
5145,replay,4000,0.0836,1.000,0.0454,0.70
5146,replay,4000,0.0901,1.000,0.0454,0.70
5147,es_step,4000,0.0544,1.000,0.0454,2.85
5148,replay,4000,0.1057,1.000,0.0456,0.69
5149,es_step,4000,0.0621,1.000,0.0456,2.82
5150,replay,4000,0.0152,1.000,0.0456,0.68
5151,replay,4000,0.1268,1.000,0.0458,0.68
5152,replay,4000,0.1298,1.000,0.0459,0.69
5153,replay,4000,0.0947,1.000,0.0460,0.69
5154,es_step,4000,0.0207,1.000,0.0460,2.83
5155,replay,4000,0.0675,1.000,0.0460,0.69
5156,replay,4000,0.0321,1.000,0.0459,0.68
5157,es_step,4000,0.0115,1.000,0.0459,2.80
5158,replay,4000,0.0443,1.000,0.0457,0.69
5159,replay,4000,0.0464,1.000,0.0456,0.69
5160,replay,4000,0.0742,1.000,0.0456,0.68
5161,es_step,4000,0.0433,1.000,0.0456,2.79
5162,replay,4000,0.0777,1.000,0.0456,0.69
5163,replay,4000,0.0644,1.000,0.0456,0.69
5164,replay,4000,0.0901,1.000,0.0456,0.69
5165,es_step,4000,0.0705,1.000,0.0456,2.84
5166,replay,4000,0.0919,1.000,0.0457,0.69
5167,replay,4000,0.1286,1.000,0.0459,0.69
5168,replay,4000,0.1273,1.000,0.0460,0.69
5169,es_step,4000,0.0710,1.000,0.0460,2.79
5170,replay,4000,0.1083,1.000,0.0461,0.69
5171,replay,4000,0.0854,1.000,0.0461,0.69
5172,replay,4000,0.0592,1.000,0.0460,0.69
5173,replay,4000,0.0450,1.000,0.0461,0.69
5174,replay,4000,0.0406,1.000,0.0460,0.69
5175,es_step,4000,0.0243,1.000,0.0460,2.80
5176,replay,4000,0.0817,1.000,0.0460,0.69
5177,replay,4000,0.0781,1.000,0.0460,0.69
5178,replay,4000,0.0945,1.000,0.0460,0.69
5179,replay,4000,0.1017,1.000,0.0461,0.69
5180,replay,4000,0.0921,1.000,0.0461,0.69
5181,replay,4000,0.0817,1.000,0.0461,0.69
5182,replay,4000,0.0270,1.000,0.0460,0.70
5183,replay,4000,0.0343,1.000,0.0459,0.70
5184,replay,4000,0.0606,1.000,0.0458,0.70
5185,replay,4000,0.0401,1.000,0.0457,0.70
5186,es_step,4000,0.0415,1.000,0.0457,2.86
5187,replay,4000,0.0901,1.000,0.0458,0.70
5188,replay,4000,0.0651,1.000,0.0458,0.69
5189,replay,4000,0.0947,1.000,0.0458,0.69
5190,es_step,4000,0.0269,1.000,0.0458,2.82
5191,replay,4000,0.0638,1.000,0.0458,0.69
5192,es_step,4000,0.0140,1.000,0.0458,2.80
5193,replay,4000,0.0482,1.000,0.0458,0.69
5194,es_step,4000,0.0030,1.000,0.0458,5.17
5195,replay,4000,0.0139,1.000,0.0457,0.69
5196,es_step,4000,0.0081,1.000,0.0457,2.77
5197,es_step,4000,0.0046,1.000,0.0457,2.76
5198,replay,4000,0.0395,1.000,0.0456,0.68
5199,replay,4000,0.0469,1.000,0.0455,0.69
5200,es_step,4000,0.0178,1.000,0.0455,2.78
5201,replay,4000,0.0515,1.000,0.0455,0.69
5202,es_step,4000,0.0218,1.000,0.0455,2.79
5203,replay,4000,0.0335,1.000,0.0456,0.69
5204,replay,4000,0.0394,1.000,0.0455,0.69
5205,es_step,4000,0.0277,1.000,0.0455,2.80
5206,es_step,4000,0.0281,1.000,0.0455,2.81
5207,es_step,4000,0.0323,1.000,0.0455,2.82
5208,replay,4000,0.0569,1.000,0.0455,0.69
5209,replay,4000,0.0656,1.000,0.0455,0.69
5210,replay,4000,0.0452,1.000,0.0455,0.68
5211,replay,4000,0.0673,1.000,0.0454,0.69
5212,replay,4000,0.0559,1.000,0.0454,0.69
5213,replay,4000,0.0107,1.000,0.0453,0.69
5214,replay,4000,0.0432,1.000,0.0452,0.69
5215,es_step,4000,0.0300,1.000,0.0452,2.78
5216,replay,4000,0.0447,1.000,0.0452,0.68
5217,es_step,4000,0.0478,1.000,0.0452,2.77
5218,replay,4000,0.0907,1.000,0.0453,0.69
5219,replay,4000,0.0914,1.000,0.0454,0.69
5220,replay,4000,0.1155,1.000,0.0454,0.69
5221,replay,4000,0.1003,1.000,0.0454,0.69
5222,replay,4000,0.0900,1.000,0.0454,0.69
5223,replay,4000,0.0610,1.000,0.0454,0.69
5224,replay,4000,0.0237,1.000,0.0454,0.69
5225,replay,4000,0.0417,1.000,0.0453,0.70
5226,replay,4000,0.0093,1.000,0.0452,0.70
5227,replay,4000,0.0336,1.000,0.0451,0.69
5228,replay,4000,0.0619,1.000,0.0450,0.70
5229,replay,4000,0.0711,1.000,0.0451,0.70
5230,replay,4000,0.1139,1.000,0.0452,0.69
5231,replay,4000,0.1414,1.000,0.0453,0.69
5232,replay,4000,0.1373,1.000,0.0454,0.70
5233,replay,4000,0.1309,1.000,0.0455,0.70
5234,replay,4000,0.1123,1.000,0.0456,0.70
5235,replay,4000,0.1067,1.000,0.0456,0.70
5236,replay,4000,0.0673,1.000,0.0456,0.70
5237,replay,4000,0.0622,1.000,0.0455,0.70
5238,replay,4000,0.0630,1.000,0.0455,0.69
5239,replay,4000,0.0349,1.000,0.0454,0.70
5240,replay,4000,0.0926,1.000,0.0455,0.70
5241,replay,4000,0.0785,1.000,0.0455,0.70
5242,replay,4000,0.0870,1.000,0.0455,0.70
5243,replay,4000,0.0796,1.000,0.0455,0.70
5244,replay,4000,0.0654,1.000,0.0454,0.69
5245,replay,4000,0.0338,1.000,0.0454,0.69
5246,replay,4000,0.0357,1.000,0.0453,0.70
5247,replay,4000,0.0760,1.000,0.0453,0.69
5248,es_step,4000,0.0423,1.000,0.0453,2.84
5249,replay,4000,0.0692,1.000,0.0452,0.69
5250,replay,4000,0.0572,1.000,0.0452,0.69
5251,replay,4000,0.0345,1.000,0.0452,0.69
5252,replay,4000,0.0690,1.000,0.0451,0.69
5253,replay,4000,0.0549,1.000,0.0451,0.69
5254,replay,4000,0.0623,1.000,0.0450,0.69
5255,replay,4000,0.0969,1.000,0.0450,0.69
5256,replay,4000,0.0958,1.000,0.0452,0.69
5257,replay,4000,0.1029,1.000,0.0453,0.69
5258,es_step,4000,0.0887,1.000,0.0457,2.83
5259,replay,4000,0.1158,1.000,0.0457,0.69
5260,replay,4000,0.1316,1.000,0.0458,0.69
5261,replay,4000,0.1332,1.000,0.0459,0.69
5262,replay,4000,0.1015,1.000,0.0460,0.69
5263,replay,4000,0.1148,1.000,0.0461,0.69
5264,replay,4000,0.0804,1.000,0.0461,0.69
5265,replay,4000,0.0457,1.000,0.0459,0.69
5266,replay,4000,0.0527,1.000,0.0457,0.69
5267,replay,4000,0.0458,1.000,0.0457,0.69
5268,replay,4000,0.0325,1.000,0.0455,0.69
5269,replay,4000,0.0475,1.000,0.0455,0.69
5270,replay,4000,0.0558,1.000,0.0454,0.69
5271,replay,4000,0.0520,1.000,0.0454,0.69
5272,es_step,4000,0.0414,1.000,0.0454,2.85
5273,replay,4000,0.0616,1.000,0.0453,0.69
5274,es_step,4000,0.0411,1.000,0.0453,2.82
5275,replay,4000,0.0263,1.000,0.0451,0.69
5276,replay,4000,0.0737,1.000,0.0451,0.69
5277,replay,4000,0.0708,1.000,0.0452,0.69
5278,replay,4000,0.0987,1.000,0.0452,0.69
5279,es_step,4000,0.0469,1.000,0.0452,2.82
5280,replay,4000,0.0640,1.000,0.0453,0.69
5281,replay,4000,0.0687,1.000,0.0452,0.69
5282,replay,4000,0.0717,1.000,0.0452,0.69
5283,replay,4000,0.0512,1.000,0.0451,0.69
5284,es_step,4000,0.0092,1.000,0.0451,2.81
5285,replay,4000,-0.0047,1.000,0.0449,0.70
5286,replay,4000,0.0254,1.000,0.0448,0.70
5287,replay,4000,0.0493,1.000,0.0448,0.70
5288,replay,4000,0.0277,1.000,0.0447,0.69
5289,replay,4000,0.0399,1.000,0.0447,0.69
5290,replay,4000,0.0592,1.000,0.0446,0.69
5291,replay,4000,0.0511,1.000,0.0446,0.69
5292,es_step,4000,0.0303,1.000,0.0446,2.81
5293,replay,4000,0.0092,1.000,0.0444,0.69
5294,replay,4000,0.0275,1.000,0.0442,0.69
5295,replay,4000,0.0423,1.000,0.0442,0.69
5296,replay,4000,0.1150,1.000,0.0443,0.69
5297,replay,4000,0.0938,1.000,0.0443,0.69
5298,replay,4000,0.0879,1.000,0.0445,0.69
5299,replay,4000,0.0520,1.000,0.0444,0.69
5300,replay,4000,0.0411,1.000,0.0444,0.69
5301,replay,4000,0.0303,1.000,0.0443,0.70
5302,replay,4000,0.0457,1.000,0.0442,0.69
5303,replay,4000,0.0704,1.000,0.0441,0.70
5304,replay,4000,0.0902,1.000,0.0441,0.70
5305,replay,4000,0.1060,1.000,0.0442,0.70
5306,replay,4000,0.1106,1.000,0.0443,0.70
5307,replay,4000,0.0679,1.000,0.0443,0.69
5308,es_step,4000,0.0641,1.000,0.0443,2.83
5309,replay,4000,0.1132,1.000,0.0445,0.69
5310,es_step,4000,0.0737,1.000,0.0446,2.83
5311,replay,4000,0.1107,1.000,0.0447,0.69
5312,es_step,4000,0.0594,1.000,0.0447,2.84
5313,replay,4000,0.1111,1.000,0.0448,0.69
5314,es_step,4000,0.0483,1.000,0.0448,2.80
5315,replay,4000,0.0858,1.000,0.0448,0.69
5316,replay,4000,0.0823,1.000,0.0448,0.69
5317,es_step,4000,0.0385,1.000,0.0448,2.80
5318,es_step,4000,0.0397,1.000,0.0448,2.82
5319,es_step,4000,0.0347,1.000,0.0448,2.79
5320,replay,4000,0.0796,1.000,0.0449,0.69
5321,es_step,4000,0.0365,1.000,0.0449,2.81
5322,es_step,4000,0.0336,1.000,0.0449,2.82
5323,es_step,4000,0.0350,1.000,0.0449,2.82
5324,replay,4000,0.0662,1.000,0.0449,0.69
5325,replay,4000,0.0604,1.000,0.0448,0.69
5326,replay,4000,0.0473,1.000,0.0447,0.69
5327,es_step,4000,0.0219,1.000,0.0447,2.80
5328,replay,4000,0.0514,1.000,0.0446,0.69
5329,replay,4000,0.0470,1.000,0.0446,0.69
5330,replay,4000,0.0420,1.000,0.0446,0.69
5331,es_step,4000,0.0262,1.000,0.0446,2.79
5332,es_step,4000,0.0268,1.000,0.0446,2.77
5333,es_step,4000,0.0234,1.000,0.0446,2.75
5334,replay,4000,0.0449,1.000,0.0445,0.68
5335,replay,4000,0.0249,1.000,0.0444,0.68
5336,replay,4000,0.0425,1.000,0.0443,0.69
5337,es_step,4000,0.0246,1.000,0.0444,2.75
5338,replay,4000,0.0661,1.000,0.0443,0.68
5339,replay,4000,0.0554,1.000,0.0443,0.68
5340,replay,4000,0.0484,1.000,0.0443,0.68
5341,es_step,4000,0.0405,1.000,0.0443,2.74
5342,replay,4000,0.0552,1.000,0.0443,0.68
5343,replay,4000,0.0489,1.000,0.0442,0.68
5344,replay,4000,0.0556,1.000,0.0441,0.68
5345,replay,4000,0.0335,1.000,0.0441,0.68
5346,replay,4000,0.0377,1.000,0.0440,0.68
5347,replay,4000,0.0794,1.000,0.0440,0.68
5348,replay,4000,0.0746,1.000,0.0439,0.69
5349,replay,4000,0.0749,1.000,0.0439,0.68
5350,es_step,4000,0.0319,1.000,0.0439,2.77
5351,replay,4000,0.0716,1.000,0.0439,0.69
5352,replay,4000,0.0400,1.000,0.0438,0.68
5353,replay,4000,0.0581,1.000,0.0438,0.68
5354,replay,4000,0.0758,1.000,0.0438,0.69
5355,replay,4000,0.0932,1.000,0.0438,0.68
5356,es_step,4000,0.0439,1.000,0.0438,2.76
5357,replay,4000,0.0855,1.000,0.0439,0.68
5358,replay,4000,0.0496,1.000,0.0439,0.68
5359,replay,4000,0.0857,1.000,0.0440,0.68
5360,es_step,4000,0.0699,1.000,0.0440,2.76
5361,replay,4000,0.1341,1.000,0.0441,0.68
5362,replay,4000,0.1450,1.000,0.0442,0.68
5363,replay,4000,0.1304,1.000,0.0444,0.68
5364,replay,4000,0.1037,1.000,0.0445,0.68
5365,replay,4000,0.0764,1.000,0.0446,0.68
5366,replay,4000,0.0502,1.000,0.0445,0.68
5367,replay,4000,0.0645,1.000,0.0444,0.68
5368,replay,4000,0.0520,1.000,0.0445,0.69
5369,replay,4000,0.0703,1.000,0.0445,0.69
5370,replay,4000,0.0777,1.000,0.0445,0.69
5371,replay,4000,0.0839,1.000,0.0445,0.69
5372,replay,4000,0.0327,1.000,0.0443,0.69
5373,replay,4000,0.0274,1.000,0.0441,0.68
5374,replay,4000,0.1075,1.000,0.0442,0.68
5375,replay,4000,0.1115,1.000,0.0442,0.68
5376,replay,4000,0.0998,1.000,0.0442,0.69
5377,es_step,4000,0.0617,1.000,0.0442,2.80
5378,es_step,4000,0.0648,1.000,0.0442,2.80
5379,replay,4000,0.1116,1.000,0.0442,0.68
5380,replay,4000,0.0735,1.000,0.0443,0.69
5381,replay,4000,0.0648,1.000,0.0442,0.69
5382,replay,4000,0.0711,1.000,0.0443,0.68
5383,es_step,4000,0.0442,1.000,0.0443,2.83
5384,replay,4000,0.0622,1.000,0.0442,0.69
5385,replay,4000,0.0748,1.000,0.0443,0.69
5386,replay,4000,0.0509,1.000,0.0441,0.69
5387,es_step,4000,0.0415,1.000,0.0441,2.81
5388,es_step,4000,0.0407,1.000,0.0441,2.77
5389,replay,4000,0.0522,1.000,0.0441,0.68
5390,replay,4000,0.0440,1.000,0.0440,0.68
5391,es_step,4000,0.0373,1.000,0.0440,2.77
5392,replay,4000,0.0625,1.000,0.0440,0.69
5393,replay,4000,0.0584,1.000,0.0440,0.69
5394,replay,4000,0.0344,1.000,0.0439,0.69
5395,replay,4000,0.0698,1.000,0.0439,0.69
5396,replay,4000,0.0548,1.000,0.0438,0.68
5397,replay,4000,0.0697,1.000,0.0439,0.69
5398,replay,4000,0.1115,1.000,0.0439,0.69
5399,es_step,4000,0.0000,0.000,0.0439,1.83
5400,es_step,4000,0.0000,0.000,0.0439,1.82
5401,replay,4000,0.0968,1.000,0.0439,0.69
5402,replay,4000,0.0771,1.000,0.0440,0.68
5403,es_step,4000,0.0000,0.000,0.0440,1.83
5404,replay,4000,0.0693,1.000,0.0440,0.69
5405,replay,4000,0.0576,1.000,0.0440,0.68
5406,replay,4000,0.0773,1.000,0.0440,0.68
5407,es_step,4000,0.0000,0.000,0.0440,1.81
5408,replay,4000,0.1174,1.000,0.0443,0.69
5409,replay,4000,0.1418,1.000,0.0444,0.69
5410,es_step,4000,0.0000,0.000,0.0444,1.81
5411,replay,4000,0.1232,1.000,0.0444,0.68
5412,replay,4000,0.0936,1.000,0.0445,0.68
5413,replay,4000,0.0529,1.000,0.0445,0.68
5414,replay,4000,0.0387,1.000,0.0444,0.69
5415,replay,4000,0.0195,1.000,0.0442,0.68
5416,replay,4000,0.0370,1.000,0.0441,0.68
5417,es_step,4000,0.0000,0.000,0.0441,1.80
5418,replay,4000,0.0662,1.000,0.0441,0.69
5419,es_step,4000,0.0000,0.000,0.0441,1.82
5420,replay,4000,0.0633,1.000,0.0441,0.69
5421,replay,4000,0.0610,1.000,0.0441,0.68
5422,replay,4000,0.0810,1.000,0.0441,0.68
5423,es_step,4000,0.0000,0.000,0.0441,1.79
5424,replay,4000,0.0571,1.000,0.0440,0.68
5425,replay,4000,0.0495,1.000,0.0439,0.67
5426,replay,4000,-0.0069,1.000,0.0436,0.67
5427,replay,4000,0.0288,1.000,0.0435,0.67
5428,replay,4000,0.0511,1.000,0.0435,0.67
5429,replay,4000,0.0903,1.000,0.0434,0.67
5430,replay,4000,0.0973,1.000,0.0435,0.68
5431,replay,4000,0.1119,1.000,0.0436,0.68
5432,es_step,4000,0.0000,0.000,0.0436,1.79
5433,replay,4000,0.0972,1.000,0.0436,0.68
5434,replay,4000,0.1060,1.000,0.0436,0.68
5435,replay,4000,0.1029,1.000,0.0436,0.68
5436,replay,4000,0.0821,1.000,0.0436,0.68
5437,replay,4000,0.0941,1.000,0.0437,0.68
5438,es_step,4000,0.0000,0.000,0.0437,1.79
5439,es_step,4000,0.0000,0.000,0.0437,1.78
5440,es_step,4000,0.0000,0.000,0.0437,1.77
5441,replay,4000,0.0969,1.000,0.0437,0.68
5442,es_step,4000,0.0000,0.000,0.0437,1.77
5443,replay,4000,0.1216,1.000,0.0438,0.68
5444,replay,4000,0.1445,1.000,0.0438,0.68
5445,replay,4000,0.1138,1.000,0.0438,0.68
5446,replay,4000,0.1481,1.000,0.0439,0.68
5447,replay,4000,0.1218,1.000,0.0440,0.68
5448,replay,4000,0.0710,1.000,0.0439,0.68
5449,replay,4000,0.0740,1.000,0.0439,3.07
5450,replay,4000,0.0747,1.000,0.0439,0.68
5451,replay,4000,0.0525,1.000,0.0438,0.68
5452,es_step,4000,0.0000,0.000,0.0438,1.81
5453,es_step,4000,0.0000,0.000,0.0438,1.79
5454,replay,4000,0.0501,1.000,0.0437,0.69
5455,replay,4000,0.0514,1.000,0.0437,0.69
5456,replay,4000,0.0776,1.000,0.0437,0.68
5457,es_step,4000,0.0000,0.000,0.0437,1.79
5458,es_step,4000,0.0000,0.000,0.0437,1.78
5459,replay,4000,0.1000,1.000,0.0437,0.69
5460,replay,4000,0.0905,1.000,0.0437,0.68
5461,replay,4000,0.0354,1.000,0.0437,0.68
5462,replay,4000,0.0614,1.000,0.0436,0.68
5463,replay,4000,0.0522,1.000,0.0435,0.68
5464,replay,4000,0.0555,1.000,0.0435,0.68
5465,replay,4000,0.0757,1.000,0.0435,0.68
5466,replay,4000,0.0503,1.000,0.0434,0.68
5467,replay,4000,0.0564,1.000,0.0434,0.68
5468,es_step,4000,0.0000,0.000,0.0434,1.81
5469,replay,4000,0.0557,1.000,0.0434,0.69
5470,es_step,4000,0.0000,0.000,0.0434,1.80
5471,es_step,4000,0.0000,0.000,0.0434,1.80
5472,replay,4000,0.0600,1.000,0.0434,0.68
5473,replay,4000,0.0613,1.000,0.0434,0.68
5474,replay,4000,0.0585,1.000,0.0435,0.68
5475,replay,4000,0.0494,1.000,0.0435,0.68
5476,replay,4000,0.0809,1.000,0.0435,0.68
5477,replay,4000,0.0837,1.000,0.0436,0.68
5478,replay,4000,0.0864,1.000,0.0436,0.69
5479,es_step,4000,0.0000,0.000,0.0436,1.82
5480,replay,4000,0.0898,1.000,0.0436,0.68
5481,es_step,4000,0.0000,0.000,0.0436,1.80
5482,es_step,4000,0.0000,0.000,0.0436,1.79
5483,replay,4000,0.0916,1.000,0.0437,0.68
5484,replay,4000,0.0868,1.000,0.0437,0.68
5485,replay,4000,0.0754,1.000,0.0437,0.68
5486,replay,4000,0.0587,1.000,0.0437,0.68
5487,es_step,4000,0.0000,0.000,0.0437,1.78
5488,replay,4000,0.0676,1.000,0.0436,0.68
5489,replay,4000,0.0670,1.000,0.0436,0.68
5490,replay,4000,0.0486,1.000,0.0436,0.68
5491,replay,4000,0.0475,1.000,0.0436,0.68
5492,replay,4000,0.0741,1.000,0.0435,0.69
5493,replay,4000,0.0648,1.000,0.0434,0.69
5494,replay,4000,-0.0063,1.000,0.0434,0.68
5495,replay,4000,0.0420,1.000,0.0432,0.68
5496,replay,4000,0.0232,1.000,0.0431,0.68
5497,replay,4000,0.0572,1.000,0.0430,0.68
5498,replay,4000,0.0895,1.000,0.0431,0.68
5499,replay,4000,0.0886,1.000,0.0431,0.68
5500,replay,4000,0.0887,1.000,0.0431,0.69
5501,replay,4000,0.0687,1.000,0.0431,0.69
5502,replay,4000,0.1080,1.000,0.0430,0.69
5503,replay,4000,0.0790,1.000,0.0430,0.69
5504,es_step,4000,0.0000,0.000,0.0430,1.84
5505,replay,4000,0.0798,1.000,0.0431,0.68
5506,es_step,4000,0.0000,0.000,0.0431,1.81
5507,replay,4000,0.1084,1.000,0.0431,0.69
5508,es_step,4000,0.0000,0.000,0.0431,1.83
5509,replay,4000,0.0976,1.000,0.0432,0.68
5510,replay,4000,0.0725,1.000,0.0431,0.68
5511,replay,4000,0.0503,1.000,0.0430,0.69
5512,es_step,4000,0.0000,0.000,0.0430,1.80
5513,replay,4000,0.0694,1.000,0.0430,0.68
5514,replay,4000,0.0436,1.000,0.0429,0.69
5515,es_step,4000,0.0000,0.000,0.0429,1.80
5516,replay,4000,0.0430,1.000,0.0428,0.69
5517,replay,4000,0.0820,1.000,0.0429,0.68
5518,replay,4000,0.0648,1.000,0.0429,0.69
5519,replay,4000,0.1196,1.000,0.0430,0.68
5520,replay,4000,0.1127,1.000,0.0431,0.69
5521,replay,4000,0.0888,1.000,0.0431,0.69
5522,replay,4000,0.0602,1.000,0.0431,0.69
5523,replay,4000,0.0265,1.000,0.0431,0.69
5524,replay,4000,0.0305,1.000,0.0429,0.68
5525,replay,4000,0.0335,1.000,0.0428,0.68
5526,replay,4000,0.0388,1.000,0.0428,0.68
5527,replay,4000,0.0728,1.000,0.0427,0.68
5528,replay,4000,0.0781,1.000,0.0427,0.68
5529,replay,4000,0.0763,1.000,0.0427,0.68
5530,replay,4000,0.0703,1.000,0.0427,0.68
5531,replay,4000,0.0683,1.000,0.0427,0.69
5532,replay,4000,0.0685,1.000,0.0427,0.69
5533,replay,4000,0.0710,1.000,0.0426,0.68
5534,replay,4000,0.0620,1.000,0.0426,0.68
5535,replay,4000,-0.1169,1.000,0.0425,0.69
5536,replay,4000,0.0814,1.000,0.0426,0.69
5537,replay,4000,0.1437,1.000,0.0428,0.68
5538,replay,4000,0.1601,1.000,0.0429,0.68
5539,replay,4000,0.1262,1.000,0.0430,0.68
5540,replay,4000,0.1043,1.000,0.0431,0.68
5541,es_step,4000,0.0000,0.000,0.0431,1.83
5542,es_step,4000,0.0000,0.000,0.0431,1.83
5543,es_step,4000,0.0000,0.000,0.0431,1.82
5544,replay,4000,0.1070,1.000,0.0431,0.69
5545,replay,4000,0.0917,1.000,0.0432,0.69
5546,replay,4000,0.0839,1.000,0.0433,0.68
5547,replay,4000,0.0812,1.000,0.0433,0.68
5548,replay,4000,0.0711,1.000,0.0432,0.68
5549,replay,4000,0.0413,1.000,0.0432,0.68
5550,replay,4000,0.0332,1.000,0.0430,0.68
5551,replay,4000,0.0473,1.000,0.0429,0.68
5552,replay,4000,0.0630,1.000,0.0430,0.68
5553,replay,4000,0.0476,1.000,0.0430,0.68
5554,replay,4000,0.0587,1.000,0.0429,0.68
5555,replay,4000,0.0481,1.000,0.0428,0.68
5556,es_step,4000,0.0000,0.000,0.0428,1.82
5557,replay,4000,0.0580,1.000,0.0428,0.69
5558,replay,4000,0.0660,1.000,0.0428,0.68
5559,es_step,4000,0.0000,0.000,0.0428,1.82
5560,replay,4000,0.0710,1.000,0.0427,0.69
5561,replay,4000,0.0624,1.000,0.0426,0.69
5562,replay,4000,0.0333,1.000,0.0426,0.69
5563,replay,4000,0.0673,1.000,0.0425,0.69
5564,replay,4000,0.0568,1.000,0.0425,0.70
5565,replay,4000,0.0911,1.000,0.0426,0.70
5566,es_step,4000,0.0000,0.000,0.0426,1.85
5567,replay,4000,0.0820,1.000,0.0426,0.69
5568,replay,4000,0.0558,1.000,0.0425,0.69
5569,replay,4000,0.0516,1.000,0.0424,0.69
5570,replay,4000,0.0274,1.000,0.0424,0.68
5571,replay,4000,0.0500,1.000,0.0423,0.69
5572,es_step,4000,0.0000,0.000,0.0423,1.82
5573,replay,4000,0.0409,1.000,0.0423,0.69
5574,replay,4000,0.0930,1.000,0.0424,0.69
5575,replay,4000,0.0766,1.000,0.0424,0.69
5576,es_step,4000,0.0000,0.000,0.0424,1.83
5577,replay,4000,0.0579,1.000,0.0423,0.68
5578,replay,4000,0.0390,1.000,0.0423,0.69
5579,replay,4000,0.0594,1.000,0.0423,0.68
5580,replay,4000,0.0494,1.000,0.0423,0.68
5581,replay,4000,0.0406,1.000,0.0422,0.68
5582,replay,4000,0.0559,1.000,0.0422,0.68
5583,es_step,4000,0.0000,0.000,0.0422,1.81
5584,replay,4000,0.0537,1.000,0.0421,0.68
5585,replay,4000,0.0478,1.000,0.0421,0.68
5586,replay,4000,0.0535,1.000,0.0421,0.68
5587,replay,4000,0.0454,1.000,0.0420,0.68
5588,es_step,4000,0.0000,0.000,0.0420,1.81
5589,replay,4000,0.0427,1.000,0.0419,0.69
5590,replay,4000,0.0462,1.000,0.0419,0.68
5591,replay,4000,0.0630,1.000,0.0419,0.69
5592,replay,4000,0.0387,1.000,0.0418,0.69
5593,es_step,4000,0.0000,0.000,0.0418,1.83
5594,replay,4000,0.0777,1.000,0.0418,0.69
5595,es_step,4000,0.0000,0.000,0.0418,1.82
5596,replay,4000,0.0840,1.000,0.0418,0.69
5597,replay,4000,0.0821,1.000,0.0418,0.69
5598,es_step,4000,0.0000,0.000,0.0418,1.81
5599,replay,4000,0.0619,1.000,0.0417,0.68
5600,replay,4000,0.0849,1.000,0.0417,0.68
5601,replay,4000,0.0728,1.000,0.0417,0.69
5602,replay,4000,0.0435,1.000,0.0416,0.70
5603,replay,4000,0.0177,1.000,0.0415,0.69
5604,replay,4000,0.0540,1.000,0.0414,0.69
5605,replay,4000,0.0713,1.000,0.0414,0.69
5606,es_step,4000,0.0000,0.000,0.0414,1.84
5607,replay,4000,0.0573,1.000,0.0414,0.69
5608,replay,4000,0.0454,1.000,0.0414,0.69
5609,replay,4000,0.0531,1.000,0.0413,0.68
5610,replay,4000,0.0453,1.000,0.0413,0.68
5611,replay,4000,0.0475,1.000,0.0412,0.68
5612,replay,4000,0.0540,1.000,0.0412,0.69
5613,replay,4000,0.0221,1.000,0.0412,0.69
5614,es_step,4000,0.0000,0.000,0.0412,1.82
5615,replay,4000,0.0617,1.000,0.0412,0.69
5616,replay,4000,0.0978,1.000,0.0413,0.69
5617,es_step,4000,0.0000,0.000,0.0413,1.82
5618,replay,4000,0.1018,1.000,0.0414,0.69
5619,es_step,4000,0.0000,0.000,0.0414,1.82
5620,replay,4000,0.0760,1.000,0.0415,0.69
5621,replay,4000,0.0662,1.000,0.0415,0.69
5622,replay,4000,0.0495,1.000,0.0414,0.69
5623,replay,4000,0.0392,1.000,0.0414,0.69
5624,replay,4000,0.0496,1.000,0.0413,0.69
5625,es_step,4000,0.0000,0.000,0.0413,1.82
5626,replay,4000,0.0355,1.000,0.0413,0.69
5627,replay,4000,0.0770,1.000,0.0413,0.69
5628,replay,4000,0.0755,1.000,0.0416,0.68
5629,replay,4000,0.0938,1.000,0.0416,0.69
5630,replay,4000,0.0937,1.000,0.0415,0.69
5631,replay,4000,0.1110,1.000,0.0416,0.69
5632,es_step,4000,0.0000,0.000,0.0416,1.82
5633,replay,4000,0.1127,1.000,0.0417,0.69
5634,replay,4000,0.0913,1.000,0.0417,0.68
5635,replay,4000,0.0709,1.000,0.0416,0.68
5636,es_step,4000,0.0000,0.000,0.0416,1.81
5637,replay,4000,0.0705,1.000,0.0417,0.68
5638,replay,4000,0.0692,1.000,0.0416,0.69
5639,replay,4000,0.1095,1.000,0.0417,0.69
5640,replay,4000,0.1078,1.000,0.0417,0.69
5641,es_step,4000,0.0000,0.000,0.0417,1.82
5642,replay,4000,0.0934,1.000,0.0416,0.69
5643,replay,4000,0.0925,1.000,0.0417,0.69
5644,replay,4000,0.0789,1.000,0.0417,0.69
5645,replay,4000,0.0709,1.000,0.0417,0.69
5646,replay,4000,0.0763,1.000,0.0417,0.69
5647,replay,4000,0.0305,1.000,0.0417,0.69
5648,es_step,4000,0.0000,0.000,0.0417,1.84
5649,replay,4000,0.0474,1.000,0.0416,0.69
5650,replay,4000,0.0293,1.000,0.0414,0.69
5651,es_step,4000,0.0000,0.000,0.0414,1.83
5652,replay,4000,0.0317,1.000,0.0413,0.69
5653,replay,4000,0.0461,1.000,0.0412,0.68
5654,replay,4000,0.0977,1.000,0.0413,0.69
5655,es_step,4000,0.0000,0.000,0.0413,1.84
5656,replay,4000,0.0980,1.000,0.0413,0.69
5657,replay,4000,0.0707,1.000,0.0413,0.69
5658,replay,4000,0.0312,1.000,0.0411,0.69
5659,es_step,4000,0.0000,0.000,0.0411,1.83
5660,es_step,4000,0.0000,0.000,0.0411,1.82
5661,es_step,4000,0.0000,0.000,0.0411,1.81
5662,replay,4000,0.0272,1.000,0.0410,0.69
5663,replay,4000,0.0345,1.000,0.0409,0.69
5664,replay,4000,0.0445,1.000,0.0408,0.69
5665,replay,4000,0.0805,1.000,0.0408,0.69
5666,replay,4000,0.0501,1.000,0.0408,0.69
5667,replay,4000,0.0846,1.000,0.0408,0.69
5668,es_step,4000,0.0000,0.000,0.0408,1.83
5669,es_step,4000,0.0000,0.000,0.0408,1.83
5670,replay,4000,0.0800,1.000,0.0409,0.69
5671,replay,4000,0.0483,1.000,0.0408,0.69
5672,replay,4000,0.0409,1.000,0.0407,0.70
5673,replay,4000,0.0527,1.000,0.0406,0.70
5674,es_step,4000,0.0000,0.000,0.0406,1.84
5675,replay,4000,0.0499,1.000,0.0406,0.70
5676,replay,4000,0.0418,1.000,0.0405,0.70
5677,replay,4000,0.0701,1.000,0.0405,0.69
5678,replay,4000,0.0626,1.000,0.0405,0.69
5679,replay,4000,0.0242,1.000,0.0404,0.69
5680,es_step,4000,0.0000,0.000,0.0404,1.83
5681,replay,4000,0.0183,1.000,0.0402,0.69
5682,replay,4000,0.0426,1.000,0.0402,0.69
5683,replay,4000,0.0342,1.000,0.0402,0.69
5684,replay,4000,0.0669,1.000,0.0402,0.69
5685,es_step,4000,0.0000,0.000,0.0402,1.83
5686,replay,4000,0.0838,1.000,0.0403,0.70
5687,replay,4000,0.0858,1.000,0.0403,0.70
5688,es_step,4000,0.0000,0.000,0.0403,1.83
5689,es_step,4000,0.0000,0.000,0.0403,1.83
5690,replay,4000,0.0847,1.000,0.0404,0.69
5691,replay,4000,0.1028,1.000,0.0405,0.69
5692,replay,4000,0.1046,1.000,0.0406,0.69
5693,es_step,4000,0.0000,0.000,0.0406,1.82
5694,replay,4000,0.0951,1.000,0.0405,0.69
5695,replay,4000,0.0895,1.000,0.0405,0.69
5696,es_step,4000,0.0000,0.000,0.0405,1.81
5697,replay,4000,0.0884,1.000,0.0406,0.68
5698,replay,4000,0.0709,1.000,0.0406,0.70
5699,replay,4000,0.0797,1.000,0.0407,0.69
5700,es_step,4000,0.0000,0.000,0.0407,1.82
5701,es_step,4000,0.0000,0.000,0.0407,1.81
5702,replay,4000,0.0839,1.000,0.0407,0.69
5703,replay,4000,0.0451,1.000,0.0407,0.70
5704,replay,4000,0.0714,1.000,0.0407,0.69
5705,es_step,4000,0.0000,0.000,0.0407,1.82
5706,es_step,4000,0.0000,0.000,0.0407,1.81
5707,replay,4000,0.0436,1.000,0.0406,0.69
5708,replay,4000,0.0925,1.000,0.0406,0.69
5709,replay,4000,0.0840,1.000,0.0406,0.69
5710,replay,4000,0.0927,1.000,0.0406,0.69
5711,replay,4000,0.0704,1.000,0.0406,0.69
5712,es_step,4000,0.0000,0.000,0.0406,1.81
5713,replay,4000,0.0358,1.000,0.0405,0.69
5714,replay,4000,-0.0034,1.000,0.0404,0.70
5715,replay,4000,0.0309,1.000,0.0403,0.69
5716,replay,4000,0.0476,1.000,0.0403,0.69
5717,replay,4000,0.0799,1.000,0.0403,0.69
5718,replay,4000,0.0700,1.000,0.0404,0.69
5719,replay,4000,0.0316,1.000,0.0403,0.69
5720,replay,4000,0.0444,1.000,0.0402,0.69
5721,es_step,4000,0.0000,0.000,0.0402,1.82
5722,es_step,4000,0.0000,0.000,0.0402,1.81
5723,es_step,4000,0.0000,0.000,0.0402,1.80
5724,replay,4000,0.0432,1.000,0.0403,0.69
5725,replay,4000,0.0483,1.000,0.0403,0.69
5726,es_step,4000,0.0000,0.000,0.0403,1.80
5727,replay,4000,0.0799,1.000,0.0404,0.69
5728,replay,4000,0.0949,1.000,0.0404,0.69
5729,replay,4000,0.0957,1.000,0.0404,0.68
5730,replay,4000,0.0901,1.000,0.0405,0.68
5731,replay,4000,0.0923,1.000,0.0405,0.68
5732,replay,4000,0.0845,1.000,0.0405,0.69
5733,es_step,4000,0.0000,0.000,0.0405,1.82
5734,replay,4000,0.0838,1.000,0.0405,0.69
5735,es_step,4000,0.0000,0.000,0.0405,1.80
5736,replay,4000,0.0782,1.000,0.0405,0.69
5737,replay,4000,0.0630,1.000,0.0405,0.69
5738,replay,4000,0.0597,1.000,0.0405,0.69
5739,es_step,4000,0.0000,0.000,0.0405,1.80
5740,replay,4000,0.0204,1.000,0.0403,0.68
5741,es_step,4000,0.0000,0.000,0.0403,1.75
5742,es_step,4000,0.0000,0.000,0.0403,1.77
5743,replay,4000,0.0365,1.000,0.0402,0.68
5744,replay,4000,0.0514,1.000,0.0402,0.69
5745,replay,4000,0.0729,1.000,0.0403,0.69
5746,es_step,4000,0.0000,0.000,0.0403,4.21
5747,replay,4000,0.0777,1.000,0.0403,0.69
5748,es_step,4000,0.0000,0.000,0.0403,1.80
5749,replay,4000,0.0608,1.000,0.0402,0.68
5750,replay,4000,0.0524,1.000,0.0401,0.68
5751,replay,4000,0.0708,1.000,0.0401,0.68
5752,replay,4000,0.0584,1.000,0.0401,0.68
5753,replay,4000,0.0495,1.000,0.0401,0.68
5754,replay,4000,0.0604,1.000,0.0400,0.68
5755,replay,4000,0.0411,1.000,0.0400,0.69
5756,replay,4000,0.0327,1.000,0.0398,0.69
5757,replay,4000,0.0213,1.000,0.0397,0.69
5758,replay,4000,0.0476,1.000,0.0396,0.69
5759,replay,4000,0.0636,1.000,0.0396,0.69
5760,replay,4000,0.0723,1.000,0.0397,0.69
5761,replay,4000,0.1051,1.000,0.0396,0.69
5762,replay,4000,0.0828,1.000,0.0396,0.70
5763,es_step,4000,0.0000,0.000,0.0396,1.83
5764,replay,4000,0.0885,1.000,0.0397,0.69
5765,replay,4000,0.0818,1.000,0.0397,0.69
5766,replay,4000,0.0597,1.000,0.0397,0.69
5767,replay,4000,0.0509,1.000,0.0397,0.69
5768,replay,4000,0.0472,1.000,0.0398,0.69
5769,replay,4000,0.0404,1.000,0.0397,0.69
5770,replay,4000,0.0380,1.000,0.0396,0.69
5771,replay,4000,0.0658,1.000,0.0396,0.69
5772,es_step,4000,0.0000,0.000,0.0396,1.81
5773,replay,4000,0.0530,1.000,0.0396,0.69
5774,es_step,4000,0.0000,0.000,0.0396,1.81
5775,es_step,4000,0.0000,0.000,0.0396,1.80
5776,replay,4000,0.0632,1.000,0.0396,0.69
5777,replay,4000,0.0558,1.000,0.0396,0.69
5778,replay,4000,0.1031,1.000,0.0396,0.69
5779,replay,4000,0.1048,1.000,0.0396,0.69
5780,replay,4000,0.0959,1.000,0.0397,0.70
5781,replay,4000,0.1277,1.000,0.0398,0.69
5782,replay,4000,0.1145,1.000,0.0399,0.70
5783,replay,4000,0.1154,1.000,0.0399,0.69
5784,replay,4000,0.1179,1.000,0.0400,0.69
5785,replay,4000,0.0942,1.000,0.0401,0.69
5786,replay,4000,0.0782,1.000,0.0401,0.69
5787,replay,4000,0.0727,1.000,0.0401,0.69
5788,es_step,4000,0.0000,0.000,0.0401,1.82
5789,replay,4000,0.0754,1.000,0.0401,0.69
5790,replay,4000,0.0530,1.000,0.0400,0.69
5791,replay,4000,0.0595,1.000,0.0402,0.69
5792,replay,4000,0.0982,1.000,0.0402,0.69
5793,replay,4000,0.0999,1.000,0.0403,0.69
5794,es_step,4000,0.0000,0.000,0.0403,1.81
5795,replay,4000,0.0764,1.000,0.0402,0.69
5796,es_step,4000,0.0000,0.000,0.0402,1.81
5797,es_step,4000,0.0000,0.000,0.0402,1.82
5798,replay,4000,0.0610,1.000,0.0402,0.69
5799,replay,4000,0.0474,1.000,0.0402,0.69
5800,replay,4000,0.0439,1.000,0.0401,0.69
5801,replay,4000,-0.0050,1.000,0.0398,0.69
5802,replay,4000,0.0501,1.000,0.0399,0.69
5803,replay,4000,0.0648,1.000,0.0400,0.69
5804,replay,4000,0.0579,1.000,0.0400,0.69
5805,replay,4000,0.0782,1.000,0.0401,0.70
5806,replay,4000,0.0728,1.000,0.0401,0.70
5807,replay,4000,0.0710,1.000,0.0401,0.70
5808,replay,4000,0.0673,1.000,0.0401,0.70
5809,es_step,4000,0.0000,0.000,0.0401,1.83
5810,replay,4000,0.0642,1.000,0.0401,0.69
5811,replay,4000,0.0827,1.000,0.0403,0.69
5812,replay,4000,0.0820,1.000,0.0403,0.70
5813,es_step,4000,0.0000,0.000,0.0403,1.83
5814,replay,4000,0.1075,1.000,0.0403,0.69
5815,replay,4000,0.1123,1.000,0.0403,0.69
5816,replay,4000,0.1016,1.000,0.0404,0.69
5817,replay,4000,0.0981,1.000,0.0404,0.69
5818,replay,4000,0.0778,1.000,0.0404,0.70
5819,es_step,4000,0.0000,0.000,0.0404,1.84
5820,replay,4000,0.0844,1.000,0.0405,0.69
5821,replay,4000,0.1019,1.000,0.0405,0.69
5822,replay,4000,0.0748,1.000,0.0405,0.69
5823,replay,4000,0.0783,1.000,0.0405,0.70
5824,replay,4000,0.0710,1.000,0.0405,0.70
5825,replay,4000,0.0691,1.000,0.0405,0.70
5826,replay,4000,0.0649,1.000,0.0405,0.70
5827,replay,4000,0.0475,1.000,0.0404,0.69
5828,es_step,4000,0.0000,0.000,0.0404,1.83
5829,replay,4000,0.0601,1.000,0.0404,0.70
5830,replay,4000,0.0813,1.000,0.0404,0.70
5831,replay,4000,0.0953,1.000,0.0404,0.70
5832,es_step,4000,0.0000,0.000,0.0404,1.85
5833,es_step,4000,0.0000,0.000,0.0404,1.84
5834,replay,4000,0.0908,1.000,0.0404,0.69
5835,replay,4000,0.0801,1.000,0.0404,0.70
5836,replay,4000,0.0605,1.000,0.0403,0.69
5837,replay,4000,0.0733,1.000,0.0404,0.69
5838,replay,4000,0.0809,1.000,0.0406,0.70
5839,replay,4000,0.0841,1.000,0.0406,0.69
5840,es_step,4000,0.0000,0.000,0.0406,1.83
5841,replay,4000,0.0701,1.000,0.0406,0.69
5842,replay,4000,0.0773,1.000,0.0406,0.69
5843,es_step,4000,0.0000,0.000,0.0406,1.82
5844,replay,4000,0.0443,1.000,0.0405,0.69
5845,replay,4000,0.0589,1.000,0.0405,0.69
5846,replay,4000,0.0441,1.000,0.0405,0.69
5847,replay,4000,0.0945,1.000,0.0405,0.70
5848,replay,4000,0.0894,1.000,0.0405,0.70
5849,replay,4000,0.0425,1.000,0.0404,0.70
5850,replay,4000,0.0078,1.000,0.0402,0.70
5851,es_step,4000,0.0000,0.000,0.0402,1.84
5852,replay,4000,-0.0029,1.000,0.0401,0.70
5853,replay,4000,0.0361,1.000,0.0399,0.76
5854,replay,4000,0.0626,1.000,0.0399,0.70
5855,es_step,4000,0.0000,0.000,0.0399,1.83
5856,replay,4000,0.0631,1.000,0.0400,0.69
5857,replay,4000,0.0981,1.000,0.0400,0.70
5858,replay,4000,0.0969,1.000,0.0401,0.70
5859,replay,4000,0.0563,1.000,0.0400,0.70
5860,replay,4000,0.0522,1.000,0.0399,0.70
5861,replay,4000,0.0467,1.000,0.0398,0.70
5862,es_step,4000,0.0000,0.000,0.0398,1.85
5863,replay,4000,0.0837,1.000,0.0399,0.70
5864,replay,4000,0.0995,1.000,0.0399,0.70
5865,replay,4000,0.0609,1.000,0.0398,0.70
5866,es_step,4000,0.0000,0.000,0.0398,1.83
5867,replay,4000,0.0555,1.000,0.0397,0.70
5868,replay,4000,0.0180,1.000,0.0396,0.70
5869,replay,4000,0.0324,1.000,0.0396,0.70
5870,replay,4000,0.0923,1.000,0.0396,0.70
5871,replay,4000,0.0871,1.000,0.0397,0.70
5872,es_step,4000,0.0000,0.000,0.0397,1.84
5873,replay,4000,0.1150,1.000,0.0399,0.70
5874,replay,4000,0.0831,1.000,0.0399,0.70
5875,es_step,4000,0.0000,0.000,0.0399,1.83
5876,replay,4000,0.0785,1.000,0.0398,0.70
5877,replay,4000,0.0488,1.000,0.0398,0.70
5878,replay,4000,0.0369,1.000,0.0397,0.71
5879,replay,4000,0.0357,1.000,0.0396,0.69
5880,es_step,4000,0.0000,0.000,0.0396,1.83
5881,replay,4000,0.0409,1.000,0.0396,0.70
5882,replay,4000,0.0748,1.000,0.0395,0.70
5883,replay,4000,0.0838,1.000,0.0396,0.70
5884,replay,4000,0.0961,1.000,0.0396,0.70
5885,replay,4000,0.0815,1.000,0.0397,0.70
5886,replay,4000,0.0620,1.000,0.0396,0.70
5887,replay,4000,0.0360,1.000,0.0396,0.70
5888,replay,4000,0.0256,1.000,0.0395,0.71
5889,replay,4000,0.0227,1.000,0.0394,0.71
5890,replay,4000,0.0199,1.000,0.0393,0.71
5891,replay,4000,0.0604,1.000,0.0393,0.70
5892,replay,4000,0.0775,1.000,0.0393,0.70
5893,replay,4000,0.0749,1.000,0.0394,0.71
5894,replay,4000,0.0484,1.000,0.0394,0.71
5895,replay,4000,0.0219,1.000,0.0393,0.70
5896,replay,4000,0.0203,1.000,0.0391,0.70
5897,es_step,4000,0.0000,0.000,0.0391,1.87
5898,replay,4000,0.0001,1.000,0.0391,0.70
5899,replay,4000,0.0514,1.000,0.0390,0.70
5900,replay,4000,0.0711,1.000,0.0391,0.70
5901,replay,4000,0.0853,1.000,0.0391,0.70
5902,replay,4000,0.0806,1.000,0.0391,0.70
5903,replay,4000,0.0719,1.000,0.0391,0.70
5904,replay,4000,0.0578,1.000,0.0391,0.70
5905,replay,4000,0.0732,1.000,0.0391,0.70
5906,replay,4000,0.0690,1.000,0.0391,0.70
5907,replay,4000,0.0919,1.000,0.0391,0.70
5908,replay,4000,0.0846,1.000,0.0392,0.70
5909,replay,4000,0.0992,1.000,0.0392,0.70
5910,replay,4000,0.0960,1.000,0.0393,0.70
5911,replay,4000,0.0865,1.000,0.0394,0.70
5912,replay,4000,0.0710,1.000,0.0393,0.70
5913,replay,4000,0.0835,1.000,0.0394,0.70
5914,replay,4000,0.0763,1.000,0.0393,0.70
5915,replay,4000,0.0615,1.000,0.0392,0.70
5916,replay,4000,0.0125,1.000,0.0392,0.71
5917,es_step,4000,0.0000,0.000,0.0392,1.88
5918,replay,4000,0.0038,1.000,0.0390,0.71
5919,es_step,4000,0.0000,0.000,0.0390,1.86
5920,es_step,4000,0.0000,0.000,0.0390,1.86
5921,replay,4000,0.0362,1.000,0.0390,0.70
5922,es_step,4000,0.0000,0.000,0.0390,1.83
5923,replay,4000,0.0503,1.000,0.0390,0.69
5924,es_step,4000,0.0000,0.000,0.0390,1.83
5925,replay,4000,0.0627,1.000,0.0390,0.70
5926,replay,4000,0.0735,1.000,0.0391,0.69
5927,es_step,4000,0.0000,0.000,0.0391,1.81
5928,replay,4000,0.0554,1.000,0.0391,0.69
5929,es_step,4000,0.0000,0.000,0.0391,1.83
5930,es_step,4000,0.0000,0.000,0.0391,1.82
5931,replay,4000,0.0221,1.000,0.0390,0.69
5932,replay,4000,0.0260,1.000,0.0390,0.69
5933,replay,4000,0.0414,1.000,0.0390,0.69
5934,replay,4000,0.0457,1.000,0.0389,0.69
5935,es_step,4000,0.0000,0.000,0.0389,1.82
5936,es_step,4000,0.0000,0.000,0.0389,1.82
5937,es_step,4000,0.0000,0.000,0.0389,1.83
5938,replay,4000,0.0411,1.000,0.0389,0.70
5939,replay,4000,0.0895,1.000,0.0389,0.70
5940,es_step,4000,0.0000,0.000,0.0389,1.83
5941,es_step,4000,0.0000,0.000,0.0389,1.82
5942,replay,4000,0.1009,1.000,0.0389,0.69
5943,replay,4000,0.0801,1.000,0.0389,0.69
5944,replay,4000,0.0629,1.000,0.0389,0.69
5945,replay,4000,0.0183,1.000,0.0388,0.70
5946,es_step,4000,0.0000,0.000,0.0388,1.84
5947,replay,4000,0.0244,1.000,0.0386,0.70
5948,replay,4000,0.0240,1.000,0.0385,0.70
5949,replay,4000,0.0463,1.000,0.0385,0.69
5950,es_step,4000,0.0000,0.000,0.0385,1.83
5951,replay,4000,0.0574,1.000,0.0385,0.70
5952,es_step,4000,0.0000,0.000,0.0385,1.82
5953,replay,4000,0.0791,1.000,0.0386,0.69
5954,replay,4000,0.0742,1.000,0.0386,0.70
5955,replay,4000,0.0552,1.000,0.0386,0.70
5956,replay,4000,0.0555,1.000,0.0386,0.70
5957,replay,4000,0.0556,1.000,0.0385,0.70
5958,replay,4000,0.0805,1.000,0.0385,0.70
5959,replay,4000,0.0626,1.000,0.0385,0.69
5960,replay,4000,0.0627,1.000,0.0385,0.69
5961,replay,4000,0.0755,1.000,0.0386,0.70
5962,replay,4000,0.0868,1.000,0.0386,0.70
5963,replay,4000,0.0858,1.000,0.0387,0.70
5964,es_step,4000,0.0000,0.000,0.0387,1.86
5965,replay,4000,0.0853,1.000,0.0387,0.70
5966,replay,4000,0.0950,1.000,0.0387,0.70
5967,es_step,4000,0.0000,0.000,0.0387,1.85
5968,replay,4000,0.0806,1.000,0.0387,0.69
5969,replay,4000,0.0419,1.000,0.0387,0.70
5970,replay,4000,0.0212,1.000,0.0385,0.70
5971,replay,4000,0.0176,1.000,0.0383,0.70
5972,replay,4000,0.0524,1.000,0.0383,0.70
5973,replay,4000,0.0518,1.000,0.0383,0.70
5974,replay,4000,0.0832,1.000,0.0385,0.69
5975,es_step,4000,0.0000,0.000,0.0385,1.84
5976,replay,4000,0.0860,1.000,0.0386,0.70
5977,replay,4000,0.1019,1.000,0.0388,0.69
5978,replay,4000,0.0986,1.000,0.0389,0.69
5979,replay,4000,0.0843,1.000,0.0389,0.69
5980,replay,4000,0.0752,1.000,0.0389,0.69
5981,replay,4000,0.0156,1.000,0.0388,0.69
5982,replay,4000,0.0271,1.000,0.0386,0.70
5983,replay,4000,0.0569,1.000,0.0386,0.70
5984,replay,4000,0.0560,1.000,0.0386,0.69
5985,es_step,4000,0.0000,0.000,0.0386,1.83
5986,es_step,4000,0.0000,0.000,0.0386,1.82
5987,replay,4000,0.0818,1.000,0.0387,0.69
5988,replay,4000,0.0646,1.000,0.0386,0.69
5989,replay,4000,0.0100,1.000,0.0385,0.69
5990,replay,4000,-0.0097,1.000,0.0383,0.69
5991,replay,4000,0.0016,1.000,0.0382,0.69
5992,replay,4000,0.0494,1.000,0.0382,0.69
5993,replay,4000,0.0775,1.000,0.0382,0.70
5994,replay,4000,0.0788,1.000,0.0383,0.69
5995,es_step,4000,0.0000,0.000,0.0383,1.83
5996,es_step,4000,0.0000,0.000,0.0383,1.81
5997,replay,4000,0.0779,1.000,0.0382,0.69
5998,replay,4000,0.0738,1.000,0.0382,0.69
5999,replay,4000,0.0592,1.000,0.0382,0.69
6000,replay,4000,0.0487,1.000,0.0382,0.70
6001,replay,4000,0.0690,1.000,0.0382,0.70
6002,es_step,4000,0.0000,0.000,0.0382,1.86
6003,replay,4000,0.0643,1.000,0.0382,0.70
6004,es_step,4000,0.0000,0.000,0.0382,1.83
6005,es_step,4000,0.0000,0.000,0.0382,1.82
6006,replay,4000,0.0760,1.000,0.0382,0.70
6007,replay,4000,0.0749,1.000,0.0382,0.70
6008,es_step,4000,0.0000,0.000,0.0382,1.84
6009,replay,4000,0.0692,1.000,0.0382,0.69
6010,replay,4000,0.0806,1.000,0.0382,0.69
6011,replay,4000,0.0677,1.000,0.0382,0.70
6012,es_step,4000,0.0000,0.000,0.0382,1.82
6013,replay,4000,0.0832,1.000,0.0383,0.69
6014,replay,4000,0.0928,1.000,0.0383,0.69
6015,replay,4000,0.0799,1.000,0.0384,0.69
6016,replay,4000,0.0941,1.000,0.0385,0.69
6017,replay,4000,0.0930,1.000,0.0385,0.70
6018,replay,4000,0.0923,1.000,0.0386,0.70
6019,replay,4000,0.0889,1.000,0.0386,0.70
6020,replay,4000,0.0722,1.000,0.0386,0.71
6021,es_step,4000,0.0000,0.000,0.0386,1.86
6022,replay,4000,0.0575,1.000,0.0386,0.70
6023,replay,4000,0.0611,1.000,0.0386,0.70
6024,es_step,4000,0.0000,0.000,0.0386,1.84
6025,replay,4000,0.0698,1.000,0.0386,0.69
6026,replay,4000,0.0596,1.000,0.0386,0.69
6027,replay,4000,0.0525,1.000,0.0386,0.69
6028,replay,4000,0.0367,1.000,0.0385,0.69
6029,replay,4000,0.0112,1.000,0.0384,0.69
6030,replay,4000,0.0543,1.000,0.0383,0.70
6031,replay,4000,0.0462,1.000,0.0383,0.70
6032,replay,4000,0.0548,1.000,0.0383,0.70
6033,replay,4000,0.0734,1.000,0.0385,0.70
6034,replay,4000,0.0953,1.000,0.0385,0.70
6035,replay,4000,0.0649,1.000,0.0384,0.70
6036,replay,4000,0.0533,1.000,0.0384,0.70
6037,replay,4000,0.0713,1.000,0.0385,0.70
6038,replay,4000,0.0562,1.000,0.0386,0.70
6039,es_step,4000,0.0000,0.000,0.0386,1.85
6040,replay,4000,0.0522,1.000,0.0387,0.71
6041,replay,4000,0.0061,1.000,0.0385,0.70
6042,replay,4000,0.0294,1.000,0.0384,0.70
6043,replay,4000,0.0720,1.000,0.0384,0.70
6044,es_step,4000,0.0000,0.000,0.0384,1.84
6045,replay,4000,0.0718,1.000,0.0384,0.69
6046,replay,4000,0.0576,1.000,0.0383,0.69
6047,replay,4000,0.0179,1.000,0.0383,0.70
6048,replay,4000,0.0133,1.000,0.0382,0.70
6049,replay,4000,0.0672,1.000,0.0381,0.70
6050,es_step,4000,0.0000,0.000,0.0381,1.84
6051,replay,4000,0.0556,1.000,0.0380,0.69
6052,replay,4000,0.0923,1.000,0.0380,0.69
6053,es_step,4000,0.0000,0.000,0.0380,4.20
6054,replay,4000,0.0830,1.000,0.0381,0.69
6055,es_step,4000,0.0000,0.000,0.0381,1.83
6056,replay,4000,0.0827,1.000,0.0381,0.70
6057,replay,4000,0.0512,1.000,0.0380,0.69
6058,replay,4000,0.0573,1.000,0.0380,0.69
6059,replay,4000,0.0721,1.000,0.0381,0.69
6060,replay,4000,0.1010,1.000,0.0381,0.70
6061,replay,4000,0.0879,1.000,0.0381,0.70
6062,replay,4000,0.1010,1.000,0.0381,0.70
6063,replay,4000,0.0826,1.000,0.0382,0.70
6064,es_step,4000,0.0000,0.000,0.0382,1.84
6065,replay,4000,0.0794,1.000,0.0382,0.70
6066,replay,4000,0.0877,1.000,0.0382,0.70
6067,replay,4000,0.1157,1.000,0.0383,0.70
6068,replay,4000,0.1357,1.000,0.0384,0.70
6069,replay,4000,0.1243,1.000,0.0385,0.69
6070,replay,4000,0.1239,1.000,0.0386,0.70
6071,replay,4000,0.1037,1.000,0.0387,0.70
6072,replay,4000,0.0841,1.000,0.0387,0.70
6073,es_step,4000,0.0000,0.000,0.0387,1.84
6074,es_step,4000,0.0000,0.000,0.0387,1.82
6075,replay,4000,0.0662,1.000,0.0386,0.69
6076,replay,4000,0.0628,1.000,0.0386,0.69
6077,replay,4000,0.1080,1.000,0.0388,0.70
6078,replay,4000,0.1108,1.000,0.0388,0.69
6079,replay,4000,0.0751,1.000,0.0388,0.70
6080,replay,4000,0.0329,1.000,0.0387,0.70
6081,es_step,4000,0.0000,0.000,0.0387,1.82
6082,replay,4000,0.0481,1.000,0.0386,0.69
6083,es_step,4000,0.0000,0.000,0.0386,1.81
6084,replay,4000,0.0639,1.000,0.0386,0.70
6085,replay,4000,0.0689,1.000,0.0386,0.69
6086,es_step,4000,0.0000,0.000,0.0386,1.82
6087,es_step,4000,0.0000,0.000,0.0386,1.82
6088,replay,4000,0.0370,1.000,0.0386,0.69
6089,replay,4000,0.0939,1.000,0.0387,0.70
6090,replay,4000,0.0885,1.000,0.0390,0.70
6091,replay,4000,0.0608,1.000,0.0390,0.70
6092,replay,4000,0.0379,1.000,0.0389,0.70
6093,replay,4000,0.0106,1.000,0.0387,0.70
6094,replay,4000,0.0267,1.000,0.0386,0.69
6095,replay,4000,0.0270,1.000,0.0385,0.70
6096,replay,4000,0.0422,1.000,0.0385,0.70
6097,replay,4000,0.0474,1.000,0.0384,0.70
6098,replay,4000,0.0566,1.000,0.0384,0.70
6099,replay,4000,0.0385,1.000,0.0384,0.70
6100,replay,4000,0.0419,1.000,0.0384,0.70
6101,replay,4000,0.0685,1.000,0.0383,0.71
6102,es_step,4000,0.0000,0.000,0.0383,1.87
6103,replay,4000,0.0704,1.000,0.0383,0.70
6104,replay,4000,0.0792,1.000,0.0383,0.70
6105,es_step,4000,0.0000,0.000,0.0383,1.85
6106,replay,4000,0.0775,1.000,0.0383,0.70
6107,replay,4000,0.0766,1.000,0.0383,0.70
6108,es_step,4000,0.0000,0.000,0.0383,1.84
6109,replay,4000,0.0844,1.000,0.0383,0.69
6110,replay,4000,0.0710,1.000,0.0383,0.69
6111,replay,4000,0.0719,1.000,0.0384,0.70
6112,replay,4000,0.0878,1.000,0.0385,0.70
6113,replay,4000,0.0806,1.000,0.0386,0.69
6114,replay,4000,0.0769,1.000,0.0386,0.70
6115,replay,4000,0.0617,1.000,0.0386,0.69
6116,replay,4000,0.0286,1.000,0.0385,0.70
6117,replay,4000,0.0225,1.000,0.0385,0.71
6118,es_step,4000,0.0000,0.000,0.0385,1.86
6119,es_step,4000,0.0000,0.000,0.0385,1.84
6120,replay,4000,0.0475,1.000,0.0384,0.70
6121,replay,4000,0.0437,1.000,0.0384,0.70
6122,replay,4000,0.0878,1.000,0.0385,0.70
6123,replay,4000,0.0966,1.000,0.0386,0.70
6124,es_step,4000,0.0000,0.000,0.0386,1.84
6125,replay,4000,0.0886,1.000,0.0386,0.69
6126,replay,4000,0.0713,1.000,0.0386,0.70
6127,es_step,4000,0.0000,0.000,0.0386,1.83
6128,replay,4000,0.0664,1.000,0.0387,0.69
6129,replay,4000,0.0473,1.000,0.0386,0.69
6130,replay,4000,0.0589,1.000,0.0386,0.69
6131,replay,4000,0.0748,1.000,0.0387,0.69
6132,replay,4000,0.0797,1.000,0.0387,0.69
6133,es_step,4000,0.0000,0.000,0.0387,1.82
6134,replay,4000,0.0815,1.000,0.0387,0.69
6135,replay,4000,0.0672,1.000,0.0389,0.69
6136,replay,4000,0.0764,1.000,0.0389,0.69
6137,es_step,4000,0.0000,0.000,0.0389,1.82
6138,es_step,4000,0.0000,0.000,0.0389,1.83
6139,replay,4000,0.0585,1.000,0.0388,0.70
6140,replay,4000,0.0679,1.000,0.0388,0.70
6141,replay,4000,0.0237,1.000,0.0388,0.70
6142,replay,4000,0.0816,1.000,0.0388,0.69
6143,replay,4000,0.0751,1.000,0.0388,0.69
6144,replay,4000,0.1032,1.000,0.0389,0.69
6145,es_step,4000,0.0000,0.000,0.0389,1.83
6146,es_step,4000,0.0000,0.000,0.0389,1.81
6147,replay,4000,0.1187,1.000,0.0390,0.69
6148,es_step,4000,0.0000,0.000,0.0390,1.82
6149,es_step,4000,0.0000,0.000,0.0390,1.84
6150,es_step,4000,0.0000,0.000,0.0390,1.82
6151,replay,4000,0.1113,1.000,0.0390,0.69
6152,replay,4000,0.0974,1.000,0.0390,0.69
6153,es_step,4000,0.0000,0.000,0.0390,1.81
6154,replay,4000,0.0654,1.000,0.0390,0.70
6155,es_step,4000,0.0000,0.000,0.0390,1.82
6156,replay,4000,0.0923,1.000,0.0390,0.70
6157,replay,4000,0.0732,1.000,0.0390,0.69
6158,es_step,4000,0.0000,0.000,0.0390,1.82
6159,replay,4000,0.0477,1.000,0.0391,0.69
6160,es_step,4000,0.0000,0.000,0.0391,1.80
6161,replay,4000,0.0531,1.000,0.0390,0.69
6162,replay,4000,0.0740,1.000,0.0390,0.69
6163,es_step,4000,0.0000,0.000,0.0390,1.80
6164,replay,4000,0.0988,1.000,0.0391,0.69
6165,replay,4000,0.0260,1.000,0.0390,0.69
6166,replay,4000,0.0940,1.000,0.0391,0.69
6167,replay,4000,0.1120,1.000,0.0391,0.69
6168,replay,4000,0.0505,1.000,0.0390,0.69
6169,replay,4000,0.0586,1.000,0.0389,0.69
6170,replay,4000,0.0394,1.000,0.0389,0.70
6171,es_step,4000,0.0000,0.000,0.0389,1.83
6172,replay,4000,0.0190,1.000,0.0387,0.70
6173,replay,4000,0.0666,1.000,0.0387,0.69
6174,replay,4000,0.1007,1.000,0.0387,0.69
6175,replay,4000,0.0644,1.000,0.0388,0.70
6176,es_step,4000,0.0000,0.000,0.0388,1.84
6177,es_step,4000,0.0000,0.000,0.0388,1.85
6178,replay,4000,0.1217,1.000,0.0388,0.69
6179,replay,4000,0.1165,1.000,0.0388,0.69
6180,replay,4000,0.1083,1.000,0.0388,0.69
6181,es_step,4000,0.0000,0.000,0.0388,1.82
6182,replay,4000,0.1031,1.000,0.0389,0.69
6183,replay,4000,0.0945,1.000,0.0389,0.69
6184,replay,4000,0.0870,1.000,0.0389,0.69
6185,replay,4000,0.0714,1.000,0.0390,0.69
6186,replay,4000,0.0457,1.000,0.0389,0.70
6187,replay,4000,0.0116,1.000,0.0387,0.70
6188,replay,4000,0.0251,1.000,0.0386,0.70
6189,replay,4000,0.0371,1.000,0.0386,0.70
6190,es_step,4000,0.0000,0.000,0.0386,1.84
6191,es_step,4000,0.0000,0.000,0.0386,1.84
6192,replay,4000,0.0575,1.000,0.0386,0.70
6193,replay,4000,0.0727,1.000,0.0386,0.70
6194,replay,4000,0.0902,1.000,0.0387,0.70
6195,es_step,4000,0.0000,0.000,0.0387,1.84
6196,replay,4000,0.0740,1.000,0.0388,0.69
6197,replay,4000,0.0713,1.000,0.0388,0.69
6198,replay,4000,0.0439,1.000,0.0387,0.69
6199,replay,4000,0.0306,1.000,0.0386,0.70
6200,replay,4000,0.0456,1.000,0.0386,0.70
6201,replay,4000,0.0390,1.000,0.0385,0.69
6202,replay,4000,0.0458,1.000,0.0385,0.69
6203,replay,4000,0.0505,1.000,0.0385,0.69
6204,replay,4000,0.0406,1.000,0.0385,0.69
6205,replay,4000,0.0498,1.000,0.0385,0.70
6206,replay,4000,0.0424,1.000,0.0384,0.70
6207,replay,4000,0.0662,1.000,0.0384,0.70
6208,es_step,4000,0.0000,0.000,0.0384,1.86
6209,replay,4000,0.0625,1.000,0.0383,0.69
6210,replay,4000,0.0320,1.000,0.0383,0.69
6211,replay,4000,0.0512,1.000,0.0382,0.70
6212,replay,4000,0.0493,1.000,0.0382,0.70
6213,replay,4000,0.0567,1.000,0.0382,0.69
6214,replay,4000,0.0730,1.000,0.0382,0.69
6215,es_step,4000,0.0000,0.000,0.0382,1.83
6216,replay,4000,0.0550,1.000,0.0381,0.69
6217,replay,4000,0.0408,1.000,0.0381,0.69
6218,es_step,4000,0.0000,0.000,0.0381,1.82
6219,replay,4000,0.0616,1.000,0.0381,0.69
6220,replay,4000,0.0626,1.000,0.0380,0.69
6221,replay,4000,0.0397,1.000,0.0380,0.69
6222,replay,4000,0.0012,1.000,0.0378,0.68
6223,replay,4000,-0.0400,1.000,0.0375,0.69
6224,replay,4000,0.0545,1.000,0.0375,0.69
6225,es_step,4000,0.0000,0.000,0.0375,1.83
6226,replay,4000,0.0992,1.000,0.0376,0.69
6227,replay,4000,0.1157,1.000,0.0377,0.69
6228,replay,4000,0.0888,1.000,0.0379,0.70
6229,replay,4000,0.0587,1.000,0.0379,0.70
6230,replay,4000,0.0382,1.000,0.0378,0.69
6231,es_step,4000,0.0000,0.000,0.0378,1.84
6232,replay,4000,0.0458,1.000,0.0377,0.70
6233,replay,4000,0.0464,1.000,0.0377,0.69
6234,replay,4000,0.0534,1.000,0.0377,0.69
6235,replay,4000,0.0682,1.000,0.0377,0.69
6236,es_step,4000,0.0000,0.000,0.0377,1.83
6237,replay,4000,0.0982,1.000,0.0378,0.70
6238,replay,4000,0.1095,1.000,0.0379,0.70
6239,replay,4000,0.0896,1.000,0.0380,0.69
6240,replay,4000,0.0950,1.000,0.0380,0.69
6241,replay,4000,0.0602,1.000,0.0380,0.69
6242,es_step,4000,0.0000,0.000,0.0380,1.83
6243,es_step,4000,0.0000,0.000,0.0380,1.83
6244,replay,4000,0.0795,1.000,0.0379,0.70
6245,es_step,4000,0.0000,0.000,0.0379,1.83
6246,replay,4000,0.0717,1.000,0.0379,0.69
6247,replay,4000,0.0839,1.000,0.0379,0.69
6248,replay,4000,0.1078,1.000,0.0379,0.69
6249,replay,4000,0.1099,1.000,0.0379,0.69
6250,replay,4000,0.0870,1.000,0.0379,0.69
6251,es_step,4000,0.0000,0.000,0.0379,1.82
6252,replay,4000,0.0407,1.000,0.0378,0.69
6253,replay,4000,0.0223,1.000,0.0379,0.69
6254,es_step,4000,0.0000,0.000,0.0379,1.83
6255,replay,4000,0.0067,1.000,0.0377,0.70
6256,replay,4000,0.0279,1.000,0.0376,0.69
6257,es_step,4000,0.0000,0.000,0.0376,1.82
6258,replay,4000,0.0445,1.000,0.0376,0.69
6259,replay,4000,0.0681,1.000,0.0378,0.70
6260,replay,4000,0.0643,1.000,0.0378,0.69
6261,replay,4000,0.0949,1.000,0.0380,0.69
6262,replay,4000,0.1033,1.000,0.0381,0.69
6263,es_step,4000,0.0000,0.000,0.0381,1.83
6264,replay,4000,0.0774,1.000,0.0382,0.70
6265,replay,4000,0.0701,1.000,0.0381,0.70
6266,replay,4000,0.0724,1.000,0.0381,0.69
6267,replay,4000,0.0851,1.000,0.0381,0.69
6268,replay,4000,0.1015,1.000,0.0382,0.70
6269,es_step,4000,0.0000,0.000,0.0382,1.84
6270,replay,4000,0.0876,1.000,0.0382,0.69
6271,replay,4000,0.0886,1.000,0.0383,0.69
6272,replay,4000,0.0737,1.000,0.0383,0.69
6273,replay,4000,0.0532,1.000,0.0382,0.69
6274,replay,4000,0.0340,1.000,0.0381,0.70
6275,replay,4000,0.0555,1.000,0.0381,0.70
6276,replay,4000,0.0535,1.000,0.0381,0.71
6277,es_step,4000,0.0000,0.000,0.0381,1.85
6278,replay,4000,0.0374,1.000,0.0380,0.69
6279,es_step,4000,0.0000,0.000,0.0380,1.83
6280,es_step,4000,0.0000,0.000,0.0380,1.83
6281,replay,4000,0.0684,1.000,0.0380,0.70
6282,es_step,4000,0.0000,0.000,0.0380,1.84
6283,replay,4000,0.0573,1.000,0.0380,0.70
6284,replay,4000,0.0535,1.000,0.0380,0.70
6285,replay,4000,0.0599,1.000,0.0380,0.69
6286,replay,4000,0.0764,1.000,0.0380,0.69
6287,replay,4000,0.0715,1.000,0.0380,0.69
6288,es_step,4000,0.0000,0.000,0.0380,1.82
6289,replay,4000,0.0632,1.000,0.0380,0.69
6290,replay,4000,0.0515,1.000,0.0379,0.69
6291,replay,4000,0.0603,1.000,0.0379,0.70
6292,es_step,4000,0.0000,0.000,0.0379,1.82
6293,es_step,4000,0.0000,0.000,0.0379,1.82
6294,replay,4000,0.0582,1.000,0.0380,0.69
6295,replay,4000,0.0530,1.000,0.0379,0.69
6296,replay,4000,0.0792,1.000,0.0379,0.69
6297,replay,4000,0.0711,1.000,0.0379,0.69
6298,replay,4000,0.0599,1.000,0.0379,0.69
6299,replay,4000,0.0535,1.000,0.0379,0.69
6300,replay,4000,0.0445,1.000,0.0378,0.69
6301,replay,4000,0.0606,1.000,0.0378,0.69
6302,replay,4000,0.1104,1.000,0.0379,0.69
6303,replay,4000,0.1377,1.000,0.0380,0.69
6304,replay,4000,0.1252,1.000,0.0382,0.69
6305,es_step,4000,0.0000,0.000,0.0382,1.82
6306,es_step,4000,0.0000,0.000,0.0382,1.81
6307,es_step,4000,0.0000,0.000,0.0382,1.80
6308,replay,4000,0.0974,1.000,0.0383,0.69
6309,replay,4000,0.0744,1.000,0.0384,0.70
6310,replay,4000,0.0997,1.000,0.0384,0.70
6311,es_step,4000,0.0000,0.000,0.0384,1.83
6312,es_step,4000,0.0000,0.000,0.0384,1.82
6313,replay,4000,0.0638,1.000,0.0384,0.69
6314,replay,4000,0.0598,1.000,0.0384,0.69
6315,replay,4000,0.0337,1.000,0.0384,0.69
6316,es_step,4000,0.0000,0.000,0.0384,1.82
6317,es_step,4000,0.0000,0.000,0.0384,1.80
6318,replay,4000,0.0186,1.000,0.0384,0.69
6319,es_step,4000,0.0000,0.000,0.0384,1.81
6320,es_step,4000,0.0000,0.000,0.0384,1.81
6321,replay,4000,0.0629,1.000,0.0383,0.70
6322,replay,4000,0.0561,1.000,0.0383,0.69
6323,replay,4000,0.0799,1.000,0.0383,0.78
6324,replay,4000,0.1107,1.000,0.0384,0.70
6325,replay,4000,0.1103,1.000,0.0384,0.70
6326,replay,4000,0.0935,1.000,0.0385,0.70
6327,replay,4000,0.1082,1.000,0.0386,0.70
6328,replay,4000,0.0838,1.000,0.0387,0.71
6329,replay,4000,0.1101,1.000,0.0388,0.70
6330,es_step,4000,0.0000,0.000,0.0388,4.27
6331,replay,4000,0.0734,1.000,0.0389,0.69
6332,replay,4000,0.0664,1.000,0.0389,0.69
6333,replay,4000,0.0707,1.000,0.0389,0.69
6334,replay,4000,0.0851,1.000,0.0389,0.69
6335,replay,4000,0.0739,1.000,0.0390,0.69
6336,replay,4000,0.0780,1.000,0.0390,0.69
6337,replay,4000,0.0890,1.000,0.0391,0.69
6338,replay,4000,0.0861,1.000,0.0392,0.69
6339,replay,4000,0.0805,1.000,0.0392,0.69
6340,replay,4000,0.0607,1.000,0.0392,0.69
6341,replay,4000,0.0467,1.000,0.0391,0.69
6342,replay,4000,0.0383,1.000,0.0389,0.69
6343,replay,4000,0.0112,1.000,0.0388,0.69
6344,replay,4000,0.0540,1.000,0.0388,0.69
6345,es_step,4000,0.0000,0.000,0.0388,1.83
6346,replay,4000,0.0719,1.000,0.0388,0.69
6347,replay,4000,0.0478,1.000,0.0389,0.69
6348,replay,4000,0.0644,1.000,0.0388,0.69
6349,replay,4000,0.0945,1.000,0.0389,0.69
6350,replay,4000,0.0931,1.000,0.0390,0.69
6351,replay,4000,0.0919,1.000,0.0390,0.68
6352,replay,4000,0.0840,1.000,0.0392,0.68
6353,replay,4000,0.0624,1.000,0.0391,0.68
6354,replay,4000,0.0621,1.000,0.0391,0.68
6355,replay,4000,0.0616,1.000,0.0391,0.68
6356,replay,4000,0.0669,1.000,0.0391,0.69
6357,es_step,4000,0.0000,0.000,0.0391,1.82
6358,replay,4000,0.0552,1.000,0.0391,0.69
6359,replay,4000,0.0576,1.000,0.0391,0.69
6360,replay,4000,0.0858,1.000,0.0392,0.69
6361,replay,4000,0.0625,1.000,0.0392,0.68
6362,replay,4000,0.0725,1.000,0.0391,0.68
6363,replay,4000,0.0603,1.000,0.0391,0.69
6364,replay,4000,0.0468,1.000,0.0391,0.69
6365,replay,4000,0.0401,1.000,0.0391,0.69
6366,replay,4000,0.0594,1.000,0.0391,0.69
6367,replay,4000,0.0723,1.000,0.0392,0.69
6368,replay,4000,0.0999,1.000,0.0393,0.69
6369,replay,4000,0.0829,1.000,0.0393,0.69
6370,replay,4000,0.0292,1.000,0.0393,0.68
6371,replay,4000,0.1075,1.000,0.0393,0.69
6372,replay,4000,0.1147,1.000,0.0394,0.69
6373,replay,4000,0.0801,1.000,0.0394,0.69
6374,replay,4000,0.0721,1.000,0.0394,0.70
6375,es_step,4000,0.0000,0.000,0.0394,1.84
6376,es_step,4000,0.0000,0.000,0.0394,1.82
6377,replay,4000,0.0662,1.000,0.0394,0.69
6378,replay,4000,0.0467,1.000,0.0394,0.69
6379,replay,4000,0.0338,1.000,0.0393,0.69
6380,replay,4000,0.0318,1.000,0.0392,0.69
6381,replay,4000,-0.0134,1.000,0.0391,0.69
6382,replay,4000,0.1023,1.000,0.0392,0.69
6383,replay,4000,0.1194,1.000,0.0392,0.68
6384,es_step,4000,0.0000,0.000,0.0392,1.82
6385,es_step,4000,0.0000,0.000,0.0392,1.82
6386,replay,4000,0.0873,1.000,0.0391,0.69
6387,replay,4000,0.0377,1.000,0.0390,0.68
6388,replay,4000,0.0171,1.000,0.0388,0.68
6389,replay,4000,0.0080,1.000,0.0387,0.68
6390,es_step,4000,0.0000,0.000,0.0387,1.81
6391,replay,4000,0.0316,1.000,0.0386,0.69
6392,replay,4000,0.0496,1.000,0.0387,0.69
6393,replay,4000,0.0900,1.000,0.0387,0.69
6394,replay,4000,0.1058,1.000,0.0388,0.69
6395,replay,4000,0.1000,1.000,0.0388,0.70
6396,replay,4000,0.1185,1.000,0.0388,0.70
6397,es_step,4000,0.0000,0.000,0.0388,1.84
6398,replay,4000,0.0993,1.000,0.0387,0.70
6399,replay,4000,0.0923,1.000,0.0387,0.69
6400,replay,4000,0.0880,1.000,0.0388,0.69
6401,es_step,4000,0.0000,0.000,0.0388,1.82
6402,replay,4000,0.0952,1.000,0.0388,0.69
6403,replay,4000,0.0886,1.000,0.0389,0.69
6404,es_step,4000,0.0000,0.000,0.0389,1.83
6405,replay,4000,0.0780,1.000,0.0389,0.69
6406,replay,4000,0.0489,1.000,0.0389,0.69
6407,replay,4000,0.0551,1.000,0.0389,0.69
6408,replay,4000,0.0357,1.000,0.0388,0.69
6409,replay,4000,0.0656,1.000,0.0388,0.69
6410,replay,4000,0.0626,1.000,0.0388,0.70
6411,replay,4000,0.0619,1.000,0.0388,0.69
6412,replay,4000,0.0710,1.000,0.0388,0.69
6413,replay,4000,0.0613,1.000,0.0388,0.69
6414,replay,4000,0.0762,1.000,0.0388,0.70
6415,replay,4000,0.0694,1.000,0.0388,0.70
6416,replay,4000,0.0783,1.000,0.0388,0.70
6417,replay,4000,0.0665,1.000,0.0388,0.69
6418,replay,4000,0.0248,1.000,0.0387,0.69
6419,replay,4000,0.0438,1.000,0.0387,0.69
6420,es_step,4000,0.0000,0.000,0.0387,1.83
6421,replay,4000,0.0459,1.000,0.0387,0.69
6422,replay,4000,0.0759,1.000,0.0386,0.69
6423,es_step,4000,0.0000,0.000,0.0386,1.82
6424,replay,4000,0.0798,1.000,0.0387,0.69
6425,replay,4000,-0.1091,1.000,0.0388,0.69
6426,es_step,4000,0.0000,0.000,0.0388,1.81
6427,replay,4000,0.1076,1.000,0.0389,0.69
6428,replay,4000,0.1184,1.000,0.0390,0.69
6429,replay,4000,0.1292,1.000,0.0391,0.69
6430,es_step,4000,0.0000,0.000,0.0391,1.82
6431,replay,4000,0.1124,1.000,0.0391,0.69
6432,replay,4000,0.0931,1.000,0.0393,0.69
6433,replay,4000,-0.0948,1.000,0.0395,0.69
6434,replay,4000,0.1031,1.000,0.0395,0.69
6435,replay,4000,0.1323,1.000,0.0396,0.69
6436,replay,4000,0.1579,1.000,0.0397,0.69
6437,replay,4000,0.1058,1.000,0.0396,0.69
6438,replay,4000,0.0737,1.000,0.0396,0.70
6439,replay,4000,0.0973,1.000,0.0396,0.69
6440,es_step,4000,0.0000,0.000,0.0396,1.84
6441,replay,4000,0.0424,1.000,0.0395,0.69
6442,replay,4000,0.0340,1.000,0.0394,0.69
6443,replay,4000,0.0523,1.000,0.0394,0.69
6444,es_step,4000,0.0000,0.000,0.0394,1.82
6445,replay,4000,0.0712,1.000,0.0393,0.69
6446,replay,4000,0.0525,1.000,0.0393,0.69
6447,es_step,4000,0.0000,0.000,0.0393,1.81
6448,replay,4000,0.0437,1.000,0.0392,0.68
6449,replay,4000,-0.0348,1.000,0.0391,0.68
6450,replay,4000,0.0688,1.000,0.0392,0.68
6451,replay,4000,0.1353,1.000,0.0394,0.68
6452,replay,4000,0.1216,1.000,0.0395,0.68
6453,replay,4000,0.0996,1.000,0.0395,0.68
6454,replay,4000,0.0760,1.000,0.0395,0.69
6455,es_step,4000,0.0000,0.000,0.0395,1.83
6456,replay,4000,0.0715,1.000,0.0395,0.69
6457,es_step,4000,0.0000,0.000,0.0395,1.83
6458,replay,4000,0.1008,1.000,0.0395,0.69
6459,es_step,4000,0.0000,0.000,0.0395,1.80
6460,replay,4000,0.0713,1.000,0.0394,0.68
6461,es_step,4000,0.0000,0.000,0.0394,1.82
6462,replay,4000,0.0578,1.000,0.0394,0.69
6463,replay,4000,0.0630,1.000,0.0393,0.69
6464,replay,4000,0.0383,1.000,0.0393,0.69
6465,replay,4000,0.0469,1.000,0.0392,0.69
6466,replay,4000,0.0572,1.000,0.0392,0.69
6467,replay,4000,0.0546,1.000,0.0391,0.69
6468,replay,4000,0.0185,1.000,0.0391,0.69
6469,replay,4000,0.0547,1.000,0.0390,0.69
6470,replay,4000,0.0781,1.000,0.0390,0.69
6471,replay,4000,0.0846,1.000,0.0390,0.69
6472,replay,4000,0.0717,1.000,0.0390,0.69
6473,replay,4000,0.0402,1.000,0.0390,0.68
6474,replay,4000,0.0470,1.000,0.0389,0.69
6475,replay,4000,0.0443,1.000,0.0388,0.69
6476,es_step,4000,0.0000,0.000,0.0388,1.82
6477,es_step,4000,0.0000,0.000,0.0388,1.82
6478,replay,4000,0.0604,1.000,0.0388,0.69
6479,replay,4000,0.0309,1.000,0.0387,0.68
6480,es_step,4000,0.0000,0.000,0.0387,1.82
6481,replay,4000,0.0689,1.000,0.0387,0.69
6482,replay,4000,0.0673,1.000,0.0387,0.68
6483,replay,4000,0.0687,1.000,0.0389,0.69
6484,replay,4000,0.0350,1.000,0.0389,0.69
6485,replay,4000,0.0661,1.000,0.0389,0.69
6486,replay,4000,0.0511,1.000,0.0390,0.69
6487,replay,4000,0.0755,1.000,0.0391,0.69
6488,replay,4000,0.0908,1.000,0.0391,0.69
6489,replay,4000,0.0932,1.000,0.0391,0.70
6490,replay,4000,0.0821,1.000,0.0391,0.69
6491,replay,4000,0.0763,1.000,0.0391,0.69
6492,replay,4000,0.0706,1.000,0.0391,0.69
6493,replay,4000,0.0695,1.000,0.0391,0.69
6494,es_step,4000,0.0000,0.000,0.0391,1.85
6495,es_step,4000,0.0000,0.000,0.0391,1.84
6496,replay,4000,0.0796,1.000,0.0392,0.69
6497,es_step,4000,0.0000,0.000,0.0392,1.83
6498,es_step,4000,0.0000,0.000,0.0392,1.82
6499,replay,4000,0.0791,1.000,0.0392,0.70
6500,replay,4000,0.0934,1.000,0.0393,0.69
6501,replay,4000,0.1149,1.000,0.0395,0.69
6502,replay,4000,0.1062,1.000,0.0395,0.69
6503,replay,4000,0.0770,1.000,0.0395,0.69
6504,replay,4000,0.0462,1.000,0.0395,0.69
6505,replay,4000,0.0576,1.000,0.0394,0.69
6506,replay,4000,0.0543,1.000,0.0393,0.69
6507,es_step,4000,0.0000,0.000,0.0393,1.82
6508,replay,4000,0.0889,1.000,0.0394,0.68
6509,es_step,4000,0.0000,0.000,0.0394,1.82
6510,replay,4000,0.0870,1.000,0.0394,0.69
6511,es_step,4000,0.0000,0.000,0.0394,1.83
6512,es_step,4000,0.0000,0.000,0.0394,1.82
6513,replay,4000,0.0834,1.000,0.0395,0.69
6514,replay,4000,0.0772,1.000,0.0396,0.69
6515,replay,4000,0.0777,1.000,0.0396,0.69
6516,replay,4000,0.0628,1.000,0.0396,0.68
6517,es_step,4000,0.0000,0.000,0.0396,1.81
6518,es_step,4000,0.0000,0.000,0.0396,1.81
6519,replay,4000,0.0631,1.000,0.0396,0.69
6520,replay,4000,0.0589,1.000,0.0395,0.69
6521,replay,4000,0.0411,1.000,0.0395,0.68
6522,es_step,4000,0.0000,0.000,0.0395,1.80
6523,es_step,4000,0.0000,0.000,0.0395,1.80
6524,replay,4000,0.0602,1.000,0.0394,0.69
6525,replay,4000,0.0724,1.000,0.0394,0.68
6526,replay,4000,0.0788,1.000,0.0394,0.69
6527,replay,4000,0.0647,1.000,0.0395,0.69
6528,replay,4000,0.1118,1.000,0.0396,0.69
6529,replay,4000,0.1357,1.000,0.0397,0.69
6530,replay,4000,0.1480,1.000,0.0398,0.69
6531,es_step,4000,0.0000,0.000,0.0398,1.81
6532,replay,4000,0.0988,1.000,0.0399,0.69
6533,replay,4000,0.1127,1.000,0.0400,0.68
6534,es_step,4000,0.0000,0.000,0.0400,1.79
6535,replay,4000,0.0959,1.000,0.0400,0.68
6536,replay,4000,0.0797,1.000,0.0400,0.68
6537,replay,4000,0.0685,1.000,0.0400,0.68
6538,replay,4000,0.0636,1.000,0.0399,0.69
6539,es_step,4000,0.0000,0.000,0.0399,1.80
6540,replay,4000,0.0477,1.000,0.0399,0.69
6541,replay,4000,0.0121,1.000,0.0397,0.69
6542,es_step,4000,0.0000,0.000,0.0397,1.82
6543,replay,4000,0.0296,1.000,0.0396,0.68
6544,es_step,4000,0.0000,0.000,0.0396,1.81
6545,replay,4000,0.0494,1.000,0.0396,0.69
6546,replay,4000,0.0714,1.000,0.0396,0.69
6547,replay,4000,0.0744,1.000,0.0396,0.70
6548,es_step,4000,0.0000,0.000,0.0396,1.84
6549,replay,4000,0.1047,1.000,0.0396,0.70
6550,es_step,4000,0.0000,0.000,0.0396,1.83
6551,replay,4000,0.0698,1.000,0.0396,0.69
6552,replay,4000,0.1194,1.000,0.0397,0.70
6553,replay,4000,0.1037,1.000,0.0398,0.69
6554,es_step,4000,0.0000,0.000,0.0398,1.84
6555,replay,4000,0.1261,1.000,0.0400,0.69
6556,replay,4000,0.1337,1.000,0.0401,0.69
6557,replay,4000,0.1168,1.000,0.0402,0.69
6558,replay,4000,0.0821,1.000,0.0402,0.69
6559,es_step,4000,0.0000,0.000,0.0402,1.82
6560,es_step,4000,0.0000,0.000,0.0402,1.82
6561,replay,4000,0.0563,1.000,0.0403,0.69
6562,es_step,4000,0.0000,0.000,0.0403,1.80
6563,replay,4000,0.0422,1.000,0.0402,0.67
6564,es_step,4000,0.0000,0.000,0.0402,1.78
6565,replay,4000,0.0594,1.000,0.0401,0.68
6566,es_step,4000,0.0000,0.000,0.0401,1.79
6567,es_step,4000,0.0000,0.000,0.0401,1.79
6568,replay,4000,0.0390,1.000,0.0401,0.68
6569,replay,4000,0.0633,1.000,0.0400,0.68
6570,replay,4000,0.0466,1.000,0.0400,0.68
6571,replay,4000,0.0400,1.000,0.0399,0.68
6572,replay,4000,0.0313,1.000,0.0399,0.69
6573,replay,4000,0.0416,1.000,0.0399,0.68
6574,replay,4000,0.0710,1.000,0.0398,0.69
6575,es_step,4000,0.0000,0.000,0.0398,1.81
6576,replay,4000,0.0710,1.000,0.0398,0.70
6577,replay,4000,0.0681,1.000,0.0398,0.70
6578,replay,4000,0.0737,1.000,0.0398,0.69
6579,es_step,4000,0.0000,0.000,0.0398,1.83
6580,replay,4000,0.0772,1.000,0.0398,0.69
6581,replay,4000,0.0794,1.000,0.0398,0.69
6582,replay,4000,0.0499,1.000,0.0397,0.70
6583,replay,4000,0.0319,1.000,0.0397,0.70
6584,replay,4000,0.0436,1.000,0.0397,0.69
6585,replay,4000,0.0878,1.000,0.0397,0.69
6586,replay,4000,0.0848,1.000,0.0397,0.69
6587,replay,4000,0.1018,1.000,0.0398,0.70
6588,replay,4000,0.1025,1.000,0.0398,0.70
6589,es_step,4000,0.0000,0.000,0.0398,1.84
6590,es_step,4000,0.0000,0.000,0.0398,1.83
6591,replay,4000,0.0864,1.000,0.0399,0.69
6592,replay,4000,0.0548,1.000,0.0398,0.69
6593,replay,4000,0.0137,1.000,0.0396,0.69
6594,replay,4000,0.0131,1.000,0.0394,0.69
6595,replay,4000,0.0442,1.000,0.0393,0.69
6596,es_step,4000,0.0000,0.000,0.0393,1.83
6597,replay,4000,0.0626,1.000,0.0392,0.69
6598,replay,4000,0.0670,1.000,0.0392,0.69
6599,replay,4000,0.0705,1.000,0.0393,0.69
6600,replay,4000,0.0365,1.000,0.0393,0.70
6601,replay,4000,0.0578,1.000,0.0393,0.70
6602,replay,4000,0.0896,1.000,0.0393,0.69
6603,es_step,4000,0.0000,0.000,0.0393,1.82
6604,replay,4000,0.0715,1.000,0.0393,0.69
6605,replay,4000,0.0546,1.000,0.0394,0.69
6606,replay,4000,0.0280,1.000,0.0393,0.69
6607,replay,4000,0.0233,1.000,0.0392,0.69
6608,replay,4000,0.0383,1.000,0.0391,0.68
6609,replay,4000,0.0596,1.000,0.0391,0.69
6610,replay,4000,0.1000,1.000,0.0392,0.69
6611,replay,4000,0.0945,1.000,0.0392,0.69
6612,replay,4000,0.0890,1.000,0.0392,0.69
6613,replay,4000,0.0627,1.000,0.0391,0.69
6614,es_step,4000,0.0000,0.000,0.0391,1.82
6615,replay,4000,0.0448,1.000,0.0391,0.69
6616,replay,4000,0.0452,1.000,0.0390,0.70
6617,es_step,4000,0.0000,0.000,0.0390,1.83
6618,replay,4000,0.0419,1.000,0.0390,0.69
6619,replay,4000,0.0261,1.000,0.0389,0.69
6620,es_step,4000,0.0000,0.000,0.0389,1.81
6621,replay,4000,0.0455,1.000,0.0389,0.69
6622,replay,4000,0.0561,1.000,0.0388,0.68
6623,replay,4000,0.0526,1.000,0.0388,0.68
6624,replay,4000,0.0592,1.000,0.0388,0.69
6625,replay,4000,0.0792,1.000,0.0388,0.69
6626,replay,4000,0.0733,1.000,0.0388,0.68
6627,replay,4000,0.0747,1.000,0.0389,0.69
6628,replay,4000,0.0771,1.000,0.0389,0.69
6629,replay,4000,0.0854,1.000,0.0389,0.70
6630,replay,4000,0.0684,1.000,0.0390,0.69
6631,replay,4000,0.0458,1.000,0.0390,0.69
6632,replay,4000,0.0267,1.000,0.0388,0.70
6633,es_step,4000,0.0000,0.000,0.0388,1.84
6634,replay,4000,0.0571,1.000,0.0388,3.10
6635,replay,4000,0.0755,1.000,0.0387,0.69
6636,replay,4000,0.0793,1.000,0.0387,0.70
6637,replay,4000,0.0904,1.000,0.0387,0.70
6638,replay,4000,0.0860,1.000,0.0388,0.69
6639,replay,4000,0.0584,1.000,0.0389,0.70
6640,replay,4000,0.0599,1.000,0.0388,0.71
6641,replay,4000,0.0889,1.000,0.0388,0.71
6642,replay,4000,0.1058,1.000,0.0389,0.70
6643,replay,4000,0.0849,1.000,0.0389,0.71
6644,es_step,4000,0.0000,0.000,0.0389,1.86
6645,es_step,4000,0.0000,0.000,0.0389,1.85
6646,replay,4000,0.0628,1.000,0.0388,0.70
6647,replay,4000,0.0282,1.000,0.0387,0.69
6648,replay,4000,0.0402,1.000,0.0386,0.70
6649,replay,4000,0.0411,1.000,0.0385,0.70
6650,replay,4000,0.0523,1.000,0.0384,0.70
6651,replay,4000,0.1026,1.000,0.0385,0.69
6652,replay,4000,0.1173,1.000,0.0386,0.70
6653,replay,4000,0.1484,1.000,0.0387,0.71
6654,replay,4000,0.1091,1.000,0.0388,0.69
6655,es_step,4000,0.0000,0.000,0.0388,1.84
6656,replay,4000,0.0833,1.000,0.0388,0.69
6657,replay,4000,0.0632,1.000,0.0387,0.70
6658,replay,4000,0.0609,1.000,0.0387,0.69
6659,replay,4000,0.0404,1.000,0.0386,0.70
6660,replay,4000,0.0379,1.000,0.0386,0.70
6661,replay,4000,0.0309,1.000,0.0385,0.70
6662,replay,4000,0.0405,1.000,0.0385,0.70
6663,replay,4000,0.0645,1.000,0.0384,0.69
6664,es_step,4000,0.0000,0.000,0.0384,1.85
6665,replay,4000,0.0777,1.000,0.0384,0.69
6666,replay,4000,0.0571,1.000,0.0384,0.69
6667,replay,4000,0.0271,1.000,0.0383,0.69
6668,es_step,4000,0.0000,0.000,0.0383,1.83
6669,es_step,4000,0.0000,0.000,0.0383,1.82
6670,replay,4000,0.0129,1.000,0.0382,0.69
6671,es_step,4000,0.0000,0.000,0.0382,1.81
6672,replay,4000,0.0296,1.000,0.0383,0.69
6673,replay,4000,0.0504,1.000,0.0383,0.69
6674,replay,4000,0.0791,1.000,0.0383,0.70
6675,replay,4000,0.0704,1.000,0.0383,0.70
6676,replay,4000,0.0603,1.000,0.0384,0.70
6677,es_step,4000,0.0000,0.000,0.0384,1.84
6678,replay,4000,0.0638,1.000,0.0384,0.70
6679,replay,4000,0.0609,1.000,0.0383,0.70
6680,replay,4000,0.0435,1.000,0.0382,0.69
6681,replay,4000,0.0181,1.000,0.0380,0.69
6682,replay,4000,0.0443,1.000,0.0380,0.70
6683,replay,4000,0.0454,1.000,0.0380,0.71
6684,replay,4000,0.0586,1.000,0.0379,0.70
6685,replay,4000,0.0748,1.000,0.0380,0.70
6686,replay,4000,0.1249,1.000,0.0381,0.70
6687,es_step,4000,0.0000,0.000,0.0381,1.84
6688,replay,4000,0.1123,1.000,0.0383,0.69
6689,replay,4000,0.1058,1.000,0.0384,0.70
6690,replay,4000,0.0550,1.000,0.0384,0.70
6691,replay,4000,0.0590,1.000,0.0383,0.70
6692,replay,4000,0.0842,1.000,0.0384,0.70
6693,es_step,4000,0.0000,0.000,0.0384,1.85
6694,replay,4000,0.0825,1.000,0.0384,0.70
6695,replay,4000,0.0865,1.000,0.0384,0.70
6696,replay,4000,0.0608,1.000,0.0384,0.70
6697,replay,4000,0.0201,1.000,0.0383,0.70
6698,replay,4000,0.0395,1.000,0.0381,0.70
6699,replay,4000,0.0239,1.000,0.0380,0.70
6700,es_step,4000,0.0000,0.000,0.0380,1.83
6701,replay,4000,0.0573,1.000,0.0380,0.69
6702,replay,4000,0.0815,1.000,0.0381,0.69
6703,es_step,4000,0.0000,0.000,0.0381,1.81
6704,replay,4000,0.0849,1.000,0.0381,0.69
6705,replay,4000,0.0811,1.000,0.0381,0.68
6706,replay,4000,0.0736,1.000,0.0382,0.68
6707,replay,4000,0.0885,1.000,0.0382,0.68
6708,replay,4000,0.0809,1.000,0.0384,0.68
6709,replay,4000,0.0755,1.000,0.0386,0.67
6710,replay,4000,0.0558,1.000,0.0386,0.68
6711,replay,4000,0.0442,1.000,0.0385,0.70
6712,replay,4000,0.0361,1.000,0.0385,0.70
6713,es_step,4000,0.0000,0.000,0.0385,1.82
6714,replay,4000,0.0458,1.000,0.0384,0.69
6715,replay,4000,0.0366,1.000,0.0384,0.69
6716,replay,4000,0.0412,1.000,0.0384,0.70
6717,replay,4000,0.0650,1.000,0.0383,0.70
6718,replay,4000,0.0584,1.000,0.0383,0.70
6719,es_step,4000,0.0000,0.000,0.0383,1.87
6720,replay,4000,0.0174,1.000,0.0381,0.71
6721,replay,4000,0.0420,1.000,0.0381,0.71
6722,replay,4000,0.0021,1.000,0.0379,0.70
6723,replay,4000,0.0447,1.000,0.0379,0.70
6724,replay,4000,0.0413,1.000,0.0379,0.71
6725,replay,4000,0.0759,1.000,0.0379,0.71
6726,replay,4000,0.0772,1.000,0.0379,0.71
6727,es_step,4000,0.0000,0.000,0.0379,1.89
6728,replay,4000,0.0725,1.000,0.0379,0.71
6729,replay,4000,0.0717,1.000,0.0379,0.71
6730,replay,4000,0.0798,1.000,0.0379,0.70
6731,replay,4000,0.0707,1.000,0.0379,0.71
6732,replay,4000,0.0535,1.000,0.0379,0.71
6733,replay,4000,0.0574,1.000,0.0378,0.71
6734,replay,4000,0.0831,1.000,0.0378,0.71
6735,es_step,4000,0.0000,0.000,0.0378,1.90
6736,replay,4000,0.1102,1.000,0.0379,0.71
6737,replay,4000,0.1357,1.000,0.0380,0.71
6738,replay,4000,0.1297,1.000,0.0381,0.71
6739,es_step,4000,0.0000,0.000,0.0381,1.89
6740,es_step,4000,0.0000,0.000,0.0381,1.86
6741,replay,4000,0.0901,1.000,0.0381,0.70
6742,replay,4000,0.0670,1.000,0.0380,0.70
6743,replay,4000,0.0370,1.000,0.0380,0.71
6744,replay,4000,0.0463,1.000,0.0379,0.70
6745,es_step,4000,0.0000,0.000,0.0379,1.88
6746,replay,4000,0.0520,1.000,0.0379,0.71
6747,replay,4000,0.0879,1.000,0.0379,0.70
6748,replay,4000,0.0713,1.000,0.0379,0.71
6749,replay,4000,0.0534,1.000,0.0378,0.70
6750,es_step,4000,0.0000,0.000,0.0378,1.87
6751,replay,4000,0.0263,1.000,0.0377,0.70
6752,es_step,4000,0.0000,0.000,0.0377,1.85
6753,replay,4000,-0.0016,1.000,0.0376,0.70
6754,replay,4000,0.0358,1.000,0.0375,0.70
6755,replay,4000,0.0404,1.000,0.0375,0.70
6756,replay,4000,0.0751,1.000,0.0374,0.70
6757,replay,4000,0.0623,1.000,0.0375,0.71
6758,replay,4000,0.0598,1.000,0.0375,0.72
6759,replay,4000,0.0380,1.000,0.0375,0.72
6760,replay,4000,0.0398,1.000,0.0375,0.71
6761,replay,4000,0.0410,1.000,0.0374,0.71
6762,replay,4000,0.0559,1.000,0.0375,0.72
6763,es_step,4000,0.0000,0.000,0.0375,1.92
6764,replay,4000,0.0878,1.000,0.0376,0.72
6765,replay,4000,0.0942,1.000,0.0376,0.71
6766,replay,4000,0.0749,1.000,0.0376,0.71
6767,replay,4000,0.0392,1.000,0.0376,0.72
6768,replay,4000,0.0235,1.000,0.0375,0.71
6769,replay,4000,0.0707,1.000,0.0375,0.72
6770,es_step,4000,0.0000,0.000,0.0375,1.94
6771,replay,4000,0.0484,1.000,0.0376,0.72
6772,replay,4000,0.0562,1.000,0.0376,0.71
6773,replay,4000,0.0776,1.000,0.0377,0.71
6774,replay,4000,0.0695,1.000,0.0376,0.71
6775,replay,4000,0.0769,1.000,0.0377,0.71
6776,replay,4000,0.0734,1.000,0.0376,0.71
6777,replay,4000,0.0780,1.000,0.0377,0.71
6778,es_step,4000,0.0000,0.000,0.0377,1.91
6779,replay,4000,0.0853,1.000,0.0377,0.71
6780,replay,4000,0.0872,1.000,0.0377,0.71
6781,replay,4000,0.0688,1.000,0.0377,0.71
6782,es_step,4000,0.0000,0.000,0.0377,1.90
6783,es_step,4000,0.0000,0.000,0.0377,1.89
6784,replay,4000,0.0562,1.000,0.0377,0.71
6785,es_step,4000,0.0000,0.000,0.0377,1.89
6786,replay,4000,0.0540,1.000,0.0377,0.71
6787,es_step,4000,0.0000,0.000,0.0377,1.88
6788,replay,4000,0.0525,1.000,0.0377,0.70
6789,replay,4000,0.0739,1.000,0.0377,0.71
6790,replay,4000,0.0769,1.000,0.0377,0.71
6791,es_step,4000,0.0000,0.000,0.0377,1.89
6792,es_step,4000,0.0000,0.000,0.0377,1.89
6793,replay,4000,0.0700,1.000,0.0378,0.71
6794,replay,4000,0.0911,1.000,0.0378,0.71
6795,es_step,4000,0.0000,0.000,0.0378,1.87
6796,es_step,4000,0.0000,0.000,0.0378,1.86
6797,es_step,4000,0.0000,0.000,0.0378,1.85
6798,es_step,4000,0.0000,0.000,0.0378,1.87
6799,es_step,4000,0.0000,0.000,0.0378,1.86
6800,replay,4000,0.0810,1.000,0.0378,0.70
6801,replay,4000,0.1053,1.000,0.0379,0.70
6802,es_step,4000,0.0000,0.000,0.0379,1.82
6803,replay,4000,0.1236,1.000,0.0381,0.69
6804,replay,4000,0.1324,1.000,0.0381,0.69
6805,replay,4000,0.1057,1.000,0.0382,0.68
6806,replay,4000,0.0705,1.000,0.0382,0.68
6807,replay,4000,0.0501,1.000,0.0382,0.67
6808,replay,4000,0.0203,1.000,0.0380,0.67
6809,replay,4000,0.0139,1.000,0.0379,0.67
6810,replay,4000,0.0402,1.000,0.0379,0.68
6811,replay,4000,0.0561,1.000,0.0379,0.70
6812,es_step,4000,0.0000,0.000,0.0379,1.82
6813,replay,4000,0.0540,1.000,0.0379,0.69
6814,replay,4000,0.0786,1.000,0.0380,0.71
6815,replay,4000,0.0833,1.000,0.0379,0.71
6816,replay,4000,0.0693,1.000,0.0379,0.71
6817,replay,4000,0.0666,1.000,0.0378,0.71
6818,replay,4000,0.0725,1.000,0.0378,0.71
6819,replay,4000,0.0682,1.000,0.0378,0.72
6820,replay,4000,0.0822,1.000,0.0377,0.71
6821,replay,4000,0.0744,1.000,0.0377,0.71
6822,es_step,4000,0.0000,0.000,0.0377,1.90
6823,replay,4000,0.0755,1.000,0.0377,0.70
6824,es_step,4000,0.0000,0.000,0.0377,1.86
6825,replay,4000,0.0730,1.000,0.0378,0.70
6826,replay,4000,0.0872,1.000,0.0378,0.71
6827,es_step,4000,0.0000,0.000,0.0378,1.85
6828,replay,4000,0.0743,1.000,0.0378,0.70
6829,replay,4000,0.0913,1.000,0.0379,0.70
6830,replay,4000,0.0910,1.000,0.0380,0.70
6831,replay,4000,0.0884,1.000,0.0380,0.70
6832,replay,4000,0.0845,1.000,0.0381,0.72
6833,replay,4000,0.0784,1.000,0.0381,0.71
6834,replay,4000,0.0671,1.000,0.0381,0.72
6835,replay,4000,0.0379,1.000,0.0381,0.72
6836,replay,4000,0.0690,1.000,0.0380,0.72
6837,replay,4000,0.0698,1.000,0.0381,0.72
6838,replay,4000,0.0658,1.000,0.0382,0.71
6839,es_step,4000,0.0000,0.000,0.0382,1.91
6840,replay,4000,0.0665,1.000,0.0381,0.72
6841,replay,4000,0.0489,1.000,0.0382,0.71
6842,replay,4000,0.0810,1.000,0.0383,0.72
6843,replay,4000,0.0528,1.000,0.0383,0.72
6844,replay,4000,0.0464,1.000,0.0383,0.71
6845,replay,4000,0.0428,1.000,0.0382,0.71
6846,replay,4000,0.0618,1.000,0.0382,0.71
6847,es_step,4000,0.0000,0.000,0.0382,1.90
6848,replay,4000,0.0700,1.000,0.0382,0.71
6849,replay,4000,0.0938,1.000,0.0382,0.72
6850,replay,4000,0.1179,1.000,0.0383,0.72
6851,replay,4000,0.1186,1.000,0.0383,0.72
6852,replay,4000,0.0923,1.000,0.0383,0.71
6853,replay,4000,0.0851,1.000,0.0383,0.71
6854,replay,4000,0.0753,1.000,0.0383,0.71
6855,replay,4000,0.0663,1.000,0.0383,0.71
6856,es_step,4000,0.0000,0.000,0.0383,1.91
6857,replay,4000,0.0531,1.000,0.0384,0.71
6858,replay,4000,0.0791,1.000,0.0384,0.71
6859,replay,4000,0.0913,1.000,0.0384,0.72
6860,replay,4000,0.0827,1.000,0.0384,0.71
6861,es_step,4000,0.0000,0.000,0.0384,1.92
6862,replay,4000,0.0913,1.000,0.0384,0.72
6863,replay,4000,0.0628,1.000,0.0384,0.71
6864,replay,4000,0.0435,1.000,0.0383,0.71
6865,replay,4000,0.0189,1.000,0.0382,0.71
6866,es_step,4000,0.0000,0.000,0.0382,1.91
6867,replay,4000,0.0238,1.000,0.0381,0.71
6868,replay,4000,0.0507,1.000,0.0381,0.71
6869,es_step,4000,0.0000,0.000,0.0381,1.88
6870,replay,4000,0.0888,1.000,0.0382,0.71
6871,replay,4000,0.0899,1.000,0.0383,0.71
6872,replay,4000,0.0862,1.000,0.0383,0.71
6873,es_step,4000,0.0000,0.000,0.0383,1.89
6874,replay,4000,0.0684,1.000,0.0384,0.71
6875,replay,4000,0.0579,1.000,0.0383,0.72
6876,replay,4000,0.0253,1.000,0.0383,0.71
6877,replay,4000,0.0506,1.000,0.0383,0.71
6878,es_step,4000,0.0000,0.000,0.0383,1.91
6879,replay,4000,0.0568,1.000,0.0383,0.71
6880,replay,4000,0.0614,1.000,0.0383,0.71
6881,replay,4000,0.0611,1.000,0.0383,0.71
6882,es_step,4000,0.0000,0.000,0.0383,1.88
6883,replay,4000,0.0576,1.000,0.0382,0.70
6884,replay,4000,0.0247,1.000,0.0381,0.71
6885,es_step,4000,0.0000,0.000,0.0381,1.90
6886,replay,4000,0.0278,1.000,0.0380,0.71
6887,replay,4000,0.0311,1.000,0.0380,0.71
6888,replay,4000,0.0585,1.000,0.0380,0.71
6889,replay,4000,0.0625,1.000,0.0380,0.71
6890,replay,4000,0.0790,1.000,0.0380,0.71
6891,replay,4000,0.0702,1.000,0.0380,0.71
6892,replay,4000,0.0497,1.000,0.0379,0.71
6893,replay,4000,0.0118,1.000,0.0378,0.71
6894,replay,4000,0.0191,1.000,0.0377,0.71
6895,es_step,4000,0.0000,0.000,0.0377,1.90
6896,replay,4000,0.0313,1.000,0.0376,0.72
6897,replay,4000,0.0723,1.000,0.0376,0.71
6898,replay,4000,0.0744,1.000,0.0376,0.71
6899,replay,4000,0.0735,1.000,0.0376,0.71
6900,replay,4000,0.0645,1.000,0.0376,0.71
6901,replay,4000,0.0619,1.000,0.0376,0.71
6902,replay,4000,0.0417,1.000,0.0375,0.71
6903,replay,4000,0.0324,1.000,0.0374,0.71
6904,replay,4000,0.0113,1.000,0.0373,0.71
6905,replay,4000,0.0353,1.000,0.0373,0.71
6906,replay,4000,0.0532,1.000,0.0373,0.71
6907,es_step,4000,0.0000,0.000,0.0373,1.91
6908,replay,4000,0.0694,1.000,0.0374,0.71
6909,es_step,4000,0.0000,0.000,0.0374,1.89
6910,replay,4000,0.1004,1.000,0.0374,0.71
6911,replay,4000,0.1336,1.000,0.0375,0.72
6912,es_step,4000,0.0000,0.000,0.0375,1.89
6913,replay,4000,0.1215,1.000,0.0376,0.71
6914,replay,4000,0.1073,1.000,0.0378,0.71
6915,replay,4000,0.1241,1.000,0.0380,0.71
6916,es_step,4000,0.0000,0.000,0.0380,1.89
6917,replay,4000,0.1216,1.000,0.0382,0.71
6918,replay,4000,0.1128,1.000,0.0383,0.71
6919,replay,4000,0.0795,1.000,0.0384,0.71
6920,replay,4000,0.0585,1.000,0.0383,0.71
6921,replay,4000,0.0487,1.000,0.0383,0.71
6922,replay,4000,0.0399,1.000,0.0382,0.71
6923,replay,4000,0.0293,1.000,0.0381,0.71
6924,replay,4000,0.0447,1.000,0.0381,0.71
6925,replay,4000,0.0535,1.000,0.0382,0.71
6926,replay,4000,0.0514,1.000,0.0382,0.71
6927,es_step,4000,0.0000,0.000,0.0382,1.89
6928,replay,4000,0.0603,1.000,0.0383,0.70
6929,es_step,4000,0.0000,0.000,0.0383,1.86
6930,replay,4000,0.1142,1.000,0.0383,0.71
6931,replay,4000,0.1026,1.000,0.0384,0.71
6932,es_step,4000,0.0000,0.000,0.0384,1.87
6933,replay,4000,0.0948,1.000,0.0385,0.71
6934,replay,4000,0.0627,1.000,0.0385,0.70
6935,replay,4000,0.0282,1.000,0.0385,0.70
6936,replay,4000,0.0393,1.000,0.0384,0.71
6937,replay,4000,0.0311,1.000,0.0383,0.71
6938,replay,4000,0.0503,1.000,0.0383,0.71
6939,replay,4000,0.0585,1.000,0.0382,0.71
6940,replay,4000,0.0535,1.000,0.0383,0.71
6941,replay,4000,0.0675,1.000,0.0383,3.11
6942,es_step,4000,0.0000,0.000,0.0383,1.89
6943,replay,4000,0.0575,1.000,0.0383,0.72
6944,replay,4000,0.0890,1.000,0.0383,0.71
6945,replay,4000,0.0970,1.000,0.0384,0.71
6946,es_step,4000,0.0000,0.000,0.0384,1.90
6947,replay,4000,0.0955,1.000,0.0384,0.71
6948,replay,4000,0.1002,1.000,0.0384,0.71
6949,replay,4000,0.1029,1.000,0.0386,0.71
6950,replay,4000,0.1169,1.000,0.0387,0.71
6951,es_step,4000,0.0000,0.000,0.0387,1.90
6952,replay,4000,0.1105,1.000,0.0388,0.71
6953,replay,4000,0.0893,1.000,0.0388,0.71
6954,replay,4000,0.0746,1.000,0.0388,0.71
6955,es_step,4000,0.0000,0.000,0.0388,1.88
6956,replay,4000,0.0847,1.000,0.0388,0.70
6957,replay,4000,0.0796,1.000,0.0388,0.71
6958,replay,4000,0.1011,1.000,0.0388,0.71
6959,es_step,4000,0.0000,0.000,0.0388,1.87
6960,replay,4000,0.0873,1.000,0.0388,0.71
6961,replay,4000,0.0879,1.000,0.0388,0.71
6962,replay,4000,0.0679,1.000,0.0387,0.70
6963,replay,4000,-0.2610,1.000,0.0386,0.71
6964,es_step,4000,0.0000,0.000,0.0386,1.90
6965,replay,4000,0.0693,1.000,0.0386,0.72
6966,replay,4000,0.1047,1.000,0.0387,0.83
6967,replay,4000,0.0927,1.000,0.0388,0.71
6968,replay,4000,0.0680,1.000,0.0388,0.71
6969,replay,4000,0.0600,1.000,0.0387,0.71
6970,replay,4000,0.0436,1.000,0.0387,0.71
6971,replay,4000,0.0570,1.000,0.0386,0.71
6972,replay,4000,0.0386,1.000,0.0385,0.71
6973,replay,4000,0.0659,1.000,0.0386,0.71
6974,replay,4000,0.0606,1.000,0.0387,0.71
6975,replay,4000,0.1330,1.000,0.0387,0.71
6976,replay,4000,0.1572,1.000,0.0390,0.71
6977,replay,4000,0.1595,1.000,0.0393,0.71
6978,replay,4000,0.1386,1.000,0.0394,0.71
6979,replay,4000,0.1537,1.000,0.0395,0.71
6980,es_step,4000,0.0000,0.000,0.0395,1.92
6981,es_step,4000,0.0000,0.000,0.0395,1.89
6982,replay,4000,0.1191,1.000,0.0397,0.71
6983,replay,4000,0.0949,1.000,0.0397,0.71
6984,replay,4000,0.0526,1.000,0.0397,0.71
6985,replay,4000,0.0495,1.000,0.0396,0.71
6986,replay,4000,0.0200,1.000,0.0395,0.71
6987,replay,4000,0.0697,1.000,0.0395,0.71
6988,replay,4000,0.0691,1.000,0.0395,0.71
6989,replay,4000,0.0478,1.000,0.0395,0.70
6990,replay,4000,0.0658,1.000,0.0395,0.69
6991,replay,4000,0.0768,1.000,0.0396,0.68
6992,replay,4000,0.0628,1.000,0.0396,0.66
6993,es_step,4000,0.0000,0.000,0.0396,1.79
6994,replay,4000,0.0505,1.000,0.0396,0.66
6995,replay,4000,0.0384,1.000,0.0396,0.65
6996,replay,4000,0.0649,1.000,0.0395,0.65
6997,replay,4000,0.0616,1.000,0.0395,0.66
6998,replay,4000,0.0790,1.000,0.0395,0.65
6999,es_step,4000,0.0000,0.000,0.0395,1.77
7000,replay,4000,0.0491,1.000,0.0394,0.66
7001,replay,4000,0.0650,1.000,0.0394,0.67
7002,es_step,4000,0.0000,0.000,0.0394,1.83
7003,replay,4000,0.0823,1.000,0.0394,0.71
7004,replay,4000,0.0737,1.000,0.0394,0.70
7005,replay,4000,0.0726,1.000,0.0394,0.70
7006,replay,4000,0.0797,1.000,0.0395,0.70
7007,replay,4000,0.0906,1.000,0.0395,0.70
7008,replay,4000,0.0601,1.000,0.0395,0.71
7009,es_step,4000,0.0000,0.000,0.0395,1.85
7010,replay,4000,0.0616,1.000,0.0395,0.71
7011,es_step,4000,0.0000,0.000,0.0395,1.83
7012,replay,4000,0.0626,1.000,0.0395,0.71
7013,es_step,4000,0.0000,0.000,0.0395,1.85
7014,replay,4000,0.0595,1.000,0.0396,0.71
7015,replay,4000,0.1189,1.000,0.0397,0.71
7016,replay,4000,0.0935,1.000,0.0397,0.71
7017,replay,4000,0.0926,1.000,0.0397,0.70
7018,es_step,4000,0.0000,0.000,0.0397,1.87
7019,es_step,4000,0.0000,0.000,0.0397,1.86
7020,replay,4000,0.0676,1.000,0.0397,0.71
7021,replay,4000,0.0549,1.000,0.0397,0.71
7022,replay,4000,0.0397,1.000,0.0396,0.71
7023,replay,4000,0.0534,1.000,0.0395,0.71
7024,es_step,4000,0.0000,0.000,0.0395,1.86
7025,replay,4000,0.0614,1.000,0.0395,0.70
7026,es_step,4000,0.0000,0.000,0.0395,1.86
7027,replay,4000,0.0625,1.000,0.0395,0.70
7028,replay,4000,0.0570,1.000,0.0396,0.71
7029,replay,4000,0.0683,1.000,0.0396,0.71
7030,replay,4000,0.0705,1.000,0.0395,0.71
7031,replay,4000,0.0289,1.000,0.0397,0.71
7032,es_step,4000,0.0000,0.000,0.0397,1.88
7033,replay,4000,0.0631,1.000,0.0397,0.71
7034,es_step,4000,0.0000,0.000,0.0397,1.85
7035,replay,4000,0.0839,1.000,0.0396,0.70
7036,replay,4000,0.0741,1.000,0.0396,0.71
7037,replay,4000,0.0933,1.000,0.0396,0.71
7038,replay,4000,0.0888,1.000,0.0397,0.71
7039,replay,4000,0.1086,1.000,0.0399,0.71
7040,es_step,4000,0.0000,0.000,0.0399,1.88
7041,replay,4000,0.1143,1.000,0.0400,0.71
7042,replay,4000,0.0743,1.000,0.0399,0.71
7043,replay,4000,0.1049,1.000,0.0400,0.71
7044,replay,4000,0.0748,1.000,0.0400,0.71
7045,es_step,4000,0.0000,0.000,0.0400,1.85
7046,replay,4000,0.0803,1.000,0.0400,0.71
7047,replay,4000,0.0450,1.000,0.0400,0.72
7048,replay,4000,0.0703,1.000,0.0400,0.72
7049,replay,4000,0.0692,1.000,0.0400,0.72
7050,replay,4000,0.0740,1.000,0.0400,0.71
7051,replay,4000,0.0672,1.000,0.0400,0.72
7052,replay,4000,0.0600,1.000,0.0399,0.71
7053,replay,4000,0.0704,1.000,0.0399,0.71
7054,replay,4000,0.0808,1.000,0.0399,0.71
7055,replay,4000,0.0781,1.000,0.0401,0.72
7056,replay,4000,0.0883,1.000,0.0401,0.71
7057,replay,4000,0.0855,1.000,0.0401,0.71
7058,replay,4000,0.0565,1.000,0.0401,0.71
7059,replay,4000,0.0345,1.000,0.0400,0.71
7060,replay,4000,0.0243,1.000,0.0399,0.71
7061,es_step,4000,0.0000,0.000,0.0399,1.88
7062,replay,4000,0.0507,1.000,0.0398,0.71
7063,es_step,4000,0.0000,0.000,0.0398,1.89
7064,replay,4000,0.0497,1.000,0.0399,0.72
7065,replay,4000,0.0621,1.000,0.0399,0.71
7066,replay,4000,0.0539,1.000,0.0399,0.71
7067,replay,4000,0.0787,1.000,0.0399,0.71
7068,replay,4000,0.0654,1.000,0.0398,0.71
7069,replay,4000,0.0032,1.000,0.0398,0.71
7070,es_step,4000,0.0000,0.000,0.0398,1.87
7071,replay,4000,0.0655,1.000,0.0397,0.72
7072,replay,4000,0.0493,1.000,0.0397,0.72
7073,replay,4000,0.0826,1.000,0.0398,0.71
7074,replay,4000,0.0867,1.000,0.0398,0.72
7075,replay,4000,0.0704,1.000,0.0398,0.71
7076,replay,4000,0.0793,1.000,0.0398,0.71
7077,replay,4000,0.0644,1.000,0.0398,0.72
7078,es_step,4000,0.0000,0.000,0.0398,1.92
7079,replay,4000,0.0711,1.000,0.0400,0.71
7080,es_step,4000,0.0000,0.000,0.0400,1.89
7081,replay,4000,0.1050,1.000,0.0400,0.72
7082,es_step,4000,0.0000,0.000,0.0400,1.88
7083,replay,4000,0.0775,1.000,0.0400,0.71
7084,replay,4000,0.1078,1.000,0.0400,0.71
7085,es_step,4000,0.0000,0.000,0.0400,1.88
7086,replay,4000,0.0985,1.000,0.0401,0.71
7087,replay,4000,0.0994,1.000,0.0401,0.71
7088,replay,4000,0.0483,1.000,0.0403,0.72
7089,replay,4000,0.1147,1.000,0.0404,0.71
7090,replay,4000,0.1189,1.000,0.0405,0.72
7091,replay,4000,0.1150,1.000,0.0406,0.71
7092,es_step,4000,0.0000,0.000,0.0406,1.88
7093,replay,4000,0.1096,1.000,0.0407,0.71
7094,replay,4000,0.0871,1.000,0.0407,0.71
7095,es_step,4000,0.0000,0.000,0.0407,1.86
7096,replay,4000,0.0581,1.000,0.0406,0.71
7097,replay,4000,0.0269,1.000,0.0406,0.71
7098,es_step,4000,0.0000,0.000,0.0406,1.86
7099,replay,4000,0.0664,1.000,0.0405,0.72
7100,replay,4000,0.0309,1.000,0.0404,0.71
7101,replay,4000,0.0417,1.000,0.0403,0.71
7102,replay,4000,0.0652,1.000,0.0403,0.71
7103,es_step,4000,0.0000,0.000,0.0403,1.89
7104,replay,4000,0.0768,1.000,0.0404,0.72
7105,es_step,4000,0.0000,0.000,0.0404,1.86
7106,replay,4000,0.0631,1.000,0.0404,0.71
7107,replay,4000,0.0254,1.000,0.0404,0.71
7108,replay,4000,0.0085,1.000,0.0403,0.72
7109,replay,4000,0.0070,1.000,0.0402,0.72
7110,es_step,4000,0.0000,0.000,0.0402,1.88
7111,replay,4000,0.0878,1.000,0.0403,0.71
7112,replay,4000,0.1072,1.000,0.0404,0.71
7113,replay,4000,0.0652,1.000,0.0403,0.71
7114,replay,4000,0.0683,1.000,0.0403,0.71
7115,replay,4000,0.0566,1.000,0.0402,0.71
7116,replay,4000,0.0334,1.000,0.0401,0.71
7117,replay,4000,0.0451,1.000,0.0401,0.72
7118,es_step,4000,0.0000,0.000,0.0401,1.90
7119,es_step,4000,0.0000,0.000,0.0401,1.88
7120,replay,4000,0.0248,1.000,0.0401,0.71
7121,replay,4000,0.0493,1.000,0.0400,0.71
7122,replay,4000,0.0588,1.000,0.0400,0.72
7123,replay,4000,0.0475,1.000,0.0400,0.71
7124,replay,4000,0.0861,1.000,0.0400,0.71
7125,replay,4000,0.0804,1.000,0.0400,0.72
7126,replay,4000,0.0845,1.000,0.0401,0.72
7127,replay,4000,0.0788,1.000,0.0401,0.72
7128,replay,4000,0.0725,1.000,0.0402,0.72
7129,replay,4000,0.0623,1.000,0.0402,0.72
7130,replay,4000,0.0776,1.000,0.0402,0.72
7131,replay,4000,0.0815,1.000,0.0402,0.72
7132,replay,4000,0.0614,1.000,0.0402,0.72
7133,replay,4000,0.0551,1.000,0.0402,0.71
7134,es_step,4000,0.0000,0.000,0.0402,1.92
7135,replay,4000,0.0293,1.000,0.0402,0.72
7136,es_step,4000,0.0000,0.000,0.0402,1.90
7137,replay,4000,0.0479,1.000,0.0401,0.71
7138,replay,4000,0.0583,1.000,0.0400,0.71
7139,replay,4000,0.0739,1.000,0.0400,0.71
7140,replay,4000,0.0686,1.000,0.0400,0.72
7141,replay,4000,0.0854,1.000,0.0402,0.72
7142,replay,4000,0.1038,1.000,0.0403,0.72
7143,es_step,4000,0.0000,0.000,0.0403,1.91
7144,replay,4000,0.0989,1.000,0.0403,0.72
7145,es_step,4000,0.0000,0.000,0.0403,1.90
7146,replay,4000,0.0737,1.000,0.0403,0.72
7147,replay,4000,0.0672,1.000,0.0403,0.71
7148,replay,4000,0.0239,1.000,0.0402,0.71
7149,replay,4000,0.0364,1.000,0.0401,0.72
7150,replay,4000,0.0289,1.000,0.0400,0.71
7151,es_step,4000,0.0000,0.000,0.0400,1.90
7152,replay,4000,0.0281,1.000,0.0399,0.72
7153,replay,4000,0.0513,1.000,0.0399,0.71
7154,replay,4000,0.0483,1.000,0.0399,0.72
7155,replay,4000,0.0709,1.000,0.0399,0.72
7156,replay,4000,0.0778,1.000,0.0399,0.71
7157,replay,4000,0.0663,1.000,0.0399,0.71
7158,replay,4000,0.0500,1.000,0.0399,0.71
7159,replay,4000,0.0416,1.000,0.0398,0.71
7160,replay,4000,0.0304,1.000,0.0398,0.71
7161,replay,4000,0.0332,1.000,0.0397,0.71
7162,replay,4000,0.0403,1.000,0.0396,0.71
7163,replay,4000,0.0666,1.000,0.0396,0.72
7164,replay,4000,0.0625,1.000,0.0397,0.72
7165,replay,4000,0.0809,1.000,0.0397,0.72
7166,replay,4000,0.0725,1.000,0.0397,0.72
7167,es_step,4000,0.0000,0.000,0.0397,1.92
7168,replay,4000,0.0640,1.000,0.0397,0.72
7169,replay,4000,0.0371,1.000,0.0396,0.72
7170,replay,4000,0.0032,1.000,0.0395,0.72
7171,replay,4000,0.0623,1.000,0.0394,0.72
7172,replay,4000,0.0609,1.000,0.0394,0.73
7173,es_step,4000,0.0000,0.000,0.0394,1.93
7174,replay,4000,0.0768,1.000,0.0394,0.73
7175,replay,4000,0.1354,1.000,0.0395,0.72
7176,es_step,4000,0.0000,0.000,0.0395,1.92
7177,es_step,4000,0.0000,0.000,0.0395,1.92
7178,replay,4000,0.1120,1.000,0.0396,0.72
7179,replay,4000,0.1799,1.000,0.0397,0.73
7180,replay,4000,0.1675,1.000,0.0398,0.72
7181,replay,4000,0.1173,1.000,0.0401,0.72
7182,es_step,4000,0.0000,0.000,0.0401,1.91
7183,replay,4000,0.1228,1.000,0.0402,0.72
7184,replay,4000,0.1152,1.000,0.0402,0.72
7185,es_step,4000,0.0000,0.000,0.0402,1.91
7186,replay,4000,0.0798,1.000,0.0402,0.72
7187,replay,4000,0.0702,1.000,0.0402,0.72
7188,replay,4000,0.0629,1.000,0.0402,0.72
7189,replay,4000,0.0522,1.000,0.0402,0.72
7190,es_step,4000,0.0000,0.000,0.0402,1.91
7191,replay,4000,0.0507,1.000,0.0401,0.71
7192,replay,4000,0.0512,1.000,0.0402,0.72
7193,replay,4000,0.0494,1.000,0.0401,0.72
7194,replay,4000,0.0462,1.000,0.0400,0.72
7195,replay,4000,0.0563,1.000,0.0400,0.72
7196,replay,4000,0.0462,1.000,0.0400,0.72
7197,replay,4000,0.0967,1.000,0.0400,0.71
7198,replay,4000,0.0996,1.000,0.0401,0.71
7199,replay,4000,0.0968,1.000,0.0401,0.71
7200,replay,4000,0.0938,1.000,0.0402,0.71
7201,replay,4000,0.0889,1.000,0.0403,0.72
7202,replay,4000,0.0889,1.000,0.0403,0.71
7203,replay,4000,0.0653,1.000,0.0403,0.72
7204,replay,4000,0.0175,1.000,0.0402,0.71
7205,replay,4000,0.0510,1.000,0.0402,0.71
7206,replay,4000,0.0417,1.000,0.0402,0.72
7207,replay,4000,0.0491,1.000,0.0401,0.72
7208,es_step,4000,0.0000,0.000,0.0401,1.92
7209,replay,4000,0.0409,1.000,0.0401,0.72
7210,replay,4000,0.0730,1.000,0.0401,0.71
7211,replay,4000,0.0918,1.000,0.0402,0.72
7212,es_step,4000,0.0000,0.000,0.0402,1.90
7213,replay,4000,0.0952,1.000,0.0404,0.71
7214,replay,4000,0.1001,1.000,0.0404,0.71
7215,replay,4000,0.0848,1.000,0.0404,0.71
7216,replay,4000,0.0574,1.000,0.0404,0.71
7217,es_step,4000,0.0000,0.000,0.0404,1.89
7218,es_step,4000,0.0000,0.000,0.0404,1.88
7219,es_step,4000,0.0000,0.000,0.0404,1.87
7220,replay,4000,0.0649,1.000,0.0404,0.71
7221,es_step,4000,0.0000,0.000,0.0404,1.86
7222,replay,4000,0.0344,1.000,0.0403,0.71
7223,replay,4000,0.0351,1.000,0.0402,0.71
7224,replay,4000,0.0349,1.000,0.0402,0.71
7225,replay,4000,0.0627,1.000,0.0402,0.71
7226,replay,4000,0.0591,1.000,0.0402,0.70
7227,replay,4000,0.0571,1.000,0.0403,0.71
7228,replay,4000,0.0790,1.000,0.0402,0.71
7229,es_step,4000,0.0000,0.000,0.0402,1.85
7230,replay,4000,0.0950,1.000,0.0403,0.71
7231,replay,4000,0.1193,1.000,0.0404,0.71
7232,replay,4000,0.1264,1.000,0.0406,0.71
7233,replay,4000,0.2006,1.000,0.0407,0.71
7234,replay,4000,0.1846,1.000,0.0409,0.71
7235,replay,4000,0.1776,1.000,0.0411,0.71
7236,replay,4000,0.2028,1.000,0.0412,0.71
7237,es_step,4000,0.0000,0.000,0.0412,1.86
7238,replay,4000,0.1888,1.000,0.0415,0.71
7239,es_step,4000,0.0000,0.000,0.0415,1.89
7240,replay,4000,0.1916,1.000,0.0417,0.71
7241,replay,4000,0.1644,1.000,0.0419,0.71
7242,replay,4000,0.1603,1.000,0.0422,0.71
7243,es_step,4000,0.0000,0.000,0.0422,4.24
7244,replay,4000,0.1701,1.000,0.0423,0.71
7245,replay,4000,0.1662,1.000,0.0425,0.71
7246,replay,4000,0.1525,1.000,0.0428,0.70
7247,replay,4000,0.1206,1.000,0.0429,0.70
7248,replay,4000,0.0690,1.000,0.0429,0.71
7249,replay,4000,0.0175,1.000,0.0428,0.71
7250,replay,4000,0.0276,1.000,0.0426,0.71
7251,replay,4000,0.0571,1.000,0.0426,0.71
7252,replay,4000,0.0693,1.000,0.0426,0.71
7253,es_step,4000,0.0000,0.000,0.0426,1.88
7254,es_step,4000,0.0000,0.000,0.0426,1.86
7255,replay,4000,0.0669,1.000,0.0426,0.71
7256,replay,4000,0.0576,1.000,0.0425,0.71
7257,es_step,4000,0.0000,0.000,0.0425,1.85
7258,replay,4000,0.0555,1.000,0.0425,0.70
7259,replay,4000,0.0584,1.000,0.0422,0.70
7260,es_step,4000,0.0000,0.000,0.0422,1.84
7261,replay,4000,0.0795,1.000,0.0423,0.71
7262,replay,4000,0.0872,1.000,0.0423,0.70
7263,replay,4000,0.0557,1.000,0.0421,0.70
7264,replay,4000,0.0435,1.000,0.0420,0.71
7265,replay,4000,0.0321,1.000,0.0419,0.71
7266,replay,4000,0.0473,1.000,0.0419,0.71
7267,es_step,4000,0.0000,0.000,0.0419,1.92
7268,es_step,4000,0.0000,0.000,0.0419,1.89
7269,replay,4000,0.0396,1.000,0.0418,0.71
7270,replay,4000,0.0612,1.000,0.0418,0.71
7271,replay,4000,0.0641,1.000,0.0417,0.71
7272,es_step,4000,0.0000,0.000,0.0417,1.87
7273,replay,4000,0.0688,1.000,0.0418,0.71
7274,replay,4000,0.0662,1.000,0.0418,0.72
7275,replay,4000,0.0541,1.000,0.0418,0.71
7276,replay,4000,0.0653,1.000,0.0417,0.71
7277,replay,4000,0.0382,1.000,0.0417,0.71
7278,replay,4000,0.0915,1.000,0.0416,0.71
7279,es_step,4000,0.0000,0.000,0.0416,1.89
7280,replay,4000,0.0405,1.000,0.0416,0.71
7281,replay,4000,0.0611,1.000,0.0416,0.72
7282,replay,4000,0.0268,1.000,0.0415,0.71
7283,replay,4000,0.0352,1.000,0.0414,0.71
7284,replay,4000,0.0469,1.000,0.0414,0.72
7285,replay,4000,0.0461,1.000,0.0414,0.71
7286,es_step,4000,0.0000,0.000,0.0414,1.87
7287,replay,4000,0.0568,1.000,0.0414,0.71
7288,replay,4000,0.0489,1.000,0.0414,0.71
7289,replay,4000,0.0361,1.000,0.0414,0.71
7290,replay,4000,0.0518,1.000,0.0414,0.71
7291,replay,4000,0.0455,1.000,0.0413,0.71
7292,replay,4000,0.0473,1.000,0.0413,0.71
7293,replay,4000,0.0398,1.000,0.0413,0.71
7294,replay,4000,0.0676,1.000,0.0413,0.71
7295,es_step,4000,0.0000,0.000,0.0413,1.88
7296,es_step,4000,0.0000,0.000,0.0413,1.86
7297,replay,4000,0.0324,1.000,0.0413,0.71
7298,replay,4000,0.1106,1.000,0.0413,0.71
7299,es_step,4000,0.0000,0.000,0.0413,1.84
7300,es_step,4000,0.0000,0.000,0.0413,1.84
7301,replay,4000,0.0667,1.000,0.0412,0.71
7302,replay,4000,0.0585,1.000,0.0412,0.71
7303,replay,4000,0.0808,1.000,0.0413,0.71
7304,replay,4000,0.0752,1.000,0.0413,0.71
7305,replay,4000,0.0776,1.000,0.0414,0.71
7306,replay,4000,0.0841,1.000,0.0414,0.72
7307,replay,4000,0.0708,1.000,0.0414,0.72
7308,replay,4000,0.0527,1.000,0.0414,0.72
7309,es_step,4000,0.0000,0.000,0.0414,1.92
7310,replay,4000,0.0467,1.000,0.0413,0.71
7311,replay,4000,0.0483,1.000,0.0413,0.71
7312,replay,4000,0.0518,1.000,0.0411,0.72
7313,replay,4000,0.0758,1.000,0.0411,0.71
7314,replay,4000,0.1039,1.000,0.0412,0.71
7315,replay,4000,0.0840,1.000,0.0412,0.71
7316,replay,4000,0.0868,1.000,0.0414,0.72
7317,replay,4000,0.0986,1.000,0.0414,0.71
7318,replay,4000,0.0864,1.000,0.0414,0.71
7319,replay,4000,0.0923,1.000,0.0414,0.72
7320,replay,4000,0.0744,1.000,0.0415,0.72
7321,replay,4000,0.1089,1.000,0.0416,0.72
7322,replay,4000,0.0872,1.000,0.0416,0.72
7323,replay,4000,0.0689,1.000,0.0416,0.72
7324,es_step,4000,0.0000,0.000,0.0416,1.92
7325,replay,4000,0.0647,1.000,0.0416,0.71
7326,replay,4000,0.0636,1.000,0.0416,0.72
7327,replay,4000,0.0608,1.000,0.0416,0.72
7328,replay,4000,0.0617,1.000,0.0416,0.72
7329,replay,4000,0.0811,1.000,0.0417,0.72
7330,replay,4000,0.0845,1.000,0.0417,0.72
7331,replay,4000,0.0983,1.000,0.0418,0.72
7332,replay,4000,0.0855,1.000,0.0418,0.72
7333,replay,4000,0.0666,1.000,0.0418,0.71
7334,replay,4000,0.0330,1.000,0.0416,0.72
7335,replay,4000,0.0361,1.000,0.0414,0.72
7336,es_step,4000,0.0000,0.000,0.0414,1.95
7337,replay,4000,0.0326,1.000,0.0413,0.72
7338,replay,4000,0.0217,1.000,0.0412,0.72
7339,replay,4000,0.0361,1.000,0.0412,0.72
7340,replay,4000,0.0800,1.000,0.0412,0.72
7341,replay,4000,0.0553,1.000,0.0412,0.72
7342,replay,4000,0.0453,1.000,0.0410,0.72
7343,es_step,4000,0.0000,0.000,0.0410,1.94
7344,replay,4000,0.0629,1.000,0.0410,0.72
7345,replay,4000,0.0748,1.000,0.0410,0.71
7346,replay,4000,0.0555,1.000,0.0410,0.71
7347,replay,4000,0.0523,1.000,0.0410,0.71
7348,replay,4000,0.0512,1.000,0.0410,0.72
7349,replay,4000,0.0591,1.000,0.0409,0.71
7350,replay,4000,0.0472,1.000,0.0409,0.71
7351,replay,4000,0.0616,1.000,0.0409,0.71
7352,replay,4000,0.0537,1.000,0.0408,0.71
7353,replay,4000,0.0724,1.000,0.0409,0.71
7354,replay,4000,0.0965,1.000,0.0411,0.71
7355,replay,4000,0.0848,1.000,0.0411,0.71
7356,es_step,4000,0.0000,0.000,0.0411,1.91
7357,replay,4000,0.0834,1.000,0.0412,0.71
7358,replay,4000,0.0914,1.000,0.0412,0.70
7359,replay,4000,0.0616,1.000,0.0412,0.70
7360,es_step,4000,0.0000,0.000,0.0412,1.88
7361,replay,4000,0.0699,1.000,0.0412,0.70
7362,replay,4000,0.0474,1.000,0.0411,0.70
7363,es_step,4000,0.0000,0.000,0.0411,1.89
7364,es_step,4000,0.0000,0.000,0.0411,1.88
7365,replay,4000,0.0417,1.000,0.0411,0.70
7366,es_step,4000,0.0000,0.000,0.0411,1.87
7367,replay,4000,0.0534,1.000,0.0410,0.71
7368,es_step,4000,0.0000,0.000,0.0410,1.86
7369,replay,4000,0.0445,1.000,0.0410,0.70
7370,replay,4000,0.0434,1.000,0.0410,0.71
7371,replay,4000,0.0720,1.000,0.0410,0.71
7372,replay,4000,0.0647,1.000,0.0410,0.71
7373,replay,4000,0.0622,1.000,0.0410,0.70
7374,es_step,4000,0.0000,0.000,0.0410,1.87
7375,replay,4000,0.0427,1.000,0.0409,0.71
7376,es_step,4000,0.0000,0.000,0.0409,1.87
7377,replay,4000,0.0581,1.000,0.0409,0.71
7378,replay,4000,0.0749,1.000,0.0409,0.70
7379,replay,4000,0.0841,1.000,0.0410,0.70
7380,replay,4000,0.0841,1.000,0.0410,0.70
7381,replay,4000,0.0704,1.000,0.0411,0.70
7382,replay,4000,0.0718,1.000,0.0411,0.70
7383,replay,4000,0.0462,1.000,0.0411,0.70
7384,es_step,4000,0.0000,0.000,0.0411,1.85
7385,replay,4000,0.0567,1.000,0.0410,0.70
7386,replay,4000,0.0468,1.000,0.0410,0.70
7387,es_step,4000,0.0000,0.000,0.0410,1.83
7388,replay,4000,-0.0410,1.000,0.0409,0.70
7389,replay,4000,0.0569,1.000,0.0409,0.70
7390,replay,4000,0.1026,1.000,0.0410,0.69
7391,replay,4000,0.0965,1.000,0.0411,0.70
7392,replay,4000,0.1064,1.000,0.0411,0.70
7393,replay,4000,0.0830,1.000,0.0412,0.71
7394,replay,4000,0.0633,1.000,0.0411,0.71
7395,replay,4000,0.0399,1.000,0.0411,0.71
7396,es_step,4000,0.0000,0.000,0.0411,1.88
7397,replay,4000,0.0278,1.000,0.0410,0.71
7398,replay,4000,0.0335,1.000,0.0410,0.70
7399,replay,4000,0.0457,1.000,0.0409,0.71
7400,es_step,4000,0.0000,0.000,0.0409,1.87
7401,replay,4000,0.0376,1.000,0.0409,0.71
7402,replay,4000,0.0711,1.000,0.0409,0.72
7403,replay,4000,0.0507,1.000,0.0408,0.71
7404,replay,4000,0.0849,1.000,0.0408,0.71
7405,replay,4000,0.0912,1.000,0.0409,0.71
7406,replay,4000,0.0831,1.000,0.0409,0.71
7407,replay,4000,0.0660,1.000,0.0408,0.71
7408,replay,4000,0.0625,1.000,0.0408,0.72
7409,replay,4000,0.0597,1.000,0.0408,0.71
7410,replay,4000,0.0470,1.000,0.0408,0.71
7411,replay,4000,0.1055,1.000,0.0409,0.71
7412,replay,4000,0.1274,1.000,0.0410,0.71
7413,replay,4000,0.1381,1.000,0.0412,0.71
7414,es_step,4000,0.0000,0.000,0.0412,1.88
7415,replay,4000,0.1224,1.000,0.0413,0.69
7416,replay,4000,0.1133,1.000,0.0414,0.68
7417,replay,4000,0.0774,1.000,0.0414,0.67
7418,replay,4000,0.0618,1.000,0.0414,0.66
7419,replay,4000,0.0730,1.000,0.0413,0.66
7420,replay,4000,0.0493,1.000,0.0413,0.66
7421,es_step,4000,0.0000,0.000,0.0413,1.84
7422,replay,4000,0.0099,1.000,0.0412,0.70
7423,replay,4000,0.0634,1.000,0.0412,0.70
7424,replay,4000,0.0701,1.000,0.0412,0.70
7425,replay,4000,0.1097,1.000,0.0413,0.70
7426,replay,4000,0.1446,1.000,0.0414,0.70
7427,es_step,4000,0.0000,0.000,0.0414,1.85
7428,replay,4000,0.1492,1.000,0.0416,0.71
7429,replay,4000,0.1399,1.000,0.0416,0.71
7430,replay,4000,0.1223,1.000,0.0417,0.71
7431,replay,4000,0.0969,1.000,0.0417,0.70
7432,replay,4000,0.0708,1.000,0.0418,0.71
7433,replay,4000,0.0700,1.000,0.0418,0.70
7434,replay,4000,0.0882,1.000,0.0418,0.70
7435,replay,4000,0.0986,1.000,0.0418,0.70
7436,replay,4000,0.0997,1.000,0.0419,0.70
7437,replay,4000,0.0846,1.000,0.0418,0.70
7438,replay,4000,0.0584,1.000,0.0418,0.70
7439,replay,4000,0.0578,1.000,0.0418,0.70
7440,es_step,4000,0.0000,0.000,0.0418,1.87
7441,replay,4000,0.0280,1.000,0.0416,0.70
7442,replay,4000,0.0391,1.000,0.0416,0.70
7443,replay,4000,0.0472,1.000,0.0415,0.69
7444,replay,4000,0.0347,1.000,0.0414,0.70
7445,replay,4000,0.0361,1.000,0.0414,0.70
7446,replay,4000,0.0931,1.000,0.0414,0.70
7447,replay,4000,0.0797,1.000,0.0415,0.70
7448,replay,4000,0.0894,1.000,0.0415,0.71
7449,replay,4000,0.0883,1.000,0.0416,0.70
7450,replay,4000,0.0317,1.000,0.0416,0.70
7451,replay,4000,0.0746,1.000,0.0416,0.70
7452,es_step,4000,0.0000,0.000,0.0416,1.87
7453,replay,4000,0.0891,1.000,0.0416,0.70
7454,replay,4000,0.0850,1.000,0.0416,0.70
7455,replay,4000,0.0642,1.000,0.0415,0.71
7456,es_step,4000,0.0000,0.000,0.0415,1.85
7457,replay,4000,0.0442,1.000,0.0414,0.69
7458,replay,4000,0.0217,1.000,0.0414,0.69
7459,es_step,4000,0.0000,0.000,0.0414,1.83
7460,replay,4000,0.0095,1.000,0.0412,0.70
7461,replay,4000,0.0365,1.000,0.0410,0.71
7462,replay,4000,0.0366,1.000,0.0410,0.70
7463,replay,4000,0.0356,1.000,0.0409,0.70
7464,replay,4000,0.0838,1.000,0.0409,0.70
7465,replay,4000,0.1034,1.000,0.0410,0.70
7466,replay,4000,0.0956,1.000,0.0410,0.70
7467,replay,4000,0.0861,1.000,0.0410,0.70
7468,replay,4000,0.0588,1.000,0.0410,0.70
7469,replay,4000,0.0462,1.000,0.0409,0.70
7470,es_step,4000,0.0000,0.000,0.0409,1.86
7471,es_step,4000,0.0000,0.000,0.0409,1.86
7472,replay,4000,0.0408,1.000,0.0409,0.70
7473,es_step,4000,0.0000,0.000,0.0409,1.84
7474,replay,4000,0.0406,1.000,0.0408,0.69
7475,es_step,4000,0.0000,0.000,0.0408,1.83
7476,replay,4000,0.0436,1.000,0.0407,0.69
7477,replay,4000,0.0656,1.000,0.0406,0.69
7478,es_step,4000,0.0000,0.000,0.0406,1.82
7479,replay,4000,0.0822,1.000,0.0407,0.70
7480,replay,4000,0.0975,1.000,0.0407,0.70
7481,replay,4000,0.0917,1.000,0.0408,0.70
7482,replay,4000,0.0772,1.000,0.0408,0.71
7483,es_step,4000,0.0000,0.000,0.0408,1.88
7484,replay,4000,0.0633,1.000,0.0408,0.71
7485,replay,4000,0.0597,1.000,0.0407,0.71
7486,replay,4000,0.0664,1.000,0.0407,0.71
7487,replay,4000,0.0341,1.000,0.0407,0.71
7488,es_step,4000,0.0000,0.000,0.0407,1.86
7489,replay,4000,0.0623,1.000,0.0407,0.70
7490,replay,4000,0.0716,1.000,0.0407,0.70
7491,replay,4000,0.0744,1.000,0.0407,0.70
7492,es_step,4000,0.0000,0.000,0.0407,1.84
7493,es_step,4000,0.0000,0.000,0.0407,1.85
7494,replay,4000,0.0663,1.000,0.0407,0.70
7495,replay,4000,0.0359,1.000,0.0406,0.70
7496,replay,4000,0.0458,1.000,0.0406,0.69
7497,replay,4000,0.0807,1.000,0.0406,0.70
7498,replay,4000,0.1052,1.000,0.0407,0.70
7499,replay,4000,0.0843,1.000,0.0407,0.70
7500,replay,4000,0.0202,1.000,0.0407,0.71
7501,es_step,4000,0.0000,0.000,0.0407,1.89
7502,es_step,4000,0.0000,0.000,0.0407,1.85
7503,replay,4000,0.0840,1.000,0.0407,0.70
7504,replay,4000,0.1111,1.000,0.0408,0.70
7505,replay,4000,0.1078,1.000,0.0408,0.70
7506,replay,4000,0.0964,1.000,0.0409,0.70
7507,replay,4000,0.0888,1.000,0.0409,0.70
7508,replay,4000,0.0718,1.000,0.0408,0.70
7509,replay,4000,0.0916,1.000,0.0408,0.70
7510,replay,4000,0.0763,1.000,0.0408,0.70
7511,es_step,4000,0.0000,0.000,0.0408,1.87
7512,replay,4000,0.0595,1.000,0.0408,0.70
7513,replay,4000,0.0530,1.000,0.0407,0.70
7514,replay,4000,0.0685,1.000,0.0407,0.70
7515,replay,4000,0.0933,1.000,0.0408,0.70
7516,replay,4000,0.0725,1.000,0.0408,0.70
7517,replay,4000,0.0838,1.000,0.0408,0.70
7518,replay,4000,0.0650,1.000,0.0408,0.70
7519,replay,4000,0.0393,1.000,0.0407,0.70
7520,es_step,4000,0.0000,0.000,0.0407,1.86
7521,replay,4000,0.0536,1.000,0.0407,0.70
7522,replay,4000,0.0602,1.000,0.0407,0.70
7523,replay,4000,0.0859,1.000,0.0407,0.70
7524,replay,4000,0.0862,1.000,0.0407,0.71
7525,replay,4000,0.0449,1.000,0.0406,0.70
7526,replay,4000,0.0726,1.000,0.0406,0.70
7527,replay,4000,0.0721,1.000,0.0406,0.70
7528,es_step,4000,0.0000,0.000,0.0406,1.85
7529,replay,4000,0.0824,1.000,0.0407,0.70
7530,replay,4000,0.0857,1.000,0.0407,0.70
7531,replay,4000,0.0988,1.000,0.0407,0.70
7532,replay,4000,0.0845,1.000,0.0408,0.70
7533,replay,4000,0.0808,1.000,0.0408,0.71
7534,replay,4000,0.0713,1.000,0.0408,0.70
7535,replay,4000,0.0526,1.000,0.0407,0.71
7536,replay,4000,0.0471,1.000,0.0407,0.71
7537,replay,4000,0.0530,1.000,0.0406,0.71
7538,replay,4000,0.0415,1.000,0.0406,0.71
7539,replay,4000,0.0444,1.000,0.0405,0.71
7540,replay,4000,0.0557,1.000,0.0406,0.70
7541,replay,4000,0.0702,1.000,0.0406,0.71
7542,replay,4000,0.0427,1.000,0.0405,0.71
7543,replay,4000,0.0677,1.000,0.0405,0.70
7544,replay,4000,0.0812,1.000,0.0405,0.71
7545,es_step,4000,0.0000,0.000,0.0405,1.90
7546,replay,4000,0.0744,1.000,0.0405,0.71
7547,replay,4000,0.0705,1.000,0.0405,0.71
7548,replay,4000,0.0460,1.000,0.0404,0.71
7549,replay,4000,0.0342,1.000,0.0403,0.70
7550,replay,4000,0.0082,1.000,0.0402,0.71
7551,replay,4000,0.0429,1.000,0.0401,0.70
7552,replay,4000,0.0715,1.000,0.0401,0.71
7553,replay,4000,0.0828,1.000,0.0403,0.70
7554,replay,4000,0.1033,1.000,0.0403,3.09
7555,replay,4000,0.0925,1.000,0.0404,0.71
7556,es_step,4000,0.0000,0.000,0.0404,1.91
7557,replay,4000,0.0582,1.000,0.0404,0.70
7558,replay,4000,0.0500,1.000,0.0403,0.70
7559,replay,4000,0.0476,1.000,0.0403,0.70
7560,replay,4000,0.0526,1.000,0.0403,0.70
7561,replay,4000,0.0536,1.000,0.0403,0.71
7562,replay,4000,0.0778,1.000,0.0404,0.71
7563,es_step,4000,0.0000,0.000,0.0404,1.89
7564,replay,4000,0.0634,1.000,0.0404,0.70
7565,replay,4000,0.0759,1.000,0.0405,0.71
7566,es_step,4000,0.0000,0.000,0.0405,1.87
7567,es_step,4000,0.0000,0.000,0.0405,1.86
7568,es_step,4000,0.0000,0.000,0.0405,1.86
7569,replay,4000,0.0737,1.000,0.0404,0.70
7570,replay,4000,0.0456,1.000,0.0405,0.70
7571,replay,4000,0.1053,1.000,0.0406,0.71
7572,replay,4000,0.1263,1.000,0.0407,0.71
7573,replay,4000,0.0771,1.000,0.0407,0.71
7574,replay,4000,0.0587,1.000,0.0407,0.70
7575,replay,4000,0.0564,1.000,0.0407,0.70
7576,replay,4000,0.0405,1.000,0.0407,0.70
7577,replay,4000,0.0676,1.000,0.0407,0.70
7578,replay,4000,0.0604,1.000,0.0407,0.71
7579,replay,4000,0.0785,1.000,0.0407,0.70
7580,es_step,4000,0.0000,0.000,0.0407,1.89
7581,replay,4000,0.0583,1.000,0.0407,0.70
7582,replay,4000,0.0787,1.000,0.0407,0.70
7583,replay,4000,0.0747,1.000,0.0407,0.70
7584,replay,4000,0.0340,1.000,0.0406,0.70
7585,replay,4000,0.0604,1.000,0.0406,0.71
7586,replay,4000,0.0492,1.000,0.0406,0.71
7587,replay,4000,0.0453,1.000,0.0406,0.70
7588,replay,4000,0.0322,1.000,0.0405,0.71
7589,replay,4000,0.0889,1.000,0.0405,0.71
7590,replay,4000,0.0735,1.000,0.0405,0.71
7591,replay,4000,0.0275,1.000,0.0404,0.71
7592,replay,4000,0.0362,1.000,0.0403,0.71
7593,replay,4000,0.0262,1.000,0.0402,0.71
7594,replay,4000,0.0310,1.000,0.0401,0.71
7595,replay,4000,0.0471,1.000,0.0400,0.72
7596,replay,4000,0.0393,1.000,0.0400,0.71
7597,replay,4000,0.0679,1.000,0.0400,0.71
7598,replay,4000,0.0848,1.000,0.0402,0.71
7599,replay,4000,-0.0450,1.000,0.0401,0.71
7600,es_step,4000,0.0000,0.000,0.0401,1.91
7601,replay,4000,0.1150,1.000,0.0402,0.71
7602,replay,4000,0.1247,1.000,0.0403,0.71
7603,replay,4000,0.1048,1.000,0.0404,0.71
7604,replay,4000,0.1061,1.000,0.0404,0.71
7605,es_step,4000,0.0000,0.000,0.0404,1.90
7606,replay,4000,0.1004,1.000,0.0405,0.71
7607,es_step,4000,0.0000,0.000,0.0405,1.88
7608,es_step,4000,0.0000,0.000,0.0405,1.87
7609,replay,4000,0.1004,1.000,0.0406,0.70
7610,replay,4000,0.0440,1.000,0.0404,0.70
7611,es_step,4000,0.0000,0.000,0.0404,1.87
7612,es_step,4000,0.0000,0.000,0.0404,1.87
7613,replay,4000,0.0806,1.000,0.0404,0.71
7614,replay,4000,0.0938,1.000,0.0404,0.71
7615,es_step,4000,0.0000,0.000,0.0404,1.91
7616,replay,4000,0.0866,1.000,0.0405,0.70
7617,replay,4000,0.0885,1.000,0.0406,0.71
7618,es_step,4000,0.0000,0.000,0.0406,1.86
7619,replay,4000,0.0570,1.000,0.0405,0.70
7620,replay,4000,0.0489,1.000,0.0405,0.70
7621,replay,4000,0.0291,1.000,0.0403,0.71
7622,replay,4000,0.0480,1.000,0.0402,0.71
7623,replay,4000,0.0580,1.000,0.0402,0.71
7624,replay,4000,0.0773,1.000,0.0402,0.71
7625,es_step,4000,0.0000,0.000,0.0402,1.88
7626,es_step,4000,0.0000,0.000,0.0402,1.86
7627,es_step,4000,0.0000,0.000,0.0402,1.88
7628,es_step,4000,0.0000,0.000,0.0402,1.86
7629,es_step,4000,0.0000,0.000,0.0402,1.85
7630,es_step,4000,0.0000,0.000,0.0402,1.85
7631,replay,4000,0.0822,1.000,0.0402,0.71
7632,replay,4000,0.0990,1.000,0.0402,0.71
7633,es_step,4000,0.0000,0.000,0.0402,1.84
7634,replay,4000,0.0898,1.000,0.0401,0.70
7635,replay,4000,0.0726,1.000,0.0401,0.71
7636,replay,4000,0.0312,1.000,0.0400,0.71
7637,replay,4000,0.0349,1.000,0.0399,0.70
7638,replay,4000,0.0395,1.000,0.0398,0.71
7639,replay,4000,0.0283,1.000,0.0397,0.70
7640,replay,4000,0.0525,1.000,0.0397,0.70
7641,replay,4000,0.0370,1.000,0.0396,0.71
7642,replay,4000,0.0641,1.000,0.0396,0.70
7643,replay,4000,0.0837,1.000,0.0396,0.71
7644,replay,4000,0.0448,1.000,0.0396,0.71
7645,replay,4000,0.0288,1.000,0.0395,0.71
7646,replay,4000,0.0375,1.000,0.0393,0.71
7647,replay,4000,0.0174,1.000,0.0392,0.71
7648,replay,4000,0.0679,1.000,0.0392,0.71
7649,es_step,4000,0.0000,0.000,0.0392,1.89
7650,replay,4000,0.0907,1.000,0.0392,0.71
7651,replay,4000,0.0733,1.000,0.0392,0.71
7652,replay,4000,0.0684,1.000,0.0392,0.71
7653,es_step,4000,0.0000,0.000,0.0392,1.88
7654,replay,4000,0.0429,1.000,0.0392,0.71
7655,replay,4000,0.0126,1.000,0.0391,0.71
7656,es_step,4000,0.0000,0.000,0.0391,1.88
7657,replay,4000,0.0320,1.000,0.0391,0.71
7658,replay,4000,0.0513,1.000,0.0391,0.71
7659,es_step,4000,0.0000,0.000,0.0391,1.86
7660,es_step,4000,0.0000,0.000,0.0391,1.85
7661,es_step,4000,0.0000,0.000,0.0391,1.86
7662,replay,4000,0.0864,1.000,0.0391,0.71
7663,replay,4000,0.0727,1.000,0.0392,0.70
7664,replay,4000,0.0912,1.000,0.0393,0.70
7665,replay,4000,0.0928,1.000,0.0393,0.70
7666,replay,4000,0.0732,1.000,0.0394,0.70
7667,replay,4000,0.0692,1.000,0.0394,0.70
7668,replay,4000,0.0820,1.000,0.0395,0.71
7669,es_step,4000,0.0000,0.000,0.0395,1.86
7670,replay,4000,0.0817,1.000,0.0395,0.71
7671,replay,4000,0.0862,1.000,0.0395,0.71
7672,es_step,4000,0.0000,0.000,0.0395,1.86
7673,es_step,4000,0.0000,0.000,0.0395,1.85
7674,replay,4000,0.0757,1.000,0.0395,0.70
7675,replay,4000,0.0742,1.000,0.0395,0.70
7676,replay,4000,0.0640,1.000,0.0395,0.70
7677,replay,4000,0.0491,1.000,0.0395,0.71
7678,replay,4000,0.0518,1.000,0.0396,0.70
7679,replay,4000,0.0436,1.000,0.0395,0.70
7680,es_step,4000,0.0000,0.000,0.0395,1.88
7681,es_step,4000,0.0000,0.000,0.0395,1.87
7682,replay,4000,0.0613,1.000,0.0395,0.70
7683,es_step,4000,0.0000,0.000,0.0395,1.84
7684,replay,4000,0.0594,1.000,0.0395,0.71
7685,es_step,4000,0.0000,0.000,0.0395,1.86
7686,replay,4000,0.0451,1.000,0.0393,0.70
7687,replay,4000,0.0509,1.000,0.0393,0.70
7688,es_step,4000,0.0000,0.000,0.0393,1.87
7689,replay,4000,0.0440,1.000,0.0393,0.71
7690,replay,4000,0.0476,1.000,0.0393,0.71
7691,replay,4000,0.0718,1.000,0.0393,0.70
7692,replay,4000,0.0443,1.000,0.0393,0.71
7693,replay,4000,0.0603,1.000,0.0392,0.71
7694,es_step,4000,0.0000,0.000,0.0392,1.87
7695,replay,4000,0.0641,1.000,0.0392,0.71
7696,replay,4000,0.0734,1.000,0.0394,0.71
7697,replay,4000,0.0490,1.000,0.0394,0.71
7698,replay,4000,0.0628,1.000,0.0394,0.71
7699,replay,4000,0.0714,1.000,0.0394,0.70
7700,es_step,4000,0.0000,0.000,0.0394,1.87
7701,es_step,4000,0.0000,0.000,0.0394,1.88
7702,es_step,4000,0.0000,0.000,0.0394,1.86
7703,es_step,4000,0.0000,0.000,0.0394,1.87
7704,es_step,4000,0.0000,0.000,0.0394,1.85
7705,replay,4000,0.0741,1.000,0.0394,0.71
7706,replay,4000,0.0322,1.000,0.0394,0.71
7707,replay,4000,0.0457,1.000,0.0394,0.70
7708,replay,4000,0.0707,1.000,0.0394,0.70
7709,replay,4000,0.0824,1.000,0.0394,0.70
7710,replay,4000,0.0820,1.000,0.0394,0.71
7711,replay,4000,0.0812,1.000,0.0394,0.71
7712,replay,4000,0.0792,1.000,0.0394,0.71
7713,replay,4000,0.0794,1.000,0.0394,0.70
7714,replay,4000,0.0562,1.000,0.0395,0.71
7715,replay,4000,0.0597,1.000,0.0393,0.71
7716,replay,4000,0.0546,1.000,0.0393,0.71
7717,replay,4000,0.0903,1.000,0.0394,0.71
7718,replay,4000,0.1106,1.000,0.0394,0.71
7719,es_step,4000,0.0000,0.000,0.0394,1.90
7720,replay,4000,0.1160,1.000,0.0394,0.71
7721,replay,4000,0.0898,1.000,0.0396,0.71
7722,replay,4000,0.0826,1.000,0.0396,0.71
7723,replay,4000,0.0822,1.000,0.0396,0.71
7724,replay,4000,0.0579,1.000,0.0396,0.71
7725,es_step,4000,0.0000,0.000,0.0396,1.90
7726,es_step,4000,0.0000,0.000,0.0396,1.88
7727,replay,4000,0.0572,1.000,0.0396,0.71
7728,replay,4000,0.0529,1.000,0.0396,0.71
7729,replay,4000,-0.0005,1.000,0.0395,0.71
7730,replay,4000,0.0837,1.000,0.0395,0.72
7731,replay,4000,0.0933,1.000,0.0395,0.71
7732,replay,4000,0.0944,1.000,0.0396,0.71
7733,replay,4000,0.0982,1.000,0.0396,0.70
7734,es_step,4000,0.0000,0.000,0.0396,1.89
7735,replay,4000,0.0941,1.000,0.0397,0.71
7736,replay,4000,0.0983,1.000,0.0400,0.71
7737,replay,4000,0.1087,1.000,0.0400,0.70
7738,replay,4000,0.1087,1.000,0.0401,0.70
7739,replay,4000,0.1153,1.000,0.0401,0.70
7740,replay,4000,0.0958,1.000,0.0403,0.70
7741,replay,4000,0.0894,1.000,0.0403,0.71
7742,es_step,4000,0.0000,0.000,0.0403,1.89
7743,replay,4000,0.0890,1.000,0.0404,0.72
7744,replay,4000,0.0832,1.000,0.0405,0.71
7745,replay,4000,0.0944,1.000,0.0405,0.70
7746,replay,4000,0.0869,1.000,0.0407,0.70
7747,replay,4000,0.0767,1.000,0.0407,0.71
7748,es_step,4000,0.0000,0.000,0.0407,1.87
7749,replay,4000,0.0767,1.000,0.0407,0.71
7750,replay,4000,0.0650,1.000,0.0406,0.71
7751,replay,4000,0.0594,1.000,0.0406,0.71
7752,replay,4000,0.0450,1.000,0.0406,0.71
7753,replay,4000,0.0593,1.000,0.0405,0.71
7754,es_step,4000,0.0000,0.000,0.0405,1.88
7755,replay,4000,0.0851,1.000,0.0406,0.71
7756,replay,4000,0.0871,1.000,0.0406,0.71
7757,replay,4000,0.0877,1.000,0.0406,0.71
7758,replay,4000,0.0787,1.000,0.0407,0.70
7759,replay,4000,0.0856,1.000,0.0408,0.70
7760,replay,4000,0.0878,1.000,0.0408,0.70
7761,es_step,4000,0.0000,0.000,0.0408,1.87
7762,replay,4000,0.0648,1.000,0.0408,0.71
7763,replay,4000,0.0448,1.000,0.0408,0.71
7764,replay,4000,0.0421,1.000,0.0407,0.71
7765,replay,4000,0.0480,1.000,0.0406,0.70
7766,es_step,4000,0.0000,0.000,0.0406,1.88
7767,replay,4000,0.0497,1.000,0.0406,0.70
7768,replay,4000,0.0560,1.000,0.0405,0.71
7769,replay,4000,0.0583,1.000,0.0405,0.70
7770,es_step,4000,0.0000,0.000,0.0405,1.87
7771,replay,4000,0.0582,1.000,0.0405,0.71
7772,replay,4000,0.0375,1.000,0.0405,0.70
7773,es_step,4000,0.0000,0.000,0.0405,1.86
7774,replay,4000,0.0837,1.000,0.0405,0.70
7775,es_step,4000,0.0000,0.000,0.0405,1.88
7776,replay,4000,0.1129,1.000,0.0406,0.71
7777,replay,4000,0.1160,1.000,0.0407,0.71
7778,replay,4000,0.0817,1.000,0.0408,0.72
7779,es_step,4000,0.0000,0.000,0.0408,1.87
7780,replay,4000,0.1090,1.000,0.0409,0.70
7781,replay,4000,0.1073,1.000,0.0410,0.70
7782,replay,4000,0.0907,1.000,0.0410,0.70
7783,replay,4000,0.0977,1.000,0.0411,0.70
7784,replay,4000,0.1032,1.000,0.0411,0.70
7785,es_step,4000,0.0000,0.000,0.0411,1.84
7786,replay,4000,0.0698,1.000,0.0412,0.70
7787,replay,4000,0.0727,1.000,0.0412,0.70
7788,es_step,4000,0.0000,0.000,0.0412,1.84
7789,replay,4000,0.0775,1.000,0.0412,0.70
7790,replay,4000,0.0893,1.000,0.0412,0.70
7791,replay,4000,0.0665,1.000,0.0412,0.70
7792,replay,4000,0.0807,1.000,0.0412,0.70
7793,es_step,4000,0.0000,0.000,0.0412,1.85
7794,replay,4000,0.0696,1.000,0.0412,0.70
7795,replay,4000,0.0368,1.000,0.0412,0.70
7796,es_step,4000,0.0000,0.000,0.0412,1.83
7797,replay,4000,0.0274,1.000,0.0411,0.70
7798,replay,4000,0.0486,1.000,0.0410,0.70
7799,replay,4000,0.0258,1.000,0.0409,0.70
7800,replay,4000,0.0552,1.000,0.0409,0.70
7801,replay,4000,0.0395,1.000,0.0408,0.71
7802,es_step,4000,0.0000,0.000,0.0408,1.86
7803,replay,4000,0.0837,1.000,0.0408,0.71
7804,replay,4000,0.0635,1.000,0.0408,0.71
7805,replay,4000,-0.0087,1.000,0.0406,0.71
7806,replay,4000,0.0073,1.000,0.0405,0.71
7807,replay,4000,0.0230,1.000,0.0404,0.70
7808,replay,4000,0.0513,1.000,0.0404,0.71
7809,replay,4000,0.0680,1.000,0.0404,0.71
7810,es_step,4000,0.0000,0.000,0.0404,1.88
7811,replay,4000,0.0677,1.000,0.0404,0.71
7812,replay,4000,0.0841,1.000,0.0405,0.71
7813,es_step,4000,0.0000,0.000,0.0405,1.86
7814,replay,4000,0.0850,1.000,0.0405,0.70
7815,replay,4000,0.0899,1.000,0.0405,0.71
7816,replay,4000,0.0919,1.000,0.0406,0.71
7817,replay,4000,0.0758,1.000,0.0406,0.71
7818,replay,4000,0.0830,1.000,0.0406,0.71
7819,replay,4000,0.0634,1.000,0.0405,0.71
7820,es_step,4000,0.0000,0.000,0.0405,1.89
7821,es_step,4000,0.0000,0.000,0.0405,1.88
7822,replay,4000,0.0247,1.000,0.0404,0.71
7823,replay,4000,0.0440,1.000,0.0404,0.71
7824,replay,4000,0.0708,1.000,0.0403,0.71
7825,replay,4000,0.0677,1.000,0.0403,0.71
7826,replay,4000,0.0305,1.000,0.0402,0.71
7827,replay,4000,0.0819,1.000,0.0402,0.71
7828,es_step,4000,0.0000,0.000,0.0402,1.90
7829,replay,4000,0.0605,1.000,0.0401,0.71
7830,replay,4000,0.0642,1.000,0.0402,0.71
7831,replay,4000,0.0582,1.000,0.0402,0.71
7832,es_step,4000,0.0000,0.000,0.0402,1.87
7833,replay,4000,0.0410,1.000,0.0401,0.70
7834,es_step,4000,0.0000,0.000,0.0401,1.85
7835,replay,4000,0.0311,1.000,0.0400,0.70
7836,replay,4000,0.0272,1.000,0.0398,3.11
7837,replay,4000,0.0579,1.000,0.0398,0.71
7838,replay,4000,0.0566,1.000,0.0398,0.72
7839,replay,4000,0.0434,1.000,0.0398,0.71
7840,replay,4000,0.0500,1.000,0.0398,0.71
7841,replay,4000,0.0784,1.000,0.0398,0.71
7842,es_step,4000,0.0000,0.000,0.0398,1.91
7843,es_step,4000,0.0000,0.000,0.0398,1.88
7844,replay,4000,0.0587,1.000,0.0397,0.71
7845,replay,4000,0.0644,1.000,0.0397,0.71
7846,replay,4000,0.0577,1.000,0.0397,0.71
7847,replay,4000,0.0569,1.000,0.0397,0.71
7848,replay,4000,0.0624,1.000,0.0396,0.71
7849,es_step,4000,0.0000,0.000,0.0396,1.88
7850,es_step,4000,0.0000,0.000,0.0396,1.87
7851,es_step,4000,0.0000,0.000,0.0396,1.86
7852,replay,4000,0.0493,1.000,0.0395,0.71
7853,replay,4000,0.0370,1.000,0.0395,0.71
7854,replay,4000,0.0748,1.000,0.0395,0.70
7855,replay,4000,0.0852,1.000,0.0394,0.70
7856,replay,4000,0.0793,1.000,0.0394,0.70
7857,replay,4000,0.0814,1.000,0.0395,0.71
7858,replay,4000,0.0464,1.000,0.0395,0.71
7859,es_step,4000,0.0000,0.000,0.0395,1.87
7860,es_step,4000,0.0000,0.000,0.0395,1.84
7861,replay,4000,0.0396,1.000,0.0394,0.71
7862,es_step,4000,0.0000,0.000,0.0394,1.89
7863,replay,4000,0.0220,1.000,0.0393,0.72
7864,replay,4000,0.0403,1.000,0.0394,0.71
7865,replay,4000,0.0398,1.000,0.0395,0.72
7866,replay,4000,0.0810,1.000,0.0395,0.71
7867,replay,4000,0.0787,1.000,0.0395,0.71
7868,replay,4000,0.1013,1.000,0.0397,0.71
7869,replay,4000,0.1159,1.000,0.0398,0.71
7870,replay,4000,0.0943,1.000,0.0398,0.71
7871,replay,4000,0.0494,1.000,0.0397,0.71
7872,replay,4000,0.0511,1.000,0.0397,0.71
7873,replay,4000,0.0406,1.000,0.0396,0.71
7874,es_step,4000,0.0000,0.000,0.0396,1.90
7875,es_step,4000,0.0000,0.000,0.0396,1.87
7876,es_step,4000,0.0000,0.000,0.0396,1.86
7877,replay,4000,0.0329,1.000,0.0395,0.71
7878,replay,4000,0.0249,1.000,0.0394,0.71
7879,replay,4000,0.0395,1.000,0.0393,0.70
7880,es_step,4000,0.0000,0.000,0.0393,1.88
7881,replay,4000,0.0996,1.000,0.0393,0.71
7882,replay,4000,0.0888,1.000,0.0393,0.71
7883,replay,4000,0.0852,1.000,0.0394,0.71
7884,es_step,4000,0.0000,0.000,0.0394,1.87
7885,es_step,4000,0.0000,0.000,0.0394,1.86
7886,replay,4000,0.0906,1.000,0.0394,0.71
7887,es_step,4000,0.0000,0.000,0.0394,1.84
7888,replay,4000,0.0742,1.000,0.0394,0.71
7889,replay,4000,0.0686,1.000,0.0394,0.71
7890,replay,4000,0.0479,1.000,0.0393,0.71
7891,replay,4000,0.0455,1.000,0.0393,0.72
7892,replay,4000,0.0290,1.000,0.0392,0.71
7893,replay,4000,0.0233,1.000,0.0391,0.71
7894,es_step,4000,0.0000,0.000,0.0391,1.88
7895,replay,4000,0.0603,1.000,0.0392,0.72
7896,replay,4000,0.0390,1.000,0.0392,0.71
7897,es_step,4000,0.0000,0.000,0.0392,1.88
7898,replay,4000,0.0432,1.000,0.0392,0.71
7899,es_step,4000,0.0000,0.000,0.0392,1.86
7900,replay,4000,0.0540,1.000,0.0391,0.71
7901,es_step,4000,0.0000,0.000,0.0391,1.86
7902,replay,4000,0.0426,1.000,0.0392,0.71
7903,replay,4000,0.0808,1.000,0.0392,0.71
7904,replay,4000,0.0951,1.000,0.0394,0.72
7905,es_step,4000,0.0000,0.000,0.0394,1.87
7906,replay,4000,0.0298,1.000,0.0394,0.71
7907,replay,4000,0.0970,1.000,0.0394,0.71
7908,replay,4000,0.1099,1.000,0.0396,0.71
7909,es_step,4000,0.0000,0.000,0.0396,1.88
7910,replay,4000,0.1312,1.000,0.0397,0.71
7911,replay,4000,0.1168,1.000,0.0398,0.71
7912,es_step,4000,0.0000,0.000,0.0398,1.85
7913,replay,4000,0.1161,1.000,0.0400,0.71
7914,replay,4000,0.1175,1.000,0.0401,0.71
7915,replay,4000,0.1060,1.000,0.0401,0.71
7916,es_step,4000,0.0000,0.000,0.0401,1.85
7917,es_step,4000,0.0000,0.000,0.0401,1.84
7918,es_step,4000,0.0000,0.000,0.0401,1.83
7919,replay,4000,0.0877,1.000,0.0401,0.72
7920,replay,4000,0.0377,1.000,0.0401,0.72
7921,replay,4000,0.0745,1.000,0.0401,0.71
7922,replay,4000,0.0781,1.000,0.0401,0.74
7923,es_step,4000,0.0000,0.000,0.0401,1.85
7924,replay,4000,0.0801,1.000,0.0401,0.71
7925,es_step,4000,0.0000,0.000,0.0401,1.83
7926,replay,4000,0.0334,1.000,0.0399,0.72
7927,es_step,4000,0.0000,0.000,0.0399,1.86
7928,replay,4000,0.0303,1.000,0.0399,0.71
7929,replay,4000,0.0385,1.000,0.0398,0.71
7930,replay,4000,0.0490,1.000,0.0397,0.71
7931,es_step,4000,0.0000,0.000,0.0397,1.84
7932,es_step,4000,0.0000,0.000,0.0397,1.83
7933,replay,4000,0.0207,1.000,0.0396,0.71
7934,replay,4000,0.0335,1.000,0.0396,0.71
7935,replay,4000,0.0598,1.000,0.0396,0.71
7936,replay,4000,0.0457,1.000,0.0395,0.71
7937,replay,4000,0.0493,1.000,0.0395,0.71
7938,es_step,4000,0.0000,0.000,0.0395,1.85
7939,replay,4000,0.0595,1.000,0.0395,0.71
7940,replay,4000,0.0353,1.000,0.0395,0.71
7941,replay,4000,0.0565,1.000,0.0395,0.71
7942,es_step,4000,0.0000,0.000,0.0395,1.84
7943,replay,4000,0.0732,1.000,0.0395,0.71
7944,replay,4000,0.0561,1.000,0.0395,0.71
7945,replay,4000,0.0570,1.000,0.0395,0.71
7946,es_step,4000,0.0000,0.000,0.0395,1.87
7947,es_step,4000,0.0000,0.000,0.0395,1.85
7948,replay,4000,0.0635,1.000,0.0395,0.72
7949,replay,4000,0.0606,1.000,0.0394,0.72
7950,replay,4000,0.0387,1.000,0.0394,0.72
7951,es_step,4000,0.0000,0.000,0.0394,1.90
7952,replay,4000,0.0428,1.000,0.0394,0.72
7953,replay,4000,0.0709,1.000,0.0394,0.72
7954,es_step,4000,0.0000,0.000,0.0394,1.90
7955,replay,4000,0.0730,1.000,0.0394,0.71
7956,es_step,4000,0.0000,0.000,0.0394,1.88
7957,replay,4000,0.0543,1.000,0.0393,0.72
7958,replay,4000,0.0777,1.000,0.0393,0.71
7959,es_step,4000,0.0000,0.000,0.0393,1.88
7960,replay,4000,0.0796,1.000,0.0393,0.71
7961,es_step,4000,0.0000,0.000,0.0393,1.87
7962,replay,4000,0.0706,1.000,0.0393,0.71
7963,replay,4000,0.0507,1.000,0.0392,0.71
7964,replay,4000,0.0316,1.000,0.0391,0.71
7965,replay,4000,0.0255,1.000,0.0391,0.71
7966,replay,4000,0.0299,1.000,0.0389,0.71
7967,replay,4000,0.0179,1.000,0.0388,0.72
7968,replay,4000,0.0530,1.000,0.0388,0.71
7969,replay,4000,0.0686,1.000,0.0388,0.72
7970,replay,4000,0.0630,1.000,0.0388,0.72
7971,replay,4000,0.0541,1.000,0.0387,0.72
7972,replay,4000,0.0464,1.000,0.0387,0.71
7973,replay,4000,0.0362,1.000,0.0386,0.71
7974,es_step,4000,0.0000,0.000,0.0386,1.89
7975,es_step,4000,0.0000,0.000,0.0386,1.90
7976,replay,4000,0.0620,1.000,0.0386,0.72
7977,replay,4000,0.0467,1.000,0.0386,0.71
7978,es_step,4000,0.0000,0.000,0.0386,1.88
7979,replay,4000,0.0649,1.000,0.0386,0.72
7980,replay,4000,0.0623,1.000,0.0387,0.72
7981,replay,4000,0.0688,1.000,0.0387,0.72
7982,replay,4000,0.0831,1.000,0.0388,0.71
7983,replay,4000,0.0817,1.000,0.0390,0.71
7984,replay,4000,0.0782,1.000,0.0390,0.71
7985,replay,4000,0.0588,1.000,0.0390,0.71
7986,replay,4000,0.0215,1.000,0.0388,0.71
7987,replay,4000,0.0428,1.000,0.0388,0.71
7988,es_step,4000,0.0000,0.000,0.0388,1.89
7989,replay,4000,0.0132,1.000,0.0387,0.71
7990,replay,4000,0.0669,1.000,0.0387,0.71
7991,replay,4000,0.0737,1.000,0.0388,0.71
7992,replay,4000,0.0793,1.000,0.0388,0.71
7993,es_step,4000,0.0000,0.000,0.0388,1.89
7994,replay,4000,0.0939,1.000,0.0388,0.71
7995,es_step,4000,0.0000,0.000,0.0388,1.87
7996,replay,4000,0.1012,1.000,0.0389,0.72
7997,es_step,4000,0.0000,0.000,0.0389,1.88
7998,replay,4000,0.0970,1.000,0.0390,0.72
7999,replay,4000,0.1031,1.000,0.0390,0.71
8000,replay,4000,0.0934,1.000,0.0391,0.71
8001,replay,4000,0.1085,1.000,0.0392,0.71
8002,replay,4000,0.1036,1.000,0.0392,0.71
8003,replay,4000,0.0983,1.000,0.0393,0.71
8004,replay,4000,0.0685,1.000,0.0392,0.72
8005,replay,4000,0.0357,1.000,0.0391,0.71
8006,replay,4000,0.0537,1.000,0.0391,0.71
8007,replay,4000,0.0357,1.000,0.0389,0.71
8008,replay,4000,0.0506,1.000,0.0389,0.71
8009,es_step,4000,0.0000,0.000,0.0389,1.88
8010,replay,4000,0.0437,1.000,0.0388,0.71
8011,replay,4000,0.0484,1.000,0.0387,0.71
8012,es_step,4000,0.0000,0.000,0.0387,1.86
8013,replay,4000,0.0800,1.000,0.0387,0.71
8014,replay,4000,0.0646,1.000,0.0386,0.71
8015,replay,4000,0.0026,1.000,0.0385,0.71
8016,replay,4000,0.0191,1.000,0.0384,0.71
8017,replay,4000,0.0175,1.000,0.0382,0.71
8018,replay,4000,0.0356,1.000,0.0382,0.71
8019,replay,4000,0.0564,1.000,0.0382,0.71
8020,replay,4000,0.0600,1.000,0.0382,0.71
8021,replay,4000,0.0932,1.000,0.0382,0.71
8022,replay,4000,0.1004,1.000,0.0383,0.71
8023,replay,4000,0.1025,1.000,0.0384,0.71
8024,replay,4000,0.0963,1.000,0.0384,0.71
8025,replay,4000,0.0924,1.000,0.0384,0.71
8026,replay,4000,0.0710,1.000,0.0384,0.71
8027,replay,4000,0.0567,1.000,0.0384,0.71
8028,es_step,4000,0.0000,0.000,0.0384,1.90
8029,replay,4000,0.0618,1.000,0.0385,0.71
8030,replay,4000,0.0558,1.000,0.0385,0.72
8031,replay,4000,0.0753,1.000,0.0385,0.72
8032,replay,4000,0.0671,1.000,0.0385,0.72
8033,replay,4000,0.0410,1.000,0.0385,0.72
8034,replay,4000,0.0356,1.000,0.0384,0.72
8035,replay,4000,0.0391,1.000,0.0384,0.72
8036,replay,4000,0.0507,1.000,0.0384,0.72
8037,replay,4000,0.0665,1.000,0.0384,0.73
8038,replay,4000,0.0576,1.000,0.0383,0.72
8039,replay,4000,0.0243,1.000,0.0382,0.71
8040,replay,4000,0.0216,1.000,0.0381,0.71
8041,replay,4000,0.0560,1.000,0.0382,0.72
8042,replay,4000,0.0739,1.000,0.0383,0.72
8043,replay,4000,0.0780,1.000,0.0384,0.71
8044,es_step,4000,0.0000,0.000,0.0384,1.93
8045,replay,4000,0.0672,1.000,0.0384,0.72
8046,es_step,4000,0.0000,0.000,0.0384,1.92
8047,replay,4000,0.0561,1.000,0.0383,0.71
8048,replay,4000,0.0459,1.000,0.0383,0.72
8049,replay,4000,0.0192,1.000,0.0382,0.72
8050,es_step,4000,0.0000,0.000,0.0382,1.92
8051,replay,4000,0.0562,1.000,0.0382,0.72
8052,replay,4000,0.0530,1.000,0.0382,0.72
8053,replay,4000,0.0493,1.000,0.0381,0.72
8054,replay,4000,0.0752,1.000,0.0381,0.71
8055,replay,4000,0.0717,1.000,0.0381,0.71
8056,replay,4000,0.0730,1.000,0.0381,0.71
8057,replay,4000,0.0462,1.000,0.0380,0.71
8058,replay,4000,0.0294,1.000,0.0379,0.71
8059,es_step,4000,0.0000,0.000,0.0379,1.90
8060,replay,4000,0.0355,1.000,0.0379,0.71
8061,replay,4000,0.0219,1.000,0.0378,0.71
8062,replay,4000,0.0476,1.000,0.0378,0.71
8063,replay,4000,0.0419,1.000,0.0377,0.71
8064,replay,4000,0.0541,1.000,0.0378,0.71
8065,replay,4000,0.0414,1.000,0.0378,0.72
8066,es_step,4000,0.0000,0.000,0.0378,1.88
8067,replay,4000,0.0291,1.000,0.0378,0.72
8068,replay,4000,0.0486,1.000,0.0377,0.72
8069,es_step,4000,0.0000,0.000,0.0377,1.90
8070,replay,4000,0.0579,1.000,0.0378,0.72
8071,replay,4000,0.0697,1.000,0.0377,0.71
8072,replay,4000,0.0610,1.000,0.0377,0.71
8073,replay,4000,0.0279,1.000,0.0375,0.72
8074,es_step,4000,0.0000,0.000,0.0375,1.89
8075,replay,4000,0.0464,1.000,0.0375,0.72
8076,replay,4000,0.0355,1.000,0.0375,0.71
8077,replay,4000,0.0628,1.000,0.0376,0.71
8078,replay,4000,0.1094,1.000,0.0376,0.72
8079,replay,4000,0.1148,1.000,0.0379,0.72
8080,es_step,4000,0.0000,0.000,0.0379,1.88
8081,replay,4000,0.1401,1.000,0.0380,0.72
8082,es_step,4000,0.0000,0.000,0.0380,1.88
8083,replay,4000,0.1160,1.000,0.0381,0.71
8084,replay,4000,0.0986,1.000,0.0382,0.72
8085,es_step,4000,0.0000,0.000,0.0382,1.89
8086,replay,4000,0.0029,1.000,0.0381,0.72
8087,replay,4000,0.0781,1.000,0.0382,0.72
8088,replay,4000,0.0895,1.000,0.0382,0.71
8089,replay,4000,0.1016,1.000,0.0383,0.71
8090,replay,4000,0.0786,1.000,0.0382,0.71
8091,replay,4000,0.0762,1.000,0.0382,0.71
8092,replay,4000,0.0558,1.000,0.0383,0.71
8093,replay,4000,0.0486,1.000,0.0382,0.71
8094,es_step,4000,0.0000,0.000,0.0382,1.90
8095,es_step,4000,0.0000,0.000,0.0382,1.87
8096,replay,4000,0.0743,1.000,0.0383,0.71
8097,replay,4000,0.0856,1.000,0.0383,0.72
8098,es_step,4000,0.0000,0.000,0.0383,1.86
8099,replay,4000,0.0773,1.000,0.0383,0.71
8100,es_step,4000,0.0000,0.000,0.0383,1.85
8101,replay,4000,0.0762,1.000,0.0383,0.71
8102,replay,4000,0.0673,1.000,0.0383,0.72
8103,es_step,4000,0.0000,0.000,0.0383,1.90
8104,replay,4000,0.0435,1.000,0.0384,0.72
8105,es_step,4000,0.0000,0.000,0.0384,1.87
8106,replay,4000,0.0961,1.000,0.0384,0.72
8107,replay,4000,0.0995,1.000,0.0385,0.72
8108,es_step,4000,0.0000,0.000,0.0385,1.86
8109,replay,4000,0.0861,1.000,0.0387,0.71
8110,replay,4000,0.1054,1.000,0.0388,0.71
8111,replay,4000,0.0756,1.000,0.0388,0.72
8112,replay,4000,0.1016,1.000,0.0389,0.72
8113,replay,4000,0.0993,1.000,0.0390,3.09
8114,replay,4000,0.0921,1.000,0.0390,0.71
8115,es_step,4000,0.0000,0.000,0.0390,1.91
8116,es_step,4000,0.0000,0.000,0.0390,1.89
8117,es_step,4000,0.0000,0.000,0.0390,1.88
8118,replay,4000,0.0672,1.000,0.0389,0.72
8119,replay,4000,0.0601,1.000,0.0389,0.72
8120,replay,4000,0.0606,1.000,0.0389,0.71
8121,es_step,4000,0.0000,0.000,0.0389,1.86
8122,es_step,4000,0.0000,0.000,0.0389,1.85
8123,es_step,4000,0.0000,0.000,0.0389,1.85
8124,replay,4000,0.0618,1.000,0.0389,0.71
8125,replay,4000,0.0328,1.000,0.0388,0.71
8126,replay,4000,0.0484,1.000,0.0387,0.71
8127,replay,4000,0.0553,1.000,0.0387,0.71
8128,replay,4000,0.0550,1.000,0.0386,0.71
8129,es_step,4000,0.0000,0.000,0.0386,1.86
8130,replay,4000,0.0187,1.000,0.0386,0.72
8131,es_step,4000,0.0000,0.000,0.0386,1.89
8132,replay,4000,0.0393,1.000,0.0386,0.72
8133,replay,4000,0.1040,1.000,0.0387,0.72
8134,replay,4000,0.1128,1.000,0.0387,0.72
8135,replay,4000,0.1171,1.000,0.0388,0.72
8136,replay,4000,0.0979,1.000,0.0389,0.71
8137,replay,4000,0.0824,1.000,0.0389,0.72
8138,replay,4000,0.0723,1.000,0.0389,0.72
8139,replay,4000,0.0552,1.000,0.0389,0.71
8140,replay,4000,0.0424,1.000,0.0388,0.72
8141,replay,4000,0.0393,1.000,0.0387,0.72
8142,es_step,4000,0.0000,0.000,0.0387,1.91
8143,replay,4000,0.0416,1.000,0.0387,0.72
8144,replay,4000,0.0579,1.000,0.0387,0.72
8145,replay,4000,0.0867,1.000,0.0387,0.72
8146,replay,4000,0.0759,1.000,0.0386,0.72
8147,replay,4000,0.0815,1.000,0.0386,0.72
8148,replay,4000,0.0652,1.000,0.0386,0.73
8149,replay,4000,0.0736,1.000,0.0386,0.72
8150,replay,4000,0.0783,1.000,0.0385,0.72
8151,replay,4000,0.0727,1.000,0.0385,0.72
8152,replay,4000,0.0642,1.000,0.0386,0.72
8153,replay,4000,0.0565,1.000,0.0385,0.72
8154,replay,4000,0.0633,1.000,0.0385,0.72
8155,replay,4000,0.0648,1.000,0.0385,0.72
8156,replay,4000,0.0219,1.000,0.0385,0.72
8157,replay,4000,0.0333,1.000,0.0384,0.72
8158,replay,4000,0.0435,1.000,0.0384,0.72
8159,replay,4000,0.0542,1.000,0.0384,0.72
8160,replay,4000,0.0899,1.000,0.0384,0.72
8161,replay,4000,0.0754,1.000,0.0384,0.72
8162,replay,4000,0.0821,1.000,0.0384,0.72
8163,replay,4000,0.0999,1.000,0.0384,0.72
8164,replay,4000,0.1026,1.000,0.0385,0.72
8165,replay,4000,0.0814,1.000,0.0386,0.72
8166,replay,4000,0.1128,1.000,0.0387,0.72
8167,replay,4000,0.0952,1.000,0.0388,0.72
8168,es_step,4000,0.0000,0.000,0.0388,1.94
8169,es_step,4000,0.0000,0.000,0.0388,1.93
8170,es_step,4000,0.0000,0.000,0.0388,1.91
8171,replay,4000,0.1067,1.000,0.0388,0.72
8172,replay,4000,0.0890,1.000,0.0389,0.72
8173,replay,4000,0.0848,1.000,0.0389,0.71
8174,replay,4000,0.0662,1.000,0.0389,0.72
8175,replay,4000,0.0635,1.000,0.0389,0.72
8176,replay,4000,0.0583,1.000,0.0388,0.72
8177,es_step,4000,0.0000,0.000,0.0388,1.91
8178,replay,4000,0.0610,1.000,0.0388,0.72
8179,es_step,4000,0.0000,0.000,0.0388,1.90
8180,replay,4000,0.0529,1.000,0.0388,0.72
8181,replay,4000,0.0800,1.000,0.0388,0.71
8182,replay,4000,0.0782,1.000,0.0388,0.72
8183,es_step,4000,0.0000,0.000,0.0388,1.89
8184,replay,4000,0.0644,1.000,0.0388,0.72
8185,es_step,4000,0.0000,0.000,0.0388,1.89
8186,replay,4000,0.0706,1.000,0.0387,0.72
8187,replay,4000,0.0332,1.000,0.0387,0.71
8188,es_step,4000,0.0000,0.000,0.0387,1.88
8189,es_step,4000,0.0000,0.000,0.0387,1.88
8190,replay,4000,0.0657,1.000,0.0387,0.72
8191,replay,4000,0.0961,1.000,0.0388,0.71
8192,replay,4000,0.0708,1.000,0.0389,0.72
8193,replay,4000,0.0950,1.000,0.0390,0.71
8194,es_step,4000,0.0000,0.000,0.0390,1.87
8195,replay,4000,0.0969,1.000,0.0390,0.71
8196,es_step,4000,0.0000,0.000,0.0390,1.85
8197,replay,4000,0.0846,1.000,0.0390,0.71
8198,replay,4000,0.0666,1.000,0.0391,0.71
8199,replay,4000,0.0866,1.000,0.0390,0.71
8200,replay,4000,0.0693,1.000,0.0390,0.72
8201,replay,4000,0.0589,1.000,0.0390,0.72
8202,replay,4000,0.0856,1.000,0.0391,0.72
8203,replay,4000,0.0745,1.000,0.0391,0.72
8204,replay,4000,0.0699,1.000,0.0391,0.72
8205,replay,4000,0.0714,1.000,0.0391,0.72
8206,es_step,4000,0.0000,0.000,0.0391,1.93
8207,replay,4000,0.0403,1.000,0.0391,0.72
8208,replay,4000,0.0367,1.000,0.0391,0.72
8209,replay,4000,0.0324,1.000,0.0390,0.72
8210,replay,4000,0.0346,1.000,0.0390,0.72
8211,replay,4000,0.0615,1.000,0.0390,0.72
8212,replay,4000,0.0712,1.000,0.0390,0.71
8213,replay,4000,0.0664,1.000,0.0390,0.71
8214,replay,4000,0.0343,1.000,0.0389,0.72
8215,es_step,4000,0.0000,0.000,0.0389,1.92
8216,replay,4000,0.0408,1.000,0.0388,0.72
8217,replay,4000,0.0803,1.000,0.0388,0.72
8218,replay,4000,0.0962,1.000,0.0389,0.71
8219,replay,4000,0.0902,1.000,0.0389,0.72
8220,replay,4000,0.0689,1.000,0.0389,0.72
8221,replay,4000,0.0780,1.000,0.0389,0.72
8222,es_step,4000,0.0000,0.000,0.0389,1.91
8223,replay,4000,0.0900,1.000,0.0389,0.72
8224,replay,4000,0.0677,1.000,0.0389,0.72
8225,replay,4000,0.0359,1.000,0.0388,0.72
8226,replay,4000,0.0242,1.000,0.0387,0.72
8227,replay,4000,0.0307,1.000,0.0386,0.71
8228,replay,4000,0.0439,1.000,0.0385,0.72
8229,replay,4000,0.0285,1.000,0.0385,0.71
8230,replay,4000,0.0553,1.000,0.0384,0.72
8231,replay,4000,0.0615,1.000,0.0384,0.71
8232,replay,4000,0.0703,1.000,0.0384,0.72
8233,replay,4000,0.0584,1.000,0.0385,0.72
8234,es_step,4000,0.0000,0.000,0.0385,1.90
8235,es_step,4000,0.0000,0.000,0.0385,1.88
8236,replay,4000,0.0991,1.000,0.0386,0.72
8237,replay,4000,0.1214,1.000,0.0386,0.72
8238,replay,4000,0.1093,1.000,0.0387,0.72
8239,replay,4000,0.0778,1.000,0.0388,0.72
8240,replay,4000,0.0726,1.000,0.0388,0.72
8241,es_step,4000,0.0000,0.000,0.0388,1.91
8242,es_step,4000,0.0000,0.000,0.0388,1.88
8243,replay,4000,0.0475,1.000,0.0387,0.72
8244,replay,4000,0.0314,1.000,0.0387,0.72
8245,replay,4000,0.0420,1.000,0.0385,0.71
8246,replay,4000,0.0845,1.000,0.0386,0.72
8247,replay,4000,0.1029,1.000,0.0386,0.72
8248,es_step,4000,0.0000,0.000,0.0386,1.89
8249,es_step,4000,0.0000,0.000,0.0386,1.87
8250,replay,4000,0.1062,1.000,0.0387,0.71
8251,replay,4000,0.1010,1.000,0.0388,0.71
8252,replay,4000,0.0630,1.000,0.0388,0.71
8253,replay,4000,0.0511,1.000,0.0387,0.71
8254,replay,4000,0.0556,1.000,0.0387,0.72
8255,replay,4000,0.0251,1.000,0.0386,0.71
8256,replay,4000,0.0495,1.000,0.0388,0.71
8257,replay,4000,0.0940,1.000,0.0388,0.71
8258,replay,4000,0.0779,1.000,0.0388,0.71
8259,replay,4000,0.0901,1.000,0.0388,0.71
8260,replay,4000,0.0957,1.000,0.0388,0.72
8261,replay,4000,0.0917,1.000,0.0389,0.72
8262,replay,4000,0.0836,1.000,0.0389,0.71
8263,replay,4000,0.0849,1.000,0.0389,0.71
8264,es_step,4000,0.0000,0.000,0.0389,1.90
8265,replay,4000,0.0838,1.000,0.0390,0.72
8266,replay,4000,0.1086,1.000,0.0390,0.71
8267,replay,4000,0.0764,1.000,0.0390,0.72
8268,replay,4000,0.0913,1.000,0.0391,0.72
8269,replay,4000,0.0928,1.000,0.0391,0.72
8270,replay,4000,0.0874,1.000,0.0391,0.71
8271,replay,4000,0.0844,1.000,0.0392,0.72
8272,replay,4000,0.0732,1.000,0.0392,0.72
8273,es_step,4000,0.0000,0.000,0.0392,1.91
8274,replay,4000,0.0711,1.000,0.0392,0.72
8275,replay,4000,0.0574,1.000,0.0394,0.72
8276,replay,4000,0.0591,1.000,0.0393,0.72
8277,replay,4000,0.0389,1.000,0.0392,0.71
8278,es_step,4000,0.0000,0.000,0.0392,1.91
8279,replay,4000,0.0539,1.000,0.0391,0.71
8280,replay,4000,0.0391,1.000,0.0390,0.72
8281,es_step,4000,0.0000,0.000,0.0390,1.90
8282,replay,4000,0.0239,1.000,0.0388,0.71
8283,es_step,4000,0.0000,0.000,0.0388,1.90
8284,replay,4000,0.0623,1.000,0.0388,0.72
8285,es_step,4000,0.0000,0.000,0.0388,1.89
8286,replay,4000,0.0382,1.000,0.0388,0.72
8287,es_step,4000,0.0000,0.000,0.0388,1.89
8288,replay,4000,0.0543,1.000,0.0388,0.72
8289,replay,4000,0.0604,1.000,0.0388,0.71
8290,replay,4000,0.0601,1.000,0.0387,0.71
8291,replay,4000,0.0587,1.000,0.0387,0.71
8292,replay,4000,0.0665,1.000,0.0387,0.72
8293,es_step,4000,0.0000,0.000,0.0387,1.90
8294,replay,4000,0.0480,1.000,0.0388,0.72
8295,replay,4000,0.0931,1.000,0.0389,0.71
8296,replay,4000,0.1043,1.000,0.0390,0.72
8297,replay,4000,0.0902,1.000,0.0390,0.72
8298,es_step,4000,0.0000,0.000,0.0390,1.90
8299,replay,4000,0.0663,1.000,0.0390,0.71
8300,replay,4000,0.0461,1.000,0.0389,0.71
8301,replay,4000,0.0407,1.000,0.0388,0.71
8302,replay,4000,0.0464,1.000,0.0388,0.71
8303,es_step,4000,0.0000,0.000,0.0388,1.88
8304,es_step,4000,0.0000,0.000,0.0388,1.87
8305,replay,4000,0.0433,1.000,0.0388,0.72
8306,replay,4000,0.0526,1.000,0.0388,0.72
8307,replay,4000,0.0780,1.000,0.0388,0.72
8308,replay,4000,0.0636,1.000,0.0388,0.72
8309,replay,4000,0.0690,1.000,0.0388,0.72
8310,replay,4000,0.0673,1.000,0.0388,0.72
8311,replay,4000,0.0606,1.000,0.0387,0.72
8312,replay,4000,0.0622,1.000,0.0387,0.72
8313,replay,4000,0.0337,1.000,0.0385,0.72
8314,es_step,4000,0.0000,0.000,0.0385,1.92
8315,replay,4000,0.0732,1.000,0.0385,0.72
8316,replay,4000,0.0751,1.000,0.0386,0.71
8317,replay,4000,0.0881,1.000,0.0386,0.72
8318,es_step,4000,0.0000,0.000,0.0386,1.90
8319,replay,4000,0.0707,1.000,0.0387,0.72
8320,replay,4000,0.0631,1.000,0.0386,0.72
8321,replay,4000,0.0318,1.000,0.0386,0.72
8322,replay,4000,0.0168,1.000,0.0385,0.72
8323,replay,4000,0.0310,1.000,0.0384,0.72
8324,replay,4000,0.0094,1.000,0.0382,0.72
8325,replay,4000,0.0700,1.000,0.0382,0.71
8326,es_step,4000,0.0000,0.000,0.0382,1.91
8327,replay,4000,0.0938,1.000,0.0383,0.72
8328,replay,4000,0.0927,1.000,0.0384,0.71
8329,replay,4000,0.0934,1.000,0.0384,0.71
8330,replay,4000,0.0775,1.000,0.0385,0.71
8331,replay,4000,0.0718,1.000,0.0385,0.71
8332,replay,4000,0.0607,1.000,0.0385,0.71
8333,replay,4000,0.0861,1.000,0.0386,0.71
8334,replay,4000,0.0591,1.000,0.0386,0.71
8335,replay,4000,0.0996,1.000,0.0388,0.71
8336,replay,4000,0.0909,1.000,0.0389,0.71
8337,replay,4000,0.0671,1.000,0.0388,0.71
8338,replay,4000,0.0493,1.000,0.0389,0.71
8339,replay,4000,0.0444,1.000,0.0388,0.71
8340,replay,4000,0.0619,1.000,0.0388,0.71
8341,replay,4000,0.0632,1.000,0.0388,0.72
8342,replay,4000,-0.0279,1.000,0.0388,0.71
8343,replay,4000,0.1086,1.000,0.0389,0.71
8344,replay,4000,0.1354,1.000,0.0390,0.71
8345,replay,4000,0.1476,1.000,0.0392,0.72
8346,replay,4000,0.1355,1.000,0.0394,0.72
8347,replay,4000,0.1191,1.000,0.0396,0.72
8348,replay,4000,0.0975,1.000,0.0397,0.72
8349,replay,4000,0.0891,1.000,0.0397,0.72
8350,replay,4000,0.0534,1.000,0.0397,0.72
8351,replay,4000,0.0457,1.000,0.0396,0.72
8352,es_step,4000,0.0000,0.000,0.0396,1.90
8353,replay,4000,0.0449,1.000,0.0395,0.72
8354,replay,4000,0.0537,1.000,0.0395,0.72
8355,es_step,4000,0.0000,0.000,0.0395,1.90
8356,es_step,4000,0.0000,0.000,0.0395,1.88
8357,replay,4000,0.0494,1.000,0.0395,0.72
8358,es_step,4000,0.0000,0.000,0.0395,1.88
8359,es_step,4000,0.0000,0.000,0.0395,1.91
8360,replay,4000,0.0775,1.000,0.0395,0.73
8361,replay,4000,0.0935,1.000,0.0395,0.72
8362,es_step,4000,0.0000,0.000,0.0395,1.87
8363,replay,4000,0.0652,1.000,0.0395,0.71
8364,replay,4000,0.0651,1.000,0.0395,0.71
8365,replay,4000,0.0701,1.000,0.0395,0.71
8366,replay,4000,0.0452,1.000,0.0395,0.71
8367,replay,4000,0.0284,1.000,0.0393,0.71
8368,replay,4000,0.0592,1.000,0.0393,0.71
8369,replay,4000,0.0683,1.000,0.0393,0.71
8370,replay,4000,0.0454,1.000,0.0393,0.71
8371,es_step,4000,0.0000,0.000,0.0393,1.86
8372,replay,4000,0.0642,1.000,0.0394,0.71
8373,replay,4000,0.0645,1.000,0.0394,0.71
8374,es_step,4000,0.0000,0.000,0.0394,1.87
8375,replay,4000,0.0733,1.000,0.0394,0.71
8376,replay,4000,0.0771,1.000,0.0394,0.71
8377,replay,4000,0.0551,1.000,0.0394,0.71
8378,replay,4000,0.0626,1.000,0.0394,0.70
8379,replay,4000,0.0349,1.000,0.0395,0.70
8380,replay,4000,0.0727,1.000,0.0395,0.71
8381,replay,4000,0.0559,1.000,0.0394,0.71
8382,replay,4000,0.0550,1.000,0.0394,0.71
8383,replay,4000,0.0744,1.000,0.0394,0.70
8384,replay,4000,0.0722,1.000,0.0393,0.71
8385,replay,4000,0.0780,1.000,0.0394,0.71
8386,replay,4000,0.0690,1.000,0.0393,0.71
8387,replay,4000,0.0643,1.000,0.0393,0.71
8388,replay,4000,0.0514,1.000,0.0393,0.71
8389,es_step,4000,0.0000,0.000,0.0393,1.88
8390,replay,4000,0.0434,1.000,0.0392,0.71
8391,es_step,4000,0.0000,0.000,0.0392,1.86
8392,replay,4000,0.0665,1.000,0.0394,0.71
8393,replay,4000,0.0519,1.000,0.0392,0.71
8394,replay,4000,0.0728,1.000,0.0392,0.71
8395,replay,4000,0.0840,1.000,0.0392,0.71
8396,replay,4000,0.0644,1.000,0.0392,0.71
8397,replay,4000,0.0764,1.000,0.0392,0.71
8398,es_step,4000,0.0000,0.000,0.0392,1.86
8399,replay,4000,0.0609,1.000,0.0392,0.71
8400,replay,4000,0.0231,1.000,0.0391,0.71
8401,replay,4000,0.0365,1.000,0.0390,0.71
8402,replay,4000,0.0521,1.000,0.0390,0.71
8403,replay,4000,0.0403,1.000,0.0389,0.71
8404,replay,4000,0.0418,1.000,0.0389,0.71
8405,replay,4000,0.0565,1.000,0.0389,0.72
8406,es_step,4000,0.0000,0.000,0.0389,1.88
8407,replay,4000,0.0411,1.000,0.0388,0.71
8408,replay,4000,0.0429,1.000,0.0388,3.09
8409,replay,4000,0.0559,1.000,0.0388,0.71
8410,es_step,4000,0.0000,0.000,0.0388,1.86
8411,replay,4000,0.0495,1.000,0.0387,0.71
8412,replay,4000,0.0524,1.000,0.0387,0.71
8413,es_step,4000,0.0000,0.000,0.0387,1.88
8414,replay,4000,0.0569,1.000,0.0387,0.71
8415,replay,4000,0.0613,1.000,0.0387,0.71
8416,replay,4000,0.0680,1.000,0.0386,0.70
8417,replay,4000,0.0301,1.000,0.0386,0.71
8418,replay,4000,0.0566,1.000,0.0386,0.71
8419,replay,4000,0.0491,1.000,0.0386,0.71
8420,replay,4000,0.0719,1.000,0.0386,0.71
8421,replay,4000,0.0761,1.000,0.0387,0.71
8422,es_step,4000,0.0000,0.000,0.0387,1.87
8423,replay,4000,0.0631,1.000,0.0388,0.71
8424,replay,4000,0.1024,1.000,0.0388,0.71
8425,replay,4000,0.0888,1.000,0.0389,0.71
8426,replay,4000,0.0760,1.000,0.0389,0.72
8427,es_step,4000,0.0000,0.000,0.0389,1.89
8428,replay,4000,0.0914,1.000,0.0389,0.71
8429,replay,4000,0.0480,1.000,0.0388,0.71
8430,replay,4000,0.0382,1.000,0.0387,0.71
8431,es_step,4000,0.0000,0.000,0.0387,1.88
8432,replay,4000,0.0392,1.000,0.0387,0.71
8433,es_step,4000,0.0000,0.000,0.0387,1.88
8434,replay,4000,0.0356,1.000,0.0386,0.71
8435,replay,4000,0.0510,1.000,0.0385,0.71
8436,es_step,4000,0.0000,0.000,0.0385,1.86
8437,replay,4000,0.0773,1.000,0.0385,0.71
8438,replay,4000,0.0621,1.000,0.0386,0.71
8439,replay,4000,0.0263,1.000,0.0384,0.72
8440,replay,4000,0.0434,1.000,0.0383,0.72
8441,replay,4000,0.0540,1.000,0.0383,0.71
8442,es_step,4000,0.0000,0.000,0.0383,1.85
8443,replay,4000,0.0395,1.000,0.0382,0.71
8444,replay,4000,0.0667,1.000,0.0382,0.71
8445,replay,4000,0.0877,1.000,0.0383,0.71
8446,replay,4000,0.1267,1.000,0.0383,0.71
8447,replay,4000,0.1506,1.000,0.0384,0.71
8448,es_step,4000,0.0000,0.000,0.0384,1.86
8449,replay,4000,0.1201,1.000,0.0384,0.71
8450,replay,4000,0.1348,1.000,0.0386,0.71
8451,replay,4000,0.1317,1.000,0.0387,0.71
8452,replay,4000,0.1175,1.000,0.0389,0.72
8453,es_step,4000,0.0000,0.000,0.0389,1.89
8454,replay,4000,0.1120,1.000,0.0389,0.71
8455,es_step,4000,0.0000,0.000,0.0389,1.88
8456,replay,4000,0.1123,1.000,0.0390,0.71
8457,replay,4000,0.0905,1.000,0.0390,0.71
8458,replay,4000,0.0789,1.000,0.0390,0.71
8459,replay,4000,0.0343,1.000,0.0390,0.71
8460,replay,4000,0.0414,1.000,0.0389,0.71
8461,replay,4000,0.0548,1.000,0.0389,0.71
8462,es_step,4000,0.0000,0.000,0.0389,1.87
8463,replay,4000,0.0700,1.000,0.0389,0.71
8464,replay,4000,0.0502,1.000,0.0388,0.71
8465,replay,4000,0.0742,1.000,0.0389,0.71
8466,es_step,4000,0.0000,0.000,0.0389,1.87
8467,replay,4000,0.0659,1.000,0.0389,0.71
8468,es_step,4000,0.0000,0.000,0.0389,1.86
8469,replay,4000,0.0466,1.000,0.0389,0.71
8470,replay,4000,0.0275,1.000,0.0388,0.72
8471,replay,4000,0.0366,1.000,0.0387,0.71
8472,replay,4000,0.0413,1.000,0.0387,0.71
8473,replay,4000,0.0364,1.000,0.0387,0.72
8474,es_step,4000,0.0000,0.000,0.0387,1.89
8475,replay,4000,0.0382,1.000,0.0386,0.71
8476,replay,4000,0.0582,1.000,0.0386,0.71
8477,replay,4000,0.0342,1.000,0.0385,0.71
8478,es_step,4000,0.0000,0.000,0.0385,1.88
8479,es_step,4000,0.0000,0.000,0.0385,1.86
8480,es_step,4000,0.0000,0.000,0.0385,1.86
8481,es_step,4000,0.0000,0.000,0.0385,1.85
8482,es_step,4000,0.0000,0.000,0.0385,1.85
8483,replay,4000,0.0603,1.000,0.0385,0.71
8484,replay,4000,0.0654,1.000,0.0385,0.72
8485,replay,4000,0.0806,1.000,0.0385,0.71
8486,es_step,4000,0.0000,0.000,0.0385,1.89
8487,replay,4000,0.0859,1.000,0.0385,0.72
8488,replay,4000,0.0802,1.000,0.0385,0.72
8489,es_step,4000,0.0000,0.000,0.0385,1.88
8490,replay,4000,0.0671,1.000,0.0385,0.71
8491,replay,4000,0.0288,1.000,0.0385,0.71
8492,es_step,4000,0.0000,0.000,0.0385,1.87
8493,replay,4000,0.0398,1.000,0.0384,0.71
8494,replay,4000,0.0600,1.000,0.0384,0.71
8495,replay,4000,0.0552,1.000,0.0384,0.71
8496,replay,4000,0.0232,1.000,0.0383,0.71
8497,replay,4000,0.0455,1.000,0.0383,0.71
8498,replay,4000,0.0192,1.000,0.0383,0.72
8499,replay,4000,-0.0524,1.000,0.0383,0.71
8500,es_step,4000,0.0000,0.000,0.0383,1.88
8501,replay,4000,0.0580,1.000,0.0384,0.71
8502,replay,4000,0.1610,1.000,0.0385,0.71
8503,replay,4000,0.1901,1.000,0.0387,0.71
8504,replay,4000,0.1830,1.000,0.0390,0.71
8505,replay,4000,0.1563,1.000,0.0392,0.71
8506,replay,4000,0.1172,1.000,0.0392,0.72
8507,es_step,4000,0.0000,0.000,0.0392,1.88
8508,es_step,4000,0.0000,0.000,0.0392,1.86
8509,replay,4000,0.0818,1.000,0.0392,0.71
8510,replay,4000,0.0397,1.000,0.0391,0.71
8511,replay,4000,0.0357,1.000,0.0390,0.71
8512,replay,4000,0.0469,1.000,0.0389,0.71
8513,replay,4000,0.0069,1.000,0.0388,0.71
8514,replay,4000,0.0524,1.000,0.0387,0.71
8515,es_step,4000,0.0000,0.000,0.0387,1.86
8516,es_step,4000,0.0000,0.000,0.0387,1.86
8517,es_step,4000,0.0000,0.000,0.0387,1.86
8518,replay,4000,0.0485,1.000,0.0386,0.72
8519,replay,4000,0.0584,1.000,0.0385,0.71
8520,replay,4000,0.0558,1.000,0.0386,0.71
8521,replay,4000,0.0510,1.000,0.0386,0.71
8522,replay,4000,0.0455,1.000,0.0386,0.71
8523,replay,4000,0.0662,1.000,0.0387,0.71
8524,es_step,4000,0.0000,0.000,0.0387,1.90
8525,replay,4000,0.0836,1.000,0.0386,0.72
8526,replay,4000,0.0388,1.000,0.0388,0.72
8527,es_step,4000,0.0000,0.000,0.0388,1.92
8528,replay,4000,0.0679,1.000,0.0388,0.72
8529,replay,4000,0.0851,1.000,0.0388,0.72
8530,replay,4000,0.0807,1.000,0.0388,0.71
8531,replay,4000,0.0471,1.000,0.0388,0.71
8532,replay,4000,0.0450,1.000,0.0388,0.78
8533,replay,4000,0.0614,1.000,0.0387,0.71
8534,replay,4000,0.0641,1.000,0.0387,0.71
8535,replay,4000,0.0559,1.000,0.0387,0.71
8536,replay,4000,0.0557,1.000,0.0387,0.71
8537,replay,4000,0.0273,1.000,0.0386,0.71
8538,es_step,4000,0.0000,0.000,0.0386,1.89
8539,replay,4000,0.0388,1.000,0.0385,0.71
8540,replay,4000,0.0747,1.000,0.0385,0.71
8541,replay,4000,0.0625,1.000,0.0384,0.71
8542,replay,4000,0.0683,1.000,0.0384,0.71
8543,replay,4000,0.0510,1.000,0.0384,0.72
8544,replay,4000,0.0450,1.000,0.0383,0.71
8545,replay,4000,0.0775,1.000,0.0383,0.71
8546,es_step,4000,0.0000,0.000,0.0383,1.90
8547,replay,4000,0.0949,1.000,0.0383,0.72
8548,replay,4000,0.0818,1.000,0.0383,0.71
8549,replay,4000,0.0903,1.000,0.0383,0.71
8550,replay,4000,0.1010,1.000,0.0384,0.71
8551,replay,4000,0.1036,1.000,0.0384,0.71
8552,replay,4000,0.1198,1.000,0.0385,0.71
8553,replay,4000,0.0935,1.000,0.0386,0.71
8554,replay,4000,0.1016,1.000,0.0387,0.71
8555,replay,4000,0.1050,1.000,0.0388,0.71
8556,replay,4000,0.0862,1.000,0.0388,0.71
8557,replay,4000,0.0727,1.000,0.0388,0.71
8558,replay,4000,0.0536,1.000,0.0388,0.71
8559,replay,4000,0.0419,1.000,0.0387,0.71
8560,replay,4000,0.0346,1.000,0.0386,0.71
8561,replay,4000,0.0518,1.000,0.0386,0.71
8562,replay,4000,0.0647,1.000,0.0386,0.71
8563,replay,4000,0.0867,1.000,0.0387,0.71
8564,replay,4000,0.1094,1.000,0.0387,0.71
8565,replay,4000,0.1086,1.000,0.0388,0.71
8566,replay,4000,0.0975,1.000,0.0389,0.71
8567,replay,4000,0.0877,1.000,0.0390,0.71
8568,es_step,4000,0.0000,0.000,0.0390,1.89
8569,replay,4000,0.0906,1.000,0.0390,0.71
8570,es_step,4000,0.0000,0.000,0.0390,1.88
8571,replay,4000,0.0939,1.000,0.0390,0.72
8572,es_step,4000,0.0000,0.000,0.0390,1.89
8573,replay,4000,0.0761,1.000,0.0390,0.71
8574,es_step,4000,0.0000,0.000,0.0390,1.88
8575,replay,4000,0.0643,1.000,0.0390,0.71
8576,replay,4000,0.0652,1.000,0.0390,0.71
8577,es_step,4000,0.0000,0.000,0.0390,1.89
8578,replay,4000,0.0683,1.000,0.0389,0.72
8579,replay,4000,0.0588,1.000,0.0389,0.72
8580,replay,4000,0.0743,1.000,0.0389,0.72
8581,replay,4000,0.0617,1.000,0.0389,0.72
8582,replay,4000,0.0329,1.000,0.0388,0.72
8583,es_step,4000,0.0000,0.000,0.0388,1.91
8584,replay,4000,0.0507,1.000,0.0387,0.72
8585,es_step,4000,0.0000,0.000,0.0387,1.88
8586,replay,4000,0.0521,1.000,0.0387,0.72
8587,replay,4000,0.0499,1.000,0.0388,0.72
8588,replay,4000,0.0973,1.000,0.0387,0.71
8589,replay,4000,0.0639,1.000,0.0387,0.72
8590,replay,4000,0.0846,1.000,0.0388,0.71
8591,replay,4000,0.0681,1.000,0.0388,0.72
8592,replay,4000,0.0561,1.000,0.0387,0.71
8593,replay,4000,0.0204,1.000,0.0385,0.71
8594,es_step,4000,0.0000,0.000,0.0385,1.89
8595,es_step,4000,0.0000,0.000,0.0385,1.88
8596,replay,4000,0.0591,1.000,0.0384,0.71
8597,replay,4000,0.0466,1.000,0.0384,0.71
8598,replay,4000,0.0832,1.000,0.0384,0.70
8599,replay,4000,0.1005,1.000,0.0385,0.70
8600,replay,4000,0.0997,1.000,0.0386,0.70
8601,replay,4000,0.0960,1.000,0.0387,0.70
8602,es_step,4000,0.0000,0.000,0.0387,1.85
8603,replay,4000,0.0799,1.000,0.0387,0.70
8604,replay,4000,0.0757,1.000,0.0387,0.71
8605,replay,4000,0.0434,1.000,0.0387,0.71
8606,replay,4000,0.0496,1.000,0.0387,0.71
8607,es_step,4000,0.0000,0.000,0.0387,1.86
8608,replay,4000,0.0521,1.000,0.0386,0.72
8609,replay,4000,0.0406,1.000,0.0386,0.71
8610,replay,4000,0.0456,1.000,0.0385,0.71
8611,replay,4000,0.0595,1.000,0.0385,0.71
8612,replay,4000,0.0552,1.000,0.0385,0.71
8613,replay,4000,0.0550,1.000,0.0385,0.71
8614,replay,4000,0.0823,1.000,0.0385,0.71
8615,replay,4000,0.0777,1.000,0.0385,0.71
8616,replay,4000,0.0522,1.000,0.0385,0.71
8617,replay,4000,0.0193,1.000,0.0384,0.71
8618,es_step,4000,0.0000,0.000,0.0384,1.89
8619,replay,4000,0.0412,1.000,0.0383,0.72
8620,replay,4000,0.0368,1.000,0.0382,0.71
8621,replay,4000,0.0492,1.000,0.0382,0.71
8622,replay,4000,0.0590,1.000,0.0382,0.71
8623,replay,4000,0.0854,1.000,0.0382,0.71
8624,replay,4000,0.0616,1.000,0.0383,0.71
8625,replay,4000,0.0654,1.000,0.0383,0.72
8626,replay,4000,0.0702,1.000,0.0383,0.72
8627,replay,4000,0.0489,1.000,0.0383,0.71
8628,replay,4000,0.0518,1.000,0.0383,0.71
8629,replay,4000,0.0661,1.000,0.0382,0.72
8630,es_step,4000,0.0000,0.000,0.0382,1.90
8631,replay,4000,0.0688,1.000,0.0382,0.72
8632,replay,4000,0.0724,1.000,0.0382,0.72
8633,es_step,4000,0.0000,0.000,0.0382,1.90
8634,replay,4000,0.0603,1.000,0.0382,0.71
8635,replay,4000,0.0742,1.000,0.0382,0.71
8636,replay,4000,0.0655,1.000,0.0382,0.71
8637,replay,4000,0.0486,1.000,0.0381,0.71
8638,replay,4000,0.0338,1.000,0.0380,0.71
8639,replay,4000,0.0145,1.000,0.0379,0.71
8640,replay,4000,0.0473,1.000,0.0378,0.71
8641,replay,4000,0.0365,1.000,0.0377,0.71
8642,es_step,4000,0.0000,0.000,0.0377,1.89
8643,es_step,4000,0.0000,0.000,0.0377,1.88
8644,replay,4000,0.0458,1.000,0.0377,0.71
8645,replay,4000,0.0602,1.000,0.0377,0.71
8646,replay,4000,0.0722,1.000,0.0377,0.71
8647,replay,4000,0.0763,1.000,0.0378,0.71
8648,replay,4000,0.0695,1.000,0.0378,0.71
8649,replay,4000,0.0668,1.000,0.0378,0.71
8650,replay,4000,0.0625,1.000,0.0378,0.72
8651,replay,4000,0.0550,1.000,0.0377,0.71
8652,replay,4000,0.0530,1.000,0.0377,0.71
8653,replay,4000,0.0575,1.000,0.0377,0.72
8654,replay,4000,0.0574,1.000,0.0376,0.72
8655,es_step,4000,0.0000,0.000,0.0376,1.90
8656,replay,4000,0.0415,1.000,0.0376,0.71
8657,es_step,4000,0.0000,0.000,0.0376,1.89
8658,es_step,4000,0.0000,0.000,0.0376,1.87
8659,replay,4000,0.0546,1.000,0.0376,0.71
8660,replay,4000,0.0828,1.000,0.0376,0.71
8661,replay,4000,0.0809,1.000,0.0376,0.71
8662,replay,4000,0.0597,1.000,0.0376,0.71
8663,es_step,4000,0.0000,0.000,0.0376,1.89
8664,es_step,4000,0.0000,0.000,0.0376,1.87
8665,replay,4000,0.0736,1.000,0.0376,0.71
8666,replay,4000,0.0587,1.000,0.0376,0.71
8667,replay,4000,0.0395,1.000,0.0375,0.70
8668,replay,4000,0.0812,1.000,0.0375,0.71
8669,replay,4000,0.0739,1.000,0.0376,0.71
8670,replay,4000,0.0664,1.000,0.0376,0.71
8671,replay,4000,0.0666,1.000,0.0376,0.71
8672,replay,4000,0.0625,1.000,0.0376,0.71
8673,replay,4000,0.0501,1.000,0.0376,0.72
8674,es_step,4000,0.0000,0.000,0.0376,1.94
8675,replay,4000,0.0648,1.000,0.0375,0.72
8676,es_step,4000,0.0000,0.000,0.0375,1.89
8677,es_step,4000,0.0000,0.000,0.0375,1.86
8678,replay,4000,0.0798,1.000,0.0375,0.72
8679,es_step,4000,0.0000,0.000,0.0375,1.87
8680,es_step,4000,0.0000,0.000,0.0375,1.86
8681,replay,4000,0.1073,1.000,0.0375,0.72
8682,replay,4000,0.1084,1.000,0.0376,0.71
8683,replay,4000,0.1181,1.000,0.0377,0.71
8684,replay,4000,0.1171,1.000,0.0379,0.72
8685,replay,4000,0.1273,1.000,0.0380,0.72
8686,replay,4000,0.1069,1.000,0.0382,0.72
8687,replay,4000,0.1358,1.000,0.0383,0.72
8688,replay,4000,0.0957,1.000,0.0384,0.72
8689,replay,4000,0.0850,1.000,0.0385,0.72
8690,replay,4000,0.0646,1.000,0.0384,0.72
8691,replay,4000,0.0530,1.000,0.0384,0.72
8692,replay,4000,0.0626,1.000,0.0384,0.72
8693,replay,4000,0.0757,1.000,0.0384,0.72
8694,es_step,4000,0.0000,0.000,0.0384,1.92
8695,replay,4000,0.0292,1.000,0.0383,0.72
8696,replay,4000,0.0595,1.000,0.0384,0.73
8697,es_step,4000,0.0000,0.000,0.0384,4.33
8698,replay,4000,0.0776,1.000,0.0384,0.72
8699,replay,4000,0.0768,1.000,0.0384,0.72
8700,replay,4000,0.0961,1.000,0.0386,0.72
8701,replay,4000,0.0952,1.000,0.0387,0.72
8702,es_step,4000,0.0000,0.000,0.0387,1.89
8703,replay,4000,0.1030,1.000,0.0388,0.72
8704,es_step,4000,0.0000,0.000,0.0388,1.87
8705,replay,4000,0.1007,1.000,0.0388,0.71
8706,replay,4000,0.0499,1.000,0.0389,0.72
8707,es_step,4000,0.0000,0.000,0.0389,1.90
8708,replay,4000,0.0471,1.000,0.0388,0.71
8709,es_step,4000,0.0000,0.000,0.0388,1.88
8710,replay,4000,0.0518,1.000,0.0388,0.71
8711,replay,4000,0.0265,1.000,0.0387,0.71
8712,es_step,4000,0.0000,0.000,0.0387,1.87
8713,replay,4000,0.0408,1.000,0.0387,0.71
8714,replay,4000,0.0445,1.000,0.0386,0.71
8715,es_step,4000,0.0000,0.000,0.0386,1.85
8716,replay,4000,0.0555,1.000,0.0387,0.72
8717,es_step,4000,0.0000,0.000,0.0387,1.87
8718,replay,4000,0.0543,1.000,0.0387,0.72
8719,replay,4000,0.0750,1.000,0.0387,0.72
8720,replay,4000,0.0725,1.000,0.0389,0.71
8721,replay,4000,0.0809,1.000,0.0389,0.71
8722,replay,4000,0.0684,1.000,0.0388,0.72
8723,replay,4000,0.0318,1.000,0.0388,0.72
8724,replay,4000,0.0491,1.000,0.0387,0.71
8725,replay,4000,0.0372,1.000,0.0386,0.71
8726,replay,4000,0.0362,1.000,0.0386,0.72
8727,replay,4000,0.0317,1.000,0.0385,0.72
8728,replay,4000,0.0460,1.000,0.0387,0.72
8729,replay,4000,0.0468,1.000,0.0387,0.73
8730,replay,4000,0.0342,1.000,0.0387,0.72
8731,replay,4000,0.0596,1.000,0.0387,0.72
8732,replay,4000,0.0736,1.000,0.0387,0.72
8733,replay,4000,0.0988,1.000,0.0388,0.72
8734,replay,4000,0.0722,1.000,0.0387,0.72
8735,replay,4000,0.0817,1.000,0.0388,0.71
8736,replay,4000,0.0793,1.000,0.0388,0.72
8737,replay,4000,0.0686,1.000,0.0388,0.71
8738,replay,4000,0.0391,1.000,0.0388,0.71
8739,replay,4000,0.0490,1.000,0.0388,0.71
8740,replay,4000,0.0748,1.000,0.0388,0.71
8741,es_step,4000,0.0000,0.000,0.0388,1.90
8742,replay,4000,0.0774,1.000,0.0389,0.72
8743,replay,4000,0.1018,1.000,0.0390,0.72
8744,replay,4000,0.0982,1.000,0.0390,0.72
8745,replay,4000,0.1102,1.000,0.0391,0.72
8746,replay,4000,0.0933,1.000,0.0391,0.72
8747,replay,4000,0.0728,1.000,0.0391,0.72
8748,es_step,4000,0.0000,0.000,0.0391,1.93
8749,replay,4000,0.0536,1.000,0.0391,0.72
8750,replay,4000,0.0497,1.000,0.0390,0.72
8751,replay,4000,0.0079,1.000,0.0389,0.72
8752,replay,4000,0.0504,1.000,0.0389,0.72
8753,replay,4000,0.0507,1.000,0.0389,0.72
8754,replay,4000,0.0760,1.000,0.0389,0.72
8755,replay,4000,0.0841,1.000,0.0389,0.72
8756,replay,4000,0.0639,1.000,0.0389,0.72
8757,replay,4000,0.0904,1.000,0.0390,0.72
8758,es_step,4000,0.0000,0.000,0.0390,1.94
8759,replay,4000,0.0883,1.000,0.0390,0.72
8760,replay,4000,0.0762,1.000,0.0390,0.72
8761,es_step,4000,0.0000,0.000,0.0390,1.91
8762,replay,4000,0.0372,1.000,0.0388,0.72
8763,replay,4000,0.0457,1.000,0.0388,0.72
8764,replay,4000,0.0447,1.000,0.0388,0.72
8765,replay,4000,0.0252,1.000,0.0386,0.72
8766,replay,4000,0.0313,1.000,0.0386,0.72
8767,es_step,4000,0.0000,0.000,0.0386,1.92
8768,replay,4000,0.0602,1.000,0.0386,0.72
8769,replay,4000,0.0606,1.000,0.0386,0.72
8770,replay,4000,0.0595,1.000,0.0386,0.72
8771,replay,4000,0.0817,1.000,0.0387,0.72
8772,replay,4000,0.0136,1.000,0.0387,0.72
8773,replay,4000,0.1044,1.000,0.0388,0.72
8774,replay,4000,0.1095,1.000,0.0389,0.73
8775,replay,4000,0.0858,1.000,0.0391,0.73
8776,replay,4000,0.0882,1.000,0.0391,0.73
8777,replay,4000,0.0737,1.000,0.0391,0.72
8778,es_step,4000,0.0000,0.000,0.0391,1.94
8779,replay,4000,0.0518,1.000,0.0391,0.73
8780,replay,4000,0.0741,1.000,0.0390,0.72
8781,replay,4000,0.0639,1.000,0.0390,0.72
8782,replay,4000,0.0581,1.000,0.0389,0.72
8783,es_step,4000,0.0000,0.000,0.0389,1.94
8784,es_step,4000,0.0000,0.000,0.0389,1.92
8785,replay,4000,0.0647,1.000,0.0389,0.72
8786,replay,4000,0.0923,1.000,0.0389,0.72
8787,replay,4000,0.1032,1.000,0.0390,0.72
8788,replay,4000,0.1007,1.000,0.0391,0.73
8789,replay,4000,0.1140,1.000,0.0392,0.72
8790,replay,4000,0.1059,1.000,0.0393,0.72
8791,es_step,4000,0.0000,0.000,0.0393,1.91
8792,replay,4000,0.1225,1.000,0.0393,0.73
8793,es_step,4000,0.0000,0.000,0.0393,1.92
8794,es_step,4000,0.0000,0.000,0.0393,1.90
8795,replay,4000,0.0907,1.000,0.0393,0.72
8796,replay,4000,0.0254,1.000,0.0392,0.72
8797,replay,4000,0.0461,1.000,0.0392,0.72
8798,replay,4000,0.0511,1.000,0.0391,0.73
8799,replay,4000,0.0606,1.000,0.0391,0.73
8800,es_step,4000,0.0000,0.000,0.0391,1.94
8801,replay,4000,0.0487,1.000,0.0391,0.73
8802,replay,4000,0.0730,1.000,0.0391,0.72
8803,replay,4000,0.0602,1.000,0.0391,0.72
8804,replay,4000,0.0847,1.000,0.0392,0.72
8805,replay,4000,0.0957,1.000,0.0393,0.72
8806,replay,4000,0.1086,1.000,0.0394,0.72
8807,replay,4000,0.1113,1.000,0.0396,0.72
8808,replay,4000,0.1157,1.000,0.0397,0.72
8809,replay,4000,0.1023,1.000,0.0397,0.72
8810,replay,4000,0.0694,1.000,0.0397,0.72
8811,replay,4000,0.0354,1.000,0.0396,0.73
8812,replay,4000,0.0109,1.000,0.0394,0.73
8813,replay,4000,0.0373,1.000,0.0393,0.73
8814,replay,4000,0.0197,1.000,0.0392,0.73
8815,replay,4000,-0.2282,1.000,0.0390,0.73
8816,replay,4000,0.0827,1.000,0.0390,0.73
8817,replay,4000,0.0804,1.000,0.0391,0.73
8818,replay,4000,0.1049,1.000,0.0392,0.73
8819,es_step,4000,0.0000,0.000,0.0392,1.97
8820,es_step,4000,0.0000,0.000,0.0392,1.97
8821,es_step,4000,0.0000,0.000,0.0392,1.97
8822,replay,4000,0.1315,1.000,0.0393,0.73
8823,replay,4000,0.0951,1.000,0.0393,0.73
8824,es_step,4000,0.0000,0.000,0.0393,1.95
8825,replay,4000,0.0832,1.000,0.0393,0.73
8826,replay,4000,0.0733,1.000,0.0393,0.73
8827,es_step,4000,0.0000,0.000,0.0393,1.97
8828,es_step,4000,0.0000,0.000,0.0393,1.95
8829,es_step,4000,0.0000,0.000,0.0393,1.93
8830,es_step,4000,0.0000,0.000,0.0393,1.90
8831,es_step,4000,0.0000,0.000,0.0393,1.90
8832,replay,4000,0.0850,1.000,0.0394,0.72
8833,es_step,4000,0.0000,0.000,0.0394,1.87
8834,replay,4000,0.0562,1.000,0.0393,0.71
8835,replay,4000,0.0464,1.000,0.0392,0.71
8836,replay,4000,0.0626,1.000,0.0392,0.70
8837,replay,4000,0.0775,1.000,0.0392,0.70
8838,replay,4000,0.0793,1.000,0.0393,0.71
8839,replay,4000,0.0824,1.000,0.0391,0.71
8840,replay,4000,0.0681,1.000,0.0392,0.71
8841,replay,4000,0.0691,1.000,0.0393,0.71
8842,replay,4000,0.1083,1.000,0.0393,0.71
8843,replay,4000,0.0833,1.000,0.0394,0.71
8844,replay,4000,0.0979,1.000,0.0394,0.71
8845,replay,4000,0.1065,1.000,0.0395,0.72
8846,replay,4000,0.1015,1.000,0.0396,0.72
8847,replay,4000,0.1285,1.000,0.0397,0.72
8848,replay,4000,0.1114,1.000,0.0398,0.72
8849,replay,4000,0.1081,1.000,0.0399,0.72
8850,replay,4000,0.0716,1.000,0.0399,0.72
8851,replay,4000,0.0774,1.000,0.0399,0.72
8852,replay,4000,0.0745,1.000,0.0399,0.72
8853,replay,4000,0.0645,1.000,0.0399,0.72
8854,replay,4000,0.0654,1.000,0.0399,0.72
8855,replay,4000,0.0696,1.000,0.0399,0.72
8856,replay,4000,0.0840,1.000,0.0399,0.73
8857,replay,4000,0.0674,1.000,0.0399,0.73
8858,replay,4000,0.0585,1.000,0.0399,0.73
8859,replay,4000,0.0603,1.000,0.0399,0.73
8860,replay,4000,0.0847,1.000,0.0399,0.72
8861,replay,4000,0.0910,1.000,0.0400,0.73
8862,replay,4000,0.1071,1.000,0.0400,0.72
8863,replay,4000,0.0977,1.000,0.0401,0.72
8864,replay,4000,0.1306,1.000,0.0402,0.72
8865,replay,4000,0.1147,1.000,0.0402,0.72
8866,replay,4000,0.1111,1.000,0.0403,0.73
8867,es_step,4000,0.0000,0.000,0.0403,1.95
8868,replay,4000,0.1086,1.000,0.0404,0.73
8869,replay,4000,0.0926,1.000,0.0404,0.73
8870,replay,4000,0.0580,1.000,0.0403,0.73
8871,replay,4000,0.0635,1.000,0.0403,0.73
8872,replay,4000,0.0719,1.000,0.0403,0.73
8873,replay,4000,0.0581,1.000,0.0402,0.72
8874,replay,4000,0.0437,1.000,0.0401,0.73
8875,replay,4000,0.0475,1.000,0.0401,0.73
8876,replay,4000,0.0559,1.000,0.0401,0.73
8877,replay,4000,0.0647,1.000,0.0400,0.73
8878,replay,4000,0.0517,1.000,0.0399,0.73
8879,es_step,4000,0.0000,0.000,0.0399,1.97
8880,replay,4000,0.0587,1.000,0.0399,0.73
8881,replay,4000,0.0752,1.000,0.0399,0.73
8882,replay,4000,0.0272,1.000,0.0398,0.73
8883,replay,4000,0.0432,1.000,0.0398,0.73
8884,es_step,4000,0.0000,0.000,0.0398,1.96
8885,replay,4000,0.0821,1.000,0.0398,0.73
8886,replay,4000,0.0813,1.000,0.0398,0.73
8887,replay,4000,0.0720,1.000,0.0398,0.73
8888,es_step,4000,0.0000,0.000,0.0398,1.96
8889,replay,4000,0.0707,1.000,0.0398,0.73
8890,replay,4000,0.0508,1.000,0.0398,0.73
8891,replay,4000,0.0513,1.000,0.0397,0.73
8892,replay,4000,0.0554,1.000,0.0396,0.73
8893,replay,4000,0.0441,1.000,0.0396,0.73
8894,replay,4000,0.0467,1.000,0.0395,0.73
8895,replay,4000,0.0323,1.000,0.0395,0.73
8896,replay,4000,0.0477,1.000,0.0395,0.73
8897,replay,4000,0.0561,1.000,0.0395,0.73
8898,replay,4000,0.0952,1.000,0.0395,0.74
8899,es_step,4000,0.0000,0.000,0.0395,1.99
8900,es_step,4000,0.0000,0.000,0.0395,1.97
8901,replay,4000,0.0872,1.000,0.0395,0.74
8902,es_step,4000,0.0000,0.000,0.0395,1.96
8903,es_step,4000,0.0000,0.000,0.0395,1.94
8904,replay,4000,0.0846,1.000,0.0395,0.73
8905,replay,4000,0.0681,1.000,0.0395,0.73
8906,replay,4000,0.0514,1.000,0.0395,0.72
8907,replay,4000,0.0632,1.000,0.0395,0.73
8908,replay,4000,0.0790,1.000,0.0395,0.73
8909,replay,4000,0.0719,1.000,0.0395,0.73
8910,replay,4000,0.0572,1.000,0.0394,0.73
8911,replay,4000,0.0259,1.000,0.0393,0.73
8912,replay,4000,0.0217,1.000,0.0391,0.73
8913,replay,4000,0.0029,1.000,0.0390,0.73
8914,es_step,4000,0.0000,0.000,0.0390,1.97
8915,replay,4000,0.0423,1.000,0.0390,0.73
8916,es_step,4000,0.0000,0.000,0.0390,1.97
8917,replay,4000,0.0228,1.000,0.0388,0.73
8918,es_step,4000,0.0000,0.000,0.0388,1.94
8919,replay,4000,0.0538,1.000,0.0388,0.72
8920,replay,4000,0.0682,1.000,0.0388,0.72
8921,replay,4000,0.0755,1.000,0.0389,0.72
8922,replay,4000,0.0802,1.000,0.0389,0.72
8923,replay,4000,0.0638,1.000,0.0389,0.72
8924,replay,4000,0.0481,1.000,0.0389,0.73
8925,replay,4000,0.0806,1.000,0.0390,0.73
8926,replay,4000,0.0726,1.000,0.0390,0.73
8927,replay,4000,0.0454,1.000,0.0390,0.73
8928,replay,4000,0.0540,1.000,0.0390,0.72
8929,es_step,4000,0.0000,0.000,0.0390,1.95
8930,replay,4000,0.0712,1.000,0.0389,0.73
8931,replay,4000,0.0835,1.000,0.0390,0.72
8932,replay,4000,0.0795,1.000,0.0390,0.72
8933,replay,4000,0.0714,1.000,0.0390,0.72
8934,replay,4000,0.0742,1.000,0.0390,0.72
8935,replay,4000,0.0631,1.000,0.0390,0.72
8936,replay,4000,0.0701,1.000,0.0389,0.73
8937,replay,4000,0.0551,1.000,0.0390,0.73
8938,es_step,4000,0.0000,0.000,0.0390,1.97
8939,es_step,4000,0.0000,0.000,0.0390,1.95
8940,replay,4000,0.0592,1.000,0.0390,0.73
8941,replay,4000,0.0473,1.000,0.0389,0.73
8942,replay,4000,0.0638,1.000,0.0389,0.73
8943,replay,4000,0.0823,1.000,0.0389,0.73
8944,es_step,4000,0.0000,0.000,0.0389,1.95
8945,replay,4000,0.0938,1.000,0.0389,0.74
8946,replay,4000,0.0835,1.000,0.0390,0.73
8947,replay,4000,0.0880,1.000,0.0390,0.73
8948,es_step,4000,0.0000,0.000,0.0390,1.94
8949,replay,4000,0.0786,1.000,0.0390,0.73
8950,es_step,4000,0.0000,0.000,0.0390,1.92
8951,replay,4000,0.0658,1.000,0.0390,0.72
8952,replay,4000,0.0657,1.000,0.0390,0.72
8953,replay,4000,0.0497,1.000,0.0390,0.72
8954,es_step,4000,0.0000,0.000,0.0390,1.91
8955,replay,4000,0.0489,1.000,0.0389,0.72
8956,es_step,4000,0.0000,0.000,0.0389,1.93
8957,replay,4000,0.0276,1.000,0.0389,0.72
8958,replay,4000,0.0601,1.000,0.0389,0.72
8959,replay,4000,0.0637,1.000,0.0389,0.72
8960,replay,4000,0.0389,1.000,0.0389,0.72
8961,replay,4000,0.0516,1.000,0.0389,0.72
8962,replay,4000,0.0683,1.000,0.0389,0.72
8963,replay,4000,0.0105,1.000,0.0388,0.72
8964,es_step,4000,0.0000,0.000,0.0388,1.93
8965,replay,4000,0.0868,1.000,0.0389,0.72
8966,replay,4000,0.0837,1.000,0.0389,0.72
8967,replay,4000,0.1126,1.000,0.0392,0.72
8968,replay,4000,0.1002,1.000,0.0393,0.72
8969,replay,4000,0.0806,1.000,0.0393,0.72
8970,replay,4000,0.0766,1.000,0.0393,0.72
8971,es_step,4000,0.0000,0.000,0.0393,1.96
8972,replay,4000,0.0440,1.000,0.0392,0.73
8973,replay,4000,0.0405,1.000,0.0393,0.72
8974,replay,4000,0.0685,1.000,0.0393,0.73
8975,replay,4000,0.0805,1.000,0.0393,0.73
8976,replay,4000,0.0784,1.000,0.0393,0.73
8977,replay,4000,0.0608,1.000,0.0392,0.73
8978,replay,4000,0.0130,1.000,0.0391,0.73
8979,replay,4000,0.0181,1.000,0.0390,0.73
8980,es_step,4000,0.0000,0.000,0.0390,1.98
8981,replay,4000,0.0143,1.000,0.0390,0.73
8982,es_step,4000,0.0000,0.000,0.0390,1.94
8983,replay,4000,0.0436,1.000,0.0389,0.73
8984,replay,4000,0.0647,1.000,0.0390,0.74
8985,es_step,4000,0.0000,0.000,0.0390,1.95
8986,es_step,4000,0.0000,0.000,0.0390,1.92
8987,replay,4000,0.0661,1.000,0.0389,0.72
8988,replay,4000,0.0733,1.000,0.0390,0.73
8989,replay,4000,0.0578,1.000,0.0390,0.72
8990,replay,4000,0.0296,1.000,0.0390,0.73
8991,es_step,4000,0.0000,0.000,0.0390,4.33
8992,es_step,4000,0.0000,0.000,0.0390,1.90
8993,replay,4000,0.0476,1.000,0.0390,0.73
8994,replay,4000,0.0836,1.000,0.0390,0.73
8995,replay,4000,0.0932,1.000,0.0392,0.73
8996,replay,4000,0.0853,1.000,0.0392,0.72
8997,es_step,4000,0.0000,0.000,0.0392,1.91
8998,es_step,4000,0.0000,0.000,0.0392,1.89
8999,replay,4000,0.0607,1.000,0.0392,0.73
9000,replay,4000,0.0408,1.000,0.0391,0.72
9001,replay,4000,0.0421,1.000,0.0391,0.72
9002,replay,4000,0.0418,1.000,0.0390,0.72
9003,es_step,4000,0.0000,0.000,0.0390,1.89
9004,es_step,4000,0.0000,0.000,0.0390,1.87
9005,replay,4000,0.0424,1.000,0.0390,0.71
9006,replay,4000,0.0398,1.000,0.0389,0.72
9007,replay,4000,0.0523,1.000,0.0389,0.72
9008,replay,4000,0.0525,1.000,0.0389,0.72
9009,es_step,4000,0.0000,0.000,0.0389,1.90
9010,replay,4000,0.0763,1.000,0.0389,0.73
9011,replay,4000,0.0999,1.000,0.0389,0.73
9012,replay,4000,0.0885,1.000,0.0388,0.73
9013,replay,4000,0.0831,1.000,0.0389,0.73
9014,replay,4000,0.0733,1.000,0.0389,0.73
9015,es_step,4000,0.0000,0.000,0.0389,1.91
9016,replay,4000,0.0713,1.000,0.0389,0.73
9017,replay,4000,0.0713,1.000,0.0389,0.72
9018,replay,4000,0.0672,1.000,0.0389,0.72
9019,replay,4000,0.0745,1.000,0.0389,0.72
9020,replay,4000,0.0546,1.000,0.0388,0.71
9021,replay,4000,0.0693,1.000,0.0389,0.71
9022,replay,4000,0.0778,1.000,0.0389,0.71
9023,replay,4000,0.0475,1.000,0.0389,0.71
9024,replay,4000,0.0786,1.000,0.0389,0.70
9025,es_step,4000,0.0000,0.000,0.0389,1.85
9026,es_step,4000,0.0000,0.000,0.0389,1.83
9027,replay,4000,0.0812,1.000,0.0389,0.70
9028,es_step,4000,0.0000,0.000,0.0389,1.84
9029,replay,4000,0.0682,1.000,0.0390,0.70
9030,es_step,4000,0.0000,0.000,0.0390,1.82
9031,replay,4000,0.0817,1.000,0.0390,0.71
9032,replay,4000,0.0709,1.000,0.0391,0.72
9033,replay,4000,0.0620,1.000,0.0390,0.73
9034,es_step,4000,0.0000,0.000,0.0390,1.89
9035,replay,4000,0.0544,1.000,0.0390,0.72
9036,replay,4000,0.0460,1.000,0.0390,0.72
9037,replay,4000,0.0337,1.000,0.0389,0.72
9038,replay,4000,0.0453,1.000,0.0389,0.72
9039,replay,4000,0.0660,1.000,0.0389,0.72
9040,replay,4000,0.0723,1.000,0.0389,0.73
9041,replay,4000,0.0657,1.000,0.0389,0.73
9042,replay,4000,0.0658,1.000,0.0390,0.73
9043,replay,4000,0.0548,1.000,0.0388,0.73
9044,replay,4000,0.0620,1.000,0.0388,0.73
9045,es_step,4000,0.0000,0.000,0.0388,1.93
9046,replay,4000,0.0500,1.000,0.0387,0.72
9047,replay,4000,0.0601,1.000,0.0387,0.73
9048,replay,4000,0.0605,1.000,0.0387,0.73
9049,replay,4000,0.0598,1.000,0.0388,0.73
9050,replay,4000,0.0682,1.000,0.0388,0.73
9051,replay,4000,0.0613,1.000,0.0388,0.73
9052,replay,4000,0.0677,1.000,0.0388,0.73
9053,replay,4000,0.0134,1.000,0.0387,0.73
9054,replay,4000,0.0586,1.000,0.0387,0.73
9055,replay,4000,0.0730,1.000,0.0389,0.73
9056,replay,4000,0.0677,1.000,0.0389,0.73
9057,replay,4000,0.0414,1.000,0.0389,0.73
9058,replay,4000,0.0719,1.000,0.0389,0.73
9059,replay,4000,0.0463,1.000,0.0389,0.73
9060,replay,4000,0.0620,1.000,0.0389,0.72
9061,replay,4000,0.0492,1.000,0.0388,0.74
9062,replay,4000,0.0545,1.000,0.0388,0.73
9063,replay,4000,0.0809,1.000,0.0389,0.73
9064,replay,4000,0.0636,1.000,0.0388,0.73
9065,replay,4000,0.0488,1.000,0.0388,0.73
9066,es_step,4000,0.0000,0.000,0.0388,1.96
9067,es_step,4000,0.0000,0.000,0.0388,1.95
9068,replay,4000,0.0415,1.000,0.0388,0.73
9069,replay,4000,0.0206,1.000,0.0387,0.73
9070,replay,4000,0.0436,1.000,0.0386,0.73
9071,replay,4000,0.0438,1.000,0.0386,0.72
9072,es_step,4000,0.0000,0.000,0.0386,1.95
9073,es_step,4000,0.0000,0.000,0.0386,1.93
9074,replay,4000,0.0772,1.000,0.0387,0.73
9075,replay,4000,0.0766,1.000,0.0387,0.73
9076,replay,4000,0.0636,1.000,0.0387,0.73
9077,replay,4000,0.0665,1.000,0.0387,0.73
9078,replay,4000,0.0622,1.000,0.0386,0.73
9079,replay,4000,0.0744,1.000,0.0386,0.72
9080,replay,4000,0.0484,1.000,0.0385,0.72
9081,replay,4000,0.0473,1.000,0.0385,0.73
9082,replay,4000,0.0445,1.000,0.0384,0.72
9083,es_step,4000,0.0000,0.000,0.0384,1.92
9084,es_step,4000,0.0000,0.000,0.0384,1.90
9085,replay,4000,0.0497,1.000,0.0384,0.73
9086,replay,4000,0.0470,1.000,0.0383,0.72
9087,replay,4000,0.0390,1.000,0.0383,0.72
9088,replay,4000,0.0439,1.000,0.0383,0.72
9089,replay,4000,0.0424,1.000,0.0383,0.72
9090,replay,4000,0.0524,1.000,0.0383,0.73
9091,replay,4000,0.0865,1.000,0.0383,0.72
9092,replay,4000,0.0918,1.000,0.0385,0.73
9093,replay,4000,0.0800,1.000,0.0385,0.73
9094,replay,4000,0.0548,1.000,0.0384,0.73
9095,replay,4000,0.0526,1.000,0.0383,0.73
9096,replay,4000,0.0351,1.000,0.0383,0.73
9097,replay,4000,0.0380,1.000,0.0382,0.73
9098,es_step,4000,0.0000,0.000,0.0382,1.96
9099,replay,4000,0.0551,1.000,0.0382,0.73
9100,replay,4000,0.0545,1.000,0.0381,0.73
9101,es_step,4000,0.0000,0.000,0.0381,1.94
9102,es_step,4000,0.0000,0.000,0.0381,1.91
9103,replay,4000,0.0548,1.000,0.0381,0.73
9104,replay,4000,0.0578,1.000,0.0381,0.72
9105,replay,4000,0.0660,1.000,0.0380,0.72
9106,replay,4000,0.0478,1.000,0.0380,0.73
9107,replay,4000,0.0633,1.000,0.0380,0.73
9108,replay,4000,0.0721,1.000,0.0380,0.73
9109,es_step,4000,0.0000,0.000,0.0380,1.97
9110,es_step,4000,0.0000,0.000,0.0380,1.94
9111,replay,4000,0.0861,1.000,0.0381,0.73
9112,es_step,4000,0.0000,0.000,0.0381,1.93
9113,replay,4000,0.1005,1.000,0.0382,0.73
9114,es_step,4000,0.0000,0.000,0.0382,1.92
9115,replay,4000,0.0969,1.000,0.0382,0.73
9116,replay,4000,0.0807,1.000,0.0383,0.72
9117,es_step,4000,0.0000,0.000,0.0383,1.89
9118,replay,4000,0.0758,1.000,0.0383,0.72
9119,replay,4000,0.0625,1.000,0.0383,0.72
9120,replay,4000,0.0611,1.000,0.0383,0.72
9121,replay,4000,0.0595,1.000,0.0382,0.73
9122,replay,4000,0.0675,1.000,0.0383,0.73
9123,replay,4000,0.0970,1.000,0.0383,0.73
9124,replay,4000,0.0974,1.000,0.0383,0.73
9125,replay,4000,-0.0289,1.000,0.0383,0.73
9126,replay,4000,0.1084,1.000,0.0384,0.73
9127,replay,4000,0.1424,1.000,0.0385,0.73
9128,replay,4000,0.1328,1.000,0.0386,0.74
9129,es_step,4000,0.0000,0.000,0.0386,1.96
9130,replay,4000,0.1261,1.000,0.0388,0.73
9131,replay,4000,0.1007,1.000,0.0388,0.73
9132,replay,4000,0.0833,1.000,0.0388,0.73
9133,replay,4000,0.0680,1.000,0.0387,0.73
9134,replay,4000,0.0585,1.000,0.0387,0.73
9135,replay,4000,0.0437,1.000,0.0386,0.73
9136,replay,4000,0.0463,1.000,0.0386,0.73
9137,replay,4000,0.0622,1.000,0.0385,0.73
9138,es_step,4000,0.0000,0.000,0.0385,1.96
9139,replay,4000,0.0570,1.000,0.0384,0.73
9140,replay,4000,0.0817,1.000,0.0385,0.73
9141,replay,4000,0.0826,1.000,0.0385,0.73
9142,replay,4000,0.0754,1.000,0.0385,0.73
9143,replay,4000,0.0512,1.000,0.0385,0.73
9144,replay,4000,0.0427,1.000,0.0384,0.73
9145,replay,4000,0.0502,1.000,0.0384,0.73
9146,replay,4000,0.0500,1.000,0.0384,0.73
9147,replay,4000,0.0539,1.000,0.0385,0.74
9148,replay,4000,0.0424,1.000,0.0385,0.73
9149,replay,4000,0.0450,1.000,0.0385,0.73
9150,replay,4000,0.0480,1.000,0.0385,0.73
9151,replay,4000,0.0670,1.000,0.0386,0.73
9152,replay,4000,0.0745,1.000,0.0386,0.73
9153,es_step,4000,0.0000,0.000,0.0386,1.98
9154,replay,4000,0.0724,1.000,0.0387,0.73
9155,es_step,4000,0.0000,0.000,0.0387,1.97
9156,replay,4000,0.0871,1.000,0.0387,0.74
9157,replay,4000,0.0812,1.000,0.0387,0.73
9158,replay,4000,0.0794,1.000,0.0387,0.73
9159,replay,4000,0.0724,1.000,0.0388,0.73
9160,replay,4000,0.1121,1.000,0.0388,0.73
9161,replay,4000,0.0841,1.000,0.0388,0.73
9162,replay,4000,0.1019,1.000,0.0388,0.73
9163,replay,4000,0.0953,1.000,0.0390,0.73
9164,replay,4000,0.0843,1.000,0.0390,0.73
9165,es_step,4000,0.0000,0.000,0.0390,1.97
9166,es_step,4000,0.0000,0.000,0.0390,1.96
9167,replay,4000,0.0748,1.000,0.0391,0.74
9168,replay,4000,0.0876,1.000,0.0391,0.73
9169,replay,4000,0.0599,1.000,0.0391,0.73
9170,replay,4000,0.0609,1.000,0.0391,0.73
9171,es_step,4000,0.0000,0.000,0.0391,1.93
9172,es_step,4000,0.0000,0.000,0.0391,1.94
9173,es_step,4000,0.0000,0.000,0.0391,1.91
9174,es_step,4000,0.0000,0.000,0.0391,1.92
9175,replay,4000,0.0636,1.000,0.0391,0.73
9176,replay,4000,0.0712,1.000,0.0391,0.72
9177,es_step,4000,0.0000,0.000,0.0391,1.90
9178,replay,4000,0.0765,1.000,0.0391,0.73
9179,replay,4000,0.0972,1.000,0.0392,0.72
9180,replay,4000,0.0934,1.000,0.0394,0.73
9181,replay,4000,0.1099,1.000,0.0394,0.73
9182,replay,4000,0.0813,1.000,0.0394,0.73
9183,replay,4000,0.0618,1.000,0.0394,0.73
9184,es_step,4000,0.0000,0.000,0.0394,1.91
9185,es_step,4000,0.0000,0.000,0.0394,1.89
9186,es_step,4000,0.0000,0.000,0.0394,1.87
9187,replay,4000,0.0266,1.000,0.0394,0.72
9188,replay,4000,0.0224,1.000,0.0393,0.72
9189,replay,4000,0.0216,1.000,0.0393,0.72
9190,replay,4000,0.0411,1.000,0.0393,0.72
9191,replay,4000,0.0499,1.000,0.0393,0.72
9192,replay,4000,0.0660,1.000,0.0393,0.72
9193,replay,4000,0.0528,1.000,0.0393,0.72
9194,replay,4000,0.0659,1.000,0.0393,0.72
9195,es_step,4000,0.0000,0.000,0.0393,1.90
9196,es_step,4000,0.0000,0.000,0.0393,1.91
9197,replay,4000,0.0657,1.000,0.0393,0.73
9198,replay,4000,0.0748,1.000,0.0393,0.74
9199,replay,4000,0.0621,1.000,0.0393,0.72
9200,es_step,4000,0.0000,0.000,0.0393,1.89
9201,replay,4000,0.0276,1.000,0.0392,0.73
9202,replay,4000,0.0298,1.000,0.0391,0.73
9203,replay,4000,0.0500,1.000,0.0391,0.73
9204,replay,4000,0.0543,1.000,0.0391,0.73
9205,replay,4000,0.0650,1.000,0.0392,0.73
9206,es_step,4000,0.0000,0.000,0.0392,1.99
9207,replay,4000,0.0530,1.000,0.0392,0.74
9208,es_step,4000,0.0000,0.000,0.0392,1.96
9209,replay,4000,0.0545,1.000,0.0391,0.73
9210,replay,4000,0.0987,1.000,0.0392,0.74
9211,replay,4000,0.0772,1.000,0.0393,0.74
9212,replay,4000,0.0703,1.000,0.0393,0.74
9213,es_step,4000,0.0000,0.000,0.0393,1.96
9214,replay,4000,0.0612,1.000,0.0392,0.73
9215,replay,4000,0.0508,1.000,0.0392,0.73
9216,replay,4000,0.0382,1.000,0.0391,0.73
9217,es_step,4000,0.0000,0.000,0.0391,1.95
9218,replay,4000,0.0358,1.000,0.0390,0.73
9219,es_step,4000,0.0000,0.000,0.0390,1.96
9220,replay,4000,0.0420,1.000,0.0389,0.74
9221,es_step,4000,0.0000,0.000,0.0389,1.94
9222,replay,4000,0.0437,1.000,0.0389,0.73
9223,replay,4000,0.0290,1.000,0.0388,0.73
9224,replay,4000,0.0383,1.000,0.0388,0.72
9225,replay,4000,0.0462,1.000,0.0388,0.72
9226,es_step,4000,0.0000,0.000,0.0388,1.88
9227,replay,4000,0.0717,1.000,0.0388,0.72
9228,es_step,4000,0.0000,0.000,0.0388,1.86
9229,es_step,4000,0.0000,0.000,0.0388,1.85
9230,replay,4000,0.0766,1.000,0.0388,0.73
9231,replay,4000,0.0635,1.000,0.0389,0.72
9232,replay,4000,0.0666,1.000,0.0388,0.72
9233,es_step,4000,0.0000,0.000,0.0388,1.86
9234,replay,4000,0.0440,1.000,0.0388,0.72
9235,replay,4000,0.0658,1.000,0.0388,0.72
9236,replay,4000,0.0604,1.000,0.0388,0.72
9237,replay,4000,0.0627,1.000,0.0388,0.72
9238,es_step,4000,0.0000,0.000,0.0388,1.91
9239,replay,4000,0.0675,1.000,0.0388,0.73
9240,replay,4000,0.0655,1.000,0.0388,0.72
9241,replay,4000,0.0495,1.000,0.0388,0.73
9242,replay,4000,0.0882,1.000,0.0388,0.73
9243,replay,4000,0.0743,1.000,0.0388,0.72
9244,replay,4000,0.0943,1.000,0.0389,0.72
9245,replay,4000,0.1102,1.000,0.0389,0.72
9246,es_step,4000,0.0000,0.000,0.0389,1.93
9247,replay,4000,0.1364,1.000,0.0390,0.73
9248,replay,4000,0.1199,1.000,0.0391,0.73
9249,replay,4000,0.1192,1.000,0.0392,0.73
9250,replay,4000,0.1247,1.000,0.0393,0.73
9251,replay,4000,0.1010,1.000,0.0395,0.73
9252,replay,4000,0.1256,1.000,0.0395,0.73
9253,replay,4000,0.1066,1.000,0.0396,0.73
9254,replay,4000,0.0830,1.000,0.0397,0.73
9255,es_step,4000,0.0000,0.000,0.0397,1.94
9256,replay,4000,0.0670,1.000,0.0396,0.73
9257,replay,4000,0.0756,1.000,0.0397,0.72
9258,es_step,4000,0.0000,0.000,0.0397,1.94
9259,es_step,4000,0.0000,0.000,0.0397,1.91
9260,replay,4000,0.0785,1.000,0.0396,0.72
9261,replay,4000,0.0649,1.000,0.0396,0.72
9262,replay,4000,0.0819,1.000,0.0397,0.72
9263,replay,4000,0.0802,1.000,0.0397,0.72
9264,replay,4000,0.0630,1.000,0.0397,0.72
9265,es_step,4000,0.0000,0.000,0.0397,1.90
9266,es_step,4000,0.0000,0.000,0.0397,1.92
9267,replay,4000,0.0574,1.000,0.0397,0.72
9268,replay,4000,0.0550,1.000,0.0399,0.73
9269,replay,4000,0.0525,1.000,0.0399,0.73
9270,replay,4000,0.0511,1.000,0.0398,0.73
9271,replay,4000,0.0719,1.000,0.0398,0.73
9272,es_step,4000,0.0000,0.000,0.0398,1.94
9273,replay,4000,0.0225,1.000,0.0398,0.73
9274,es_step,4000,0.0000,0.000,0.0398,1.92
9275,replay,4000,0.0671,1.000,0.0399,3.13
9276,replay,4000,0.1223,1.000,0.0400,0.72
9277,replay,4000,0.1315,1.000,0.0402,0.72
9278,es_step,4000,0.0000,0.000,0.0402,1.90
9279,replay,4000,0.1638,1.000,0.0403,0.72
9280,replay,4000,0.1483,1.000,0.0405,0.72
9281,replay,4000,0.0800,1.000,0.0406,0.72
9282,replay,4000,0.1145,1.000,0.0408,0.72
9283,replay,4000,0.1190,1.000,0.0409,0.72
9284,replay,4000,0.1422,1.000,0.0411,0.72
9285,replay,4000,0.1400,1.000,0.0412,0.73
9286,replay,4000,0.1146,1.000,0.0413,0.73
9287,replay,4000,0.0891,1.000,0.0413,0.73
9288,replay,4000,0.0521,1.000,0.0413,0.72
9289,replay,4000,0.0482,1.000,0.0413,0.73
9290,replay,4000,0.0554,1.000,0.0412,0.73
9291,replay,4000,0.0640,1.000,0.0413,0.73
9292,es_step,4000,0.0000,0.000,0.0413,1.95
9293,es_step,4000,0.0000,0.000,0.0413,1.92
9294,es_step,4000,0.0000,0.000,0.0413,1.90
9295,es_step,4000,0.0000,0.000,0.0413,1.88
9296,replay,4000,0.0618,1.000,0.0413,0.73
9297,replay,4000,0.0816,1.000,0.0413,0.73
9298,es_step,4000,0.0000,0.000,0.0413,1.95
9299,replay,4000,0.0604,1.000,0.0413,0.73
9300,replay,4000,0.0501,1.000,0.0412,0.73
9301,replay,4000,0.0387,1.000,0.0411,0.73
9302,es_step,4000,0.0000,0.000,0.0411,1.94
9303,replay,4000,0.0589,1.000,0.0412,0.73
9304,replay,4000,0.0726,1.000,0.0412,0.73
9305,replay,4000,0.0582,1.000,0.0412,0.72
9306,replay,4000,0.0598,1.000,0.0412,0.72
9307,replay,4000,0.0544,1.000,0.0412,0.72
9308,es_step,4000,0.0000,0.000,0.0412,1.93
9309,replay,4000,0.0429,1.000,0.0411,0.73
9310,es_step,4000,0.0000,0.000,0.0411,1.91
9311,es_step,4000,0.0000,0.000,0.0411,1.89
9312,replay,4000,0.0633,1.000,0.0411,0.72
9313,es_step,4000,0.0000,0.000,0.0411,1.87
9314,replay,4000,0.0364,1.000,0.0410,0.72
9315,replay,4000,0.0399,1.000,0.0410,0.73
9316,es_step,4000,0.0000,0.000,0.0410,1.89
9317,replay,4000,0.0501,1.000,0.0409,0.72
9318,replay,4000,0.0334,1.000,0.0409,0.74
9319,replay,4000,0.0533,1.000,0.0409,0.72
9320,replay,4000,0.0461,1.000,0.0409,0.72
9321,replay,4000,0.0703,1.000,0.0408,0.72
9322,replay,4000,0.0711,1.000,0.0408,0.72
9323,replay,4000,0.0417,1.000,0.0408,0.72
9324,replay,4000,0.0337,1.000,0.0407,0.72
9325,replay,4000,0.0447,1.000,0.0407,0.73
9326,replay,4000,0.0417,1.000,0.0407,0.72
9327,replay,4000,0.0388,1.000,0.0408,0.73
9328,replay,4000,0.0550,1.000,0.0408,0.73
9329,replay,4000,0.0701,1.000,0.0407,0.73
9330,replay,4000,0.0459,1.000,0.0407,0.73
9331,replay,4000,0.0794,1.000,0.0409,0.73
9332,replay,4000,0.0948,1.000,0.0410,0.73
9333,replay,4000,0.0994,1.000,0.0410,0.73
9334,replay,4000,0.0831,1.000,0.0411,0.73
9335,replay,4000,0.0227,1.000,0.0410,0.73
9336,replay,4000,0.0705,1.000,0.0410,0.73
9337,es_step,4000,0.0000,0.000,0.0410,1.94
9338,es_step,4000,0.0000,0.000,0.0410,1.94
9339,replay,4000,0.0536,1.000,0.0410,0.73
9340,replay,4000,0.0760,1.000,0.0411,0.73
9341,replay,4000,0.0770,1.000,0.0411,0.73
9342,replay,4000,0.1259,1.000,0.0411,0.73
9343,replay,4000,0.0898,1.000,0.0411,0.73
9344,es_step,4000,0.0000,0.000,0.0411,1.93
9345,replay,4000,0.0716,1.000,0.0412,0.73
9346,replay,4000,0.0536,1.000,0.0411,0.73
9347,replay,4000,0.0662,1.000,0.0411,0.72
9348,replay,4000,0.0603,1.000,0.0410,0.72
9349,replay,4000,0.0359,1.000,0.0409,0.72
9350,replay,4000,0.0361,1.000,0.0409,0.72
9351,es_step,4000,0.0000,0.000,0.0409,1.91
9352,replay,4000,0.0570,1.000,0.0410,0.72
9353,es_step,4000,0.0000,0.000,0.0410,1.92
9354,es_step,4000,0.0000,0.000,0.0410,1.89
9355,replay,4000,0.0470,1.000,0.0409,0.72
9356,replay,4000,0.0193,1.000,0.0408,0.72
9357,es_step,4000,0.0000,0.000,0.0408,1.87
9358,replay,4000,-0.1625,1.000,0.0406,0.72
9359,es_step,4000,0.0000,0.000,0.0406,1.86
9360,es_step,4000,0.0000,0.000,0.0406,1.85
9361,es_step,4000,0.0000,0.000,0.0406,1.84
9362,replay,4000,0.0659,1.000,0.0407,0.72
9363,replay,4000,0.1079,1.000,0.0407,0.72
9364,replay,4000,0.1207,1.000,0.0409,0.72
9365,es_step,4000,0.0000,0.000,0.0409,1.89
9366,replay,4000,0.1391,1.000,0.0409,0.72
9367,replay,4000,0.1189,1.000,0.0409,0.72
9368,es_step,4000,0.0000,0.000,0.0409,1.86
9369,replay,4000,0.0521,1.000,0.0408,0.72
9370,replay,4000,0.0700,1.000,0.0408,0.72
9371,replay,4000,0.0610,1.000,0.0408,0.72
9372,replay,4000,0.0737,1.000,0.0408,0.73
9373,replay,4000,0.0717,1.000,0.0408,0.73
9374,replay,4000,0.0562,1.000,0.0408,0.72
9375,replay,4000,0.0776,1.000,0.0408,0.72
9376,es_step,4000,0.0000,0.000,0.0408,1.91
9377,replay,4000,0.0599,1.000,0.0409,0.72
9378,replay,4000,0.0807,1.000,0.0410,0.72
9379,replay,4000,0.0565,1.000,0.0410,0.72
9380,replay,4000,0.0748,1.000,0.0410,0.72
9381,replay,4000,0.0705,1.000,0.0410,0.72
9382,replay,4000,0.0503,1.000,0.0410,0.72
9383,replay,4000,0.0553,1.000,0.0411,0.72
9384,replay,4000,0.0433,1.000,0.0410,0.72
9385,replay,4000,0.0628,1.000,0.0410,0.73
9386,replay,4000,0.0662,1.000,0.0411,0.72
9387,es_step,4000,0.0000,0.000,0.0411,1.95
9388,replay,4000,0.0911,1.000,0.0411,0.72
9389,replay,4000,0.0784,1.000,0.0412,0.73
9390,replay,4000,0.0590,1.000,0.0411,0.73
9391,replay,4000,0.0323,1.000,0.0410,0.72
9392,replay,4000,0.0337,1.000,0.0409,0.72
9393,replay,4000,0.0228,1.000,0.0408,0.73
9394,replay,4000,0.0581,1.000,0.0408,0.72
9395,replay,4000,0.0657,1.000,0.0408,0.73
9396,es_step,4000,0.0000,0.000,0.0408,1.96
9397,replay,4000,0.0824,1.000,0.0409,0.73
9398,replay,4000,0.0753,1.000,0.0409,0.73
9399,replay,4000,0.0884,1.000,0.0412,0.72
9400,es_step,4000,0.0000,0.000,0.0412,1.94
9401,replay,4000,0.0671,1.000,0.0412,0.72
9402,replay,4000,0.0902,1.000,0.0413,0.72
9403,replay,4000,0.0970,1.000,0.0414,0.73
9404,replay,4000,0.0885,1.000,0.0414,0.72
9405,replay,4000,0.1000,1.000,0.0414,0.78
9406,replay,4000,0.0886,1.000,0.0414,0.73
9407,replay,4000,0.0372,1.000,0.0414,0.73
9408,replay,4000,0.0700,1.000,0.0414,0.72
9409,es_step,4000,0.0000,0.000,0.0414,1.94
9410,replay,4000,0.0557,1.000,0.0413,0.72
9411,replay,4000,0.0475,1.000,0.0413,0.72
9412,replay,4000,0.0921,1.000,0.0413,0.72
9413,replay,4000,0.0753,1.000,0.0413,0.72
9414,replay,4000,0.0755,1.000,0.0413,0.73
9415,replay,4000,0.0824,1.000,0.0414,0.72
9416,replay,4000,0.0707,1.000,0.0414,0.73
9417,replay,4000,0.0835,1.000,0.0414,0.73
9418,replay,4000,0.0630,1.000,0.0414,0.72
9419,replay,4000,0.0586,1.000,0.0413,0.72
9420,es_step,4000,0.0000,0.000,0.0413,1.93
9421,replay,4000,0.0693,1.000,0.0413,0.72
9422,replay,4000,0.0471,1.000,0.0413,0.72
9423,es_step,4000,0.0000,0.000,0.0413,1.92
9424,replay,4000,0.0149,1.000,0.0413,0.72
9425,replay,4000,0.0464,1.000,0.0413,0.72
9426,replay,4000,0.0811,1.000,0.0414,0.72
9427,replay,4000,0.0984,1.000,0.0415,0.72
9428,replay,4000,0.0829,1.000,0.0416,0.72
9429,replay,4000,0.0811,1.000,0.0416,0.73
9430,replay,4000,0.0892,1.000,0.0416,0.73
9431,replay,4000,0.0660,1.000,0.0416,0.73
9432,es_step,4000,0.0000,0.000,0.0416,1.93
9433,replay,4000,0.0517,1.000,0.0414,0.72
9434,replay,4000,0.0468,1.000,0.0414,0.72
9435,replay,4000,0.0369,1.000,0.0413,0.72
9436,replay,4000,0.0456,1.000,0.0413,0.72
9437,es_step,4000,0.0000,0.000,0.0413,1.92
9438,replay,4000,0.0339,1.000,0.0412,0.72
9439,replay,4000,0.0787,1.000,0.0412,0.72
9440,replay,4000,0.0929,1.000,0.0412,0.71
9441,es_step,4000,0.0000,0.000,0.0412,1.90
9442,es_step,4000,0.0000,0.000,0.0412,1.89
9443,replay,4000,0.0901,1.000,0.0412,0.72
9444,replay,4000,0.0739,1.000,0.0411,0.72
9445,es_step,4000,0.0000,0.000,0.0411,1.90
9446,es_step,4000,0.0000,0.000,0.0411,1.88
9447,replay,4000,0.0796,1.000,0.0411,0.70
9448,replay,4000,0.0671,1.000,0.0411,0.70
9449,replay,4000,0.0631,1.000,0.0411,0.69
9450,replay,4000,0.0730,1.000,0.0410,0.71
9451,es_step,4000,0.0000,0.000,0.0410,1.88
9452,replay,4000,0.0744,1.000,0.0411,0.72
9453,replay,4000,0.0674,1.000,0.0411,0.72
9454,replay,4000,0.0760,1.000,0.0410,0.71
9455,replay,4000,0.0950,1.000,0.0412,0.71
9456,replay,4000,0.0885,1.000,0.0413,0.72
9457,replay,4000,0.0700,1.000,0.0413,0.72
9458,replay,4000,0.0727,1.000,0.0414,0.72
9459,replay,4000,0.0675,1.000,0.0413,0.72
9460,es_step,4000,0.0000,0.000,0.0413,1.98
9461,replay,4000,0.0570,1.000,0.0413,0.73
9462,replay,4000,0.0532,1.000,0.0413,0.72
9463,replay,4000,0.0496,1.000,0.0413,0.71
9464,replay,4000,0.0686,1.000,0.0413,0.71
9465,replay,4000,0.0247,1.000,0.0413,0.71
9466,replay,4000,0.0688,1.000,0.0413,0.72
9467,replay,4000,0.0772,1.000,0.0413,0.71
9468,es_step,4000,0.0000,0.000,0.0413,1.88
9469,replay,4000,0.0902,1.000,0.0413,0.72
9470,es_step,4000,0.0000,0.000,0.0413,1.90
9471,replay,4000,0.0983,1.000,0.0413,0.72
9472,es_step,4000,0.0000,0.000,0.0413,1.87
9473,es_step,4000,0.0000,0.000,0.0413,1.85
9474,es_step,4000,0.0000,0.000,0.0413,1.84
9475,replay,4000,0.0875,1.000,0.0413,0.72
9476,replay,4000,0.0742,1.000,0.0414,0.71
9477,es_step,4000,0.0000,0.000,0.0414,1.84
9478,replay,4000,0.0776,1.000,0.0414,0.71
9479,es_step,4000,0.0000,0.000,0.0414,1.84
9480,replay,4000,0.0791,1.000,0.0414,0.71
9481,replay,4000,0.0757,1.000,0.0414,0.72
9482,replay,4000,0.0706,1.000,0.0414,0.72
9483,replay,4000,0.0461,1.000,0.0412,0.71
9484,es_step,4000,0.0000,0.000,0.0412,1.88
9485,replay,4000,0.0786,1.000,0.0412,0.72
9486,replay,4000,0.0736,1.000,0.0413,0.72
9487,replay,4000,0.0982,1.000,0.0413,0.72
9488,replay,4000,0.0973,1.000,0.0413,0.72
9489,replay,4000,0.0866,1.000,0.0413,0.72
9490,replay,4000,0.0911,1.000,0.0414,0.72
9491,replay,4000,0.0939,1.000,0.0415,0.72
9492,replay,4000,0.0871,1.000,0.0415,0.72
9493,replay,4000,0.0890,1.000,0.0415,0.72
9494,replay,4000,0.0860,1.000,0.0415,0.72
9495,replay,4000,0.0941,1.000,0.0416,0.71
9496,es_step,4000,0.0000,0.000,0.0416,1.91
9497,es_step,4000,0.0000,0.000,0.0416,1.89
9498,replay,4000,0.1028,1.000,0.0417,0.72
9499,replay,4000,0.1162,1.000,0.0418,0.72
9500,replay,4000,0.1113,1.000,0.0418,0.72
9501,replay,4000,0.0959,1.000,0.0419,0.72
9502,replay,4000,0.0763,1.000,0.0419,0.72
9503,replay,4000,0.0818,1.000,0.0419,0.72
9504,replay,4000,0.0849,1.000,0.0420,0.72
9505,replay,4000,0.0739,1.000,0.0420,0.72
9506,replay,4000,0.0783,1.000,0.0420,0.72
9507,replay,4000,0.0874,1.000,0.0420,0.73
9508,es_step,4000,0.0000,0.000,0.0420,1.95
9509,replay,4000,0.0743,1.000,0.0420,0.72
9510,replay,4000,0.0717,1.000,0.0421,0.72
9511,es_step,4000,0.0000,0.000,0.0421,1.93
9512,replay,4000,0.0520,1.000,0.0421,0.72
9513,replay,4000,0.0462,1.000,0.0420,0.73
9514,replay,4000,0.0620,1.000,0.0420,0.73
9515,replay,4000,0.0421,1.000,0.0419,0.73
9516,replay,4000,0.0547,1.000,0.0419,0.72
9517,replay,4000,0.0639,1.000,0.0419,0.73
9518,replay,4000,0.0555,1.000,0.0419,0.73
9519,replay,4000,0.0604,1.000,0.0419,0.73
9520,replay,4000,0.0744,1.000,0.0419,0.72
9521,replay,4000,0.0838,1.000,0.0420,0.72
9522,replay,4000,0.1180,1.000,0.0420,0.73
9523,replay,4000,0.1467,1.000,0.0421,0.72
9524,replay,4000,0.1261,1.000,0.0422,0.72
9525,replay,4000,0.1610,1.000,0.0423,0.72
9526,replay,4000,0.1369,1.000,0.0425,0.72
9527,replay,4000,0.1397,1.000,0.0426,0.72
9528,replay,4000,0.1206,1.000,0.0426,0.72
9529,replay,4000,0.0868,1.000,0.0427,0.72
9530,replay,4000,0.0652,1.000,0.0426,0.72
9531,replay,4000,0.0542,1.000,0.0426,0.73
9532,es_step,4000,0.0000,0.000,0.0426,1.97
9533,replay,4000,0.0418,1.000,0.0425,0.73
9534,replay,4000,0.0471,1.000,0.0424,0.73
9535,replay,4000,0.0308,1.000,0.0423,0.72
9536,replay,4000,0.0251,1.000,0.0422,0.72
9537,replay,4000,0.0433,1.000,0.0422,0.72
9538,replay,4000,0.0405,1.000,0.0421,0.72
9539,replay,4000,0.0493,1.000,0.0421,0.72
9540,replay,4000,0.0582,1.000,0.0421,0.72
9541,replay,4000,0.0584,1.000,0.0421,0.72
9542,replay,4000,0.0931,1.000,0.0421,0.72
9543,es_step,4000,0.0000,0.000,0.0421,1.96
9544,replay,4000,0.0678,1.000,0.0420,0.72
9545,replay,4000,0.0654,1.000,0.0420,0.72
9546,replay,4000,0.0484,1.000,0.0420,0.72
9547,replay,4000,0.0811,1.000,0.0420,0.72
9548,es_step,4000,0.0000,0.000,0.0420,1.94
9549,replay,4000,0.0416,1.000,0.0418,0.73
9550,replay,4000,0.0145,1.000,0.0418,0.72
9551,es_step,4000,0.0000,0.000,0.0418,1.94
9552,replay,4000,0.0366,1.000,0.0417,0.72
9553,replay,4000,0.0646,1.000,0.0416,0.72
9554,es_step,4000,0.0000,0.000,0.0416,1.91
9555,replay,4000,0.0529,1.000,0.0416,0.72
9556,replay,4000,0.0456,1.000,0.0415,0.71
9557,replay,4000,0.0436,1.000,0.0415,0.72
9558,replay,4000,0.0624,1.000,0.0415,0.72
9559,replay,4000,0.0791,1.000,0.0415,0.72
9560,es_step,4000,0.0000,0.000,0.0415,1.91
9561,replay,4000,0.0737,1.000,0.0414,0.72
9562,replay,4000,0.0541,1.000,0.0414,0.72
9563,replay,4000,0.0227,1.000,0.0413,0.72
9564,es_step,4000,0.0000,0.000,0.0413,1.90
9565,replay,4000,0.0188,1.000,0.0413,0.72
9566,replay,4000,0.0592,1.000,0.0413,0.72
9567,es_step,4000,0.0000,0.000,0.0413,4.29
9568,replay,4000,0.0517,1.000,0.0412,0.72
9569,es_step,4000,0.0000,0.000,0.0412,1.88
9570,replay,4000,0.0804,1.000,0.0412,0.71
9571,es_step,4000,0.0000,0.000,0.0412,1.87
9572,replay,4000,0.0698,1.000,0.0412,0.71
9573,replay,4000,0.0495,1.000,0.0412,0.71
9574,replay,4000,0.0665,1.000,0.0412,0.72
9575,replay,4000,0.0933,1.000,0.0412,0.72
9576,replay,4000,0.1256,1.000,0.0413,0.72
9577,replay,4000,0.1308,1.000,0.0414,0.72
9578,replay,4000,0.1345,1.000,0.0415,0.72
9579,es_step,4000,0.0000,0.000,0.0415,1.90
9580,replay,4000,0.1311,1.000,0.0417,0.71
9581,replay,4000,0.1450,1.000,0.0418,0.71
9582,replay,4000,0.1405,1.000,0.0418,0.71
9583,es_step,4000,0.0000,0.000,0.0418,1.87
9584,replay,4000,0.1068,1.000,0.0419,0.71
9585,replay,4000,0.0680,1.000,0.0419,0.72
9586,replay,4000,0.0445,1.000,0.0418,0.71
9587,replay,4000,0.0426,1.000,0.0417,0.72
9588,replay,4000,0.0595,1.000,0.0416,0.71
9589,replay,4000,0.0383,1.000,0.0416,0.72
9590,replay,4000,0.0487,1.000,0.0415,0.72
9591,replay,4000,0.0515,1.000,0.0415,0.72
9592,replay,4000,0.0456,1.000,0.0415,0.72
9593,replay,4000,0.0459,1.000,0.0414,0.72
9594,es_step,4000,0.0000,0.000,0.0414,1.93
9595,replay,4000,0.0398,1.000,0.0413,0.74
9596,replay,4000,0.0466,1.000,0.0414,0.73
9597,replay,4000,0.0519,1.000,0.0414,0.73
9598,replay,4000,0.0553,1.000,0.0413,0.73
9599,es_step,4000,0.0000,0.000,0.0413,1.95
9600,replay,4000,0.0605,1.000,0.0413,0.73
9601,replay,4000,0.0570,1.000,0.0413,0.72
9602,replay,4000,0.0842,1.000,0.0413,0.72
9603,replay,4000,0.0329,1.000,0.0412,0.72
9604,replay,4000,0.0463,1.000,0.0412,0.72
9605,replay,4000,0.0690,1.000,0.0412,0.72
9606,replay,4000,0.0755,1.000,0.0412,0.72
9607,replay,4000,0.0750,1.000,0.0412,0.72
9608,replay,4000,0.0594,1.000,0.0412,0.72
9609,replay,4000,0.0560,1.000,0.0412,0.72
9610,replay,4000,0.0418,1.000,0.0411,0.72
9611,replay,4000,0.0150,1.000,0.0410,0.72
9612,es_step,4000,0.0000,0.000,0.0410,1.95
9613,replay,4000,0.0584,1.000,0.0409,0.72
9614,es_step,4000,0.0000,0.000,0.0409,1.93
9615,es_step,4000,0.0000,0.000,0.0409,1.91
9616,replay,4000,0.0702,1.000,0.0410,0.82
9617,replay,4000,0.0780,1.000,0.0411,0.71
9618,es_step,4000,0.0000,0.000,0.0411,1.89
9619,replay,4000,0.1111,1.000,0.0411,0.72
9620,replay,4000,0.0838,1.000,0.0411,0.72
9621,replay,4000,0.0772,1.000,0.0411,0.72
9622,es_step,4000,0.0000,0.000,0.0411,1.88
9623,replay,4000,0.0630,1.000,0.0411,0.72
9624,replay,4000,0.0805,1.000,0.0411,0.72
9625,replay,4000,0.0810,1.000,0.0410,0.72
9626,es_step,4000,0.0000,0.000,0.0410,1.87
9627,replay,4000,0.0800,1.000,0.0410,0.72
9628,replay,4000,0.0727,1.000,0.0410,0.72
9629,replay,4000,0.0689,1.000,0.0410,0.72
9630,es_step,4000,0.0000,0.000,0.0410,1.91
9631,replay,4000,0.0627,1.000,0.0410,0.72
9632,replay,4000,0.0554,1.000,0.0409,0.72
9633,es_step,4000,0.0000,0.000,0.0409,1.87
9634,replay,4000,0.0563,1.000,0.0410,0.73
9635,replay,4000,0.0646,1.000,0.0411,0.73
9636,es_step,4000,0.0000,0.000,0.0411,1.93
9637,replay,4000,0.0644,1.000,0.0410,0.73
9638,replay,4000,0.0763,1.000,0.0411,0.72
9639,replay,4000,0.0848,1.000,0.0411,0.72
9640,replay,4000,0.0921,1.000,0.0411,0.72
9641,replay,4000,0.0842,1.000,0.0411,0.72
9642,es_step,4000,0.0000,0.000,0.0411,1.94
9643,replay,4000,0.0414,1.000,0.0411,0.73
9644,replay,4000,0.0785,1.000,0.0411,0.73
9645,replay,4000,0.0706,1.000,0.0411,0.72
9646,replay,4000,0.0648,1.000,0.0411,0.72
9647,es_step,4000,0.0000,0.000,0.0411,1.94
9648,es_step,4000,0.0000,0.000,0.0411,1.92
9649,es_step,4000,0.0000,0.000,0.0411,1.90
9650,replay,4000,0.0743,1.000,0.0411,0.72
9651,replay,4000,0.0653,1.000,0.0411,0.72
9652,es_step,4000,0.0000,0.000,0.0411,1.89
9653,replay,4000,0.0660,1.000,0.0411,0.72
9654,replay,4000,0.0679,1.000,0.0411,0.73
9655,replay,4000,0.0517,1.000,0.0411,0.73
9656,replay,4000,0.0510,1.000,0.0411,0.73
9657,replay,4000,0.0324,1.000,0.0411,0.73
9658,replay,4000,0.0536,1.000,0.0412,0.73
9659,es_step,4000,0.0000,0.000,0.0412,1.96
9660,es_step,4000,0.0000,0.000,0.0412,1.94
9661,replay,4000,0.0841,1.000,0.0412,0.73
9662,replay,4000,0.0833,1.000,0.0413,0.73
9663,replay,4000,0.0800,1.000,0.0413,0.72
9664,replay,4000,0.0757,1.000,0.0413,0.72
9665,replay,4000,0.0708,1.000,0.0413,0.72
9666,replay,4000,0.0806,1.000,0.0415,0.72
9667,replay,4000,0.0708,1.000,0.0414,0.72
9668,replay,4000,0.0523,1.000,0.0413,0.72
9669,es_step,4000,0.0000,0.000,0.0413,1.92
9670,replay,4000,-0.0055,1.000,0.0411,0.72
9671,es_step,4000,0.0000,0.000,0.0411,1.90
9672,replay,4000,0.0243,1.000,0.0411,0.72
9673,replay,4000,0.0550,1.000,0.0410,0.72
9674,replay,4000,0.0657,1.000,0.0409,0.71
9675,replay,4000,0.0554,1.000,0.0408,0.71
9676,replay,4000,0.0609,1.000,0.0408,0.71
9677,replay,4000,0.0705,1.000,0.0408,0.72
9678,replay,4000,0.0881,1.000,0.0408,0.72
9679,replay,4000,0.0755,1.000,0.0409,0.72
9680,replay,4000,0.0682,1.000,0.0409,0.72
9681,replay,4000,0.0584,1.000,0.0409,0.72
9682,replay,4000,0.0645,1.000,0.0409,0.73
9683,replay,4000,0.0691,1.000,0.0409,0.72
9684,replay,4000,0.0713,1.000,0.0409,0.72
9685,replay,4000,0.0519,1.000,0.0408,0.73
9686,es_step,4000,0.0000,0.000,0.0408,1.97
9687,replay,4000,0.0252,1.000,0.0407,0.73
9688,replay,4000,0.0381,1.000,0.0406,0.73
9689,replay,4000,0.0634,1.000,0.0405,0.73
9690,replay,4000,0.0640,1.000,0.0406,0.73
9691,es_step,4000,0.0000,0.000,0.0406,1.96
9692,es_step,4000,0.0000,0.000,0.0406,1.94
9693,replay,4000,0.0731,1.000,0.0405,0.73
9694,replay,4000,0.0662,1.000,0.0406,0.73
9695,replay,4000,0.0767,1.000,0.0405,0.72
9696,es_step,4000,0.0000,0.000,0.0405,1.92
9697,es_step,4000,0.0000,0.000,0.0405,1.91
9698,replay,4000,0.0680,1.000,0.0406,0.73
9699,replay,4000,0.0828,1.000,0.0406,0.73
9700,replay,4000,0.0479,1.000,0.0406,0.73
9701,replay,4000,0.0887,1.000,0.0406,0.73
9702,replay,4000,0.0949,1.000,0.0407,0.73
9703,replay,4000,0.1010,1.000,0.0407,0.72
9704,replay,4000,0.0777,1.000,0.0407,0.73
9705,replay,4000,0.0741,1.000,0.0407,0.73
9706,replay,4000,0.0525,1.000,0.0407,0.73
9707,es_step,4000,0.0000,0.000,0.0407,1.95
9708,replay,4000,0.0615,1.000,0.0407,0.73
9709,replay,4000,0.0564,1.000,0.0406,0.73
9710,replay,4000,0.0351,1.000,0.0406,0.73
9711,es_step,4000,0.0000,0.000,0.0406,1.95
9712,replay,4000,0.0579,1.000,0.0406,0.73
9713,replay,4000,0.0651,1.000,0.0406,0.73
9714,replay,4000,0.0813,1.000,0.0407,0.73
9715,es_step,4000,0.0000,0.000,0.0407,1.94
9716,replay,4000,0.0694,1.000,0.0407,0.73
9717,es_step,4000,0.0000,0.000,0.0407,1.93
9718,es_step,4000,0.0000,0.000,0.0407,1.93
9719,replay,4000,0.0706,1.000,0.0406,0.73
9720,replay,4000,0.0763,1.000,0.0406,0.72
9721,replay,4000,0.0652,1.000,0.0406,0.72
9722,replay,4000,0.0629,1.000,0.0406,0.72
9723,replay,4000,0.0475,1.000,0.0405,0.73
9724,replay,4000,0.0361,1.000,0.0404,0.73
9725,replay,4000,0.0302,1.000,0.0403,0.73
9726,replay,4000,0.0213,1.000,0.0403,0.73
9727,replay,4000,0.0351,1.000,0.0402,0.73
9728,replay,4000,0.0607,1.000,0.0403,0.73
9729,es_step,4000,0.0000,0.000,0.0403,1.96
9730,replay,4000,0.0929,1.000,0.0403,0.73
9731,replay,4000,0.0932,1.000,0.0404,0.73
9732,replay,4000,0.0796,1.000,0.0404,0.73
9733,replay,4000,0.0672,1.000,0.0404,0.74
9734,replay,4000,0.0565,1.000,0.0404,0.73
9735,replay,4000,0.0552,1.000,0.0404,0.73
9736,replay,4000,0.0478,1.000,0.0403,0.74
9737,es_step,4000,0.0000,0.000,0.0403,1.96
9738,es_step,4000,0.0000,0.000,0.0403,1.95
9739,replay,4000,0.0434,1.000,0.0402,0.73
9740,es_step,4000,0.0000,0.000,0.0402,1.93
9741,replay,4000,0.0475,1.000,0.0402,0.73
9742,replay,4000,0.0554,1.000,0.0402,0.72
9743,replay,4000,0.0751,1.000,0.0402,0.72
9744,replay,4000,0.0830,1.000,0.0402,0.72
9745,replay,4000,0.0988,1.000,0.0403,0.72
9746,replay,4000,0.0899,1.000,0.0403,0.72
9747,es_step,4000,0.0000,0.000,0.0403,1.91
9748,replay,4000,0.0736,1.000,0.0403,0.73
9749,replay,4000,0.0556,1.000,0.0403,0.73
9750,replay,4000,0.0668,1.000,0.0403,0.72
9751,replay,4000,0.0475,1.000,0.0402,0.72
9752,replay,4000,0.0566,1.000,0.0402,0.72
9753,replay,4000,0.0693,1.000,0.0402,0.72
9754,replay,4000,0.0756,1.000,0.0402,0.73
9755,replay,4000,0.0523,1.000,0.0402,0.73
9756,replay,4000,0.0510,1.000,0.0402,0.73
9757,replay,4000,0.0461,1.000,0.0402,0.73
9758,es_step,4000,0.0000,0.000,0.0402,1.95
9759,replay,4000,0.0649,1.000,0.0402,0.73
9760,replay,4000,0.0664,1.000,0.0402,0.72
9761,replay,4000,0.0852,1.000,0.0403,0.72
9762,replay,4000,0.1224,1.000,0.0404,0.72
9763,replay,4000,0.1502,1.000,0.0405,0.73
9764,replay,4000,0.1041,1.000,0.0406,0.73
9765,replay,4000,0.1062,1.000,0.0406,0.73
9766,replay,4000,0.0807,1.000,0.0406,0.73
9767,replay,4000,0.0847,1.000,0.0407,0.72
9768,replay,4000,0.0804,1.000,0.0406,0.72
9769,replay,4000,0.0848,1.000,0.0406,0.72
9770,replay,4000,0.0492,1.000,0.0406,0.72
9771,replay,4000,0.0587,1.000,0.0406,0.72
9772,replay,4000,0.0453,1.000,0.0406,0.72
9773,replay,4000,0.0647,1.000,0.0406,0.73
9774,replay,4000,0.0228,1.000,0.0405,0.73
9775,replay,4000,0.0541,1.000,0.0404,0.72
9776,replay,4000,0.0571,1.000,0.0404,0.73
9777,replay,4000,0.0383,1.000,0.0403,0.73
9778,es_step,4000,0.0000,0.000,0.0403,1.96
9779,replay,4000,0.0429,1.000,0.0403,0.73
9780,replay,4000,0.0445,1.000,0.0403,0.72
9781,es_step,4000,0.0000,0.000,0.0403,1.94
9782,replay,4000,0.0813,1.000,0.0403,0.72
9783,replay,4000,0.0910,1.000,0.0403,0.73
9784,replay,4000,0.0972,1.000,0.0404,0.73
9785,es_step,4000,0.0000,0.000,0.0404,1.95
9786,replay,4000,0.0932,1.000,0.0404,0.73
9787,replay,4000,0.0733,1.000,0.0404,0.73
9788,es_step,4000,0.0000,0.000,0.0404,1.93
9789,es_step,4000,0.0000,0.000,0.0404,1.91
9790,replay,4000,0.0410,1.000,0.0404,0.73
9791,es_step,4000,0.0000,0.000,0.0404,1.94
9792,replay,4000,0.0410,1.000,0.0404,0.73
9793,replay,4000,0.0463,1.000,0.0404,0.73
9794,replay,4000,0.0290,1.000,0.0403,0.72
9795,replay,4000,0.0528,1.000,0.0403,0.73
9796,replay,4000,0.0688,1.000,0.0403,0.73
9797,replay,4000,0.0836,1.000,0.0403,0.73
9798,replay,4000,0.0555,1.000,0.0402,0.72
9799,replay,4000,0.0223,1.000,0.0402,0.73
9800,es_step,4000,0.0000,0.000,0.0402,1.94
9801,replay,4000,0.0104,1.000,0.0400,0.73
9802,replay,4000,0.0320,1.000,0.0399,0.73
9803,replay,4000,0.0459,1.000,0.0398,0.73
9804,replay,4000,0.0849,1.000,0.0399,0.73
9805,replay,4000,0.0729,1.000,0.0398,0.73
9806,replay,4000,0.0607,1.000,0.0399,0.73
9807,replay,4000,0.1025,1.000,0.0399,0.73
9808,replay,4000,0.0895,1.000,0.0400,0.73
9809,es_step,4000,0.0000,0.000,0.0400,1.96
9810,replay,4000,0.0703,1.000,0.0401,0.73
9811,replay,4000,0.0638,1.000,0.0400,0.73
9812,replay,4000,0.0559,1.000,0.0400,0.72
9813,replay,4000,0.0392,1.000,0.0399,0.72
9814,replay,4000,0.0308,1.000,0.0398,0.73
9815,replay,4000,0.0363,1.000,0.0397,0.73
9816,es_step,4000,0.0000,0.000,0.0397,1.95
9817,replay,4000,0.0384,1.000,0.0396,0.73
9818,es_step,4000,0.0000,0.000,0.0396,1.94
9819,replay,4000,0.0538,1.000,0.0396,0.73
9820,es_step,4000,0.0000,0.000,0.0396,1.91
9821,replay,4000,0.0466,1.000,0.0396,0.72
9822,replay,4000,0.0343,1.000,0.0395,0.73
9823,es_step,4000,0.0000,0.000,0.0395,1.92
9824,es_step,4000,0.0000,0.000,0.0395,1.91
9825,es_step,4000,0.0000,0.000,0.0395,1.91
9826,es_step,4000,0.0000,0.000,0.0395,1.90
9827,replay,4000,0.0309,1.000,0.0394,0.72
9828,replay,4000,0.0624,1.000,0.0394,0.72
9829,es_step,4000,0.0000,0.000,0.0394,1.88
9830,replay,4000,0.0340,1.000,0.0394,0.72
9831,replay,4000,0.0274,1.000,0.0393,0.73
9832,replay,4000,0.0836,1.000,0.0393,0.73
9833,replay,4000,0.0884,1.000,0.0393,0.72
9834,replay,4000,0.1158,1.000,0.0394,0.73
9835,replay,4000,0.1173,1.000,0.0394,0.73
9836,replay,4000,0.1042,1.000,0.0395,0.72
9837,replay,4000,0.0988,1.000,0.0396,0.72
9838,replay,4000,0.0988,1.000,0.0396,0.72
9839,replay,4000,0.0556,1.000,0.0397,0.73
9840,replay,4000,0.0744,1.000,0.0397,0.73
9841,replay,4000,0.0964,1.000,0.0397,0.73
9842,replay,4000,0.0652,1.000,0.0397,0.73
9843,replay,4000,0.0518,1.000,0.0396,0.73
9844,replay,4000,0.0479,1.000,0.0396,0.73
9845,replay,4000,0.0459,1.000,0.0396,0.73
9846,es_step,4000,0.0000,0.000,0.0396,1.97
9847,es_step,4000,0.0000,0.000,0.0396,1.93
9848,replay,4000,0.0482,1.000,0.0395,0.72
9849,replay,4000,0.0380,1.000,0.0395,0.73
9850,replay,4000,0.0507,1.000,0.0395,0.73
9851,replay,4000,0.0430,1.000,0.0395,0.73
9852,replay,4000,0.0491,1.000,0.0395,0.73
9853,replay,4000,0.0842,1.000,0.0395,0.73
9854,replay,4000,0.0718,1.000,0.0395,0.73
9855,es_step,4000,0.0000,0.000,0.0395,1.96
9856,replay,4000,0.0849,1.000,0.0395,0.73
9857,es_step,4000,0.0000,0.000,0.0395,1.97
9858,replay,4000,0.0752,1.000,0.0397,0.74
9859,replay,4000,0.0966,1.000,0.0397,0.73
9860,replay,4000,0.0785,1.000,0.0397,0.73
9861,replay,4000,0.0771,1.000,0.0397,0.73
9862,replay,4000,0.0445,1.000,0.0397,0.73
9863,replay,4000,0.0369,1.000,0.0396,3.14
9864,replay,4000,0.0546,1.000,0.0395,0.73
9865,replay,4000,0.0331,1.000,0.0396,0.73
9866,replay,4000,0.0389,1.000,0.0396,0.72
9867,replay,4000,0.0372,1.000,0.0395,0.72
9868,replay,4000,0.0677,1.000,0.0395,0.73
9869,replay,4000,0.0772,1.000,0.0395,0.72
9870,replay,4000,0.0778,1.000,0.0395,0.72
9871,es_step,4000,0.0000,0.000,0.0395,1.97
9872,es_step,4000,0.0000,0.000,0.0395,1.97
9873,replay,4000,0.0856,1.000,0.0395,0.73
9874,replay,4000,0.0827,1.000,0.0395,0.73
9875,es_step,4000,0.0000,0.000,0.0395,1.94
9876,es_step,4000,0.0000,0.000,0.0395,1.92
9877,replay,4000,0.0711,1.000,0.0395,0.72
9878,replay,4000,0.0606,1.000,0.0395,0.73
9879,replay,4000,0.0436,1.000,0.0395,0.73
9880,replay,4000,0.0673,1.000,0.0395,0.73
9881,es_step,4000,0.0000,0.000,0.0395,1.95
9882,replay,4000,0.0831,1.000,0.0395,0.73
9883,replay,4000,0.0711,1.000,0.0394,0.72
9884,replay,4000,0.0629,1.000,0.0394,0.72
9885,es_step,4000,0.0000,0.000,0.0394,1.91
9886,replay,4000,0.0755,1.000,0.0394,0.72
9887,replay,4000,0.0895,1.000,0.0395,0.72
9888,replay,4000,0.0918,1.000,0.0395,0.72
9889,es_step,4000,0.0000,0.000,0.0395,1.93
9890,replay,4000,0.0878,1.000,0.0396,0.73
9891,replay,4000,0.0825,1.000,0.0396,0.73
9892,replay,4000,0.0954,1.000,0.0397,0.73
9893,es_step,4000,0.0000,0.000,0.0397,1.92
9894,replay,4000,0.0767,1.000,0.0396,0.73
9895,replay,4000,0.0893,1.000,0.0397,0.73
9896,replay,4000,0.0921,1.000,0.0397,0.73
9897,replay,4000,0.1039,1.000,0.0397,0.73
9898,replay,4000,0.0728,1.000,0.0397,0.73
9899,es_step,4000,0.0000,0.000,0.0397,1.92
9900,replay,4000,0.0687,1.000,0.0397,0.72
9901,replay,4000,0.0695,1.000,0.0397,0.72
9902,replay,4000,0.0775,1.000,0.0398,0.72
9903,replay,4000,0.0703,1.000,0.0398,0.72
9904,replay,4000,0.0720,1.000,0.0398,0.73
9905,es_step,4000,0.0000,0.000,0.0398,1.94
9906,replay,4000,0.0633,1.000,0.0398,0.72
9907,replay,4000,0.0653,1.000,0.0398,0.72
9908,es_step,4000,0.0000,0.000,0.0398,1.92
9909,replay,4000,0.0791,1.000,0.0398,0.73
9910,replay,4000,0.0722,1.000,0.0398,0.73
9911,replay,4000,0.0745,1.000,0.0398,0.72
9912,replay,4000,0.0788,1.000,0.0399,0.73
9913,replay,4000,-0.1248,1.000,0.0398,0.73
9914,replay,4000,0.0955,1.000,0.0399,0.73
9915,replay,4000,0.1109,1.000,0.0400,0.73
9916,replay,4000,0.0911,1.000,0.0400,0.73
9917,replay,4000,0.1061,1.000,0.0400,0.73
9918,replay,4000,0.0857,1.000,0.0400,0.73
9919,es_step,4000,0.0000,0.000,0.0400,1.95
9920,replay,4000,0.0952,1.000,0.0400,0.73
9921,replay,4000,0.0935,1.000,0.0400,0.87
9922,replay,4000,0.1246,1.000,0.0401,0.72
9923,replay,4000,0.1147,1.000,0.0404,0.73
9924,replay,4000,0.1339,1.000,0.0405,0.73
9925,replay,4000,0.1278,1.000,0.0407,0.73
9926,replay,4000,0.1280,1.000,0.0408,0.73
9927,replay,4000,0.0927,1.000,0.0409,0.73
9928,es_step,4000,0.0000,0.000,0.0409,1.98
9929,es_step,4000,0.0000,0.000,0.0409,1.98
9930,es_step,4000,0.0000,0.000,0.0409,1.94
9931,replay,4000,0.1094,1.000,0.0411,0.73
9932,es_step,4000,0.0000,0.000,0.0411,1.92
9933,replay,4000,0.0839,1.000,0.0410,0.72
9934,replay,4000,0.0434,1.000,0.0410,0.73
9935,replay,4000,0.0377,1.000,0.0408,0.73
9936,replay,4000,0.0402,1.000,0.0407,0.72
9937,replay,4000,0.0452,1.000,0.0406,0.72
9938,replay,4000,0.0477,1.000,0.0406,0.73
9939,replay,4000,-0.1205,1.000,0.0404,0.73
9940,es_step,4000,0.0000,0.000,0.0404,1.94
9941,replay,4000,0.0713,1.000,0.0404,0.74
9942,replay,4000,0.0838,1.000,0.0406,0.73
9943,es_step,4000,0.0000,0.000,0.0406,1.94
9944,replay,4000,0.1110,1.000,0.0407,0.73
9945,replay,4000,0.1250,1.000,0.0407,0.73
9946,replay,4000,0.1279,1.000,0.0408,0.73
9947,es_step,4000,0.0000,0.000,0.0408,1.94
9948,replay,4000,0.1096,1.000,0.0408,0.73
9949,replay,4000,0.1113,1.000,0.0409,0.73
9950,es_step,4000,0.0000,0.000,0.0409,1.91
9951,replay,4000,0.1133,1.000,0.0409,0.72
9952,es_step,4000,0.0000,0.000,0.0409,1.91
9953,replay,4000,0.0931,1.000,0.0410,0.73
9954,replay,4000,0.1185,1.000,0.0411,0.73
9955,replay,4000,0.1244,1.000,0.0412,0.73
9956,replay,4000,0.1033,1.000,0.0412,0.73
9957,replay,4000,0.0743,1.000,0.0412,0.73
9958,es_step,4000,0.0000,0.000,0.0412,1.92
9959,replay,4000,0.0565,1.000,0.0412,0.73
9960,es_step,4000,0.0000,0.000,0.0412,1.92
9961,replay,4000,0.0579,1.000,0.0412,0.73
9962,replay,4000,0.0343,1.000,0.0410,0.73
9963,replay,4000,0.0605,1.000,0.0409,0.73
9964,replay,4000,0.0559,1.000,0.0409,0.73
9965,replay,4000,0.0675,1.000,0.0409,0.73
9966,replay,4000,0.0864,1.000,0.0409,0.73
9967,replay,4000,0.0500,1.000,0.0408,0.73
9968,replay,4000,0.0878,1.000,0.0409,0.73
9969,replay,4000,0.0768,1.000,0.0409,0.73
9970,replay,4000,0.0816,1.000,0.0409,0.73
9971,replay,4000,0.0660,1.000,0.0408,0.73
9972,es_step,4000,0.0000,0.000,0.0408,1.95
9973,replay,4000,0.0554,1.000,0.0407,0.73
9974,replay,4000,0.0596,1.000,0.0407,0.73
9975,replay,4000,0.0172,1.000,0.0406,0.73
9976,es_step,4000,0.0000,0.000,0.0406,1.96
9977,replay,4000,0.0210,1.000,0.0405,0.73
9978,replay,4000,0.0205,1.000,0.0404,0.74
9979,es_step,4000,0.0000,0.000,0.0404,1.93
9980,replay,4000,0.0681,1.000,0.0403,0.74
9981,es_step,4000,0.0000,0.000,0.0403,1.95
9982,replay,4000,0.0382,1.000,0.0403,0.73
9983,replay,4000,0.0933,1.000,0.0404,0.73
9984,replay,4000,0.0939,1.000,0.0404,0.73
9985,replay,4000,0.1049,1.000,0.0405,0.73
9986,es_step,4000,0.0000,0.000,0.0405,1.94
9987,replay,4000,0.1015,1.000,0.0405,0.73
9988,es_step,4000,0.0000,0.000,0.0405,1.94
9989,replay,4000,0.0926,1.000,0.0405,0.73
9990,replay,4000,0.0501,1.000,0.0405,0.73
9991,replay,4000,0.0268,1.000,0.0404,0.73
9992,replay,4000,0.0233,1.000,0.0403,0.73
9993,replay,4000,0.0411,1.000,0.0402,0.72
9994,replay,4000,0.0444,1.000,0.0401,0.72
9995,replay,4000,0.0430,1.000,0.0402,0.73
9996,replay,4000,0.0476,1.000,0.0401,0.73
9997,es_step,4000,0.0000,0.000,0.0401,1.93
9998,replay,4000,0.0527,1.000,0.0401,0.72
9999,replay,4000,0.0646,1.000,0.0401,0.72
10000,replay,4000,0.0657,1.000,0.0401,0.72
10001,replay,4000,0.0326,1.000,0.0401,0.72
10002,replay,4000,0.0420,1.000,0.0400,0.72
10003,es_step,4000,0.0000,0.000,0.0400,1.93
10004,replay,4000,0.0683,1.000,0.0400,0.73
10005,replay,4000,0.0664,1.000,0.0399,0.73
10006,replay,4000,0.0585,1.000,0.0398,0.73
10007,replay,4000,0.0235,1.000,0.0398,0.73
10008,es_step,4000,0.0000,0.000,0.0398,1.96
10009,replay,4000,0.0431,1.000,0.0398,0.73
10010,replay,4000,0.0750,1.000,0.0398,0.73
10011,replay,4000,0.1076,1.000,0.0399,0.73
10012,replay,4000,0.0945,1.000,0.0400,0.73
10013,es_step,4000,0.0000,0.000,0.0400,1.92
10014,es_step,4000,0.0000,0.000,0.0400,1.90
10015,replay,4000,0.0900,1.000,0.0400,0.72
10016,replay,4000,0.0613,1.000,0.0400,0.72
10017,es_step,4000,0.0000,0.000,0.0400,1.93
10018,replay,4000,0.0372,1.000,0.0399,0.72
10019,replay,4000,0.0113,1.000,0.0398,0.73
10020,replay,4000,0.0224,1.000,0.0397,0.73
10021,es_step,4000,0.0000,0.000,0.0397,1.90
10022,replay,4000,0.0325,1.000,0.0397,0.73
10023,replay,4000,0.0422,1.000,0.0396,0.73
10024,replay,4000,0.0613,1.000,0.0396,0.73
10025,replay,4000,0.0844,1.000,0.0397,0.73
10026,replay,4000,0.0794,1.000,0.0397,0.73
10027,replay,4000,0.0536,1.000,0.0396,0.73
10028,replay,4000,0.0675,1.000,0.0396,0.73
10029,replay,4000,0.0308,1.000,0.0396,0.73
10030,replay,4000,0.0769,1.000,0.0396,0.74
10031,replay,4000,0.0832,1.000,0.0396,0.73
10032,replay,4000,0.0737,1.000,0.0397,0.73
10033,replay,4000,0.0841,1.000,0.0397,0.73
10034,replay,4000,0.0773,1.000,0.0397,0.72
10035,replay,4000,0.0754,1.000,0.0397,0.72
10036,replay,4000,0.0635,1.000,0.0396,0.72
10037,replay,4000,0.0563,1.000,0.0396,0.72
10038,replay,4000,0.0679,1.000,0.0396,0.73
10039,replay,4000,0.0718,1.000,0.0396,0.73
10040,replay,4000,0.0506,1.000,0.0396,0.73
10041,replay,4000,0.0832,1.000,0.0397,0.73
10042,replay,4000,0.0672,1.000,0.0397,0.72
10043,es_step,4000,0.0000,0.000,0.0397,1.96
10044,replay,4000,0.0787,1.000,0.0397,0.73
10045,replay,4000,0.0767,1.000,0.0397,0.73
10046,replay,4000,0.0676,1.000,0.0397,0.72
10047,replay,4000,0.0519,1.000,0.0397,0.72
10048,replay,4000,0.0482,1.000,0.0396,0.72
10049,replay,4000,0.0297,1.000,0.0396,0.72
10050,replay,4000,0.0220,1.000,0.0394,0.72
10051,replay,4000,0.0591,1.000,0.0393,0.73
10052,replay,4000,0.0424,1.000,0.0393,0.73
10053,es_step,4000,0.0000,0.000,0.0393,1.95
10054,replay,4000,0.0536,1.000,0.0393,0.72
10055,replay,4000,0.0753,1.000,0.0393,0.73
10056,replay,4000,0.0753,1.000,0.0393,0.73
10057,replay,4000,0.0848,1.000,0.0394,0.73
10058,replay,4000,0.0765,1.000,0.0394,0.73
10059,es_step,4000,0.0000,0.000,0.0394,1.96
10060,replay,4000,0.0689,1.000,0.0395,0.73
10061,replay,4000,0.0562,1.000,0.0395,0.73
10062,replay,4000,0.0705,1.000,0.0395,0.73
10063,replay,4000,0.0606,1.000,0.0395,0.73
10064,replay,4000,0.0849,1.000,0.0395,0.73
10065,replay,4000,0.0852,1.000,0.0395,0.73
10066,replay,4000,0.1012,1.000,0.0395,0.73
10067,es_step,4000,0.0000,0.000,0.0395,1.93
10068,replay,4000,0.1073,1.000,0.0396,0.73
10069,replay,4000,0.1154,1.000,0.0396,0.73
10070,es_step,4000,0.0000,0.000,0.0396,1.92
10071,replay,4000,0.1056,1.000,0.0398,0.73
10072,replay,4000,0.1223,1.000,0.0398,0.73
10073,replay,4000,0.0770,1.000,0.0398,0.73
10074,es_step,4000,0.0000,0.000,0.0398,1.94
10075,replay,4000,0.0822,1.000,0.0398,0.73
10076,replay,4000,0.0759,1.000,0.0398,0.73
10077,replay,4000,0.0527,1.000,0.0398,0.79
10078,replay,4000,0.0650,1.000,0.0397,0.73
10079,replay,4000,0.0782,1.000,0.0397,0.73
10080,replay,4000,0.0820,1.000,0.0398,0.73
10081,replay,4000,0.0716,1.000,0.0398,0.73
10082,replay,4000,0.0337,1.000,0.0398,0.73
10083,replay,4000,0.0609,1.000,0.0398,0.73
10084,replay,4000,0.0689,1.000,0.0398,0.73
10085,replay,4000,0.0503,1.000,0.0398,0.73
10086,replay,4000,0.0772,1.000,0.0398,0.72
10087,replay,4000,0.0847,1.000,0.0399,0.72
10088,replay,4000,0.1102,1.000,0.0399,0.73
10089,replay,4000,0.0772,1.000,0.0399,0.73
10090,replay,4000,0.0856,1.000,0.0399,0.73
10091,replay,4000,0.0587,1.000,0.0398,0.73
10092,replay,4000,0.0466,1.000,0.0398,0.73
10093,es_step,4000,0.0000,0.000,0.0398,1.96
10094,replay,4000,0.0415,1.000,0.0397,0.73
10095,replay,4000,0.0261,1.000,0.0396,0.73
10096,replay,4000,0.0182,1.000,0.0395,0.74
10097,replay,4000,0.0381,1.000,0.0394,0.73
10098,replay,4000,0.0325,1.000,0.0394,0.73
10099,replay,4000,0.0763,1.000,0.0394,0.74
10100,replay,4000,0.0658,1.000,0.0394,0.73
10101,replay,4000,0.0603,1.000,0.0393,0.73
10102,es_step,4000,0.0000,0.000,0.0393,1.98
10103,replay,4000,0.0323,1.000,0.0393,0.74
10104,replay,4000,0.0247,1.000,0.0391,0.73
10105,replay,4000,0.0179,1.000,0.0390,0.73
10106,replay,4000,0.0216,1.000,0.0389,0.73
10107,replay,4000,0.0235,1.000,0.0389,0.73
10108,replay,4000,0.0446,1.000,0.0388,0.73
10109,es_step,4000,0.0000,0.000,0.0388,1.98
10110,es_step,4000,0.0000,0.000,0.0388,1.96
10111,es_step,4000,0.0000,0.000,0.0388,1.96
10112,replay,4000,0.0147,1.000,0.0388,0.73
10113,es_step,4000,0.0000,0.000,0.0388,1.93
10114,replay,4000,0.0544,1.000,0.0389,0.73
10115,replay,4000,0.0789,1.000,0.0389,0.73
10116,replay,4000,0.0844,1.000,0.0390,0.73
10117,replay,4000,0.0874,1.000,0.0390,0.73
10118,replay,4000,0.0784,1.000,0.0390,0.73
10119,replay,4000,0.0625,1.000,0.0390,0.73
10120,replay,4000,0.0524,1.000,0.0390,0.72
10121,es_step,4000,0.0000,0.000,0.0390,1.92
10122,replay,4000,0.0208,1.000,0.0388,0.73
10123,replay,4000,0.0523,1.000,0.0388,0.73
10124,replay,4000,0.0525,1.000,0.0388,0.73
10125,replay,4000,0.0662,1.000,0.0388,0.73
10126,replay,4000,0.0731,1.000,0.0388,0.73
10127,es_step,4000,0.0000,0.000,0.0388,1.97
10128,replay,4000,0.0475,1.000,0.0388,0.73
10129,replay,4000,0.0354,1.000,0.0386,0.73
10130,replay,4000,0.0418,1.000,0.0386,0.73
10131,es_step,4000,0.0000,0.000,0.0386,1.94
10132,replay,4000,0.0456,1.000,0.0385,0.73
10133,replay,4000,0.0613,1.000,0.0385,0.73
10134,replay,4000,0.0665,1.000,0.0385,0.73
10135,es_step,4000,0.0000,0.000,0.0385,1.95
10136,replay,4000,0.0710,1.000,0.0385,0.73
10137,replay,4000,0.0581,1.000,0.0385,0.73
10138,replay,4000,0.0802,1.000,0.0387,0.73
10139,replay,4000,0.0832,1.000,0.0387,0.73
10140,replay,4000,0.0745,1.000,0.0386,0.73
10141,es_step,4000,0.0000,0.000,0.0386,1.94
10142,replay,4000,0.0663,1.000,0.0386,0.73
10143,replay,4000,0.0365,1.000,0.0386,0.72
10144,replay,4000,0.0573,1.000,0.0386,0.73
10145,replay,4000,0.0639,1.000,0.0386,0.73
10146,replay,4000,0.0573,1.000,0.0386,0.73
10147,replay,4000,0.0464,1.000,0.0386,0.73
10148,replay,4000,0.0795,1.000,0.0386,0.74
10149,replay,4000,0.0731,1.000,0.0386,0.73
10150,replay,4000,0.0510,1.000,0.0386,0.73
10151,replay,4000,0.0753,1.000,0.0386,0.73
10152,replay,4000,0.0603,1.000,0.0386,0.73
10153,replay,4000,0.0588,1.000,0.0386,0.74
10154,replay,4000,0.0656,1.000,0.0386,0.73
10155,replay,4000,0.0507,1.000,0.0385,0.73
10156,replay,4000,0.0452,1.000,0.0384,0.73
10157,replay,4000,0.0505,1.000,0.0384,0.73
10158,replay,4000,0.0499,1.000,0.0384,0.73
10159,replay,4000,0.0551,1.000,0.0384,0.73
10160,replay,4000,0.0415,1.000,0.0384,0.73
10161,replay,4000,0.0664,1.000,0.0384,0.74
10162,replay,4000,0.0455,1.000,0.0383,0.74
10163,replay,4000,0.0639,1.000,0.0384,3.16
10164,replay,4000,0.0506,1.000,0.0383,0.73
10165,replay,4000,0.0661,1.000,0.0384,0.73
10166,replay,4000,0.0536,1.000,0.0382,0.73
10167,replay,4000,0.0685,1.000,0.0382,0.73
10168,replay,4000,0.0418,1.000,0.0382,0.73
10169,replay,4000,0.0608,1.000,0.0382,0.74
10170,replay,4000,0.0561,1.000,0.0382,0.73
10171,replay,4000,0.0294,1.000,0.0381,0.73
10172,replay,4000,0.0510,1.000,0.0381,0.73
10173,replay,4000,0.0721,1.000,0.0381,0.74
10174,replay,4000,0.0534,1.000,0.0381,0.73
10175,replay,4000,0.0441,1.000,0.0381,0.74
10176,replay,4000,0.0720,1.000,0.0381,0.73
10177,replay,4000,0.0646,1.000,0.0380,0.74
10178,es_step,4000,0.0000,0.000,0.0380,1.98
10179,es_step,4000,0.0000,0.000,0.0380,1.97
10180,replay,4000,0.0816,1.000,0.0380,0.73
10181,replay,4000,0.0948,1.000,0.0381,0.74
10182,replay,4000,0.0784,1.000,0.0380,0.73
10183,replay,4000,0.0830,1.000,0.0380,0.73
10184,replay,4000,0.0792,1.000,0.0382,0.73
10185,replay,4000,0.0167,1.000,0.0382,0.72
10186,es_step,4000,0.0000,0.000,0.0382,1.94
10187,replay,4000,0.1234,1.000,0.0384,0.73
10188,replay,4000,0.1424,1.000,0.0385,0.72
10189,es_step,4000,0.0000,0.000,0.0385,1.92
10190,replay,4000,0.1116,1.000,0.0386,0.73
10191,replay,4000,0.1080,1.000,0.0387,0.73
10192,replay,4000,0.1004,1.000,0.0388,0.72
10193,replay,4000,0.0965,1.000,0.0388,0.72
10194,replay,4000,0.0664,1.000,0.0388,0.73
10195,replay,4000,0.0343,1.000,0.0386,0.72
10196,replay,4000,0.0645,1.000,0.0386,0.73
10197,es_step,4000,0.0000,0.000,0.0386,1.96
10198,replay,4000,0.0459,1.000,0.0386,0.73
10199,replay,4000,0.0648,1.000,0.0386,0.73
10200,replay,4000,0.0594,1.000,0.0385,0.73
10201,replay,4000,0.0548,1.000,0.0385,0.73
10202,replay,4000,0.0539,1.000,0.0385,0.73
10203,replay,4000,0.0663,1.000,0.0386,0.73
10204,replay,4000,0.0468,1.000,0.0386,0.73
10205,replay,4000,0.0832,1.000,0.0386,0.73
10206,replay,4000,0.0463,1.000,0.0385,0.73
10207,es_step,4000,0.0000,0.000,0.0385,1.98
10208,replay,4000,0.0372,1.000,0.0386,0.74
10209,replay,4000,0.0440,1.000,0.0386,0.74
10210,replay,4000,0.0472,1.000,0.0385,0.74
10211,replay,4000,0.0307,1.000,0.0385,0.73
10212,replay,4000,0.0584,1.000,0.0385,0.73
10213,replay,4000,0.0616,1.000,0.0384,0.73
10214,es_step,4000,0.0000,0.000,0.0384,1.99
10215,replay,4000,0.0637,1.000,0.0384,0.74
10216,es_step,4000,0.0000,0.000,0.0384,1.97
10217,replay,4000,0.0453,1.000,0.0384,0.74
10218,es_step,4000,0.0000,0.000,0.0384,1.98
10219,replay,4000,0.0653,1.000,0.0384,0.74
10220,replay,4000,0.0571,1.000,0.0384,0.73
10221,replay,4000,0.0346,1.000,0.0383,0.73
10222,replay,4000,0.0327,1.000,0.0383,0.73
10223,replay,4000,0.0606,1.000,0.0383,0.74
10224,replay,4000,0.0617,1.000,0.0383,0.73
10225,replay,4000,0.0767,1.000,0.0383,0.73
10226,replay,4000,0.0630,1.000,0.0383,0.73
10227,replay,4000,0.0770,1.000,0.0383,0.73
10228,replay,4000,0.0800,1.000,0.0383,0.73
10229,replay,4000,0.0694,1.000,0.0383,0.73
10230,replay,4000,0.0599,1.000,0.0383,0.73
10231,replay,4000,0.0278,1.000,0.0382,0.73
10232,replay,4000,0.0358,1.000,0.0381,0.73
10233,replay,4000,0.0321,1.000,0.0381,0.73
10234,es_step,4000,0.0000,0.000,0.0381,1.96
10235,replay,4000,0.0763,1.000,0.0381,0.79
10236,replay,4000,0.0764,1.000,0.0382,0.74
10237,replay,4000,0.0735,1.000,0.0382,0.73
10238,replay,4000,0.0636,1.000,0.0382,0.73
10239,replay,4000,0.0385,1.000,0.0380,0.73
10240,replay,4000,0.0305,1.000,0.0380,0.73
10241,replay,4000,0.0409,1.000,0.0379,0.73
10242,replay,4000,0.0556,1.000,0.0378,0.73
10243,replay,4000,0.0455,1.000,0.0377,0.73
10244,replay,4000,0.0488,1.000,0.0377,0.73
10245,replay,4000,0.0426,1.000,0.0377,0.73
10246,replay,4000,0.0622,1.000,0.0376,0.73
10247,replay,4000,0.0774,1.000,0.0377,0.73
10248,replay,4000,0.0929,1.000,0.0377,0.74
10249,replay,4000,0.0848,1.000,0.0377,0.73
10250,replay,4000,0.0693,1.000,0.0376,0.73
10251,replay,4000,0.0683,1.000,0.0376,0.73
10252,replay,4000,0.0689,1.000,0.0376,0.74
10253,es_step,4000,0.0000,0.000,0.0376,2.00
10254,replay,4000,0.0614,1.000,0.0376,0.74
10255,replay,4000,0.0524,1.000,0.0376,0.73
10256,replay,4000,0.0512,1.000,0.0375,0.73
10257,es_step,4000,0.0000,0.000,0.0375,1.97
10258,replay,4000,0.0405,1.000,0.0375,0.73
10259,replay,4000,0.0494,1.000,0.0374,0.73
10260,replay,4000,0.0896,1.000,0.0374,0.73
10261,replay,4000,0.0915,1.000,0.0374,0.73
10262,es_step,4000,0.0000,0.000,0.0374,1.95
10263,replay,4000,0.0941,1.000,0.0375,0.74
10264,replay,4000,0.0866,1.000,0.0375,0.74
10265,replay,4000,0.0863,1.000,0.0375,0.73
10266,replay,4000,0.0900,1.000,0.0375,0.73
10267,replay,4000,0.0889,1.000,0.0375,0.76
10268,replay,4000,0.0796,1.000,0.0375,0.73
10269,es_step,4000,0.0000,0.000,0.0375,1.95
10270,replay,4000,0.0831,1.000,0.0375,0.74
10271,replay,4000,0.0617,1.000,0.0375,0.74
10272,es_step,4000,0.0000,0.000,0.0375,1.96
10273,es_step,4000,0.0000,0.000,0.0375,1.95
10274,replay,4000,0.0780,1.000,0.0375,0.73
10275,replay,4000,0.0814,1.000,0.0375,0.73
10276,replay,4000,0.0754,1.000,0.0375,0.73
10277,es_step,4000,0.0000,0.000,0.0375,1.94
10278,replay,4000,0.0342,1.000,0.0375,0.73
10279,es_step,4000,0.0000,0.000,0.0375,1.93
10280,replay,4000,0.0720,1.000,0.0375,0.73
10281,es_step,4000,0.0000,0.000,0.0375,1.93
10282,replay,4000,0.0782,1.000,0.0376,0.73
10283,es_step,4000,0.0000,0.000,0.0376,1.93
10284,replay,4000,0.0851,1.000,0.0376,0.73
10285,replay,4000,0.0721,1.000,0.0376,0.72
10286,replay,4000,0.0608,1.000,0.0376,0.73
10287,es_step,4000,0.0000,0.000,0.0376,1.90
10288,replay,4000,0.0428,1.000,0.0375,0.72
10289,replay,4000,0.0353,1.000,0.0374,0.72
10290,es_step,4000,0.0000,0.000,0.0374,1.91
10291,replay,4000,0.0211,1.000,0.0373,0.72
10292,es_step,4000,0.0000,0.000,0.0373,1.90
10293,replay,4000,0.0344,1.000,0.0373,0.73
10294,replay,4000,0.0531,1.000,0.0372,0.73
10295,es_step,4000,0.0000,0.000,0.0372,1.92
10296,replay,4000,0.1084,1.000,0.0373,0.73
10297,replay,4000,0.1176,1.000,0.0374,0.73
10298,replay,4000,0.1024,1.000,0.0375,0.73
10299,es_step,4000,0.0000,0.000,0.0375,1.92
10300,replay,4000,0.1014,1.000,0.0377,0.72
10301,es_step,4000,0.0000,0.000,0.0377,1.88
10302,replay,4000,0.0971,1.000,0.0377,0.73
10303,replay,4000,0.0847,1.000,0.0377,0.74
10304,es_step,4000,0.0000,0.000,0.0377,2.02
10305,replay,4000,0.0653,1.000,0.0377,0.73
10306,replay,4000,0.0337,1.000,0.0376,0.72
10307,replay,4000,0.0321,1.000,0.0376,0.73
10308,es_step,4000,0.0000,0.000,0.0376,1.92
10309,replay,4000,0.0275,1.000,0.0375,0.72
10310,replay,4000,0.0465,1.000,0.0374,0.73
10311,replay,4000,0.0352,1.000,0.0374,0.73
10312,replay,4000,0.0504,1.000,0.0374,0.73
10313,replay,4000,0.0745,1.000,0.0372,0.73
10314,replay,4000,0.0860,1.000,0.0373,0.73
10315,es_step,4000,0.0000,0.000,0.0373,1.95
10316,replay,4000,0.0813,1.000,0.0374,0.74
10317,replay,4000,0.0980,1.000,0.0374,0.73
10318,replay,4000,0.0955,1.000,0.0375,0.73
10319,replay,4000,0.0890,1.000,0.0376,0.73
10320,replay,4000,0.0916,1.000,0.0376,0.73
10321,replay,4000,0.0979,1.000,0.0377,0.74
10322,replay,4000,0.1073,1.000,0.0377,0.73
10323,replay,4000,0.0902,1.000,0.0377,0.73
10324,replay,4000,0.0668,1.000,0.0377,0.73
10325,replay,4000,0.0332,1.000,0.0376,0.73
10326,replay,4000,0.0486,1.000,0.0375,0.73
10327,replay,4000,0.0345,1.000,0.0375,0.73
10328,replay,4000,0.0474,1.000,0.0374,0.73
10329,replay,4000,0.0511,1.000,0.0374,0.73
10330,replay,4000,0.0289,1.000,0.0373,0.73
10331,replay,4000,0.0662,1.000,0.0373,0.73
10332,replay,4000,0.0695,1.000,0.0373,0.73
10333,replay,4000,0.0693,1.000,0.0373,0.73
10334,es_step,4000,0.0000,0.000,0.0373,2.00
10335,replay,4000,0.0557,1.000,0.0373,0.74
10336,replay,4000,0.0552,1.000,0.0373,0.74
10337,replay,4000,0.0364,1.000,0.0372,0.74
10338,replay,4000,0.0657,1.000,0.0372,0.74
10339,replay,4000,0.0665,1.000,0.0372,0.74
10340,replay,4000,0.0679,1.000,0.0372,0.73
10341,replay,4000,0.0478,1.000,0.0372,0.74
10342,es_step,4000,0.0000,0.000,0.0372,1.98
10343,replay,4000,0.0453,1.000,0.0372,0.74
10344,es_step,4000,0.0000,0.000,0.0372,1.97
10345,replay,4000,0.0482,1.000,0.0372,0.73
10346,replay,4000,0.0639,1.000,0.0372,0.73
10347,replay,4000,0.0576,1.000,0.0372,0.73
10348,replay,4000,0.0545,1.000,0.0372,0.73
10349,replay,4000,0.0374,1.000,0.0371,0.73
10350,replay,4000,0.0496,1.000,0.0371,0.74
10351,es_step,4000,0.0000,0.000,0.0371,1.96
10352,replay,4000,0.0376,1.000,0.0370,0.73
10353,replay,4000,0.0737,1.000,0.0370,0.73
10354,replay,4000,0.0755,1.000,0.0371,0.73
10355,replay,4000,0.0559,1.000,0.0370,0.73
10356,replay,4000,0.0471,1.000,0.0370,0.73
10357,replay,4000,0.0794,1.000,0.0370,0.74
10358,es_step,4000,0.0000,0.000,0.0370,1.95
10359,replay,4000,0.0886,1.000,0.0370,0.73
10360,replay,4000,0.0905,1.000,0.0370,0.73
10361,replay,4000,0.0673,1.000,0.0370,0.73
10362,replay,4000,0.0532,1.000,0.0369,0.73
10363,es_step,4000,0.0000,0.000,0.0369,1.94
10364,replay,4000,0.0382,1.000,0.0368,0.73
10365,es_step,4000,0.0000,0.000,0.0368,1.92
10366,es_step,4000,0.0000,0.000,0.0368,1.90
10367,es_step,4000,0.0000,0.000,0.0368,1.89
10368,replay,4000,0.0384,1.000,0.0368,0.74
10369,replay,4000,-0.0202,1.000,0.0366,0.73
10370,es_step,4000,0.0000,0.000,0.0366,1.89
10371,replay,4000,0.0303,1.000,0.0366,0.72
10372,es_step,4000,0.0000,0.000,0.0366,1.88
10373,replay,4000,0.0513,1.000,0.0365,0.72
10374,replay,4000,0.0693,1.000,0.0366,0.72
10375,replay,4000,0.0823,1.000,0.0366,0.72
10376,replay,4000,0.0662,1.000,0.0366,0.72
10377,replay,4000,0.0600,1.000,0.0366,0.73
10378,es_step,4000,0.0000,0.000,0.0366,1.90
10379,replay,4000,0.0420,1.000,0.0365,0.72
10380,replay,4000,0.0430,1.000,0.0365,0.72
10381,replay,4000,0.0456,1.000,0.0365,0.73
10382,replay,4000,0.0621,1.000,0.0364,0.73
10383,es_step,4000,0.0000,0.000,0.0364,1.94
10384,replay,4000,0.0364,1.000,0.0364,0.73
10385,es_step,4000,0.0000,0.000,0.0364,1.96
10386,es_step,4000,0.0000,0.000,0.0364,1.94
10387,replay,4000,0.0371,1.000,0.0364,0.73
10388,replay,4000,0.0569,1.000,0.0364,0.73
10389,es_step,4000,0.0000,0.000,0.0364,1.95
10390,replay,4000,0.0633,1.000,0.0365,0.73
10391,replay,4000,0.0601,1.000,0.0365,0.73
10392,replay,4000,0.0700,1.000,0.0366,0.74
10393,replay,4000,0.0769,1.000,0.0366,0.73
10394,replay,4000,0.0657,1.000,0.0366,0.73
10395,replay,4000,0.0669,1.000,0.0366,0.72
10396,replay,4000,0.0272,1.000,0.0365,0.72
10397,replay,4000,0.0386,1.000,0.0365,0.72
10398,replay,4000,0.0297,1.000,0.0364,0.72
10399,es_step,4000,0.0000,0.000,0.0364,1.92
10400,replay,4000,0.0371,1.000,0.0363,0.73
10401,replay,4000,0.0363,1.000,0.0362,0.73
10402,replay,4000,0.0607,1.000,0.0362,0.73
10403,replay,4000,0.0685,1.000,0.0362,0.73
10404,replay,4000,0.0548,1.000,0.0362,0.73
10405,replay,4000,0.0656,1.000,0.0363,0.72
10406,replay,4000,0.0602,1.000,0.0362,0.72
10407,replay,4000,0.0670,1.000,0.0363,0.72
10408,replay,4000,0.0676,1.000,0.0363,0.72
10409,replay,4000,0.0608,1.000,0.0363,0.72
10410,es_step,4000,0.0000,0.000,0.0363,1.92
10411,es_step,4000,0.0000,0.000,0.0363,1.91
10412,replay,4000,0.0535,1.000,0.0362,0.73
10413,replay,4000,0.0652,1.000,0.0362,0.72
10414,replay,4000,0.0718,1.000,0.0362,0.72
10415,replay,4000,0.0643,1.000,0.0362,0.72
10416,replay,4000,0.0701,1.000,0.0362,0.72
10417,replay,4000,0.0646,1.000,0.0362,0.72
10418,replay,4000,0.0652,1.000,0.0363,0.72
10419,es_step,4000,0.0000,0.000,0.0363,1.92
10420,es_step,4000,0.0000,0.000,0.0363,1.92
10421,replay,4000,0.0981,1.000,0.0363,0.73
10422,replay,4000,0.0673,1.000,0.0363,0.72
10423,replay,4000,0.0969,1.000,0.0365,0.72
10424,replay,4000,0.1044,1.000,0.0366,0.72
10425,replay,4000,0.1011,1.000,0.0367,0.72
10426,replay,4000,0.0981,1.000,0.0368,0.72
10427,replay,4000,0.1014,1.000,0.0368,0.72
10428,replay,4000,0.0869,1.000,0.0368,0.72
10429,replay,4000,0.0616,1.000,0.0368,0.72
10430,replay,4000,0.0750,1.000,0.0368,0.72
10431,replay,4000,0.0613,1.000,0.0368,0.72
10432,replay,4000,0.0549,1.000,0.0367,0.72
10433,replay,4000,0.0473,1.000,0.0367,0.72
10434,replay,4000,0.0335,1.000,0.0366,0.72
10435,replay,4000,0.0124,1.000,0.0366,0.73
10436,replay,4000,0.0424,1.000,0.0365,0.72
10437,replay,4000,0.0438,1.000,0.0365,0.73
10438,replay,4000,0.0352,1.000,0.0365,0.72
10439,replay,4000,0.0507,1.000,0.0364,0.72
10440,replay,4000,0.0590,1.000,0.0363,0.73
10441,replay,4000,0.0496,1.000,0.0363,0.72
10442,replay,4000,0.0297,1.000,0.0362,0.72
10443,replay,4000,0.0599,1.000,0.0362,0.72
10444,replay,4000,0.0735,1.000,0.0362,0.72
10445,es_step,4000,0.0000,0.000,0.0362,1.94
10446,es_step,4000,0.0000,0.000,0.0362,1.93
10447,replay,4000,0.0717,1.000,0.0363,0.73
10448,replay,4000,0.0691,1.000,0.0363,0.72
10449,es_step,4000,0.0000,0.000,0.0363,1.91
10450,es_step,4000,0.0000,0.000,0.0363,1.89
10451,replay,4000,0.0990,1.000,0.0363,0.73
10452,es_step,4000,0.0000,0.000,0.0363,1.91
10453,replay,4000,0.0839,1.000,0.0363,0.72
10454,replay,4000,0.0783,1.000,0.0364,0.73
10455,es_step,4000,0.0000,0.000,0.0364,1.88
10456,replay,4000,0.0980,1.000,0.0365,0.72
10457,replay,4000,0.1018,1.000,0.0365,0.73
10458,es_step,4000,0.0000,0.000,0.0365,1.91
10459,replay,4000,0.0951,1.000,0.0366,3.13
10460,replay,4000,0.0790,1.000,0.0366,0.73
10461,replay,4000,0.0569,1.000,0.0366,0.73
10462,replay,4000,0.0384,1.000,0.0365,0.73
10463,replay,4000,0.0497,1.000,0.0365,0.73
10464,replay,4000,0.0581,1.000,0.0365,0.73
10465,replay,4000,0.0515,1.000,0.0364,0.73
10466,replay,4000,0.0524,1.000,0.0364,0.73
10467,replay,4000,0.0345,1.000,0.0363,0.73
10468,replay,4000,0.0460,1.000,0.0363,0.73
10469,replay,4000,0.0421,1.000,0.0363,0.73
10470,replay,4000,0.0712,1.000,0.0363,0.73
10471,es_step,4000,0.0000,0.000,0.0363,1.96
10472,replay,4000,0.0594,1.000,0.0363,0.73
10473,replay,4000,0.0796,1.000,0.0364,0.73
10474,replay,4000,0.1014,1.000,0.0365,0.73
10475,replay,4000,0.1059,1.000,0.0366,0.72
10476,replay,4000,0.1030,1.000,0.0367,0.73
10477,replay,4000,0.0889,1.000,0.0368,0.73
10478,replay,4000,0.0719,1.000,0.0369,0.72
10479,replay,4000,0.0441,1.000,0.0368,0.72
10480,replay,4000,0.0330,1.000,0.0367,0.73
10481,replay,4000,0.0335,1.000,0.0367,0.72
10482,replay,4000,0.0562,1.000,0.0367,0.73
10483,es_step,4000,0.0000,0.000,0.0367,1.95
10484,replay,4000,0.0522,1.000,0.0367,0.73
10485,replay,4000,0.0707,1.000,0.0367,0.73
10486,es_step,4000,0.0000,0.000,0.0367,1.95
10487,replay,4000,0.0399,1.000,0.0365,0.73
10488,replay,4000,0.0497,1.000,0.0365,0.72
10489,replay,4000,0.0511,1.000,0.0365,0.73
10490,replay,4000,0.0784,1.000,0.0365,0.72
10491,replay,4000,0.0653,1.000,0.0366,0.72
10492,replay,4000,0.0820,1.000,0.0366,0.72
10493,replay,4000,0.0804,1.000,0.0367,0.72
10494,replay,4000,0.0519,1.000,0.0366,0.72
10495,replay,4000,0.0566,1.000,0.0366,0.72
10496,es_step,4000,0.0000,0.000,0.0366,1.96
10497,replay,4000,0.0459,1.000,0.0366,0.73
10498,es_step,4000,0.0000,0.000,0.0366,1.96
10499,replay,4000,0.0167,1.000,0.0365,0.73
10500,replay,4000,0.0530,1.000,0.0365,0.73
10501,replay,4000,0.0635,1.000,0.0365,0.73
10502,replay,4000,0.0739,1.000,0.0365,0.72
10503,es_step,4000,0.0000,0.000,0.0365,1.96
10504,es_step,4000,0.0000,0.000,0.0365,1.92
10505,replay,4000,0.0755,1.000,0.0365,0.73
10506,es_step,4000,0.0000,0.000,0.0365,1.90
10507,replay,4000,0.0717,1.000,0.0365,0.72
10508,replay,4000,0.0730,1.000,0.0365,0.72
10509,es_step,4000,0.0000,0.000,0.0365,1.92
10510,replay,4000,0.0744,1.000,0.0365,0.72
10511,replay,4000,0.0600,1.000,0.0365,0.72
10512,replay,4000,0.0655,1.000,0.0365,0.72
10513,es_step,4000,0.0000,0.000,0.0365,1.92
10514,replay,4000,0.0390,1.000,0.0365,0.72
10515,replay,4000,0.0385,1.000,0.0364,0.72
10516,replay,4000,0.0371,1.000,0.0364,0.72
10517,es_step,4000,0.0000,0.000,0.0364,1.90
10518,replay,4000,0.0444,1.000,0.0364,0.72
10519,replay,4000,0.0435,1.000,0.0364,0.72
10520,replay,4000,0.0749,1.000,0.0364,0.72
10521,replay,4000,0.0739,1.000,0.0365,0.73
10522,replay,4000,0.0608,1.000,0.0365,0.73
10523,replay,4000,0.0560,1.000,0.0365,0.72
10524,replay,4000,0.0917,1.000,0.0366,0.72
10525,replay,4000,0.0866,1.000,0.0367,0.72
10526,replay,4000,0.0949,1.000,0.0367,0.72
10527,replay,4000,0.0884,1.000,0.0368,0.72
10528,replay,4000,0.0620,1.000,0.0368,0.73
10529,replay,4000,0.0525,1.000,0.0368,0.72
10530,replay,4000,0.0596,1.000,0.0368,0.72
10531,replay,4000,0.0626,1.000,0.0369,0.72
10532,es_step,4000,0.0000,0.000,0.0369,1.93
10533,replay,4000,0.0661,1.000,0.0369,0.72
10534,replay,4000,0.0587,1.000,0.0369,0.72
10535,replay,4000,0.0569,1.000,0.0369,0.72
10536,replay,4000,0.0444,1.000,0.0369,0.72
10537,replay,4000,0.0680,1.000,0.0369,0.73
10538,replay,4000,0.0322,1.000,0.0368,0.72
10539,replay,4000,0.0850,1.000,0.0368,0.72
10540,replay,4000,0.1037,1.000,0.0369,0.72
10541,replay,4000,0.1005,1.000,0.0368,0.72
10542,replay,4000,0.1027,1.000,0.0369,0.72
10543,replay,4000,0.0584,1.000,0.0368,0.71
10544,es_step,4000,0.0000,0.000,0.0368,1.93
10545,replay,4000,0.0874,1.000,0.0368,0.72
10546,replay,4000,0.0728,1.000,0.0368,0.72
10547,es_step,4000,0.0000,0.000,0.0368,1.93
10548,replay,4000,0.0836,1.000,0.0368,0.73
10549,replay,4000,0.1053,1.000,0.0368,0.72
10550,es_step,4000,0.0000,0.000,0.0368,1.90
10551,es_step,4000,0.0000,0.000,0.0368,1.89
10552,replay,4000,0.1025,1.000,0.0368,0.72
10553,replay,4000,0.1166,1.000,0.0369,0.73
10554,replay,4000,0.1198,1.000,0.0370,0.72
10555,replay,4000,0.0998,1.000,0.0371,0.73
10556,replay,4000,0.0894,1.000,0.0371,0.73
10557,replay,4000,0.0726,1.000,0.0371,0.73
10558,es_step,4000,0.0000,0.000,0.0371,1.96
10559,replay,4000,0.0622,1.000,0.0371,0.72
10560,replay,4000,0.0528,1.000,0.0371,0.72
10561,replay,4000,0.0535,1.000,0.0370,0.72
10562,replay,4000,0.0442,1.000,0.0370,0.72
10563,replay,4000,0.0317,1.000,0.0369,0.72
10564,replay,4000,0.0486,1.000,0.0369,0.72
10565,replay,4000,0.0476,1.000,0.0369,0.72
10566,es_step,4000,0.0000,0.000,0.0369,1.89
10567,replay,4000,0.0465,1.000,0.0369,0.73
10568,replay,4000,0.0581,1.000,0.0369,0.72
10569,replay,4000,0.0601,1.000,0.0369,0.72
10570,replay,4000,0.0642,1.000,0.0369,0.72
10571,es_step,4000,0.0000,0.000,0.0369,1.90
10572,replay,4000,0.0798,1.000,0.0369,0.72
10573,replay,4000,0.0804,1.000,0.0370,0.72
10574,replay,4000,0.0753,1.000,0.0370,0.72
10575,replay,4000,0.0638,1.000,0.0370,0.73
10576,replay,4000,0.0533,1.000,0.0370,0.72
10577,replay,4000,0.0442,1.000,0.0370,0.73
10578,replay,4000,0.0703,1.000,0.0369,0.73
10579,replay,4000,0.0450,1.000,0.0369,0.72
10580,replay,4000,0.0687,1.000,0.0368,0.72
10581,replay,4000,0.0530,1.000,0.0368,0.72
10582,es_step,4000,0.0000,0.000,0.0368,1.92
10583,replay,4000,0.0203,1.000,0.0367,0.72
10584,replay,4000,0.0294,1.000,0.0366,0.72
10585,replay,4000,0.0407,1.000,0.0366,0.72
10586,replay,4000,0.0383,1.000,0.0365,0.73
10587,replay,4000,0.0622,1.000,0.0365,0.72
10588,replay,4000,0.0716,1.000,0.0366,0.72
10589,es_step,4000,0.0000,0.000,0.0366,1.91
10590,replay,4000,0.0780,1.000,0.0366,0.72
10591,replay,4000,0.0700,1.000,0.0366,0.72
10592,replay,4000,0.0541,1.000,0.0365,0.72
10593,replay,4000,0.0446,1.000,0.0365,0.72
10594,replay,4000,0.0446,1.000,0.0366,0.72
10595,replay,4000,0.0329,1.000,0.0365,0.72
10596,replay,4000,0.0375,1.000,0.0365,0.72
10597,replay,4000,0.0553,1.000,0.0365,0.72
10598,es_step,4000,0.0000,0.000,0.0365,1.92
10599,replay,4000,0.0705,1.000,0.0365,0.73
10600,replay,4000,0.0919,1.000,0.0367,0.72
10601,replay,4000,0.1168,1.000,0.0368,0.72
10602,replay,4000,0.1280,1.000,0.0369,0.73
10603,replay,4000,0.1108,1.000,0.0370,0.73
10604,replay,4000,0.1205,1.000,0.0372,0.73
10605,es_step,4000,0.0000,0.000,0.0372,1.94
10606,replay,4000,0.1002,1.000,0.0373,0.73
10607,replay,4000,0.0941,1.000,0.0374,0.74
10608,replay,4000,0.0944,1.000,0.0374,0.73
10609,es_step,4000,0.0000,0.000,0.0374,1.93
10610,replay,4000,0.0629,1.000,0.0375,0.73
10611,replay,4000,0.0494,1.000,0.0375,0.73
10612,replay,4000,0.0631,1.000,0.0375,0.73
10613,replay,4000,0.0657,1.000,0.0375,0.73
10614,replay,4000,0.0445,1.000,0.0375,0.73
10615,replay,4000,0.0491,1.000,0.0374,0.72
10616,replay,4000,0.0445,1.000,0.0374,0.73
10617,replay,4000,0.0565,1.000,0.0374,0.72
10618,replay,4000,0.0681,1.000,0.0374,0.73
10619,replay,4000,0.0432,1.000,0.0374,0.73
10620,es_step,4000,0.0000,0.000,0.0374,1.93
10621,replay,4000,0.0434,1.000,0.0374,0.73
10622,replay,4000,0.0425,1.000,0.0374,0.72
10623,es_step,4000,0.0000,0.000,0.0374,1.93
10624,es_step,4000,0.0000,0.000,0.0374,1.93
10625,replay,4000,0.0571,1.000,0.0374,0.73
10626,es_step,4000,0.0000,0.000,0.0374,1.91
10627,replay,4000,0.0301,1.000,0.0373,0.73
10628,replay,4000,0.0349,1.000,0.0372,0.72
10629,es_step,4000,0.0000,0.000,0.0372,1.88
10630,replay,4000,0.0436,1.000,0.0372,0.72
10631,replay,4000,0.0216,1.000,0.0371,0.72
10632,es_step,4000,0.0000,0.000,0.0371,1.89
10633,replay,4000,0.0541,1.000,0.0371,0.72
10634,replay,4000,0.0864,1.000,0.0372,0.72
10635,es_step,4000,0.0000,0.000,0.0372,1.89
10636,replay,4000,0.1032,1.000,0.0372,0.73
10637,es_step,4000,0.0000,0.000,0.0372,1.90
10638,replay,4000,0.0929,1.000,0.0373,0.73
10639,es_step,4000,0.0000,0.000,0.0373,1.90
10640,replay,4000,0.0369,1.000,0.0372,0.74
10641,replay,4000,0.0436,1.000,0.0371,0.72
10642,replay,4000,0.0324,1.000,0.0370,0.72
10643,es_step,4000,0.0000,0.000,0.0370,1.88
10644,replay,4000,0.0429,1.000,0.0370,0.72
10645,replay,4000,0.0538,1.000,0.0369,0.72
10646,es_step,4000,0.0000,0.000,0.0369,1.88
10647,replay,4000,0.0307,1.000,0.0369,0.72
10648,es_step,4000,0.0000,0.000,0.0369,1.91
10649,replay,4000,0.0759,1.000,0.0369,0.73
10650,replay,4000,0.0818,1.000,0.0370,0.72
10651,es_step,4000,0.0000,0.000,0.0370,1.88
10652,es_step,4000,0.0000,0.000,0.0370,1.87
10653,replay,4000,0.0789,1.000,0.0370,0.72
10654,replay,4000,0.0833,1.000,0.0370,0.72
10655,es_step,4000,0.0000,0.000,0.0370,1.88
10656,replay,4000,0.0997,1.000,0.0370,0.72
10657,replay,4000,0.0946,1.000,0.0371,0.72
10658,es_step,4000,0.0000,0.000,0.0371,1.88
10659,replay,4000,0.0950,1.000,0.0372,0.73
10660,replay,4000,0.0931,1.000,0.0372,0.73
10661,es_step,4000,0.0000,0.000,0.0372,1.91
10662,replay,4000,0.0935,1.000,0.0372,0.73
10663,replay,4000,0.0557,1.000,0.0372,0.73
10664,es_step,4000,0.0000,0.000,0.0372,1.90
10665,replay,4000,0.0610,1.000,0.0371,0.72
10666,replay,4000,0.0544,1.000,0.0371,0.72
10667,es_step,4000,0.0000,0.000,0.0371,1.88
10668,replay,4000,0.0625,1.000,0.0370,0.72
10669,replay,4000,0.0941,1.000,0.0370,0.71
10670,es_step,4000,0.0000,0.000,0.0370,1.87
10671,replay,4000,0.0973,1.000,0.0371,0.73
10672,replay,4000,0.0866,1.000,0.0371,0.73
10673,replay,4000,0.0831,1.000,0.0373,0.73
10674,es_step,4000,0.0000,0.000,0.0373,1.95
10675,es_step,4000,0.0000,0.000,0.0373,1.91
10676,replay,4000,0.0712,1.000,0.0373,0.73
10677,replay,4000,0.1129,1.000,0.0374,0.73
10678,replay,4000,0.0953,1.000,0.0374,0.72
10679,es_step,4000,0.0000,0.000,0.0374,1.89
10680,replay,4000,0.1466,1.000,0.0375,0.72
10681,es_step,4000,0.0000,0.000,0.0375,1.87
10682,replay,4000,0.1359,1.000,0.0378,0.72
10683,replay,4000,0.1439,1.000,0.0379,0.72
10684,es_step,4000,0.0000,0.000,0.0379,1.92
10685,replay,4000,0.1303,1.000,0.0380,0.72
10686,replay,4000,0.1081,1.000,0.0381,0.72
10687,replay,4000,0.1017,1.000,0.0382,0.73
10688,replay,4000,0.1008,1.000,0.0383,0.73
10689,replay,4000,0.0724,1.000,0.0383,0.72
10690,replay,4000,0.0741,1.000,0.0383,0.72
10691,replay,4000,0.0742,1.000,0.0383,0.72
10692,replay,4000,0.0472,1.000,0.0383,0.73
10693,replay,4000,0.0542,1.000,0.0383,0.73
10694,replay,4000,0.0527,1.000,0.0383,0.73
10695,replay,4000,0.0624,1.000,0.0382,0.73
10696,replay,4000,0.0653,1.000,0.0382,0.73
10697,replay,4000,0.0715,1.000,0.0383,0.73
10698,replay,4000,0.0679,1.000,0.0383,0.73
10699,replay,4000,0.0485,1.000,0.0383,0.73
10700,es_step,4000,0.0000,0.000,0.0383,1.94
10701,replay,4000,0.0933,1.000,0.0383,0.73
10702,replay,4000,0.0814,1.000,0.0383,0.72
10703,replay,4000,0.0399,1.000,0.0382,0.73
10704,es_step,4000,0.0000,0.000,0.0382,1.93
10705,replay,4000,0.0621,1.000,0.0382,0.73
10706,replay,4000,0.0424,1.000,0.0382,0.73
10707,replay,4000,0.0377,1.000,0.0381,0.73
10708,replay,4000,0.0463,1.000,0.0381,0.73
10709,replay,4000,0.0609,1.000,0.0381,0.73
10710,replay,4000,0.0748,1.000,0.0381,0.73
10711,replay,4000,0.0683,1.000,0.0381,0.74
10712,replay,4000,0.0646,1.000,0.0381,0.73
10713,es_step,4000,0.0000,0.000,0.0381,1.95
10714,replay,4000,0.0509,1.000,0.0381,0.73
10715,replay,4000,0.0481,1.000,0.0381,0.73
10716,replay,4000,0.0830,1.000,0.0381,0.73
10717,es_step,4000,0.0000,0.000,0.0381,1.93
10718,es_step,4000,0.0000,0.000,0.0381,1.92
10719,es_step,4000,0.0000,0.000,0.0381,1.90
10720,replay,4000,0.0807,1.000,0.0383,0.73
10721,replay,4000,0.0087,1.000,0.0383,0.72
10722,es_step,4000,0.0000,0.000,0.0383,1.90
10723,replay,4000,0.0904,1.000,0.0384,0.73
10724,es_step,4000,0.0000,0.000,0.0384,1.91
10725,replay,4000,0.1105,1.000,0.0386,0.73
10726,replay,4000,0.1079,1.000,0.0386,0.73
10727,replay,4000,0.1047,1.000,0.0387,0.73
10728,replay,4000,0.1154,1.000,0.0388,0.73
10729,es_step,4000,0.0000,0.000,0.0388,1.92
10730,es_step,4000,0.0000,0.000,0.0388,1.89
10731,es_step,4000,0.0000,0.000,0.0388,1.91
10732,replay,4000,0.1235,1.000,0.0388,0.73
10733,replay,4000,0.0973,1.000,0.0389,0.73
10734,replay,4000,0.0732,1.000,0.0389,0.73
10735,replay,4000,0.0361,1.000,0.0388,0.73
10736,replay,4000,0.0521,1.000,0.0388,0.73
10737,replay,4000,0.0495,1.000,0.0387,0.73
10738,replay,4000,0.0521,1.000,0.0387,0.73
10739,replay,4000,0.0442,1.000,0.0387,0.73
10740,es_step,4000,0.0000,0.000,0.0387,1.96
10741,replay,4000,0.0414,1.000,0.0387,0.74
10742,replay,4000,0.0369,1.000,0.0386,0.74
10743,replay,4000,0.0470,1.000,0.0386,0.73
10744,replay,4000,0.0574,1.000,0.0386,0.73
10745,replay,4000,0.0502,1.000,0.0387,3.17
10746,replay,4000,0.0620,1.000,0.0387,0.73
10747,replay,4000,0.0758,1.000,0.0387,0.73
10748,es_step,4000,0.0000,0.000,0.0387,1.96
10749,replay,4000,0.0652,1.000,0.0387,0.73
10750,replay,4000,0.0423,1.000,0.0386,0.73
10751,replay,4000,0.0298,1.000,0.0385,0.73
10752,replay,4000,0.0212,1.000,0.0385,0.73
10753,replay,4000,0.0020,1.000,0.0383,0.73
10754,replay,4000,0.0368,1.000,0.0382,0.73
10755,replay,4000,0.0770,1.000,0.0383,0.72
10756,replay,4000,0.0701,1.000,0.0383,0.72
10757,replay,4000,0.0424,1.000,0.0382,0.72
10758,replay,4000,0.0432,1.000,0.0382,0.72
10759,replay,4000,0.0438,1.000,0.0381,0.72
10760,replay,4000,0.0859,1.000,0.0381,0.73
10761,replay,4000,0.0986,1.000,0.0382,0.73
10762,replay,4000,0.1072,1.000,0.0382,0.73
10763,replay,4000,0.1021,1.000,0.0383,0.72
10764,replay,4000,0.0972,1.000,0.0383,0.72
10765,replay,4000,0.0718,1.000,0.0383,0.72
10766,replay,4000,0.0590,1.000,0.0383,0.72
10767,es_step,4000,0.0000,0.000,0.0383,1.93
10768,replay,4000,0.0324,1.000,0.0382,0.72
10769,replay,4000,0.0324,1.000,0.0381,0.72
10770,replay,4000,0.0305,1.000,0.0380,0.73
10771,replay,4000,0.0375,1.000,0.0379,0.73
10772,replay,4000,0.0301,1.000,0.0379,0.73
10773,replay,4000,0.0583,1.000,0.0378,0.73
10774,replay,4000,0.0708,1.000,0.0378,0.73
10775,replay,4000,0.0668,1.000,0.0378,0.73
10776,replay,4000,0.0502,1.000,0.0378,0.73
10777,replay,4000,0.0505,1.000,0.0377,0.73
10778,replay,4000,-0.0046,1.000,0.0377,0.73
10779,replay,4000,0.0516,1.000,0.0377,0.73
10780,replay,4000,0.0659,1.000,0.0377,0.73
10781,replay,4000,0.0884,1.000,0.0378,0.73
10782,replay,4000,0.0651,1.000,0.0379,0.74
10783,replay,4000,0.0788,1.000,0.0379,0.73
10784,replay,4000,0.0717,1.000,0.0379,0.73
10785,replay,4000,0.0551,1.000,0.0378,0.73
10786,replay,4000,0.0514,1.000,0.0378,0.73
10787,replay,4000,0.0629,1.000,0.0377,0.74
10788,replay,4000,0.0452,1.000,0.0377,0.73
10789,es_step,4000,0.0000,0.000,0.0377,1.99
10790,es_step,4000,0.0000,0.000,0.0377,1.97
10791,replay,4000,0.0538,1.000,0.0377,0.74
10792,replay,4000,0.0514,1.000,0.0377,0.73
10793,es_step,4000,0.0000,0.000,0.0377,1.95
10794,replay,4000,0.0701,1.000,0.0377,0.73
10795,replay,4000,0.0601,1.000,0.0376,0.73
10796,replay,4000,0.0117,1.000,0.0375,0.73
10797,replay,4000,0.0303,1.000,0.0374,0.73
10798,replay,4000,0.0692,1.000,0.0374,0.73
10799,replay,4000,0.0783,1.000,0.0374,0.73
10800,es_step,4000,0.0000,0.000,0.0374,1.95
10801,replay,4000,0.0920,1.000,0.0375,0.73
10802,es_step,4000,0.0000,0.000,0.0375,1.93
10803,replay,4000,0.1296,1.000,0.0376,0.73
10804,replay,4000,0.0878,1.000,0.0376,0.73
10805,replay,4000,0.0670,1.000,0.0376,0.73
10806,replay,4000,0.0595,1.000,0.0375,0.73
10807,replay,4000,0.0563,1.000,0.0375,0.73
10808,replay,4000,0.0546,1.000,0.0375,0.73
10809,es_step,4000,0.0000,0.000,0.0375,1.95
10810,es_step,4000,0.0000,0.000,0.0375,1.92
10811,replay,4000,0.0575,1.000,0.0375,0.73
10812,replay,4000,0.0783,1.000,0.0375,0.73
10813,replay,4000,0.0555,1.000,0.0375,0.74
10814,replay,4000,0.0494,1.000,0.0375,0.74
10815,replay,4000,0.0545,1.000,0.0374,0.74
10816,replay,4000,0.0426,1.000,0.0375,0.73
10817,replay,4000,0.0612,1.000,0.0375,0.74
10818,replay,4000,0.0573,1.000,0.0375,0.73
10819,replay,4000,0.0608,1.000,0.0375,0.74
10820,replay,4000,0.0615,1.000,0.0375,0.74
10821,es_step,4000,0.0000,0.000,0.0375,2.00
10822,replay,4000,0.0379,1.000,0.0374,0.75
10823,replay,4000,-0.0021,1.000,0.0373,0.74
10824,replay,4000,0.0283,1.000,0.0372,0.74
10825,replay,4000,0.0264,1.000,0.0371,0.74
10826,replay,4000,0.0235,1.000,0.0370,0.74
10827,replay,4000,0.0582,1.000,0.0370,0.74
10828,replay,4000,0.0704,1.000,0.0370,0.74
10829,replay,4000,0.0506,1.000,0.0368,0.74
10830,es_step,4000,0.0000,0.000,0.0368,2.00
10831,replay,4000,0.0613,1.000,0.0368,0.74
10832,replay,4000,0.0646,1.000,0.0368,0.74
10833,replay,4000,0.0662,1.000,0.0368,0.74
10834,replay,4000,0.0593,1.000,0.0368,0.73
10835,replay,4000,0.0569,1.000,0.0367,0.74
10836,replay,4000,0.0425,1.000,0.0367,0.73
10837,replay,4000,0.0620,1.000,0.0366,0.74
10838,replay,4000,0.0500,1.000,0.0367,0.73
10839,replay,4000,0.0657,1.000,0.0367,0.73
10840,replay,4000,0.1022,1.000,0.0368,0.73
10841,es_step,4000,0.0000,0.000,0.0368,1.99
10842,es_step,4000,0.0000,0.000,0.0368,1.97
10843,replay,4000,0.0865,1.000,0.0368,0.74
10844,replay,4000,0.0646,1.000,0.0367,0.73
10845,replay,4000,0.0585,1.000,0.0367,0.73
10846,replay,4000,0.0286,1.000,0.0365,0.73
10847,replay,4000,0.0240,1.000,0.0364,0.73
10848,replay,4000,0.0470,1.000,0.0365,0.74
10849,replay,4000,0.0702,1.000,0.0366,0.74
10850,es_step,4000,0.0000,0.000,0.0366,2.02
10851,replay,4000,0.0397,1.000,0.0367,0.75
10852,replay,4000,0.0723,1.000,0.0367,0.74
10853,replay,4000,0.0829,1.000,0.0368,0.75
10854,replay,4000,0.0848,1.000,0.0369,0.74
10855,replay,4000,0.0803,1.000,0.0369,0.74
10856,replay,4000,0.0639,1.000,0.0369,0.74
10857,replay,4000,0.0433,1.000,0.0368,0.75
10858,replay,4000,0.0411,1.000,0.0368,0.75
10859,replay,4000,0.0492,1.000,0.0368,0.75
10860,replay,4000,0.0423,1.000,0.0367,0.75
10861,replay,4000,0.0524,1.000,0.0367,0.75
10862,replay,4000,0.0532,1.000,0.0367,0.74
10863,replay,4000,0.0604,1.000,0.0367,0.74
10864,replay,4000,0.0589,1.000,0.0367,0.75
10865,replay,4000,0.0552,1.000,0.0366,0.74
10866,replay,4000,0.0629,1.000,0.0366,0.74
10867,es_step,4000,0.0000,0.000,0.0366,2.03
10868,replay,4000,0.0677,1.000,0.0366,0.74
10869,replay,4000,0.0753,1.000,0.0366,0.74
10870,es_step,4000,0.0000,0.000,0.0366,2.02
10871,replay,4000,0.0696,1.000,0.0366,0.74
10872,replay,4000,0.0674,1.000,0.0366,0.74
10873,replay,4000,0.0586,1.000,0.0367,0.74
10874,replay,4000,0.0271,1.000,0.0366,0.74
10875,replay,4000,0.0323,1.000,0.0366,0.74
10876,replay,4000,0.0796,1.000,0.0365,0.74
10877,replay,4000,0.0750,1.000,0.0366,0.74
10878,es_step,4000,0.0000,0.000,0.0366,1.99
10879,replay,4000,0.0729,1.000,0.0366,0.74
10880,replay,4000,0.0577,1.000,0.0365,0.74
10881,replay,4000,0.0538,1.000,0.0365,0.74
10882,replay,4000,0.0820,1.000,0.0367,0.73
10883,replay,4000,0.0580,1.000,0.0367,0.73
10884,replay,4000,0.0688,1.000,0.0366,0.73
10885,es_step,4000,0.0000,0.000,0.0366,1.98
10886,es_step,4000,0.0000,0.000,0.0366,1.96
10887,es_step,4000,0.0000,0.000,0.0366,1.96
10888,es_step,4000,0.0000,0.000,0.0366,1.94
10889,replay,4000,0.0315,1.000,0.0366,0.73
10890,es_step,4000,0.0000,0.000,0.0366,1.92
10891,es_step,4000,0.0000,0.000,0.0366,1.91
10892,replay,4000,0.0586,1.000,0.0366,0.73
10893,es_step,4000,0.0000,0.000,0.0366,1.90
10894,es_step,4000,0.0000,0.000,0.0366,1.89
10895,es_step,4000,0.0000,0.000,0.0366,1.88
10896,replay,4000,0.0197,1.000,0.0363,0.73
10897,replay,4000,0.0159,1.000,0.0363,0.74
10898,replay,4000,0.0070,1.000,0.0361,0.73
10899,replay,4000,0.0362,1.000,0.0361,0.73
10900,replay,4000,0.0345,1.000,0.0361,0.74
10901,replay,4000,0.0735,1.000,0.0361,0.73
10902,es_step,4000,0.0000,0.000,0.0361,1.95
10903,replay,4000,0.0690,1.000,0.0361,0.74
10904,replay,4000,0.0747,1.000,0.0361,0.73
10905,replay,4000,0.0606,1.000,0.0360,0.73
10906,replay,4000,0.0543,1.000,0.0360,0.73
10907,replay,4000,0.0639,1.000,0.0360,0.73
10908,replay,4000,0.0757,1.000,0.0360,0.73
10909,replay,4000,0.0758,1.000,0.0360,0.74
10910,replay,4000,0.0714,1.000,0.0361,0.73
10911,replay,4000,0.0756,1.000,0.0361,0.73
10912,replay,4000,0.0798,1.000,0.0361,0.73
10913,replay,4000,0.0839,1.000,0.0361,0.74
10914,replay,4000,0.0680,1.000,0.0361,0.74
10915,replay,4000,0.0603,1.000,0.0361,0.74
10916,replay,4000,0.0513,1.000,0.0361,0.74
10917,replay,4000,0.0423,1.000,0.0360,0.74
10918,replay,4000,0.0308,1.000,0.0358,0.74
10919,replay,4000,0.0595,1.000,0.0359,0.74
10920,replay,4000,0.0869,1.000,0.0359,0.74
10921,replay,4000,0.0829,1.000,0.0359,0.74
10922,es_step,4000,0.0000,0.000,0.0359,2.02
10923,replay,4000,0.0785,1.000,0.0359,0.74
10924,replay,4000,-0.0007,1.000,0.0359,0.74
10925,replay,4000,0.0982,1.000,0.0360,0.74
10926,replay,4000,0.1212,1.000,0.0363,0.74
10927,replay,4000,0.1051,1.000,0.0365,0.74
10928,replay,4000,0.1194,1.000,0.0365,0.74
10929,replay,4000,0.1215,1.000,0.0366,0.75
10930,replay,4000,0.0960,1.000,0.0367,0.75
10931,replay,4000,0.0765,1.000,0.0367,0.75
10932,replay,4000,0.0697,1.000,0.0367,0.75
10933,replay,4000,0.0770,1.000,0.0367,0.75
10934,es_step,4000,0.0000,0.000,0.0367,2.04
10935,es_step,4000,0.0000,0.000,0.0367,2.02
10936,replay,4000,0.0951,1.000,0.0367,0.74
10937,es_step,4000,0.0000,0.000,0.0367,2.00
10938,replay,4000,0.0723,1.000,0.0367,0.74
10939,replay,4000,0.0372,1.000,0.0366,0.73
10940,replay,4000,0.0468,1.000,0.0366,0.73
10941,replay,4000,0.0649,1.000,0.0366,0.73
10942,replay,4000,0.0479,1.000,0.0366,0.73
10943,es_step,4000,0.0000,0.000,0.0366,2.00
10944,replay,4000,0.0720,1.000,0.0366,0.74
10945,replay,4000,0.0488,1.000,0.0366,0.74
10946,es_step,4000,0.0000,0.000,0.0366,2.00
10947,replay,4000,0.0399,1.000,0.0365,0.75
10948,replay,4000,0.0529,1.000,0.0365,0.75
10949,replay,4000,0.0520,1.000,0.0365,0.74
10950,replay,4000,0.0693,1.000,0.0364,0.74
10951,replay,4000,0.0765,1.000,0.0364,0.74
10952,replay,4000,0.0733,1.000,0.0365,0.74
10953,replay,4000,0.0743,1.000,0.0365,0.74
10954,replay,4000,0.0751,1.000,0.0365,0.74
10955,replay,4000,0.0634,1.000,0.0365,0.74
10956,replay,4000,0.0924,1.000,0.0366,0.74
10957,replay,4000,0.0970,1.000,0.0367,0.74
10958,replay,4000,0.0967,1.000,0.0367,0.74
10959,replay,4000,0.0972,1.000,0.0368,0.74
10960,replay,4000,0.0678,1.000,0.0367,0.74
10961,replay,4000,0.0246,1.000,0.0365,0.74
10962,replay,4000,0.0362,1.000,0.0364,0.74
10963,replay,4000,0.0141,1.000,0.0363,0.74
10964,replay,4000,0.0176,1.000,0.0362,0.74
10965,replay,4000,0.0492,1.000,0.0361,0.74
10966,replay,4000,0.0599,1.000,0.0360,0.74
10967,replay,4000,0.0897,1.000,0.0360,0.75
10968,replay,4000,0.0971,1.000,0.0360,0.75
10969,replay,4000,0.1133,1.000,0.0360,0.74
10970,replay,4000,0.1042,1.000,0.0361,0.74
10971,replay,4000,0.0960,1.000,0.0361,0.74
10972,replay,4000,0.0521,1.000,0.0361,0.75
10973,replay,4000,0.0434,1.000,0.0360,0.75
10974,replay,4000,0.0348,1.000,0.0360,0.75
10975,replay,4000,0.0293,1.000,0.0359,0.74
10976,replay,4000,0.0435,1.000,0.0358,0.74
10977,replay,4000,0.0566,1.000,0.0358,0.75
10978,replay,4000,0.0684,1.000,0.0358,0.75
10979,replay,4000,0.0742,1.000,0.0359,0.75
10980,replay,4000,0.0946,1.000,0.0360,0.74
10981,replay,4000,0.0876,1.000,0.0361,0.74
10982,replay,4000,0.0901,1.000,0.0361,0.74
10983,replay,4000,0.0794,1.000,0.0361,0.74
10984,replay,4000,0.0590,1.000,0.0361,0.75
10985,es_step,4000,0.0000,0.000,0.0361,2.05
10986,replay,4000,0.0837,1.000,0.0362,0.74
10987,replay,4000,0.0847,1.000,0.0362,0.74
10988,replay,4000,0.0763,1.000,0.0363,0.74
10989,replay,4000,0.0961,1.000,0.0364,0.74
10990,replay,4000,0.0903,1.000,0.0365,0.74
10991,replay,4000,0.0813,1.000,0.0365,0.74
10992,es_step,4000,0.0000,0.000,0.0365,2.03
10993,es_step,4000,0.0000,0.000,0.0365,2.03
10994,es_step,4000,0.0000,0.000,0.0365,2.03
10995,replay,4000,0.0672,1.000,0.0365,0.74
10996,replay,4000,0.0622,1.000,0.0364,0.74
10997,replay,4000,0.0534,1.000,0.0364,0.74
10998,replay,4000,0.0508,1.000,0.0363,0.74
10999,replay,4000,0.0593,1.000,0.0363,0.74
11000,replay,4000,0.0507,1.000,0.0363,0.75
11001,replay,4000,0.0624,1.000,0.0363,0.74
11002,replay,4000,0.0669,1.000,0.0363,0.74
11003,es_step,4000,0.0000,0.000,0.0363,2.01
11004,replay,4000,0.0571,1.000,0.0362,0.75
11005,replay,4000,0.0317,1.000,0.0362,0.74
11006,replay,4000,0.0309,1.000,0.0361,0.74
11007,replay,4000,0.0269,1.000,0.0360,0.73
11008,replay,4000,0.0441,1.000,0.0359,0.73
11009,replay,4000,0.0437,1.000,0.0360,0.74
11010,replay,4000,0.0477,1.000,0.0359,0.74
11011,replay,4000,0.0375,1.000,0.0359,0.74
11012,es_step,4000,0.0000,0.000,0.0359,2.02
11013,replay,4000,0.0569,1.000,0.0359,0.74
11014,replay,4000,0.0581,1.000,0.0359,0.74
11015,replay,4000,0.0550,1.000,0.0359,0.74
11016,replay,4000,0.0522,1.000,0.0359,0.74
11017,replay,4000,0.0667,1.000,0.0360,0.75
11018,replay,4000,0.0800,1.000,0.0360,0.74
11019,replay,4000,0.0716,1.000,0.0360,0.74
11020,replay,4000,0.0616,1.000,0.0359,0.74
11021,replay,4000,0.0570,1.000,0.0359,0.74
11022,replay,4000,0.0848,1.000,0.0358,0.74
11023,replay,4000,0.0686,1.000,0.0357,0.74
11024,replay,4000,0.0837,1.000,0.0357,0.74
11025,replay,4000,0.0685,1.000,0.0359,0.74
11026,replay,4000,0.0953,1.000,0.0359,0.74
11027,replay,4000,0.1064,1.000,0.0360,0.74
11028,replay,4000,0.0990,1.000,0.0363,0.74
11029,replay,4000,0.1022,1.000,0.0363,0.74
11030,es_step,4000,0.0000,0.000,0.0363,2.02
11031,replay,4000,0.1007,1.000,0.0364,0.74
11032,replay,4000,0.0848,1.000,0.0364,0.75
11033,replay,4000,0.0705,1.000,0.0364,0.75
11034,replay,4000,0.0540,1.000,0.0364,0.74
11035,replay,4000,0.0354,1.000,0.0364,0.74
11036,replay,4000,0.0615,1.000,0.0364,0.74
11037,replay,4000,0.0430,1.000,0.0363,0.74
11038,replay,4000,0.0574,1.000,0.0363,0.74
11039,es_step,4000,0.0000,0.000,0.0363,2.03
11040,replay,4000,0.0612,1.000,0.0362,0.75
11041,replay,4000,0.0521,1.000,0.0362,0.74
11042,replay,4000,0.0508,1.000,0.0362,0.74
11043,es_step,4000,0.0000,0.000,0.0362,2.00
11044,es_step,4000,0.0000,0.000,0.0362,2.02
11045,replay,4000,0.0584,1.000,0.0362,0.75
11046,replay,4000,0.0816,1.000,0.0362,0.74
11047,replay,4000,0.0524,1.000,0.0363,0.74
11048,replay,4000,0.0686,1.000,0.0363,0.73
11049,replay,4000,0.0855,1.000,0.0364,0.73
11050,replay,4000,0.0779,1.000,0.0364,0.73
11051,replay,4000,0.0899,1.000,0.0364,0.73
11052,replay,4000,0.0877,1.000,0.0364,0.72
11053,replay,4000,0.0736,1.000,0.0364,0.72
11054,replay,4000,0.0696,1.000,0.0364,0.73
11055,replay,4000,0.0628,1.000,0.0364,0.73
11056,replay,4000,0.0297,1.000,0.0364,0.73
11057,replay,4000,0.0573,1.000,0.0363,0.73
11058,replay,4000,0.0609,1.000,0.0364,0.72
11059,es_step,4000,0.0000,0.000,0.0364,1.98
11060,replay,4000,0.0906,1.000,0.0364,0.73
11061,replay,4000,0.0900,1.000,0.0365,0.73
11062,replay,4000,0.0829,1.000,0.0365,0.73
11063,replay,4000,0.0646,1.000,0.0367,0.74
11064,replay,4000,0.0552,1.000,0.0367,0.74
11065,es_step,4000,0.0000,0.000,0.0367,4.36
11066,replay,4000,0.0173,1.000,0.0367,0.74
11067,replay,4000,0.0482,1.000,0.0366,0.74
11068,replay,4000,0.0808,1.000,0.0367,0.74
11069,es_step,4000,0.0000,0.000,0.0367,1.96
11070,es_step,4000,0.0000,0.000,0.0367,1.95
11071,replay,4000,0.0900,1.000,0.0367,0.73
11072,replay,4000,0.0898,1.000,0.0368,0.73
11073,replay,4000,0.0816,1.000,0.0369,0.73
11074,replay,4000,0.0943,1.000,0.0370,0.73
11075,replay,4000,0.1104,1.000,0.0370,0.73
11076,replay,4000,0.1062,1.000,0.0371,0.73
11077,replay,4000,0.0946,1.000,0.0372,0.73
11078,replay,4000,0.0799,1.000,0.0372,0.73
11079,replay,4000,0.0757,1.000,0.0371,0.73
11080,es_step,4000,0.0000,0.000,0.0371,1.94
11081,replay,4000,0.0614,1.000,0.0371,0.73
11082,es_step,4000,0.0000,0.000,0.0371,1.94
11083,es_step,4000,0.0000,0.000,0.0371,1.94
11084,replay,4000,0.0726,1.000,0.0371,0.73
11085,replay,4000,0.0590,1.000,0.0371,0.73
11086,es_step,4000,0.0000,0.000,0.0371,1.94
11087,es_step,4000,0.0000,0.000,0.0371,1.92
11088,replay,4000,0.0508,1.000,0.0371,0.73
11089,es_step,4000,0.0000,0.000,0.0371,1.92
11090,replay,4000,0.0631,1.000,0.0371,0.73
11091,replay,4000,0.0614,1.000,0.0370,0.73
11092,replay,4000,0.0557,1.000,0.0370,0.73
11093,replay,4000,0.0573,1.000,0.0370,0.72
11094,replay,4000,0.0657,1.000,0.0370,0.73
11095,replay,4000,0.0542,1.000,0.0370,0.73
11096,replay,4000,0.0461,1.000,0.0369,0.73
11097,replay,4000,0.0682,1.000,0.0369,0.73
11098,replay,4000,0.0698,1.000,0.0369,0.73
11099,replay,4000,0.0620,1.000,0.0368,0.73
11100,replay,4000,0.0684,1.000,0.0368,0.74
11101,replay,4000,0.0685,1.000,0.0369,0.74
11102,replay,4000,0.0731,1.000,0.0369,0.74
11103,replay,4000,0.0761,1.000,0.0369,0.74
11104,replay,4000,0.0790,1.000,0.0369,0.74
11105,replay,4000,0.0806,1.000,0.0370,0.74
11106,es_step,4000,0.0000,0.000,0.0370,2.00
11107,replay,4000,0.0840,1.000,0.0370,0.74
11108,replay,4000,0.0891,1.000,0.0370,0.74
11109,replay,4000,0.0772,1.000,0.0370,0.73
11110,replay,4000,0.0419,1.000,0.0370,0.74
11111,replay,4000,0.0576,1.000,0.0370,0.74
11112,replay,4000,0.0506,1.000,0.0370,0.74
11113,replay,4000,0.0586,1.000,0.0369,0.74
11114,es_step,4000,0.0000,0.000,0.0369,1.99
11115,replay,4000,0.0368,1.000,0.0369,0.74
11116,replay,4000,0.0583,1.000,0.0368,0.73
11117,replay,4000,0.0422,1.000,0.0368,0.73
11118,replay,4000,0.0671,1.000,0.0367,0.74
11119,replay,4000,0.0683,1.000,0.0368,0.74
11120,replay,4000,0.0507,1.000,0.0367,0.74
11121,replay,4000,0.0619,1.000,0.0367,0.74
11122,es_step,4000,0.0000,0.000,0.0367,1.96
11123,es_step,4000,0.0000,0.000,0.0367,1.94
11124,replay,4000,0.0697,1.000,0.0367,0.73
11125,replay,4000,0.0607,1.000,0.0367,0.73
11126,replay,4000,0.0400,1.000,0.0366,0.73
11127,replay,4000,0.0433,1.000,0.0365,0.74
11128,replay,4000,0.0382,1.000,0.0365,0.73
11129,replay,4000,0.0504,1.000,0.0364,0.74
11130,replay,4000,0.0144,1.000,0.0364,0.74
11131,replay,4000,0.0304,1.000,0.0363,0.74
11132,replay,4000,0.0383,1.000,0.0362,0.74
11133,replay,4000,0.0765,1.000,0.0363,0.75
11134,replay,4000,0.0781,1.000,0.0363,0.74
11135,replay,4000,0.0768,1.000,0.0364,0.74
11136,replay,4000,0.0794,1.000,0.0364,0.74
11137,es_step,4000,0.0000,0.000,0.0364,1.99
11138,replay,4000,0.0787,1.000,0.0364,0.74
11139,es_step,4000,0.0000,0.000,0.0364,2.00
11140,es_step,4000,0.0000,0.000,0.0364,1.98
11141,replay,4000,0.0706,1.000,0.0364,0.74
11142,replay,4000,0.0759,1.000,0.0364,0.75
11143,replay,4000,0.0711,1.000,0.0364,0.74
11144,replay,4000,0.0502,1.000,0.0363,0.75
11145,es_step,4000,0.0000,0.000,0.0363,1.98
11146,replay,4000,0.0232,1.000,0.0362,0.74
11147,replay,4000,0.0017,1.000,0.0361,0.74
11148,replay,4000,0.0238,1.000,0.0360,0.74
11149,es_step,4000,0.0000,0.000,0.0360,1.97
11150,replay,4000,0.0411,1.000,0.0360,0.74
11151,replay,4000,0.0695,1.000,0.0360,0.74
11152,es_step,4000,0.0000,0.000,0.0360,1.95
11153,es_step,4000,0.0000,0.000,0.0360,1.95
11154,replay,4000,0.0754,1.000,0.0360,0.73
11155,es_step,4000,0.0000,0.000,0.0360,1.92
11156,es_step,4000,0.0000,0.000,0.0360,1.92
11157,replay,4000,0.0697,1.000,0.0360,0.73
11158,replay,4000,0.0744,1.000,0.0360,0.73
11159,replay,4000,0.0635,1.000,0.0360,0.74
11160,es_step,4000,0.0000,0.000,0.0360,1.94
11161,es_step,4000,0.0000,0.000,0.0360,1.91
11162,es_step,4000,0.0000,0.000,0.0360,1.89
11163,replay,4000,0.0617,1.000,0.0363,0.73
11164,replay,4000,0.0708,1.000,0.0363,0.72
11165,replay,4000,0.0733,1.000,0.0364,0.73
11166,replay,4000,0.0923,1.000,0.0364,0.73
11167,replay,4000,0.0962,1.000,0.0364,0.74
11168,replay,4000,0.0743,1.000,0.0365,0.73
11169,replay,4000,0.0858,1.000,0.0365,0.73
11170,es_step,4000,0.0000,0.000,0.0365,1.94
11171,es_step,4000,0.0000,0.000,0.0365,1.91
11172,replay,4000,0.0769,1.000,0.0366,0.73
11173,replay,4000,0.0832,1.000,0.0366,0.73
11174,es_step,4000,0.0000,0.000,0.0366,1.90
11175,replay,4000,0.0599,1.000,0.0366,0.73
11176,replay,4000,0.0618,1.000,0.0366,0.72
11177,replay,4000,0.0681,1.000,0.0366,0.73
11178,replay,4000,0.0745,1.000,0.0366,0.74
11179,replay,4000,0.0603,1.000,0.0366,0.72
11180,replay,4000,0.0735,1.000,0.0366,0.73
11181,replay,4000,0.0655,1.000,0.0366,0.73
11182,replay,4000,0.0505,1.000,0.0366,0.73
11183,replay,4000,0.0457,1.000,0.0366,0.74
11184,replay,4000,0.0442,1.000,0.0365,0.74
11185,replay,4000,0.0558,1.000,0.0365,0.74
11186,replay,4000,0.0679,1.000,0.0365,0.74
11187,replay,4000,0.0560,1.000,0.0365,0.74
11188,replay,4000,0.0358,1.000,0.0363,0.74
11189,es_step,4000,0.0000,0.000,0.0363,1.97
11190,es_step,4000,0.0000,0.000,0.0363,1.93
11191,replay,4000,0.0264,1.000,0.0362,0.73
11192,replay,4000,0.0283,1.000,0.0361,0.73
11193,replay,4000,0.0324,1.000,0.0360,0.73
11194,replay,4000,0.0301,1.000,0.0357,0.73
11195,replay,4000,0.0399,1.000,0.0357,0.74
11196,replay,4000,0.0078,1.000,0.0356,0.74
11197,replay,4000,0.0538,1.000,0.0356,0.74
11198,replay,4000,0.0713,1.000,0.0356,0.74
11199,replay,4000,0.0546,1.000,0.0356,0.74
11200,replay,4000,0.0700,1.000,0.0357,0.74
11201,replay,4000,0.0697,1.000,0.0357,0.75
11202,replay,4000,0.0661,1.000,0.0357,0.75
11203,replay,4000,0.0606,1.000,0.0357,0.75
11204,es_step,4000,0.0000,0.000,0.0357,2.03
11205,replay,4000,0.0444,1.000,0.0356,0.75
11206,replay,4000,0.0307,1.000,0.0356,0.74
11207,replay,4000,0.0533,1.000,0.0355,0.74
11208,replay,4000,0.0500,1.000,0.0355,0.74
11209,replay,4000,0.0557,1.000,0.0355,0.75
11210,replay,4000,0.0775,1.000,0.0355,0.74
11211,replay,4000,0.0855,1.000,0.0355,0.74
11212,es_step,4000,0.0000,0.000,0.0355,2.00
11213,replay,4000,0.0815,1.000,0.0356,0.75
11214,es_step,4000,0.0000,0.000,0.0356,2.01
11215,replay,4000,0.0507,1.000,0.0356,0.74
11216,replay,4000,0.0527,1.000,0.0356,0.74
11217,replay,4000,0.0493,1.000,0.0356,0.74
11218,replay,4000,0.0445,1.000,0.0355,0.74
11219,replay,4000,0.0598,1.000,0.0355,0.74
11220,replay,4000,0.0508,1.000,0.0354,0.73
11221,replay,4000,0.0480,1.000,0.0354,0.74
11222,replay,4000,0.0530,1.000,0.0354,0.73
11223,replay,4000,0.0824,1.000,0.0355,0.73
11224,replay,4000,0.0720,1.000,0.0355,0.74
11225,replay,4000,0.1020,1.000,0.0356,0.74
11226,replay,4000,0.1076,1.000,0.0357,0.74
11227,replay,4000,0.0977,1.000,0.0358,0.74
11228,es_step,4000,0.0000,0.000,0.0358,1.99
11229,replay,4000,0.0747,1.000,0.0358,0.74
11230,replay,4000,0.0672,1.000,0.0358,0.74
11231,replay,4000,0.0500,1.000,0.0357,0.74
11232,replay,4000,0.0438,1.000,0.0357,0.74
11233,replay,4000,0.0221,1.000,0.0356,0.74
11234,replay,4000,0.0522,1.000,0.0356,0.74
11235,replay,4000,0.0532,1.000,0.0356,0.74
11236,es_step,4000,0.0000,0.000,0.0356,1.98
11237,replay,4000,0.0678,1.000,0.0356,0.75
11238,replay,4000,0.0718,1.000,0.0356,0.74
11239,es_step,4000,0.0000,0.000,0.0356,1.98
11240,replay,4000,0.0650,1.000,0.0356,0.75
11241,replay,4000,0.0221,1.000,0.0355,0.74
11242,replay,4000,0.0171,1.000,0.0354,0.75
11243,replay,4000,0.0437,1.000,0.0354,0.75
11244,replay,4000,0.0459,1.000,0.0354,0.74
11245,replay,4000,0.0606,1.000,0.0353,0.74
11246,replay,4000,0.0609,1.000,0.0354,0.74
11247,replay,4000,0.0662,1.000,0.0354,0.74
11248,replay,4000,0.0941,1.000,0.0355,0.75
11249,replay,4000,0.0992,1.000,0.0356,0.75
11250,es_step,4000,0.0000,0.000,0.0356,2.04
11251,replay,4000,0.0691,1.000,0.0356,0.75
11252,replay,4000,0.0951,1.000,0.0357,0.75
11253,es_step,4000,0.0000,0.000,0.0357,2.00
11254,es_step,4000,0.0000,0.000,0.0357,1.98
11255,replay,4000,0.0908,1.000,0.0357,0.74
11256,replay,4000,0.0594,1.000,0.0359,0.74
11257,replay,4000,0.0628,1.000,0.0359,0.74
11258,replay,4000,0.0538,1.000,0.0359,0.74
11259,es_step,4000,0.0000,0.000,0.0359,1.98
11260,replay,4000,0.0394,1.000,0.0358,0.74
11261,replay,4000,0.0321,1.000,0.0358,0.74
11262,replay,4000,0.0268,1.000,0.0357,0.74
11263,replay,4000,0.0042,1.000,0.0356,0.74
11264,replay,4000,0.0514,1.000,0.0356,0.73
11265,replay,4000,0.0634,1.000,0.0355,0.73
11266,es_step,4000,0.0000,0.000,0.0355,1.96
11267,replay,4000,0.0478,1.000,0.0355,0.74
11268,replay,4000,0.0828,1.000,0.0356,0.74
11269,replay,4000,0.0768,1.000,0.0356,0.74
11270,replay,4000,0.0787,1.000,0.0356,0.73
11271,replay,4000,0.0775,1.000,0.0357,0.73
11272,replay,4000,0.0828,1.000,0.0357,0.73
11273,replay,4000,0.0887,1.000,0.0358,0.73
11274,replay,4000,0.0894,1.000,0.0358,0.73
11275,replay,4000,0.0780,1.000,0.0358,0.73
11276,replay,4000,0.0650,1.000,0.0358,0.73
11277,es_step,4000,0.0000,0.000,0.0358,1.97
11278,es_step,4000,0.0000,0.000,0.0358,1.96
11279,replay,4000,0.0698,1.000,0.0359,0.74
11280,replay,4000,0.0748,1.000,0.0359,0.73
11281,replay,4000,0.0860,1.000,0.0359,0.73
11282,replay,4000,0.0866,1.000,0.0360,0.73
11283,replay,4000,0.0980,1.000,0.0360,0.73
11284,replay,4000,0.1065,1.000,0.0360,0.73
11285,replay,4000,0.1055,1.000,0.0361,0.74
11286,replay,4000,0.1011,1.000,0.0362,0.74
11287,replay,4000,0.0836,1.000,0.0362,0.74
11288,replay,4000,0.0645,1.000,0.0362,0.74
11289,es_step,4000,0.0000,0.000,0.0362,1.99
11290,replay,4000,0.0603,1.000,0.0362,0.74
11291,replay,4000,0.0560,1.000,0.0362,0.74
11292,replay,4000,0.0543,1.000,0.0361,0.73
11293,replay,4000,0.0416,1.000,0.0361,0.73
11294,replay,4000,0.0468,1.000,0.0361,0.74
11295,replay,4000,0.0508,1.000,0.0360,0.74
11296,replay,4000,0.0523,1.000,0.0362,0.74
11297,replay,4000,0.0406,1.000,0.0362,0.74
11298,replay,4000,0.0649,1.000,0.0362,0.74
11299,replay,4000,0.0747,1.000,0.0363,0.74
11300,es_step,4000,0.0000,0.000,0.0363,1.97
11301,replay,4000,0.0749,1.000,0.0363,0.74
11302,replay,4000,0.0722,1.000,0.0364,0.74
11303,es_step,4000,0.0000,0.000,0.0364,2.00
11304,replay,4000,0.0809,1.000,0.0364,0.74
11305,replay,4000,0.0697,1.000,0.0364,0.74
11306,es_step,4000,0.0000,0.000,0.0364,1.98
11307,es_step,4000,0.0000,0.000,0.0364,1.98
11308,es_step,4000,0.0000,0.000,0.0364,1.95
11309,es_step,4000,0.0000,0.000,0.0364,1.94
11310,replay,4000,0.0655,1.000,0.0364,0.73
11311,replay,4000,0.0568,1.000,0.0363,0.73
11312,replay,4000,0.0485,1.000,0.0363,0.73
11313,replay,4000,0.0412,1.000,0.0362,0.73
11314,replay,4000,0.0211,1.000,0.0361,0.73
11315,replay,4000,0.0229,1.000,0.0360,0.73
11316,replay,4000,0.0399,1.000,0.0360,0.73
11317,replay,4000,0.0477,1.000,0.0360,0.73
11318,replay,4000,0.0266,1.000,0.0359,0.73
11319,es_step,4000,0.0000,0.000,0.0359,1.94
11320,replay,4000,0.0531,1.000,0.0359,0.73
11321,replay,4000,0.0545,1.000,0.0360,0.73
11322,replay,4000,0.0804,1.000,0.0360,0.74
11323,es_step,4000,0.0000,0.000,0.0360,1.98
11324,replay,4000,0.0723,1.000,0.0360,0.75
11325,replay,4000,0.0663,1.000,0.0360,0.74
11326,replay,4000,0.0666,1.000,0.0361,0.74
11327,es_step,4000,0.0000,0.000,0.0361,1.98
11328,replay,4000,0.0647,1.000,0.0362,0.75
11329,es_step,4000,0.0000,0.000,0.0362,1.96
11330,replay,4000,0.0770,1.000,0.0362,0.73
11331,replay,4000,0.0716,1.000,0.0363,0.74
11332,es_step,4000,0.0000,0.000,0.0363,1.96
11333,replay,4000,0.0997,1.000,0.0363,0.74
11334,es_step,4000,0.0000,0.000,0.0363,1.94
11335,replay,4000,0.0751,1.000,0.0364,0.73
11336,replay,4000,0.0978,1.000,0.0365,0.74
11337,es_step,4000,0.0000,0.000,0.0365,1.94
11338,replay,4000,0.0875,1.000,0.0365,0.73
11339,es_step,4000,0.0000,0.000,0.0365,1.94
11340,replay,4000,0.0860,1.000,0.0366,0.74
11341,replay,4000,0.0803,1.000,0.0366,0.73
11342,replay,4000,0.1196,1.000,0.0367,0.74
11343,replay,4000,0.1163,1.000,0.0368,0.74
11344,replay,4000,0.1229,1.000,0.0369,0.73
11345,es_step,4000,0.0000,0.000,0.0369,1.95
11346,replay,4000,0.1082,1.000,0.0370,0.73
11347,replay,4000,0.1089,1.000,0.0370,0.73
11348,replay,4000,0.0922,1.000,0.0371,0.73
11349,replay,4000,0.0675,1.000,0.0371,0.73
11350,replay,4000,0.0472,1.000,0.0371,0.73
11351,es_step,4000,0.0000,0.000,0.0371,1.93
11352,replay,4000,0.0350,1.000,0.0369,0.73
11353,replay,4000,0.0546,1.000,0.0369,0.73
11354,es_step,4000,0.0000,0.000,0.0369,4.32
11355,replay,4000,0.0710,1.000,0.0369,0.73
11356,replay,4000,0.0556,1.000,0.0369,0.73
11357,replay,4000,0.0949,1.000,0.0369,0.72
11358,replay,4000,0.0878,1.000,0.0369,0.72
11359,replay,4000,0.0923,1.000,0.0370,0.73
11360,replay,4000,0.1004,1.000,0.0370,0.73
11361,replay,4000,0.0839,1.000,0.0371,0.73
11362,es_step,4000,0.0000,0.000,0.0371,1.91
11363,replay,4000,0.0758,1.000,0.0372,0.73
11364,es_step,4000,0.0000,0.000,0.0372,1.89
11365,replay,4000,0.0819,1.000,0.0372,0.73
11366,replay,4000,0.0752,1.000,0.0372,0.74
11367,replay,4000,0.0805,1.000,0.0373,0.73
11368,replay,4000,0.0671,1.000,0.0373,0.74
11369,replay,4000,0.0658,1.000,0.0373,0.73
11370,replay,4000,0.0436,1.000,0.0373,0.73
11371,es_step,4000,0.0000,0.000,0.0373,1.96
11372,replay,4000,0.0701,1.000,0.0373,0.73
11373,replay,4000,0.0536,1.000,0.0372,0.74
11374,replay,4000,0.0386,1.000,0.0372,0.74
11375,replay,4000,0.0609,1.000,0.0372,0.74
11376,replay,4000,0.0622,1.000,0.0372,0.74
11377,replay,4000,0.0712,1.000,0.0372,0.73
11378,replay,4000,0.0759,1.000,0.0372,0.74
11379,replay,4000,0.0599,1.000,0.0372,0.74
11380,es_step,4000,0.0000,0.000,0.0372,1.99
11381,replay,4000,0.0580,1.000,0.0372,0.74
11382,es_step,4000,0.0000,0.000,0.0372,1.98
11383,replay,4000,0.0526,1.000,0.0374,0.74
11384,replay,4000,0.0479,1.000,0.0374,0.74
11385,replay,4000,0.0730,1.000,0.0374,0.73
11386,es_step,4000,0.0000,0.000,0.0374,1.97
11387,replay,4000,0.0566,1.000,0.0374,0.74
11388,replay,4000,0.0280,1.000,0.0373,0.74
11389,replay,4000,0.0148,1.000,0.0371,0.74
11390,replay,4000,0.0319,1.000,0.0371,0.74
11391,replay,4000,0.0500,1.000,0.0371,0.74
11392,replay,4000,0.0878,1.000,0.0371,0.74
11393,replay,4000,0.0651,1.000,0.0370,0.74
11394,replay,4000,0.0675,1.000,0.0371,0.74
11395,replay,4000,0.0642,1.000,0.0370,0.75
11396,replay,4000,0.0477,1.000,0.0370,0.74
11397,replay,4000,0.0698,1.000,0.0370,0.75
11398,replay,4000,0.0724,1.000,0.0370,0.74
11399,replay,4000,0.0677,1.000,0.0370,0.74
11400,replay,4000,0.0687,1.000,0.0370,0.75
11401,replay,4000,0.0839,1.000,0.0370,0.75
11402,replay,4000,0.1089,1.000,0.0370,0.75
11403,replay,4000,0.0835,1.000,0.0371,0.74
11404,replay,4000,0.0990,1.000,0.0372,0.74
11405,replay,4000,0.0829,1.000,0.0372,0.74
11406,replay,4000,0.0854,1.000,0.0373,0.74
11407,es_step,4000,0.0000,0.000,0.0373,2.00
11408,replay,4000,0.0741,1.000,0.0373,0.74
11409,replay,4000,0.0469,1.000,0.0372,0.74
11410,es_step,4000,0.0000,0.000,0.0372,1.99
11411,replay,4000,0.0309,1.000,0.0372,0.73
11412,replay,4000,0.0239,1.000,0.0372,0.73
11413,replay,4000,0.0356,1.000,0.0371,0.73
11414,replay,4000,0.0527,1.000,0.0371,0.73
11415,es_step,4000,0.0000,0.000,0.0371,1.98
11416,replay,4000,0.0588,1.000,0.0370,0.74
11417,es_step,4000,0.0000,0.000,0.0370,1.96
11418,replay,4000,0.0628,1.000,0.0371,0.73
11419,replay,4000,0.0654,1.000,0.0371,0.73
11420,es_step,4000,0.0000,0.000,0.0371,1.94
11421,replay,4000,0.0625,1.000,0.0371,0.73
11422,replay,4000,0.0592,1.000,0.0370,0.72
11423,replay,4000,0.0599,1.000,0.0372,0.73
11424,replay,4000,0.0563,1.000,0.0371,0.72
11425,replay,4000,0.0502,1.000,0.0371,0.73
11426,replay,4000,0.0378,1.000,0.0370,0.73
11427,replay,4000,0.0757,1.000,0.0370,0.73
11428,replay,4000,0.0803,1.000,0.0371,0.73
11429,replay,4000,0.0781,1.000,0.0372,0.73
11430,replay,4000,0.0944,1.000,0.0372,0.73
11431,replay,4000,0.1126,1.000,0.0372,0.73
11432,replay,4000,0.1109,1.000,0.0373,0.73
11433,replay,4000,0.1154,1.000,0.0374,0.73
11434,replay,4000,0.1029,1.000,0.0375,0.74
11435,replay,4000,0.0998,1.000,0.0375,0.73
11436,es_step,4000,0.0000,0.000,0.0375,1.96
11437,replay,4000,0.1023,1.000,0.0376,0.73
11438,replay,4000,0.0547,1.000,0.0375,0.73
11439,replay,4000,0.0371,1.000,0.0374,0.73
11440,replay,4000,0.0283,1.000,0.0373,0.73
11441,replay,4000,0.0289,1.000,0.0373,0.73
11442,replay,4000,0.0245,1.000,0.0373,0.73
11443,es_step,4000,0.0000,0.000,0.0373,1.96
11444,es_step,4000,0.0000,0.000,0.0373,1.95
11445,replay,4000,0.0505,1.000,0.0373,0.73
11446,replay,4000,0.0912,1.000,0.0374,0.73
11447,replay,4000,0.1169,1.000,0.0374,0.72
11448,replay,4000,0.1117,1.000,0.0375,0.72
11449,es_step,4000,0.0000,0.000,0.0375,1.94
11450,replay,4000,0.1204,1.000,0.0375,0.72
11451,es_step,4000,0.0000,0.000,0.0375,1.92
11452,replay,4000,0.0938,1.000,0.0375,0.73
11453,replay,4000,0.1000,1.000,0.0376,0.73
11454,es_step,4000,0.0000,0.000,0.0376,1.93
11455,replay,4000,0.0979,1.000,0.0377,0.73
11456,es_step,4000,0.0000,0.000,0.0377,1.91
11457,replay,4000,0.0575,1.000,0.0377,0.73
11458,replay,4000,0.0506,1.000,0.0376,0.74
11459,es_step,4000,0.0000,0.000,0.0376,1.89
11460,replay,4000,0.0625,1.000,0.0376,0.73
11461,replay,4000,0.0624,1.000,0.0376,0.73
11462,replay,4000,0.0365,1.000,0.0376,0.73
11463,replay,4000,0.0464,1.000,0.0375,0.72
11464,replay,4000,0.0478,1.000,0.0375,0.72
11465,replay,4000,0.0477,1.000,0.0375,0.72
11466,replay,4000,0.0815,1.000,0.0375,0.73
11467,replay,4000,0.0841,1.000,0.0375,0.73
11468,replay,4000,0.0753,1.000,0.0375,0.73
11469,replay,4000,0.0732,1.000,0.0375,0.73
11470,replay,4000,0.0613,1.000,0.0375,0.73
11471,es_step,4000,0.0000,0.000,0.0375,1.97
11472,replay,4000,0.0701,1.000,0.0376,0.73
11473,replay,4000,0.0607,1.000,0.0376,0.73
11474,es_step,4000,0.0000,0.000,0.0376,1.96
11475,replay,4000,0.0707,1.000,0.0376,0.73
11476,replay,4000,0.0680,1.000,0.0376,0.72
11477,replay,4000,0.0450,1.000,0.0375,0.73
11478,es_step,4000,0.0000,0.000,0.0375,1.93
11479,es_step,4000,0.0000,0.000,0.0375,1.92
11480,replay,4000,0.0235,1.000,0.0375,0.73
11481,replay,4000,0.0358,1.000,0.0374,0.73
11482,replay,4000,0.0638,1.000,0.0374,0.72
11483,replay,4000,0.0709,1.000,0.0374,0.72
11484,replay,4000,0.0549,1.000,0.0373,0.72
11485,replay,4000,0.0477,1.000,0.0373,0.72
11486,replay,4000,0.0370,1.000,0.0372,0.73
11487,es_step,4000,0.0000,0.000,0.0372,1.92
11488,replay,4000,0.0291,1.000,0.0371,0.72
11489,replay,4000,0.0555,1.000,0.0371,0.73
11490,replay,4000,0.0684,1.000,0.0371,0.73
11491,replay,4000,0.0714,1.000,0.0371,0.72
11492,es_step,4000,0.0000,0.000,0.0371,1.92
11493,es_step,4000,0.0000,0.000,0.0371,1.91
11494,replay,4000,0.0566,1.000,0.0370,0.72
11495,replay,4000,0.0536,1.000,0.0370,0.72
11496,replay,4000,0.0200,1.000,0.0369,0.72
11497,replay,4000,0.0424,1.000,0.0368,0.72
11498,es_step,4000,0.0000,0.000,0.0368,1.93
11499,replay,4000,0.0512,1.000,0.0367,0.72
11500,replay,4000,0.0278,1.000,0.0367,0.78
11501,replay,4000,0.0533,1.000,0.0367,0.73
11502,replay,4000,0.0652,1.000,0.0367,0.73
11503,replay,4000,0.0678,1.000,0.0367,0.73
11504,es_step,4000,0.0000,0.000,0.0367,1.93
11505,replay,4000,0.0427,1.000,0.0367,0.73
11506,es_step,4000,0.0000,0.000,0.0367,1.92
11507,replay,4000,0.0560,1.000,0.0367,0.73
11508,replay,4000,0.0455,1.000,0.0366,0.73
11509,replay,4000,0.0360,1.000,0.0366,0.72
11510,es_step,4000,0.0000,0.000,0.0366,1.91
11511,replay,4000,0.0530,1.000,0.0366,0.72
11512,es_step,4000,0.0000,0.000,0.0366,1.88
11513,replay,4000,0.0660,1.000,0.0367,0.72
11514,replay,4000,0.0715,1.000,0.0368,0.72
11515,replay,4000,0.0866,1.000,0.0368,0.72
11516,replay,4000,0.0605,1.000,0.0367,0.72
11517,replay,4000,0.0608,1.000,0.0367,0.72
11518,replay,4000,0.0736,1.000,0.0367,0.72
11519,replay,4000,0.0713,1.000,0.0367,0.71
11520,replay,4000,0.0572,1.000,0.0367,0.72
11521,es_step,4000,0.0000,0.000,0.0367,1.89
11522,replay,4000,0.0608,1.000,0.0367,0.72
11523,es_step,4000,0.0000,0.000,0.0367,1.88
11524,replay,4000,0.0811,1.000,0.0367,0.72
11525,es_step,4000,0.0000,0.000,0.0367,1.89
11526,replay,4000,0.0953,1.000,0.0369,0.73
11527,replay,4000,0.0781,1.000,0.0370,0.72
11528,es_step,4000,0.0000,0.000,0.0370,1.90
11529,replay,4000,0.1010,1.000,0.0370,0.72
11530,replay,4000,0.1097,1.000,0.0371,0.72
11531,replay,4000,0.0798,1.000,0.0374,0.72
11532,replay,4000,0.1438,1.000,0.0375,0.72
11533,replay,4000,0.0699,1.000,0.0376,0.72
11534,replay,4000,0.1081,1.000,0.0377,0.72
11535,es_step,4000,0.0000,0.000,0.0377,1.89
11536,replay,4000,0.1335,1.000,0.0377,0.72
11537,es_step,4000,0.0000,0.000,0.0377,1.91
11538,replay,4000,0.1060,1.000,0.0378,0.72
11539,replay,4000,0.0873,1.000,0.0378,0.72
11540,es_step,4000,0.0000,0.000,0.0378,1.91
11541,replay,4000,0.0488,1.000,0.0377,0.72
11542,replay,4000,0.0578,1.000,0.0376,0.72
11543,replay,4000,0.0294,1.000,0.0376,0.72
11544,replay,4000,0.0381,1.000,0.0376,0.72
11545,replay,4000,0.0690,1.000,0.0376,0.72
11546,replay,4000,0.0641,1.000,0.0376,0.72
11547,replay,4000,0.0731,1.000,0.0377,0.72
11548,replay,4000,0.0753,1.000,0.0377,0.72
11549,es_step,4000,0.0000,0.000,0.0377,1.88
11550,replay,4000,0.0710,1.000,0.0378,0.71
11551,replay,4000,0.0717,1.000,0.0378,0.71
11552,replay,4000,0.0681,1.000,0.0378,0.71
11553,replay,4000,0.0511,1.000,0.0377,0.71
11554,replay,4000,0.0263,1.000,0.0377,0.71
11555,replay,4000,0.0425,1.000,0.0376,0.71
11556,replay,4000,0.0344,1.000,0.0376,0.71
11557,replay,4000,0.0215,1.000,0.0375,0.72
11558,replay,4000,0.0331,1.000,0.0375,0.71
11559,replay,4000,0.0398,1.000,0.0375,0.71
11560,replay,4000,0.0222,1.000,0.0375,0.71
11561,replay,4000,0.0382,1.000,0.0374,0.72
11562,es_step,4000,0.0000,0.000,0.0374,1.92
11563,replay,4000,0.0449,1.000,0.0374,0.72
11564,replay,4000,0.0463,1.000,0.0374,0.72
11565,replay,4000,0.0672,1.000,0.0374,0.72
11566,es_step,4000,0.0000,0.000,0.0374,1.88
11567,es_step,4000,0.0000,0.000,0.0374,1.87
11568,replay,4000,0.0718,1.000,0.0374,0.72
11569,replay,4000,0.0727,1.000,0.0374,0.71
11570,replay,4000,0.0614,1.000,0.0374,0.72
11571,replay,4000,0.0574,1.000,0.0374,0.71
11572,replay,4000,0.0549,1.000,0.0374,0.72
11573,es_step,4000,0.0000,0.000,0.0374,1.92
11574,es_step,4000,0.0000,0.000,0.0374,1.89
11575,replay,4000,0.0343,1.000,0.0374,0.72
11576,replay,4000,0.0439,1.000,0.0373,0.72
11577,replay,4000,0.0387,1.000,0.0373,0.72
11578,es_step,4000,0.0000,0.000,0.0373,1.92
11579,es_step,4000,0.0000,0.000,0.0373,1.89
11580,replay,4000,0.0770,1.000,0.0373,0.72
11581,replay,4000,0.0845,1.000,0.0374,0.72
11582,replay,4000,0.0820,1.000,0.0374,0.72
11583,replay,4000,0.0799,1.000,0.0374,0.72
11584,replay,4000,0.0641,1.000,0.0374,0.72
11585,replay,4000,0.0743,1.000,0.0375,0.72
11586,replay,4000,0.0816,1.000,0.0375,0.72
11587,replay,4000,0.0666,1.000,0.0375,0.72
11588,replay,4000,0.0733,1.000,0.0375,0.72
11589,replay,4000,0.0700,1.000,0.0375,0.72
11590,replay,4000,0.0790,1.000,0.0376,0.73
11591,replay,4000,0.0787,1.000,0.0376,0.73
11592,replay,4000,0.0632,1.000,0.0376,0.72
11593,replay,4000,0.0763,1.000,0.0377,0.73
11594,replay,4000,0.0715,1.000,0.0377,0.73
11595,replay,4000,0.0706,1.000,0.0377,0.72
11596,es_step,4000,0.0000,0.000,0.0377,1.96
11597,replay,4000,0.0682,1.000,0.0377,0.73
11598,replay,4000,0.0565,1.000,0.0377,0.73
11599,es_step,4000,0.0000,0.000,0.0377,1.96
11600,replay,4000,0.0293,1.000,0.0376,0.73
11601,replay,4000,0.0569,1.000,0.0376,0.73
11602,replay,4000,0.0619,1.000,0.0375,0.72
11603,es_step,4000,0.0000,0.000,0.0375,1.93
11604,replay,4000,0.0374,1.000,0.0373,0.73
11605,replay,4000,0.0603,1.000,0.0373,0.72
11606,replay,4000,0.0737,1.000,0.0372,0.72
11607,replay,4000,0.0623,1.000,0.0372,0.72
11608,es_step,4000,0.0000,0.000,0.0372,1.94
11609,es_step,4000,0.0000,0.000,0.0372,1.92
11610,es_step,4000,0.0000,0.000,0.0372,1.90
11611,replay,4000,0.0706,1.000,0.0372,0.72
11612,es_step,4000,0.0000,0.000,0.0372,1.90
11613,es_step,4000,0.0000,0.000,0.0372,1.90
11614,replay,4000,0.0672,1.000,0.0372,0.72
11615,es_step,4000,0.0000,0.000,0.0372,1.89
11616,es_step,4000,0.0000,0.000,0.0372,1.87
11617,replay,4000,0.0741,1.000,0.0372,0.71
11618,replay,4000,0.0710,1.000,0.0371,0.71
11619,replay,4000,0.0670,1.000,0.0371,0.71
11620,replay,4000,0.0577,1.000,0.0371,0.71
11621,replay,4000,0.0389,1.000,0.0371,0.71
11622,replay,4000,0.0702,1.000,0.0370,0.72
11623,replay,4000,0.0503,1.000,0.0369,0.72
11624,replay,4000,0.0589,1.000,0.0370,0.72
11625,replay,4000,0.0615,1.000,0.0371,0.72
11626,replay,4000,0.0797,1.000,0.0371,0.72
11627,es_step,4000,0.0000,0.000,0.0371,1.91
11628,es_step,4000,0.0000,0.000,0.0371,1.92
11629,replay,4000,0.0792,1.000,0.0372,0.72
11630,es_step,4000,0.0000,0.000,0.0372,1.89
11631,replay,4000,0.0774,1.000,0.0372,0.72
11632,replay,4000,0.0815,1.000,0.0374,0.71
11633,es_step,4000,0.0000,0.000,0.0374,1.89
11634,es_step,4000,0.0000,0.000,0.0374,1.88
11635,es_step,4000,0.0000,0.000,0.0374,4.27
11636,replay,4000,0.0760,1.000,0.0375,0.72
11637,replay,4000,0.0888,1.000,0.0375,0.72
11638,es_step,4000,0.0000,0.000,0.0375,1.85
11639,replay,4000,0.0744,1.000,0.0375,0.71
11640,replay,4000,0.0675,1.000,0.0375,0.71
11641,replay,4000,0.0539,1.000,0.0375,0.72
11642,replay,4000,0.0436,1.000,0.0375,0.72
11643,replay,4000,0.0438,1.000,0.0374,0.72
11644,replay,4000,0.0290,1.000,0.0374,0.73
11645,replay,4000,0.0492,1.000,0.0374,0.73
11646,replay,4000,0.0394,1.000,0.0374,0.73
11647,replay,4000,0.0384,1.000,0.0374,0.73
11648,replay,4000,0.0400,1.000,0.0373,0.73
11649,replay,4000,0.0498,1.000,0.0374,0.73
11650,es_step,4000,0.0000,0.000,0.0374,1.96
11651,replay,4000,0.0622,1.000,0.0374,0.73
11652,replay,4000,0.0499,1.000,0.0374,0.73
11653,replay,4000,0.0987,1.000,0.0374,0.73
11654,replay,4000,0.1072,1.000,0.0375,0.73
11655,replay,4000,0.0953,1.000,0.0377,0.73
11656,es_step,4000,0.0000,0.000,0.0377,1.97
11657,replay,4000,0.0993,1.000,0.0377,0.73
11658,replay,4000,0.0970,1.000,0.0378,0.73
11659,replay,4000,0.0743,1.000,0.0378,0.74
11660,replay,4000,0.0472,1.000,0.0377,0.73
11661,replay,4000,0.0247,1.000,0.0377,0.73
11662,replay,4000,0.0236,1.000,0.0376,0.74
11663,replay,4000,0.0380,1.000,0.0376,0.73
11664,replay,4000,0.0560,1.000,0.0376,0.74
11665,replay,4000,0.0554,1.000,0.0376,0.73
11666,replay,4000,0.0725,1.000,0.0376,0.74
11667,replay,4000,0.0842,1.000,0.0377,0.74
11668,es_step,4000,0.0000,0.000,0.0377,1.99
11669,replay,4000,0.0844,1.000,0.0378,0.73
11670,replay,4000,0.0695,1.000,0.0378,0.73
11671,es_step,4000,0.0000,0.000,0.0378,1.98
11672,replay,4000,0.0761,1.000,0.0379,0.74
11673,replay,4000,0.0627,1.000,0.0378,0.73
11674,replay,4000,0.0721,1.000,0.0379,0.73
11675,replay,4000,0.0936,1.000,0.0380,0.73
11676,replay,4000,0.0578,1.000,0.0380,0.74
11677,replay,4000,0.1117,1.000,0.0381,0.74
11678,replay,4000,0.1257,1.000,0.0382,0.74
11679,replay,4000,0.1404,1.000,0.0384,0.73
11680,replay,4000,0.1400,1.000,0.0386,0.73
11681,replay,4000,0.1195,1.000,0.0387,0.74
11682,es_step,4000,0.0000,0.000,0.0387,1.99
11683,replay,4000,0.0972,1.000,0.0388,0.74
11684,replay,4000,0.0857,1.000,0.0389,0.73
11685,replay,4000,0.0665,1.000,0.0389,0.73
11686,es_step,4000,0.0000,0.000,0.0389,1.98
11687,replay,4000,0.0637,1.000,0.0389,0.74
11688,replay,4000,0.0639,1.000,0.0388,0.74
11689,replay,4000,0.0597,1.000,0.0388,0.74
11690,es_step,4000,0.0000,0.000,0.0388,1.99
11691,es_step,4000,0.0000,0.000,0.0388,1.98
11692,replay,4000,0.0510,1.000,0.0387,0.74
11693,es_step,4000,0.0000,0.000,0.0387,1.96
11694,replay,4000,0.0552,1.000,0.0387,0.74
11695,replay,4000,0.0382,1.000,0.0387,0.73
11696,replay,4000,0.0457,1.000,0.0387,0.73
11697,replay,4000,0.0611,1.000,0.0387,0.72
11698,es_step,4000,0.0000,0.000,0.0387,1.96
11699,replay,4000,0.0585,1.000,0.0386,0.73
11700,replay,4000,0.0655,1.000,0.0387,0.73
11701,replay,4000,0.0728,1.000,0.0387,0.73
11702,replay,4000,0.0521,1.000,0.0386,0.73
11703,es_step,4000,0.0000,0.000,0.0386,1.96
11704,replay,4000,0.0335,1.000,0.0385,0.73
11705,replay,4000,0.0344,1.000,0.0384,0.73
11706,replay,4000,0.0277,1.000,0.0384,0.72
11707,replay,4000,0.0395,1.000,0.0383,0.72
11708,replay,4000,0.0426,1.000,0.0383,0.73
11709,replay,4000,0.0774,1.000,0.0383,0.73
11710,es_step,4000,0.0000,0.000,0.0383,1.95
11711,replay,4000,0.0745,1.000,0.0383,0.73
11712,replay,4000,0.0666,1.000,0.0384,0.73
11713,replay,4000,0.0900,1.000,0.0385,0.72
11714,replay,4000,0.1004,1.000,0.0385,0.72
11715,replay,4000,0.0851,1.000,0.0385,0.73
11716,es_step,4000,0.0000,0.000,0.0385,1.94
11717,replay,4000,0.0792,1.000,0.0385,0.73
11718,replay,4000,0.0670,1.000,0.0385,0.72
11719,replay,4000,0.0481,1.000,0.0384,0.72
11720,replay,4000,0.0575,1.000,0.0384,0.73
11721,replay,4000,0.0288,1.000,0.0383,0.73
11722,es_step,4000,0.0000,0.000,0.0383,1.96
11723,es_step,4000,0.0000,0.000,0.0383,1.94
11724,replay,4000,0.0352,1.000,0.0382,0.73
11725,replay,4000,0.0259,1.000,0.0382,0.73
11726,es_step,4000,0.0000,0.000,0.0382,1.96
11727,replay,4000,0.0456,1.000,0.0381,0.74
11728,replay,4000,0.0538,1.000,0.0381,0.73
11729,replay,4000,0.0503,1.000,0.0381,0.73
11730,replay,4000,0.0559,1.000,0.0380,0.73
11731,replay,4000,0.0451,1.000,0.0381,0.73
11732,es_step,4000,0.0000,0.000,0.0381,1.93
11733,replay,4000,0.0719,1.000,0.0381,0.72
11734,replay,4000,0.0530,1.000,0.0380,0.72
11735,replay,4000,0.0685,1.000,0.0380,0.72
11736,replay,4000,0.0477,1.000,0.0379,0.72
11737,replay,4000,0.0191,1.000,0.0378,0.73
11738,replay,4000,0.0267,1.000,0.0377,0.73
11739,replay,4000,0.0389,1.000,0.0377,0.73
11740,replay,4000,0.0182,1.000,0.0376,0.73
11741,replay,4000,0.0354,1.000,0.0376,0.73
11742,replay,4000,0.0560,1.000,0.0376,0.73
11743,replay,4000,0.0702,1.000,0.0376,0.73
11744,replay,4000,0.0646,1.000,0.0376,0.73
11745,replay,4000,0.0694,1.000,0.0376,0.74
11746,es_step,4000,0.0000,0.000,0.0376,1.99
11747,es_step,4000,0.0000,0.000,0.0376,1.99
11748,es_step,4000,0.0000,0.000,0.0376,1.97
11749,replay,4000,0.0399,1.000,0.0375,0.74
11750,replay,4000,0.0209,1.000,0.0375,0.74
11751,replay,4000,0.0399,1.000,0.0374,0.73
11752,replay,4000,0.0543,1.000,0.0374,0.73
11753,replay,4000,0.0447,1.000,0.0374,0.73
11754,replay,4000,0.0397,1.000,0.0374,0.73
11755,replay,4000,0.0526,1.000,0.0374,0.73
11756,replay,4000,0.0775,1.000,0.0375,0.73
11757,es_step,4000,0.0000,0.000,0.0375,1.96
11758,replay,4000,0.0807,1.000,0.0375,0.74
11759,replay,4000,0.0805,1.000,0.0376,0.73
11760,replay,4000,0.0739,1.000,0.0376,0.73
11761,replay,4000,0.0665,1.000,0.0376,0.73
11762,replay,4000,0.0614,1.000,0.0376,0.73
11763,replay,4000,0.0447,1.000,0.0375,0.73
11764,replay,4000,0.0455,1.000,0.0375,0.73
11765,replay,4000,0.0397,1.000,0.0375,0.73
11766,replay,4000,0.0538,1.000,0.0375,0.74
11767,replay,4000,0.0589,1.000,0.0375,0.74
11768,replay,4000,0.0653,1.000,0.0375,0.74
11769,replay,4000,0.0599,1.000,0.0375,0.74
11770,replay,4000,0.0227,1.000,0.0374,0.74
11771,es_step,4000,0.0000,0.000,0.0374,1.98
11772,replay,4000,0.0308,1.000,0.0374,0.74
11773,replay,4000,0.0208,1.000,0.0373,0.73
11774,replay,4000,0.0441,1.000,0.0373,0.73
11775,replay,4000,0.0421,1.000,0.0373,0.73
11776,replay,4000,0.0659,1.000,0.0372,0.73
11777,es_step,4000,0.0000,0.000,0.0372,1.98
11778,replay,4000,0.0630,1.000,0.0372,0.74
11779,replay,4000,0.0708,1.000,0.0373,0.73
11780,es_step,4000,0.0000,0.000,0.0373,1.96
11781,replay,4000,0.0826,1.000,0.0373,0.73
11782,replay,4000,0.0845,1.000,0.0374,0.73
11783,replay,4000,0.0849,1.000,0.0374,0.73
11784,replay,4000,0.0819,1.000,0.0375,0.73
11785,replay,4000,0.0585,1.000,0.0374,0.73
11786,replay,4000,0.0634,1.000,0.0375,0.73
11787,replay,4000,0.0728,1.000,0.0374,0.73
11788,es_step,4000,0.0000,0.000,0.0374,1.97
11789,es_step,4000,0.0000,0.000,0.0374,1.97
11790,replay,4000,0.0570,1.000,0.0374,0.77
11791,replay,4000,0.0228,1.000,0.0373,0.73
11792,replay,4000,0.0262,1.000,0.0373,0.73
11793,es_step,4000,0.0000,0.000,0.0373,1.93
11794,es_step,4000,0.0000,0.000,0.0373,1.92
11795,es_step,4000,0.0000,0.000,0.0373,1.92
11796,replay,4000,0.0317,1.000,0.0372,0.73
11797,replay,4000,0.0427,1.000,0.0372,0.73
11798,es_step,4000,0.0000,0.000,0.0372,1.90
11799,replay,4000,0.0376,1.000,0.0371,0.73
11800,replay,4000,0.0587,1.000,0.0371,0.72
11801,replay,4000,0.0577,1.000,0.0372,0.72
11802,replay,4000,0.0476,1.000,0.0371,0.72
11803,es_step,4000,0.0000,0.000,0.0371,1.89
11804,replay,4000,0.0538,1.000,0.0371,0.72
11805,replay,4000,0.0384,1.000,0.0370,0.72
11806,replay,4000,0.0277,1.000,0.0369,0.72
11807,replay,4000,0.0324,1.000,0.0369,0.73
11808,es_step,4000,0.0000,0.000,0.0369,1.92
11809,replay,4000,0.0427,1.000,0.0369,0.72
11810,replay,4000,0.0710,1.000,0.0369,0.73
11811,es_step,4000,0.0000,0.000,0.0369,1.93
11812,es_step,4000,0.0000,0.000,0.0369,1.91
11813,es_step,4000,0.0000,0.000,0.0369,1.89
11814,replay,4000,0.0648,1.000,0.0369,0.73
11815,replay,4000,0.0533,1.000,0.0368,0.73
11816,replay,4000,0.0501,1.000,0.0368,0.73
11817,replay,4000,0.0422,1.000,0.0367,0.73
11818,replay,4000,0.0489,1.000,0.0366,0.74
11819,replay,4000,0.0361,1.000,0.0365,0.74
11820,replay,4000,0.0406,1.000,0.0365,0.74
11821,replay,4000,0.0627,1.000,0.0365,0.74
11822,es_step,4000,0.0000,0.000,0.0365,1.97
11823,replay,4000,0.0811,1.000,0.0365,0.73
11824,replay,4000,0.0932,1.000,0.0365,0.74
11825,replay,4000,0.0874,1.000,0.0366,0.73
11826,replay,4000,0.0825,1.000,0.0366,0.74
11827,replay,4000,0.0676,1.000,0.0366,0.74
11828,replay,4000,0.0573,1.000,0.0366,0.74
11829,replay,4000,0.0474,1.000,0.0366,0.74
11830,replay,4000,0.0594,1.000,0.0366,0.73
11831,replay,4000,0.0540,1.000,0.0366,0.74
11832,replay,4000,0.0564,1.000,0.0367,0.73
11833,replay,4000,0.0487,1.000,0.0367,0.74
11834,es_step,4000,0.0000,0.000,0.0367,1.99
11835,replay,4000,0.0506,1.000,0.0366,0.74
11836,replay,4000,0.0516,1.000,0.0366,0.73
11837,es_step,4000,0.0000,0.000,0.0366,1.96
11838,replay,4000,0.0551,1.000,0.0366,0.74
11839,replay,4000,0.0561,1.000,0.0365,0.74
11840,replay,4000,0.0608,1.000,0.0365,0.73
11841,replay,4000,0.0534,1.000,0.0364,0.73
11842,replay,4000,0.0377,1.000,0.0363,0.73
11843,es_step,4000,0.0000,0.000,0.0363,1.96
11844,replay,4000,0.0292,1.000,0.0363,0.73
11845,replay,4000,0.0464,1.000,0.0362,0.74
11846,replay,4000,0.0306,1.000,0.0362,0.73
11847,replay,4000,0.0427,1.000,0.0362,0.74
11848,replay,4000,0.0697,1.000,0.0362,0.74
11849,replay,4000,0.0542,1.000,0.0363,0.74
11850,es_step,4000,0.0000,0.000,0.0363,1.97
11851,replay,4000,0.0695,1.000,0.0363,0.73
11852,replay,4000,0.0694,1.000,0.0363,0.74
11853,replay,4000,0.0606,1.000,0.0363,0.74
11854,es_step,4000,0.0000,0.000,0.0363,1.98
11855,replay,4000,0.0485,1.000,0.0363,0.74
11856,replay,4000,-0.0205,1.000,0.0362,0.74
11857,replay,4000,0.0674,1.000,0.0363,0.74
11858,es_step,4000,0.0000,0.000,0.0363,1.98
11859,replay,4000,0.1021,1.000,0.0363,0.73
11860,replay,4000,0.0972,1.000,0.0363,0.73
11861,replay,4000,0.0590,1.000,0.0363,0.73
11862,replay,4000,0.0415,1.000,0.0362,0.73
11863,replay,4000,0.0323,1.000,0.0361,0.73
11864,replay,4000,0.0297,1.000,0.0360,0.73
11865,replay,4000,0.0172,1.000,0.0359,0.74
11866,replay,4000,0.0661,1.000,0.0358,0.74
11867,replay,4000,0.0440,1.000,0.0358,0.73
11868,replay,4000,0.0560,1.000,0.0359,0.73
11869,replay,4000,0.0445,1.000,0.0358,0.73
11870,replay,4000,0.0625,1.000,0.0358,0.73
11871,replay,4000,0.0767,1.000,0.0359,0.73
11872,replay,4000,0.0685,1.000,0.0359,0.73
11873,replay,4000,0.0520,1.000,0.0359,0.73
11874,replay,4000,0.0522,1.000,0.0360,0.73
11875,replay,4000,0.0797,1.000,0.0360,0.73
11876,es_step,4000,0.0000,0.000,0.0360,1.99
11877,es_step,4000,0.0000,0.000,0.0360,1.97
11878,replay,4000,0.0807,1.000,0.0360,0.74
11879,es_step,4000,0.0000,0.000,0.0360,1.95
11880,es_step,4000,0.0000,0.000,0.0360,1.94
11881,es_step,4000,0.0000,0.000,0.0360,1.92
11882,replay,4000,0.0874,1.000,0.0360,0.73
11883,replay,4000,0.0735,1.000,0.0360,0.73
11884,replay,4000,0.0785,1.000,0.0360,0.73
11885,replay,4000,0.0747,1.000,0.0360,0.74
11886,replay,4000,0.0510,1.000,0.0360,0.74
11887,es_step,4000,0.0000,0.000,0.0360,1.97
11888,replay,4000,0.0483,1.000,0.0360,0.74
11889,replay,4000,0.0687,1.000,0.0360,0.73
11890,replay,4000,0.0729,1.000,0.0360,0.73
11891,es_step,4000,0.0000,0.000,0.0360,1.94
11892,replay,4000,0.0641,1.000,0.0360,0.73
11893,replay,4000,0.0497,1.000,0.0359,0.73
11894,replay,4000,0.0302,1.000,0.0358,0.73
11895,replay,4000,0.0370,1.000,0.0358,0.73
11896,replay,4000,0.0072,1.000,0.0357,0.73
11897,es_step,4000,0.0000,0.000,0.0357,1.92
11898,es_step,4000,0.0000,0.000,0.0357,1.90
11899,es_step,4000,0.0000,0.000,0.0357,1.88
11900,replay,4000,0.0437,1.000,0.0357,0.73
11901,replay,4000,0.0460,1.000,0.0356,0.74
11902,replay,4000,0.0595,1.000,0.0357,0.73
11903,es_step,4000,0.0000,0.000,0.0357,1.96
11904,replay,4000,0.0653,1.000,0.0357,0.74
11905,replay,4000,0.0590,1.000,0.0358,0.74
11906,replay,4000,0.0804,1.000,0.0358,0.74
11907,es_step,4000,0.0000,0.000,0.0358,1.97
11908,replay,4000,0.0860,1.000,0.0359,0.74
11909,replay,4000,0.0900,1.000,0.0359,0.74
11910,replay,4000,0.1010,1.000,0.0360,0.75
11911,replay,4000,0.1065,1.000,0.0360,0.75
11912,replay,4000,0.0793,1.000,0.0361,0.74
11913,replay,4000,0.0646,1.000,0.0361,0.74
11914,replay,4000,0.0808,1.000,0.0362,0.75
11915,es_step,4000,0.0000,0.000,0.0362,2.01
11916,replay,4000,0.0848,1.000,0.0362,0.75
11917,replay,4000,0.0866,1.000,0.0363,0.74
11918,replay,4000,0.0867,1.000,0.0364,0.75
11919,es_step,4000,0.0000,0.000,0.0364,2.00
11920,es_step,4000,0.0000,0.000,0.0364,1.99
11921,replay,4000,0.1046,1.000,0.0365,0.74
11922,replay,4000,0.0977,1.000,0.0366,3.16
11923,replay,4000,0.0637,1.000,0.0366,0.74
11924,replay,4000,0.0529,1.000,0.0366,0.74
11925,replay,4000,0.0474,1.000,0.0365,0.74
11926,replay,4000,0.0073,1.000,0.0364,0.74
11927,es_step,4000,0.0000,0.000,0.0364,2.05
11928,replay,4000,0.0309,1.000,0.0364,0.74
11929,replay,4000,0.0589,1.000,0.0363,0.74
11930,es_step,4000,0.0000,0.000,0.0363,1.96
11931,replay,4000,0.0485,1.000,0.0363,0.75
11932,replay,4000,0.0441,1.000,0.0363,0.74
11933,replay,4000,0.0429,1.000,0.0363,0.74
11934,es_step,4000,0.0000,0.000,0.0363,1.96
11935,replay,4000,0.0577,1.000,0.0363,0.74
11936,replay,4000,0.0747,1.000,0.0363,0.74
11937,replay,4000,0.0688,1.000,0.0363,0.74
11938,replay,4000,0.0275,1.000,0.0362,0.74
11939,es_step,4000,0.0000,0.000,0.0362,1.97
11940,replay,4000,0.0795,1.000,0.0362,0.74
11941,replay,4000,0.0892,1.000,0.0363,0.74
11942,es_step,4000,0.0000,0.000,0.0363,1.94
11943,replay,4000,0.0934,1.000,0.0363,0.74
11944,es_step,4000,0.0000,0.000,0.0363,1.92
11945,es_step,4000,0.0000,0.000,0.0363,1.91
11946,replay,4000,0.0868,1.000,0.0364,0.73
11947,es_step,4000,0.0000,0.000,0.0364,1.91
11948,es_step,4000,0.0000,0.000,0.0364,1.92
11949,replay,4000,0.0857,1.000,0.0364,0.73
11950,es_step,4000,0.0000,0.000,0.0364,1.90
11951,replay,4000,0.0796,1.000,0.0365,0.73
11952,replay,4000,0.0740,1.000,0.0365,0.73
11953,es_step,4000,0.0000,0.000,0.0365,1.88
11954,replay,4000,0.0703,1.000,0.0366,0.73
11955,replay,4000,0.0621,1.000,0.0366,0.73
11956,replay,4000,0.0757,1.000,0.0365,0.73
11957,replay,4000,0.0777,1.000,0.0365,0.73
11958,replay,4000,0.0624,1.000,0.0365,0.74
11959,es_step,4000,0.0000,0.000,0.0365,2.00
11960,replay,4000,0.0337,1.000,0.0364,0.75
11961,replay,4000,0.0336,1.000,0.0364,0.75
11962,es_step,4000,0.0000,0.000,0.0364,2.01
11963,es_step,4000,0.0000,0.000,0.0364,1.98
11964,replay,4000,0.0393,1.000,0.0363,0.75
11965,replay,4000,0.0583,1.000,0.0363,0.74
11966,es_step,4000,0.0000,0.000,0.0363,1.94
11967,replay,4000,0.0534,1.000,0.0363,0.74
11968,replay,4000,0.0563,1.000,0.0363,0.74
11969,replay,4000,0.1053,1.000,0.0363,0.74
11970,es_step,4000,0.0000,0.000,0.0363,1.96
11971,replay,4000,0.0987,1.000,0.0364,0.74
11972,replay,4000,0.1060,1.000,0.0365,0.74
11973,es_step,4000,0.0000,0.000,0.0365,1.97
11974,replay,4000,0.0912,1.000,0.0367,0.74
11975,replay,4000,0.0843,1.000,0.0367,0.73
11976,replay,4000,0.0957,1.000,0.0368,0.74
11977,replay,4000,0.0939,1.000,0.0369,0.74
11978,es_step,4000,0.0000,0.000,0.0369,1.95
11979,replay,4000,0.1145,1.000,0.0369,0.74
11980,replay,4000,0.0764,1.000,0.0369,0.74
11981,replay,4000,0.0508,1.000,0.0369,0.74
11982,replay,4000,0.0787,1.000,0.0370,0.74
11983,replay,4000,0.0240,1.000,0.0370,0.74
11984,es_step,4000,0.0000,0.000,0.0370,1.96
11985,es_step,4000,0.0000,0.000,0.0370,1.93
11986,replay,4000,0.0724,1.000,0.0370,0.74
11987,es_step,4000,0.0000,0.000,0.0370,1.94
11988,replay,4000,0.0701,1.000,0.0370,0.73
11989,replay,4000,0.0545,1.000,0.0369,0.74
11990,replay,4000,0.0689,1.000,0.0370,0.73
11991,replay,4000,0.0642,1.000,0.0370,0.74
11992,replay,4000,0.0930,1.000,0.0370,0.74
11993,replay,4000,0.0876,1.000,0.0370,0.74
11994,replay,4000,0.0770,1.000,0.0371,0.74
11995,replay,4000,0.0653,1.000,0.0371,0.73
11996,replay,4000,0.0477,1.000,0.0371,0.74
11997,es_step,4000,0.0000,0.000,0.0371,1.93
11998,replay,4000,0.0212,1.000,0.0369,0.73
11999,replay,4000,0.0427,1.000,0.0369,0.73
12000,replay,4000,0.0328,1.000,0.0369,0.73
12001,replay,4000,0.0572,1.000,0.0369,0.73
12002,replay,4000,0.0655,1.000,0.0369,0.73
12003,replay,4000,0.0568,1.000,0.0369,0.74
12004,replay,4000,0.0427,1.000,0.0369,0.73
12005,es_step,4000,0.0000,0.000,0.0369,1.97
12006,replay,4000,0.0588,1.000,0.0368,0.74
12007,replay,4000,0.0217,1.000,0.0367,0.74
12008,replay,4000,0.0584,1.000,0.0367,0.74
12009,replay,4000,0.0378,1.000,0.0367,0.74
12010,replay,4000,0.0678,1.000,0.0366,0.74
12011,replay,4000,0.0687,1.000,0.0366,0.74
12012,replay,4000,0.0651,1.000,0.0366,0.74
12013,replay,4000,0.0504,1.000,0.0366,0.74
12014,replay,4000,0.0481,1.000,0.0365,0.74
12015,replay,4000,0.0597,1.000,0.0365,0.74
12016,replay,4000,0.0415,1.000,0.0365,0.74
12017,es_step,4000,0.0000,0.000,0.0365,2.03
12018,replay,4000,0.0592,1.000,0.0365,0.75
12019,replay,4000,0.0673,1.000,0.0365,0.74
12020,replay,4000,0.0684,1.000,0.0366,0.75
12021,es_step,4000,0.0000,0.000,0.0366,2.00
12022,es_step,4000,0.0000,0.000,0.0366,1.99
12023,replay,4000,0.0582,1.000,0.0366,0.74
12024,replay,4000,0.0403,1.000,0.0366,0.74
12025,replay,4000,0.0429,1.000,0.0365,0.74
12026,replay,4000,0.0353,1.000,0.0365,0.74
12027,replay,4000,0.0208,1.000,0.0364,0.74
12028,replay,4000,0.0832,1.000,0.0364,0.74
12029,replay,4000,0.0772,1.000,0.0365,0.74
12030,replay,4000,0.1014,1.000,0.0366,0.74
12031,replay,4000,0.1165,1.000,0.0367,0.73
12032,replay,4000,0.1120,1.000,0.0369,0.74
12033,replay,4000,0.1105,1.000,0.0370,0.74
12034,replay,4000,0.0870,1.000,0.0371,0.73
12035,replay,4000,0.0632,1.000,0.0371,0.73
12036,replay,4000,0.0496,1.000,0.0370,0.74
12037,es_step,4000,0.0000,0.000,0.0370,2.01
12038,replay,4000,0.0305,1.000,0.0369,0.75
12039,replay,4000,0.0298,1.000,0.0368,0.74
12040,es_step,4000,0.0000,0.000,0.0368,1.98
12041,replay,4000,0.0434,1.000,0.0368,0.74
12042,replay,4000,0.0512,1.000,0.0367,0.74
12043,replay,4000,0.0355,1.000,0.0367,0.74
12044,replay,4000,0.0441,1.000,0.0366,0.74
12045,replay,4000,0.0428,1.000,0.0367,0.74
12046,replay,4000,0.0698,1.000,0.0366,0.74
12047,es_step,4000,0.0000,0.000,0.0366,2.00
12048,replay,4000,0.0381,1.000,0.0366,0.74
12049,replay,4000,0.0658,1.000,0.0366,0.74
12050,replay,4000,0.0323,1.000,0.0365,0.75
12051,es_step,4000,0.0000,0.000,0.0365,1.98
12052,replay,4000,0.0566,1.000,0.0364,0.75
12053,replay,4000,0.0377,1.000,0.0364,0.74
12054,replay,4000,0.0635,1.000,0.0364,0.74
12055,replay,4000,0.0741,1.000,0.0364,0.73
12056,replay,4000,0.0629,1.000,0.0364,0.74
12057,es_step,4000,0.0000,0.000,0.0364,1.96
12058,replay,4000,0.0648,1.000,0.0364,0.73
12059,replay,4000,0.0913,1.000,0.0365,0.73
12060,replay,4000,0.1007,1.000,0.0367,0.74
12061,replay,4000,0.0958,1.000,0.0367,0.73
12062,replay,4000,0.0833,1.000,0.0368,0.73
12063,replay,4000,0.0639,1.000,0.0368,0.73
12064,replay,4000,0.0522,1.000,0.0368,0.73
12065,replay,4000,0.0415,1.000,0.0367,0.73
12066,replay,4000,0.0770,1.000,0.0367,0.73
12067,replay,4000,0.0652,1.000,0.0367,0.73
12068,replay,4000,0.0605,1.000,0.0366,0.74
12069,replay,4000,0.0241,1.000,0.0366,0.73
12070,replay,4000,0.0350,1.000,0.0365,0.73
12071,replay,4000,0.0559,1.000,0.0365,0.73
12072,replay,4000,0.0704,1.000,0.0365,0.73
12073,replay,4000,0.0617,1.000,0.0365,0.73
12074,replay,4000,0.0953,1.000,0.0365,0.74
12075,replay,4000,0.0882,1.000,0.0366,0.73
12076,replay,4000,0.0661,1.000,0.0366,0.73
12077,replay,4000,0.0641,1.000,0.0365,0.74
12078,replay,4000,0.0538,1.000,0.0364,0.73
12079,replay,4000,0.0281,1.000,0.0363,0.74
12080,replay,4000,0.0302,1.000,0.0363,0.73
12081,es_step,4000,0.0000,0.000,0.0363,1.96
12082,replay,4000,0.0244,1.000,0.0362,0.73
12083,replay,4000,0.0109,1.000,0.0361,0.73
12084,replay,4000,-0.1141,1.000,0.0361,0.73
12085,replay,4000,0.0428,1.000,0.0360,0.74
12086,replay,4000,0.0845,1.000,0.0361,0.73
12087,replay,4000,0.0840,1.000,0.0362,0.73
12088,replay,4000,0.0910,1.000,0.0362,0.73
12089,replay,4000,0.0631,1.000,0.0362,0.74
12090,replay,4000,0.0522,1.000,0.0361,0.74
12091,replay,4000,0.0582,1.000,0.0361,0.74
12092,replay,4000,0.0372,1.000,0.0360,0.74
12093,replay,4000,0.0716,1.000,0.0360,0.74
12094,es_step,4000,0.0000,0.000,0.0360,1.99
12095,replay,4000,0.0739,1.000,0.0360,0.75
12096,es_step,4000,0.0000,0.000,0.0360,1.99
12097,es_step,4000,0.0000,0.000,0.0360,1.97
12098,replay,4000,0.0822,1.000,0.0360,0.74
12099,replay,4000,0.0886,1.000,0.0361,0.74
12100,replay,4000,0.0792,1.000,0.0361,0.74
12101,replay,4000,0.0784,1.000,0.0361,0.74
12102,replay,4000,0.0704,1.000,0.0361,0.73
12103,es_step,4000,0.0000,0.000,0.0361,1.97
12104,es_step,4000,0.0000,0.000,0.0361,1.96
12105,replay,4000,0.0582,1.000,0.0361,0.74
12106,replay,4000,0.0579,1.000,0.0361,0.74
12107,es_step,4000,0.0000,0.000,0.0361,1.95
12108,replay,4000,0.0660,1.000,0.0360,0.73
12109,replay,4000,0.0653,1.000,0.0360,0.73
12110,es_step,4000,0.0000,0.000,0.0360,1.94
12111,replay,4000,0.0502,1.000,0.0360,0.74
12112,es_step,4000,0.0000,0.000,0.0360,1.92
12113,es_step,4000,0.0000,0.000,0.0360,1.91
12114,replay,4000,0.0480,1.000,0.0360,0.73
12115,es_step,4000,0.0000,0.000,0.0360,1.89
12116,es_step,4000,0.0000,0.000,0.0360,1.87
12117,replay,4000,0.0957,1.000,0.0361,0.72
12118,replay,4000,0.1116,1.000,0.0361,0.73
12119,replay,4000,0.1047,1.000,0.0363,0.73
12120,replay,4000,0.1117,1.000,0.0364,0.73
12121,replay,4000,0.0919,1.000,0.0365,0.73
12122,replay,4000,0.1094,1.000,0.0367,0.73
12123,es_step,4000,0.0000,0.000,0.0367,1.93
12124,replay,4000,0.1022,1.000,0.0369,0.73
12125,replay,4000,0.1007,1.000,0.0370,0.73
12126,replay,4000,0.0905,1.000,0.0370,0.73
12127,replay,4000,0.0678,1.000,0.0371,0.73
12128,es_step,4000,0.0000,0.000,0.0371,1.89
12129,replay,4000,0.0924,1.000,0.0371,0.73
12130,replay,4000,0.0868,1.000,0.0371,0.73
12131,replay,4000,0.0798,1.000,0.0371,0.73
12132,replay,4000,0.0859,1.000,0.0371,0.73
12133,replay,4000,0.0242,1.000,0.0371,0.74
12134,replay,4000,0.0614,1.000,0.0371,0.73
12135,es_step,4000,0.0000,0.000,0.0371,1.94
12136,replay,4000,0.0811,1.000,0.0371,0.74
12137,replay,4000,0.0834,1.000,0.0371,0.73
12138,replay,4000,0.0551,1.000,0.0371,0.74
12139,replay,4000,0.0565,1.000,0.0372,0.74
12140,replay,4000,0.0698,1.000,0.0373,0.74
12141,es_step,4000,0.0000,0.000,0.0373,2.01
12142,replay,4000,0.0696,1.000,0.0372,0.75
12143,replay,4000,0.0539,1.000,0.0372,0.75
12144,replay,4000,0.0665,1.000,0.0372,0.74
12145,replay,4000,0.0379,1.000,0.0372,0.74
12146,replay,4000,0.0556,1.000,0.0372,0.74
12147,es_step,4000,0.0000,0.000,0.0372,1.99
12148,es_step,4000,0.0000,0.000,0.0372,1.97
12149,replay,4000,0.0407,1.000,0.0372,0.74
12150,es_step,4000,0.0000,0.000,0.0372,1.96
12151,replay,4000,0.0550,1.000,0.0371,0.74
12152,replay,4000,0.0716,1.000,0.0371,0.74
12153,replay,4000,0.0523,1.000,0.0370,0.73
12154,replay,4000,0.0502,1.000,0.0370,0.74
12155,replay,4000,0.0870,1.000,0.0371,0.73
12156,replay,4000,0.0826,1.000,0.0371,0.73
12157,es_step,4000,0.0000,0.000,0.0371,1.96
12158,replay,4000,0.0853,1.000,0.0372,0.73
12159,replay,4000,0.0691,1.000,0.0371,0.74
12160,es_step,4000,0.0000,0.000,0.0371,1.97
12161,es_step,4000,0.0000,0.000,0.0371,1.94
12162,es_step,4000,0.0000,0.000,0.0371,1.90
12163,replay,4000,0.0640,1.000,0.0371,0.73
12164,es_step,4000,0.0000,0.000,0.0371,1.94
12165,replay,4000,0.0478,1.000,0.0371,0.74
12166,replay,4000,0.0418,1.000,0.0370,0.73
12167,replay,4000,0.0195,1.000,0.0369,0.73
12168,es_step,4000,0.0000,0.000,0.0369,1.91
12169,replay,4000,0.0274,1.000,0.0369,0.73
12170,replay,4000,0.0554,1.000,0.0369,0.75
12171,es_step,4000,0.0000,0.000,0.0369,1.95
12172,replay,4000,0.0733,1.000,0.0369,0.74
12173,replay,4000,0.0767,1.000,0.0369,0.73
12174,replay,4000,0.0525,1.000,0.0369,0.73
12175,es_step,4000,0.0000,0.000,0.0369,1.92
12176,replay,4000,0.0465,1.000,0.0369,0.73
12177,replay,4000,0.0373,1.000,0.0368,0.74
12178,es_step,4000,0.0000,0.000,0.0368,1.90
12179,replay,4000,0.0428,1.000,0.0368,0.73
12180,replay,4000,0.0590,1.000,0.0368,0.74
12181,es_step,4000,0.0000,0.000,0.0368,1.90
12182,replay,4000,0.0729,1.000,0.0369,0.73
12183,replay,4000,0.0812,1.000,0.0369,0.73
12184,replay,4000,0.0793,1.000,0.0369,0.73
12185,replay,4000,0.0767,1.000,0.0369,0.73
12186,replay,4000,0.0856,1.000,0.0369,0.73
12187,replay,4000,0.0753,1.000,0.0370,0.73
12188,es_step,4000,0.0000,0.000,0.0370,1.91
12189,replay,4000,0.0649,1.000,0.0370,0.73
12190,replay,4000,0.0652,1.000,0.0371,0.73
12191,replay,4000,-0.0420,1.000,0.0370,0.73
12192,replay,4000,0.0757,1.000,0.0370,0.73
12193,replay,4000,0.1093,1.000,0.0371,0.73
12194,replay,4000,0.0854,1.000,0.0371,0.73
12195,replay,4000,0.0976,1.000,0.0371,0.73
12196,replay,4000,0.0760,1.000,0.0371,0.73
12197,es_step,4000,0.0000,0.000,0.0371,1.92
12198,replay,4000,0.0683,1.000,0.0371,0.73
12199,replay,4000,0.0669,1.000,0.0371,0.73
12200,es_step,4000,0.0000,0.000,0.0371,1.89
12201,es_step,4000,0.0000,0.000,0.0371,1.86
12202,replay,4000,0.0705,1.000,0.0370,0.73
12203,replay,4000,0.0845,1.000,0.0370,0.72
12204,replay,4000,0.0841,1.000,0.0370,0.72
12205,replay,4000,0.0869,1.000,0.0371,3.15
12206,replay,4000,0.0816,1.000,0.0371,0.72
12207,replay,4000,0.0830,1.000,0.0371,0.73
12208,replay,4000,0.0878,1.000,0.0372,0.74
12209,replay,4000,0.0852,1.000,0.0373,0.73
12210,replay,4000,0.0818,1.000,0.0373,0.74
12211,replay,4000,0.0802,1.000,0.0374,0.74
12212,replay,4000,0.0738,1.000,0.0375,0.73
12213,replay,4000,0.0582,1.000,0.0374,0.74
12214,replay,4000,0.0712,1.000,0.0374,0.74
12215,replay,4000,0.0446,1.000,0.0374,0.74
12216,replay,4000,0.0579,1.000,0.0374,0.74
12217,replay,4000,0.0636,1.000,0.0374,0.74
12218,replay,4000,0.0794,1.000,0.0374,0.74
12219,replay,4000,0.0530,1.000,0.0375,0.74
12220,replay,4000,0.0562,1.000,0.0374,0.74
12221,es_step,4000,0.0000,0.000,0.0374,2.00
12222,es_step,4000,0.0000,0.000,0.0374,1.99
12223,replay,4000,0.0509,1.000,0.0374,0.79
12224,replay,4000,0.0604,1.000,0.0374,0.74
12225,replay,4000,0.0548,1.000,0.0373,0.74
12226,replay,4000,0.0661,1.000,0.0373,0.74
12227,replay,4000,0.0758,1.000,0.0373,0.74
12228,replay,4000,0.0776,1.000,0.0374,0.74
12229,replay,4000,0.0799,1.000,0.0374,0.74
12230,replay,4000,0.0622,1.000,0.0373,0.74
12231,replay,4000,0.0608,1.000,0.0374,0.74
12232,replay,4000,0.0685,1.000,0.0374,0.74
12233,replay,4000,0.0607,1.000,0.0374,0.74
12234,es_step,4000,0.0000,0.000,0.0374,1.97
12235,replay,4000,0.0513,1.000,0.0373,0.73
12236,replay,4000,0.0504,1.000,0.0373,0.74
12237,es_step,4000,0.0000,0.000,0.0373,1.98
12238,replay,4000,0.0545,1.000,0.0373,0.74
12239,replay,4000,0.0227,1.000,0.0372,0.74
12240,es_step,4000,0.0000,0.000,0.0372,1.97
12241,es_step,4000,0.0000,0.000,0.0372,1.94
12242,replay,4000,0.0336,1.000,0.0371,0.74
12243,replay,4000,0.0397,1.000,0.0371,0.73
12244,es_step,4000,0.0000,0.000,0.0371,1.95
12245,es_step,4000,0.0000,0.000,0.0371,1.95
12246,replay,4000,0.0584,1.000,0.0371,0.73
12247,es_step,4000,0.0000,0.000,0.0371,1.95
12248,replay,4000,0.0513,1.000,0.0371,0.73
12249,replay,4000,0.0610,1.000,0.0371,0.73
12250,replay,4000,0.0899,1.000,0.0372,0.73
12251,es_step,4000,0.0000,0.000,0.0372,1.91
12252,replay,4000,0.0910,1.000,0.0372,0.73
12253,es_step,4000,0.0000,0.000,0.0372,1.89
12254,replay,4000,0.0707,1.000,0.0372,0.73
12255,replay,4000,0.0455,1.000,0.0372,0.72
12256,replay,4000,0.0327,1.000,0.0371,0.72
12257,replay,4000,0.0492,1.000,0.0370,0.72
12258,replay,4000,0.0301,1.000,0.0369,0.72
12259,replay,4000,0.0351,1.000,0.0369,0.73
12260,replay,4000,0.0437,1.000,0.0368,0.73
12261,replay,4000,0.0302,1.000,0.0368,0.73
12262,es_step,4000,0.0000,0.000,0.0368,1.90
12263,replay,4000,0.0403,1.000,0.0367,0.73
12264,replay,4000,0.0408,1.000,0.0367,0.74
12265,replay,4000,0.0474,1.000,0.0367,0.73
12266,replay,4000,0.0639,1.000,0.0367,0.73
12267,es_step,4000,0.0000,0.000,0.0367,1.92
12268,es_step,4000,0.0000,0.000,0.0367,1.89
12269,replay,4000,0.0656,1.000,0.0367,0.73
12270,replay,4000,0.0685,1.000,0.0367,0.73
12271,es_step,4000,0.0000,0.000,0.0367,1.86
12272,replay,4000,0.0748,1.000,0.0368,0.72
12273,replay,4000,0.0684,1.000,0.0367,0.72
12274,replay,4000,0.0669,1.000,0.0367,0.72
12275,replay,4000,0.0809,1.000,0.0368,0.73
12276,replay,4000,0.0716,1.000,0.0368,0.72
12277,replay,4000,0.1122,1.000,0.0369,0.73
12278,replay,4000,0.1085,1.000,0.0370,0.73
12279,replay,4000,0.0864,1.000,0.0372,0.73
12280,es_step,4000,0.0000,0.000,0.0372,1.91
12281,replay,4000,0.0665,1.000,0.0372,0.73
12282,replay,4000,0.0658,1.000,0.0372,0.73
12283,replay,4000,0.0413,1.000,0.0371,0.73
12284,replay,4000,0.0280,1.000,0.0370,0.74
12285,replay,4000,0.0260,1.000,0.0369,0.74
12286,replay,4000,0.0526,1.000,0.0369,0.74
12287,replay,4000,0.0469,1.000,0.0368,0.73
12288,es_step,4000,0.0000,0.000,0.0368,1.97
12289,replay,4000,0.0581,1.000,0.0368,0.74
12290,replay,4000,0.0402,1.000,0.0368,0.73
12291,replay,4000,0.0529,1.000,0.0368,0.73
12292,replay,4000,0.0630,1.000,0.0368,0.73
12293,replay,4000,0.0495,1.000,0.0368,0.74
12294,es_step,4000,0.0000,0.000,0.0368,1.97
12295,replay,4000,0.0427,1.000,0.0367,0.74
12296,replay,4000,0.0528,1.000,0.0367,0.74
12297,replay,4000,0.0653,1.000,0.0367,0.73
12298,replay,4000,0.0537,1.000,0.0367,0.74
12299,replay,4000,0.0620,1.000,0.0367,0.74
12300,replay,4000,0.0616,1.000,0.0367,0.74
12301,replay,4000,0.0226,1.000,0.0366,0.74
12302,es_step,4000,0.0000,0.000,0.0366,2.00
12303,replay,4000,0.0492,1.000,0.0366,0.74
12304,replay,4000,0.0181,1.000,0.0365,0.74
12305,es_step,4000,0.0000,0.000,0.0365,1.98
12306,replay,4000,0.0500,1.000,0.0365,0.74
12307,es_step,4000,0.0000,0.000,0.0365,1.97
12308,es_step,4000,0.0000,0.000,0.0365,1.97
12309,replay,4000,0.0617,1.000,0.0365,0.73
12310,replay,4000,0.0628,1.000,0.0365,0.74
12311,replay,4000,0.0785,1.000,0.0366,0.74
12312,es_step,4000,0.0000,0.000,0.0366,1.97
12313,es_step,4000,0.0000,0.000,0.0366,1.96
12314,replay,4000,0.0882,1.000,0.0367,0.73
12315,replay,4000,0.0855,1.000,0.0369,0.73
12316,es_step,4000,0.0000,0.000,0.0369,1.94
12317,replay,4000,0.0828,1.000,0.0369,0.73
12318,replay,4000,0.0769,1.000,0.0369,0.73
12319,replay,4000,0.0583,1.000,0.0369,0.73
12320,replay,4000,0.0521,1.000,0.0369,0.73
12321,replay,4000,0.0291,1.000,0.0368,0.73
12322,es_step,4000,0.0000,0.000,0.0368,1.94
12323,replay,4000,0.0588,1.000,0.0369,0.73
12324,es_step,4000,0.0000,0.000,0.0369,1.95
12325,replay,4000,0.0552,1.000,0.0369,0.73
12326,es_step,4000,0.0000,0.000,0.0369,1.93
12327,replay,4000,0.0477,1.000,0.0369,0.73
12328,replay,4000,0.0625,1.000,0.0369,0.73
12329,replay,4000,0.0570,1.000,0.0369,0.73
12330,replay,4000,0.0539,1.000,0.0369,0.74
12331,replay,4000,0.0708,1.000,0.0369,0.74
12332,replay,4000,0.0636,1.000,0.0370,0.74
12333,replay,4000,0.0834,1.000,0.0369,0.74
12334,replay,4000,0.0611,1.000,0.0369,0.74
12335,es_step,4000,0.0000,0.000,0.0369,2.00
12336,replay,4000,0.0612,1.000,0.0369,0.74
12337,es_step,4000,0.0000,0.000,0.0369,1.98
12338,replay,4000,0.0457,1.000,0.0368,0.74
12339,replay,4000,0.0315,1.000,0.0367,0.74
12340,es_step,4000,0.0000,0.000,0.0367,1.96
12341,replay,4000,0.0158,1.000,0.0366,0.74
12342,replay,4000,0.0109,1.000,0.0364,0.73
12343,es_step,4000,0.0000,0.000,0.0364,1.93
12344,replay,4000,0.0245,1.000,0.0363,0.74
12345,replay,4000,0.0431,1.000,0.0363,0.73
12346,replay,4000,0.0453,1.000,0.0363,0.73
12347,replay,4000,0.0680,1.000,0.0363,0.73
12348,replay,4000,0.0656,1.000,0.0363,0.74
12349,replay,4000,0.0573,1.000,0.0363,0.74
12350,replay,4000,0.0353,1.000,0.0363,0.75
12351,replay,4000,0.0500,1.000,0.0362,0.74
12352,replay,4000,0.0345,1.000,0.0362,0.74
12353,replay,4000,0.0466,1.000,0.0362,0.74
12354,replay,4000,0.0555,1.000,0.0362,0.74
12355,es_step,4000,0.0000,0.000,0.0362,1.97
12356,es_step,4000,0.0000,0.000,0.0362,1.94
12357,es_step,4000,0.0000,0.000,0.0362,1.93
12358,replay,4000,0.0539,1.000,0.0361,0.73
12359,replay,4000,-0.1950,1.000,0.0360,0.74
12360,replay,4000,0.0678,1.000,0.0360,0.73
12361,replay,4000,0.1125,1.000,0.0361,0.74
12362,replay,4000,0.0978,1.000,0.0361,0.73
12363,replay,4000,0.1234,1.000,0.0362,0.74
12364,replay,4000,0.1069,1.000,0.0363,0.73
12365,replay,4000,0.0932,1.000,0.0363,0.74
12366,replay,4000,0.0852,1.000,0.0364,0.73
12367,replay,4000,0.0915,1.000,0.0364,0.74
12368,replay,4000,0.0791,1.000,0.0365,0.73
12369,es_step,4000,0.0000,0.000,0.0365,1.97
12370,replay,4000,0.0703,1.000,0.0365,0.74
12371,replay,4000,0.0549,1.000,0.0365,0.74
12372,replay,4000,0.0660,1.000,0.0365,0.74
12373,es_step,4000,0.0000,0.000,0.0365,2.00
12374,es_step,4000,0.0000,0.000,0.0365,1.96
12375,replay,4000,0.0205,1.000,0.0365,0.74
12376,replay,4000,0.0886,1.000,0.0365,0.74
12377,replay,4000,0.0960,1.000,0.0366,0.74
12378,es_step,4000,0.0000,0.000,0.0366,1.95
12379,replay,4000,0.0937,1.000,0.0366,0.73
12380,replay,4000,0.0815,1.000,0.0367,0.74
12381,replay,4000,0.0850,1.000,0.0367,0.74
12382,replay,4000,0.0838,1.000,0.0367,0.74
12383,es_step,4000,0.0000,0.000,0.0367,1.94
12384,es_step,4000,0.0000,0.000,0.0367,1.90
12385,replay,4000,0.0674,1.000,0.0367,0.73
12386,replay,4000,0.0766,1.000,0.0367,0.73
12387,replay,4000,0.0644,1.000,0.0367,0.73
12388,replay,4000,0.0245,1.000,0.0364,0.74
12389,replay,4000,0.0562,1.000,0.0364,0.73
12390,es_step,4000,0.0000,0.000,0.0364,1.94
12391,replay,4000,0.0358,1.000,0.0364,0.74
12392,replay,4000,0.0715,1.000,0.0363,0.74
12393,replay,4000,0.0653,1.000,0.0363,0.73
12394,replay,4000,0.0478,1.000,0.0362,0.74
12395,replay,4000,0.0402,1.000,0.0361,0.74
12396,replay,4000,0.0488,1.000,0.0361,0.74
12397,es_step,4000,0.0000,0.000,0.0361,1.96
12398,es_step,4000,0.0000,0.000,0.0361,1.95
12399,replay,4000,0.0390,1.000,0.0360,0.74
12400,replay,4000,-0.1090,1.000,0.0358,0.74
12401,replay,4000,0.0416,1.000,0.0358,0.73
12402,replay,4000,0.0936,1.000,0.0359,0.73
12403,replay,4000,0.0835,1.000,0.0360,0.73
12404,replay,4000,0.0854,1.000,0.0360,0.73
12405,replay,4000,0.0898,1.000,0.0361,0.73
12406,replay,4000,0.0819,1.000,0.0361,0.74
12407,replay,4000,0.0774,1.000,0.0361,0.74
12408,es_step,4000,0.0000,0.000,0.0361,1.97
12409,es_step,4000,0.0000,0.000,0.0361,1.94
12410,replay,4000,0.0601,1.000,0.0361,0.73
12411,replay,4000,0.0653,1.000,0.0361,0.74
12412,es_step,4000,0.0000,0.000,0.0361,1.95
12413,es_step,4000,0.0000,0.000,0.0361,1.92
12414,es_step,4000,0.0000,0.000,0.0361,1.93
12415,replay,4000,0.0597,1.000,0.0360,0.74
12416,replay,4000,0.0449,1.000,0.0359,0.74
12417,replay,4000,0.0601,1.000,0.0359,0.74
12418,replay,4000,0.0477,1.000,0.0359,0.74
12419,replay,4000,0.0389,1.000,0.0358,0.74
12420,es_step,4000,0.0000,0.000,0.0358,1.95
12421,replay,4000,0.0515,1.000,0.0358,0.74
12422,replay,4000,0.0634,1.000,0.0358,0.74
12423,replay,4000,0.0731,1.000,0.0358,0.73
12424,replay,4000,0.0784,1.000,0.0358,0.74
12425,replay,4000,0.0693,1.000,0.0357,0.73
12426,replay,4000,0.0722,1.000,0.0358,0.73
12427,replay,4000,0.0691,1.000,0.0358,0.73
12428,replay,4000,0.0620,1.000,0.0358,0.73
12429,replay,4000,0.0386,1.000,0.0357,0.73
12430,replay,4000,0.0510,1.000,0.0357,0.73
12431,replay,4000,0.0648,1.000,0.0358,0.73
12432,replay,4000,0.0798,1.000,0.0358,0.73
12433,es_step,4000,0.0000,0.000,0.0358,1.94
12434,replay,4000,0.0704,1.000,0.0358,0.74
12435,replay,4000,0.0688,1.000,0.0358,0.73
12436,replay,4000,0.0702,1.000,0.0360,0.73
12437,es_step,4000,0.0000,0.000,0.0360,1.93
12438,replay,4000,0.0657,1.000,0.0360,0.73
12439,replay,4000,0.0726,1.000,0.0360,0.73
12440,es_step,4000,0.0000,0.000,0.0360,1.96
12441,es_step,4000,0.0000,0.000,0.0360,1.94
12442,replay,4000,0.0625,1.000,0.0360,0.73
12443,replay,4000,0.0371,1.000,0.0359,0.73
12444,replay,4000,-0.0174,1.000,0.0357,0.73
12445,replay,4000,0.0222,1.000,0.0355,0.73
12446,replay,4000,0.0259,1.000,0.0355,0.73
12447,replay,4000,0.0251,1.000,0.0353,0.74
12448,es_step,4000,0.0000,0.000,0.0353,1.95
12449,replay,4000,0.0204,1.000,0.0353,0.74
12450,replay,4000,0.0139,1.000,0.0353,0.73
12451,replay,4000,0.0354,1.000,0.0353,0.73
12452,replay,4000,0.0547,1.000,0.0353,0.73
12453,replay,4000,0.0415,1.000,0.0353,0.73
12454,replay,4000,0.0459,1.000,0.0353,0.73
12455,replay,4000,0.0712,1.000,0.0353,0.73
12456,replay,4000,0.0669,1.000,0.0354,0.73
12457,replay,4000,0.0618,1.000,0.0354,0.73
12458,replay,4000,0.0668,1.000,0.0354,0.73
12459,es_step,4000,0.0000,0.000,0.0354,1.93
12460,replay,4000,0.0557,1.000,0.0354,0.73
12461,replay,4000,0.0673,1.000,0.0354,0.73
12462,replay,4000,0.0640,1.000,0.0354,0.73
12463,replay,4000,0.0678,1.000,0.0355,0.73
12464,replay,4000,0.0696,1.000,0.0355,0.73
12465,replay,4000,0.0756,1.000,0.0355,0.73
12466,replay,4000,0.0772,1.000,0.0355,0.73
12467,replay,4000,0.0792,1.000,0.0356,0.73
12468,replay,4000,0.0797,1.000,0.0356,0.73
12469,replay,4000,0.0779,1.000,0.0356,0.73
12470,replay,4000,0.0712,1.000,0.0357,0.73
12471,replay,4000,0.0627,1.000,0.0357,0.73
12472,replay,4000,0.0798,1.000,0.0358,0.73
12473,replay,4000,0.0862,1.000,0.0359,0.74
12474,replay,4000,0.0881,1.000,0.0359,0.74
12475,replay,4000,0.0708,1.000,0.0358,0.73
12476,replay,4000,0.0846,1.000,0.0359,0.74
12477,replay,4000,0.0767,1.000,0.0359,0.74
12478,replay,4000,0.0813,1.000,0.0359,0.74
12479,es_step,4000,0.0000,0.000,0.0359,2.01
12480,replay,4000,0.0718,1.000,0.0359,0.74
12481,replay,4000,0.0635,1.000,0.0359,0.74
12482,replay,4000,0.0608,1.000,0.0359,0.74
12483,replay,4000,0.0741,1.000,0.0359,0.74
12484,replay,4000,0.0642,1.000,0.0359,0.74
12485,replay,4000,0.0716,1.000,0.0359,0.74
12486,replay,4000,0.0703,1.000,0.0360,0.74
12487,replay,4000,0.0706,1.000,0.0360,0.74
12488,replay,4000,0.0736,1.000,0.0360,0.74
12489,replay,4000,0.0633,1.000,0.0359,0.74
12490,replay,4000,0.0725,1.000,0.0359,0.74
12491,replay,4000,0.0762,1.000,0.0359,0.74
12492,replay,4000,0.0711,1.000,0.0359,0.74
12493,replay,4000,0.0721,1.000,0.0360,0.74
12494,replay,4000,0.0617,1.000,0.0360,0.74
12495,replay,4000,0.0712,1.000,0.0360,0.74
12496,es_step,4000,0.0000,0.000,0.0360,1.98
12497,replay,4000,0.0893,1.000,0.0360,0.74
12498,replay,4000,0.0849,1.000,0.0361,0.73
12499,replay,4000,0.0908,1.000,0.0362,0.74
12500,replay,4000,0.0746,1.000,0.0362,0.74
12501,replay,4000,0.0827,1.000,0.0363,0.74
12502,replay,4000,0.0874,1.000,0.0364,0.74
12503,es_step,4000,0.0000,0.000,0.0364,1.98
12504,replay,4000,0.0851,1.000,0.0364,0.74
12505,replay,4000,0.0771,1.000,0.0365,0.73
12506,replay,4000,0.1199,1.000,0.0365,3.18
12507,replay,4000,0.1321,1.000,0.0366,0.73
12508,replay,4000,0.1074,1.000,0.0367,0.73
12509,replay,4000,0.1087,1.000,0.0368,0.73
12510,es_step,4000,0.0000,0.000,0.0368,1.97
12511,replay,4000,0.0555,1.000,0.0369,0.73
12512,replay,4000,0.1030,1.000,0.0369,0.73
12513,replay,4000,0.1046,1.000,0.0371,0.73
12514,replay,4000,0.0975,1.000,0.0372,0.73
12515,replay,4000,0.1157,1.000,0.0373,0.74
12516,es_step,4000,0.0000,0.000,0.0373,1.98
12517,replay,4000,0.1253,1.000,0.0376,0.74
12518,replay,4000,0.1175,1.000,0.0377,0.74
12519,replay,4000,0.1087,1.000,0.0378,0.73
12520,replay,4000,0.0939,1.000,0.0378,0.73
12521,replay,4000,0.0812,1.000,0.0378,0.73
12522,replay,4000,0.0461,1.000,0.0378,0.74
12523,es_step,4000,0.0000,0.000,0.0378,1.97
12524,es_step,4000,0.0000,0.000,0.0378,1.95
12525,replay,4000,0.0351,1.000,0.0377,0.74
12526,replay,4000,0.0266,1.000,0.0376,0.74
12527,replay,4000,-0.0874,1.000,0.0373,0.74
12528,replay,4000,0.0656,1.000,0.0373,0.74
12529,es_step,4000,0.0000,0.000,0.0373,1.98
12530,es_step,4000,0.0000,0.000,0.0373,1.96
12531,es_step,4000,0.0000,0.000,0.0373,1.94
12532,es_step,4000,0.0000,0.000,0.0373,1.94
12533,replay,4000,0.0911,1.000,0.0373,0.74
12534,es_step,4000,0.0000,0.000,0.0373,1.94
12535,replay,4000,0.1187,1.000,0.0374,0.73
12536,es_step,4000,0.0000,0.000,0.0374,1.94
12537,replay,4000,0.1289,1.000,0.0375,0.73
12538,replay,4000,0.0926,1.000,0.0375,0.73
12539,replay,4000,0.0871,1.000,0.0376,0.73
12540,es_step,4000,0.0000,0.000,0.0376,1.94
12541,replay,4000,0.0790,1.000,0.0376,0.73
12542,replay,4000,0.0787,1.000,0.0377,0.74
12543,es_step,4000,0.0000,0.000,0.0377,1.94
12544,replay,4000,0.0663,1.000,0.0377,0.73
12545,es_step,4000,0.0000,0.000,0.0377,1.92
12546,replay,4000,0.0487,1.000,0.0376,0.73
12547,replay,4000,0.0115,1.000,0.0375,0.73
12548,replay,4000,0.0354,1.000,0.0375,0.74
12549,replay,4000,0.0167,1.000,0.0374,0.74
12550,es_step,4000,0.0000,0.000,0.0374,1.94
12551,es_step,4000,0.0000,0.000,0.0374,1.91
12552,replay,4000,0.0209,1.000,0.0374,0.73
12553,replay,4000,0.0307,1.000,0.0374,0.73
12554,replay,4000,0.0412,1.000,0.0374,0.73
12555,replay,4000,0.0646,1.000,0.0374,0.72
12556,replay,4000,0.0616,1.000,0.0375,0.72
12557,es_step,4000,0.0000,0.000,0.0375,1.90
12558,replay,4000,0.0711,1.000,0.0374,0.72
12559,replay,4000,0.0658,1.000,0.0375,0.72
12560,replay,4000,0.0545,1.000,0.0375,0.72
12561,replay,4000,0.0418,1.000,0.0375,0.73
12562,replay,4000,0.0367,1.000,0.0373,0.73
12563,es_step,4000,0.0000,0.000,0.0373,1.93
12564,replay,4000,0.0763,1.000,0.0373,0.73
12565,replay,4000,0.0645,1.000,0.0373,0.73
12566,replay,4000,0.0670,1.000,0.0373,0.73
12567,es_step,4000,0.0000,0.000,0.0373,1.91
12568,replay,4000,0.0594,1.000,0.0373,0.73
12569,replay,4000,0.0428,1.000,0.0373,0.72
12570,replay,4000,0.0436,1.000,0.0373,0.72
12571,replay,4000,0.0464,1.000,0.0373,0.72
12572,es_step,4000,0.0000,0.000,0.0373,1.87
12573,replay,4000,0.0326,1.000,0.0372,0.73
12574,replay,4000,0.0498,1.000,0.0372,0.73
12575,replay,4000,0.0505,1.000,0.0371,0.73
12576,es_step,4000,0.0000,0.000,0.0371,1.94
12577,replay,4000,0.0563,1.000,0.0371,0.73
12578,replay,4000,0.0536,1.000,0.0373,0.73
12579,replay,4000,0.0539,1.000,0.0373,0.73
12580,replay,4000,0.0711,1.000,0.0372,0.74
12581,replay,4000,0.0825,1.000,0.0373,0.74
12582,replay,4000,0.0923,1.000,0.0373,0.74
12583,replay,4000,0.0892,1.000,0.0374,0.73
12584,replay,4000,0.1229,1.000,0.0374,0.73
12585,replay,4000,0.1085,1.000,0.0375,0.73
12586,replay,4000,0.0962,1.000,0.0375,0.73
12587,replay,4000,0.0802,1.000,0.0376,0.73
12588,replay,4000,0.0729,1.000,0.0376,0.73
12589,replay,4000,0.0615,1.000,0.0376,0.74
12590,replay,4000,0.0686,1.000,0.0377,0.74
12591,replay,4000,0.0564,1.000,0.0376,0.74
12592,replay,4000,0.0417,1.000,0.0376,0.74
12593,replay,4000,0.0452,1.000,0.0375,0.74
12594,replay,4000,0.0554,1.000,0.0375,0.74
12595,replay,4000,0.0264,1.000,0.0375,0.74
12596,replay,4000,0.0235,1.000,0.0375,0.74
12597,replay,4000,0.0849,1.000,0.0376,0.74
12598,es_step,4000,0.0000,0.000,0.0376,1.99
12599,replay,4000,0.1110,1.000,0.0377,0.74
12600,replay,4000,0.0955,1.000,0.0378,0.74
12601,es_step,4000,0.0000,0.000,0.0378,1.98
12602,replay,4000,0.0828,1.000,0.0378,0.74
12603,es_step,4000,0.0000,0.000,0.0378,1.97
12604,replay,4000,0.0693,1.000,0.0378,0.74
12605,replay,4000,0.0454,1.000,0.0378,0.74
12606,replay,4000,0.0227,1.000,0.0376,0.74
12607,replay,4000,0.0374,1.000,0.0375,0.73
12608,replay,4000,0.0382,1.000,0.0375,0.73
12609,replay,4000,0.0509,1.000,0.0374,0.73
12610,replay,4000,0.0432,1.000,0.0374,0.74
12611,replay,4000,0.0554,1.000,0.0374,0.73
12612,replay,4000,0.0768,1.000,0.0375,0.74
12613,replay,4000,0.0744,1.000,0.0376,0.73
12614,es_step,4000,0.0000,0.000,0.0376,1.96
12615,replay,4000,0.0882,1.000,0.0376,0.73
12616,es_step,4000,0.0000,0.000,0.0376,1.93
12617,replay,4000,0.0816,1.000,0.0376,0.73
12618,es_step,4000,0.0000,0.000,0.0376,1.94
12619,replay,4000,0.0759,1.000,0.0376,0.73
12620,replay,4000,0.0660,1.000,0.0376,0.73
12621,replay,4000,0.0372,1.000,0.0375,0.73
12622,replay,4000,0.0217,1.000,0.0375,0.73
12623,replay,4000,0.0479,1.000,0.0374,0.73
12624,replay,4000,0.0285,1.000,0.0374,0.73
12625,es_step,4000,0.0000,0.000,0.0374,1.92
12626,replay,4000,0.0403,1.000,0.0373,0.73
12627,es_step,4000,0.0000,0.000,0.0373,1.94
12628,es_step,4000,0.0000,0.000,0.0373,1.91
12629,es_step,4000,0.0000,0.000,0.0373,1.88
12630,replay,4000,0.0396,1.000,0.0373,0.72
12631,replay,4000,0.0573,1.000,0.0373,0.73
12632,replay,4000,0.0508,1.000,0.0373,0.72
12633,replay,4000,0.0726,1.000,0.0373,0.73
12634,replay,4000,0.0736,1.000,0.0373,0.73
12635,replay,4000,0.0739,1.000,0.0374,0.73
12636,es_step,4000,0.0000,0.000,0.0374,1.94
12637,replay,4000,0.0675,1.000,0.0374,0.74
12638,replay,4000,0.0542,1.000,0.0373,0.74
12639,replay,4000,0.0499,1.000,0.0373,0.75
12640,replay,4000,0.0314,1.000,0.0372,0.75
12641,replay,4000,0.0386,1.000,0.0372,0.74
12642,es_step,4000,0.0000,0.000,0.0372,1.97
12643,replay,4000,0.0340,1.000,0.0371,0.73
12644,replay,4000,0.0447,1.000,0.0371,0.73
12645,replay,4000,0.0471,1.000,0.0371,0.73
12646,replay,4000,0.0317,1.000,0.0370,0.73
12647,replay,4000,0.0484,1.000,0.0370,0.73
12648,replay,4000,0.0730,1.000,0.0370,0.73
12649,replay,4000,0.0566,1.000,0.0370,0.73
12650,replay,4000,0.0553,1.000,0.0370,0.74
12651,replay,4000,0.0398,1.000,0.0369,0.73
12652,replay,4000,0.0703,1.000,0.0370,0.74
12653,replay,4000,0.0701,1.000,0.0370,0.74
12654,es_step,4000,0.0000,0.000,0.0370,2.00
12655,es_step,4000,0.0000,0.000,0.0370,2.01
12656,replay,4000,0.0874,1.000,0.0370,0.74
12657,replay,4000,0.0714,1.000,0.0370,0.74
12658,es_step,4000,0.0000,0.000,0.0370,1.97
12659,es_step,4000,0.0000,0.000,0.0370,1.96
12660,replay,4000,0.0772,1.000,0.0371,0.74
12661,replay,4000,0.0803,1.000,0.0371,0.73
12662,replay,4000,0.0749,1.000,0.0371,0.73
12663,replay,4000,0.0567,1.000,0.0371,0.73
12664,replay,4000,0.0455,1.000,0.0371,0.73
12665,replay,4000,0.0413,1.000,0.0370,0.73
12666,replay,4000,0.0465,1.000,0.0370,0.73
12667,replay,4000,0.0361,1.000,0.0369,0.74
12668,replay,4000,0.0169,1.000,0.0369,0.74
12669,replay,4000,0.0526,1.000,0.0369,0.74
12670,replay,4000,0.0638,1.000,0.0369,0.74
12671,es_step,4000,0.0000,0.000,0.0369,1.97
12672,es_step,4000,0.0000,0.000,0.0369,1.97
12673,replay,4000,0.0827,1.000,0.0369,0.74
12674,replay,4000,0.0764,1.000,0.0369,0.73
12675,replay,4000,0.0674,1.000,0.0370,0.74
12676,es_step,4000,0.0000,0.000,0.0370,1.95
12677,es_step,4000,0.0000,0.000,0.0370,1.95
12678,es_step,4000,0.0000,0.000,0.0370,1.91
12679,replay,4000,0.0773,1.000,0.0369,0.73
12680,replay,4000,0.0535,1.000,0.0369,0.73
12681,replay,4000,0.0816,1.000,0.0369,0.74
12682,replay,4000,0.0748,1.000,0.0370,0.73
12683,replay,4000,0.0917,1.000,0.0370,0.74
12684,replay,4000,0.0903,1.000,0.0371,0.74
12685,es_step,4000,0.0000,0.000,0.0371,1.96
12686,replay,4000,0.0663,1.000,0.0371,0.73
12687,replay,4000,0.0910,1.000,0.0371,0.73
12688,replay,4000,0.0811,1.000,0.0371,0.74
12689,es_step,4000,0.0000,0.000,0.0371,1.93
12690,replay,4000,0.0787,1.000,0.0372,0.74
12691,replay,4000,0.0642,1.000,0.0371,0.74
12692,replay,4000,0.0635,1.000,0.0371,0.74
12693,es_step,4000,0.0000,0.000,0.0371,1.95
12694,replay,4000,0.0757,1.000,0.0370,0.73
12695,replay,4000,0.0348,1.000,0.0369,0.73
12696,replay,4000,0.0468,1.000,0.0369,0.73
12697,es_step,4000,0.0000,0.000,0.0369,1.94
12698,replay,4000,0.0795,1.000,0.0369,0.73
12699,replay,4000,0.0684,1.000,0.0368,0.73
12700,replay,4000,0.0696,1.000,0.0369,0.73
12701,replay,4000,0.0593,1.000,0.0368,0.73
12702,replay,4000,0.0605,1.000,0.0368,0.72
12703,replay,4000,0.0446,1.000,0.0368,0.73
12704,es_step,4000,0.0000,0.000,0.0368,1.97
12705,es_step,4000,0.0000,0.000,0.0368,1.94
12706,es_step,4000,0.0000,0.000,0.0368,1.92
12707,replay,4000,0.0290,1.000,0.0368,0.73
12708,replay,4000,0.0571,1.000,0.0368,0.74
12709,replay,4000,0.0534,1.000,0.0368,0.73
12710,replay,4000,0.0851,1.000,0.0369,0.74
12711,replay,4000,0.0811,1.000,0.0369,0.74
12712,replay,4000,0.0699,1.000,0.0370,0.73
12713,es_step,4000,0.0000,0.000,0.0370,1.97
12714,replay,4000,0.0723,1.000,0.0370,0.74
12715,es_step,4000,0.0000,0.000,0.0370,1.95
12716,replay,4000,0.0513,1.000,0.0370,0.74
12717,es_step,4000,0.0000,0.000,0.0370,1.93
12718,replay,4000,0.0555,1.000,0.0370,0.73
12719,replay,4000,0.0294,1.000,0.0369,0.73
12720,replay,4000,0.0654,1.000,0.0369,0.73
12721,replay,4000,0.0670,1.000,0.0370,0.73
12722,replay,4000,0.0681,1.000,0.0370,0.73
12723,es_step,4000,0.0000,0.000,0.0370,1.91
12724,es_step,4000,0.0000,0.000,0.0370,1.89
12725,replay,4000,0.0563,1.000,0.0370,0.73
12726,replay,4000,0.0850,1.000,0.0371,0.72
12727,replay,4000,0.0822,1.000,0.0371,0.73
12728,replay,4000,0.0724,1.000,0.0371,0.73
12729,replay,4000,0.0534,1.000,0.0372,0.73
12730,replay,4000,0.0367,1.000,0.0371,0.73
12731,replay,4000,0.0323,1.000,0.0370,0.73
12732,replay,4000,0.0434,1.000,0.0370,0.73
12733,replay,4000,0.0656,1.000,0.0370,0.73
12734,es_step,4000,0.0000,0.000,0.0370,1.97
12735,replay,4000,0.0637,1.000,0.0370,0.74
12736,replay,4000,0.0812,1.000,0.0370,0.73
12737,replay,4000,0.0735,1.000,0.0370,0.73
12738,replay,4000,0.0919,1.000,0.0372,0.73
12739,replay,4000,0.0952,1.000,0.0373,0.73
12740,replay,4000,0.0893,1.000,0.0373,0.73
12741,replay,4000,0.0677,1.000,0.0373,0.74
12742,replay,4000,0.0612,1.000,0.0373,0.74
12743,replay,4000,0.0534,1.000,0.0373,0.74
12744,replay,4000,0.0425,1.000,0.0373,0.74
12745,replay,4000,0.0418,1.000,0.0372,0.74
12746,replay,4000,0.0402,1.000,0.0372,0.74
12747,replay,4000,0.0574,1.000,0.0372,0.74
12748,es_step,4000,0.0000,0.000,0.0372,2.00
12749,replay,4000,0.0552,1.000,0.0372,0.74
12750,replay,4000,0.0892,1.000,0.0373,0.74
12751,replay,4000,0.0490,1.000,0.0372,0.74
12752,replay,4000,0.0985,1.000,0.0373,0.74
12753,replay,4000,0.1136,1.000,0.0374,0.74
12754,replay,4000,0.1137,1.000,0.0375,0.74
12755,replay,4000,0.1206,1.000,0.0376,0.74
12756,replay,4000,0.1147,1.000,0.0378,0.74
12757,replay,4000,0.1034,1.000,0.0379,0.74
12758,es_step,4000,0.0000,0.000,0.0379,2.00
12759,replay,4000,0.0718,1.000,0.0378,0.74
12760,es_step,4000,0.0000,0.000,0.0378,2.01
12761,replay,4000,0.0709,1.000,0.0379,0.74
12762,es_step,4000,0.0000,0.000,0.0379,1.98
12763,replay,4000,0.0536,1.000,0.0379,0.74
12764,es_step,4000,0.0000,0.000,0.0379,1.98
12765,replay,4000,0.0437,1.000,0.0378,0.73
12766,replay,4000,0.0405,1.000,0.0378,0.74
12767,es_step,4000,0.0000,0.000,0.0378,1.95
12768,es_step,4000,0.0000,0.000,0.0378,1.92
12769,replay,4000,0.0419,1.000,0.0377,0.74
12770,replay,4000,0.0422,1.000,0.0377,0.74
12771,es_step,4000,0.0000,0.000,0.0377,1.95
12772,replay,4000,0.0432,1.000,0.0376,0.74
12773,replay,4000,0.0290,1.000,0.0376,0.73
12774,replay,4000,0.0466,1.000,0.0375,0.73
12775,replay,4000,0.0605,1.000,0.0376,0.73
12776,replay,4000,0.0690,1.000,0.0376,0.73
12777,replay,4000,0.0563,1.000,0.0376,0.73
12778,es_step,4000,0.0000,0.000,0.0376,1.96
12779,es_step,4000,0.0000,0.000,0.0376,1.92
12780,replay,4000,0.0706,1.000,0.0377,0.73
12781,replay,4000,0.0612,1.000,0.0377,0.73
12782,replay,4000,0.0704,1.000,0.0376,0.73
12783,replay,4000,0.0699,1.000,0.0376,0.73
12784,replay,4000,0.0569,1.000,0.0375,0.73
12785,replay,4000,0.0078,1.000,0.0374,0.73
12786,replay,4000,-0.0018,1.000,0.0370,0.73
12787,replay,4000,0.0232,1.000,0.0370,0.72
12788,es_step,4000,0.0000,0.000,0.0370,4.34
12789,replay,4000,0.0179,1.000,0.0369,0.72
12790,replay,4000,0.0353,1.000,0.0368,0.73
12791,replay,4000,0.0434,1.000,0.0368,0.72
12792,replay,4000,0.0406,1.000,0.0367,0.72
12793,es_step,4000,0.0000,0.000,0.0367,1.88
12794,es_step,4000,0.0000,0.000,0.0367,1.89
12795,es_step,4000,0.0000,0.000,0.0367,1.88
12796,replay,4000,0.0678,1.000,0.0367,0.73
12797,replay,4000,0.0663,1.000,0.0368,0.73
12798,replay,4000,0.0638,1.000,0.0368,0.73
12799,es_step,4000,0.0000,0.000,0.0368,1.92
12800,replay,4000,0.0750,1.000,0.0368,0.73
12801,replay,4000,0.0923,1.000,0.0368,0.73
12802,es_step,4000,0.0000,0.000,0.0368,1.89
12803,replay,4000,0.0656,1.000,0.0369,0.73
12804,replay,4000,0.0699,1.000,0.0370,0.73
12805,replay,4000,0.0800,1.000,0.0370,0.73
12806,es_step,4000,0.0000,0.000,0.0370,1.88
12807,replay,4000,0.0727,1.000,0.0370,0.72
12808,replay,4000,0.0555,1.000,0.0369,0.72
12809,replay,4000,0.0578,1.000,0.0369,0.73
12810,replay,4000,0.0517,1.000,0.0369,0.73
12811,replay,4000,0.0450,1.000,0.0368,0.72
12812,replay,4000,0.0412,1.000,0.0367,0.73
12813,replay,4000,0.0292,1.000,0.0366,0.73
12814,es_step,4000,0.0000,0.000,0.0366,1.90
12815,replay,4000,0.0388,1.000,0.0366,0.73
12816,replay,4000,0.0303,1.000,0.0365,0.73
12817,es_step,4000,0.0000,0.000,0.0365,1.89
12818,replay,4000,0.0623,1.000,0.0365,0.74
12819,replay,4000,0.0379,1.000,0.0365,0.87
12820,replay,4000,0.0502,1.000,0.0365,0.75
12821,replay,4000,0.0400,1.000,0.0364,0.74
12822,replay,4000,0.0442,1.000,0.0364,0.74
12823,es_step,4000,0.0000,0.000,0.0364,2.00
12824,replay,4000,0.0521,1.000,0.0364,0.75
12825,replay,4000,0.0859,1.000,0.0364,0.74
12826,es_step,4000,0.0000,0.000,0.0364,1.98
12827,replay,4000,0.0748,1.000,0.0365,0.74
12828,replay,4000,0.0669,1.000,0.0365,0.74
12829,replay,4000,0.0709,1.000,0.0365,0.74
12830,es_step,4000,0.0000,0.000,0.0365,1.98
12831,replay,4000,0.0452,1.000,0.0365,0.75
12832,replay,4000,0.0554,1.000,0.0364,0.74
12833,es_step,4000,0.0000,0.000,0.0364,1.97
12834,replay,4000,0.0531,1.000,0.0365,0.74
12835,replay,4000,0.0486,1.000,0.0365,0.74
12836,replay,4000,0.0398,1.000,0.0364,0.74
12837,replay,4000,0.0432,1.000,0.0364,0.74
12838,replay,4000,0.0409,1.000,0.0363,0.74
12839,replay,4000,0.0477,1.000,0.0364,0.74
12840,replay,4000,0.0544,1.000,0.0365,0.74
12841,replay,4000,0.0578,1.000,0.0365,0.74
12842,replay,4000,0.0653,1.000,0.0365,0.74
12843,es_step,4000,0.0000,0.000,0.0365,2.00
12844,replay,4000,0.0571,1.000,0.0364,0.74
12845,replay,4000,0.0461,1.000,0.0364,0.74
12846,replay,4000,0.0378,1.000,0.0364,0.74
12847,replay,4000,0.0688,1.000,0.0364,0.73
12848,replay,4000,0.0677,1.000,0.0364,0.74
12849,replay,4000,0.0527,1.000,0.0363,0.74
12850,es_step,4000,0.0000,0.000,0.0363,1.99
12851,replay,4000,0.0217,1.000,0.0363,0.74
12852,replay,4000,0.0297,1.000,0.0361,0.74
12853,replay,4000,0.0111,1.000,0.0360,0.74
12854,replay,4000,0.0494,1.000,0.0359,0.74
12855,replay,4000,0.0354,1.000,0.0359,0.74
12856,replay,4000,0.0343,1.000,0.0359,0.73
12857,es_step,4000,0.0000,0.000,0.0359,1.96
12858,replay,4000,0.0459,1.000,0.0359,0.73
12859,es_step,4000,0.0000,0.000,0.0359,1.97
12860,es_step,4000,0.0000,0.000,0.0359,1.94
12861,es_step,4000,0.0000,0.000,0.0359,1.92
12862,replay,4000,0.0469,1.000,0.0358,0.73
12863,replay,4000,0.0700,1.000,0.0359,0.73
12864,replay,4000,0.0653,1.000,0.0358,0.74
12865,replay,4000,0.0687,1.000,0.0358,0.73
12866,replay,4000,0.0556,1.000,0.0358,0.73
12867,replay,4000,0.0369,1.000,0.0357,0.73
12868,es_step,4000,0.0000,0.000,0.0357,1.91
12869,replay,4000,0.0130,1.000,0.0356,0.73
12870,es_step,4000,0.0000,0.000,0.0356,1.92
12871,replay,4000,0.0359,1.000,0.0355,0.74
12872,replay,4000,0.0385,1.000,0.0354,0.74
12873,replay,4000,0.0419,1.000,0.0353,0.74
12874,replay,4000,0.0431,1.000,0.0353,0.73
12875,replay,4000,0.0483,1.000,0.0352,0.74
12876,replay,4000,0.0700,1.000,0.0352,0.73
12877,replay,4000,0.0742,1.000,0.0353,0.73
12878,replay,4000,0.0780,1.000,0.0354,0.73
12879,replay,4000,0.0325,1.000,0.0354,0.74
12880,replay,4000,0.0659,1.000,0.0355,0.74
12881,es_step,4000,0.0000,0.000,0.0355,1.98
12882,replay,4000,0.0551,1.000,0.0356,0.74
12883,replay,4000,0.0932,1.000,0.0356,0.74
12884,replay,4000,0.0921,1.000,0.0356,0.74
12885,replay,4000,0.1091,1.000,0.0357,0.74
12886,replay,4000,0.0960,1.000,0.0358,0.74
12887,replay,4000,0.1039,1.000,0.0358,0.74
12888,replay,4000,0.0755,1.000,0.0358,0.73
12889,replay,4000,0.0761,1.000,0.0358,0.73
12890,replay,4000,0.0596,1.000,0.0358,0.73
12891,replay,4000,0.0684,1.000,0.0358,0.74
12892,replay,4000,0.0509,1.000,0.0358,0.75
12893,replay,4000,0.0624,1.000,0.0358,0.74
12894,replay,4000,0.0616,1.000,0.0358,0.74
12895,es_step,4000,0.0000,0.000,0.0358,1.95
12896,es_step,4000,0.0000,0.000,0.0358,1.95
12897,es_step,4000,0.0000,0.000,0.0358,1.92
12898,replay,4000,0.0688,1.000,0.0359,0.73
12899,replay,4000,0.0606,1.000,0.0359,0.73
12900,replay,4000,0.0614,1.000,0.0360,0.74
12901,es_step,4000,0.0000,0.000,0.0360,1.95
12902,replay,4000,0.0713,1.000,0.0360,0.73
12903,replay,4000,0.0679,1.000,0.0360,0.74
12904,replay,4000,0.0536,1.000,0.0360,0.74
12905,replay,4000,0.0526,1.000,0.0360,0.74
12906,replay,4000,0.0322,1.000,0.0358,0.74
12907,es_step,4000,0.0000,0.000,0.0358,1.97
12908,replay,4000,0.0354,1.000,0.0358,0.74
12909,replay,4000,0.0623,1.000,0.0358,0.74
12910,replay,4000,0.0489,1.000,0.0358,0.74
12911,replay,4000,0.0712,1.000,0.0358,0.74
12912,replay,4000,0.0643,1.000,0.0357,0.73
12913,es_step,4000,0.0000,0.000,0.0357,1.95
12914,replay,4000,0.0368,1.000,0.0357,0.74
12915,replay,4000,0.0411,1.000,0.0357,0.75
12916,es_step,4000,0.0000,0.000,0.0357,1.99
12917,replay,4000,0.0451,1.000,0.0357,0.75
12918,es_step,4000,0.0000,0.000,0.0357,1.98
12919,replay,4000,0.0320,1.000,0.0356,0.74
12920,replay,4000,0.0336,1.000,0.0356,0.75
12921,replay,4000,0.0293,1.000,0.0355,0.75
12922,replay,4000,0.0588,1.000,0.0356,0.74
12923,replay,4000,0.0695,1.000,0.0356,0.75
12924,replay,4000,0.0738,1.000,0.0356,0.75
12925,replay,4000,0.0903,1.000,0.0357,0.74
12926,replay,4000,0.0714,1.000,0.0356,0.75
12927,replay,4000,0.0655,1.000,0.0357,0.75
12928,replay,4000,0.0664,1.000,0.0357,0.75
12929,replay,4000,0.0729,1.000,0.0357,0.75
12930,replay,4000,0.0635,1.000,0.0357,0.74
12931,replay,4000,0.0690,1.000,0.0358,0.75
12932,replay,4000,0.0777,1.000,0.0358,0.75
12933,replay,4000,0.0821,1.000,0.0359,0.74
12934,es_step,4000,0.0000,0.000,0.0359,2.00
12935,replay,4000,0.0777,1.000,0.0359,0.74
12936,replay,4000,0.0633,1.000,0.0359,0.74
12937,replay,4000,0.0586,1.000,0.0359,0.74
12938,replay,4000,0.0238,1.000,0.0358,0.74
12939,es_step,4000,0.0000,0.000,0.0358,1.98
12940,replay,4000,0.0651,1.000,0.0358,0.74
12941,replay,4000,0.0624,1.000,0.0359,0.74
12942,es_step,4000,0.0000,0.000,0.0359,1.97
12943,replay,4000,0.0794,1.000,0.0360,0.74
12944,replay,4000,0.0687,1.000,0.0360,0.74
12945,replay,4000,0.0954,1.000,0.0363,0.74
12946,replay,4000,0.0746,1.000,0.0363,0.74
12947,replay,4000,0.0634,1.000,0.0362,0.73
12948,replay,4000,0.0763,1.000,0.0362,0.74
12949,replay,4000,0.0672,1.000,0.0363,0.73
12950,replay,4000,0.0501,1.000,0.0363,0.73
12951,replay,4000,0.0717,1.000,0.0363,0.74
12952,es_step,4000,0.0000,0.000,0.0363,1.98
12953,replay,4000,0.0284,1.000,0.0361,0.74
12954,es_step,4000,0.0000,0.000,0.0361,1.96
12955,replay,4000,0.0519,1.000,0.0361,0.74
12956,es_step,4000,0.0000,0.000,0.0361,1.95
12957,replay,4000,0.0615,1.000,0.0361,0.73
12958,replay,4000,0.0783,1.000,0.0361,0.73
12959,replay,4000,0.0788,1.000,0.0362,0.74
12960,es_step,4000,0.0000,0.000,0.0362,1.93
12961,replay,4000,0.0702,1.000,0.0363,0.73
12962,replay,4000,0.0573,1.000,0.0363,0.73
12963,es_step,4000,0.0000,0.000,0.0363,1.96
12964,replay,4000,0.0795,1.000,0.0363,0.74
12965,replay,4000,0.0737,1.000,0.0364,0.75
12966,es_step,4000,0.0000,0.000,0.0364,2.00
12967,replay,4000,0.0768,1.000,0.0364,0.75
12968,replay,4000,0.0810,1.000,0.0364,0.75
12969,es_step,4000,0.0000,0.000,0.0364,1.97
12970,replay,4000,0.0668,1.000,0.0364,0.74
12971,replay,4000,0.0576,1.000,0.0364,0.74
12972,es_step,4000,0.0000,0.000,0.0364,1.97
12973,replay,4000,0.0670,1.000,0.0364,0.74
12974,replay,4000,0.0565,1.000,0.0364,0.75
12975,replay,4000,0.0592,1.000,0.0364,0.75
12976,replay,4000,0.0493,1.000,0.0363,0.75
12977,replay,4000,0.0473,1.000,0.0363,0.75
12978,replay,4000,0.0575,1.000,0.0363,0.75
12979,replay,4000,0.0551,1.000,0.0362,0.74
12980,replay,4000,0.0413,1.000,0.0362,0.76
12981,replay,4000,0.0390,1.000,0.0362,0.74
12982,replay,4000,0.0194,1.000,0.0361,0.74
12983,es_step,4000,0.0000,0.000,0.0361,2.00
12984,replay,4000,0.0662,1.000,0.0362,0.74
12985,es_step,4000,0.0000,0.000,0.0362,1.97
12986,replay,4000,0.0635,1.000,0.0363,0.74
12987,replay,4000,0.0660,1.000,0.0363,0.74
12988,replay,4000,0.0817,1.000,0.0363,0.74
12989,replay,4000,0.0803,1.000,0.0364,0.73
12990,replay,4000,0.0790,1.000,0.0364,0.74
12991,es_step,4000,0.0000,0.000,0.0364,1.96
12992,es_step,4000,0.0000,0.000,0.0364,1.92
12993,replay,4000,0.0624,1.000,0.0365,0.73
12994,replay,4000,0.0538,1.000,0.0365,0.73
12995,replay,4000,0.0801,1.000,0.0365,0.73
12996,replay,4000,0.0852,1.000,0.0365,0.73
12997,es_step,4000,0.0000,0.000,0.0365,1.92
12998,replay,4000,-0.0603,1.000,0.0365,0.73
12999,replay,4000,0.0828,1.000,0.0365,0.74
13000,replay,4000,0.1052,1.000,0.0366,0.73
13001,replay,4000,0.1201,1.000,0.0367,0.73
13002,es_step,4000,0.0000,0.000,0.0367,1.90
13003,replay,4000,0.1060,1.000,0.0367,0.73
13004,replay,4000,0.0875,1.000,0.0367,0.73
13005,replay,4000,0.0978,1.000,0.0368,0.73
13006,replay,4000,0.0830,1.000,0.0368,0.73
13007,replay,4000,0.0768,1.000,0.0369,0.73
13008,es_step,4000,0.0000,0.000,0.0369,1.88
13009,replay,4000,0.0607,1.000,0.0369,0.73
13010,replay,4000,0.0690,1.000,0.0369,0.74
13011,replay,4000,0.0573,1.000,0.0370,0.73
13012,es_step,4000,0.0000,0.000,0.0370,1.88
13013,replay,4000,0.0565,1.000,0.0371,0.73
13014,replay,4000,0.0763,1.000,0.0372,0.74
13015,replay,4000,0.0465,1.000,0.0371,0.73
13016,replay,4000,0.0760,1.000,0.0371,0.73
13017,replay,4000,0.0899,1.000,0.0372,0.73
13018,replay,4000,0.0739,1.000,0.0372,0.74
13019,es_step,4000,0.0000,0.000,0.0372,1.93
13020,replay,4000,0.0435,1.000,0.0372,0.73
13021,replay,4000,0.0611,1.000,0.0371,0.74
13022,replay,4000,0.0431,1.000,0.0371,0.75
13023,replay,4000,0.0641,1.000,0.0372,0.75
13024,replay,4000,0.0917,1.000,0.0372,0.75
13025,replay,4000,0.0995,1.000,0.0373,0.75
13026,replay,4000,0.0929,1.000,0.0373,0.75
13027,replay,4000,0.0926,1.000,0.0374,0.74
13028,replay,4000,0.0899,1.000,0.0375,0.75
13029,replay,4000,0.0771,1.000,0.0376,0.75
13030,es_step,4000,0.0000,0.000,0.0376,2.02
13031,es_step,4000,0.0000,0.000,0.0376,1.99
13032,replay,4000,0.0555,1.000,0.0375,0.75
13033,es_step,4000,0.0000,0.000,0.0375,1.99
13034,replay,4000,0.0671,1.000,0.0374,0.74
13035,replay,4000,0.0481,1.000,0.0374,0.74
13036,replay,4000,0.0531,1.000,0.0374,0.74
13037,replay,4000,0.0658,1.000,0.0375,0.74
13038,replay,4000,0.0548,1.000,0.0374,0.73
13039,replay,4000,0.0568,1.000,0.0374,0.73
13040,replay,4000,0.0700,1.000,0.0374,0.73
13041,replay,4000,0.0556,1.000,0.0373,0.74
13042,replay,4000,-0.1499,1.000,0.0373,0.74
13043,replay,4000,0.0345,1.000,0.0373,0.74
13044,replay,4000,0.0862,1.000,0.0374,0.74
13045,es_step,4000,0.0000,0.000,0.0374,1.99
13046,replay,4000,0.1138,1.000,0.0375,0.74
13047,replay,4000,0.1062,1.000,0.0375,0.74
13048,replay,4000,0.0977,1.000,0.0376,0.74
13049,replay,4000,0.0998,1.000,0.0376,0.74
13050,replay,4000,0.0911,1.000,0.0377,0.73
13051,replay,4000,0.0735,1.000,0.0378,0.74
13052,es_step,4000,0.0000,0.000,0.0378,1.96
13053,replay,4000,0.0684,1.000,0.0378,0.74
13054,replay,4000,0.0387,1.000,0.0377,0.74
13055,replay,4000,0.0791,1.000,0.0377,0.73
13056,es_step,4000,0.0000,0.000,0.0377,1.92
13057,replay,4000,0.0612,1.000,0.0377,0.73
13058,replay,4000,0.0663,1.000,0.0377,0.73
13059,es_step,4000,0.0000,0.000,0.0377,1.93
13060,replay,4000,0.0454,1.000,0.0376,0.73
13061,replay,4000,0.0522,1.000,0.0376,0.73
13062,es_step,4000,0.0000,0.000,0.0376,1.91
13063,replay,4000,0.0661,1.000,0.0376,0.73
13064,es_step,4000,0.0000,0.000,0.0376,1.88
13065,es_step,4000,0.0000,0.000,0.0376,1.85
13066,es_step,4000,0.0000,0.000,0.0376,1.84
13067,replay,4000,0.0561,1.000,0.0376,0.73
13068,es_step,4000,0.0000,0.000,0.0376,1.89
13069,replay,4000,0.0536,1.000,0.0376,0.73
13070,replay,4000,0.0626,1.000,0.0375,0.73
13071,replay,4000,0.0470,1.000,0.0375,0.73
13072,replay,4000,0.0821,1.000,0.0375,0.74
13073,es_step,4000,0.0000,0.000,0.0375,1.99
13074,replay,4000,0.0464,1.000,0.0374,0.74
13075,es_step,4000,0.0000,0.000,0.0374,4.45
13076,replay,4000,0.0616,1.000,0.0374,0.74
13077,es_step,4000,0.0000,0.000,0.0374,1.91
13078,replay,4000,0.0665,1.000,0.0374,0.73
13079,replay,4000,0.0599,1.000,0.0374,0.73
13080,replay,4000,0.0604,1.000,0.0374,0.72
13081,es_step,4000,0.0000,0.000,0.0374,1.88
13082,replay,4000,0.0640,1.000,0.0373,0.72
13083,replay,4000,0.0561,1.000,0.0373,0.72
13084,replay,4000,0.0236,1.000,0.0371,0.72
13085,replay,4000,0.0268,1.000,0.0371,0.72
13086,replay,4000,0.0402,1.000,0.0370,0.72
13087,replay,4000,0.0535,1.000,0.0370,0.72
13088,replay,4000,0.0695,1.000,0.0370,0.73
13089,replay,4000,0.0626,1.000,0.0371,0.73
13090,replay,4000,0.0913,1.000,0.0371,0.73
13091,replay,4000,0.0869,1.000,0.0371,0.73
13092,replay,4000,0.0958,1.000,0.0371,0.73
13093,replay,4000,0.0882,1.000,0.0371,0.73
13094,replay,4000,0.0812,1.000,0.0372,0.74
13095,replay,4000,0.0793,1.000,0.0372,0.74
13096,replay,4000,0.0825,1.000,0.0372,0.74
13097,replay,4000,0.0931,1.000,0.0372,0.74
13098,replay,4000,0.0914,1.000,0.0373,0.74
13099,replay,4000,0.0922,1.000,0.0373,0.75
13100,replay,4000,0.1002,1.000,0.0374,0.75
13101,es_step,4000,0.0000,0.000,0.0374,2.00
13102,replay,4000,0.0598,1.000,0.0375,0.74
13103,replay,4000,0.0876,1.000,0.0375,0.74
13104,replay,4000,0.0914,1.000,0.0375,0.74
13105,es_step,4000,0.0000,0.000,0.0375,1.98
13106,replay,4000,0.0776,1.000,0.0376,0.74
13107,es_step,4000,0.0000,0.000,0.0376,1.95
13108,replay,4000,0.0467,1.000,0.0374,0.73
13109,es_step,4000,0.0000,0.000,0.0374,1.95
13110,replay,4000,0.0759,1.000,0.0374,0.73
13111,es_step,4000,0.0000,0.000,0.0374,1.95
13112,es_step,4000,0.0000,0.000,0.0374,1.95
13113,replay,4000,0.0775,1.000,0.0374,0.73
13114,replay,4000,0.0827,1.000,0.0374,0.73
13115,replay,4000,0.0721,1.000,0.0374,0.73
13116,replay,4000,0.0602,1.000,0.0376,0.74
13117,replay,4000,0.0539,1.000,0.0375,0.73
13118,replay,4000,0.0609,1.000,0.0375,0.74
13119,replay,4000,0.0674,1.000,0.0375,0.74
13120,replay,4000,0.0641,1.000,0.0375,0.74
13121,es_step,4000,0.0000,0.000,0.0375,1.97
13122,replay,4000,0.0746,1.000,0.0375,0.74
13123,replay,4000,0.0717,1.000,0.0375,0.73
13124,replay,4000,0.0624,1.000,0.0375,0.73
13125,replay,4000,0.0737,1.000,0.0375,0.73
13126,replay,4000,0.0564,1.000,0.0375,0.73
13127,es_step,4000,0.0000,0.000,0.0375,1.95
13128,replay,4000,0.0591,1.000,0.0375,0.74
13129,replay,4000,0.0643,1.000,0.0375,0.73
13130,replay,4000,0.0841,1.000,0.0375,0.73
13131,replay,4000,0.0716,1.000,0.0375,0.73
13132,replay,4000,0.0619,1.000,0.0375,0.73
13133,replay,4000,0.0798,1.000,0.0374,0.73
13134,replay,4000,0.0673,1.000,0.0375,0.73
13135,replay,4000,0.0836,1.000,0.0376,0.74
13136,replay,4000,0.0930,1.000,0.0377,0.74
13137,replay,4000,0.0025,1.000,0.0377,0.74
13138,replay,4000,0.0778,1.000,0.0378,0.74
13139,replay,4000,0.0780,1.000,0.0378,0.74
13140,replay,4000,0.1086,1.000,0.0378,0.74
13141,replay,4000,0.1240,1.000,0.0378,0.74
13142,replay,4000,0.1117,1.000,0.0378,0.74
13143,replay,4000,0.0956,1.000,0.0379,0.74
13144,replay,4000,0.0857,1.000,0.0380,0.74
13145,replay,4000,0.1166,1.000,0.0381,0.74
13146,replay,4000,0.1016,1.000,0.0381,0.74
13147,replay,4000,0.0947,1.000,0.0382,0.74
13148,replay,4000,0.0737,1.000,0.0382,0.74
13149,replay,4000,0.0569,1.000,0.0381,0.74
13150,replay,4000,0.0439,1.000,0.0381,0.74
13151,es_step,4000,0.0000,0.000,0.0381,2.02
13152,replay,4000,0.0663,1.000,0.0381,0.75
13153,replay,4000,0.0666,1.000,0.0381,0.74
13154,replay,4000,0.0739,1.000,0.0381,0.74
13155,replay,4000,0.0909,1.000,0.0382,0.74
13156,es_step,4000,0.0000,0.000,0.0382,2.00
13157,es_step,4000,0.0000,0.000,0.0382,1.98
13158,replay,4000,0.0915,1.000,0.0382,0.74
13159,replay,4000,0.0861,1.000,0.0383,0.74
13160,replay,4000,0.0716,1.000,0.0383,0.74
13161,replay,4000,0.0783,1.000,0.0383,0.73
13162,replay,4000,0.0860,1.000,0.0383,0.74
13163,es_step,4000,0.0000,0.000,0.0383,1.98
13164,es_step,4000,0.0000,0.000,0.0383,1.96
13165,replay,4000,0.0916,1.000,0.0383,0.74
13166,replay,4000,0.0830,1.000,0.0384,0.74
13167,replay,4000,0.0821,1.000,0.0384,0.74
13168,es_step,4000,0.0000,0.000,0.0384,1.98
13169,replay,4000,0.0704,1.000,0.0385,0.75
13170,replay,4000,0.0785,1.000,0.0385,0.75
13171,replay,4000,0.0722,1.000,0.0385,0.75
13172,replay,4000,0.0547,1.000,0.0385,0.75
13173,replay,4000,0.0496,1.000,0.0384,0.74
13174,replay,4000,0.0504,1.000,0.0384,0.74
13175,replay,4000,0.0531,1.000,0.0384,0.74
13176,replay,4000,0.0623,1.000,0.0384,0.74
13177,replay,4000,0.0369,1.000,0.0383,0.74
13178,replay,4000,0.0244,1.000,0.0383,0.75
13179,replay,4000,0.0440,1.000,0.0382,0.75
13180,replay,4000,0.0446,1.000,0.0381,0.74
13181,replay,4000,0.0567,1.000,0.0381,0.75
13182,replay,4000,0.0784,1.000,0.0381,0.75
13183,replay,4000,0.0708,1.000,0.0381,0.75
13184,es_step,4000,0.0000,0.000,0.0381,2.04
13185,replay,4000,0.0730,1.000,0.0381,0.76
13186,replay,4000,0.0612,1.000,0.0381,0.75
13187,replay,4000,0.0519,1.000,0.0380,0.75
13188,replay,4000,-0.1707,1.000,0.0379,0.75
13189,replay,4000,0.0548,1.000,0.0379,0.74
13190,replay,4000,0.0788,1.000,0.0380,0.75
13191,replay,4000,0.0879,1.000,0.0380,0.75
13192,replay,4000,0.1009,1.000,0.0381,0.75
13193,replay,4000,0.1054,1.000,0.0382,0.75
13194,es_step,4000,0.0000,0.000,0.0382,2.04
13195,replay,4000,0.0920,1.000,0.0382,0.75
13196,replay,4000,0.0749,1.000,0.0381,0.75
13197,replay,4000,0.0615,1.000,0.0381,0.74
13198,replay,4000,0.0566,1.000,0.0381,0.75
13199,replay,4000,0.0696,1.000,0.0381,0.75
13200,replay,4000,0.0738,1.000,0.0380,0.75
13201,es_step,4000,0.0000,0.000,0.0380,2.05
13202,es_step,4000,0.0000,0.000,0.0380,2.04
13203,replay,4000,0.0709,1.000,0.0380,0.75
13204,replay,4000,0.0725,1.000,0.0380,0.75
13205,replay,4000,0.0896,1.000,0.0380,0.75
13206,replay,4000,0.0959,1.000,0.0380,0.75
13207,replay,4000,0.0836,1.000,0.0381,0.75
13208,replay,4000,0.0835,1.000,0.0381,0.75
13209,replay,4000,0.0840,1.000,0.0381,0.74
13210,replay,4000,0.0789,1.000,0.0381,0.74
13211,replay,4000,0.0794,1.000,0.0381,0.74
13212,replay,4000,0.0743,1.000,0.0381,0.74
13213,replay,4000,0.0653,1.000,0.0381,0.74
13214,es_step,4000,0.0000,0.000,0.0381,2.00
13215,es_step,4000,0.0000,0.000,0.0381,1.99
13216,replay,4000,0.0582,1.000,0.0382,0.74
13217,es_step,4000,0.0000,0.000,0.0382,1.97
13218,replay,4000,0.0732,1.000,0.0382,0.75
13219,es_step,4000,0.0000,0.000,0.0382,2.00
13220,replay,4000,0.0753,1.000,0.0382,0.74
13221,replay,4000,0.0732,1.000,0.0383,0.74
13222,replay,4000,0.0812,1.000,0.0383,0.74
13223,es_step,4000,0.0000,0.000,0.0383,1.97
13224,replay,4000,0.0743,1.000,0.0383,0.74
13225,replay,4000,0.0754,1.000,0.0383,0.74
13226,replay,4000,0.0674,1.000,0.0383,0.74
13227,es_step,4000,0.0000,0.000,0.0383,1.96
13228,replay,4000,0.0610,1.000,0.0383,0.74
13229,replay,4000,0.0718,1.000,0.0383,0.73
13230,replay,4000,0.0640,1.000,0.0383,0.74
13231,es_step,4000,0.0000,0.000,0.0383,1.95
13232,replay,4000,0.0491,1.000,0.0382,0.74
13233,replay,4000,0.0398,1.000,0.0382,0.74
13234,replay,4000,0.0951,1.000,0.0381,0.75
13235,replay,4000,0.0655,1.000,0.0381,0.75
13236,es_step,4000,0.0000,0.000,0.0381,1.98
13237,replay,4000,0.0531,1.000,0.0381,0.73
13238,es_step,4000,0.0000,0.000,0.0381,1.94
13239,es_step,4000,0.0000,0.000,0.0381,1.93
13240,replay,4000,0.0679,1.000,0.0381,0.73
13241,replay,4000,0.0721,1.000,0.0381,0.74
13242,es_step,4000,0.0000,0.000,0.0381,1.95
13243,replay,4000,0.0759,1.000,0.0382,0.74
13244,replay,4000,0.0803,1.000,0.0382,0.74
13245,replay,4000,0.0609,1.000,0.0381,0.74
13246,replay,4000,0.0681,1.000,0.0381,0.74
13247,replay,4000,0.0629,1.000,0.0382,0.74
13248,replay,4000,0.0637,1.000,0.0382,0.74
13249,replay,4000,0.0667,1.000,0.0382,0.74
13250,replay,4000,0.0669,1.000,0.0381,0.74
13251,replay,4000,0.0582,1.000,0.0382,0.74
13252,replay,4000,0.0361,1.000,0.0381,0.74
13253,replay,4000,0.0352,1.000,0.0381,0.74
13254,replay,4000,0.0251,1.000,0.0380,0.74
13255,es_step,4000,0.0000,0.000,0.0380,1.96
13256,replay,4000,0.0572,1.000,0.0380,0.74
13257,replay,4000,0.0461,1.000,0.0380,0.74
13258,replay,4000,0.0673,1.000,0.0380,0.74
13259,replay,4000,0.0728,1.000,0.0380,0.74
13260,es_step,4000,0.0000,0.000,0.0380,1.96
13261,replay,4000,0.0664,1.000,0.0380,0.74
13262,replay,4000,0.0624,1.000,0.0380,0.74
13263,es_step,4000,0.0000,0.000,0.0380,1.95
13264,replay,4000,0.0560,1.000,0.0379,0.74
13265,es_step,4000,0.0000,0.000,0.0379,1.98
13266,es_step,4000,0.0000,0.000,0.0379,1.95
13267,replay,4000,0.0572,1.000,0.0379,0.74
13268,replay,4000,0.0544,1.000,0.0380,0.75
13269,replay,4000,0.0445,1.000,0.0380,0.75
13270,es_step,4000,0.0000,0.000,0.0380,1.98
13271,replay,4000,0.0557,1.000,0.0380,0.74
13272,es_step,4000,0.0000,0.000,0.0380,1.96
13273,replay,4000,0.0527,1.000,0.0380,0.73
13274,replay,4000,0.0733,1.000,0.0380,0.73
13275,replay,4000,0.0765,1.000,0.0380,0.73
13276,replay,4000,0.0656,1.000,0.0380,0.74
13277,replay,4000,0.0667,1.000,0.0381,0.74
13278,replay,4000,0.0665,1.000,0.0382,0.74
13279,replay,4000,0.0856,1.000,0.0382,0.74
13280,replay,4000,0.0742,1.000,0.0382,0.75
13281,es_step,4000,0.0000,0.000,0.0382,2.00
13282,replay,4000,0.0639,1.000,0.0382,0.75
13283,replay,4000,0.0482,1.000,0.0382,0.76
13284,replay,4000,0.0301,1.000,0.0381,0.75
13285,replay,4000,0.0403,1.000,0.0381,0.75
13286,replay,4000,0.0346,1.000,0.0380,0.75
13287,replay,4000,0.0303,1.000,0.0379,0.75
13288,replay,4000,0.0284,1.000,0.0379,0.75
13289,replay,4000,0.0570,1.000,0.0379,0.75
13290,replay,4000,0.0674,1.000,0.0379,0.75
13291,replay,4000,0.0780,1.000,0.0379,0.76
13292,es_step,4000,0.0000,0.000,0.0379,2.02
13293,es_step,4000,0.0000,0.000,0.0379,2.01
13294,replay,4000,0.1306,1.000,0.0379,0.75
13295,replay,4000,0.0811,1.000,0.0379,0.75
13296,replay,4000,0.0588,1.000,0.0380,0.75
13297,replay,4000,0.0847,1.000,0.0381,0.75
13298,replay,4000,0.0949,1.000,0.0382,0.74
13299,replay,4000,0.0808,1.000,0.0383,0.74
13300,replay,4000,0.0654,1.000,0.0383,0.75
13301,replay,4000,0.0416,1.000,0.0382,0.74
13302,replay,4000,0.0355,1.000,0.0381,0.75
13303,replay,4000,0.0285,1.000,0.0381,0.74
13304,replay,4000,0.0279,1.000,0.0380,0.74
13305,replay,4000,0.0408,1.000,0.0379,0.75
13306,es_step,4000,0.0000,0.000,0.0379,2.00
13307,replay,4000,0.0490,1.000,0.0378,0.75
13308,replay,4000,0.0460,1.000,0.0378,0.75
13309,replay,4000,0.0450,1.000,0.0378,0.75
13310,replay,4000,0.0435,1.000,0.0377,0.75
13311,replay,4000,0.0416,1.000,0.0377,0.75
13312,replay,4000,0.0648,1.000,0.0377,0.75
13313,replay,4000,0.0465,1.000,0.0378,0.75
13314,replay,4000,0.0593,1.000,0.0377,0.75
13315,replay,4000,0.0364,1.000,0.0377,0.75
13316,es_step,4000,0.0000,0.000,0.0377,2.00
13317,replay,4000,0.0311,1.000,0.0377,0.75
13318,replay,4000,0.0493,1.000,0.0377,0.75
13319,es_step,4000,0.0000,0.000,0.0377,2.00
13320,replay,4000,0.1139,1.000,0.0377,0.75
13321,replay,4000,0.0973,1.000,0.0377,0.74
13322,replay,4000,0.0816,1.000,0.0378,0.74
13323,replay,4000,0.1031,1.000,0.0380,0.74
13324,es_step,4000,0.0000,0.000,0.0380,1.98
13325,replay,4000,0.0963,1.000,0.0382,0.74
13326,replay,4000,0.0836,1.000,0.0382,0.74
13327,replay,4000,0.0677,1.000,0.0382,0.74
13328,replay,4000,0.0598,1.000,0.0382,0.74
13329,replay,4000,0.0337,1.000,0.0381,0.74
13330,replay,4000,0.0503,1.000,0.0380,0.75
13331,replay,4000,0.0413,1.000,0.0380,0.74
13332,replay,4000,0.0266,1.000,0.0379,0.75
13333,replay,4000,0.0467,1.000,0.0379,0.75
13334,replay,4000,0.0759,1.000,0.0378,0.75
13335,replay,4000,0.0744,1.000,0.0378,0.75
13336,replay,4000,0.0972,1.000,0.0380,0.76
13337,replay,4000,0.1111,1.000,0.0381,0.76
13338,replay,4000,0.0825,1.000,0.0381,0.76
13339,replay,4000,0.1026,1.000,0.0382,0.76
13340,replay,4000,0.0730,1.000,0.0381,0.77
13341,replay,4000,0.0746,1.000,0.0381,0.76
13342,replay,4000,0.0648,1.000,0.0381,0.76
13343,replay,4000,0.0637,1.000,0.0382,0.76
13344,replay,4000,0.0734,1.000,0.0382,0.76
13345,replay,4000,0.0702,1.000,0.0382,0.76
13346,replay,4000,0.0844,1.000,0.0382,0.76
13347,replay,4000,0.0526,1.000,0.0382,0.76
13348,es_step,4000,0.0000,0.000,0.0382,2.05
13349,replay,4000,0.0851,1.000,0.0381,0.75
13350,replay,4000,0.0788,1.000,0.0381,0.75
13351,replay,4000,0.0726,1.000,0.0381,0.75
13352,replay,4000,0.0398,1.000,0.0381,0.75
13353,replay,4000,0.0545,1.000,0.0381,0.75
13354,replay,4000,0.0923,1.000,0.0382,0.75
13355,replay,4000,0.1018,1.000,0.0383,0.75
13356,es_step,4000,0.0000,0.000,0.0383,2.05
13357,replay,4000,0.1012,1.000,0.0383,0.75
13358,es_step,4000,0.0000,0.000,0.0383,2.06
13359,es_step,4000,0.0000,0.000,0.0383,2.05
13360,replay,4000,0.0918,1.000,0.0384,0.76
13361,replay,4000,0.0743,1.000,0.0383,0.76
13362,replay,4000,0.0616,1.000,0.0383,0.75
13363,replay,4000,0.0498,1.000,0.0383,0.76
13364,replay,4000,0.0383,1.000,0.0382,0.75
13365,es_step,4000,0.0000,0.000,0.0382,2.04
13366,replay,4000,0.0478,1.000,0.0382,0.75
13367,es_step,4000,0.0000,0.000,0.0382,2.05
13368,es_step,4000,0.0000,0.000,0.0382,2.03
13369,replay,4000,0.0402,1.000,0.0381,0.75
13370,replay,4000,0.0466,1.000,0.0381,0.75
13371,replay,4000,0.0451,1.000,0.0380,0.74
13372,es_step,4000,0.0000,0.000,0.0380,2.01
13373,replay,4000,0.0467,1.000,0.0380,0.75
13374,replay,4000,0.0647,1.000,0.0380,0.75
13375,replay,4000,0.0457,1.000,0.0381,0.74
13376,replay,4000,0.0647,1.000,0.0381,0.75
13377,replay,4000,0.0531,1.000,0.0381,0.74
13378,es_step,4000,0.0000,0.000,0.0381,2.00
13379,replay,4000,0.0749,1.000,0.0382,0.75
13380,replay,4000,0.0866,1.000,0.0383,0.76
13381,replay,4000,0.0898,1.000,0.0383,0.75
13382,replay,4000,0.0742,1.000,0.0383,0.74
13383,replay,4000,0.0632,1.000,0.0384,0.75
13384,replay,4000,0.0689,1.000,0.0384,0.75
13385,replay,4000,0.0654,1.000,0.0384,0.74
13386,replay,4000,0.0646,1.000,0.0385,0.74
13387,es_step,4000,0.0000,0.000,0.0385,4.48
13388,es_step,4000,0.0000,0.000,0.0385,1.99
13389,replay,4000,0.0687,1.000,0.0385,0.74
13390,replay,4000,0.0680,1.000,0.0385,0.74
13391,replay,4000,0.0799,1.000,0.0385,0.74
13392,es_step,4000,0.0000,0.000,0.0385,1.98
13393,replay,4000,0.0868,1.000,0.0385,0.75
13394,replay,4000,0.0771,1.000,0.0386,0.75
13395,replay,4000,0.0785,1.000,0.0386,0.74
13396,replay,4000,0.0712,1.000,0.0386,0.74
13397,replay,4000,0.0629,1.000,0.0385,0.74
13398,replay,4000,0.0666,1.000,0.0385,0.74
13399,replay,4000,0.0645,1.000,0.0385,0.74
13400,replay,4000,0.0599,1.000,0.0385,0.74
13401,replay,4000,0.0622,1.000,0.0385,0.74
13402,replay,4000,0.0584,1.000,0.0385,0.74
13403,replay,4000,0.0569,1.000,0.0385,0.74
13404,replay,4000,0.0681,1.000,0.0385,0.74
13405,replay,4000,0.0713,1.000,0.0385,0.75
13406,es_step,4000,0.0000,0.000,0.0385,1.99
13407,replay,4000,0.0669,1.000,0.0385,0.74
13408,replay,4000,0.0674,1.000,0.0385,0.74
13409,replay,4000,0.0760,1.000,0.0385,0.75
13410,replay,4000,0.0762,1.000,0.0385,0.74
13411,replay,4000,0.0720,1.000,0.0385,0.75
13412,replay,4000,0.0696,1.000,0.0385,0.74
13413,replay,4000,0.0665,1.000,0.0386,0.75
13414,replay,4000,0.0704,1.000,0.0386,0.75
13415,replay,4000,0.0689,1.000,0.0386,0.75
13416,es_step,4000,0.0000,0.000,0.0386,2.02
13417,replay,4000,0.0689,1.000,0.0386,0.75
13418,replay,4000,0.0679,1.000,0.0386,0.75
13419,replay,4000,0.0698,1.000,0.0386,0.75
13420,replay,4000,0.0680,1.000,0.0386,0.75
13421,replay,4000,0.0552,1.000,0.0386,0.74
13422,replay,4000,0.0688,1.000,0.0386,0.74
13423,replay,4000,0.0632,1.000,0.0386,0.74
13424,replay,4000,0.0573,1.000,0.0386,0.74
13425,replay,4000,0.0537,1.000,0.0385,0.74
13426,replay,4000,0.0421,1.000,0.0385,0.74
13427,replay,4000,0.0308,1.000,0.0385,0.75
13428,replay,4000,0.0492,1.000,0.0385,0.74
13429,es_step,4000,0.0000,0.000,0.0385,2.00
13430,replay,4000,0.0601,1.000,0.0385,0.74
13431,replay,4000,0.0567,1.000,0.0384,0.74
13432,replay,4000,0.0637,1.000,0.0384,0.74
13433,es_step,4000,0.0000,0.000,0.0384,1.99
13434,replay,4000,0.0605,1.000,0.0384,0.74
13435,replay,4000,0.0456,1.000,0.0384,0.74
13436,replay,4000,0.0488,1.000,0.0384,0.74
13437,replay,4000,0.0675,1.000,0.0384,0.75
13438,replay,4000,0.0665,1.000,0.0384,0.75
13439,replay,4000,0.0736,1.000,0.0384,0.75
13440,es_step,4000,0.0000,0.000,0.0384,2.04
13441,replay,4000,0.0686,1.000,0.0384,0.75
13442,es_step,4000,0.0000,0.000,0.0384,2.00
13443,es_step,4000,0.0000,0.000,0.0384,1.98
13444,replay,4000,0.0642,1.000,0.0384,0.75
13445,replay,4000,0.0577,1.000,0.0384,0.75
13446,replay,4000,0.0279,1.000,0.0383,0.75
13447,replay,4000,0.0440,1.000,0.0383,0.75
13448,replay,4000,0.0545,1.000,0.0383,0.75
13449,es_step,4000,0.0000,0.000,0.0383,2.01
13450,es_step,4000,0.0000,0.000,0.0383,1.99
13451,replay,4000,0.0657,1.000,0.0383,0.74
13452,replay,4000,0.0922,1.000,0.0383,0.74
13453,replay,4000,0.1079,1.000,0.0384,0.74
13454,replay,4000,0.1100,1.000,0.0385,0.73
13455,replay,4000,0.1146,1.000,0.0386,0.73
13456,es_step,4000,0.0000,0.000,0.0386,1.96
13457,replay,4000,0.0845,1.000,0.0386,0.73
13458,replay,4000,0.1094,1.000,0.0388,0.73
13459,replay,4000,0.1080,1.000,0.0389,0.73
13460,replay,4000,0.1017,1.000,0.0390,0.73
13461,replay,4000,0.0822,1.000,0.0391,0.74
13462,replay,4000,0.0804,1.000,0.0391,0.73
13463,replay,4000,0.0712,1.000,0.0391,0.73
13464,replay,4000,0.0635,1.000,0.0391,0.74
13465,replay,4000,0.0534,1.000,0.0391,0.74
13466,replay,4000,0.0433,1.000,0.0390,0.74
13467,replay,4000,0.0482,1.000,0.0390,0.74
13468,es_step,4000,0.0000,0.000,0.0390,1.98
13469,replay,4000,0.0479,1.000,0.0390,0.73
13470,replay,4000,0.0483,1.000,0.0389,0.74
13471,es_step,4000,0.0000,0.000,0.0389,1.97
13472,es_step,4000,0.0000,0.000,0.0389,1.97
13473,replay,4000,0.0620,1.000,0.0389,0.74
13474,replay,4000,0.0246,1.000,0.0389,0.74
13475,replay,4000,0.0439,1.000,0.0388,0.74
13476,replay,4000,0.0538,1.000,0.0388,0.73
13477,replay,4000,0.0511,1.000,0.0389,0.73
13478,replay,4000,0.0430,1.000,0.0389,0.74
13479,replay,4000,0.0517,1.000,0.0389,0.73
13480,replay,4000,0.0475,1.000,0.0389,0.74
13481,replay,4000,0.0476,1.000,0.0389,0.74
13482,replay,4000,0.0668,1.000,0.0389,0.74
13483,replay,4000,0.0701,1.000,0.0389,0.74
13484,replay,4000,0.0584,1.000,0.0388,0.74
13485,replay,4000,0.0391,1.000,0.0387,0.74
13486,replay,4000,0.0317,1.000,0.0385,0.74
13487,replay,4000,0.0521,1.000,0.0385,0.74
13488,replay,4000,0.0622,1.000,0.0385,0.75
13489,replay,4000,0.0497,1.000,0.0385,0.74
13490,replay,4000,0.0145,1.000,0.0384,0.75
13491,replay,4000,-0.0046,1.000,0.0384,0.75
13492,replay,4000,0.0710,1.000,0.0384,0.74
13493,replay,4000,0.0945,1.000,0.0385,0.74
13494,es_step,4000,0.0000,0.000,0.0385,1.99
13495,replay,4000,0.1087,1.000,0.0385,0.74
13496,replay,4000,0.1202,1.000,0.0387,0.74
13497,replay,4000,0.1089,1.000,0.0387,0.73
13498,replay,4000,0.0783,1.000,0.0388,0.73
13499,replay,4000,0.0942,1.000,0.0389,0.73
13500,es_step,4000,0.0000,0.000,0.0389,1.97
13501,replay,4000,0.0885,1.000,0.0390,0.73
13502,replay,4000,0.0680,1.000,0.0389,0.73
13503,es_step,4000,0.0000,0.000,0.0389,1.98
13504,replay,4000,0.0676,1.000,0.0389,0.74
13505,replay,4000,0.0638,1.000,0.0389,0.73
13506,es_step,4000,0.0000,0.000,0.0389,1.97
13507,replay,4000,0.0618,1.000,0.0389,0.74
13508,es_step,4000,0.0000,0.000,0.0389,1.97
13509,replay,4000,0.0664,1.000,0.0389,0.74
13510,replay,4000,0.0617,1.000,0.0389,0.73
13511,replay,4000,0.0652,1.000,0.0389,0.73
13512,replay,4000,0.0615,1.000,0.0389,0.73
13513,es_step,4000,0.0000,0.000,0.0389,1.96
13514,replay,4000,0.0546,1.000,0.0389,0.73
13515,replay,4000,0.0732,1.000,0.0389,0.73
13516,replay,4000,0.0843,1.000,0.0389,0.73
13517,replay,4000,0.0747,1.000,0.0389,0.73
13518,es_step,4000,0.0000,0.000,0.0389,1.96
13519,replay,4000,0.0723,1.000,0.0389,0.73
13520,replay,4000,0.0773,1.000,0.0389,0.73
13521,replay,4000,0.0811,1.000,0.0389,0.73
13522,replay,4000,0.0731,1.000,0.0390,0.75
13523,replay,4000,0.0658,1.000,0.0390,0.74
13524,replay,4000,0.0792,1.000,0.0391,0.74
13525,replay,4000,0.0774,1.000,0.0391,0.74
13526,replay,4000,0.0731,1.000,0.0392,0.73
13527,replay,4000,0.0757,1.000,0.0392,0.74
13528,replay,4000,0.0805,1.000,0.0392,0.74
13529,replay,4000,0.0735,1.000,0.0393,0.74
13530,replay,4000,0.0717,1.000,0.0393,0.74
13531,replay,4000,0.0764,1.000,0.0393,0.74
13532,replay,4000,0.0941,1.000,0.0394,0.74
13533,es_step,4000,0.0000,0.000,0.0394,1.98
13534,es_step,4000,0.0000,0.000,0.0394,1.96
13535,replay,4000,0.0830,1.000,0.0394,0.74
13536,es_step,4000,0.0000,0.000,0.0394,1.95
13537,replay,4000,0.0670,1.000,0.0394,0.73
13538,es_step,4000,0.0000,0.000,0.0394,1.94
13539,replay,4000,0.0904,1.000,0.0394,0.74
13540,replay,4000,0.0560,1.000,0.0393,0.74
13541,replay,4000,0.0814,1.000,0.0394,0.74
13542,es_step,4000,0.0000,0.000,0.0394,1.96
13543,replay,4000,0.0814,1.000,0.0394,0.73
13544,es_step,4000,0.0000,0.000,0.0394,1.93
13545,replay,4000,0.0856,1.000,0.0394,0.73
13546,replay,4000,0.0753,1.000,0.0394,0.72
13547,replay,4000,0.0656,1.000,0.0394,0.73
13548,es_step,4000,0.0000,0.000,0.0394,1.94
13549,replay,4000,0.0611,1.000,0.0394,0.73
13550,replay,4000,0.0624,1.000,0.0394,0.73
13551,replay,4000,0.0569,1.000,0.0394,0.73
13552,replay,4000,0.0574,1.000,0.0393,0.73
13553,replay,4000,0.0433,1.000,0.0393,0.73
13554,es_step,4000,0.0000,0.000,0.0393,1.97
13555,es_step,4000,0.0000,0.000,0.0393,1.97
13556,es_step,4000,0.0000,0.000,0.0393,1.95
13557,replay,4000,0.0598,1.000,0.0393,0.73
13558,replay,4000,0.0514,1.000,0.0393,0.74
13559,replay,4000,0.0587,1.000,0.0393,0.73
13560,replay,4000,0.0452,1.000,0.0393,0.74
13561,replay,4000,0.0427,1.000,0.0393,0.75
13562,replay,4000,0.0421,1.000,0.0393,0.73
13563,replay,4000,0.0631,1.000,0.0393,0.73
13564,es_step,4000,0.0000,0.000,0.0393,1.96
13565,es_step,4000,0.0000,0.000,0.0393,1.95
13566,replay,4000,0.0710,1.000,0.0393,0.74
13567,replay,4000,0.0634,1.000,0.0394,0.74
13568,es_step,4000,0.0000,0.000,0.0394,1.96
13569,replay,4000,0.0861,1.000,0.0394,0.74
13570,replay,4000,0.0834,1.000,0.0394,0.74
13571,replay,4000,0.0894,1.000,0.0394,0.73
13572,replay,4000,0.0910,1.000,0.0395,0.73
13573,es_step,4000,0.0000,0.000,0.0395,1.95
13574,es_step,4000,0.0000,0.000,0.0395,1.95
13575,es_step,4000,0.0000,0.000,0.0395,1.94
13576,replay,4000,0.0808,1.000,0.0396,0.73
13577,es_step,4000,0.0000,0.000,0.0396,1.93
13578,es_step,4000,0.0000,0.000,0.0396,1.94
13579,replay,4000,0.0866,1.000,0.0396,0.73
13580,replay,4000,0.0530,1.000,0.0396,0.73
13581,replay,4000,0.0891,1.000,0.0397,0.73
13582,replay,4000,0.0900,1.000,0.0397,0.73
13583,replay,4000,0.0973,1.000,0.0398,0.73
13584,replay,4000,0.0845,1.000,0.0398,0.72
13585,replay,4000,0.0636,1.000,0.0398,0.73
13586,replay,4000,0.0643,1.000,0.0397,0.74
13587,replay,4000,0.0549,1.000,0.0397,0.73
13588,replay,4000,0.0427,1.000,0.0396,0.73
13589,replay,4000,0.0521,1.000,0.0396,0.73
13590,replay,4000,0.0641,1.000,0.0395,0.73
13591,es_step,4000,0.0000,0.000,0.0395,1.97
13592,replay,4000,0.0710,1.000,0.0395,0.73
13593,replay,4000,0.0707,1.000,0.0395,0.73
13594,es_step,4000,0.0000,0.000,0.0395,1.94
13595,replay,4000,0.0710,1.000,0.0395,0.73
13596,replay,4000,0.0696,1.000,0.0395,0.74
13597,es_step,4000,0.0000,0.000,0.0395,1.95
13598,replay,4000,0.0737,1.000,0.0395,0.73
13599,replay,4000,0.0612,1.000,0.0395,0.73
13600,replay,4000,0.0704,1.000,0.0395,0.73
13601,replay,4000,0.0708,1.000,0.0395,0.73
13602,replay,4000,0.0654,1.000,0.0395,0.73
13603,replay,4000,0.0679,1.000,0.0395,0.74
13604,es_step,4000,0.0000,0.000,0.0395,1.96
13605,replay,4000,0.0689,1.000,0.0395,0.74
13606,replay,4000,0.0715,1.000,0.0395,0.73
13607,replay,4000,0.0696,1.000,0.0395,0.73
13608,replay,4000,0.0671,1.000,0.0395,0.74
13609,replay,4000,0.0701,1.000,0.0395,0.74
13610,replay,4000,0.0779,1.000,0.0395,0.74
13611,es_step,4000,0.0000,0.000,0.0395,1.96
13612,replay,4000,0.0740,1.000,0.0395,0.74
13613,replay,4000,0.0610,1.000,0.0394,0.73
13614,replay,4000,0.0566,1.000,0.0394,0.73
13615,es_step,4000,0.0000,0.000,0.0394,1.94
13616,replay,4000,0.0477,1.000,0.0394,0.74
13617,es_step,4000,0.0000,0.000,0.0394,1.93
13618,replay,4000,0.0785,1.000,0.0394,0.73
13619,replay,4000,0.0660,1.000,0.0394,0.72
13620,es_step,4000,0.0000,0.000,0.0394,1.91
13621,replay,4000,0.0683,1.000,0.0394,0.72
13622,replay,4000,0.0678,1.000,0.0394,0.73
13623,replay,4000,0.0549,1.000,0.0393,0.72
13624,replay,4000,0.0239,1.000,0.0392,0.86
13625,replay,4000,0.0186,1.000,0.0391,0.73
13626,replay,4000,0.0263,1.000,0.0390,0.73
13627,replay,4000,0.0162,1.000,0.0389,0.73
13628,replay,4000,0.0634,1.000,0.0389,0.74
13629,replay,4000,0.0835,1.000,0.0390,0.74
13630,replay,4000,0.0971,1.000,0.0390,0.74
13631,replay,4000,0.0913,1.000,0.0391,0.91
13632,replay,4000,0.0829,1.000,0.0391,0.74
13633,replay,4000,0.0802,1.000,0.0392,0.74
13634,replay,4000,0.0856,1.000,0.0392,0.74
13635,replay,4000,0.0702,1.000,0.0392,0.74
13636,es_step,4000,0.0000,0.000,0.0392,1.98
13637,replay,4000,0.0801,1.000,0.0392,0.74
13638,replay,4000,0.0580,1.000,0.0392,0.75
13639,replay,4000,0.0774,1.000,0.0392,0.74
13640,es_step,4000,0.0000,0.000,0.0392,2.00
13641,replay,4000,0.0851,1.000,0.0393,0.75
13642,es_step,4000,0.0000,0.000,0.0393,2.00
13643,replay,4000,0.0695,1.000,0.0393,0.75
13644,replay,4000,0.0828,1.000,0.0393,0.74
13645,es_step,4000,0.0000,0.000,0.0393,1.98
13646,replay,4000,0.0798,1.000,0.0393,0.74
13647,es_step,4000,0.0000,0.000,0.0393,1.96
13648,es_step,4000,0.0000,0.000,0.0393,1.95
13649,replay,4000,0.0884,1.000,0.0393,0.73
13650,es_step,4000,0.0000,0.000,0.0393,1.94
13651,replay,4000,0.0691,1.000,0.0393,0.73
13652,replay,4000,0.0781,1.000,0.0393,0.73
13653,es_step,4000,0.0000,0.000,0.0393,1.94
13654,es_step,4000,0.0000,0.000,0.0393,1.92
13655,replay,4000,0.0737,1.000,0.0393,0.73
13656,replay,4000,0.0702,1.000,0.0393,0.73
13657,replay,4000,0.0780,1.000,0.0392,0.74
13658,replay,4000,0.0782,1.000,0.0393,0.74
13659,replay,4000,0.0795,1.000,0.0393,0.74
13660,es_step,4000,0.0000,0.000,0.0393,1.99
13661,replay,4000,0.0718,1.000,0.0393,0.74
13662,replay,4000,0.0816,1.000,0.0393,0.75
13663,replay,4000,0.0767,1.000,0.0393,0.74
13664,replay,4000,0.0777,1.000,0.0393,0.74
13665,es_step,4000,0.0000,0.000,0.0393,1.98
13666,replay,4000,0.0972,1.000,0.0393,0.74
13667,replay,4000,0.0851,1.000,0.0394,0.74
13668,replay,4000,0.0788,1.000,0.0395,0.74
13669,es_step,4000,0.0000,0.000,0.0395,1.95
13670,es_step,4000,0.0000,0.000,0.0395,1.93
13671,replay,4000,0.0929,1.000,0.0396,0.73
13672,replay,4000,0.0895,1.000,0.0396,0.73
13673,replay,4000,0.0912,1.000,0.0397,0.73
13674,es_step,4000,0.0000,0.000,0.0397,4.37
13675,replay,4000,0.0627,1.000,0.0397,0.73
13676,replay,4000,0.0708,1.000,0.0397,0.73
13677,replay,4000,0.0591,1.000,0.0397,0.73
13678,replay,4000,0.0809,1.000,0.0397,0.72
13679,es_step,4000,0.0000,0.000,0.0397,1.95
13680,replay,4000,0.0801,1.000,0.0397,0.74
13681,replay,4000,0.0777,1.000,0.0398,0.74
13682,replay,4000,0.0808,1.000,0.0398,0.73
13683,replay,4000,0.0906,1.000,0.0398,0.73
13684,replay,4000,0.0913,1.000,0.0398,0.74
13685,replay,4000,0.0840,1.000,0.0399,0.74
13686,replay,4000,0.0889,1.000,0.0400,0.74
13687,replay,4000,0.0817,1.000,0.0401,0.74
13688,replay,4000,0.0851,1.000,0.0402,0.74
13689,replay,4000,0.0816,1.000,0.0402,0.74
13690,replay,4000,0.0794,1.000,0.0402,0.74
13691,replay,4000,0.0769,1.000,0.0402,0.74
13692,replay,4000,0.0574,1.000,0.0403,0.74
13693,replay,4000,0.0657,1.000,0.0403,0.74
13694,replay,4000,0.0549,1.000,0.0402,0.74
13695,replay,4000,0.0500,1.000,0.0402,0.74
13696,replay,4000,0.0631,1.000,0.0402,0.74
13697,replay,4000,0.0634,1.000,0.0402,0.74
13698,replay,4000,0.0705,1.000,0.0403,0.74
13699,replay,4000,0.0568,1.000,0.0403,0.74
13700,replay,4000,0.0499,1.000,0.0403,0.74
13701,replay,4000,0.0567,1.000,0.0403,0.74
13702,replay,4000,0.0561,1.000,0.0403,0.74
13703,replay,4000,0.0584,1.000,0.0403,0.74
13704,replay,4000,0.0744,1.000,0.0403,0.74
13705,replay,4000,0.0735,1.000,0.0403,0.74
13706,replay,4000,0.0688,1.000,0.0403,0.74
13707,replay,4000,0.0782,1.000,0.0403,0.74
13708,es_step,4000,0.0000,0.000,0.0403,2.02
13709,replay,4000,0.0758,1.000,0.0403,0.75
13710,replay,4000,0.0689,1.000,0.0403,0.75
13711,replay,4000,0.0636,1.000,0.0404,0.75
13712,es_step,4000,0.0000,0.000,0.0404,2.01
13713,es_step,4000,0.0000,0.000,0.0404,2.00
13714,replay,4000,0.0738,1.000,0.0404,0.75
13715,replay,4000,0.0737,1.000,0.0404,0.75
13716,replay,4000,0.0794,1.000,0.0404,0.75
13717,replay,4000,0.0872,1.000,0.0405,0.74
13718,es_step,4000,0.0000,0.000,0.0405,2.00
13719,replay,4000,0.0915,1.000,0.0405,0.75
13720,replay,4000,0.1049,1.000,0.0405,0.76
13721,replay,4000,0.0939,1.000,0.0405,0.76
13722,replay,4000,0.0574,1.000,0.0405,0.76
13723,es_step,4000,0.0000,0.000,0.0405,2.03
13724,replay,4000,0.0679,1.000,0.0405,0.75
13725,replay,4000,0.0613,1.000,0.0406,0.75
13726,replay,4000,0.0552,1.000,0.0406,0.74
13727,replay,4000,0.0508,1.000,0.0406,0.74
13728,replay,4000,0.0444,1.000,0.0405,0.75
13729,replay,4000,0.0528,1.000,0.0405,0.74
13730,replay,4000,0.0702,1.000,0.0406,0.74
13731,replay,4000,0.0744,1.000,0.0406,0.74
13732,replay,4000,0.0612,1.000,0.0406,0.74
13733,replay,4000,0.0453,1.000,0.0406,0.75
13734,replay,4000,0.0420,1.000,0.0405,0.74
13735,replay,4000,0.0369,1.000,0.0404,0.74
13736,es_step,4000,0.0000,0.000,0.0404,2.02
13737,replay,4000,0.0388,1.000,0.0404,0.75
13738,replay,4000,0.0329,1.000,0.0403,0.74
13739,replay,4000,0.0447,1.000,0.0402,0.75
13740,replay,4000,0.0667,1.000,0.0402,0.75
13741,replay,4000,0.0651,1.000,0.0403,0.75
13742,replay,4000,0.0659,1.000,0.0402,0.75
13743,replay,4000,0.0445,1.000,0.0401,0.74
13744,es_step,4000,0.0000,0.000,0.0401,2.02
13745,es_step,4000,0.0000,0.000,0.0401,2.02
13746,replay,4000,0.0273,1.000,0.0401,0.75
13747,es_step,4000,0.0000,0.000,0.0401,2.01
13748,replay,4000,0.0147,1.000,0.0399,0.74
13749,replay,4000,0.0401,1.000,0.0399,0.75
13750,replay,4000,0.0364,1.000,0.0398,0.74
13751,replay,4000,0.0398,1.000,0.0398,0.75
13752,replay,4000,0.0649,1.000,0.0398,0.75
13753,replay,4000,0.0594,1.000,0.0398,0.75
13754,replay,4000,0.0570,1.000,0.0397,0.75
13755,replay,4000,0.0329,1.000,0.0397,0.76
13756,replay,4000,0.0416,1.000,0.0396,0.75
13757,replay,4000,0.0392,1.000,0.0395,0.76
13758,replay,4000,0.0256,1.000,0.0395,0.76
13759,replay,4000,0.0397,1.000,0.0395,0.75
13760,replay,4000,0.0259,1.000,0.0394,0.75
13761,replay,4000,0.0489,1.000,0.0394,0.75
13762,replay,4000,0.0624,1.000,0.0394,0.76
13763,replay,4000,0.0680,1.000,0.0394,0.75
13764,replay,4000,0.0599,1.000,0.0393,0.75
13765,es_step,4000,0.0000,0.000,0.0393,2.03
13766,replay,4000,0.0673,1.000,0.0393,0.74
13767,replay,4000,0.0970,1.000,0.0394,0.75
13768,replay,4000,0.0959,1.000,0.0394,0.75
13769,replay,4000,0.0784,1.000,0.0395,0.74
13770,replay,4000,0.0545,1.000,0.0394,0.75
13771,replay,4000,0.0328,1.000,0.0393,0.74
13772,replay,4000,0.0309,1.000,0.0392,0.74
13773,es_step,4000,0.0000,0.000,0.0392,2.00
13774,replay,4000,0.0177,1.000,0.0392,0.74
13775,replay,4000,0.0663,1.000,0.0391,0.74
13776,replay,4000,0.0737,1.000,0.0391,0.75
13777,replay,4000,0.0768,1.000,0.0391,0.76
13778,replay,4000,0.0815,1.000,0.0391,0.76
13779,replay,4000,0.0685,1.000,0.0391,0.76
13780,replay,4000,0.0708,1.000,0.0390,0.75
13781,replay,4000,0.0548,1.000,0.0390,0.75
13782,replay,4000,0.0680,1.000,0.0390,0.75
13783,replay,4000,0.0726,1.000,0.0390,0.75
13784,replay,4000,0.0632,1.000,0.0390,0.75
13785,replay,4000,0.0622,1.000,0.0390,0.75
13786,replay,4000,0.0555,1.000,0.0390,0.76
13787,replay,4000,0.0644,1.000,0.0389,0.75
13788,es_step,4000,0.0000,0.000,0.0389,2.05
13789,replay,4000,0.0573,1.000,0.0389,0.75
13790,replay,4000,0.0420,1.000,0.0389,0.75
13791,replay,4000,0.0470,1.000,0.0388,0.74
13792,replay,4000,0.0305,1.000,0.0388,0.75
13793,replay,4000,0.0515,1.000,0.0388,0.74
13794,replay,4000,0.0627,1.000,0.0388,0.75
13795,es_step,4000,0.0000,0.000,0.0388,2.03
13796,replay,4000,0.0595,1.000,0.0388,0.75
13797,replay,4000,0.0645,1.000,0.0387,0.75
13798,replay,4000,0.0662,1.000,0.0387,0.75
13799,replay,4000,0.0483,1.000,0.0387,0.74
13800,es_step,4000,0.0000,0.000,0.0387,2.03
13801,replay,4000,0.0477,1.000,0.0386,0.75
13802,es_step,4000,0.0000,0.000,0.0386,2.00
13803,replay,4000,0.0384,1.000,0.0385,0.74
13804,replay,4000,0.0298,1.000,0.0385,0.74
13805,replay,4000,0.0279,1.000,0.0384,0.74
13806,replay,4000,0.0510,1.000,0.0384,0.74
13807,replay,4000,0.0541,1.000,0.0384,0.75
13808,replay,4000,0.0748,1.000,0.0384,0.74
13809,replay,4000,0.0700,1.000,0.0385,0.75
13810,es_step,4000,0.0000,0.000,0.0385,2.01
13811,replay,4000,0.0781,1.000,0.0385,0.74
13812,es_step,4000,0.0000,0.000,0.0385,2.01
13813,es_step,4000,0.0000,0.000,0.0385,1.99
13814,replay,4000,0.0682,1.000,0.0385,0.74
13815,replay,4000,0.0562,1.000,0.0385,0.75
13816,es_step,4000,0.0000,0.000,0.0385,1.97
13817,es_step,4000,0.0000,0.000,0.0385,2.00
13818,replay,4000,0.0475,1.000,0.0385,0.75
13819,replay,4000,0.0488,1.000,0.0384,0.75
13820,replay,4000,0.0390,1.000,0.0383,0.75
13821,replay,4000,0.0471,1.000,0.0383,0.75
13822,replay,4000,0.0366,1.000,0.0382,0.75
13823,replay,4000,0.0505,1.000,0.0382,0.75
13824,replay,4000,0.0475,1.000,0.0382,0.76
13825,es_step,4000,0.0000,0.000,0.0382,2.02
13826,replay,4000,0.0502,1.000,0.0381,0.75
13827,replay,4000,0.0676,1.000,0.0381,0.75
13828,replay,4000,0.0621,1.000,0.0381,0.75
13829,replay,4000,0.0618,1.000,0.0381,0.74
13830,replay,4000,0.0628,1.000,0.0381,0.74
13831,replay,4000,0.0482,1.000,0.0381,0.76
13832,es_step,4000,0.0000,0.000,0.0381,2.01
13833,replay,4000,0.0618,1.000,0.0381,0.75
13834,replay,4000,0.0668,1.000,0.0381,0.74
13835,replay,4000,0.0567,1.000,0.0380,0.74
13836,replay,4000,0.0571,1.000,0.0380,0.74
13837,replay,4000,0.0596,1.000,0.0379,0.74
13838,replay,4000,0.0634,1.000,0.0380,0.75
13839,replay,4000,0.0616,1.000,0.0379,0.74
13840,replay,4000,0.0595,1.000,0.0379,0.74
13841,replay,4000,0.0256,1.000,0.0378,0.75
13842,replay,4000,0.0374,1.000,0.0377,0.75
13843,replay,4000,0.0464,1.000,0.0377,0.75
13844,replay,4000,0.0678,1.000,0.0377,0.75
13845,replay,4000,0.0575,1.000,0.0377,0.75
13846,replay,4000,0.0580,1.000,0.0377,0.74
13847,replay,4000,0.0490,1.000,0.0376,0.74
13848,replay,4000,0.0342,1.000,0.0376,0.74
13849,es_step,4000,0.0000,0.000,0.0376,2.01
13850,replay,4000,0.0247,1.000,0.0375,0.74
13851,replay,4000,0.0508,1.000,0.0375,0.75
13852,replay,4000,0.0435,1.000,0.0375,0.75
13853,replay,4000,0.0757,1.000,0.0376,0.75
13854,replay,4000,0.0657,1.000,0.0376,0.75
13855,replay,4000,0.0625,1.000,0.0376,0.75
13856,es_step,4000,0.0000,0.000,0.0376,2.02
13857,replay,4000,0.0634,1.000,0.0376,0.75
13858,replay,4000,0.0685,1.000,0.0376,0.75
13859,replay,4000,0.0530,1.000,0.0376,0.74
13860,replay,4000,0.0551,1.000,0.0376,0.74
13861,replay,4000,0.0477,1.000,0.0376,0.74
13862,replay,4000,0.0470,1.000,0.0376,0.74
13863,replay,4000,0.0756,1.000,0.0377,0.74
13864,replay,4000,0.0905,1.000,0.0377,0.75
13865,replay,4000,0.0837,1.000,0.0378,0.75
13866,es_step,4000,0.0000,0.000,0.0378,2.01
13867,replay,4000,0.0647,1.000,0.0378,0.75
13868,replay,4000,0.0498,1.000,0.0378,0.75
13869,es_step,4000,0.0000,0.000,0.0378,2.00
13870,replay,4000,0.0639,1.000,0.0378,0.74
13871,replay,4000,0.0431,1.000,0.0377,0.74
13872,es_step,4000,0.0000,0.000,0.0377,1.99
13873,replay,4000,0.0467,1.000,0.0377,0.74
13874,es_step,4000,0.0000,0.000,0.0377,1.97
13875,replay,4000,0.0523,1.000,0.0377,0.74
13876,es_step,4000,0.0000,0.000,0.0377,1.97
13877,replay,4000,0.0688,1.000,0.0377,0.74
13878,replay,4000,0.0798,1.000,0.0377,0.74
13879,replay,4000,0.0698,1.000,0.0377,0.74
13880,es_step,4000,0.0000,0.000,0.0377,1.98
13881,replay,4000,0.0641,1.000,0.0377,0.74
13882,replay,4000,0.0612,1.000,0.0377,0.74
13883,replay,4000,0.0636,1.000,0.0377,0.75
13884,replay,4000,0.0643,1.000,0.0377,0.75
13885,replay,4000,0.0414,1.000,0.0376,0.75
13886,replay,4000,0.0606,1.000,0.0376,0.75
13887,replay,4000,0.0392,1.000,0.0376,0.77
13888,replay,4000,0.0628,1.000,0.0376,0.75
13889,replay,4000,0.0672,1.000,0.0376,0.75
13890,replay,4000,0.0681,1.000,0.0377,0.75
13891,es_step,4000,0.0000,0.000,0.0377,2.01
13892,replay,4000,0.0631,1.000,0.0377,0.75
13893,es_step,4000,0.0000,0.000,0.0377,1.98
13894,replay,4000,0.0687,1.000,0.0377,0.74
13895,es_step,4000,0.0000,0.000,0.0377,1.98
13896,replay,4000,0.0728,1.000,0.0377,0.74
13897,replay,4000,0.0622,1.000,0.0377,0.74
13898,replay,4000,0.0352,1.000,0.0376,0.74
13899,replay,4000,0.0191,1.000,0.0374,0.73
13900,replay,4000,0.0267,1.000,0.0374,0.74
13901,replay,4000,0.0448,1.000,0.0373,0.73
13902,replay,4000,0.0450,1.000,0.0373,0.74
13903,replay,4000,0.0693,1.000,0.0373,0.73
13904,replay,4000,0.0955,1.000,0.0373,0.73
13905,replay,4000,0.0931,1.000,0.0374,0.74
13906,es_step,4000,0.0000,0.000,0.0374,2.00
13907,replay,4000,0.1134,1.000,0.0374,0.75
13908,es_step,4000,0.0000,0.000,0.0374,2.00
13909,replay,4000,0.1113,1.000,0.0375,0.76
13910,replay,4000,0.1042,1.000,0.0375,0.75
13911,replay,4000,0.0912,1.000,0.0376,0.75
13912,replay,4000,0.0891,1.000,0.0376,0.75
13913,replay,4000,0.0812,1.000,0.0376,0.75
13914,replay,4000,0.0752,1.000,0.0376,0.74
13915,replay,4000,0.0727,1.000,0.0376,0.74
13916,replay,4000,0.0377,1.000,0.0375,0.74
13917,replay,4000,0.0901,1.000,0.0375,0.74
13918,replay,4000,0.0946,1.000,0.0376,0.74
13919,es_step,4000,0.0000,0.000,0.0376,2.01
13920,replay,4000,0.0972,1.000,0.0376,0.75
13921,replay,4000,0.0896,1.000,0.0376,0.76
13922,replay,4000,0.0882,1.000,0.0376,0.75
13923,es_step,4000,0.0000,0.000,0.0376,2.00
13924,replay,4000,0.0826,1.000,0.0377,0.75
13925,replay,4000,0.0678,1.000,0.0377,0.74
13926,replay,4000,0.0555,1.000,0.0377,0.74
13927,replay,4000,0.0774,1.000,0.0377,0.75
13928,replay,4000,0.0856,1.000,0.0378,0.75
13929,replay,4000,0.0849,1.000,0.0378,0.75
13930,replay,4000,0.0818,1.000,0.0378,0.75
13931,replay,4000,0.0723,1.000,0.0379,0.75
13932,replay,4000,0.0430,1.000,0.0378,0.75
13933,replay,4000,0.0538,1.000,0.0378,0.75
13934,replay,4000,0.0682,1.000,0.0378,0.75
13935,replay,4000,0.0532,1.000,0.0378,0.75
13936,replay,4000,0.0638,1.000,0.0378,0.75
13937,replay,4000,0.0822,1.000,0.0378,0.75
13938,replay,4000,0.0727,1.000,0.0379,0.75
13939,replay,4000,0.0754,1.000,0.0379,0.76
13940,es_step,4000,0.0000,0.000,0.0379,2.01
13941,replay,4000,0.0927,1.000,0.0380,0.75
13942,replay,4000,0.0936,1.000,0.0381,0.75
13943,es_step,4000,0.0000,0.000,0.0381,2.01
13944,replay,4000,0.0888,1.000,0.0381,0.75
13945,replay,4000,0.0846,1.000,0.0383,0.75
13946,replay,4000,0.0629,1.000,0.0382,0.75
13947,replay,4000,0.0712,1.000,0.0382,0.75
13948,replay,4000,0.0619,1.000,0.0381,0.75
13949,replay,4000,0.0393,1.000,0.0381,0.76
13950,es_step,4000,0.0000,0.000,0.0381,2.03
13951,replay,4000,0.0375,1.000,0.0380,0.75
13952,replay,4000,0.0470,1.000,0.0379,0.75
13953,replay,4000,0.0475,1.000,0.0378,0.75
13954,replay,4000,0.0138,1.000,0.0377,0.75
13955,es_step,4000,0.0000,0.000,0.0377,2.00
13956,es_step,4000,0.0000,0.000,0.0377,2.01
13957,replay,4000,0.0415,1.000,0.0377,0.75
13958,replay,4000,0.0354,1.000,0.0377,0.75
13959,replay,4000,0.0795,1.000,0.0378,0.75
13960,replay,4000,0.0956,1.000,0.0378,0.75
13961,replay,4000,0.0869,1.000,0.0379,0.74
13962,replay,4000,0.1059,1.000,0.0379,0.75
13963,replay,4000,0.1017,1.000,0.0379,0.75
13964,replay,4000,0.0808,1.000,0.0379,0.75
13965,es_step,4000,0.0000,0.000,0.0379,2.00
13966,replay,4000,0.0945,1.000,0.0379,0.75
13967,replay,4000,0.0779,1.000,0.0379,0.75
13968,replay,4000,0.0701,1.000,0.0379,0.75
13969,replay,4000,0.0632,1.000,0.0379,0.75
13970,replay,4000,0.0620,1.000,0.0379,0.74
13971,replay,4000,0.0487,1.000,0.0378,0.75
13972,replay,4000,0.0613,1.000,0.0378,0.75
13973,replay,4000,0.0523,1.000,0.0378,0.75
13974,replay,4000,0.0296,1.000,0.0377,0.75
13975,replay,4000,0.0417,1.000,0.0376,0.76
13976,replay,4000,0.0311,1.000,0.0376,0.76
13977,replay,4000,0.0560,1.000,0.0376,0.76
13978,replay,4000,0.0446,1.000,0.0375,0.75
13979,es_step,4000,0.0000,0.000,0.0375,2.05
13980,replay,4000,0.0337,1.000,0.0375,0.76
13981,replay,4000,0.0587,1.000,0.0376,0.75
13982,replay,4000,0.0951,1.000,0.0377,0.75
13983,replay,4000,0.0973,1.000,0.0378,0.75
13984,replay,4000,0.0928,1.000,0.0379,0.75
13985,replay,4000,0.0771,1.000,0.0378,0.75
13986,replay,4000,0.0799,1.000,0.0378,0.75
13987,replay,4000,0.0676,1.000,0.0378,0.75
13988,replay,4000,0.0521,1.000,0.0378,0.75
13989,replay,4000,0.0442,1.000,0.0377,0.75
13990,replay,4000,0.0394,1.000,0.0377,0.75
13991,es_step,4000,0.0000,0.000,0.0377,2.05
13992,replay,4000,0.0387,1.000,0.0376,0.76
13993,es_step,4000,0.0000,0.000,0.0376,2.05
13994,replay,4000,0.0529,1.000,0.0376,0.76
13995,replay,4000,0.0423,1.000,0.0376,0.75
13996,replay,4000,0.0349,1.000,0.0375,0.76
13997,es_step,4000,0.0000,0.000,0.0375,2.03
13998,replay,4000,0.0404,1.000,0.0375,0.76
13999,replay,4000,0.0648,1.000,0.0375,0.76
14000,replay,4000,0.0669,1.000,0.0375,0.75
14001,replay,4000,0.0680,1.000,0.0375,3.20
14002,replay,4000,0.0806,1.000,0.0376,0.75
14003,replay,4000,0.0803,1.000,0.0376,0.75
14004,replay,4000,0.0761,1.000,0.0376,0.75
14005,es_step,4000,0.0000,0.000,0.0376,2.03
14006,replay,4000,0.0752,1.000,0.0376,0.75
14007,replay,4000,0.0861,1.000,0.0377,0.75
14008,replay,4000,0.0633,1.000,0.0377,0.75
14009,replay,4000,0.0716,1.000,0.0377,0.75
14010,replay,4000,0.0586,1.000,0.0377,0.75
14011,replay,4000,0.0720,1.000,0.0377,0.75
14012,es_step,4000,0.0000,0.000,0.0377,2.02
14013,replay,4000,0.0743,1.000,0.0377,0.76
14014,replay,4000,0.0664,1.000,0.0377,0.75
14015,replay,4000,0.0714,1.000,0.0377,0.75
14016,replay,4000,0.0737,1.000,0.0377,0.75
14017,replay,4000,0.0643,1.000,0.0377,0.75
14018,replay,4000,0.0551,1.000,0.0377,0.75
14019,replay,4000,0.0481,1.000,0.0377,0.75
14020,replay,4000,0.0470,1.000,0.0376,0.75
14021,replay,4000,0.0475,1.000,0.0376,0.75
14022,replay,4000,0.0270,1.000,0.0375,0.75
14023,replay,4000,0.0452,1.000,0.0375,0.75
14024,replay,4000,0.0490,1.000,0.0375,0.75
14025,es_step,4000,0.0000,0.000,0.0375,2.02
14026,replay,4000,0.0553,1.000,0.0375,0.75
14027,replay,4000,0.0776,1.000,0.0375,0.75
14028,replay,4000,0.0770,1.000,0.0375,0.76
14029,replay,4000,0.0658,1.000,0.0375,0.75
14030,replay,4000,0.0714,1.000,0.0375,0.75
14031,replay,4000,0.0700,1.000,0.0375,0.75
14032,replay,4000,0.0650,1.000,0.0376,0.75
14033,replay,4000,0.0784,1.000,0.0375,0.74
14034,replay,4000,0.0574,1.000,0.0375,0.74
14035,es_step,4000,0.0000,0.000,0.0375,2.02
14036,replay,4000,0.0580,1.000,0.0374,0.75
14037,replay,4000,0.0643,1.000,0.0375,0.75
14038,replay,4000,0.0855,1.000,0.0374,0.75
14039,replay,4000,0.0686,1.000,0.0374,0.75
14040,replay,4000,0.0722,1.000,0.0374,0.74
14041,es_step,4000,0.0000,0.000,0.0374,2.01
14042,replay,4000,0.0634,1.000,0.0374,0.75
14043,replay,4000,0.0704,1.000,0.0375,0.75
14044,replay,4000,0.0727,1.000,0.0375,0.75
14045,replay,4000,0.0679,1.000,0.0375,0.74
14046,replay,4000,0.0529,1.000,0.0375,0.75
14047,es_step,4000,0.0000,0.000,0.0375,2.03
14048,replay,4000,0.0577,1.000,0.0375,0.75
14049,replay,4000,0.0689,1.000,0.0375,0.75
14050,replay,4000,0.0733,1.000,0.0376,0.75
14051,replay,4000,-0.0122,1.000,0.0375,0.76
14052,replay,4000,0.0774,1.000,0.0376,0.75
14053,es_step,4000,0.0000,0.000,0.0376,2.02
14054,replay,4000,0.0822,1.000,0.0376,0.75
14055,replay,4000,0.1014,1.000,0.0377,0.75
14056,replay,4000,0.0922,1.000,0.0377,0.75
14057,replay,4000,0.0797,1.000,0.0377,0.75
14058,replay,4000,0.0749,1.000,0.0377,0.75
14059,replay,4000,0.0724,1.000,0.0378,0.75
14060,replay,4000,0.0820,1.000,0.0378,0.74
14061,es_step,4000,0.0000,0.000,0.0378,2.00
14062,replay,4000,0.0693,1.000,0.0378,0.74
14063,replay,4000,0.0702,1.000,0.0378,0.74
14064,replay,4000,0.0771,1.000,0.0378,0.74
14065,replay,4000,0.0536,1.000,0.0378,0.74
14066,replay,4000,0.0713,1.000,0.0378,0.74
14067,replay,4000,0.0683,1.000,0.0378,0.74
14068,replay,4000,0.0477,1.000,0.0377,0.74
14069,es_step,4000,0.0000,0.000,0.0377,2.01
14070,replay,4000,0.0458,1.000,0.0377,0.75
14071,replay,4000,0.0610,1.000,0.0377,0.75
14072,replay,4000,0.0611,1.000,0.0377,0.75
14073,replay,4000,0.0673,1.000,0.0377,0.74
14074,replay,4000,0.0460,1.000,0.0377,0.74
14075,replay,4000,0.0678,1.000,0.0377,0.74
14076,replay,4000,0.0677,1.000,0.0377,0.75
14077,es_step,4000,0.0000,0.000,0.0377,2.02
14078,es_step,4000,0.0000,0.000,0.0377,2.00
14079,replay,4000,0.0626,1.000,0.0376,0.75
14080,replay,4000,0.0434,1.000,0.0375,0.75
14081,replay,4000,0.0520,1.000,0.0375,0.75
14082,replay,4000,0.0499,1.000,0.0375,0.75
14083,replay,4000,0.0434,1.000,0.0374,0.74
14084,replay,4000,0.0518,1.000,0.0374,0.75
14085,es_step,4000,0.0000,0.000,0.0374,2.01
14086,replay,4000,0.0716,1.000,0.0375,0.76
14087,replay,4000,0.0665,1.000,0.0375,0.77
14088,es_step,4000,0.0000,0.000,0.0375,2.01
14089,replay,4000,0.0810,1.000,0.0376,0.74
14090,es_step,4000,0.0000,0.000,0.0376,2.01
14091,replay,4000,0.0667,1.000,0.0376,0.74
14092,replay,4000,0.0620,1.000,0.0376,0.75
14093,replay,4000,0.0663,1.000,0.0376,0.74
14094,es_step,4000,0.0000,0.000,0.0376,1.98
14095,es_step,4000,0.0000,0.000,0.0376,1.97
14096,replay,4000,0.0514,1.000,0.0376,0.74
14097,replay,4000,0.0656,1.000,0.0376,0.74
14098,replay,4000,0.0729,1.000,0.0377,0.74
14099,es_step,4000,0.0000,0.000,0.0377,1.97
14100,es_step,4000,0.0000,0.000,0.0377,1.97
14101,replay,4000,0.1197,1.000,0.0377,0.74
14102,replay,4000,0.1187,1.000,0.0378,0.74
14103,replay,4000,0.1261,1.000,0.0380,0.74
14104,replay,4000,0.1335,1.000,0.0381,0.73
14105,replay,4000,0.1341,1.000,0.0382,0.74
14106,es_step,4000,0.0000,0.000,0.0382,1.97
14107,replay,4000,0.1409,1.000,0.0383,0.73
14108,replay,4000,0.1207,1.000,0.0384,0.74
14109,replay,4000,0.0850,1.000,0.0385,0.74
14110,replay,4000,0.0682,1.000,0.0385,0.74
14111,replay,4000,0.0618,1.000,0.0384,0.74
14112,replay,4000,0.0389,1.000,0.0383,0.74
14113,replay,4000,0.0400,1.000,0.0383,0.74
14114,replay,4000,0.0390,1.000,0.0383,0.74
14115,replay,4000,0.0416,1.000,0.0383,0.74
14116,replay,4000,0.0549,1.000,0.0383,0.74
14117,replay,4000,0.0518,1.000,0.0383,0.74
14118,replay,4000,0.0509,1.000,0.0382,0.73
14119,replay,4000,0.0780,1.000,0.0383,0.74
14120,replay,4000,0.0556,1.000,0.0383,0.74
14121,replay,4000,0.0847,1.000,0.0383,0.74
14122,replay,4000,0.0842,1.000,0.0383,0.73
14123,replay,4000,0.0772,1.000,0.0383,0.74
14124,replay,4000,0.0664,1.000,0.0383,0.74
14125,es_step,4000,0.0000,0.000,0.0383,2.02
14126,es_step,4000,0.0000,0.000,0.0383,2.03
14127,replay,4000,0.0234,1.000,0.0382,0.75
14128,replay,4000,0.0415,1.000,0.0382,0.74
14129,es_step,4000,0.0000,0.000,0.0382,1.99
14130,replay,4000,0.0100,1.000,0.0380,0.74
14131,replay,4000,0.0032,1.000,0.0379,0.74
14132,es_step,4000,0.0000,0.000,0.0379,1.99
14133,replay,4000,0.0540,1.000,0.0379,0.75
14134,replay,4000,0.0182,1.000,0.0378,0.75
14135,replay,4000,0.0669,1.000,0.0378,0.75
14136,replay,4000,0.0753,1.000,0.0378,0.75
14137,replay,4000,0.0705,1.000,0.0378,0.75
14138,replay,4000,0.0597,1.000,0.0378,0.75
14139,replay,4000,0.0355,1.000,0.0377,0.75
14140,replay,4000,0.0369,1.000,0.0377,0.75
14141,replay,4000,0.0229,1.000,0.0376,0.75
14142,replay,4000,0.0363,1.000,0.0376,0.76
14143,replay,4000,0.0516,1.000,0.0376,0.75
14144,replay,4000,0.0275,1.000,0.0374,0.76
14145,replay,4000,0.0605,1.000,0.0374,0.76
14146,replay,4000,0.0584,1.000,0.0374,0.76
14147,replay,4000,0.0549,1.000,0.0374,0.76
14148,replay,4000,0.0459,1.000,0.0374,0.76
14149,replay,4000,0.0409,1.000,0.0374,0.76
14150,es_step,4000,0.0000,0.000,0.0374,2.02
14151,replay,4000,0.0437,1.000,0.0374,0.75
14152,replay,4000,0.0445,1.000,0.0374,0.76
14153,replay,4000,0.0534,1.000,0.0374,0.75
14154,replay,4000,0.0631,1.000,0.0374,0.75
14155,es_step,4000,0.0000,0.000,0.0374,2.02
14156,replay,4000,0.0531,1.000,0.0373,0.75
14157,replay,4000,0.0505,1.000,0.0373,0.75
14158,replay,4000,0.0408,1.000,0.0373,0.74
14159,replay,4000,0.0604,1.000,0.0372,0.75
14160,replay,4000,0.0499,1.000,0.0371,0.74
14161,replay,4000,0.0515,1.000,0.0371,0.74
14162,replay,4000,0.0107,1.000,0.0369,0.74
14163,es_step,4000,0.0000,0.000,0.0369,1.99
14164,replay,4000,0.0230,1.000,0.0369,0.75
14165,replay,4000,0.0064,1.000,0.0366,0.75
14166,replay,4000,0.0462,1.000,0.0366,0.74
14167,es_step,4000,0.0000,0.000,0.0366,1.99
14168,replay,4000,0.0384,1.000,0.0366,0.74
14169,replay,4000,0.0750,1.000,0.0366,0.74
14170,es_step,4000,0.0000,0.000,0.0366,1.99
14171,replay,4000,0.0742,1.000,0.0367,0.74
14172,es_step,4000,0.0000,0.000,0.0367,1.98
14173,replay,4000,0.0793,1.000,0.0367,0.74
14174,replay,4000,0.0680,1.000,0.0368,0.74
14175,es_step,4000,0.0000,0.000,0.0368,1.96
14176,replay,4000,0.0697,1.000,0.0368,0.74
14177,es_step,4000,0.0000,0.000,0.0368,2.00
14178,replay,4000,0.0659,1.000,0.0368,0.74
14179,replay,4000,0.0697,1.000,0.0368,0.75
14180,es_step,4000,0.0000,0.000,0.0368,1.98
14181,replay,4000,0.0647,1.000,0.0368,0.75
14182,replay,4000,0.0442,1.000,0.0368,0.74
14183,es_step,4000,0.0000,0.000,0.0368,1.97
14184,replay,4000,0.0602,1.000,0.0368,0.74
14185,replay,4000,0.0490,1.000,0.0368,0.74
14186,replay,4000,0.0411,1.000,0.0367,0.74
14187,replay,4000,0.0510,1.000,0.0367,0.74
14188,replay,4000,0.0465,1.000,0.0366,0.74
14189,es_step,4000,0.0000,0.000,0.0366,2.01
14190,replay,4000,0.0629,1.000,0.0366,0.75
14191,replay,4000,0.0693,1.000,0.0366,0.75
14192,es_step,4000,0.0000,0.000,0.0366,2.00
14193,replay,4000,0.0654,1.000,0.0366,0.75
14194,replay,4000,0.0720,1.000,0.0365,0.75
14195,replay,4000,0.0645,1.000,0.0365,0.75
14196,replay,4000,0.0546,1.000,0.0365,0.75
14197,replay,4000,0.0392,1.000,0.0364,0.75
14198,replay,4000,0.0295,1.000,0.0363,0.75
14199,replay,4000,0.0382,1.000,0.0362,0.74
14200,es_step,4000,0.0000,0.000,0.0362,2.00
14201,replay,4000,0.0423,1.000,0.0362,0.75
14202,replay,4000,0.0474,1.000,0.0362,0.75
14203,replay,4000,0.0526,1.000,0.0361,0.75
14204,replay,4000,0.0674,1.000,0.0361,0.75
14205,replay,4000,0.0580,1.000,0.0361,0.74
14206,replay,4000,0.0653,1.000,0.0362,0.77
14207,replay,4000,0.0710,1.000,0.0362,0.75
14208,es_step,4000,0.0000,0.000,0.0362,2.01
14209,replay,4000,0.0713,1.000,0.0362,0.75
14210,replay,4000,0.0726,1.000,0.0362,0.75
14211,replay,4000,0.0699,1.000,0.0362,0.75
14212,replay,4000,0.0590,1.000,0.0362,0.75
14213,es_step,4000,0.0000,0.000,0.0362,2.00
14214,replay,4000,0.0586,1.000,0.0362,0.75
14215,replay,4000,0.0742,1.000,0.0362,0.74
14216,es_step,4000,0.0000,0.000,0.0362,1.98
14217,replay,4000,0.0776,1.000,0.0362,0.75
14218,replay,4000,0.0857,1.000,0.0363,0.75
14219,es_step,4000,0.0000,0.000,0.0363,1.98
14220,replay,4000,0.0972,1.000,0.0364,0.74
14221,replay,4000,0.0968,1.000,0.0365,0.74
14222,replay,4000,0.0875,1.000,0.0365,0.74
14223,replay,4000,0.0950,1.000,0.0366,0.74
14224,replay,4000,0.0949,1.000,0.0366,0.73
14225,replay,4000,0.0808,1.000,0.0367,0.74
14226,es_step,4000,0.0000,0.000,0.0367,1.98
14227,es_step,4000,0.0000,0.000,0.0367,1.97
14228,replay,4000,0.0861,1.000,0.0367,0.74
14229,es_step,4000,0.0000,0.000,0.0367,1.97
14230,es_step,4000,0.0000,0.000,0.0367,1.97
14231,replay,4000,0.0671,1.000,0.0367,0.74
14232,replay,4000,0.0716,1.000,0.0367,0.74
14233,replay,4000,0.0627,1.000,0.0367,0.73
14234,replay,4000,0.0527,1.000,0.0367,0.74
14235,replay,4000,0.0854,1.000,0.0367,0.74
14236,replay,4000,0.0580,1.000,0.0367,0.74
14237,es_step,4000,0.0000,0.000,0.0367,1.96
14238,replay,4000,0.1065,1.000,0.0368,0.74
14239,es_step,4000,0.0000,0.000,0.0368,1.96
14240,es_step,4000,0.0000,0.000,0.0368,1.95
14241,replay,4000,0.1111,1.000,0.0369,0.74
14242,replay,4000,0.1160,1.000,0.0370,0.74
14243,es_step,4000,0.0000,0.000,0.0370,1.97
14244,replay,4000,0.1074,1.000,0.0371,0.74
14245,replay,4000,0.0985,1.000,0.0372,0.74
14246,replay,4000,0.0906,1.000,0.0372,0.74
14247,replay,4000,0.1016,1.000,0.0373,0.74
14248,replay,4000,0.0984,1.000,0.0374,0.74
14249,replay,4000,0.1089,1.000,0.0375,0.74
14250,replay,4000,0.1082,1.000,0.0376,0.74
14251,replay,4000,0.0946,1.000,0.0376,0.75
14252,replay,4000,0.0821,1.000,0.0377,0.74
14253,replay,4000,0.0687,1.000,0.0377,0.75
14254,replay,4000,0.0604,1.000,0.0377,0.75
14255,replay,4000,0.0390,1.000,0.0376,0.75
14256,es_step,4000,0.0000,0.000,0.0376,2.00
14257,replay,4000,0.0417,1.000,0.0376,0.75
14258,replay,4000,0.0392,1.000,0.0374,0.75
14259,replay,4000,0.0476,1.000,0.0374,0.75
14260,replay,4000,0.0473,1.000,0.0374,0.74
14261,replay,4000,0.0550,1.000,0.0374,0.74
14262,replay,4000,0.0670,1.000,0.0374,0.74
14263,replay,4000,0.0725,1.000,0.0375,0.74
14264,replay,4000,0.0462,1.000,0.0375,0.74
14265,es_step,4000,0.0000,0.000,0.0375,2.00
14266,replay,4000,0.0490,1.000,0.0374,0.75
14267,replay,4000,0.0448,1.000,0.0374,0.75
14268,replay,4000,0.0447,1.000,0.0374,0.75
14269,es_step,4000,0.0000,0.000,0.0374,2.02
14270,replay,4000,0.0457,1.000,0.0373,0.75
14271,replay,4000,0.0376,1.000,0.0373,0.76
14272,replay,4000,0.0716,1.000,0.0373,0.75
14273,es_step,4000,0.0000,0.000,0.0373,2.03
14274,replay,4000,0.0770,1.000,0.0374,0.75
14275,replay,4000,0.0828,1.000,0.0375,0.75
14276,replay,4000,0.0712,1.000,0.0375,0.75
14277,es_step,4000,0.0000,0.000,0.0375,2.02
14278,replay,4000,0.0777,1.000,0.0375,0.75
14279,replay,4000,0.0683,1.000,0.0375,0.76
14280,replay,4000,0.0753,1.000,0.0376,0.75
14281,replay,4000,0.0740,1.000,0.0376,0.75
14282,es_step,4000,0.0000,0.000,0.0376,2.03
14283,replay,4000,0.0694,1.000,0.0376,0.75
14284,replay,4000,0.0728,1.000,0.0376,0.75
14285,replay,4000,0.0666,1.000,0.0376,0.75
14286,es_step,4000,0.0000,0.000,0.0376,2.00
14287,replay,4000,0.0510,1.000,0.0375,0.74
14288,replay,4000,0.0418,1.000,0.0375,0.74
14289,replay,4000,0.0353,1.000,0.0374,0.74
14290,replay,4000,0.0626,1.000,0.0374,0.75
14291,replay,4000,0.0548,1.000,0.0374,0.75
14292,es_step,4000,0.0000,0.000,0.0374,2.01
14293,replay,4000,0.0525,1.000,0.0374,0.75
14294,replay,4000,0.0685,1.000,0.0375,0.75
14295,replay,4000,0.0714,1.000,0.0375,0.74
14296,replay,4000,0.0522,1.000,0.0375,3.18
14297,replay,4000,0.0808,1.000,0.0375,0.75
14298,es_step,4000,0.0000,0.000,0.0375,2.01
14299,replay,4000,0.0800,1.000,0.0376,0.74
14300,replay,4000,0.0669,1.000,0.0376,0.75
14301,replay,4000,0.0685,1.000,0.0377,0.74
14302,es_step,4000,0.0000,0.000,0.0377,1.98
14303,replay,4000,0.0757,1.000,0.0377,0.74
14304,replay,4000,0.0674,1.000,0.0377,0.75
14305,replay,4000,0.0678,1.000,0.0377,0.74
14306,replay,4000,0.0463,1.000,0.0377,0.75
14307,replay,4000,0.0443,1.000,0.0376,0.74
14308,replay,4000,0.0463,1.000,0.0376,0.74
14309,replay,4000,0.0486,1.000,0.0376,0.74
14310,replay,4000,0.0683,1.000,0.0376,0.74
14311,replay,4000,0.0756,1.000,0.0376,0.74
14312,replay,4000,0.0594,1.000,0.0375,0.74
14313,replay,4000,0.0690,1.000,0.0375,0.74
14314,replay,4000,0.0660,1.000,0.0375,0.74
14315,replay,4000,0.0663,1.000,0.0376,0.74
14316,replay,4000,0.0714,1.000,0.0376,0.74
14317,replay,4000,0.0751,1.000,0.0376,0.74
14318,replay,4000,0.0724,1.000,0.0376,0.74
14319,replay,4000,0.0514,1.000,0.0377,0.74
14320,replay,4000,0.0771,1.000,0.0377,0.75
14321,replay,4000,0.0894,1.000,0.0378,0.74
14322,replay,4000,0.0911,1.000,0.0378,0.74
14323,replay,4000,0.0784,1.000,0.0378,0.74
14324,es_step,4000,0.0000,0.000,0.0378,2.01
14325,replay,4000,0.0769,1.000,0.0379,0.75
14326,replay,4000,0.0765,1.000,0.0379,0.75
14327,replay,4000,0.0774,1.000,0.0379,0.74
14328,replay,4000,0.0782,1.000,0.0379,0.74
14329,es_step,4000,0.0000,0.000,0.0379,1.99
14330,replay,4000,0.0686,1.000,0.0380,0.74
14331,replay,4000,0.0813,1.000,0.0380,0.75
14332,replay,4000,0.0954,1.000,0.0380,0.74
14333,es_step,4000,0.0000,0.000,0.0380,2.00
14334,es_step,4000,0.0000,0.000,0.0380,1.99
14335,es_step,4000,0.0000,0.000,0.0380,1.98
14336,replay,4000,0.0877,1.000,0.0380,0.75
14337,replay,4000,0.0755,1.000,0.0380,0.75
14338,es_step,4000,0.0000,0.000,0.0380,2.01
14339,replay,4000,0.0607,1.000,0.0380,0.75
14340,replay,4000,0.0484,1.000,0.0380,0.75
14341,replay,4000,0.0486,1.000,0.0379,0.75
14342,replay,4000,0.0433,1.000,0.0379,0.76
14343,replay,4000,0.0414,1.000,0.0379,0.75
14344,es_step,4000,0.0000,0.000,0.0379,2.01
14345,replay,4000,0.0639,1.000,0.0380,0.75
14346,replay,4000,0.0721,1.000,0.0380,0.75
14347,replay,4000,0.0743,1.000,0.0381,0.75
14348,replay,4000,0.0653,1.000,0.0381,0.75
14349,es_step,4000,0.0000,0.000,0.0381,1.99
14350,replay,4000,0.0639,1.000,0.0380,0.74
14351,replay,4000,0.0357,1.000,0.0380,0.74
14352,replay,4000,0.0366,1.000,0.0380,0.74
14353,replay,4000,0.0599,1.000,0.0380,0.75
14354,replay,4000,0.0661,1.000,0.0382,0.75
14355,replay,4000,0.0609,1.000,0.0381,0.75
14356,replay,4000,0.0537,1.000,0.0381,0.75
14357,replay,4000,0.0525,1.000,0.0382,0.75
14358,replay,4000,0.0236,1.000,0.0381,0.75
14359,replay,4000,0.0254,1.000,0.0380,0.75
14360,es_step,4000,0.0000,0.000,0.0380,1.99
14361,replay,4000,0.0449,1.000,0.0380,0.75
14362,replay,4000,0.0405,1.000,0.0380,0.74
14363,replay,4000,0.0522,1.000,0.0380,0.74
14364,replay,4000,0.0529,1.000,0.0380,0.76
14365,replay,4000,0.0786,1.000,0.0380,0.76
14366,replay,4000,0.0724,1.000,0.0380,0.75
14367,replay,4000,0.0579,1.000,0.0381,0.75
14368,replay,4000,0.0734,1.000,0.0381,0.75
14369,replay,4000,0.0749,1.000,0.0382,0.75
14370,replay,4000,0.0741,1.000,0.0382,0.75
14371,replay,4000,0.0744,1.000,0.0382,0.76
14372,replay,4000,0.0622,1.000,0.0383,0.76
14373,replay,4000,0.0691,1.000,0.0383,0.75
14374,replay,4000,0.0761,1.000,0.0383,0.76
14375,es_step,4000,0.0000,0.000,0.0383,2.03
14376,replay,4000,0.0710,1.000,0.0383,0.76
14377,replay,4000,0.0773,1.000,0.0383,0.75
14378,replay,4000,0.0790,1.000,0.0384,0.75
14379,replay,4000,0.0833,1.000,0.0384,0.75
14380,replay,4000,0.0608,1.000,0.0385,0.75
14381,replay,4000,0.0742,1.000,0.0385,0.74
14382,replay,4000,0.0745,1.000,0.0385,0.75
14383,replay,4000,0.0723,1.000,0.0386,0.74
14384,es_step,4000,0.0000,0.000,0.0386,2.01
14385,replay,4000,0.0807,1.000,0.0386,0.75
14386,replay,4000,0.0803,1.000,0.0387,0.75
14387,replay,4000,0.0766,1.000,0.0387,0.75
14388,replay,4000,0.0841,1.000,0.0388,0.75
14389,replay,4000,0.0887,1.000,0.0388,0.75
14390,replay,4000,0.0786,1.000,0.0389,0.75
14391,replay,4000,0.0755,1.000,0.0389,0.76
14392,replay,4000,0.0636,1.000,0.0388,0.74
14393,replay,4000,0.0387,1.000,0.0389,0.74
14394,replay,4000,0.0302,1.000,0.0388,0.75
14395,replay,4000,0.0352,1.000,0.0387,0.74
14396,replay,4000,0.0441,1.000,0.0387,0.74
14397,replay,4000,0.0551,1.000,0.0387,0.75
14398,replay,4000,0.0597,1.000,0.0387,0.74
14399,replay,4000,0.0795,1.000,0.0387,0.75
14400,replay,4000,0.0687,1.000,0.0387,0.74
14401,replay,4000,0.0557,1.000,0.0387,0.75
14402,replay,4000,0.0542,1.000,0.0387,0.74
14403,replay,4000,0.0643,1.000,0.0387,0.75
14404,es_step,4000,0.0000,0.000,0.0387,2.05
14405,replay,4000,0.0656,1.000,0.0387,0.76
14406,replay,4000,0.0597,1.000,0.0386,0.75
14407,es_step,4000,0.0000,0.000,0.0386,2.05
14408,replay,4000,0.0594,1.000,0.0386,0.75
14409,es_step,4000,0.0000,0.000,0.0386,2.03
14410,replay,4000,0.0536,1.000,0.0386,0.75
14411,replay,4000,0.0512,1.000,0.0385,0.75
14412,replay,4000,0.0235,1.000,0.0385,0.76
14413,replay,4000,0.0552,1.000,0.0385,0.75
14414,replay,4000,0.0923,1.000,0.0385,0.76
14415,replay,4000,0.0806,1.000,0.0385,0.75
14416,replay,4000,0.0903,1.000,0.0386,0.75
14417,replay,4000,0.0811,1.000,0.0386,0.75
14418,replay,4000,0.0892,1.000,0.0387,0.75
14419,replay,4000,0.0916,1.000,0.0387,0.75
14420,replay,4000,0.0760,1.000,0.0388,0.76
14421,replay,4000,0.0430,1.000,0.0387,0.75
14422,es_step,4000,0.0000,0.000,0.0387,2.04
14423,replay,4000,0.0390,1.000,0.0387,0.75
14424,replay,4000,0.0451,1.000,0.0387,0.77
14425,replay,4000,0.0383,1.000,0.0386,0.75
14426,es_step,4000,0.0000,0.000,0.0386,2.03
14427,es_step,4000,0.0000,0.000,0.0386,2.03
14428,replay,4000,0.0407,1.000,0.0385,0.76
14429,replay,4000,0.0422,1.000,0.0385,0.75
14430,es_step,4000,0.0000,0.000,0.0385,2.01
14431,replay,4000,0.0331,1.000,0.0384,0.75
14432,replay,4000,0.0407,1.000,0.0384,0.75
14433,es_step,4000,0.0000,0.000,0.0384,2.00
14434,replay,4000,0.0384,1.000,0.0384,0.75
14435,replay,4000,0.0648,1.000,0.0384,0.74
14436,es_step,4000,0.0000,0.000,0.0384,1.98
14437,replay,4000,0.0631,1.000,0.0384,0.75
14438,replay,4000,0.0571,1.000,0.0384,0.75
14439,replay,4000,0.0404,1.000,0.0383,0.75
14440,es_step,4000,0.0000,0.000,0.0383,2.00
14441,replay,4000,0.0465,1.000,0.0383,0.76
14442,replay,4000,0.0447,1.000,0.0383,0.76
14443,es_step,4000,0.0000,0.000,0.0383,2.02
14444,replay,4000,0.0507,1.000,0.0382,0.75
14445,replay,4000,0.0486,1.000,0.0382,0.75
14446,replay,4000,0.0304,1.000,0.0381,0.75
14447,replay,4000,0.0366,1.000,0.0381,0.74
14448,replay,4000,0.0378,1.000,0.0380,0.74
14449,replay,4000,0.0627,1.000,0.0381,0.74
14450,es_step,4000,0.0000,0.000,0.0381,1.99
14451,replay,4000,0.0721,1.000,0.0381,0.75
14452,replay,4000,0.0824,1.000,0.0382,0.74
14453,replay,4000,0.0788,1.000,0.0382,0.74
14454,es_step,4000,0.0000,0.000,0.0382,1.98
14455,replay,4000,0.0579,1.000,0.0382,0.74
14456,replay,4000,0.0631,1.000,0.0383,0.74
14457,replay,4000,0.0575,1.000,0.0383,0.74
14458,replay,4000,0.0545,1.000,0.0383,0.74
14459,es_step,4000,0.0000,0.000,0.0383,1.97
14460,es_step,4000,0.0000,0.000,0.0383,1.96
14461,replay,4000,0.0496,1.000,0.0383,0.74
14462,replay,4000,0.0519,1.000,0.0382,0.74
14463,es_step,4000,0.0000,0.000,0.0382,1.96
14464,replay,4000,0.0553,1.000,0.0382,0.74
14465,replay,4000,0.0525,1.000,0.0382,0.74
14466,replay,4000,0.0507,1.000,0.0382,0.74
14467,replay,4000,0.0412,1.000,0.0382,0.74
14468,es_step,4000,0.0000,0.000,0.0382,1.97
14469,replay,4000,0.0527,1.000,0.0382,0.74
14470,replay,4000,0.0550,1.000,0.0381,0.75
14471,es_step,4000,0.0000,0.000,0.0381,1.98
14472,replay,4000,0.0612,1.000,0.0381,0.74
14473,replay,4000,0.0676,1.000,0.0381,0.74
14474,es_step,4000,0.0000,0.000,0.0381,1.97
14475,es_step,4000,0.0000,0.000,0.0381,1.95
14476,replay,4000,0.0591,1.000,0.0381,0.73
14477,es_step,4000,0.0000,0.000,0.0381,1.97
14478,replay,4000,0.0422,1.000,0.0381,0.74
14479,replay,4000,0.0348,1.000,0.0380,0.73
14480,replay,4000,0.0225,1.000,0.0379,0.74
14481,replay,4000,0.0244,1.000,0.0379,0.74
14482,replay,4000,0.0455,1.000,0.0378,0.73
14483,es_step,4000,0.0000,0.000,0.0378,1.95
14484,replay,4000,0.0534,1.000,0.0378,0.73
14485,es_step,4000,0.0000,0.000,0.0378,1.94
14486,es_step,4000,0.0000,0.000,0.0378,1.95
14487,es_step,4000,0.0000,0.000,0.0378,1.95
14488,replay,4000,0.0662,1.000,0.0378,0.74
14489,replay,4000,0.0473,1.000,0.0378,0.74
14490,replay,4000,0.0623,1.000,0.0378,0.74
14491,replay,4000,0.0631,1.000,0.0378,0.74
14492,replay,4000,0.0656,1.000,0.0378,0.74
14493,replay,4000,0.0631,1.000,0.0378,0.74
14494,replay,4000,0.0514,1.000,0.0378,0.73
14495,es_step,4000,0.0000,0.000,0.0378,1.97
14496,replay,4000,-0.1254,1.000,0.0377,0.78
14497,replay,4000,0.0914,1.000,0.0378,0.74
14498,replay,4000,0.1112,1.000,0.0379,0.74
14499,replay,4000,0.1244,1.000,0.0379,0.74
14500,replay,4000,0.1060,1.000,0.0380,0.73
14501,replay,4000,0.1046,1.000,0.0381,0.73
14502,es_step,4000,0.0000,0.000,0.0381,1.94
14503,replay,4000,0.0825,1.000,0.0380,0.73
14504,replay,4000,0.0810,1.000,0.0381,0.73
14505,replay,4000,0.0891,1.000,0.0381,0.73
14506,replay,4000,0.0833,1.000,0.0381,0.73
14507,replay,4000,0.0952,1.000,0.0382,0.73
14508,replay,4000,0.0868,1.000,0.0382,0.73
14509,replay,4000,0.0901,1.000,0.0382,0.74
14510,replay,4000,0.0653,1.000,0.0383,0.73
14511,replay,4000,0.0750,1.000,0.0383,0.73
14512,replay,4000,0.0896,1.000,0.0384,0.73
14513,replay,4000,0.0849,1.000,0.0384,0.73
14514,replay,4000,0.0733,1.000,0.0385,0.74
14515,replay,4000,0.0600,1.000,0.0385,0.74
14516,replay,4000,0.0783,1.000,0.0385,0.73
14517,es_step,4000,0.0000,0.000,0.0385,1.96
14518,replay,4000,0.0647,1.000,0.0385,0.74
14519,replay,4000,0.0466,1.000,0.0385,0.73
14520,replay,4000,0.0565,1.000,0.0385,0.73
14521,replay,4000,0.0816,1.000,0.0385,0.73
14522,replay,4000,0.0732,1.000,0.0385,0.73
14523,replay,4000,0.0723,1.000,0.0385,0.73
14524,es_step,4000,0.0000,0.000,0.0385,1.95
14525,replay,4000,0.0725,1.000,0.0386,0.74
14526,replay,4000,0.0680,1.000,0.0386,0.74
14527,replay,4000,0.0586,1.000,0.0386,0.74
14528,replay,4000,0.0534,1.000,0.0386,0.74
14529,replay,4000,0.0545,1.000,0.0386,0.74
14530,replay,4000,0.0426,1.000,0.0385,0.74
14531,replay,4000,0.0454,1.000,0.0385,0.74
14532,replay,4000,0.0417,1.000,0.0384,0.74
14533,replay,4000,0.0420,1.000,0.0384,0.74
14534,es_step,4000,0.0000,0.000,0.0384,1.99
14535,replay,4000,0.0431,1.000,0.0383,0.74
14536,replay,4000,0.0482,1.000,0.0383,0.74
14537,replay,4000,0.0556,1.000,0.0383,0.74
14538,replay,4000,0.0554,1.000,0.0383,0.74
14539,replay,4000,0.0696,1.000,0.0384,0.75
14540,es_step,4000,0.0000,0.000,0.0384,2.00
14541,replay,4000,0.0691,1.000,0.0384,0.75
14542,es_step,4000,0.0000,0.000,0.0384,1.98
14543,replay,4000,0.0718,1.000,0.0384,0.74
14544,es_step,4000,0.0000,0.000,0.0384,1.96
14545,replay,4000,0.0991,1.000,0.0385,0.74
14546,es_step,4000,0.0000,0.000,0.0385,1.97
14547,replay,4000,0.0772,1.000,0.0386,0.73
14548,replay,4000,0.0729,1.000,0.0386,0.74
14549,es_step,4000,0.0000,0.000,0.0386,1.94
14550,replay,4000,0.0936,1.000,0.0387,0.73
14551,replay,4000,0.0827,1.000,0.0387,0.73
14552,es_step,4000,0.0000,0.000,0.0387,1.96
14553,es_step,4000,0.0000,0.000,0.0387,1.96
14554,es_step,4000,0.0000,0.000,0.0387,1.95
14555,replay,4000,0.0925,1.000,0.0387,0.73
14556,replay,4000,0.0785,1.000,0.0388,0.73
14557,replay,4000,0.0906,1.000,0.0389,0.74
14558,replay,4000,0.0834,1.000,0.0389,0.74
14559,replay,4000,0.1177,1.000,0.0390,0.75
14560,replay,4000,0.0809,1.000,0.0390,0.76
14561,replay,4000,0.0810,1.000,0.0391,0.75
14562,replay,4000,0.0996,1.000,0.0392,0.75
14563,replay,4000,0.0823,1.000,0.0392,0.75
14564,es_step,4000,0.0000,0.000,0.0392,2.02
14565,replay,4000,0.0703,1.000,0.0391,0.76
14566,es_step,4000,0.0000,0.000,0.0391,2.02
14567,replay,4000,0.0339,1.000,0.0391,0.75
14568,replay,4000,0.0252,1.000,0.0389,0.74
14569,replay,4000,0.0283,1.000,0.0389,0.75
14570,replay,4000,0.0220,1.000,0.0388,0.74
14571,replay,4000,0.0502,1.000,0.0387,0.74
14572,replay,4000,0.0313,1.000,0.0386,0.74
14573,replay,4000,0.0541,1.000,0.0385,0.74
14574,replay,4000,0.0651,1.000,0.0385,0.75
14575,replay,4000,0.0628,1.000,0.0386,0.75
14576,replay,4000,0.0646,1.000,0.0386,0.75
14577,es_step,4000,0.0000,0.000,0.0386,2.02
14578,replay,4000,0.0753,1.000,0.0387,0.75
14579,es_step,4000,0.0000,0.000,0.0387,2.01
14580,replay,4000,0.0944,1.000,0.0388,0.76
14581,es_step,4000,0.0000,0.000,0.0388,2.01
14582,replay,4000,0.1065,1.000,0.0389,0.74
14583,es_step,4000,0.0000,0.000,0.0389,1.98
14584,replay,4000,0.1001,1.000,0.0390,0.74
14585,es_step,4000,0.0000,0.000,0.0390,4.42
14586,replay,4000,0.0913,1.000,0.0391,0.74
14587,replay,4000,0.0890,1.000,0.0392,0.74
14588,replay,4000,0.0765,1.000,0.0392,0.74
14589,replay,4000,0.0695,1.000,0.0392,0.74
14590,es_step,4000,0.0000,0.000,0.0392,1.97
14591,replay,4000,0.0462,1.000,0.0392,0.73
14592,replay,4000,0.0463,1.000,0.0392,0.74
14593,es_step,4000,0.0000,0.000,0.0392,1.97
14594,replay,4000,0.0690,1.000,0.0391,0.74
14595,replay,4000,0.0761,1.000,0.0392,0.74
14596,replay,4000,0.0811,1.000,0.0392,0.74
14597,replay,4000,0.0822,1.000,0.0392,0.74
14598,replay,4000,0.0524,1.000,0.0392,0.74
14599,replay,4000,0.0479,1.000,0.0392,0.74
14600,es_step,4000,0.0000,0.000,0.0392,1.96
14601,replay,4000,0.0565,1.000,0.0392,0.74
14602,es_step,4000,0.0000,0.000,0.0392,1.97
14603,replay,4000,0.0392,1.000,0.0392,0.74
14604,es_step,4000,0.0000,0.000,0.0392,1.95
14605,replay,4000,0.0288,1.000,0.0392,0.74
14606,es_step,4000,0.0000,0.000,0.0392,1.96
14607,replay,4000,0.0361,1.000,0.0392,0.73
14608,replay,4000,0.0422,1.000,0.0392,0.73
14609,replay,4000,0.0425,1.000,0.0391,0.73
14610,replay,4000,0.0479,1.000,0.0391,0.73
14611,replay,4000,0.0604,1.000,0.0392,0.73
14612,replay,4000,0.0659,1.000,0.0391,0.73
14613,es_step,4000,0.0000,0.000,0.0391,1.93
14614,replay,4000,0.0538,1.000,0.0391,0.73
14615,replay,4000,0.0151,1.000,0.0391,0.74
14616,replay,4000,0.0289,1.000,0.0390,0.73
14617,replay,4000,0.0312,1.000,0.0389,0.73
14618,replay,4000,-0.0021,1.000,0.0388,0.73
14619,replay,4000,0.0373,1.000,0.0387,0.74
14620,replay,4000,0.0363,1.000,0.0387,0.73
14621,es_step,4000,0.0000,0.000,0.0387,1.94
14622,replay,4000,0.0522,1.000,0.0387,0.73
14623,es_step,4000,0.0000,0.000,0.0387,1.91
14624,es_step,4000,0.0000,0.000,0.0387,1.90
14625,es_step,4000,0.0000,0.000,0.0387,1.89
14626,replay,4000,0.0532,1.000,0.0387,0.73
14627,replay,4000,0.0413,1.000,0.0386,0.74
14628,es_step,4000,0.0000,0.000,0.0386,1.95
14629,replay,4000,0.0532,1.000,0.0387,0.73
14630,replay,4000,0.0628,1.000,0.0387,0.74
14631,replay,4000,0.0745,1.000,0.0387,0.74
14632,replay,4000,0.0694,1.000,0.0387,0.74
14633,es_step,4000,0.0000,0.000,0.0387,1.99
14634,replay,4000,0.0714,1.000,0.0387,0.74
14635,replay,4000,0.0664,1.000,0.0387,0.74
14636,replay,4000,0.0749,1.000,0.0387,0.74
14637,replay,4000,0.0824,1.000,0.0388,0.74
14638,es_step,4000,0.0000,0.000,0.0388,1.95
14639,replay,4000,0.0808,1.000,0.0389,0.74
14640,replay,4000,0.0703,1.000,0.0389,0.74
14641,replay,4000,0.0700,1.000,0.0389,0.74
14642,es_step,4000,0.0000,0.000,0.0389,1.93
14643,es_step,4000,0.0000,0.000,0.0389,1.94
14644,es_step,4000,0.0000,0.000,0.0389,1.92
14645,replay,4000,0.0433,1.000,0.0389,0.74
14646,replay,4000,0.0471,1.000,0.0389,0.74
14647,es_step,4000,0.0000,0.000,0.0389,1.96
14648,es_step,4000,0.0000,0.000,0.0389,1.93
14649,replay,4000,0.0509,1.000,0.0389,0.73
14650,replay,4000,0.0445,1.000,0.0389,0.73
14651,replay,4000,0.0558,1.000,0.0388,0.73
14652,replay,4000,0.0259,1.000,0.0388,0.73
14653,replay,4000,0.0495,1.000,0.0387,0.73
14654,es_step,4000,0.0000,0.000,0.0387,1.92
14655,replay,4000,0.0360,1.000,0.0387,0.73
14656,replay,4000,0.0584,1.000,0.0387,0.73
14657,replay,4000,0.0576,1.000,0.0386,0.74
14658,replay,4000,0.0421,1.000,0.0386,0.74
14659,replay,4000,0.0382,1.000,0.0386,0.74
14660,replay,4000,0.0562,1.000,0.0386,0.74
14661,replay,4000,0.0542,1.000,0.0385,0.74
14662,es_step,4000,0.0000,0.000,0.0385,1.96
14663,replay,4000,0.0452,1.000,0.0385,0.74
14664,es_step,4000,0.0000,0.000,0.0385,1.93
14665,replay,4000,0.0288,1.000,0.0385,0.74
14666,replay,4000,0.0284,1.000,0.0385,0.75
14667,replay,4000,0.0263,1.000,0.0384,0.74
14668,es_step,4000,0.0000,0.000,0.0384,1.95
14669,replay,4000,0.0473,1.000,0.0384,0.74
14670,replay,4000,0.0311,1.000,0.0384,0.74
14671,replay,4000,0.0708,1.000,0.0385,0.75
14672,replay,4000,0.0760,1.000,0.0385,0.75
14673,replay,4000,0.0734,1.000,0.0385,0.75
14674,replay,4000,0.0672,1.000,0.0385,0.75
14675,replay,4000,0.0555,1.000,0.0385,0.75
14676,replay,4000,0.0345,1.000,0.0384,0.75
14677,replay,4000,0.0592,1.000,0.0384,0.75
14678,replay,4000,0.0521,1.000,0.0384,0.75
14679,replay,4000,0.0656,1.000,0.0384,0.75
14680,replay,4000,0.0593,1.000,0.0383,0.75
14681,replay,4000,0.0668,1.000,0.0383,0.74
14682,replay,4000,0.0611,1.000,0.0383,0.75
14683,es_step,4000,0.0000,0.000,0.0383,2.00
14684,es_step,4000,0.0000,0.000,0.0383,2.00
14685,es_step,4000,0.0000,0.000,0.0383,1.98
14686,replay,4000,0.0649,1.000,0.0383,0.74
14687,replay,4000,0.0672,1.000,0.0383,0.75
14688,replay,4000,0.0553,1.000,0.0383,0.75
14689,replay,4000,0.0521,1.000,0.0383,0.75
14690,replay,4000,0.0477,1.000,0.0383,0.75
14691,es_step,4000,0.0000,0.000,0.0383,2.00
14692,replay,4000,0.0307,1.000,0.0382,0.74
14693,replay,4000,0.0298,1.000,0.0381,0.74
14694,replay,4000,0.0393,1.000,0.0381,0.75
14695,replay,4000,0.0557,1.000,0.0380,0.74
14696,replay,4000,0.0592,1.000,0.0380,0.74
14697,replay,4000,0.0556,1.000,0.0379,0.74
14698,replay,4000,0.0501,1.000,0.0379,0.75
14699,replay,4000,0.0206,1.000,0.0377,0.74
14700,replay,4000,0.0287,1.000,0.0377,0.74
14701,replay,4000,0.0073,1.000,0.0376,0.75
14702,replay,4000,0.0270,1.000,0.0375,0.75
14703,replay,4000,0.0471,1.000,0.0375,0.75
14704,replay,4000,0.0554,1.000,0.0375,0.75
14705,replay,4000,0.0443,1.000,0.0375,0.75
14706,es_step,4000,0.0000,0.000,0.0375,2.04
14707,replay,4000,0.0613,1.000,0.0376,0.75
14708,replay,4000,0.0700,1.000,0.0376,0.75
14709,replay,4000,0.0731,1.000,0.0376,0.75
14710,es_step,4000,0.0000,0.000,0.0376,2.02
14711,replay,4000,0.0729,1.000,0.0376,0.75
14712,replay,4000,0.0692,1.000,0.0376,0.75
14713,replay,4000,0.0619,1.000,0.0376,0.74
14714,replay,4000,0.0666,1.000,0.0376,0.75
14715,replay,4000,0.0590,1.000,0.0376,0.75
14716,replay,4000,0.0251,1.000,0.0376,0.75
14717,replay,4000,0.0534,1.000,0.0376,0.75
14718,es_step,4000,0.0000,0.000,0.0376,2.03
14719,replay,4000,0.0530,1.000,0.0375,0.75
14720,replay,4000,0.0598,1.000,0.0375,0.75
14721,replay,4000,0.0597,1.000,0.0375,0.74
14722,es_step,4000,0.0000,0.000,0.0375,2.00
14723,replay,4000,0.0626,1.000,0.0375,0.75
14724,replay,4000,0.0649,1.000,0.0375,0.75
14725,replay,4000,0.0623,1.000,0.0375,0.74
14726,es_step,4000,0.0000,0.000,0.0375,1.99
14727,replay,4000,0.0532,1.000,0.0375,0.74
14728,replay,4000,0.0551,1.000,0.0375,0.74
14729,replay,4000,0.0391,1.000,0.0374,0.74
14730,replay,4000,0.0338,1.000,0.0374,0.74
14731,replay,4000,0.0461,1.000,0.0374,0.74
14732,replay,4000,0.0303,1.000,0.0373,0.74
14733,es_step,4000,0.0000,0.000,0.0373,1.99
14734,replay,4000,0.0440,1.000,0.0373,0.75
14735,replay,4000,0.0416,1.000,0.0373,0.75
14736,es_step,4000,0.0000,0.000,0.0373,2.01
14737,replay,4000,0.0628,1.000,0.0373,0.75
14738,replay,4000,0.0685,1.000,0.0373,0.75
14739,replay,4000,0.0528,1.000,0.0373,0.74
14740,es_step,4000,0.0000,0.000,0.0373,1.98
14741,replay,4000,0.0594,1.000,0.0373,0.74
14742,replay,4000,0.0628,1.000,0.0373,0.75
14743,replay,4000,0.0640,1.000,0.0373,0.75
14744,replay,4000,0.0531,1.000,0.0373,0.75
14745,replay,4000,0.0270,1.000,0.0373,0.75
14746,replay,4000,0.0373,1.000,0.0372,0.75
14747,es_step,4000,0.0000,0.000,0.0372,2.01
14748,replay,4000,0.0777,1.000,0.0372,0.75
14749,es_step,4000,0.0000,0.000,0.0372,2.00
14750,es_step,4000,0.0000,0.000,0.0372,1.98
14751,replay,4000,0.1004,1.000,0.0373,0.74
14752,replay,4000,0.0852,1.000,0.0375,0.74
14753,replay,4000,0.0837,1.000,0.0376,0.75
14754,es_step,4000,0.0000,0.000,0.0376,1.97
14755,replay,4000,0.0742,1.000,0.0377,0.74
14756,es_step,4000,0.0000,0.000,0.0377,1.96
14757,replay,4000,0.0938,1.000,0.0378,0.73
14758,es_step,4000,0.0000,0.000,0.0378,1.94
14759,replay,4000,0.1557,1.000,0.0378,0.74
14760,replay,4000,0.1393,1.000,0.0379,0.74
14761,replay,4000,0.1343,1.000,0.0380,0.74
14762,replay,4000,0.1340,1.000,0.0380,0.74
14763,replay,4000,0.1077,1.000,0.0381,0.74
14764,replay,4000,0.1016,1.000,0.0383,0.74
14765,replay,4000,0.1238,1.000,0.0384,0.74
14766,replay,4000,0.1227,1.000,0.0385,0.74
14767,replay,4000,0.1079,1.000,0.0386,0.75
14768,replay,4000,0.0865,1.000,0.0387,0.74
14769,replay,4000,0.0742,1.000,0.0386,0.74
14770,replay,4000,0.0397,1.000,0.0385,0.75
14771,es_step,4000,0.0000,0.000,0.0385,1.99
14772,replay,4000,0.0267,1.000,0.0385,0.75
14773,replay,4000,0.0313,1.000,0.0384,0.74
14774,es_step,4000,0.0000,0.000,0.0384,1.96
14775,replay,4000,0.0261,1.000,0.0383,0.74
14776,replay,4000,0.0442,1.000,0.0382,0.74
14777,replay,4000,0.0452,1.000,0.0382,0.74
14778,replay,4000,0.0504,1.000,0.0382,0.75
14779,replay,4000,0.0632,1.000,0.0382,0.75
14780,replay,4000,0.0545,1.000,0.0381,0.75
14781,replay,4000,0.0370,1.000,0.0381,0.75
14782,replay,4000,0.0545,1.000,0.0381,0.75
14783,replay,4000,0.0470,1.000,0.0381,0.74
14784,replay,4000,0.0438,1.000,0.0380,0.75
14785,replay,4000,0.0471,1.000,0.0380,0.75
14786,es_step,4000,0.0000,0.000,0.0380,1.96
14787,replay,4000,0.0541,1.000,0.0380,0.75
14788,es_step,4000,0.0000,0.000,0.0380,1.97
14789,replay,4000,0.0486,1.000,0.0380,0.75
14790,replay,4000,0.0709,1.000,0.0380,0.76
14791,es_step,4000,0.0000,0.000,0.0380,2.01
14792,replay,4000,0.0724,1.000,0.0380,0.76
14793,replay,4000,0.0828,1.000,0.0380,0.75
14794,es_step,4000,0.0000,0.000,0.0380,2.00
14795,replay,4000,0.0674,1.000,0.0380,0.75
14796,es_step,4000,0.0000,0.000,0.0380,2.01
14797,replay,4000,0.0870,1.000,0.0381,0.75
14798,es_step,4000,0.0000,0.000,0.0381,1.99
14799,replay,4000,0.0878,1.000,0.0382,0.75
14800,replay,4000,0.0770,1.000,0.0382,0.75
14801,replay,4000,0.0725,1.000,0.0382,0.75
14802,es_step,4000,0.0000,0.000,0.0382,1.98
14803,replay,4000,0.0629,1.000,0.0382,0.74
14804,replay,4000,0.0549,1.000,0.0382,0.74
14805,replay,4000,0.0398,1.000,0.0382,0.74
14806,replay,4000,0.0389,1.000,0.0381,0.74
14807,replay,4000,0.0533,1.000,0.0381,0.74
14808,replay,4000,0.0432,1.000,0.0381,0.75
14809,es_step,4000,0.0000,0.000,0.0381,1.99
14810,replay,4000,0.0461,1.000,0.0381,0.75
14811,es_step,4000,0.0000,0.000,0.0381,1.96
14812,replay,4000,0.0572,1.000,0.0381,0.74
14813,replay,4000,0.0582,1.000,0.0381,0.74
14814,replay,4000,0.0680,1.000,0.0381,0.74
14815,replay,4000,0.0602,1.000,0.0381,0.74
14816,replay,4000,0.0666,1.000,0.0381,0.74
14817,replay,4000,0.0416,1.000,0.0380,0.74
14818,replay,4000,0.0294,1.000,0.0380,0.74
14819,es_step,4000,0.0000,0.000,0.0380,1.97
14820,replay,4000,0.0539,1.000,0.0379,0.74
14821,replay,4000,0.0355,1.000,0.0379,0.74
14822,replay,4000,0.0416,1.000,0.0379,0.74
14823,replay,4000,0.0628,1.000,0.0379,0.74
14824,es_step,4000,0.0000,0.000,0.0379,2.00
14825,replay,4000,0.0556,1.000,0.0379,0.75
14826,replay,4000,0.0326,1.000,0.0379,0.74
14827,replay,4000,0.0331,1.000,0.0378,0.75
14828,replay,4000,0.0413,1.000,0.0378,0.74
14829,replay,4000,0.0409,1.000,0.0378,0.75
14830,replay,4000,0.0447,1.000,0.0379,0.75
14831,replay,4000,0.0552,1.000,0.0379,0.75
14832,es_step,4000,0.0000,0.000,0.0379,2.00
14833,es_step,4000,0.0000,0.000,0.0379,1.97
14834,es_step,4000,0.0000,0.000,0.0379,1.94
14835,replay,4000,0.0382,1.000,0.0379,0.74
14836,replay,4000,0.0624,1.000,0.0379,0.74
14837,replay,4000,0.0402,1.000,0.0378,0.75
14838,replay,4000,0.0578,1.000,0.0378,0.74
14839,replay,4000,0.0467,1.000,0.0378,0.74
14840,replay,4000,0.0450,1.000,0.0378,0.75
14841,replay,4000,0.0297,1.000,0.0377,0.74
14842,replay,4000,0.0355,1.000,0.0377,0.75
14843,replay,4000,0.0523,1.000,0.0377,0.75
14844,replay,4000,0.0364,1.000,0.0377,0.74
14845,replay,4000,0.0524,1.000,0.0377,0.74
14846,replay,4000,0.0657,1.000,0.0377,0.75
14847,replay,4000,0.0736,1.000,0.0377,0.75
14848,replay,4000,0.0622,1.000,0.0377,0.75
14849,replay,4000,0.0735,1.000,0.0377,0.75
14850,replay,4000,0.0748,1.000,0.0377,0.75
14851,replay,4000,0.0727,1.000,0.0377,0.75
14852,replay,4000,0.0657,1.000,0.0377,0.75
14853,es_step,4000,0.0000,0.000,0.0377,2.03
14854,replay,4000,0.0682,1.000,0.0378,0.76
14855,replay,4000,0.0523,1.000,0.0377,0.76
14856,replay,4000,0.0536,1.000,0.0377,0.77
14857,replay,4000,0.0497,1.000,0.0377,0.76
14858,replay,4000,0.0462,1.000,0.0376,0.75
14859,replay,4000,0.0400,1.000,0.0376,0.76
14860,replay,4000,0.0301,1.000,0.0375,0.76
14861,replay,4000,0.0623,1.000,0.0375,0.76
14862,replay,4000,0.0567,1.000,0.0374,0.76
14863,replay,4000,0.0551,1.000,0.0374,0.76
14864,replay,4000,0.0198,1.000,0.0373,0.76
14865,replay,4000,0.0166,1.000,0.0372,0.76
14866,replay,4000,0.0287,1.000,0.0371,0.76
14867,replay,4000,0.0414,1.000,0.0370,0.76
14868,es_step,4000,0.0000,0.000,0.0370,2.04
14869,replay,4000,0.0303,1.000,0.0370,0.75
14870,replay,4000,0.0318,1.000,0.0369,0.75
14871,es_step,4000,0.0000,0.000,0.0369,2.01
14872,replay,4000,0.0595,1.000,0.0369,0.76
14873,es_step,4000,0.0000,0.000,0.0369,2.02
14874,es_step,4000,0.0000,0.000,0.0369,2.00
14875,replay,4000,0.0604,1.000,0.0369,3.22
14876,replay,4000,0.0658,1.000,0.0369,0.75
14877,replay,4000,0.0533,1.000,0.0369,0.74
14878,replay,4000,0.0515,1.000,0.0369,0.74
14879,replay,4000,0.0324,1.000,0.0368,0.75
14880,replay,4000,-0.0918,1.000,0.0367,0.75
14881,replay,4000,0.0533,1.000,0.0366,0.75
14882,replay,4000,0.0632,1.000,0.0367,0.75
14883,replay,4000,0.0723,1.000,0.0367,0.75
14884,replay,4000,0.0721,1.000,0.0367,0.74
14885,replay,4000,0.0638,1.000,0.0367,0.75
14886,replay,4000,0.0592,1.000,0.0367,0.75
14887,replay,4000,0.0338,1.000,0.0366,0.75
14888,es_step,4000,0.0000,0.000,0.0366,2.01
14889,replay,4000,0.0458,1.000,0.0366,0.76
14890,replay,4000,0.0550,1.000,0.0366,0.76
14891,replay,4000,0.0614,1.000,0.0366,0.77
14892,replay,4000,0.0400,1.000,0.0366,0.75
14893,replay,4000,0.0544,1.000,0.0365,0.76
14894,replay,4000,0.0497,1.000,0.0365,0.75
14895,replay,4000,0.0602,1.000,0.0365,0.75
14896,replay,4000,0.0722,1.000,0.0365,0.75
14897,replay,4000,0.0762,1.000,0.0365,0.75
14898,replay,4000,0.0778,1.000,0.0365,0.75
14899,replay,4000,0.0762,1.000,0.0365,0.75
14900,replay,4000,0.0702,1.000,0.0365,0.75
14901,replay,4000,0.0707,1.000,0.0366,0.75
14902,replay,4000,0.0666,1.000,0.0365,0.75
14903,replay,4000,0.0665,1.000,0.0365,0.76
14904,replay,4000,0.0605,1.000,0.0365,0.75
14905,es_step,4000,0.0000,0.000,0.0365,2.05
14906,es_step,4000,0.0000,0.000,0.0365,2.03
14907,replay,4000,0.0650,1.000,0.0365,0.75
14908,replay,4000,0.0715,1.000,0.0365,0.75
14909,replay,4000,0.0721,1.000,0.0366,0.75
14910,replay,4000,0.0573,1.000,0.0366,0.75
14911,replay,4000,0.0542,1.000,0.0366,0.75
14912,es_step,4000,0.0000,0.000,0.0366,2.01
14913,replay,4000,0.0713,1.000,0.0366,0.75
14914,es_step,4000,0.0000,0.000,0.0366,2.01
14915,replay,4000,0.0677,1.000,0.0366,0.75
14916,replay,4000,0.0475,1.000,0.0365,0.75
14917,es_step,4000,0.0000,0.000,0.0365,1.99
14918,replay,4000,0.0538,1.000,0.0366,0.75
14919,replay,4000,0.0212,1.000,0.0365,0.75
14920,replay,4000,0.0548,1.000,0.0365,0.74
14921,replay,4000,0.0742,1.000,0.0366,0.74
14922,replay,4000,0.0785,1.000,0.0366,0.74
14923,replay,4000,0.0660,1.000,0.0367,0.74
14924,replay,4000,0.0794,1.000,0.0367,0.75
14925,replay,4000,0.0852,1.000,0.0368,0.75
14926,replay,4000,0.0668,1.000,0.0369,0.76
14927,replay,4000,0.0710,1.000,0.0369,0.76
14928,es_step,4000,0.0000,0.000,0.0369,2.03
14929,replay,4000,0.0670,1.000,0.0369,0.75
14930,replay,4000,0.0828,1.000,0.0369,0.76
14931,replay,4000,0.0683,1.000,0.0369,0.75
14932,replay,4000,0.0649,1.000,0.0369,0.75
14933,replay,4000,0.0531,1.000,0.0369,0.75
14934,replay,4000,0.0657,1.000,0.0370,0.75
14935,es_step,4000,0.0000,0.000,0.0370,2.03
14936,replay,4000,0.0725,1.000,0.0370,0.76
14937,replay,4000,0.0503,1.000,0.0370,0.75
14938,replay,4000,0.0515,1.000,0.0370,0.75
14939,es_step,4000,0.0000,0.000,0.0370,2.01
14940,replay,4000,0.0594,1.000,0.0369,0.75
14941,replay,4000,0.0669,1.000,0.0369,0.75
14942,replay,4000,0.0682,1.000,0.0369,0.75
14943,es_step,4000,0.0000,0.000,0.0369,2.00
14944,replay,4000,0.0647,1.000,0.0370,0.75
14945,replay,4000,0.0573,1.000,0.0370,0.76
14946,replay,4000,0.0595,1.000,0.0369,0.76
14947,replay,4000,0.0460,1.000,0.0369,0.77
14948,replay,4000,0.0301,1.000,0.0368,0.76
14949,replay,4000,0.0438,1.000,0.0367,0.76
14950,es_step,4000,0.0000,0.000,0.0367,2.02
14951,replay,4000,0.0416,1.000,0.0367,0.76
14952,replay,4000,0.0255,1.000,0.0366,0.75
14953,es_step,4000,0.0000,0.000,0.0366,2.00
14954,replay,4000,-0.0362,1.000,0.0366,0.75
14955,replay,4000,0.0604,1.000,0.0367,0.74
14956,replay,4000,0.0801,1.000,0.0367,0.74
14957,replay,4000,0.0907,1.000,0.0368,0.74
14958,replay,4000,0.0904,1.000,0.0368,0.75
14959,replay,4000,0.0812,1.000,0.0369,0.74
14960,replay,4000,0.0676,1.000,0.0369,0.74
14961,replay,4000,0.0492,1.000,0.0369,0.74
14962,replay,4000,0.0496,1.000,0.0368,0.74
14963,replay,4000,0.0614,1.000,0.0368,0.75
14964,replay,4000,0.0570,1.000,0.0369,0.75
14965,replay,4000,0.0671,1.000,0.0369,0.75
14966,es_step,4000,0.0000,0.000,0.0369,2.00
14967,replay,4000,0.0649,1.000,0.0369,0.75
14968,replay,4000,0.0752,1.000,0.0369,0.75
14969,es_step,4000,0.0000,0.000,0.0369,2.01
14970,replay,4000,0.0657,1.000,0.0369,0.75
14971,replay,4000,0.0675,1.000,0.0370,0.75
14972,replay,4000,0.0705,1.000,0.0370,0.75
14973,es_step,4000,0.0000,0.000,0.0370,2.01
14974,replay,4000,0.0681,1.000,0.0370,0.75
14975,replay,4000,0.0792,1.000,0.0370,0.75
14976,replay,4000,0.0745,1.000,0.0370,0.75
14977,replay,4000,0.0700,1.000,0.0370,0.75
14978,es_step,4000,0.0000,0.000,0.0370,1.99
14979,replay,4000,0.0854,1.000,0.0372,0.75
14980,es_step,4000,0.0000,0.000,0.0372,1.99
14981,replay,4000,0.0460,1.000,0.0372,0.75
14982,replay,4000,0.0810,1.000,0.0372,0.75
14983,es_step,4000,0.0000,0.000,0.0372,2.01
14984,replay,4000,0.0886,1.000,0.0373,0.76
14985,replay,4000,0.0846,1.000,0.0374,0.75
14986,replay,4000,0.0858,1.000,0.0374,0.76
14987,replay,4000,0.0797,1.000,0.0374,0.75
14988,replay,4000,0.0443,1.000,0.0374,0.75
14989,es_step,4000,0.0000,0.000,0.0374,2.01
14990,replay,4000,0.0535,1.000,0.0374,0.75
14991,replay,4000,0.0453,1.000,0.0373,0.75
14992,replay,4000,0.0379,1.000,0.0372,0.76
14993,replay,4000,0.0342,1.000,0.0371,0.76
14994,replay,4000,0.0400,1.000,0.0371,0.76
14995,replay,4000,0.0455,1.000,0.0371,0.76
14996,replay,4000,0.0810,1.000,0.0372,0.77
14997,replay,4000,0.0841,1.000,0.0373,0.76
14998,replay,4000,0.0830,1.000,0.0374,0.77
14999,replay,4000,0.0870,1.000,0.0375,0.77
15000,replay,4000,0.0850,1.000,0.0375,0.76
15001,es_step,4000,0.0000,0.000,0.0375,2.06
15002,replay,4000,0.0716,1.000,0.0376,0.76
15003,replay,4000,0.0854,1.000,0.0377,0.76
15004,replay,4000,0.0832,1.000,0.0378,0.76
15005,replay,4000,0.0852,1.000,0.0378,0.76
15006,replay,4000,0.0927,1.000,0.0379,0.75
15007,replay,4000,0.0843,1.000,0.0379,0.75
15008,replay,4000,0.0764,1.000,0.0380,0.75
15009,replay,4000,0.0840,1.000,0.0380,0.75
15010,es_step,4000,0.0000,0.000,0.0380,2.02
15011,replay,4000,0.0679,1.000,0.0381,0.76
15012,es_step,4000,0.0000,0.000,0.0381,2.02
15013,replay,4000,0.0759,1.000,0.0381,0.75
15014,replay,4000,0.0528,1.000,0.0381,0.75
15015,replay,4000,0.0484,1.000,0.0380,0.76
15016,replay,4000,0.0531,1.000,0.0380,0.75
15017,replay,4000,0.0580,1.000,0.0379,0.76
15018,replay,4000,0.0543,1.000,0.0379,0.75
15019,replay,4000,0.0531,1.000,0.0379,0.75
15020,replay,4000,0.0530,1.000,0.0379,0.75
15021,replay,4000,0.0508,1.000,0.0378,0.77
15022,replay,4000,0.0508,1.000,0.0378,0.76
15023,replay,4000,0.0523,1.000,0.0378,0.75
15024,replay,4000,0.0421,1.000,0.0378,0.76
15025,replay,4000,0.0577,1.000,0.0378,0.76
15026,replay,4000,0.0609,1.000,0.0378,0.76
15027,replay,4000,0.0735,1.000,0.0378,0.76
15028,es_step,4000,0.0000,0.000,0.0378,2.05
15029,es_step,4000,0.0000,0.000,0.0378,2.02
15030,es_step,4000,0.0000,0.000,0.0378,2.00
15031,replay,4000,0.0757,1.000,0.0378,0.75
15032,es_step,4000,0.0000,0.000,0.0378,2.00
15033,replay,4000,0.0638,1.000,0.0377,0.75
15034,replay,4000,0.0649,1.000,0.0378,0.74
15035,replay,4000,0.0316,1.000,0.0378,0.74
15036,replay,4000,0.0674,1.000,0.0378,0.74
15037,es_step,4000,0.0000,0.000,0.0378,2.00
15038,replay,4000,0.0638,1.000,0.0378,0.74
15039,replay,4000,0.0706,1.000,0.0378,0.74
15040,replay,4000,0.0605,1.000,0.0378,0.74
15041,replay,4000,0.0624,1.000,0.0378,0.75
15042,replay,4000,0.0660,1.000,0.0378,0.74
15043,es_step,4000,0.0000,0.000,0.0378,1.99
15044,replay,4000,0.0686,1.000,0.0377,0.74
15045,replay,4000,0.0624,1.000,0.0377,0.74
15046,es_step,4000,0.0000,0.000,0.0377,1.96
15047,replay,4000,0.0451,1.000,0.0376,0.74
15048,replay,4000,0.0171,1.000,0.0376,0.74
15049,replay,4000,0.0182,1.000,0.0375,0.75
15050,replay,4000,0.0355,1.000,0.0374,0.75
15051,replay,4000,0.0374,1.000,0.0373,0.74
15052,replay,4000,0.0386,1.000,0.0372,0.75
15053,replay,4000,0.0531,1.000,0.0372,0.75
15054,replay,4000,0.0468,1.000,0.0371,0.74
15055,replay,4000,0.0549,1.000,0.0371,0.74
15056,replay,4000,0.0548,1.000,0.0371,0.74
15057,es_step,4000,0.0000,0.000,0.0371,1.98
15058,replay,4000,0.0438,1.000,0.0370,0.74
15059,replay,4000,0.0347,1.000,0.0370,0.75
15060,es_step,4000,0.0000,0.000,0.0370,2.02
15061,es_step,4000,0.0000,0.000,0.0370,2.00
15062,replay,4000,0.0344,1.000,0.0369,0.76
15063,replay,4000,0.0528,1.000,0.0369,0.76
15064,replay,4000,0.0710,1.000,0.0369,0.75
15065,es_step,4000,0.0000,0.000,0.0369,1.98
15066,replay,4000,0.0782,1.000,0.0369,0.74
15067,replay,4000,0.0886,1.000,0.0370,0.74
15068,replay,4000,0.0802,1.000,0.0371,0.74
15069,replay,4000,0.0914,1.000,0.0371,0.74
15070,replay,4000,0.0838,1.000,0.0372,0.74
15071,replay,4000,0.0744,1.000,0.0372,0.74
15072,replay,4000,0.0421,1.000,0.0372,0.74
15073,replay,4000,0.0698,1.000,0.0372,0.74
15074,es_step,4000,0.0000,0.000,0.0372,1.99
15075,es_step,4000,0.0000,0.000,0.0372,1.98
15076,replay,4000,0.0938,1.000,0.0372,0.74
15077,replay,4000,0.0742,1.000,0.0373,0.74
15078,es_step,4000,0.0000,0.000,0.0373,1.96
15079,replay,4000,0.0843,1.000,0.0373,0.74
15080,es_step,4000,0.0000,0.000,0.0373,1.94
15081,es_step,4000,0.0000,0.000,0.0373,1.97
15082,replay,4000,0.0724,1.000,0.0374,0.74
15083,replay,4000,0.0651,1.000,0.0374,0.74
15084,es_step,4000,0.0000,0.000,0.0374,1.93
15085,replay,4000,0.0537,1.000,0.0373,0.74
15086,es_step,4000,0.0000,0.000,0.0373,1.96
15087,replay,4000,0.0523,1.000,0.0373,0.74
15088,replay,4000,0.0351,1.000,0.0373,0.74
15089,replay,4000,0.0608,1.000,0.0373,0.74
15090,replay,4000,0.0613,1.000,0.0372,0.75
15091,replay,4000,0.0587,1.000,0.0372,0.75
15092,replay,4000,0.0246,1.000,0.0371,0.75
15093,replay,4000,0.0332,1.000,0.0371,0.75
15094,replay,4000,0.0441,1.000,0.0371,0.75
15095,replay,4000,0.0609,1.000,0.0371,0.76
15096,es_step,4000,0.0000,0.000,0.0371,2.01
15097,es_step,4000,0.0000,0.000,0.0371,2.00
15098,replay,4000,0.0680,1.000,0.0371,0.75
15099,replay,4000,0.0749,1.000,0.0371,0.75
15100,replay,4000,0.0700,1.000,0.0371,0.74
15101,replay,4000,0.0650,1.000,0.0371,0.75
15102,es_step,4000,0.0000,0.000,0.0371,2.01
15103,replay,4000,0.0662,1.000,0.0372,0.76
15104,replay,4000,0.0523,1.000,0.0371,0.76
15105,replay,4000,0.0586,1.000,0.0372,0.75
15106,replay,4000,0.0496,1.000,0.0372,0.76
15107,es_step,4000,0.0000,0.000,0.0372,2.02
15108,replay,4000,0.0472,1.000,0.0372,0.75
15109,replay,4000,0.0378,1.000,0.0371,0.75
15110,replay,4000,0.0224,1.000,0.0371,0.75
15111,replay,4000,0.0347,1.000,0.0370,0.75
15112,replay,4000,0.0428,1.000,0.0370,0.75
15113,replay,4000,0.0385,1.000,0.0370,0.75
15114,es_step,4000,0.0000,0.000,0.0370,1.99
15115,replay,4000,0.0483,1.000,0.0370,0.74
15116,replay,4000,0.0460,1.000,0.0369,0.75
15117,replay,4000,0.0553,1.000,0.0369,0.74
15118,replay,4000,0.0655,1.000,0.0369,0.74
15119,es_step,4000,0.0000,0.000,0.0369,1.98
15120,replay,4000,0.0547,1.000,0.0369,0.75
15121,replay,4000,0.0616,1.000,0.0369,0.74
15122,replay,4000,0.0554,1.000,0.0369,0.74
15123,replay,4000,0.0631,1.000,0.0369,0.74
15124,replay,4000,0.0663,1.000,0.0369,0.74
15125,replay,4000,0.0548,1.000,0.0369,0.74
15126,replay,4000,0.0635,1.000,0.0369,0.74
15127,replay,4000,0.0659,1.000,0.0370,0.74
15128,replay,4000,0.0873,1.000,0.0370,0.74
15129,es_step,4000,0.0000,0.000,0.0370,1.96
15130,replay,4000,0.0698,1.000,0.0370,0.75
15131,replay,4000,0.0616,1.000,0.0370,0.76
15132,es_step,4000,0.0000,0.000,0.0370,1.99
15133,replay,4000,0.0675,1.000,0.0370,0.75
15134,replay,4000,0.0732,1.000,0.0370,0.75
15135,replay,4000,0.0769,1.000,0.0371,0.76
15136,es_step,4000,0.0000,0.000,0.0371,2.02
15137,replay,4000,0.0780,1.000,0.0371,0.76
15138,replay,4000,0.0664,1.000,0.0371,0.76
15139,replay,4000,0.0601,1.000,0.0371,0.76
15140,replay,4000,0.0415,1.000,0.0370,0.76
15141,es_step,4000,0.0000,0.000,0.0370,2.04
15142,replay,4000,0.0347,1.000,0.0370,0.75
15143,replay,4000,0.0232,1.000,0.0369,0.75
15144,replay,4000,0.0357,1.000,0.0368,0.75
15145,es_step,4000,0.0000,0.000,0.0368,2.00
15146,es_step,4000,0.0000,0.000,0.0368,1.97
15147,replay,4000,0.0441,1.000,0.0368,0.75
15148,es_step,4000,0.0000,0.000,0.0368,1.94
15149,replay,4000,0.0690,1.000,0.0368,0.74
15150,replay,4000,0.0669,1.000,0.0368,0.75
15151,replay,4000,0.0551,1.000,0.0368,0.75
15152,replay,4000,0.0502,1.000,0.0367,0.75
15153,es_step,4000,0.0000,0.000,0.0367,1.98
15154,replay,4000,0.0396,1.000,0.0367,0.75
15155,replay,4000,0.0072,1.000,0.0366,0.74
15156,es_step,4000,0.0000,0.000,0.0366,1.98
15157,replay,4000,0.0438,1.000,0.0366,0.74
15158,replay,4000,0.0314,1.000,0.0365,0.74
15159,replay,4000,0.0392,1.000,0.0364,0.74
15160,replay,4000,0.0498,1.000,0.0364,0.74
15161,replay,4000,0.0435,1.000,0.0364,0.74
15162,replay,4000,0.0589,1.000,0.0364,0.74
15163,replay,4000,0.0636,1.000,0.0364,0.74
15164,replay,4000,0.0586,1.000,0.0364,0.74
15165,es_step,4000,0.0000,0.000,0.0364,1.95
15166,replay,4000,0.0693,1.000,0.0365,0.74
15167,replay,4000,0.0550,1.000,0.0365,0.74
15168,es_step,4000,0.0000,0.000,0.0365,4.38
15169,es_step,4000,0.0000,0.000,0.0365,1.90
15170,es_step,4000,0.0000,0.000,0.0365,1.89
15171,replay,4000,0.0590,1.000,0.0365,0.74
15172,replay,4000,0.0520,1.000,0.0365,0.73
15173,replay,4000,0.0475,1.000,0.0365,0.73
15174,replay,4000,0.0502,1.000,0.0365,0.73
15175,replay,4000,0.0516,1.000,0.0365,0.74
15176,replay,4000,0.0540,1.000,0.0365,0.74
15177,replay,4000,0.0480,1.000,0.0364,0.74
15178,replay,4000,0.0255,1.000,0.0364,0.74
15179,replay,4000,0.0292,1.000,0.0363,0.74
15180,replay,4000,0.0331,1.000,0.0363,0.74
15181,replay,4000,0.0505,1.000,0.0362,0.75
15182,replay,4000,0.0764,1.000,0.0362,0.75
15183,replay,4000,0.0653,1.000,0.0362,0.75
15184,replay,4000,0.0393,1.000,0.0361,0.75
15185,replay,4000,0.0726,1.000,0.0361,0.75
15186,replay,4000,0.0800,1.000,0.0362,0.76
15187,es_step,4000,0.0000,0.000,0.0362,2.02
15188,replay,4000,0.0846,1.000,0.0362,0.76
15189,replay,4000,0.0594,1.000,0.0361,0.75
15190,replay,4000,0.0644,1.000,0.0361,0.76
15191,replay,4000,0.0592,1.000,0.0361,0.75
15192,replay,4000,0.0383,1.000,0.0361,0.75
15193,replay,4000,0.0459,1.000,0.0361,0.76
15194,replay,4000,0.0440,1.000,0.0361,0.76
15195,es_step,4000,0.0000,0.000,0.0361,2.03
15196,es_step,4000,0.0000,0.000,0.0361,2.02
15197,replay,4000,0.0425,1.000,0.0360,0.76
15198,replay,4000,0.0481,1.000,0.0360,0.76
15199,replay,4000,0.0448,1.000,0.0360,0.76
15200,replay,4000,0.0731,1.000,0.0360,0.76
15201,es_step,4000,0.0000,0.000,0.0360,2.01
15202,replay,4000,0.0580,1.000,0.0360,0.75
15203,es_step,4000,0.0000,0.000,0.0360,2.00
15204,replay,4000,0.0610,1.000,0.0361,0.75
15205,replay,4000,0.0823,1.000,0.0361,0.75
15206,replay,4000,0.0742,1.000,0.0361,0.75
15207,es_step,4000,0.0000,0.000,0.0361,1.98
15208,replay,4000,0.0640,1.000,0.0361,0.74
15209,replay,4000,0.0604,1.000,0.0361,0.75
15210,replay,4000,0.0534,1.000,0.0361,0.74
15211,replay,4000,0.0614,1.000,0.0361,0.74
15212,es_step,4000,0.0000,0.000,0.0361,1.96
15213,replay,4000,0.0597,1.000,0.0361,0.75
15214,replay,4000,0.0588,1.000,0.0361,0.76
15215,replay,4000,0.0674,1.000,0.0361,0.76
15216,replay,4000,0.0591,1.000,0.0361,0.76
15217,replay,4000,0.0581,1.000,0.0361,0.76
15218,replay,4000,0.0381,1.000,0.0360,0.75
15219,replay,4000,0.0586,1.000,0.0359,0.75
15220,replay,4000,0.0614,1.000,0.0359,0.75
15221,replay,4000,0.0669,1.000,0.0359,0.75
15222,replay,4000,0.0698,1.000,0.0360,0.75
15223,replay,4000,0.0728,1.000,0.0360,0.76
15224,replay,4000,0.0791,1.000,0.0360,0.76
15225,replay,4000,0.0782,1.000,0.0360,0.76
15226,replay,4000,0.0632,1.000,0.0361,0.76
15227,es_step,4000,0.0000,0.000,0.0361,2.02
15228,replay,4000,0.0732,1.000,0.0361,0.75
15229,replay,4000,0.0774,1.000,0.0361,0.75
15230,replay,4000,0.0682,1.000,0.0361,0.76
15231,replay,4000,0.0659,1.000,0.0361,0.76
15232,replay,4000,0.0483,1.000,0.0361,0.76
15233,replay,4000,0.0602,1.000,0.0361,0.76
15234,replay,4000,0.0510,1.000,0.0361,0.76
15235,replay,4000,0.0382,1.000,0.0360,0.76
15236,replay,4000,0.0597,1.000,0.0360,0.76
15237,es_step,4000,0.0000,0.000,0.0360,2.03
15238,es_step,4000,0.0000,0.000,0.0360,2.02
15239,replay,4000,0.0696,1.000,0.0361,0.75
15240,replay,4000,0.0709,1.000,0.0361,0.75
15241,replay,4000,0.0720,1.000,0.0361,0.75
15242,replay,4000,0.0710,1.000,0.0361,0.75
15243,replay,4000,0.0748,1.000,0.0361,0.75
15244,replay,4000,0.0731,1.000,0.0361,0.76
15245,replay,4000,0.0681,1.000,0.0361,0.76
15246,replay,4000,0.0751,1.000,0.0362,0.76
15247,replay,4000,0.0616,1.000,0.0362,0.76
15248,replay,4000,0.0712,1.000,0.0362,0.76
15249,es_step,4000,0.0000,0.000,0.0362,2.06
15250,replay,4000,0.0780,1.000,0.0362,0.76
15251,replay,4000,0.0689,1.000,0.0362,0.77
15252,replay,4000,0.0592,1.000,0.0362,0.76
15253,replay,4000,0.0572,1.000,0.0362,0.77
15254,replay,4000,0.0351,1.000,0.0361,0.76
15255,replay,4000,0.0480,1.000,0.0361,0.76
15256,replay,4000,0.0513,1.000,0.0360,0.76
15257,replay,4000,0.0486,1.000,0.0360,0.76
15258,replay,4000,0.0408,1.000,0.0360,0.76
15259,replay,4000,0.0405,1.000,0.0359,0.76
15260,replay,4000,0.0442,1.000,0.0358,0.76
15261,es_step,4000,0.0000,0.000,0.0358,2.07
15262,replay,4000,0.0525,1.000,0.0358,0.76
15263,replay,4000,0.0613,1.000,0.0358,0.76
15264,replay,4000,0.0610,1.000,0.0358,0.76
15265,es_step,4000,0.0000,0.000,0.0358,2.07
15266,replay,4000,0.0502,1.000,0.0357,0.76
15267,replay,4000,0.0190,1.000,0.0356,0.76
15268,replay,4000,0.0352,1.000,0.0355,0.76
15269,replay,4000,0.0270,1.000,0.0355,0.76
15270,es_step,4000,0.0000,0.000,0.0355,2.07
15271,replay,4000,0.0308,1.000,0.0354,0.77
15272,replay,4000,0.0519,1.000,0.0354,0.76
15273,replay,4000,0.0626,1.000,0.0354,0.76
15274,replay,4000,0.0641,1.000,0.0355,0.76
15275,replay,4000,0.0657,1.000,0.0355,0.75
15276,replay,4000,0.0695,1.000,0.0356,0.75
15277,replay,4000,0.0737,1.000,0.0356,0.75
15278,replay,4000,0.0674,1.000,0.0356,0.75
15279,replay,4000,0.0604,1.000,0.0356,0.75
15280,replay,4000,0.0578,1.000,0.0357,0.76
15281,replay,4000,0.0448,1.000,0.0357,0.75
15282,replay,4000,0.0443,1.000,0.0356,0.75
15283,replay,4000,0.0434,1.000,0.0356,0.75
15284,replay,4000,0.0367,1.000,0.0355,0.76
15285,replay,4000,0.0478,1.000,0.0355,0.76
15286,replay,4000,0.0395,1.000,0.0354,0.75
15287,replay,4000,0.0500,1.000,0.0354,0.76
15288,replay,4000,0.0501,1.000,0.0354,0.75
15289,es_step,4000,0.0000,0.000,0.0354,2.07
15290,replay,4000,0.0501,1.000,0.0354,0.76
15291,replay,4000,0.0551,1.000,0.0354,0.75
15292,replay,4000,0.0550,1.000,0.0353,0.76
15293,replay,4000,0.0585,1.000,0.0353,0.76
15294,replay,4000,0.0607,1.000,0.0353,0.76
15295,replay,4000,0.0506,1.000,0.0353,0.77
15296,replay,4000,0.0521,1.000,0.0353,0.76
15297,replay,4000,0.0457,1.000,0.0352,0.76
15298,replay,4000,0.0189,1.000,0.0352,0.76
15299,replay,4000,0.0408,1.000,0.0351,0.77
15300,replay,4000,0.0613,1.000,0.0351,0.77
15301,replay,4000,0.0518,1.000,0.0351,0.77
15302,replay,4000,0.0560,1.000,0.0351,0.78
15303,es_step,4000,0.0000,0.000,0.0351,2.07
15304,replay,4000,0.0353,1.000,0.0350,0.76
15305,replay,4000,0.0606,1.000,0.0349,0.76
15306,replay,4000,0.0560,1.000,0.0350,0.76
15307,replay,4000,0.0714,1.000,0.0350,0.76
15308,replay,4000,0.0640,1.000,0.0350,0.75
15309,replay,4000,0.0687,1.000,0.0350,0.75
15310,replay,4000,0.0627,1.000,0.0350,0.76
15311,replay,4000,0.0610,1.000,0.0350,0.76
15312,replay,4000,0.0530,1.000,0.0349,0.76
15313,replay,4000,0.0571,1.000,0.0349,0.76
15314,replay,4000,0.0630,1.000,0.0349,0.76
15315,replay,4000,0.0671,1.000,0.0349,0.76
15316,replay,4000,0.0651,1.000,0.0349,0.76
15317,replay,4000,0.0578,1.000,0.0349,0.76
15318,es_step,4000,0.0000,0.000,0.0349,2.09
15319,replay,4000,0.0566,1.000,0.0349,0.76
15320,replay,4000,0.0460,1.000,0.0348,0.76
15321,replay,4000,0.0464,1.000,0.0348,0.76
15322,replay,4000,0.0358,1.000,0.0348,0.77
15323,es_step,4000,0.0000,0.000,0.0348,2.08
15324,replay,4000,0.0377,1.000,0.0347,0.76
15325,replay,4000,0.0415,1.000,0.0347,0.76
15326,replay,4000,0.0361,1.000,0.0347,0.75
15327,replay,4000,0.0644,1.000,0.0347,0.76
15328,es_step,4000,0.0000,0.000,0.0347,2.07
15329,replay,4000,0.0580,1.000,0.0347,0.76
15330,replay,4000,0.0528,1.000,0.0347,0.76
15331,replay,4000,0.0557,1.000,0.0346,0.75
15332,es_step,4000,0.0000,0.000,0.0346,2.04
15333,replay,4000,0.0260,1.000,0.0346,0.75
15334,replay,4000,0.0365,1.000,0.0345,0.75
15335,replay,4000,0.0292,1.000,0.0344,0.75
15336,replay,4000,0.0422,1.000,0.0344,0.75
15337,replay,4000,0.0124,1.000,0.0344,0.76
15338,replay,4000,0.0683,1.000,0.0344,0.75
15339,es_step,4000,0.0000,0.000,0.0344,2.04
15340,replay,4000,0.0715,1.000,0.0346,0.75
15341,replay,4000,-0.0064,1.000,0.0345,0.75
15342,replay,4000,0.0839,1.000,0.0346,0.75
15343,replay,4000,0.0813,1.000,0.0346,0.74
15344,replay,4000,0.0753,1.000,0.0347,0.74
15345,replay,4000,0.1022,1.000,0.0348,0.75
15346,replay,4000,0.0956,1.000,0.0349,0.75
15347,replay,4000,0.0886,1.000,0.0350,0.75
15348,es_step,4000,0.0000,0.000,0.0350,2.05
15349,es_step,4000,0.0000,0.000,0.0350,2.04
15350,replay,4000,0.0964,1.000,0.0351,0.75
15351,replay,4000,0.0886,1.000,0.0352,0.75
15352,replay,4000,0.0776,1.000,0.0352,0.75
15353,replay,4000,-0.1040,1.000,0.0350,0.75
15354,replay,4000,0.0708,1.000,0.0351,0.76
15355,replay,4000,0.0704,1.000,0.0351,0.75
15356,replay,4000,0.0839,1.000,0.0352,0.75
15357,replay,4000,0.0736,1.000,0.0352,0.75
15358,replay,4000,0.0725,1.000,0.0352,0.75
15359,replay,4000,0.0667,1.000,0.0352,0.75
15360,replay,4000,0.0497,1.000,0.0352,0.75
15361,replay,4000,0.0501,1.000,0.0352,0.75
15362,replay,4000,0.0743,1.000,0.0353,0.75
15363,replay,4000,0.0756,1.000,0.0353,0.75
15364,replay,4000,0.0773,1.000,0.0353,0.75
15365,replay,4000,0.0728,1.000,0.0354,0.74
15366,es_step,4000,0.0000,0.000,0.0354,2.01
15367,replay,4000,0.0702,1.000,0.0354,0.75
15368,replay,4000,0.0759,1.000,0.0353,0.75
15369,replay,4000,0.0685,1.000,0.0354,0.75
15370,replay,4000,0.0565,1.000,0.0353,0.75
15371,replay,4000,0.0580,1.000,0.0353,0.75
15372,replay,4000,0.0570,1.000,0.0353,0.74
15373,replay,4000,0.0505,1.000,0.0353,0.75
15374,es_step,4000,0.0000,0.000,0.0353,2.01
15375,replay,4000,0.0308,1.000,0.0352,0.75
15376,es_step,4000,0.0000,0.000,0.0352,2.00
15377,replay,4000,0.0605,1.000,0.0352,0.76
15378,replay,4000,0.0733,1.000,0.0352,0.76
15379,replay,4000,0.0619,1.000,0.0353,0.76
15380,es_step,4000,0.0000,0.000,0.0353,2.03
15381,replay,4000,0.0753,1.000,0.0352,0.75
15382,replay,4000,0.0636,1.000,0.0353,0.75
15383,replay,4000,0.0624,1.000,0.0353,0.75
15384,replay,4000,0.0627,1.000,0.0353,0.75
15385,replay,4000,0.0452,1.000,0.0353,0.76
15386,replay,4000,0.0395,1.000,0.0353,0.76
15387,replay,4000,0.0429,1.000,0.0353,0.76
15388,es_step,4000,0.0000,0.000,0.0353,2.06
15389,replay,4000,0.0429,1.000,0.0353,0.77
15390,replay,4000,0.0517,1.000,0.0352,0.76
15391,replay,4000,0.0539,1.000,0.0352,0.76
15392,replay,4000,0.0627,1.000,0.0352,0.76
15393,replay,4000,0.0598,1.000,0.0352,0.75
15394,replay,4000,0.0354,1.000,0.0352,0.76
15395,es_step,4000,0.0000,0.000,0.0352,2.03
15396,replay,4000,0.0248,1.000,0.0351,0.76
15397,es_step,4000,0.0000,0.000,0.0351,2.05
15398,replay,4000,0.0324,1.000,0.0351,0.76
15399,es_step,4000,0.0000,0.000,0.0351,2.04
15400,es_step,4000,0.0000,0.000,0.0351,2.03
15401,replay,4000,0.0425,1.000,0.0350,0.76
15402,replay,4000,0.0580,1.000,0.0350,0.75
15403,replay,4000,0.0595,1.000,0.0350,0.75
15404,replay,4000,0.0642,1.000,0.0350,0.75
15405,replay,4000,0.0545,1.000,0.0350,0.79
15406,replay,4000,0.0660,1.000,0.0351,0.75
15407,replay,4000,0.0718,1.000,0.0351,0.75
15408,es_step,4000,0.0000,0.000,0.0351,2.02
15409,replay,4000,0.0665,1.000,0.0351,0.75
15410,replay,4000,0.0672,1.000,0.0351,0.75
15411,replay,4000,0.0612,1.000,0.0351,0.77
15412,replay,4000,0.0553,1.000,0.0351,0.75
15413,replay,4000,0.0506,1.000,0.0352,0.74
15414,replay,4000,0.0547,1.000,0.0352,0.75
15415,replay,4000,0.0541,1.000,0.0351,0.78
15416,replay,4000,0.0597,1.000,0.0352,0.75
15417,replay,4000,0.0544,1.000,0.0351,0.76
15418,replay,4000,0.0640,1.000,0.0352,0.75
15419,replay,4000,0.0649,1.000,0.0352,0.76
15420,replay,4000,0.0565,1.000,0.0352,0.75
15421,replay,4000,0.0319,1.000,0.0352,0.76
15422,replay,4000,0.0459,1.000,0.0351,0.81
15423,replay,4000,0.0483,1.000,0.0351,0.76
15424,es_step,4000,0.0000,0.000,0.0351,2.02
15425,replay,4000,0.0164,1.000,0.0350,0.75
15426,es_step,4000,0.0000,0.000,0.0350,2.01
15427,replay,4000,0.0438,1.000,0.0349,0.75
15428,replay,4000,0.0453,1.000,0.0349,0.75
15429,replay,4000,0.0558,1.000,0.0348,0.75
15430,replay,4000,0.0564,1.000,0.0350,0.74
15431,replay,4000,0.0618,1.000,0.0350,0.75
15432,replay,4000,0.0876,1.000,0.0351,0.74
15433,replay,4000,0.0886,1.000,0.0351,0.75
15434,replay,4000,0.0892,1.000,0.0352,0.74
15435,replay,4000,0.0929,1.000,0.0352,0.75
15436,replay,4000,0.0841,1.000,0.0353,0.75
15437,replay,4000,0.0534,1.000,0.0354,0.75
15438,replay,4000,0.0771,1.000,0.0354,0.75
15439,replay,4000,0.0687,1.000,0.0354,0.75
15440,replay,4000,0.0421,1.000,0.0354,0.75
15441,replay,4000,0.0679,1.000,0.0354,0.75
15442,es_step,4000,0.0000,0.000,0.0354,2.01
15443,replay,4000,0.0630,1.000,0.0354,0.75
15444,replay,4000,0.0634,1.000,0.0354,0.75
15445,replay,4000,0.0518,1.000,0.0354,0.75
15446,replay,4000,0.0418,1.000,0.0354,0.76
15447,replay,4000,0.0488,1.000,0.0354,0.76
15448,es_step,4000,0.0000,0.000,0.0354,2.02
15449,replay,4000,0.0467,1.000,0.0354,0.95
15450,replay,4000,0.0535,1.000,0.0353,0.75
15451,replay,4000,0.0493,1.000,0.0353,0.75
15452,replay,4000,0.0439,1.000,0.0353,0.74
15453,replay,4000,0.0506,1.000,0.0353,0.74
15454,replay,4000,0.0506,1.000,0.0352,0.74
15455,replay,4000,0.0254,1.000,0.0352,0.75
15456,replay,4000,0.0422,1.000,0.0352,0.74
15457,replay,4000,0.0264,1.000,0.0351,0.75
15458,replay,4000,0.0289,1.000,0.0350,0.75
15459,es_step,4000,0.0000,0.000,0.0350,2.02
15460,replay,4000,0.0441,1.000,0.0350,0.76
15461,replay,4000,0.0391,1.000,0.0349,0.75
15462,replay,4000,0.0531,1.000,0.0350,0.75
15463,replay,4000,0.0706,1.000,0.0350,0.76
15464,replay,4000,0.0823,1.000,0.0351,0.76
15465,es_step,4000,0.0000,0.000,0.0351,2.03
15466,replay,4000,0.0719,1.000,0.0351,0.76
15467,replay,4000,0.0676,1.000,0.0351,0.75
15468,replay,4000,0.0666,1.000,0.0351,0.75
15469,replay,4000,0.0646,1.000,0.0351,0.76
15470,es_step,4000,0.0000,0.000,0.0351,2.02
15471,es_step,4000,0.0000,0.000,0.0351,2.02
15472,replay,4000,0.0477,1.000,0.0351,0.76
15473,replay,4000,0.0597,1.000,0.0351,0.76
15474,replay,4000,0.0621,1.000,0.0352,0.76
15475,replay,4000,0.0665,1.000,0.0352,0.75
15476,replay,4000,0.0755,1.000,0.0352,0.75
15477,replay,4000,0.0698,1.000,0.0353,0.75
15478,replay,4000,0.0620,1.000,0.0354,0.76
15479,es_step,4000,0.0000,0.000,0.0354,2.06
15480,replay,4000,0.0772,1.000,0.0354,0.76
15481,replay,4000,0.0802,1.000,0.0354,0.76
15482,es_step,4000,0.0000,0.000,0.0354,2.03
15483,replay,4000,0.0651,1.000,0.0355,0.75
15484,replay,4000,0.0738,1.000,0.0356,0.76
15485,replay,4000,0.0686,1.000,0.0356,0.75
15486,replay,4000,0.0628,1.000,0.0356,0.75
15487,replay,4000,0.0445,1.000,0.0356,0.75
15488,es_step,4000,0.0000,0.000,0.0356,2.02
15489,es_step,4000,0.0000,0.000,0.0356,4.45
15490,replay,4000,0.0599,1.000,0.0356,0.75
15491,es_step,4000,0.0000,0.000,0.0356,2.00
15492,replay,4000,0.0576,1.000,0.0356,0.75
15493,replay,4000,0.0605,1.000,0.0356,0.74
15494,replay,4000,0.0617,1.000,0.0355,0.74
15495,replay,4000,0.0695,1.000,0.0355,0.74
15496,replay,4000,0.0639,1.000,0.0356,0.74
15497,replay,4000,0.0694,1.000,0.0355,0.75
15498,replay,4000,0.0658,1.000,0.0355,0.75
15499,es_step,4000,0.0000,0.000,0.0355,2.01
15500,es_step,4000,0.0000,0.000,0.0355,2.01
15501,replay,4000,0.0490,1.000,0.0355,0.76
15502,replay,4000,0.0647,1.000,0.0355,0.75
15503,replay,4000,0.0588,1.000,0.0355,0.75
15504,replay,4000,0.0549,1.000,0.0355,0.75
15505,replay,4000,0.0609,1.000,0.0355,0.75
15506,replay,4000,0.0811,1.000,0.0355,0.75
15507,replay,4000,0.0790,1.000,0.0355,0.75
15508,replay,4000,0.0731,1.000,0.0356,0.75
15509,replay,4000,0.0678,1.000,0.0356,0.74
15510,replay,4000,0.0685,1.000,0.0356,0.75
15511,replay,4000,0.0689,1.000,0.0356,0.75
15512,es_step,4000,0.0000,0.000,0.0356,2.01
15513,es_step,4000,0.0000,0.000,0.0356,2.01
15514,es_step,4000,0.0000,0.000,0.0356,1.99
15515,replay,4000,0.0619,1.000,0.0356,0.74
15516,replay,4000,0.0589,1.000,0.0356,0.74
15517,es_step,4000,0.0000,0.000,0.0356,1.98
15518,replay,4000,0.0561,1.000,0.0355,0.74
15519,replay,4000,0.0562,1.000,0.0355,0.74
15520,replay,4000,0.0544,1.000,0.0355,0.74
15521,replay,4000,0.0604,1.000,0.0355,0.74
15522,es_step,4000,0.0000,0.000,0.0355,1.98
15523,replay,4000,0.0596,1.000,0.0355,0.74
15524,replay,4000,0.0652,1.000,0.0355,0.74
15525,es_step,4000,0.0000,0.000,0.0355,1.98
15526,es_step,4000,0.0000,0.000,0.0355,1.98
15527,replay,4000,0.0637,1.000,0.0355,0.74
15528,replay,4000,0.0648,1.000,0.0355,0.74
15529,replay,4000,0.0647,1.000,0.0355,0.75
15530,replay,4000,0.0502,1.000,0.0355,0.75
15531,es_step,4000,0.0000,0.000,0.0355,1.98
15532,replay,4000,0.0552,1.000,0.0355,0.74
15533,replay,4000,0.0584,1.000,0.0355,0.75
15534,replay,4000,0.0664,1.000,0.0355,0.74
15535,replay,4000,0.0618,1.000,0.0354,0.74
15536,replay,4000,0.0653,1.000,0.0354,0.74
15537,replay,4000,0.0607,1.000,0.0354,0.75
15538,replay,4000,0.0748,1.000,0.0354,0.75
15539,replay,4000,0.0684,1.000,0.0354,0.75
15540,replay,4000,0.0432,1.000,0.0354,0.75
15541,replay,4000,0.0315,1.000,0.0353,0.75
15542,replay,4000,0.0116,1.000,0.0352,0.75
15543,replay,4000,0.0207,1.000,0.0353,0.75
15544,replay,4000,0.0681,1.000,0.0352,0.75
15545,replay,4000,0.0762,1.000,0.0352,0.75
15546,replay,4000,0.0687,1.000,0.0352,0.74
15547,replay,4000,0.1147,1.000,0.0353,0.75
15548,replay,4000,0.1138,1.000,0.0354,0.75
15549,replay,4000,0.1142,1.000,0.0355,0.76
15550,es_step,4000,0.0000,0.000,0.0355,2.03
15551,es_step,4000,0.0000,0.000,0.0355,2.01
15552,replay,4000,0.1116,1.000,0.0355,0.75
15553,replay,4000,0.0956,1.000,0.0357,0.74
15554,replay,4000,0.0862,1.000,0.0357,0.74
15555,replay,4000,0.0851,1.000,0.0358,0.75
15556,replay,4000,0.0722,1.000,0.0358,0.74
15557,replay,4000,0.0582,1.000,0.0358,0.74
15558,replay,4000,0.0500,1.000,0.0358,0.74
15559,replay,4000,0.0348,1.000,0.0357,0.74
15560,replay,4000,0.0364,1.000,0.0357,0.74
15561,replay,4000,0.0407,1.000,0.0356,0.74
15562,replay,4000,0.0314,1.000,0.0355,0.74
15563,replay,4000,0.0345,1.000,0.0355,0.75
15564,replay,4000,0.0457,1.000,0.0355,0.75
15565,replay,4000,0.0506,1.000,0.0355,0.76
15566,replay,4000,0.0446,1.000,0.0355,0.76
15567,replay,4000,0.0720,1.000,0.0355,0.76
15568,replay,4000,0.0730,1.000,0.0354,0.76
15569,replay,4000,0.0608,1.000,0.0354,0.76
15570,es_step,4000,0.0000,0.000,0.0354,2.05
15571,replay,4000,0.0417,1.000,0.0354,0.76
15572,replay,4000,0.0448,1.000,0.0354,0.76
15573,replay,4000,0.0362,1.000,0.0354,0.76
15574,replay,4000,0.0342,1.000,0.0353,0.76
15575,replay,4000,0.0503,1.000,0.0353,0.75
15576,replay,4000,0.0493,1.000,0.0353,0.76
15577,es_step,4000,0.0000,0.000,0.0353,2.05
15578,replay,4000,0.0589,1.000,0.0352,0.76
15579,replay,4000,0.0585,1.000,0.0352,0.75
15580,replay,4000,0.0257,1.000,0.0352,0.75
15581,replay,4000,0.0393,1.000,0.0351,0.75
15582,replay,4000,0.0550,1.000,0.0351,0.74
15583,replay,4000,0.0397,1.000,0.0351,0.74
15584,replay,4000,0.0392,1.000,0.0351,0.75
15585,replay,4000,0.0451,1.000,0.0351,0.76
15586,replay,4000,0.0562,1.000,0.0351,0.75
15587,es_step,4000,0.0000,0.000,0.0351,2.06
15588,replay,4000,0.0724,1.000,0.0351,0.76
15589,replay,4000,0.0700,1.000,0.0351,0.75
15590,es_step,4000,0.0000,0.000,0.0351,2.04
15591,replay,4000,0.0572,1.000,0.0351,0.75
15592,replay,4000,0.0289,1.000,0.0351,0.75
15593,replay,4000,0.0500,1.000,0.0351,0.75
15594,es_step,4000,0.0000,0.000,0.0351,2.02
15595,replay,4000,0.0507,1.000,0.0350,0.75
15596,es_step,4000,0.0000,0.000,0.0350,2.02
15597,replay,4000,0.0477,1.000,0.0350,0.75
15598,es_step,4000,0.0000,0.000,0.0350,2.01
15599,replay,4000,0.0398,1.000,0.0350,0.75
15600,es_step,4000,0.0000,0.000,0.0350,2.00
15601,replay,4000,0.0519,1.000,0.0350,0.74
15602,replay,4000,0.0554,1.000,0.0349,0.74
15603,es_step,4000,0.0000,0.000,0.0349,2.01
15604,replay,4000,0.0453,1.000,0.0349,0.75
15605,replay,4000,0.0399,1.000,0.0348,0.75
15606,replay,4000,0.0212,1.000,0.0347,0.75
15607,replay,4000,0.0368,1.000,0.0347,0.76
15608,replay,4000,0.0335,1.000,0.0346,0.76
15609,replay,4000,0.0502,1.000,0.0346,0.75
15610,replay,4000,0.0468,1.000,0.0346,0.75
15611,replay,4000,0.0441,1.000,0.0345,0.75
15612,es_step,4000,0.0000,0.000,0.0345,2.01
15613,replay,4000,0.0350,1.000,0.0344,0.74
15614,replay,4000,0.0279,1.000,0.0344,0.75
15615,es_step,4000,0.0000,0.000,0.0344,2.01
15616,replay,4000,0.0430,1.000,0.0344,0.75
15617,replay,4000,0.0164,1.000,0.0342,0.75
15618,es_step,4000,0.0000,0.000,0.0342,1.99
15619,es_step,4000,0.0000,0.000,0.0342,1.98
15620,replay,4000,0.0809,1.000,0.0342,0.74
15621,es_step,4000,0.0000,0.000,0.0342,2.00
15622,es_step,4000,0.0000,0.000,0.0342,1.97
15623,replay,4000,0.0727,1.000,0.0343,0.75
15624,replay,4000,0.0863,1.000,0.0343,0.75
15625,replay,4000,0.0749,1.000,0.0343,0.74
15626,replay,4000,0.0700,1.000,0.0343,0.75
15627,replay,4000,0.0565,1.000,0.0343,0.75
15628,replay,4000,0.0463,1.000,0.0343,0.75
15629,replay,4000,0.0427,1.000,0.0342,0.75
15630,replay,4000,0.0378,1.000,0.0342,0.75
15631,replay,4000,0.0376,1.000,0.0342,0.75
15632,replay,4000,0.0307,1.000,0.0341,0.74
15633,replay,4000,0.0328,1.000,0.0341,0.75
15634,es_step,4000,0.0000,0.000,0.0341,2.02
15635,replay,4000,0.0596,1.000,0.0341,0.75
15636,es_step,4000,0.0000,0.000,0.0341,1.99
15637,replay,4000,0.0485,1.000,0.0341,0.74
15638,replay,4000,0.0570,1.000,0.0341,0.75
15639,replay,4000,0.0854,1.000,0.0341,0.74
15640,replay,4000,0.0770,1.000,0.0341,0.75
15641,replay,4000,0.0799,1.000,0.0342,0.75
15642,es_step,4000,0.0000,0.000,0.0342,1.99
15643,replay,4000,0.0759,1.000,0.0343,0.74
15644,replay,4000,0.0863,1.000,0.0343,0.74
15645,replay,4000,0.0885,1.000,0.0344,0.75
15646,replay,4000,0.0758,1.000,0.0344,0.75
15647,replay,4000,0.0903,1.000,0.0345,0.75
15648,replay,4000,0.0906,1.000,0.0346,0.74
15649,replay,4000,0.1076,1.000,0.0346,0.75
15650,replay,4000,0.0944,1.000,0.0347,0.75
15651,replay,4000,0.0918,1.000,0.0347,0.75
15652,replay,4000,0.0741,1.000,0.0347,0.75
15653,replay,4000,0.0717,1.000,0.0348,0.74
15654,replay,4000,0.0589,1.000,0.0347,0.75
15655,replay,4000,0.0449,1.000,0.0347,0.74
15656,replay,4000,0.0534,1.000,0.0347,0.74
15657,replay,4000,0.0509,1.000,0.0347,0.74
15658,replay,4000,0.0477,1.000,0.0347,0.74
15659,replay,4000,0.0365,1.000,0.0347,0.74
15660,es_step,4000,0.0000,0.000,0.0347,2.00
15661,es_step,4000,0.0000,0.000,0.0347,1.98
15662,replay,4000,0.0398,1.000,0.0347,0.74
15663,replay,4000,0.0763,1.000,0.0347,0.74
15664,es_step,4000,0.0000,0.000,0.0347,1.97
15665,replay,4000,0.1145,1.000,0.0348,0.74
15666,replay,4000,0.1026,1.000,0.0348,0.75
15667,replay,4000,0.0988,1.000,0.0348,0.75
15668,replay,4000,0.0730,1.000,0.0349,0.74
15669,replay,4000,0.0433,1.000,0.0349,0.75
15670,replay,4000,0.0259,1.000,0.0349,0.75
15671,replay,4000,0.0202,1.000,0.0348,0.75
15672,replay,4000,0.0460,1.000,0.0348,0.76
15673,replay,4000,0.0470,1.000,0.0348,0.76
15674,replay,4000,0.0656,1.000,0.0348,0.76
15675,replay,4000,0.0380,1.000,0.0347,0.76
15676,replay,4000,0.0593,1.000,0.0347,0.76
15677,replay,4000,0.0559,1.000,0.0347,0.76
15678,es_step,4000,0.0000,0.000,0.0347,2.06
15679,replay,4000,0.0367,1.000,0.0347,0.76
15680,replay,4000,0.0523,1.000,0.0347,0.76
15681,es_step,4000,0.0000,0.000,0.0347,2.05
15682,replay,4000,0.0536,1.000,0.0347,0.76
15683,replay,4000,0.0547,1.000,0.0348,0.76
15684,replay,4000,0.0717,1.000,0.0348,0.76
15685,replay,4000,0.0691,1.000,0.0348,0.75
15686,replay,4000,0.0780,1.000,0.0349,0.75
15687,replay,4000,0.0824,1.000,0.0349,0.75
15688,replay,4000,0.0687,1.000,0.0349,0.75
15689,es_step,4000,0.0000,0.000,0.0349,2.05
15690,replay,4000,0.0687,1.000,0.0348,0.75
15691,replay,4000,0.0629,1.000,0.0348,0.75
15692,replay,4000,0.0612,1.000,0.0348,0.75
15693,replay,4000,0.0688,1.000,0.0348,0.75
15694,replay,4000,0.0964,1.000,0.0348,0.75
15695,es_step,4000,0.0000,0.000,0.0348,2.04
15696,replay,4000,0.0606,1.000,0.0348,0.76
15697,replay,4000,0.0702,1.000,0.0348,0.76
15698,replay,4000,0.0791,1.000,0.0348,0.75
15699,es_step,4000,0.0000,0.000,0.0348,2.04
15700,es_step,4000,0.0000,0.000,0.0348,2.03
15701,replay,4000,0.0723,1.000,0.0348,0.75
15702,replay,4000,0.0857,1.000,0.0348,0.75
15703,replay,4000,0.0650,1.000,0.0348,0.75
15704,es_step,4000,0.0000,0.000,0.0348,2.00
15705,replay,4000,0.0626,1.000,0.0348,0.75
15706,replay,4000,0.0643,1.000,0.0348,0.74
15707,es_step,4000,0.0000,0.000,0.0348,2.06
15708,replay,4000,0.0724,1.000,0.0348,0.75
15709,replay,4000,0.0665,1.000,0.0348,0.76
15710,replay,4000,0.0655,1.000,0.0349,0.75
15711,replay,4000,0.0692,1.000,0.0349,0.75
15712,replay,4000,0.0692,1.000,0.0349,0.75
15713,replay,4000,0.0678,1.000,0.0349,0.75
15714,es_step,4000,0.0000,0.000,0.0349,2.00
15715,es_step,4000,0.0000,0.000,0.0349,1.99
15716,replay,4000,0.0670,1.000,0.0349,0.75
15717,es_step,4000,0.0000,0.000,0.0349,2.01
15718,replay,4000,0.0679,1.000,0.0349,0.74
15719,replay,4000,0.0003,1.000,0.0349,0.74
15720,replay,4000,0.0692,1.000,0.0350,0.74
15721,replay,4000,0.0769,1.000,0.0350,0.74
15722,replay,4000,0.0885,1.000,0.0350,0.74
15723,replay,4000,0.0793,1.000,0.0352,0.73
15724,replay,4000,0.0808,1.000,0.0352,0.73
15725,replay,4000,0.0708,1.000,0.0353,0.73
15726,replay,4000,0.0504,1.000,0.0353,0.74
15727,replay,4000,0.0666,1.000,0.0353,0.74
15728,es_step,4000,0.0000,0.000,0.0353,1.97
15729,es_step,4000,0.0000,0.000,0.0353,1.97
15730,replay,4000,0.0593,1.000,0.0353,0.74
15731,es_step,4000,0.0000,0.000,0.0353,1.97
15732,replay,4000,0.0511,1.000,0.0353,0.74
15733,es_step,4000,0.0000,0.000,0.0353,1.97
15734,replay,4000,0.0677,1.000,0.0353,0.74
15735,replay,4000,0.0734,1.000,0.0353,0.74
15736,replay,4000,0.0608,1.000,0.0353,0.74
15737,replay,4000,0.0612,1.000,0.0353,0.74
15738,replay,4000,0.0755,1.000,0.0354,0.74
15739,replay,4000,0.0776,1.000,0.0354,0.74
15740,es_step,4000,0.0000,0.000,0.0354,1.98
15741,replay,4000,0.0841,1.000,0.0354,0.75
15742,replay,4000,0.0795,1.000,0.0355,0.76
15743,replay,4000,0.0683,1.000,0.0355,0.76
15744,replay,4000,0.0660,1.000,0.0355,0.76
15745,replay,4000,0.0552,1.000,0.0355,0.75
15746,es_step,4000,0.0000,0.000,0.0355,2.02
15747,replay,4000,0.0584,1.000,0.0355,0.75
15748,replay,4000,0.0450,1.000,0.0355,0.75
15749,replay,4000,0.0465,1.000,0.0355,0.75
15750,replay,4000,0.0598,1.000,0.0355,0.75
15751,replay,4000,0.0716,1.000,0.0355,0.75
15752,replay,4000,0.0655,1.000,0.0355,0.76
15753,replay,4000,0.0692,1.000,0.0356,0.76
15754,replay,4000,0.0594,1.000,0.0356,0.76
15755,replay,4000,0.0599,1.000,0.0356,0.76
15756,replay,4000,0.0635,1.000,0.0356,0.76
15757,es_step,4000,0.0000,0.000,0.0356,2.04
15758,replay,4000,0.0582,1.000,0.0356,0.75
15759,es_step,4000,0.0000,0.000,0.0356,2.01
15760,replay,4000,0.0491,1.000,0.0356,0.75
15761,replay,4000,0.0479,1.000,0.0355,0.75
15762,replay,4000,0.0415,1.000,0.0355,0.75
15763,replay,4000,0.0382,1.000,0.0354,0.75
15764,es_step,4000,0.0000,0.000,0.0354,2.00
15765,replay,4000,0.0476,1.000,0.0354,0.75
15766,replay,4000,0.0318,1.000,0.0353,0.75
15767,replay,4000,0.0395,1.000,0.0353,0.75
15768,replay,4000,0.0665,1.000,0.0353,0.74
15769,replay,4000,0.0507,1.000,0.0353,0.74
15770,replay,4000,0.0614,1.000,0.0353,0.74
15771,replay,4000,0.0671,1.000,0.0354,0.74
15772,replay,4000,0.0615,1.000,0.0354,0.75
15773,replay,4000,0.0491,1.000,0.0354,0.75
15774,replay,4000,0.0465,1.000,0.0353,0.75
15775,replay,4000,0.0383,1.000,0.0353,0.75
15776,replay,4000,0.0403,1.000,0.0352,0.76
15777,es_step,4000,0.0000,0.000,0.0352,2.06
15778,replay,4000,0.0680,1.000,0.0352,0.76
15779,replay,4000,0.0513,1.000,0.0352,3.20
15780,replay,4000,0.0572,1.000,0.0352,0.76
15781,es_step,4000,0.0000,0.000,0.0352,2.03
15782,replay,4000,0.0336,1.000,0.0351,0.75
15783,es_step,4000,0.0000,0.000,0.0351,2.02
15784,replay,4000,0.0405,1.000,0.0351,0.75
15785,replay,4000,0.0370,1.000,0.0350,0.75
15786,replay,4000,0.0152,1.000,0.0348,0.75
15787,replay,4000,0.0222,1.000,0.0347,0.75
15788,replay,4000,0.0220,1.000,0.0347,0.75
15789,replay,4000,0.0369,1.000,0.0346,0.75
15790,replay,4000,0.0448,1.000,0.0346,0.75
15791,replay,4000,0.0247,1.000,0.0345,0.75
15792,replay,4000,0.0343,1.000,0.0345,0.75
15793,replay,4000,0.0425,1.000,0.0345,0.74
15794,replay,4000,0.0590,1.000,0.0345,0.75
15795,replay,4000,0.0623,1.000,0.0345,0.75
15796,replay,4000,0.0590,1.000,0.0345,0.75
15797,replay,4000,0.0609,1.000,0.0345,0.75
15798,replay,4000,0.0605,1.000,0.0345,0.76
15799,replay,4000,0.0603,1.000,0.0345,0.75
15800,es_step,4000,0.0000,0.000,0.0345,2.02
15801,replay,4000,0.0453,1.000,0.0345,0.75
15802,replay,4000,0.0384,1.000,0.0345,0.75
15803,es_step,4000,0.0000,0.000,0.0345,2.02
15804,es_step,4000,0.0000,0.000,0.0345,1.99
15805,replay,4000,0.0272,1.000,0.0344,0.75
15806,replay,4000,0.0445,1.000,0.0344,0.75
15807,replay,4000,0.0488,1.000,0.0343,0.75
15808,replay,4000,0.0496,1.000,0.0343,0.74
15809,replay,4000,0.0507,1.000,0.0343,0.74
15810,replay,4000,0.0537,1.000,0.0343,0.74
15811,replay,4000,0.0535,1.000,0.0343,0.74
15812,replay,4000,0.0348,1.000,0.0343,0.74
15813,replay,4000,0.0920,1.000,0.0343,0.74
15814,es_step,4000,0.0000,0.000,0.0343,1.97
15815,replay,4000,0.1064,1.000,0.0343,0.75
15816,replay,4000,0.0953,1.000,0.0344,0.74
15817,replay,4000,0.1085,1.000,0.0345,0.75
15818,replay,4000,0.1248,1.000,0.0346,0.75
15819,replay,4000,0.0914,1.000,0.0347,0.76
15820,es_step,4000,0.0000,0.000,0.0347,2.00
15821,es_step,4000,0.0000,0.000,0.0347,1.98
15822,replay,4000,0.0924,1.000,0.0348,0.74
15823,replay,4000,0.0939,1.000,0.0348,0.74
15824,replay,4000,0.0845,1.000,0.0349,0.75
15825,es_step,4000,0.0000,0.000,0.0349,1.99
15826,replay,4000,0.0550,1.000,0.0350,0.74
15827,replay,4000,0.0616,1.000,0.0350,0.74
15828,replay,4000,0.0446,1.000,0.0349,0.74
15829,replay,4000,0.0547,1.000,0.0349,0.75
15830,replay,4000,0.0527,1.000,0.0349,0.75
15831,es_step,4000,0.0000,0.000,0.0349,2.02
15832,replay,4000,0.0303,1.000,0.0348,0.75
15833,es_step,4000,0.0000,0.000,0.0348,2.00
15834,replay,4000,0.0377,1.000,0.0347,0.75
15835,replay,4000,0.0494,1.000,0.0347,0.75
15836,replay,4000,0.0612,1.000,0.0347,0.75
15837,es_step,4000,0.0000,0.000,0.0347,1.97
15838,es_step,4000,0.0000,0.000,0.0347,1.96
15839,es_step,4000,0.0000,0.000,0.0347,1.98
15840,replay,4000,0.0400,1.000,0.0346,0.74
15841,es_step,4000,0.0000,0.000,0.0346,1.98
15842,replay,4000,0.0458,1.000,0.0346,0.76
15843,replay,4000,0.0493,1.000,0.0346,0.76
15844,es_step,4000,0.0000,0.000,0.0346,1.99
15845,replay,4000,0.0479,1.000,0.0346,0.75
15846,replay,4000,0.0424,1.000,0.0346,0.75
15847,es_step,4000,0.0000,0.000,0.0346,2.00
15848,replay,4000,0.0416,1.000,0.0346,0.75
15849,replay,4000,0.0473,1.000,0.0346,0.75
15850,replay,4000,0.0401,1.000,0.0345,0.75
15851,es_step,4000,0.0000,0.000,0.0345,1.98
15852,es_step,4000,0.0000,0.000,0.0345,1.97
15853,es_step,4000,0.0000,0.000,0.0345,1.96
15854,es_step,4000,0.0000,0.000,0.0345,1.98
15855,replay,4000,0.0299,1.000,0.0345,0.74
15856,replay,4000,0.0237,1.000,0.0344,0.74
15857,es_step,4000,0.0000,0.000,0.0344,1.96
15858,es_step,4000,0.0000,0.000,0.0344,1.96
15859,replay,4000,0.0305,1.000,0.0344,0.74
15860,replay,4000,0.0529,1.000,0.0344,0.74
15861,replay,4000,0.0385,1.000,0.0344,0.75
15862,replay,4000,0.0551,1.000,0.0344,0.75
15863,es_step,4000,0.0000,0.000,0.0344,1.98
15864,replay,4000,0.0627,1.000,0.0344,0.74
15865,replay,4000,0.0675,1.000,0.0344,0.74
15866,replay,4000,0.0645,1.000,0.0344,0.74
15867,replay,4000,0.0463,1.000,0.0343,0.74
15868,replay,4000,0.0303,1.000,0.0342,0.74
15869,replay,4000,0.0473,1.000,0.0342,0.73
15870,es_step,4000,0.0000,0.000,0.0342,1.96
15871,replay,4000,0.0457,1.000,0.0342,0.74
15872,replay,4000,0.0409,1.000,0.0342,0.74
15873,es_step,4000,0.0000,0.000,0.0342,1.95
15874,replay,4000,0.0604,1.000,0.0342,0.74
15875,replay,4000,0.0537,1.000,0.0342,0.74
15876,replay,4000,0.0646,1.000,0.0342,0.74
15877,replay,4000,0.0579,1.000,0.0341,0.74
15878,es_step,4000,0.0000,0.000,0.0341,1.98
15879,es_step,4000,0.0000,0.000,0.0341,1.96
15880,es_step,4000,0.0000,0.000,0.0341,1.93
15881,replay,4000,0.0516,1.000,0.0341,0.74
15882,es_step,4000,0.0000,0.000,0.0341,1.93
15883,es_step,4000,0.0000,0.000,0.0341,1.93
15884,replay,4000,0.0464,1.000,0.0341,0.73
15885,replay,4000,0.0258,1.000,0.0340,0.75
15886,replay,4000,0.0236,1.000,0.0339,0.75
15887,replay,4000,0.0340,1.000,0.0338,0.75
15888,replay,4000,0.0476,1.000,0.0338,0.75
15889,replay,4000,0.0433,1.000,0.0338,0.75
15890,replay,4000,0.0560,1.000,0.0338,0.74
15891,es_step,4000,0.0000,0.000,0.0338,1.96
15892,replay,4000,0.0531,1.000,0.0337,0.74
15893,replay,4000,0.0503,1.000,0.0337,0.74
15894,replay,4000,0.0619,1.000,0.0337,0.74
15895,es_step,4000,0.0000,0.000,0.0337,1.98
15896,es_step,4000,0.0000,0.000,0.0337,1.95
15897,replay,4000,0.0573,1.000,0.0337,0.75
15898,replay,4000,0.0693,1.000,0.0337,0.75
15899,replay,4000,0.0779,1.000,0.0337,0.75
15900,replay,4000,0.0569,1.000,0.0337,0.75
15901,replay,4000,0.0541,1.000,0.0337,0.76
15902,replay,4000,0.0454,1.000,0.0336,0.76
15903,es_step,4000,0.0000,0.000,0.0336,2.02
15904,es_step,4000,0.0000,0.000,0.0336,1.99
15905,replay,4000,0.0294,1.000,0.0336,0.75
15906,replay,4000,0.0383,1.000,0.0335,0.76
15907,replay,4000,0.0540,1.000,0.0335,0.75
15908,replay,4000,0.0610,1.000,0.0336,0.75
15909,replay,4000,0.0632,1.000,0.0336,0.75
15910,es_step,4000,0.0000,0.000,0.0336,2.02
15911,replay,4000,0.0799,1.000,0.0336,0.75
15912,es_step,4000,0.0000,0.000,0.0336,1.99
15913,es_step,4000,0.0000,0.000,0.0336,1.96
15914,replay,4000,0.0762,1.000,0.0337,0.74
15915,replay,4000,0.0717,1.000,0.0337,0.74
15916,replay,4000,0.0629,1.000,0.0338,0.74
15917,replay,4000,0.0513,1.000,0.0338,0.74
15918,es_step,4000,0.0000,0.000,0.0338,1.92
15919,replay,4000,0.0610,1.000,0.0338,0.73
15920,replay,4000,0.0595,1.000,0.0338,0.75
15921,replay,4000,0.0502,1.000,0.0338,0.75
15922,replay,4000,0.0406,1.000,0.0337,0.76
15923,replay,4000,0.0586,1.000,0.0339,0.76
15924,replay,4000,0.0559,1.000,0.0339,0.77
15925,replay,4000,0.0534,1.000,0.0338,0.77
15926,replay,4000,0.0509,1.000,0.0338,0.77
15927,replay,4000,0.0440,1.000,0.0338,0.77
15928,replay,4000,0.0524,1.000,0.0337,0.76
15929,replay,4000,0.0552,1.000,0.0337,0.76
15930,es_step,4000,0.0000,0.000,0.0337,2.02
15931,replay,4000,0.0533,1.000,0.0337,0.76
15932,replay,4000,0.0623,1.000,0.0337,0.75
15933,replay,4000,0.0586,1.000,0.0337,0.75
15934,replay,4000,0.0621,1.000,0.0337,0.74
15935,replay,4000,0.0583,1.000,0.0337,0.75
15936,replay,4000,0.0684,1.000,0.0337,0.76
15937,replay,4000,0.0741,1.000,0.0337,0.76
15938,replay,4000,0.0572,1.000,0.0337,0.77
15939,es_step,4000,0.0000,0.000,0.0337,2.03
15940,es_step,4000,0.0000,0.000,0.0337,2.01
15941,replay,4000,0.0492,1.000,0.0337,0.75
15942,es_step,4000,0.0000,0.000,0.0337,2.00
15943,replay,4000,0.0788,1.000,0.0336,0.75
15944,es_step,4000,0.0000,0.000,0.0336,1.96
15945,replay,4000,0.0486,1.000,0.0335,0.74
15946,replay,4000,0.0511,1.000,0.0335,0.74
15947,replay,4000,0.0584,1.000,0.0335,0.74
15948,replay,4000,0.0446,1.000,0.0335,0.75
15949,replay,4000,0.0628,1.000,0.0335,0.75
15950,es_step,4000,0.0000,0.000,0.0335,1.97
15951,replay,4000,0.0629,1.000,0.0335,0.74
15952,es_step,4000,0.0000,0.000,0.0335,1.98
15953,replay,4000,0.0628,1.000,0.0335,0.75
15954,replay,4000,0.0652,1.000,0.0336,0.74
15955,replay,4000,0.0581,1.000,0.0336,0.74
15956,replay,4000,0.0597,1.000,0.0336,0.74
15957,replay,4000,0.0488,1.000,0.0336,0.74
15958,replay,4000,0.0590,1.000,0.0336,0.74
15959,es_step,4000,0.0000,0.000,0.0336,1.95
15960,replay,4000,0.0657,1.000,0.0336,0.74
15961,replay,4000,0.0677,1.000,0.0337,0.74
15962,replay,4000,0.0773,1.000,0.0337,0.74
15963,es_step,4000,0.0000,0.000,0.0337,1.93
15964,es_step,4000,0.0000,0.000,0.0337,1.90
15965,replay,4000,0.0860,1.000,0.0337,0.74
15966,replay,4000,0.0906,1.000,0.0338,0.73
15967,es_step,4000,0.0000,0.000,0.0338,1.89
15968,replay,4000,0.1125,1.000,0.0338,0.73
15969,replay,4000,0.0755,1.000,0.0339,0.75
15970,replay,4000,0.0702,1.000,0.0339,0.76
15971,replay,4000,0.0766,1.000,0.0339,0.76
15972,replay,4000,0.0675,1.000,0.0339,0.76
15973,replay,4000,0.0638,1.000,0.0339,0.76
15974,replay,4000,0.0582,1.000,0.0339,0.76
15975,replay,4000,0.0463,1.000,0.0339,0.76
15976,replay,4000,0.0453,1.000,0.0339,0.76
15977,replay,4000,0.0413,1.000,0.0338,0.76
15978,es_step,4000,0.0000,0.000,0.0338,2.02
15979,replay,4000,0.0605,1.000,0.0338,0.76
15980,replay,4000,0.0665,1.000,0.0338,0.76
15981,es_step,4000,0.0000,0.000,0.0338,1.99
15982,replay,4000,0.0414,1.000,0.0339,0.75
15983,es_step,4000,0.0000,0.000,0.0339,1.96
15984,replay,4000,0.0594,1.000,0.0339,0.75
15985,replay,4000,0.0303,1.000,0.0339,0.76
15986,replay,4000,0.0605,1.000,0.0339,0.75
15987,replay,4000,0.0783,1.000,0.0338,0.75
15988,replay,4000,0.0607,1.000,0.0338,0.75
15989,es_step,4000,0.0000,0.000,0.0338,1.99
15990,replay,4000,0.0225,1.000,0.0337,0.75
15991,es_step,4000,0.0000,0.000,0.0337,1.96
15992,replay,4000,0.0687,1.000,0.0337,0.74
15993,replay,4000,0.0612,1.000,0.0337,0.75
15994,es_step,4000,0.0000,0.000,0.0337,1.97
15995,replay,4000,0.0567,1.000,0.0337,0.75
15996,replay,4000,0.0479,1.000,0.0337,0.74
15997,replay,4000,0.0517,1.000,0.0337,0.74
15998,replay,4000,0.0548,1.000,0.0337,0.75
15999,replay,4000,0.0586,1.000,0.0336,0.77
16000,replay,4000,0.0686,1.000,0.0337,0.74
16001,replay,4000,0.0760,1.000,0.0337,0.74
16002,replay,4000,0.0914,1.000,0.0338,0.75
16003,replay,4000,0.0881,1.000,0.0339,0.74
16004,replay,4000,0.0608,1.000,0.0340,0.74
16005,replay,4000,0.0949,1.000,0.0340,0.74
16006,replay,4000,0.1106,1.000,0.0341,0.74
16007,replay,4000,0.1081,1.000,0.0342,0.75
16008,es_step,4000,0.0000,0.000,0.0342,2.01
16009,replay,4000,0.1026,1.000,0.0343,0.75
16010,replay,4000,0.0823,1.000,0.0344,0.75
16011,es_step,4000,0.0000,0.000,0.0344,1.98
16012,replay,4000,0.0768,1.000,0.0345,0.75
16013,replay,4000,0.0892,1.000,0.0346,0.75
16014,es_step,4000,0.0000,0.000,0.0346,1.94
16015,replay,4000,0.0857,1.000,0.0346,0.74
16016,replay,4000,0.0731,1.000,0.0347,0.74
16017,replay,4000,0.0906,1.000,0.0347,0.74
16018,replay,4000,0.0689,1.000,0.0348,0.74
16019,replay,4000,0.0646,1.000,0.0348,0.74
16020,replay,4000,0.0519,1.000,0.0348,0.74
16021,replay,4000,0.0472,1.000,0.0347,0.75
16022,replay,4000,0.0462,1.000,0.0347,0.75
16023,replay,4000,0.0557,1.000,0.0347,0.75
16024,replay,4000,0.0740,1.000,0.0348,0.76
16025,replay,4000,0.0557,1.000,0.0348,0.76
16026,replay,4000,0.0574,1.000,0.0347,0.76
16027,replay,4000,0.0553,1.000,0.0347,0.76
16028,replay,4000,0.0579,1.000,0.0348,0.76
16029,replay,4000,0.0595,1.000,0.0348,0.76
16030,replay,4000,0.0632,1.000,0.0347,0.76
16031,es_step,4000,0.0000,0.000,0.0347,2.03
16032,replay,4000,0.0756,1.000,0.0347,0.75
16033,es_step,4000,0.0000,0.000,0.0347,2.00
16034,replay,4000,0.0654,1.000,0.0347,0.75
16035,replay,4000,0.0617,1.000,0.0348,0.76
16036,replay,4000,0.0635,1.000,0.0348,0.75
16037,es_step,4000,0.0000,0.000,0.0348,2.00
16038,replay,4000,0.0600,1.000,0.0348,0.75
16039,replay,4000,0.0454,1.000,0.0348,0.75
16040,es_step,4000,0.0000,0.000,0.0348,1.97
16041,replay,4000,0.0713,1.000,0.0348,0.75
16042,replay,4000,0.0548,1.000,0.0348,0.75
16043,es_step,4000,0.0000,0.000,0.0348,1.98
16044,es_step,4000,0.0000,0.000,0.0348,1.93
16045,replay,4000,-0.0060,1.000,0.0349,0.74
16046,replay,4000,0.1010,1.000,0.0349,0.74
16047,es_step,4000,0.0000,0.000,0.0349,1.90
16048,replay,4000,0.0963,1.000,0.0350,0.73
16049,replay,4000,0.1028,1.000,0.0351,0.73
16050,es_step,4000,0.0000,0.000,0.0351,1.88
16051,replay,4000,0.0897,1.000,0.0351,0.73
16052,es_step,4000,0.0000,0.000,0.0351,4.34
16053,replay,4000,0.0807,1.000,0.0351,0.74
16054,replay,4000,0.0680,1.000,0.0351,0.75
16055,es_step,4000,0.0000,0.000,0.0351,1.97
16056,replay,4000,0.0627,1.000,0.0351,0.74
16057,es_step,4000,0.0000,0.000,0.0351,1.93
16058,replay,4000,0.0435,1.000,0.0351,0.74
16059,replay,4000,0.0635,1.000,0.0350,0.75
16060,replay,4000,0.0439,1.000,0.0350,0.74
16061,replay,4000,0.0545,1.000,0.0350,0.74
16062,replay,4000,0.0523,1.000,0.0350,0.74
16063,replay,4000,0.0867,1.000,0.0350,0.74
16064,replay,4000,0.0732,1.000,0.0350,0.74
16065,replay,4000,0.0804,1.000,0.0350,0.74
16066,replay,4000,0.0629,1.000,0.0350,0.75
16067,replay,4000,0.0724,1.000,0.0350,0.74
16068,replay,4000,0.0600,1.000,0.0350,0.75
16069,replay,4000,0.0539,1.000,0.0350,0.75
16070,es_step,4000,0.0000,0.000,0.0350,2.01
16071,replay,4000,0.0325,1.000,0.0349,0.75
16072,es_step,4000,0.0000,0.000,0.0349,1.99
16073,replay,4000,0.0177,1.000,0.0348,0.75
16074,replay,4000,0.0193,1.000,0.0347,0.75
16075,replay,4000,0.0393,1.000,0.0347,0.74
16076,replay,4000,0.0469,1.000,0.0346,0.75
16077,replay,4000,0.0508,1.000,0.0346,0.75
16078,replay,4000,0.0582,1.000,0.0346,0.75
16079,es_step,4000,0.0000,0.000,0.0346,1.99
16080,replay,4000,0.0695,1.000,0.0346,0.75
16081,replay,4000,0.0702,1.000,0.0346,0.75
16082,replay,4000,0.0624,1.000,0.0347,0.75
16083,replay,4000,0.0841,1.000,0.0347,0.76
16084,replay,4000,0.0704,1.000,0.0347,0.76
16085,replay,4000,0.0821,1.000,0.0348,0.76
16086,es_step,4000,0.0000,0.000,0.0348,2.01
16087,es_step,4000,0.0000,0.000,0.0348,1.99
16088,es_step,4000,0.0000,0.000,0.0348,1.94
16089,replay,4000,0.0775,1.000,0.0349,0.74
16090,replay,4000,0.0721,1.000,0.0349,0.75
16091,replay,4000,0.0625,1.000,0.0349,0.75
16092,replay,4000,0.0598,1.000,0.0349,0.75
16093,replay,4000,0.0721,1.000,0.0349,0.75
16094,replay,4000,0.0771,1.000,0.0349,0.75
16095,es_step,4000,0.0000,0.000,0.0349,1.97
16096,replay,4000,0.0648,1.000,0.0350,0.75
16097,es_step,4000,0.0000,0.000,0.0350,1.92
16098,replay,4000,0.0690,1.000,0.0350,0.75
16099,es_step,4000,0.0000,0.000,0.0350,1.97
16100,replay,4000,0.0773,1.000,0.0350,0.74
16101,replay,4000,0.0727,1.000,0.0350,0.74
16102,replay,4000,0.0556,1.000,0.0351,0.74
16103,replay,4000,0.0661,1.000,0.0350,0.74
16104,replay,4000,0.0721,1.000,0.0350,0.74
16105,replay,4000,0.0619,1.000,0.0351,0.75
16106,es_step,4000,0.0000,0.000,0.0351,1.98
16107,replay,4000,0.0478,1.000,0.0351,0.76
16108,replay,4000,0.0361,1.000,0.0350,0.76
16109,replay,4000,0.0377,1.000,0.0350,0.75
16110,replay,4000,0.0423,1.000,0.0349,0.75
16111,replay,4000,0.0467,1.000,0.0349,0.75
16112,replay,4000,0.0287,1.000,0.0349,0.76
16113,replay,4000,0.0489,1.000,0.0349,0.75
16114,replay,4000,0.0512,1.000,0.0348,0.75
16115,replay,4000,0.0611,1.000,0.0348,0.75
16116,es_step,4000,0.0000,0.000,0.0348,2.02
16117,replay,4000,0.0590,1.000,0.0349,0.76
16118,es_step,4000,0.0000,0.000,0.0349,2.02
16119,replay,4000,0.0636,1.000,0.0350,0.76
16120,replay,4000,0.0345,1.000,0.0351,0.76
16121,replay,4000,0.0523,1.000,0.0351,0.76
16122,es_step,4000,0.0000,0.000,0.0351,2.03
16123,replay,4000,0.0672,1.000,0.0351,0.76
16124,replay,4000,0.0635,1.000,0.0351,0.77
16125,replay,4000,0.0642,1.000,0.0351,0.76
16126,es_step,4000,0.0000,0.000,0.0351,2.03
16127,es_step,4000,0.0000,0.000,0.0351,2.03
16128,es_step,4000,0.0000,0.000,0.0351,2.02
16129,replay,4000,0.0634,1.000,0.0351,0.76
16130,es_step,4000,0.0000,0.000,0.0351,2.01
16131,es_step,4000,0.0000,0.000,0.0351,1.98
16132,replay,4000,0.0577,1.000,0.0352,0.74
16133,replay,4000,0.0294,1.000,0.0351,0.74
16134,replay,4000,0.0545,1.000,0.0351,0.74
16135,replay,4000,0.0551,1.000,0.0351,0.74
16136,es_step,4000,0.0000,0.000,0.0351,1.99
16137,replay,4000,0.0647,1.000,0.0351,0.74
16138,replay,4000,0.0597,1.000,0.0351,0.74
16139,replay,4000,0.0598,1.000,0.0351,0.74
16140,es_step,4000,0.0000,0.000,0.0351,1.95
16141,replay,4000,0.0715,1.000,0.0351,0.74
16142,es_step,4000,0.0000,0.000,0.0351,1.93
16143,replay,4000,0.0665,1.000,0.0351,0.74
16144,replay,4000,0.0621,1.000,0.0351,0.74
16145,replay,4000,0.0558,1.000,0.0351,0.74
16146,replay,4000,0.0508,1.000,0.0350,0.74
16147,replay,4000,0.0385,1.000,0.0350,0.74
16148,replay,4000,0.0334,1.000,0.0349,0.74
16149,es_step,4000,0.0000,0.000,0.0349,1.92
16150,replay,4000,0.0375,1.000,0.0349,0.73
16151,replay,4000,0.0242,1.000,0.0349,0.74
16152,replay,4000,0.0463,1.000,0.0348,0.73
16153,replay,4000,0.0618,1.000,0.0348,0.74
16154,replay,4000,0.0637,1.000,0.0348,0.75
16155,replay,4000,0.0693,1.000,0.0347,0.76
16156,es_step,4000,0.0000,0.000,0.0347,2.02
16157,replay,4000,0.0639,1.000,0.0347,0.75
16158,replay,4000,0.0803,1.000,0.0347,0.76
16159,es_step,4000,0.0000,0.000,0.0347,2.01
16160,replay,4000,0.0549,1.000,0.0348,0.76
16161,replay,4000,0.0813,1.000,0.0348,0.76
16162,es_step,4000,0.0000,0.000,0.0348,2.03
16163,es_step,4000,0.0000,0.000,0.0348,1.98
16164,replay,4000,0.1062,1.000,0.0349,0.74
16165,replay,4000,0.1024,1.000,0.0350,0.75
16166,es_step,4000,0.0000,0.000,0.0350,1.94
16167,replay,4000,0.1147,1.000,0.0351,0.74
16168,replay,4000,0.1084,1.000,0.0352,0.74
16169,es_step,4000,0.0000,0.000,0.0352,1.91
16170,replay,4000,0.0979,1.000,0.0353,0.74
16171,replay,4000,0.0759,1.000,0.0355,0.74
16172,replay,4000,0.0610,1.000,0.0356,0.74
16173,replay,4000,0.0635,1.000,0.0356,0.74
16174,replay,4000,0.0404,1.000,0.0356,0.74
16175,replay,4000,0.0564,1.000,0.0356,0.74
16176,replay,4000,0.0499,1.000,0.0355,0.74
16177,es_step,4000,0.0000,0.000,0.0355,1.93
16178,replay,4000,0.0372,1.000,0.0355,0.74
16179,replay,4000,0.0583,1.000,0.0355,0.75
16180,replay,4000,0.0599,1.000,0.0355,0.76
16181,replay,4000,0.0370,1.000,0.0354,0.76
16182,replay,4000,0.0425,1.000,0.0354,0.75
16183,es_step,4000,0.0000,0.000,0.0354,1.97
16184,replay,4000,0.0615,1.000,0.0354,0.75
16185,replay,4000,0.0425,1.000,0.0354,0.75
16186,replay,4000,0.0434,1.000,0.0354,0.75
16187,replay,4000,0.0478,1.000,0.0354,0.75
16188,replay,4000,0.0719,1.000,0.0354,0.75
16189,replay,4000,0.0698,1.000,0.0354,0.75
16190,replay,4000,0.0654,1.000,0.0354,0.75
16191,es_step,4000,0.0000,0.000,0.0354,1.98
16192,replay,4000,0.0631,1.000,0.0354,0.75
16193,replay,4000,0.0566,1.000,0.0354,0.75
16194,es_step,4000,0.0000,0.000,0.0354,2.00
16195,replay,4000,0.0563,1.000,0.0353,0.75
16196,replay,4000,0.0458,1.000,0.0353,0.76
16197,replay,4000,0.0455,1.000,0.0353,0.76
16198,es_step,4000,0.0000,0.000,0.0353,2.00
16199,replay,4000,0.0560,1.000,0.0353,0.76
16200,replay,4000,0.0795,1.000,0.0353,0.76
16201,replay,4000,0.0780,1.000,0.0354,0.77
16202,replay,4000,0.0823,1.000,0.0354,0.76
16203,replay,4000,0.0765,1.000,0.0354,0.76
16204,replay,4000,0.0713,1.000,0.0354,0.76
16205,replay,4000,0.0668,1.000,0.0354,0.77
16206,replay,4000,0.0616,1.000,0.0354,0.77
16207,replay,4000,0.0574,1.000,0.0354,0.77
16208,replay,4000,0.0590,1.000,0.0354,0.77
16209,replay,4000,0.0731,1.000,0.0354,0.77
16210,replay,4000,0.0778,1.000,0.0354,0.77
16211,replay,4000,0.0591,1.000,0.0354,0.77
16212,replay,4000,0.0750,1.000,0.0354,0.77
16213,replay,4000,0.0609,1.000,0.0354,0.77
16214,replay,4000,0.0657,1.000,0.0354,0.77
16215,replay,4000,0.0639,1.000,0.0355,0.77
16216,es_step,4000,0.0000,0.000,0.0355,2.07
16217,replay,4000,0.0646,1.000,0.0355,0.76
16218,replay,4000,0.0712,1.000,0.0355,0.76
16219,replay,4000,0.0600,1.000,0.0355,0.77
16220,replay,4000,0.0662,1.000,0.0355,0.77
16221,replay,4000,0.0665,1.000,0.0355,0.77
16222,replay,4000,0.0468,1.000,0.0355,0.77
16223,replay,4000,0.0614,1.000,0.0355,0.77
16224,replay,4000,0.0586,1.000,0.0355,0.76
16225,es_step,4000,0.0000,0.000,0.0355,2.07
16226,replay,4000,0.0745,1.000,0.0355,0.76
16227,replay,4000,0.0616,1.000,0.0355,0.76
16228,replay,4000,0.0747,1.000,0.0355,0.76
16229,replay,4000,0.0776,1.000,0.0355,0.76
16230,replay,4000,0.0743,1.000,0.0356,0.76
16231,replay,4000,0.0696,1.000,0.0356,0.76
16232,es_step,4000,0.0000,0.000,0.0356,2.05
16233,replay,4000,0.0730,1.000,0.0356,0.76
16234,es_step,4000,0.0000,0.000,0.0356,2.06
16235,replay,4000,0.0656,1.000,0.0356,0.76
16236,replay,4000,0.0649,1.000,0.0356,0.76
16237,replay,4000,0.0616,1.000,0.0357,0.76
16238,replay,4000,0.0664,1.000,0.0357,0.76
16239,replay,4000,0.0647,1.000,0.0358,0.75
16240,replay,4000,0.0617,1.000,0.0358,0.75
16241,replay,4000,0.0559,1.000,0.0358,0.75
16242,replay,4000,0.0404,1.000,0.0357,0.75
16243,replay,4000,0.0529,1.000,0.0357,0.75
16244,replay,4000,0.0633,1.000,0.0356,0.75
16245,replay,4000,0.0429,1.000,0.0356,0.76
16246,replay,4000,0.0357,1.000,0.0356,0.75
16247,replay,4000,0.0535,1.000,0.0357,0.76
16248,replay,4000,0.0767,1.000,0.0358,0.76
16249,replay,4000,0.0792,1.000,0.0359,0.75
16250,replay,4000,0.0681,1.000,0.0359,0.76
16251,replay,4000,0.0681,1.000,0.0359,0.76
16252,replay,4000,0.0513,1.000,0.0359,0.76
16253,es_step,4000,0.0000,0.000,0.0359,2.06
16254,replay,4000,0.0430,1.000,0.0359,0.76
16255,es_step,4000,0.0000,0.000,0.0359,2.06
16256,replay,4000,0.0417,1.000,0.0358,0.77
16257,replay,4000,0.0480,1.000,0.0358,0.76
16258,replay,4000,0.0384,1.000,0.0358,0.76
16259,replay,4000,0.0554,1.000,0.0358,0.76
16260,replay,4000,0.0483,1.000,0.0358,0.76
16261,replay,4000,0.0406,1.000,0.0357,0.76
16262,replay,4000,0.0406,1.000,0.0357,0.76
16263,replay,4000,0.0330,1.000,0.0357,0.76
16264,replay,4000,0.0542,1.000,0.0357,0.76
16265,es_step,4000,0.0000,0.000,0.0357,2.06
16266,replay,4000,0.0415,1.000,0.0357,0.76
16267,replay,4000,0.0438,1.000,0.0357,0.76
16268,replay,4000,0.0639,1.000,0.0357,0.78
16269,es_step,4000,0.0000,0.000,0.0357,2.08
16270,replay,4000,0.0634,1.000,0.0358,0.76
16271,replay,4000,0.0504,1.000,0.0358,0.76
16272,replay,4000,0.0617,1.000,0.0358,0.76
16273,es_step,4000,0.0000,0.000,0.0358,2.06
16274,es_step,4000,0.0000,0.000,0.0358,2.04
16275,replay,4000,0.0593,1.000,0.0358,0.76
16276,replay,4000,0.0485,1.000,0.0357,0.76
16277,replay,4000,0.0492,1.000,0.0357,0.75
16278,replay,4000,0.0415,1.000,0.0356,0.75
16279,es_step,4000,0.0000,0.000,0.0356,2.02
16280,replay,4000,0.0387,1.000,0.0356,0.76
16281,replay,4000,0.0572,1.000,0.0356,0.75
16282,replay,4000,0.0542,1.000,0.0356,0.75
16283,replay,4000,0.0527,1.000,0.0355,0.75
16284,es_step,4000,0.0000,0.000,0.0355,2.01
16285,es_step,4000,0.0000,0.000,0.0355,2.01
16286,replay,4000,0.0553,1.000,0.0355,0.75
16287,replay,4000,0.0544,1.000,0.0355,0.75
16288,replay,4000,0.0575,1.000,0.0355,0.75
16289,replay,4000,0.0631,1.000,0.0355,0.75
16290,replay,4000,0.0626,1.000,0.0355,0.75
16291,replay,4000,0.0549,1.000,0.0354,0.75
16292,replay,4000,0.0528,1.000,0.0354,0.74
16293,replay,4000,0.0476,1.000,0.0354,0.74
16294,replay,4000,0.0285,1.000,0.0354,0.75
16295,replay,4000,0.0337,1.000,0.0353,0.75
16296,es_step,4000,0.0000,0.000,0.0353,2.01
16297,replay,4000,0.0502,1.000,0.0353,0.75
16298,replay,4000,0.0590,1.000,0.0353,0.75
16299,replay,4000,0.0547,1.000,0.0353,0.76
16300,replay,4000,0.0607,1.000,0.0354,0.75
16301,replay,4000,0.0606,1.000,0.0354,0.75
16302,replay,4000,0.0598,1.000,0.0354,0.75
16303,es_step,4000,0.0000,0.000,0.0354,2.03
16304,replay,4000,0.0639,1.000,0.0354,0.75
16305,replay,4000,0.0628,1.000,0.0354,0.75
16306,replay,4000,0.0591,1.000,0.0354,0.76
16307,replay,4000,0.0579,1.000,0.0355,0.75
16308,replay,4000,0.0573,1.000,0.0355,0.76
16309,es_step,4000,0.0000,0.000,0.0355,2.02
16310,replay,4000,0.0418,1.000,0.0354,0.75
16311,replay,4000,0.0368,1.000,0.0353,0.76
16312,es_step,4000,0.0000,0.000,0.0353,2.01
16313,replay,4000,0.0507,1.000,0.0353,0.75
16314,es_step,4000,0.0000,0.000,0.0353,1.99
16315,replay,4000,0.0590,1.000,0.0353,0.75
16316,replay,4000,0.0458,1.000,0.0353,0.75
16317,replay,4000,0.0659,1.000,0.0353,0.75
16318,replay,4000,0.0709,1.000,0.0353,0.75
16319,es_step,4000,0.0000,0.000,0.0353,1.99
16320,replay,4000,0.0662,1.000,0.0353,0.74
16321,replay,4000,0.0689,1.000,0.0353,0.75
16322,replay,4000,0.0651,1.000,0.0353,0.75
16323,replay,4000,0.0614,1.000,0.0353,0.75
16324,replay,4000,0.0609,1.000,0.0353,0.75
16325,replay,4000,0.0550,1.000,0.0352,0.75
16326,replay,4000,0.0289,1.000,0.0352,0.75
16327,replay,4000,0.0337,1.000,0.0351,0.75
16328,es_step,4000,0.0000,0.000,0.0351,2.02
16329,replay,4000,0.0308,1.000,0.0350,0.75
16330,replay,4000,0.0232,1.000,0.0349,0.75
16331,replay,4000,0.0257,1.000,0.0349,0.75
16332,replay,4000,0.0706,1.000,0.0349,0.75
16333,replay,4000,0.0767,1.000,0.0349,0.75
16334,replay,4000,0.0694,1.000,0.0349,0.75
16335,replay,4000,0.0705,1.000,0.0349,0.75
16336,replay,4000,0.0748,1.000,0.0350,0.75
16337,replay,4000,0.0705,1.000,0.0350,0.75
16338,replay,4000,0.0685,1.000,0.0350,0.75
16339,replay,4000,0.0684,1.000,0.0351,0.74
16340,replay,4000,0.0745,1.000,0.0351,0.75
16341,replay,4000,0.0660,1.000,0.0351,0.75
16342,es_step,4000,0.0000,0.000,0.0351,1.99
16343,es_step,4000,0.0000,0.000,0.0351,1.98
16344,replay,4000,0.0483,1.000,0.0351,0.74
16345,replay,4000,0.0369,1.000,0.0351,0.74
16346,replay,4000,0.0482,1.000,0.0351,0.74
16347,es_step,4000,0.0000,0.000,0.0351,4.46
16348,replay,4000,0.0466,1.000,0.0351,0.74
16349,replay,4000,0.0523,1.000,0.0351,0.74
16350,replay,4000,0.0385,1.000,0.0350,0.74
16351,replay,4000,0.0499,1.000,0.0350,0.74
16352,replay,4000,0.0561,1.000,0.0350,0.74
16353,es_step,4000,0.0000,0.000,0.0350,1.99
16354,replay,4000,0.0622,1.000,0.0350,0.75
16355,replay,4000,0.0581,1.000,0.0350,0.74
16356,replay,4000,0.0539,1.000,0.0350,0.74
16357,replay,4000,0.0601,1.000,0.0350,0.74
16358,replay,4000,0.0608,1.000,0.0350,0.75
16359,es_step,4000,0.0000,0.000,0.0350,1.98
16360,replay,4000,0.0713,1.000,0.0350,0.74
16361,replay,4000,0.0638,1.000,0.0350,0.74
16362,replay,4000,0.0693,1.000,0.0350,0.75
16363,replay,4000,0.0678,1.000,0.0351,0.76
16364,replay,4000,0.0687,1.000,0.0350,0.77
16365,es_step,4000,0.0000,0.000,0.0350,2.01
16366,replay,4000,0.0485,1.000,0.0350,0.75
16367,replay,4000,0.0391,1.000,0.0350,0.76
16368,es_step,4000,0.0000,0.000,0.0350,2.02
16369,replay,4000,0.0365,1.000,0.0349,0.75
16370,replay,4000,0.0335,1.000,0.0348,0.75
16371,replay,4000,0.0460,1.000,0.0348,0.74
16372,replay,4000,0.0490,1.000,0.0348,0.74
16373,es_step,4000,0.0000,0.000,0.0348,2.01
16374,replay,4000,0.0429,1.000,0.0348,0.75
16375,replay,4000,0.0392,1.000,0.0348,0.75
16376,replay,4000,0.0547,1.000,0.0348,0.74
16377,replay,4000,0.0756,1.000,0.0349,0.75
16378,replay,4000,0.0682,1.000,0.0348,0.75
16379,replay,4000,0.0824,1.000,0.0349,0.75
16380,replay,4000,0.0787,1.000,0.0349,0.74
16381,es_step,4000,0.0000,0.000,0.0349,2.00
16382,es_step,4000,0.0000,0.000,0.0349,1.99
16383,replay,4000,0.0739,1.000,0.0349,0.75
16384,replay,4000,0.0624,1.000,0.0349,0.74
16385,replay,4000,0.0599,1.000,0.0349,0.74
16386,replay,4000,0.0640,1.000,0.0348,0.75
16387,replay,4000,0.0499,1.000,0.0349,0.74
16388,replay,4000,0.0513,1.000,0.0349,0.74
16389,replay,4000,0.0511,1.000,0.0349,0.75
16390,replay,4000,0.0658,1.000,0.0349,0.75
16391,es_step,4000,0.0000,0.000,0.0349,1.99
16392,es_step,4000,0.0000,0.000,0.0349,1.98
16393,replay,4000,0.0692,1.000,0.0349,0.74
16394,replay,4000,0.0669,1.000,0.0349,0.74
16395,replay,4000,0.0671,1.000,0.0350,0.74
16396,es_step,4000,0.0000,0.000,0.0350,1.97
16397,replay,4000,0.0649,1.000,0.0350,0.74
16398,replay,4000,0.0682,1.000,0.0350,0.74
16399,replay,4000,0.0630,1.000,0.0350,0.74
16400,replay,4000,0.0643,1.000,0.0350,0.74
16401,replay,4000,0.0606,1.000,0.0349,0.74
16402,es_step,4000,0.0000,0.000,0.0349,1.96
16403,replay,4000,0.0642,1.000,0.0349,0.74
16404,replay,4000,0.0597,1.000,0.0349,0.75
16405,replay,4000,0.0533,1.000,0.0349,0.76
16406,replay,4000,0.0631,1.000,0.0349,0.75
16407,replay,4000,0.0586,1.000,0.0349,0.75
16408,replay,4000,0.0683,1.000,0.0349,0.75
16409,replay,4000,0.0680,1.000,0.0349,0.75
16410,replay,4000,0.0640,1.000,0.0349,0.75
16411,es_step,4000,0.0000,0.000,0.0349,1.98
16412,replay,4000,0.0633,1.000,0.0350,0.75
16413,replay,4000,0.0606,1.000,0.0350,0.74
16414,es_step,4000,0.0000,0.000,0.0350,1.98
16415,replay,4000,0.0616,1.000,0.0350,0.74
16416,replay,4000,0.0612,1.000,0.0350,0.74
16417,es_step,4000,0.0000,0.000,0.0350,1.96
16418,es_step,4000,0.0000,0.000,0.0350,1.96
16419,replay,4000,0.0650,1.000,0.0350,0.74
16420,replay,4000,0.0640,1.000,0.0350,0.74
16421,replay,4000,0.0616,1.000,0.0350,0.74
16422,es_step,4000,0.0000,0.000,0.0350,1.96
16423,replay,4000,0.0614,1.000,0.0350,0.74
16424,replay,4000,0.0603,1.000,0.0350,0.75
16425,replay,4000,0.0563,1.000,0.0350,0.74
16426,replay,4000,0.0582,1.000,0.0351,0.74
16427,replay,4000,0.0634,1.000,0.0351,0.74
16428,es_step,4000,0.0000,0.000,0.0351,1.96
16429,replay,4000,0.0695,1.000,0.0351,0.74
16430,replay,4000,0.0705,1.000,0.0351,0.74
16431,replay,4000,0.0680,1.000,0.0351,0.73
16432,es_step,4000,0.0000,0.000,0.0351,1.95
16433,replay,4000,0.0659,1.000,0.0351,0.74
16434,replay,4000,0.0639,1.000,0.0352,0.75
16435,replay,4000,0.0649,1.000,0.0352,0.75
16436,es_step,4000,0.0000,0.000,0.0352,1.99
16437,replay,4000,0.0599,1.000,0.0351,0.75
16438,replay,4000,0.0590,1.000,0.0351,0.75
16439,replay,4000,0.0601,1.000,0.0351,0.75
16440,replay,4000,0.0553,1.000,0.0352,0.75
16441,replay,4000,0.0549,1.000,0.0351,0.75
16442,replay,4000,0.0571,1.000,0.0352,0.75
16443,replay,4000,0.0629,1.000,0.0352,0.75
16444,replay,4000,0.0642,1.000,0.0352,0.75
16445,replay,4000,0.0612,1.000,0.0352,0.75
16446,es_step,4000,0.0000,0.000,0.0352,1.99
16447,replay,4000,0.0720,1.000,0.0352,0.74
16448,replay,4000,0.0658,1.000,0.0352,0.74
16449,replay,4000,0.0467,1.000,0.0352,0.74
16450,replay,4000,0.0507,1.000,0.0352,0.75
16451,replay,4000,0.0289,1.000,0.0351,0.74
16452,es_step,4000,0.0000,0.000,0.0351,1.99
16453,replay,4000,0.0408,1.000,0.0351,0.74
16454,replay,4000,0.0288,1.000,0.0350,0.74
16455,replay,4000,0.0352,1.000,0.0350,0.75
16456,es_step,4000,0.0000,0.000,0.0350,2.02
16457,replay,4000,0.0576,1.000,0.0350,0.75
16458,es_step,4000,0.0000,0.000,0.0350,1.98
16459,replay,4000,0.0562,1.000,0.0350,0.75
16460,replay,4000,0.0495,1.000,0.0350,0.75
16461,replay,4000,0.0342,1.000,0.0350,0.75
16462,replay,4000,0.0247,1.000,0.0349,0.75
16463,replay,4000,0.0417,1.000,0.0349,0.75
16464,es_step,4000,0.0000,0.000,0.0349,2.00
16465,es_step,4000,0.0000,0.000,0.0349,2.00
16466,replay,4000,0.0484,1.000,0.0349,0.75
16467,es_step,4000,0.0000,0.000,0.0349,1.98
16468,replay,4000,0.0636,1.000,0.0349,0.74
16469,replay,4000,0.0620,1.000,0.0349,0.75
16470,replay,4000,0.0563,1.000,0.0349,0.75
16471,replay,4000,0.0519,1.000,0.0349,0.75
16472,replay,4000,0.0326,1.000,0.0348,0.76
16473,replay,4000,0.0309,1.000,0.0348,0.76
16474,es_step,4000,0.0000,0.000,0.0348,2.02
16475,replay,4000,0.0387,1.000,0.0347,0.75
16476,es_step,4000,0.0000,0.000,0.0347,1.98
16477,replay,4000,0.0339,1.000,0.0347,0.74
16478,replay,4000,0.0225,1.000,0.0346,0.74
16479,es_step,4000,0.0000,0.000,0.0346,1.98
16480,replay,4000,0.0417,1.000,0.0345,0.74
16481,replay,4000,0.0387,1.000,0.0345,0.74
16482,replay,4000,0.0460,1.000,0.0345,0.74
16483,replay,4000,0.0426,1.000,0.0345,0.75
16484,replay,4000,0.0574,1.000,0.0345,0.74
16485,replay,4000,0.0648,1.000,0.0345,0.75
16486,replay,4000,0.0634,1.000,0.0346,0.75
16487,es_step,4000,0.0000,0.000,0.0346,1.98
16488,replay,4000,0.0686,1.000,0.0346,0.75
16489,replay,4000,0.0675,1.000,0.0346,0.75
16490,es_step,4000,0.0000,0.000,0.0346,1.99
16491,replay,4000,0.0643,1.000,0.0346,0.75
16492,replay,4000,0.0623,1.000,0.0346,0.80
16493,replay,4000,0.0586,1.000,0.0346,0.75
16494,replay,4000,0.0591,1.000,0.0346,0.75
16495,replay,4000,0.0467,1.000,0.0346,0.75
16496,es_step,4000,0.0000,0.000,0.0346,2.00
16497,es_step,4000,0.0000,0.000,0.0346,2.00
16498,replay,4000,0.0617,1.000,0.0346,0.74
16499,replay,4000,0.0579,1.000,0.0347,0.74
16500,replay,4000,0.0559,1.000,0.0347,0.75
16501,replay,4000,0.0522,1.000,0.0347,0.75
16502,replay,4000,0.0658,1.000,0.0347,0.75
16503,replay,4000,0.0699,1.000,0.0347,0.76
16504,es_step,4000,0.0000,0.000,0.0347,2.02
16505,replay,4000,0.0582,1.000,0.0348,0.75
16506,replay,4000,0.0768,1.000,0.0348,0.76
16507,replay,4000,0.0764,1.000,0.0349,0.76
16508,es_step,4000,0.0000,0.000,0.0349,2.01
16509,replay,4000,0.0755,1.000,0.0349,0.75
16510,replay,4000,0.0632,1.000,0.0349,0.75
16511,replay,4000,0.0549,1.000,0.0349,0.75
16512,replay,4000,0.0601,1.000,0.0349,0.75
16513,replay,4000,0.0549,1.000,0.0349,0.75
16514,replay,4000,0.0557,1.000,0.0349,0.75
16515,replay,4000,0.0480,1.000,0.0349,0.76
16516,replay,4000,0.0532,1.000,0.0349,0.76
16517,replay,4000,0.0544,1.000,0.0349,0.76
16518,es_step,4000,0.0000,0.000,0.0349,2.03
16519,replay,4000,0.0575,1.000,0.0349,0.75
16520,es_step,4000,0.0000,0.000,0.0349,2.00
16521,replay,4000,0.0570,1.000,0.0349,0.74
16522,replay,4000,0.0599,1.000,0.0349,0.74
16523,replay,4000,0.0624,1.000,0.0349,0.74
16524,replay,4000,0.0590,1.000,0.0349,0.75
16525,replay,4000,0.0565,1.000,0.0349,0.75
16526,replay,4000,0.0596,1.000,0.0349,0.76
16527,replay,4000,0.0572,1.000,0.0349,0.75
16528,replay,4000,0.0586,1.000,0.0349,0.75
16529,replay,4000,0.0611,1.000,0.0350,0.74
16530,replay,4000,0.0462,1.000,0.0350,0.75
16531,replay,4000,0.0634,1.000,0.0350,0.75
16532,replay,4000,0.0712,1.000,0.0350,0.75
16533,replay,4000,0.0668,1.000,0.0350,0.75
16534,replay,4000,0.0494,1.000,0.0351,0.75
16535,replay,4000,0.0584,1.000,0.0351,0.75
16536,replay,4000,0.0615,1.000,0.0351,0.75
16537,replay,4000,0.0588,1.000,0.0351,0.75
16538,replay,4000,0.0567,1.000,0.0351,0.75
16539,es_step,4000,0.0000,0.000,0.0351,2.00
16540,replay,4000,0.0564,1.000,0.0351,0.75
16541,replay,4000,0.0479,1.000,0.0351,0.75
16542,es_step,4000,0.0000,0.000,0.0351,1.99
16543,replay,4000,0.0525,1.000,0.0351,0.74
16544,replay,4000,0.0458,1.000,0.0351,0.74
16545,replay,4000,-0.2742,1.000,0.0349,0.74
16546,es_step,4000,0.0000,0.000,0.0349,1.99
16547,es_step,4000,0.0000,0.000,0.0349,1.98
16548,es_step,4000,0.0000,0.000,0.0349,1.97
16549,replay,4000,0.0529,1.000,0.0349,0.74
16550,replay,4000,0.0717,1.000,0.0349,0.75
16551,replay,4000,0.0950,1.000,0.0350,0.75
16552,replay,4000,0.0926,1.000,0.0351,0.75
16553,replay,4000,0.0691,1.000,0.0352,0.75
16554,replay,4000,0.0938,1.000,0.0352,0.75
16555,es_step,4000,0.0000,0.000,0.0352,1.99
16556,replay,4000,0.0850,1.000,0.0352,0.74
16557,replay,4000,0.0862,1.000,0.0353,0.74
16558,replay,4000,0.1031,1.000,0.0354,0.74
16559,replay,4000,0.0809,1.000,0.0354,0.74
16560,replay,4000,0.0726,1.000,0.0355,0.74
16561,replay,4000,0.0915,1.000,0.0356,0.74
16562,replay,4000,0.0995,1.000,0.0356,0.74
16563,replay,4000,0.0783,1.000,0.0356,0.74
16564,replay,4000,0.0628,1.000,0.0356,0.74
16565,replay,4000,0.0357,1.000,0.0355,0.74
16566,replay,4000,0.0416,1.000,0.0355,0.74
16567,replay,4000,0.0863,1.000,0.0354,0.74
16568,replay,4000,0.0354,1.000,0.0354,0.74
16569,es_step,4000,0.0000,0.000,0.0354,2.00
16570,replay,4000,0.0712,1.000,0.0354,0.75
16571,es_step,4000,0.0000,0.000,0.0354,2.00
16572,replay,4000,0.0704,1.000,0.0354,0.75
16573,replay,4000,0.0777,1.000,0.0354,0.75
16574,replay,4000,0.0832,1.000,0.0355,0.75
16575,replay,4000,0.0881,1.000,0.0356,0.76
16576,replay,4000,0.0772,1.000,0.0356,0.75
16577,replay,4000,0.0810,1.000,0.0356,0.75
16578,replay,4000,0.0612,1.000,0.0356,0.75
16579,replay,4000,0.0533,1.000,0.0357,0.75
16580,replay,4000,0.0951,1.000,0.0357,0.75
16581,es_step,4000,0.0000,0.000,0.0357,2.03
16582,replay,4000,0.0900,1.000,0.0358,0.75
16583,replay,4000,0.0965,1.000,0.0359,0.76
16584,replay,4000,0.0922,1.000,0.0359,0.75
16585,replay,4000,0.0752,1.000,0.0359,0.75
16586,replay,4000,0.0887,1.000,0.0360,0.75
16587,replay,4000,0.0731,1.000,0.0360,0.74
16588,es_step,4000,0.0000,0.000,0.0360,2.01
16589,replay,4000,0.0688,1.000,0.0360,0.75
16590,replay,4000,0.0770,1.000,0.0360,0.75
16591,replay,4000,0.0658,1.000,0.0360,0.75
16592,es_step,4000,0.0000,0.000,0.0360,1.99
16593,replay,4000,0.0737,1.000,0.0360,0.76
16594,replay,4000,0.0794,1.000,0.0359,0.76
16595,replay,4000,0.0586,1.000,0.0359,0.76
16596,replay,4000,0.0746,1.000,0.0360,0.77
16597,replay,4000,0.0782,1.000,0.0360,0.79
16598,es_step,4000,0.0000,0.000,0.0360,2.02
16599,replay,4000,0.1330,1.000,0.0361,0.78
16600,es_step,4000,0.0000,0.000,0.0361,1.99
16601,replay,4000,0.1256,1.000,0.0362,0.74
16602,replay,4000,0.1184,1.000,0.0363,0.75
16603,replay,4000,0.1251,1.000,0.0365,0.74
16604,replay,4000,0.1206,1.000,0.0366,0.74
16605,replay,4000,0.1023,1.000,0.0368,0.74
16606,replay,4000,0.1525,1.000,0.0368,0.75
16607,replay,4000,0.1435,1.000,0.0370,0.75
16608,replay,4000,0.1254,1.000,0.0372,0.75
16609,replay,4000,0.1533,1.000,0.0374,0.76
16610,es_step,4000,0.0000,0.000,0.0374,2.06
16611,es_step,4000,0.0000,0.000,0.0374,2.02
16612,replay,4000,0.1556,1.000,0.0375,0.76
16613,replay,4000,0.1568,1.000,0.0377,0.76
16614,replay,4000,0.1580,1.000,0.0378,0.76
16615,replay,4000,0.1508,1.000,0.0380,0.76
16616,es_step,4000,0.0000,0.000,0.0380,2.02
16617,es_step,4000,0.0000,0.000,0.0380,2.00
16618,replay,4000,0.1243,1.000,0.0382,0.74
16619,es_step,4000,0.0000,0.000,0.0382,1.99
16620,replay,4000,0.1305,1.000,0.0383,0.74
16621,es_step,4000,0.0000,0.000,0.0383,1.98
16622,replay,4000,0.1594,1.000,0.0384,0.75
16623,replay,4000,0.1369,1.000,0.0385,0.75
16624,replay,4000,0.1333,1.000,0.0386,0.75
16625,replay,4000,0.1279,1.000,0.0388,0.75
16626,replay,4000,0.1254,1.000,0.0389,0.74
16627,replay,4000,0.1129,1.000,0.0391,0.75
16628,es_step,4000,0.0000,0.000,0.0391,1.98
16629,replay,4000,0.1041,1.000,0.0392,0.75
16630,replay,4000,0.0933,1.000,0.0392,0.75
16631,replay,4000,0.0715,1.000,0.0392,0.75
16632,replay,4000,0.0628,1.000,0.0392,0.75
16633,replay,4000,0.0618,1.000,0.0392,0.75
16634,replay,4000,0.0546,1.000,0.0391,0.75
16635,replay,4000,0.0467,1.000,0.0391,0.76
16636,replay,4000,0.0477,1.000,0.0390,0.75
16637,es_step,4000,0.0000,0.000,0.0390,2.02
16638,es_step,4000,0.0000,0.000,0.0390,2.00
16639,replay,4000,0.0412,1.000,0.0390,0.75
16640,replay,4000,0.0333,1.000,0.0389,0.75
16641,replay,4000,0.0442,1.000,0.0388,0.74
16642,replay,4000,0.0425,1.000,0.0388,0.75
16643,replay,4000,0.0476,1.000,0.0389,0.75
16644,replay,4000,0.0628,1.000,0.0388,3.24
16645,es_step,4000,0.0000,0.000,0.0388,2.00
16646,replay,4000,0.0412,1.000,0.0388,0.75
16647,replay,4000,0.0507,1.000,0.0388,0.75
16648,replay,4000,0.0456,1.000,0.0387,0.74
16649,replay,4000,0.0571,1.000,0.0387,0.75
16650,replay,4000,0.0880,1.000,0.0387,0.75
16651,replay,4000,0.0584,1.000,0.0387,0.74
16652,replay,4000,0.0679,1.000,0.0387,0.75
16653,replay,4000,0.0637,1.000,0.0388,0.75
16654,es_step,4000,0.0000,0.000,0.0388,2.02
16655,replay,4000,0.0502,1.000,0.0387,0.75
16656,replay,4000,0.0657,1.000,0.0388,0.74
16657,replay,4000,0.0519,1.000,0.0387,0.75
16658,replay,4000,0.0469,1.000,0.0387,0.75
16659,replay,4000,0.0510,1.000,0.0387,0.75
16660,replay,4000,0.0505,1.000,0.0386,0.75
16661,replay,4000,0.0342,1.000,0.0386,0.75
16662,replay,4000,0.0498,1.000,0.0385,0.75
16663,replay,4000,0.0520,1.000,0.0385,0.75
16664,replay,4000,0.0312,1.000,0.0385,0.75
16665,replay,4000,0.0366,1.000,0.0384,0.76
16666,es_step,4000,0.0000,0.000,0.0384,2.01
16667,replay,4000,0.0377,1.000,0.0384,0.76
16668,replay,4000,0.0346,1.000,0.0384,0.75
16669,replay,4000,0.0417,1.000,0.0383,0.75
16670,replay,4000,0.0505,1.000,0.0383,0.75
16671,replay,4000,0.0416,1.000,0.0383,0.75
16672,replay,4000,0.0531,1.000,0.0382,0.75
16673,replay,4000,0.0400,1.000,0.0382,0.75
16674,replay,4000,0.0356,1.000,0.0382,0.75
16675,es_step,4000,0.0000,0.000,0.0382,2.03
16676,replay,4000,0.0738,1.000,0.0382,0.76
16677,replay,4000,0.0314,1.000,0.0381,0.76
16678,replay,4000,0.0290,1.000,0.0381,0.75
16679,replay,4000,0.0321,1.000,0.0381,0.75
16680,es_step,4000,0.0000,0.000,0.0381,2.02
16681,replay,4000,0.0665,1.000,0.0381,0.75
16682,replay,4000,0.0493,1.000,0.0381,0.74
16683,replay,4000,0.0463,1.000,0.0380,0.75
16684,replay,4000,0.0346,1.000,0.0380,0.75
16685,replay,4000,0.0366,1.000,0.0380,0.75
16686,replay,4000,0.0507,1.000,0.0380,0.75
16687,replay,4000,0.0532,1.000,0.0380,0.75
16688,es_step,4000,0.0000,0.000,0.0380,2.00
16689,replay,4000,0.0584,1.000,0.0381,0.75
16690,es_step,4000,0.0000,0.000,0.0381,1.99
16691,replay,4000,0.0766,1.000,0.0381,0.75
16692,replay,4000,0.0626,1.000,0.0381,0.75
16693,es_step,4000,0.0000,0.000,0.0381,2.01
16694,replay,4000,0.0588,1.000,0.0381,0.75
16695,replay,4000,0.0489,1.000,0.0381,0.74
16696,es_step,4000,0.0000,0.000,0.0381,1.99
16697,es_step,4000,0.0000,0.000,0.0381,1.99
16698,replay,4000,0.0580,1.000,0.0380,0.74
16699,es_step,4000,0.0000,0.000,0.0380,1.97
16700,replay,4000,0.0137,1.000,0.0380,0.74
16701,replay,4000,0.0217,1.000,0.0379,0.74
16702,replay,4000,0.0305,1.000,0.0379,0.74
16703,replay,4000,0.0522,1.000,0.0379,0.74
16704,replay,4000,0.0628,1.000,0.0379,0.74
16705,replay,4000,0.0198,1.000,0.0377,0.74
16706,es_step,4000,0.0000,0.000,0.0377,1.96
16707,replay,4000,0.0491,1.000,0.0376,0.74
16708,replay,4000,0.0451,1.000,0.0376,0.74
16709,replay,4000,0.0402,1.000,0.0376,0.74
16710,replay,4000,0.0584,1.000,0.0376,0.73
16711,replay,4000,0.0733,1.000,0.0375,0.74
16712,replay,4000,0.0666,1.000,0.0375,0.74
16713,replay,4000,0.0502,1.000,0.0374,0.75
16714,replay,4000,0.0532,1.000,0.0374,0.76
16715,replay,4000,0.0404,1.000,0.0374,0.76
16716,replay,4000,0.0360,1.000,0.0374,0.77
16717,replay,4000,0.0469,1.000,0.0373,0.76
16718,replay,4000,0.0370,1.000,0.0373,0.75
16719,es_step,4000,0.0000,0.000,0.0373,2.02
16720,replay,4000,0.0668,1.000,0.0373,0.76
16721,es_step,4000,0.0000,0.000,0.0373,2.01
16722,replay,4000,0.0373,1.000,0.0373,0.75
16723,replay,4000,0.0500,1.000,0.0373,0.75
16724,replay,4000,0.0724,1.000,0.0373,0.75
16725,replay,4000,0.0725,1.000,0.0373,0.75
16726,replay,4000,0.0678,1.000,0.0374,0.75
16727,es_step,4000,0.0000,0.000,0.0374,1.99
16728,replay,4000,0.0531,1.000,0.0373,0.74
16729,replay,4000,0.0653,1.000,0.0373,0.74
16730,replay,4000,0.0672,1.000,0.0373,0.74
16731,replay,4000,0.0397,1.000,0.0373,0.74
16732,replay,4000,0.0488,1.000,0.0373,0.74
16733,es_step,4000,0.0000,0.000,0.0373,1.97
16734,replay,4000,0.0650,1.000,0.0373,0.74
16735,replay,4000,0.0725,1.000,0.0374,0.75
16736,es_step,4000,0.0000,0.000,0.0374,1.99
16737,es_step,4000,0.0000,0.000,0.0374,1.95
16738,replay,4000,0.0599,1.000,0.0374,0.74
16739,es_step,4000,0.0000,0.000,0.0374,1.97
16740,replay,4000,0.0802,1.000,0.0374,0.74
16741,es_step,4000,0.0000,0.000,0.0374,1.97
16742,replay,4000,0.0718,1.000,0.0374,0.74
16743,replay,4000,0.0516,1.000,0.0374,0.74
16744,replay,4000,0.0557,1.000,0.0374,0.74
16745,es_step,4000,0.0000,0.000,0.0374,1.94
16746,replay,4000,0.0541,1.000,0.0373,0.73
16747,replay,4000,0.0544,1.000,0.0374,0.74
16748,replay,4000,0.0606,1.000,0.0374,0.75
16749,es_step,4000,0.0000,0.000,0.0374,1.97
16750,replay,4000,0.0612,1.000,0.0374,0.73
16751,replay,4000,0.0492,1.000,0.0374,0.74
16752,replay,4000,0.0448,1.000,0.0373,0.75
16753,es_step,4000,0.0000,0.000,0.0373,1.98
16754,replay,4000,0.0449,1.000,0.0374,0.74
16755,replay,4000,0.0805,1.000,0.0374,0.75
16756,replay,4000,0.0737,1.000,0.0374,0.75
16757,replay,4000,0.0576,1.000,0.0374,0.75
16758,replay,4000,0.0508,1.000,0.0374,0.74
16759,es_step,4000,0.0000,0.000,0.0374,1.98
16760,replay,4000,0.0216,1.000,0.0373,0.74
16761,es_step,4000,0.0000,0.000,0.0373,1.95
16762,replay,4000,0.0225,1.000,0.0373,0.75
16763,replay,4000,0.0568,1.000,0.0373,0.74
16764,replay,4000,0.0602,1.000,0.0372,0.74
16765,replay,4000,0.0539,1.000,0.0372,0.75
16766,es_step,4000,0.0000,0.000,0.0372,2.00
16767,replay,4000,0.0260,1.000,0.0372,0.75
16768,es_step,4000,0.0000,0.000,0.0372,1.96
16769,replay,4000,0.0844,1.000,0.0372,0.75
16770,replay,4000,0.0703,1.000,0.0372,0.75
16771,es_step,4000,0.0000,0.000,0.0372,1.97
16772,replay,4000,0.0658,1.000,0.0372,0.74
16773,replay,4000,0.0637,1.000,0.0372,0.74
16774,replay,4000,0.0594,1.000,0.0372,0.74
16775,replay,4000,0.0615,1.000,0.0372,0.74
16776,replay,4000,0.0695,1.000,0.0372,0.74
16777,replay,4000,0.0578,1.000,0.0372,0.75
16778,replay,4000,0.0466,1.000,0.0372,0.75
16779,replay,4000,0.0542,1.000,0.0372,0.76
16780,replay,4000,0.0520,1.000,0.0372,0.76
16781,replay,4000,0.0598,1.000,0.0372,0.76
16782,replay,4000,0.0600,1.000,0.0372,0.75
16783,replay,4000,0.0442,1.000,0.0372,0.76
16784,replay,4000,0.0691,1.000,0.0372,0.76
16785,replay,4000,0.0671,1.000,0.0372,0.76
16786,es_step,4000,0.0000,0.000,0.0372,2.04
16787,replay,4000,0.0664,1.000,0.0372,0.75
16788,replay,4000,0.0811,1.000,0.0372,0.75
16789,replay,4000,0.0675,1.000,0.0372,0.75
16790,replay,4000,0.0617,1.000,0.0373,0.75
16791,es_step,4000,0.0000,0.000,0.0373,2.01
16792,replay,4000,0.0717,1.000,0.0373,0.75
16793,replay,4000,0.0789,1.000,0.0373,0.75
16794,replay,4000,0.0781,1.000,0.0373,0.74
16795,replay,4000,0.0852,1.000,0.0374,0.74
16796,replay,4000,0.0844,1.000,0.0374,0.74
16797,replay,4000,0.0771,1.000,0.0375,0.74
16798,replay,4000,0.0499,1.000,0.0375,0.74
16799,replay,4000,0.0837,1.000,0.0375,0.74
16800,es_step,4000,0.0000,0.000,0.0375,2.01
16801,replay,4000,0.0871,1.000,0.0375,0.75
16802,replay,4000,0.0802,1.000,0.0376,0.75
16803,replay,4000,0.0817,1.000,0.0377,0.75
16804,replay,4000,0.0766,1.000,0.0377,0.75
16805,replay,4000,0.0766,1.000,0.0378,0.75
16806,replay,4000,0.0726,1.000,0.0378,0.75
16807,replay,4000,0.0605,1.000,0.0378,0.75
16808,es_step,4000,0.0000,0.000,0.0378,2.00
16809,replay,4000,0.0608,1.000,0.0377,0.75
16810,replay,4000,0.0523,1.000,0.0377,0.74
16811,replay,4000,0.0315,1.000,0.0377,0.74
16812,replay,4000,0.0339,1.000,0.0376,0.74
16813,replay,4000,0.0417,1.000,0.0375,0.74
16814,replay,4000,0.0467,1.000,0.0375,0.74
16815,replay,4000,-0.0015,1.000,0.0375,0.74
16816,replay,4000,0.0593,1.000,0.0375,0.75
16817,es_step,4000,0.0000,0.000,0.0375,1.99
16818,replay,4000,0.0655,1.000,0.0375,0.74
16819,es_step,4000,0.0000,0.000,0.0375,1.99
16820,replay,4000,0.0653,1.000,0.0375,0.75
16821,replay,4000,0.0734,1.000,0.0375,0.75
16822,replay,4000,0.0664,1.000,0.0375,0.76
16823,es_step,4000,0.0000,0.000,0.0375,2.02
16824,replay,4000,0.0579,1.000,0.0375,0.75
16825,replay,4000,0.0650,1.000,0.0375,0.75
16826,es_step,4000,0.0000,0.000,0.0375,2.01
16827,es_step,4000,0.0000,0.000,0.0375,2.01
16828,replay,4000,0.0060,1.000,0.0375,0.75
16829,replay,4000,0.0450,1.000,0.0375,0.75
16830,replay,4000,0.0641,1.000,0.0375,0.74
16831,replay,4000,0.0653,1.000,0.0376,0.75
16832,replay,4000,0.0702,1.000,0.0376,0.74
16833,replay,4000,0.0826,1.000,0.0377,0.75
16834,es_step,4000,0.0000,0.000,0.0377,1.98
16835,replay,4000,0.0641,1.000,0.0378,0.74
16836,replay,4000,0.0842,1.000,0.0378,0.74
16837,es_step,4000,0.0000,0.000,0.0378,1.97
16838,es_step,4000,0.0000,0.000,0.0378,1.98
16839,replay,4000,0.0739,1.000,0.0379,0.74
16840,replay,4000,0.0677,1.000,0.0380,0.75
16841,es_step,4000,0.0000,0.000,0.0380,1.97
16842,replay,4000,0.0739,1.000,0.0380,0.74
16843,replay,4000,0.0681,1.000,0.0380,0.74
16844,replay,4000,0.0671,1.000,0.0381,0.74
16845,replay,4000,0.0473,1.000,0.0380,0.74
16846,replay,4000,0.0465,1.000,0.0380,0.74
16847,replay,4000,0.0496,1.000,0.0379,0.74
16848,es_step,4000,0.0000,0.000,0.0379,1.97
16849,replay,4000,0.0543,1.000,0.0379,0.74
16850,replay,4000,0.0504,1.000,0.0378,0.74
16851,replay,4000,0.0398,1.000,0.0378,0.74
16852,es_step,4000,0.0000,0.000,0.0378,1.95
16853,replay,4000,0.0302,1.000,0.0378,0.74
16854,replay,4000,0.0581,1.000,0.0378,0.75
16855,replay,4000,0.0821,1.000,0.0379,0.74
16856,replay,4000,0.1011,1.000,0.0379,0.74
16857,replay,4000,0.0974,1.000,0.0381,0.74
16858,replay,4000,0.0889,1.000,0.0382,0.74
16859,replay,4000,0.1087,1.000,0.0383,0.74
16860,replay,4000,0.1030,1.000,0.0384,0.74
16861,es_step,4000,0.0000,0.000,0.0384,1.99
16862,replay,4000,0.1133,1.000,0.0386,0.76
16863,replay,4000,0.1097,1.000,0.0387,0.76
16864,es_step,4000,0.0000,0.000,0.0387,2.04
16865,replay,4000,0.1011,1.000,0.0388,0.75
16866,replay,4000,0.1082,1.000,0.0389,0.74
16867,replay,4000,0.1008,1.000,0.0390,0.74
16868,replay,4000,0.0830,1.000,0.0391,0.75
16869,replay,4000,0.0949,1.000,0.0391,0.74
16870,replay,4000,0.0662,1.000,0.0391,0.74
16871,es_step,4000,0.0000,0.000,0.0391,1.98
16872,replay,4000,0.0627,1.000,0.0391,0.75
16873,replay,4000,0.0615,1.000,0.0391,0.74
16874,replay,4000,0.0592,1.000,0.0391,0.74
16875,replay,4000,0.0562,1.000,0.0391,0.74
16876,replay,4000,0.0449,1.000,0.0390,0.74
16877,replay,4000,0.0479,1.000,0.0390,0.74
16878,replay,4000,0.0157,1.000,0.0389,0.74
16879,replay,4000,0.0342,1.000,0.0389,0.74
16880,replay,4000,0.0418,1.000,0.0388,0.74
16881,replay,4000,0.0389,1.000,0.0388,0.74
16882,replay,4000,0.0609,1.000,0.0388,0.74
16883,replay,4000,0.0507,1.000,0.0388,0.74
16884,replay,4000,0.0453,1.000,0.0388,0.74
16885,replay,4000,0.0438,1.000,0.0388,0.74
16886,replay,4000,0.0726,1.000,0.0388,0.74
16887,replay,4000,0.0779,1.000,0.0388,0.74
16888,replay,4000,0.0746,1.000,0.0388,0.74
16889,replay,4000,0.0647,1.000,0.0388,0.74
16890,replay,4000,0.0792,1.000,0.0388,0.74
16891,replay,4000,0.0631,1.000,0.0388,0.74
16892,es_step,4000,0.0000,0.000,0.0388,2.00
16893,replay,4000,0.0707,1.000,0.0388,0.74
16894,replay,4000,0.0631,1.000,0.0388,0.74
16895,replay,4000,0.0345,1.000,0.0388,0.74
16896,replay,4000,0.0366,1.000,0.0387,0.74
16897,replay,4000,0.0490,1.000,0.0387,0.75
16898,es_step,4000,0.0000,0.000,0.0387,1.99
16899,replay,4000,0.0340,1.000,0.0387,0.74
16900,replay,4000,0.0380,1.000,0.0387,0.75
16901,replay,4000,0.0412,1.000,0.0387,0.75
16902,replay,4000,0.0445,1.000,0.0386,0.75
16903,replay,4000,0.0329,1.000,0.0386,0.76
16904,replay,4000,0.0518,1.000,0.0386,0.76
16905,es_step,4000,0.0000,0.000,0.0386,2.06
16906,replay,4000,0.0376,1.000,0.0387,0.76
16907,replay,4000,0.0622,1.000,0.0387,0.75
16908,replay,4000,0.0682,1.000,0.0387,0.75
16909,es_step,4000,0.0000,0.000,0.0387,2.01
16910,replay,4000,0.0685,1.000,0.0387,0.75
16911,replay,4000,0.0546,1.000,0.0387,0.75
16912,replay,4000,0.0586,1.000,0.0387,0.74
16913,es_step,4000,0.0000,0.000,0.0387,1.99
16914,replay,4000,0.0443,1.000,0.0387,0.74
16915,es_step,4000,0.0000,0.000,0.0387,1.98
16916,replay,4000,0.0363,1.000,0.0386,0.74
16917,replay,4000,0.0476,1.000,0.0386,0.74
16918,replay,4000,0.0442,1.000,0.0386,0.74
16919,replay,4000,0.0544,1.000,0.0386,0.74
16920,replay,4000,0.0492,1.000,0.0386,0.74
16921,replay,4000,0.0548,1.000,0.0386,0.74
16922,es_step,4000,0.0000,0.000,0.0386,1.98
16923,replay,4000,0.0490,1.000,0.0386,0.74
16924,replay,4000,0.0592,1.000,0.0386,0.74
16925,replay,4000,0.0618,1.000,0.0386,0.74
16926,replay,4000,0.0595,1.000,0.0386,0.74
16927,replay,4000,0.0586,1.000,0.0385,0.74
16928,replay,4000,0.0500,1.000,0.0385,0.74
16929,replay,4000,0.0148,1.000,0.0383,0.74
16930,es_step,4000,0.0000,0.000,0.0383,1.98
16931,replay,4000,0.0355,1.000,0.0383,0.74
16932,replay,4000,0.0384,1.000,0.0382,0.74
16933,replay,4000,0.0154,1.000,0.0381,0.74
16934,es_step,4000,0.0000,0.000,0.0381,1.98
16935,replay,4000,0.0459,1.000,0.0381,0.75
16936,replay,4000,0.0624,1.000,0.0381,0.75
16937,replay,4000,0.0557,1.000,0.0380,0.75
16938,es_step,4000,0.0000,0.000,0.0380,1.98
16939,replay,4000,0.0348,1.000,0.0380,0.74
16940,replay,4000,0.0207,1.000,0.0379,0.74
16941,replay,4000,0.0112,1.000,0.0379,0.74
16942,replay,4000,0.0276,1.000,0.0378,0.75
16943,replay,4000,0.0404,1.000,0.0378,0.75
16944,replay,4000,0.0383,1.000,0.0377,0.75
16945,replay,4000,0.0667,1.000,0.0377,0.75
16946,replay,4000,0.0602,1.000,0.0377,3.20
16947,replay,4000,0.0550,1.000,0.0377,0.75
16948,replay,4000,0.0434,1.000,0.0376,0.75
16949,replay,4000,0.0235,1.000,0.0376,0.76
16950,replay,4000,0.0381,1.000,0.0375,0.75
16951,es_step,4000,0.0000,0.000,0.0375,2.01
16952,replay,4000,0.0396,1.000,0.0374,0.75
16953,es_step,4000,0.0000,0.000,0.0374,1.99
16954,replay,4000,0.0318,1.000,0.0374,0.74
16955,es_step,4000,0.0000,0.000,0.0374,1.98
16956,replay,4000,0.0291,1.000,0.0373,0.74
16957,replay,4000,0.0504,1.000,0.0373,0.74
16958,es_step,4000,0.0000,0.000,0.0373,1.99
16959,replay,4000,0.0426,1.000,0.0373,0.75
16960,replay,4000,0.0667,1.000,0.0373,0.74
16961,replay,4000,0.0544,1.000,0.0373,0.74
16962,replay,4000,0.0586,1.000,0.0373,0.74
16963,replay,4000,0.0509,1.000,0.0372,0.74
16964,replay,4000,0.0401,1.000,0.0372,0.74
16965,replay,4000,0.0436,1.000,0.0371,0.74
16966,replay,4000,0.0408,1.000,0.0371,0.75
16967,replay,4000,0.0635,1.000,0.0371,0.74
16968,replay,4000,0.0641,1.000,0.0371,0.75
16969,replay,4000,0.0655,1.000,0.0371,0.75
16970,replay,4000,0.0641,1.000,0.0371,0.75
16971,replay,4000,0.0588,1.000,0.0371,0.75
16972,replay,4000,0.0526,1.000,0.0371,0.76
16973,replay,4000,0.0622,1.000,0.0371,0.75
16974,replay,4000,0.0650,1.000,0.0371,0.75
16975,replay,4000,0.0611,1.000,0.0371,0.75
16976,replay,4000,0.0764,1.000,0.0371,0.75
16977,replay,4000,0.0629,1.000,0.0370,0.75
16978,es_step,4000,0.0000,0.000,0.0370,2.01
16979,replay,4000,0.0696,1.000,0.0370,0.76
16980,replay,4000,0.0696,1.000,0.0370,0.76
16981,replay,4000,0.0657,1.000,0.0370,0.76
16982,replay,4000,0.0611,1.000,0.0370,0.76
16983,replay,4000,0.0538,1.000,0.0370,0.76
16984,replay,4000,0.0624,1.000,0.0371,0.76
16985,replay,4000,0.0630,1.000,0.0371,0.75
16986,es_step,4000,0.0000,0.000,0.0371,2.02
16987,replay,4000,0.0626,1.000,0.0371,0.75
16988,replay,4000,0.0549,1.000,0.0371,0.75
16989,es_step,4000,0.0000,0.000,0.0371,2.02
16990,replay,4000,0.0500,1.000,0.0370,0.75
16991,replay,4000,0.0639,1.000,0.0370,0.75
16992,replay,4000,-0.0210,1.000,0.0370,0.75
16993,replay,4000,0.0643,1.000,0.0370,0.75
16994,es_step,4000,0.0000,0.000,0.0370,2.00
16995,replay,4000,0.0677,1.000,0.0371,0.75
16996,replay,4000,0.0692,1.000,0.0371,0.75
16997,replay,4000,0.0616,1.000,0.0371,0.75
16998,es_step,4000,0.0000,0.000,0.0371,2.01
16999,replay,4000,0.0395,1.000,0.0371,0.75
17000,es_step,4000,0.0000,0.000,0.0371,2.00
17001,replay,4000,0.0533,1.000,0.0370,0.74
17002,replay,4000,0.0343,1.000,0.0370,0.75
17003,replay,4000,0.0491,1.000,0.0369,0.76
17004,es_step,4000,0.0000,0.000,0.0369,2.01
17005,replay,4000,0.0520,1.000,0.0369,0.75
17006,replay,4000,0.0385,1.000,0.0369,0.75
17007,es_step,4000,0.0000,0.000,0.0369,2.00
17008,replay,4000,0.0634,1.000,0.0369,0.75
17009,replay,4000,0.0489,1.000,0.0368,0.75
17010,replay,4000,0.0649,1.000,0.0369,0.75
17011,replay,4000,0.0637,1.000,0.0369,0.75
17012,replay,4000,0.0723,1.000,0.0369,0.76
17013,replay,4000,0.0618,1.000,0.0370,0.77
17014,replay,4000,0.0540,1.000,0.0369,0.77
17015,replay,4000,0.0641,1.000,0.0369,0.76
17016,replay,4000,0.0686,1.000,0.0370,0.76
17017,es_step,4000,0.0000,0.000,0.0370,2.02
17018,es_step,4000,0.0000,0.000,0.0370,2.03
17019,replay,4000,0.0716,1.000,0.0371,0.75
17020,replay,4000,0.0542,1.000,0.0371,0.75
17021,es_step,4000,0.0000,0.000,0.0371,2.01
17022,replay,4000,0.0611,1.000,0.0371,0.75
17023,replay,4000,0.0640,1.000,0.0371,0.74
17024,es_step,4000,0.0000,0.000,0.0371,1.97
17025,es_step,4000,0.0000,0.000,0.0371,1.97
17026,es_step,4000,0.0000,0.000,0.0371,1.96
17027,replay,4000,0.0622,1.000,0.0370,0.74
17028,replay,4000,0.0629,1.000,0.0371,0.74
17029,replay,4000,0.0452,1.000,0.0370,0.74
17030,replay,4000,0.0590,1.000,0.0370,0.75
17031,replay,4000,0.0636,1.000,0.0370,0.76
17032,es_step,4000,0.0000,0.000,0.0370,2.00
17033,replay,4000,0.0588,1.000,0.0370,0.74
17034,replay,4000,0.0514,1.000,0.0369,0.74
17035,replay,4000,0.0319,1.000,0.0369,0.74
17036,replay,4000,0.0631,1.000,0.0368,0.74
17037,replay,4000,0.0594,1.000,0.0368,0.74
17038,replay,4000,0.0658,1.000,0.0368,0.74
17039,replay,4000,0.0583,1.000,0.0368,0.75
17040,replay,4000,0.0516,1.000,0.0367,0.75
17041,replay,4000,0.0567,1.000,0.0367,0.76
17042,replay,4000,0.0559,1.000,0.0366,0.76
17043,replay,4000,0.0541,1.000,0.0366,0.75
17044,replay,4000,0.0329,1.000,0.0365,0.76
17045,es_step,4000,0.0000,0.000,0.0365,2.02
17046,replay,4000,0.0207,1.000,0.0364,0.75
17047,replay,4000,0.0357,1.000,0.0364,0.75
17048,replay,4000,0.0234,1.000,0.0363,0.75
17049,replay,4000,0.0487,1.000,0.0363,0.75
17050,es_step,4000,0.0000,0.000,0.0363,1.99
17051,es_step,4000,0.0000,0.000,0.0363,1.96
17052,replay,4000,0.0569,1.000,0.0362,0.74
17053,replay,4000,0.0693,1.000,0.0363,0.74
17054,replay,4000,0.0715,1.000,0.0363,0.74
17055,replay,4000,0.0807,1.000,0.0363,0.73
17056,replay,4000,0.0883,1.000,0.0364,0.74
17057,replay,4000,0.0869,1.000,0.0364,0.75
17058,replay,4000,0.0964,1.000,0.0366,0.76
17059,replay,4000,0.1111,1.000,0.0367,0.77
17060,replay,4000,0.1082,1.000,0.0367,0.76
17061,replay,4000,0.1056,1.000,0.0368,0.77
17062,replay,4000,0.0954,1.000,0.0369,0.76
17063,es_step,4000,0.0000,0.000,0.0369,2.05
17064,replay,4000,0.0996,1.000,0.0370,0.76
17065,es_step,4000,0.0000,0.000,0.0370,2.03
17066,es_step,4000,0.0000,0.000,0.0370,2.01
17067,replay,4000,0.0957,1.000,0.0371,0.75
17068,replay,4000,0.0981,1.000,0.0371,0.75
17069,replay,4000,0.0915,1.000,0.0371,0.75
17070,replay,4000,0.0823,1.000,0.0372,0.75
17071,replay,4000,0.0714,1.000,0.0372,0.75
17072,es_step,4000,0.0000,0.000,0.0372,2.02
17073,es_step,4000,0.0000,0.000,0.0372,2.00
17074,replay,4000,0.0648,1.000,0.0372,0.75
17075,es_step,4000,0.0000,0.000,0.0372,2.00
17076,replay,4000,0.0602,1.000,0.0372,0.75
17077,es_step,4000,0.0000,0.000,0.0372,1.98
17078,replay,4000,0.0536,1.000,0.0371,0.74
17079,replay,4000,0.0617,1.000,0.0371,0.74
17080,replay,4000,0.0480,1.000,0.0371,0.74
17081,es_step,4000,0.0000,0.000,0.0371,1.97
17082,replay,4000,0.0372,1.000,0.0372,0.74
17083,replay,4000,0.0532,1.000,0.0371,0.75
17084,es_step,4000,0.0000,0.000,0.0371,1.95
17085,es_step,4000,0.0000,0.000,0.0371,1.95
17086,replay,4000,0.0695,1.000,0.0371,0.74
17087,replay,4000,0.0595,1.000,0.0371,0.75
17088,replay,4000,0.0547,1.000,0.0371,0.74
17089,replay,4000,0.0585,1.000,0.0370,0.75
17090,replay,4000,0.0423,1.000,0.0370,0.77
17091,replay,4000,0.0557,1.000,0.0370,0.76
17092,replay,4000,0.0475,1.000,0.0370,0.76
17093,replay,4000,0.0760,1.000,0.0370,0.76
17094,replay,4000,0.0801,1.000,0.0370,0.77
17095,es_step,4000,0.0000,0.000,0.0370,2.05
17096,es_step,4000,0.0000,0.000,0.0370,2.02
17097,replay,4000,0.0772,1.000,0.0370,0.75
17098,es_step,4000,0.0000,0.000,0.0370,1.98
17099,es_step,4000,0.0000,0.000,0.0370,1.96
17100,es_step,4000,0.0000,0.000,0.0370,1.95
17101,replay,4000,0.0708,1.000,0.0370,0.74
17102,replay,4000,0.0633,1.000,0.0370,0.74
17103,replay,4000,0.0579,1.000,0.0370,0.74
17104,es_step,4000,0.0000,0.000,0.0370,1.98
17105,es_step,4000,0.0000,0.000,0.0370,1.96
17106,replay,4000,0.0572,1.000,0.0370,0.74
17107,replay,4000,0.0313,1.000,0.0370,0.75
17108,replay,4000,0.0345,1.000,0.0369,0.75
17109,replay,4000,0.0285,1.000,0.0369,0.75
17110,replay,4000,0.0288,1.000,0.0368,0.76
17111,replay,4000,0.0514,1.000,0.0368,0.76
17112,replay,4000,0.0504,1.000,0.0368,0.76
17113,replay,4000,0.0560,1.000,0.0368,0.76
17114,replay,4000,0.0582,1.000,0.0367,0.76
17115,replay,4000,0.0360,1.000,0.0367,0.76
17116,es_step,4000,0.0000,0.000,0.0367,2.05
17117,replay,4000,0.0595,1.000,0.0367,0.75
17118,replay,4000,0.0741,1.000,0.0367,0.75
17119,replay,4000,0.0729,1.000,0.0367,0.75
17120,es_step,4000,0.0000,0.000,0.0367,1.99
17121,replay,4000,0.0820,1.000,0.0368,0.75
17122,replay,4000,0.0673,1.000,0.0368,0.74
17123,replay,4000,0.0677,1.000,0.0368,0.75
17124,es_step,4000,0.0000,0.000,0.0368,1.98
17125,replay,4000,0.0610,1.000,0.0368,0.75
17126,replay,4000,0.0597,1.000,0.0367,0.76
17127,replay,4000,0.0562,1.000,0.0367,0.76
17128,replay,4000,0.0557,1.000,0.0367,0.76
17129,replay,4000,0.0589,1.000,0.0367,0.76
17130,replay,4000,0.0619,1.000,0.0367,0.76
17131,replay,4000,0.0506,1.000,0.0366,0.77
17132,replay,4000,0.0456,1.000,0.0366,0.77
17133,replay,4000,0.0387,1.000,0.0365,0.77
17134,es_step,4000,0.0000,0.000,0.0365,2.04
17135,replay,4000,0.0306,1.000,0.0365,0.76
17136,es_step,4000,0.0000,0.000,0.0365,2.03
17137,es_step,4000,0.0000,0.000,0.0365,2.01
17138,replay,4000,0.0333,1.000,0.0364,0.75
17139,replay,4000,0.0472,1.000,0.0364,0.75
17140,replay,4000,0.0272,1.000,0.0363,0.74
17141,es_step,4000,0.0000,0.000,0.0363,1.98
17142,replay,4000,0.0373,1.000,0.0363,0.74
17143,replay,4000,0.0489,1.000,0.0363,0.75
17144,replay,4000,0.0435,1.000,0.0362,0.75
17145,replay,4000,0.0813,1.000,0.0362,0.75
17146,replay,4000,0.0940,1.000,0.0362,0.75
17147,replay,4000,0.0724,1.000,0.0362,0.75
17148,replay,4000,0.0880,1.000,0.0362,0.75
17149,replay,4000,0.0825,1.000,0.0362,0.75
17150,replay,4000,0.0676,1.000,0.0362,0.75
17151,es_step,4000,0.0000,0.000,0.0362,2.00
17152,replay,4000,0.0505,1.000,0.0362,0.75
17153,replay,4000,0.0230,1.000,0.0361,0.75
17154,replay,4000,0.0378,1.000,0.0361,0.75
17155,replay,4000,0.0526,1.000,0.0360,0.75
17156,replay,4000,0.0321,1.000,0.0360,0.75
17157,replay,4000,0.0598,1.000,0.0360,0.74
17158,replay,4000,0.0499,1.000,0.0359,0.75
17159,replay,4000,0.0621,1.000,0.0359,0.75
17160,replay,4000,0.0706,1.000,0.0359,0.75
17161,es_step,4000,0.0000,0.000,0.0359,2.03
17162,replay,4000,0.0593,1.000,0.0359,0.76
17163,replay,4000,0.0614,1.000,0.0359,0.75
17164,replay,4000,0.0659,1.000,0.0359,0.75
17165,replay,4000,0.0603,1.000,0.0359,0.76
17166,replay,4000,0.0517,1.000,0.0358,0.77
17167,replay,4000,0.0791,1.000,0.0358,0.76
17168,replay,4000,0.0792,1.000,0.0358,0.76
17169,es_step,4000,0.0000,0.000,0.0358,2.03
17170,replay,4000,0.0798,1.000,0.0358,0.76
17171,replay,4000,0.0853,1.000,0.0359,0.77
17172,es_step,4000,0.0000,0.000,0.0359,2.03
17173,replay,4000,0.0903,1.000,0.0359,0.76
17174,es_step,4000,0.0000,0.000,0.0359,2.03
17175,replay,4000,0.0887,1.000,0.0359,0.76
17176,replay,4000,0.0906,1.000,0.0360,0.76
17177,replay,4000,0.0939,1.000,0.0360,0.77
17178,replay,4000,0.0860,1.000,0.0361,0.76
17179,es_step,4000,0.0000,0.000,0.0361,2.02
17180,es_step,4000,0.0000,0.000,0.0361,2.01
17181,replay,4000,0.0825,1.000,0.0361,0.75
17182,replay,4000,0.0920,1.000,0.0362,0.76
17183,replay,4000,0.0943,1.000,0.0362,0.76
17184,replay,4000,0.0798,1.000,0.0362,0.76
17185,es_step,4000,0.0000,0.000,0.0362,2.04
17186,es_step,4000,0.0000,0.000,0.0362,2.01
17187,replay,4000,0.0850,1.000,0.0362,0.77
17188,replay,4000,0.0662,1.000,0.0362,0.75
17189,es_step,4000,0.0000,0.000,0.0362,1.98
17190,replay,4000,0.0966,1.000,0.0362,0.75
17191,replay,4000,0.0848,1.000,0.0362,0.75
17192,replay,4000,0.0657,1.000,0.0363,0.75
17193,es_step,4000,0.0000,0.000,0.0363,1.98
17194,replay,4000,0.0714,1.000,0.0363,0.75
17195,replay,4000,0.0728,1.000,0.0363,0.75
17196,replay,4000,0.0866,1.000,0.0364,0.75
17197,es_step,4000,0.0000,0.000,0.0364,1.99
17198,replay,4000,0.0706,1.000,0.0364,0.75
17199,replay,4000,0.0634,1.000,0.0364,0.75
17200,es_step,4000,0.0000,0.000,0.0364,1.98
17201,replay,4000,0.0878,1.000,0.0365,0.74
17202,replay,4000,0.0781,1.000,0.0365,0.74
17203,replay,4000,0.0877,1.000,0.0366,0.76
17204,replay,4000,0.0831,1.000,0.0366,0.75
17205,replay,4000,0.0802,1.000,0.0367,0.74
17206,replay,4000,0.0795,1.000,0.0367,0.74
17207,replay,4000,0.0738,1.000,0.0367,0.74
17208,replay,4000,0.0448,1.000,0.0366,0.74
17209,es_step,4000,0.0000,0.000,0.0366,1.96
17210,replay,4000,0.0340,1.000,0.0366,0.74
17211,replay,4000,0.0587,1.000,0.0366,0.74
17212,replay,4000,0.0696,1.000,0.0366,0.74
17213,es_step,4000,0.0000,0.000,0.0366,1.96
17214,replay,4000,0.0743,1.000,0.0366,0.74
17215,replay,4000,0.0778,1.000,0.0367,0.74
17216,replay,4000,0.0761,1.000,0.0368,0.75
17217,replay,4000,0.0972,1.000,0.0368,0.76
17218,es_step,4000,0.0000,0.000,0.0368,1.99
17219,replay,4000,0.0907,1.000,0.0369,0.75
17220,replay,4000,0.0888,1.000,0.0369,0.75
17221,replay,4000,0.0776,1.000,0.0369,0.75
17222,replay,4000,0.0704,1.000,0.0370,0.74
17223,replay,4000,0.0738,1.000,0.0370,0.75
17224,es_step,4000,0.0000,0.000,0.0370,1.99
17225,replay,4000,0.0633,1.000,0.0370,0.76
17226,replay,4000,0.0648,1.000,0.0370,0.76
17227,replay,4000,0.0647,1.000,0.0371,0.76
17228,replay,4000,0.0518,1.000,0.0370,0.75
17229,replay,4000,0.0333,1.000,0.0369,0.75
17230,replay,4000,0.0499,1.000,0.0369,0.76
17231,replay,4000,0.0438,1.000,0.0369,3.26
17232,es_step,4000,0.0000,0.000,0.0369,2.05
17233,es_step,4000,0.0000,0.000,0.0369,2.00
17234,es_step,4000,0.0000,0.000,0.0369,1.97
17235,replay,4000,0.0534,1.000,0.0369,0.74
17236,replay,4000,0.0452,1.000,0.0369,0.75
17237,es_step,4000,0.0000,0.000,0.0369,1.97
17238,replay,4000,0.0518,1.000,0.0368,0.74
17239,es_step,4000,0.0000,0.000,0.0368,1.95
17240,replay,4000,0.0456,1.000,0.0368,0.74
17241,es_step,4000,0.0000,0.000,0.0368,1.98
17242,replay,4000,0.0270,1.000,0.0368,0.74
17243,replay,4000,0.0440,1.000,0.0368,0.74
17244,replay,4000,0.0467,1.000,0.0367,0.74
17245,replay,4000,0.0494,1.000,0.0367,0.74
17246,replay,4000,0.0536,1.000,0.0367,0.74
17247,replay,4000,0.0506,1.000,0.0367,0.74
17248,replay,4000,0.0515,1.000,0.0367,0.74
17249,replay,4000,0.0457,1.000,0.0367,0.74
17250,replay,4000,0.0583,1.000,0.0367,0.74
17251,es_step,4000,0.0000,0.000,0.0367,1.95
17252,replay,4000,0.0516,1.000,0.0367,0.74
17253,es_step,4000,0.0000,0.000,0.0367,1.94
17254,replay,4000,0.0351,1.000,0.0367,0.74
17255,replay,4000,0.0497,1.000,0.0367,0.73
17256,replay,4000,0.0445,1.000,0.0367,0.75
17257,replay,4000,0.0572,1.000,0.0367,0.75
17258,replay,4000,0.0384,1.000,0.0367,0.76
17259,replay,4000,0.0428,1.000,0.0367,0.76
17260,replay,4000,0.0608,1.000,0.0367,0.76
17261,replay,4000,0.0555,1.000,0.0367,0.76
17262,replay,4000,0.0397,1.000,0.0366,0.76
17263,replay,4000,0.0332,1.000,0.0366,0.75
17264,replay,4000,0.0406,1.000,0.0366,0.75
17265,replay,4000,0.0387,1.000,0.0365,0.75
17266,replay,4000,0.0452,1.000,0.0365,0.76
17267,es_step,4000,0.0000,0.000,0.0365,2.06
17268,replay,4000,0.0525,1.000,0.0365,0.76
17269,replay,4000,0.0442,1.000,0.0364,0.76
17270,replay,4000,0.0414,1.000,0.0364,0.76
17271,replay,4000,0.0494,1.000,0.0364,0.76
17272,es_step,4000,0.0000,0.000,0.0364,2.00
17273,replay,4000,0.0488,1.000,0.0364,0.75
17274,es_step,4000,0.0000,0.000,0.0364,1.98
17275,replay,4000,0.0597,1.000,0.0364,0.75
17276,replay,4000,0.0611,1.000,0.0364,0.75
17277,replay,4000,0.0566,1.000,0.0364,0.74
17278,es_step,4000,0.0000,0.000,0.0364,2.00
17279,es_step,4000,0.0000,0.000,0.0364,1.97
17280,replay,4000,0.0558,1.000,0.0364,0.75
17281,replay,4000,0.0021,1.000,0.0363,0.74
17282,es_step,4000,0.0000,0.000,0.0363,1.95
17283,replay,4000,0.0489,1.000,0.0363,0.74
17284,replay,4000,0.0596,1.000,0.0363,0.74
17285,replay,4000,0.0676,1.000,0.0363,0.74
17286,replay,4000,0.0582,1.000,0.0363,0.74
17287,replay,4000,0.0671,1.000,0.0363,0.74
17288,replay,4000,0.0707,1.000,0.0364,0.74
17289,es_step,4000,0.0000,0.000,0.0364,1.95
17290,replay,4000,0.0696,1.000,0.0364,0.75
17291,replay,4000,0.0674,1.000,0.0364,0.76
17292,replay,4000,0.0650,1.000,0.0364,0.75
17293,replay,4000,0.0670,1.000,0.0364,0.76
17294,replay,4000,0.0548,1.000,0.0365,0.76
17295,replay,4000,0.0484,1.000,0.0364,0.76
17296,replay,4000,0.0585,1.000,0.0364,0.77
17297,replay,4000,0.0381,1.000,0.0364,0.77
17298,es_step,4000,0.0000,0.000,0.0364,2.03
17299,replay,4000,0.0498,1.000,0.0363,0.77
17300,es_step,4000,0.0000,0.000,0.0363,2.01
17301,replay,4000,0.0406,1.000,0.0363,0.75
17302,es_step,4000,0.0000,0.000,0.0363,1.98
17303,replay,4000,0.0484,1.000,0.0363,0.75
17304,replay,4000,0.0612,1.000,0.0363,0.74
17305,replay,4000,0.0542,1.000,0.0363,0.75
17306,replay,4000,0.0653,1.000,0.0364,0.75
17307,replay,4000,0.0691,1.000,0.0364,0.74
17308,replay,4000,0.0741,1.000,0.0364,0.75
17309,replay,4000,0.0696,1.000,0.0365,0.75
17310,replay,4000,0.0531,1.000,0.0364,0.74
17311,replay,4000,0.0641,1.000,0.0365,0.75
17312,replay,4000,0.0595,1.000,0.0365,0.74
17313,replay,4000,0.0615,1.000,0.0365,0.74
17314,es_step,4000,0.0000,0.000,0.0365,1.96
17315,replay,4000,0.0511,1.000,0.0364,0.74
17316,es_step,4000,0.0000,0.000,0.0364,1.95
17317,replay,4000,0.0467,1.000,0.0364,0.74
17318,replay,4000,0.0489,1.000,0.0365,0.75
17319,replay,4000,0.0491,1.000,0.0364,0.75
17320,es_step,4000,0.0000,0.000,0.0364,1.97
17321,replay,4000,0.0564,1.000,0.0364,0.74
17322,es_step,4000,0.0000,0.000,0.0364,1.95
17323,replay,4000,0.0589,1.000,0.0364,0.74
17324,replay,4000,0.0675,1.000,0.0364,0.74
17325,replay,4000,0.0656,1.000,0.0364,0.74
17326,replay,4000,0.0595,1.000,0.0364,0.74
17327,replay,4000,0.0586,1.000,0.0363,0.74
17328,replay,4000,0.0544,1.000,0.0363,0.74
17329,replay,4000,0.0507,1.000,0.0363,0.74
17330,replay,4000,0.0325,1.000,0.0362,0.74
17331,replay,4000,0.0359,1.000,0.0362,0.74
17332,replay,4000,0.0406,1.000,0.0361,0.75
17333,replay,4000,0.0690,1.000,0.0361,0.76
17334,replay,4000,0.0670,1.000,0.0361,0.76
17335,es_step,4000,0.0000,0.000,0.0361,1.99
17336,replay,4000,0.0694,1.000,0.0361,0.75
17337,replay,4000,0.0791,1.000,0.0362,0.75
17338,replay,4000,0.0836,1.000,0.0362,0.75
17339,replay,4000,0.0843,1.000,0.0363,0.75
17340,replay,4000,0.0790,1.000,0.0363,0.75
17341,es_step,4000,0.0000,0.000,0.0363,1.97
17342,es_step,4000,0.0000,0.000,0.0363,1.94
17343,replay,4000,0.0860,1.000,0.0364,0.74
17344,replay,4000,0.0806,1.000,0.0364,0.74
17345,replay,4000,0.0778,1.000,0.0364,0.74
17346,replay,4000,0.0710,1.000,0.0364,0.74
17347,replay,4000,0.0620,1.000,0.0364,0.75
17348,replay,4000,0.0479,1.000,0.0365,0.76
17349,replay,4000,0.0562,1.000,0.0364,0.75
17350,replay,4000,0.0561,1.000,0.0364,0.75
17351,replay,4000,0.0576,1.000,0.0364,0.75
17352,replay,4000,0.0356,1.000,0.0364,0.76
17353,es_step,4000,0.0000,0.000,0.0364,2.02
17354,replay,4000,0.0386,1.000,0.0364,0.76
17355,replay,4000,0.0376,1.000,0.0363,0.75
17356,es_step,4000,0.0000,0.000,0.0363,1.98
17357,replay,4000,0.0349,1.000,0.0363,0.75
17358,es_step,4000,0.0000,0.000,0.0363,1.99
17359,replay,4000,0.0692,1.000,0.0363,0.75
17360,replay,4000,0.0592,1.000,0.0363,0.74
17361,replay,4000,0.0680,1.000,0.0364,0.75
17362,es_step,4000,0.0000,0.000,0.0364,1.99
17363,replay,4000,0.0672,1.000,0.0364,0.74
17364,replay,4000,0.0541,1.000,0.0364,0.75
17365,replay,4000,0.0564,1.000,0.0364,0.74
17366,replay,4000,0.0568,1.000,0.0363,0.75
17367,es_step,4000,0.0000,0.000,0.0363,1.96
17368,replay,4000,0.0439,1.000,0.0363,0.75
17369,replay,4000,0.0299,1.000,0.0363,0.75
17370,replay,4000,0.0304,1.000,0.0362,0.75
17371,replay,4000,0.0447,1.000,0.0361,0.75
17372,replay,4000,0.0398,1.000,0.0361,0.75
17373,replay,4000,0.0586,1.000,0.0361,0.75
17374,replay,4000,0.0563,1.000,0.0360,0.75
17375,replay,4000,0.0588,1.000,0.0360,0.75
17376,replay,4000,0.0597,1.000,0.0360,0.75
17377,replay,4000,0.0494,1.000,0.0359,0.76
17378,replay,4000,0.0387,1.000,0.0359,0.76
17379,replay,4000,0.0377,1.000,0.0359,0.76
17380,replay,4000,0.0571,1.000,0.0358,0.77
17381,replay,4000,0.0650,1.000,0.0358,0.76
17382,replay,4000,0.0702,1.000,0.0358,0.76
17383,replay,4000,0.0723,1.000,0.0358,0.76
17384,replay,4000,0.0667,1.000,0.0358,0.76
17385,es_step,4000,0.0000,0.000,0.0358,2.03
17386,replay,4000,0.0685,1.000,0.0358,0.75
17387,replay,4000,0.0537,1.000,0.0358,0.75
17388,replay,4000,0.0636,1.000,0.0358,0.75
17389,replay,4000,0.0505,1.000,0.0358,0.75
17390,replay,4000,0.0685,1.000,0.0359,0.75
17391,replay,4000,0.0580,1.000,0.0359,0.75
17392,replay,4000,0.0669,1.000,0.0359,0.75
17393,replay,4000,0.0762,1.000,0.0359,0.75
17394,replay,4000,0.0742,1.000,0.0359,0.75
17395,es_step,4000,0.0000,0.000,0.0359,2.02
17396,es_step,4000,0.0000,0.000,0.0359,2.01
17397,replay,4000,0.0697,1.000,0.0359,0.75
17398,replay,4000,0.0657,1.000,0.0359,0.75
17399,replay,4000,0.0700,1.000,0.0359,0.75
17400,replay,4000,0.0566,1.000,0.0359,0.75
17401,replay,4000,0.0659,1.000,0.0358,0.75
17402,replay,4000,0.0647,1.000,0.0358,0.74
17403,replay,4000,0.0595,1.000,0.0358,0.75
17404,replay,4000,0.0652,1.000,0.0358,0.75
17405,replay,4000,0.0566,1.000,0.0358,0.76
17406,replay,4000,0.0523,1.000,0.0358,0.75
17407,replay,4000,0.0463,1.000,0.0357,0.76
17408,replay,4000,0.0512,1.000,0.0357,0.76
17409,replay,4000,0.0478,1.000,0.0356,0.76
17410,es_step,4000,0.0000,0.000,0.0356,2.04
17411,es_step,4000,0.0000,0.000,0.0356,2.02
17412,replay,4000,0.0315,1.000,0.0356,0.76
17413,replay,4000,0.0502,1.000,0.0356,0.75
17414,replay,4000,0.0425,1.000,0.0356,0.75
17415,es_step,4000,0.0000,0.000,0.0356,2.00
17416,replay,4000,0.0494,1.000,0.0355,0.75
17417,replay,4000,0.0555,1.000,0.0355,0.76
17418,replay,4000,0.0576,1.000,0.0355,0.77
17419,es_step,4000,0.0000,0.000,0.0355,2.02
17420,es_step,4000,0.0000,0.000,0.0355,1.99
17421,es_step,4000,0.0000,0.000,0.0355,1.96
17422,replay,4000,0.0515,1.000,0.0355,0.74
17423,replay,4000,0.0417,1.000,0.0355,0.74
17424,replay,4000,0.0368,1.000,0.0354,0.75
17425,replay,4000,0.0345,1.000,0.0354,0.76
17426,replay,4000,0.0444,1.000,0.0354,0.77
17427,replay,4000,0.0544,1.000,0.0353,0.77
17428,replay,4000,0.0631,1.000,0.0353,0.77
17429,replay,4000,0.0588,1.000,0.0353,0.78
17430,replay,4000,0.0679,1.000,0.0354,0.78
17431,es_step,4000,0.0000,0.000,0.0354,2.06
17432,es_step,4000,0.0000,0.000,0.0354,2.04
17433,replay,4000,0.0587,1.000,0.0354,0.75
17434,replay,4000,0.0727,1.000,0.0354,0.75
17435,replay,4000,0.0521,1.000,0.0354,0.75
17436,replay,4000,0.0525,1.000,0.0354,0.75
17437,replay,4000,0.0490,1.000,0.0353,0.76
17438,es_step,4000,0.0000,0.000,0.0353,2.02
17439,es_step,4000,0.0000,0.000,0.0353,2.00
17440,replay,4000,0.0365,1.000,0.0353,0.75
17441,replay,4000,0.0548,1.000,0.0353,0.75
17442,replay,4000,0.0506,1.000,0.0353,0.75
17443,es_step,4000,0.0000,0.000,0.0353,1.99
17444,replay,4000,0.0500,1.000,0.0352,0.74
17445,replay,4000,0.0453,1.000,0.0352,0.74
17446,replay,4000,0.0542,1.000,0.0352,0.74
17447,es_step,4000,0.0000,0.000,0.0352,1.96
17448,es_step,4000,0.0000,0.000,0.0352,1.94
17449,replay,4000,0.0362,1.000,0.0351,0.74
17450,es_step,4000,0.0000,0.000,0.0351,1.91
17451,replay,4000,0.0411,1.000,0.0351,0.74
17452,replay,4000,0.0365,1.000,0.0350,0.74
17453,replay,4000,0.0373,1.000,0.0350,0.75
17454,replay,4000,0.0406,1.000,0.0349,0.76
17455,replay,4000,0.0508,1.000,0.0349,0.78
17456,replay,4000,0.0337,1.000,0.0349,0.76
17457,replay,4000,0.0409,1.000,0.0349,0.76
17458,replay,4000,0.0450,1.000,0.0349,0.76
17459,replay,4000,0.0346,1.000,0.0349,0.76
17460,es_step,4000,0.0000,0.000,0.0349,2.00
17461,replay,4000,0.0618,1.000,0.0349,0.75
17462,replay,4000,0.0544,1.000,0.0349,0.75
17463,replay,4000,0.0586,1.000,0.0349,0.75
17464,replay,4000,0.0532,1.000,0.0349,0.75
17465,replay,4000,0.0475,1.000,0.0348,0.75
17466,replay,4000,0.0522,1.000,0.0349,0.74
17467,replay,4000,0.0682,1.000,0.0348,0.74
17468,es_step,4000,0.0000,0.000,0.0348,1.96
17469,replay,4000,0.0664,1.000,0.0348,0.74
17470,replay,4000,0.0737,1.000,0.0348,0.74
17471,replay,4000,0.0573,1.000,0.0347,0.75
17472,replay,4000,0.0647,1.000,0.0347,0.75
17473,replay,4000,0.0716,1.000,0.0348,0.75
17474,replay,4000,0.0682,1.000,0.0348,0.75
17475,replay,4000,0.0608,1.000,0.0348,0.75
17476,replay,4000,0.0529,1.000,0.0348,0.75
17477,replay,4000,0.0521,1.000,0.0348,0.76
17478,replay,4000,0.0397,1.000,0.0348,0.76
17479,replay,4000,0.0481,1.000,0.0348,0.76
17480,replay,4000,0.0369,1.000,0.0348,0.76
17481,replay,4000,0.0430,1.000,0.0347,0.76
17482,replay,4000,0.0532,1.000,0.0347,0.76
17483,replay,4000,0.0657,1.000,0.0347,0.76
17484,replay,4000,0.0632,1.000,0.0349,0.76
17485,replay,4000,0.0621,1.000,0.0349,0.76
17486,replay,4000,0.0519,1.000,0.0349,0.76
17487,replay,4000,0.0608,1.000,0.0349,0.76
17488,es_step,4000,0.0000,0.000,0.0349,2.03
17489,replay,4000,0.0585,1.000,0.0349,0.76
17490,replay,4000,0.0553,1.000,0.0349,0.76
17491,replay,4000,0.0542,1.000,0.0349,0.76
17492,replay,4000,0.0493,1.000,0.0349,0.75
17493,replay,4000,0.0603,1.000,0.0349,0.75
17494,replay,4000,0.0684,1.000,0.0348,0.76
17495,replay,4000,0.0568,1.000,0.0348,0.76
17496,es_step,4000,0.0000,0.000,0.0348,2.04
17497,replay,4000,0.0520,1.000,0.0348,0.76
17498,replay,4000,0.0463,1.000,0.0348,0.75
17499,replay,4000,0.0531,1.000,0.0348,0.76
17500,replay,4000,0.0551,1.000,0.0348,0.77
17501,replay,4000,0.0616,1.000,0.0348,0.77
17502,replay,4000,0.0485,1.000,0.0348,0.77
17503,es_step,4000,0.0000,0.000,0.0348,2.06
17504,replay,4000,0.0594,1.000,0.0348,0.75
17505,replay,4000,0.0577,1.000,0.0348,0.76
17506,replay,4000,0.0789,1.000,0.0349,0.76
17507,es_step,4000,0.0000,0.000,0.0349,2.03
17508,replay,4000,0.0804,1.000,0.0349,0.77
17509,replay,4000,0.0873,1.000,0.0349,0.77
17510,replay,4000,0.0669,1.000,0.0350,0.77
17511,replay,4000,0.0892,1.000,0.0350,0.77
17512,replay,4000,0.0792,1.000,0.0350,0.77
17513,replay,4000,0.0818,1.000,0.0351,0.77
17514,replay,4000,0.0853,1.000,0.0351,0.77
17515,es_step,4000,0.0000,0.000,0.0351,2.06
17516,es_step,4000,0.0000,0.000,0.0351,2.03
17517,replay,4000,0.0682,1.000,0.0351,0.76
17518,replay,4000,0.0618,1.000,0.0352,0.76
17519,replay,4000,0.0529,1.000,0.0351,0.76
17520,replay,4000,0.0458,1.000,0.0351,0.77
17521,replay,4000,0.0497,1.000,0.0351,0.77
17522,replay,4000,0.0408,1.000,0.0350,0.77
17523,es_step,4000,0.0000,0.000,0.0350,2.05
17524,es_step,4000,0.0000,0.000,0.0350,2.03
17525,replay,4000,0.0456,1.000,0.0350,0.75
17526,es_step,4000,0.0000,0.000,0.0350,2.02
17527,es_step,4000,0.0000,0.000,0.0350,4.47
17528,replay,4000,0.0448,1.000,0.0350,0.75
17529,replay,4000,0.0552,1.000,0.0349,0.77
17530,replay,4000,0.0472,1.000,0.0349,0.77
17531,replay,4000,0.0670,1.000,0.0349,0.76
17532,replay,4000,0.0528,1.000,0.0349,0.77
17533,replay,4000,0.0573,1.000,0.0349,0.77
17534,replay,4000,0.0525,1.000,0.0349,0.76
17535,replay,4000,0.0563,1.000,0.0349,0.76
17536,replay,4000,0.0637,1.000,0.0348,0.76
17537,replay,4000,0.0626,1.000,0.0348,0.76
17538,replay,4000,0.0618,1.000,0.0348,0.76
17539,replay,4000,0.0604,1.000,0.0348,0.76
17540,replay,4000,0.0633,1.000,0.0348,0.76
17541,replay,4000,0.0706,1.000,0.0348,0.76
17542,es_step,4000,0.0000,0.000,0.0348,2.06
17543,es_step,4000,0.0000,0.000,0.0348,2.05
17544,es_step,4000,0.0000,0.000,0.0348,2.04
17545,replay,4000,0.0582,1.000,0.0348,0.76
17546,replay,4000,0.0568,1.000,0.0348,0.76
17547,replay,4000,0.0493,1.000,0.0348,0.75
17548,replay,4000,0.0561,1.000,0.0347,0.76
17549,replay,4000,0.0367,1.000,0.0347,0.75
17550,replay,4000,0.0381,1.000,0.0347,0.75
17551,replay,4000,0.0333,1.000,0.0346,0.76
17552,es_step,4000,0.0000,0.000,0.0346,2.02
17553,replay,4000,0.0178,1.000,0.0345,0.75
17554,replay,4000,0.0504,1.000,0.0345,0.76
17555,es_step,4000,0.0000,0.000,0.0345,2.03
17556,replay,4000,0.0665,1.000,0.0345,0.75
17557,replay,4000,0.0553,1.000,0.0345,0.75
17558,replay,4000,0.0527,1.000,0.0345,0.75
17559,replay,4000,0.0620,1.000,0.0345,0.75
17560,replay,4000,0.0634,1.000,0.0345,0.75
17561,replay,4000,0.0695,1.000,0.0345,0.75
17562,replay,4000,0.0588,1.000,0.0345,0.75
17563,replay,4000,0.0677,1.000,0.0345,0.75
17564,replay,4000,0.0553,1.000,0.0345,0.75
17565,replay,4000,0.0703,1.000,0.0345,0.75
17566,replay,4000,0.0684,1.000,0.0345,0.75
17567,replay,4000,0.0562,1.000,0.0345,0.74
17568,replay,4000,0.0566,1.000,0.0345,0.75
17569,replay,4000,0.0599,1.000,0.0346,0.75
17570,replay,4000,0.0590,1.000,0.0346,0.75
17571,replay,4000,0.0664,1.000,0.0346,0.75
17572,es_step,4000,0.0000,0.000,0.0346,2.02
17573,replay,4000,0.0587,1.000,0.0346,0.76
17574,replay,4000,0.0584,1.000,0.0346,0.75
17575,replay,4000,0.0605,1.000,0.0346,0.75
17576,replay,4000,0.0627,1.000,0.0347,0.74
17577,replay,4000,0.0594,1.000,0.0347,0.75
17578,replay,4000,0.0563,1.000,0.0346,0.75
17579,es_step,4000,0.0000,0.000,0.0346,2.03
17580,replay,4000,0.0521,1.000,0.0346,0.77
17581,replay,4000,0.0457,1.000,0.0347,0.76
17582,es_step,4000,0.0000,0.000,0.0347,2.03
17583,replay,4000,0.0542,1.000,0.0347,0.75
17584,replay,4000,0.0461,1.000,0.0347,0.75
17585,replay,4000,0.0587,1.000,0.0347,0.75
17586,replay,4000,0.0623,1.000,0.0347,0.75
17587,replay,4000,0.0656,1.000,0.0347,0.75
17588,replay,4000,0.0603,1.000,0.0347,0.74
17589,replay,4000,0.0636,1.000,0.0347,0.74
17590,replay,4000,0.0614,1.000,0.0347,0.74
17591,es_step,4000,0.0000,0.000,0.0347,2.01
17592,es_step,4000,0.0000,0.000,0.0347,2.00
17593,replay,4000,0.0535,1.000,0.0347,0.75
17594,replay,4000,0.0549,1.000,0.0347,0.75
17595,replay,4000,0.0585,1.000,0.0347,0.75
17596,replay,4000,0.0575,1.000,0.0347,0.75
17597,es_step,4000,0.0000,0.000,0.0347,2.00
17598,replay,4000,0.0486,1.000,0.0347,0.75
17599,es_step,4000,0.0000,0.000,0.0347,2.00
17600,replay,4000,0.0219,1.000,0.0346,0.75
17601,replay,4000,0.0437,1.000,0.0346,0.75
17602,replay,4000,0.0378,1.000,0.0346,0.75
17603,replay,4000,0.0300,1.000,0.0346,0.75
17604,replay,4000,0.0262,1.000,0.0346,0.74
17605,replay,4000,0.0523,1.000,0.0346,0.75
17606,replay,4000,0.0466,1.000,0.0346,0.75
17607,replay,4000,0.0619,1.000,0.0346,0.76
17608,replay,4000,0.0578,1.000,0.0346,0.76
17609,replay,4000,0.0604,1.000,0.0346,0.75
17610,replay,4000,0.0705,1.000,0.0347,0.76
17611,es_step,4000,0.0000,0.000,0.0347,2.01
17612,replay,4000,0.0636,1.000,0.0347,0.75
17613,es_step,4000,0.0000,0.000,0.0347,1.99
17614,es_step,4000,0.0000,0.000,0.0347,1.98
17615,replay,4000,0.0755,1.000,0.0348,0.75
17616,replay,4000,0.0749,1.000,0.0348,0.75
17617,replay,4000,0.0962,1.000,0.0349,0.75
17618,replay,4000,0.0871,1.000,0.0349,0.75
17619,replay,4000,0.0977,1.000,0.0350,0.76
17620,replay,4000,0.1008,1.000,0.0351,0.76
17621,replay,4000,0.0841,1.000,0.0351,0.76
17622,replay,4000,0.0863,1.000,0.0352,0.75
17623,es_step,4000,0.0000,0.000,0.0352,2.05
17624,replay,4000,0.0694,1.000,0.0352,0.76
17625,replay,4000,0.0706,1.000,0.0352,0.76
17626,replay,4000,0.0581,1.000,0.0352,0.76
17627,replay,4000,0.0552,1.000,0.0351,0.76
17628,replay,4000,0.0608,1.000,0.0351,0.76
17629,es_step,4000,0.0000,0.000,0.0351,2.06
17630,replay,4000,0.0385,1.000,0.0351,0.76
17631,es_step,4000,0.0000,0.000,0.0351,2.05
17632,replay,4000,0.0683,1.000,0.0351,0.76
17633,es_step,4000,0.0000,0.000,0.0351,2.05
17634,es_step,4000,0.0000,0.000,0.0351,2.02
17635,replay,4000,0.0519,1.000,0.0351,0.75
17636,es_step,4000,0.0000,0.000,0.0351,2.01
17637,replay,4000,0.0608,1.000,0.0351,0.75
17638,replay,4000,0.0712,1.000,0.0352,0.74
17639,replay,4000,0.0642,1.000,0.0352,0.74
17640,replay,4000,0.0598,1.000,0.0352,0.75
17641,es_step,4000,0.0000,0.000,0.0352,2.01
17642,replay,4000,0.0565,1.000,0.0352,0.75
17643,replay,4000,0.0648,1.000,0.0352,0.75
17644,replay,4000,0.0709,1.000,0.0352,0.75
17645,replay,4000,0.0686,1.000,0.0353,0.75
17646,replay,4000,0.0686,1.000,0.0353,0.75
17647,es_step,4000,0.0000,0.000,0.0353,2.03
17648,replay,4000,0.0732,1.000,0.0353,0.76
17649,replay,4000,0.0643,1.000,0.0353,0.75
17650,replay,4000,0.0596,1.000,0.0353,0.76
17651,replay,4000,0.0428,1.000,0.0353,0.76
17652,es_step,4000,0.0000,0.000,0.0353,2.04
17653,replay,4000,0.0437,1.000,0.0352,0.75
17654,replay,4000,0.0406,1.000,0.0352,0.75
17655,replay,4000,0.0251,1.000,0.0351,0.75
17656,replay,4000,0.0228,1.000,0.0349,0.75
17657,replay,4000,0.0191,1.000,0.0349,0.75
17658,replay,4000,0.0268,1.000,0.0348,0.75
17659,replay,4000,0.0453,1.000,0.0348,0.74
17660,es_step,4000,0.0000,0.000,0.0348,2.02
17661,replay,4000,0.0366,1.000,0.0347,0.75
17662,replay,4000,0.0345,1.000,0.0347,0.75
17663,replay,4000,0.0516,1.000,0.0347,0.76
17664,replay,4000,0.0491,1.000,0.0347,0.76
17665,replay,4000,0.0480,1.000,0.0347,0.77
17666,replay,4000,0.0556,1.000,0.0347,0.77
17667,replay,4000,0.0586,1.000,0.0347,0.76
17668,replay,4000,0.0543,1.000,0.0346,0.76
17669,replay,4000,0.0548,1.000,0.0346,0.76
17670,replay,4000,0.0595,1.000,0.0346,0.76
17671,es_step,4000,0.0000,0.000,0.0346,2.05
17672,replay,4000,0.0531,1.000,0.0346,0.76
17673,replay,4000,0.0280,1.000,0.0345,0.76
17674,replay,4000,0.0267,1.000,0.0344,0.76
17675,replay,4000,0.0391,1.000,0.0344,0.75
17676,replay,4000,0.0368,1.000,0.0343,0.75
17677,replay,4000,0.0567,1.000,0.0344,0.75
17678,replay,4000,0.0833,1.000,0.0344,0.75
17679,replay,4000,0.0605,1.000,0.0344,0.75
17680,replay,4000,0.0750,1.000,0.0344,0.75
17681,replay,4000,0.0704,1.000,0.0345,0.75
17682,es_step,4000,0.0000,0.000,0.0345,2.01
17683,replay,4000,0.0710,1.000,0.0345,0.75
17684,es_step,4000,0.0000,0.000,0.0345,1.99
17685,replay,4000,0.0677,1.000,0.0345,0.74
17686,replay,4000,0.0628,1.000,0.0345,0.74
17687,replay,4000,0.0527,1.000,0.0345,0.74
17688,replay,4000,0.0526,1.000,0.0345,0.74
17689,replay,4000,0.0536,1.000,0.0345,0.74
17690,replay,4000,0.0517,1.000,0.0345,0.75
17691,replay,4000,0.0636,1.000,0.0345,0.75
17692,replay,4000,0.0616,1.000,0.0345,0.75
17693,replay,4000,0.0645,1.000,0.0345,0.76
17694,replay,4000,0.0578,1.000,0.0345,0.76
17695,replay,4000,0.0467,1.000,0.0345,0.75
17696,replay,4000,0.0606,1.000,0.0345,0.75
17697,replay,4000,0.0528,1.000,0.0345,0.75
17698,replay,4000,0.0697,1.000,0.0345,0.75
17699,replay,4000,0.0712,1.000,0.0346,0.75
17700,replay,4000,0.0681,1.000,0.0346,0.75
17701,es_step,4000,0.0000,0.000,0.0346,2.02
17702,replay,4000,0.0674,1.000,0.0346,0.75
17703,replay,4000,0.0711,1.000,0.0347,0.75
17704,replay,4000,0.0694,1.000,0.0347,0.75
17705,replay,4000,0.0670,1.000,0.0347,0.75
17706,replay,4000,0.0548,1.000,0.0348,0.74
17707,replay,4000,0.0525,1.000,0.0348,0.75
17708,replay,4000,0.0509,1.000,0.0348,0.75
17709,replay,4000,0.0479,1.000,0.0347,0.75
17710,es_step,4000,0.0000,0.000,0.0347,2.04
17711,replay,4000,0.0507,1.000,0.0347,0.76
17712,es_step,4000,0.0000,0.000,0.0347,2.02
17713,replay,4000,0.0542,1.000,0.0347,0.75
17714,replay,4000,0.0469,1.000,0.0347,0.75
17715,es_step,4000,0.0000,0.000,0.0347,1.99
17716,es_step,4000,0.0000,0.000,0.0347,1.99
17717,replay,4000,0.0441,1.000,0.0347,0.74
17718,replay,4000,0.0250,1.000,0.0347,0.75
17719,es_step,4000,0.0000,0.000,0.0347,1.99
17720,replay,4000,0.0486,1.000,0.0347,0.75
17721,replay,4000,0.0672,1.000,0.0347,0.75
17722,es_step,4000,0.0000,0.000,0.0347,1.99
17723,replay,4000,0.0744,1.000,0.0348,0.74
17724,replay,4000,0.0748,1.000,0.0348,0.75
17725,replay,4000,0.1251,1.000,0.0349,0.75
17726,es_step,4000,0.0000,0.000,0.0349,1.99
17727,replay,4000,0.0795,1.000,0.0349,0.74
17728,replay,4000,0.0829,1.000,0.0350,0.75
17729,replay,4000,0.0863,1.000,0.0351,0.76
17730,es_step,4000,0.0000,0.000,0.0351,2.02
17731,replay,4000,0.0725,1.000,0.0351,0.75
17732,replay,4000,0.0881,1.000,0.0352,0.75
17733,es_step,4000,0.0000,0.000,0.0352,2.00
17734,replay,4000,0.0858,1.000,0.0353,0.75
17735,replay,4000,0.0859,1.000,0.0353,0.74
17736,replay,4000,0.0798,1.000,0.0354,0.75
17737,replay,4000,0.0768,1.000,0.0354,0.75
17738,replay,4000,0.0715,1.000,0.0355,0.75
17739,es_step,4000,0.0000,0.000,0.0355,1.99
17740,replay,4000,0.0765,1.000,0.0356,0.75
17741,replay,4000,0.0847,1.000,0.0356,0.74
17742,replay,4000,0.0751,1.000,0.0356,0.74
17743,replay,4000,0.0620,1.000,0.0357,0.74
17744,replay,4000,0.0745,1.000,0.0357,0.75
17745,es_step,4000,0.0000,0.000,0.0357,2.03
17746,es_step,4000,0.0000,0.000,0.0357,2.00
17747,es_step,4000,0.0000,0.000,0.0357,1.99
17748,replay,4000,0.0687,1.000,0.0357,0.74
17749,replay,4000,0.0547,1.000,0.0358,0.74
17750,replay,4000,0.0571,1.000,0.0358,0.74
17751,es_step,4000,0.0000,0.000,0.0358,1.98
17752,replay,4000,0.0709,1.000,0.0358,0.74
17753,replay,4000,0.0666,1.000,0.0358,0.74
17754,replay,4000,0.0510,1.000,0.0358,0.74
17755,es_step,4000,0.0000,0.000,0.0358,1.96
17756,replay,4000,0.0604,1.000,0.0358,0.74
17757,replay,4000,0.0459,1.000,0.0357,0.75
17758,replay,4000,0.0693,1.000,0.0358,0.75
17759,replay,4000,0.0743,1.000,0.0358,0.75
17760,replay,4000,0.0812,1.000,0.0358,0.76
17761,replay,4000,0.0805,1.000,0.0358,0.76
17762,replay,4000,0.0762,1.000,0.0359,0.76
17763,replay,4000,0.0704,1.000,0.0359,0.76
17764,replay,4000,0.0757,1.000,0.0359,0.76
17765,replay,4000,0.0697,1.000,0.0359,0.76
17766,replay,4000,0.0588,1.000,0.0359,0.75
17767,es_step,4000,0.0000,0.000,0.0359,2.01
17768,replay,4000,0.0816,1.000,0.0360,0.75
17769,replay,4000,0.0812,1.000,0.0360,0.75
17770,es_step,4000,0.0000,0.000,0.0360,2.00
17771,es_step,4000,0.0000,0.000,0.0360,1.99
17772,replay,4000,0.0683,1.000,0.0361,0.74
17773,replay,4000,0.0851,1.000,0.0361,0.74
17774,replay,4000,0.0855,1.000,0.0362,0.74
17775,es_step,4000,0.0000,0.000,0.0362,1.99
17776,replay,4000,0.0757,1.000,0.0362,0.74
17777,replay,4000,0.0825,1.000,0.0362,0.75
17778,replay,4000,0.0758,1.000,0.0363,0.74
17779,es_step,4000,0.0000,0.000,0.0363,1.98
17780,replay,4000,0.0561,1.000,0.0363,0.74
17781,replay,4000,0.0786,1.000,0.0363,0.74
17782,es_step,4000,0.0000,0.000,0.0363,1.96
17783,replay,4000,0.0660,1.000,0.0364,0.74
17784,replay,4000,0.0637,1.000,0.0364,0.75
17785,es_step,4000,0.0000,0.000,0.0364,1.97
17786,replay,4000,0.0666,1.000,0.0364,0.75
17787,replay,4000,0.0642,1.000,0.0364,0.75
17788,es_step,4000,0.0000,0.000,0.0364,2.01
17789,replay,4000,0.0498,1.000,0.0364,0.75
17790,replay,4000,0.0622,1.000,0.0364,0.74
17791,replay,4000,0.0605,1.000,0.0364,0.74
17792,replay,4000,0.0500,1.000,0.0364,0.74
17793,replay,4000,0.0511,1.000,0.0364,0.75
17794,replay,4000,0.0640,1.000,0.0364,0.75
17795,replay,4000,0.0629,1.000,0.0364,0.75
17796,replay,4000,0.0550,1.000,0.0364,0.75
17797,replay,4000,0.0684,1.000,0.0365,0.74
17798,replay,4000,0.0681,1.000,0.0365,0.74
17799,replay,4000,0.0617,1.000,0.0365,0.75
17800,replay,4000,0.0569,1.000,0.0365,0.74
17801,replay,4000,0.0528,1.000,0.0365,0.74
17802,es_step,4000,0.0000,0.000,0.0365,1.99
17803,replay,4000,0.0508,1.000,0.0364,0.74
17804,replay,4000,0.0727,1.000,0.0365,0.74
17805,es_step,4000,0.0000,0.000,0.0365,1.97
17806,replay,4000,0.0686,1.000,0.0365,0.75
17807,replay,4000,0.0680,1.000,0.0365,0.75
17808,es_step,4000,0.0000,0.000,0.0365,1.97
17809,replay,4000,0.0638,1.000,0.0366,0.74
17810,replay,4000,0.0664,1.000,0.0366,0.74
17811,replay,4000,0.0644,1.000,0.0366,0.75
17812,es_step,4000,0.0000,0.000,0.0366,2.01
17813,replay,4000,0.0722,1.000,0.0366,0.75
17814,replay,4000,0.0691,1.000,0.0367,0.74
17815,replay,4000,0.0613,1.000,0.0368,0.74
17816,es_step,4000,0.0000,0.000,0.0368,1.98
17817,replay,4000,0.0604,1.000,0.0368,0.74
17818,es_step,4000,0.0000,0.000,0.0368,1.95
17819,replay,4000,0.0564,1.000,0.0368,0.74
17820,replay,4000,0.0592,1.000,0.0368,0.73
17821,replay,4000,0.0453,1.000,0.0368,0.73
17822,replay,4000,0.0503,1.000,0.0367,0.73
17823,replay,4000,0.0589,1.000,0.0368,0.73
17824,replay,4000,0.0358,1.000,0.0367,3.22
17825,replay,4000,0.0358,1.000,0.0367,0.74
17826,es_step,4000,0.0000,0.000,0.0367,1.96
17827,replay,4000,0.0523,1.000,0.0367,0.73
17828,replay,4000,0.0554,1.000,0.0367,0.73
17829,replay,4000,0.0438,1.000,0.0367,0.74
17830,replay,4000,0.0403,1.000,0.0367,0.75
17831,replay,4000,0.0518,1.000,0.0366,0.74
17832,replay,4000,0.0474,1.000,0.0366,0.75
17833,replay,4000,0.0342,1.000,0.0366,0.76
17834,replay,4000,0.0362,1.000,0.0365,0.75
17835,replay,4000,0.0506,1.000,0.0365,0.75
17836,replay,4000,0.0564,1.000,0.0365,0.75
17837,es_step,4000,0.0000,0.000,0.0365,1.99
17838,replay,4000,0.0510,1.000,0.0365,0.75
17839,replay,4000,0.0602,1.000,0.0365,0.74
17840,replay,4000,0.0432,1.000,0.0365,0.74
17841,replay,4000,0.0628,1.000,0.0365,0.74
17842,replay,4000,0.0605,1.000,0.0365,0.74
17843,replay,4000,0.0532,1.000,0.0365,0.75
17844,replay,4000,0.0366,1.000,0.0364,0.75
17845,replay,4000,0.0452,1.000,0.0364,0.75
17846,replay,4000,0.0451,1.000,0.0364,0.74
17847,replay,4000,0.0511,1.000,0.0364,0.75
17848,replay,4000,0.0486,1.000,0.0364,0.74
17849,replay,4000,0.0373,1.000,0.0364,0.75
17850,replay,4000,0.0330,1.000,0.0363,0.76
17851,replay,4000,0.0367,1.000,0.0363,0.76
17852,replay,4000,0.0617,1.000,0.0363,0.76
17853,replay,4000,0.0610,1.000,0.0363,0.76
17854,replay,4000,0.0496,1.000,0.0363,0.77
17855,replay,4000,0.0564,1.000,0.0363,0.76
17856,replay,4000,0.0394,1.000,0.0363,0.76
17857,replay,4000,0.0434,1.000,0.0363,0.76
17858,es_step,4000,0.0000,0.000,0.0363,2.05
17859,replay,4000,0.0502,1.000,0.0363,0.76
17860,replay,4000,0.0431,1.000,0.0363,0.76
17861,replay,4000,0.0414,1.000,0.0363,0.76
17862,replay,4000,0.0554,1.000,0.0363,0.77
17863,replay,4000,0.0587,1.000,0.0363,0.76
17864,replay,4000,0.0585,1.000,0.0363,0.76
17865,replay,4000,0.0600,1.000,0.0363,0.77
17866,replay,4000,0.0575,1.000,0.0363,0.77
17867,replay,4000,0.0514,1.000,0.0362,0.77
17868,es_step,4000,0.0000,0.000,0.0362,2.09
17869,replay,4000,0.0245,1.000,0.0362,0.77
17870,replay,4000,0.0233,1.000,0.0363,0.77
17871,replay,4000,0.0596,1.000,0.0363,0.77
17872,replay,4000,0.0658,1.000,0.0363,0.77
17873,replay,4000,0.0749,1.000,0.0363,0.77
17874,es_step,4000,0.0000,0.000,0.0363,2.07
17875,replay,4000,0.0702,1.000,0.0363,0.75
17876,replay,4000,0.0613,1.000,0.0363,0.77
17877,replay,4000,0.0603,1.000,0.0363,0.77
17878,replay,4000,0.0426,1.000,0.0363,0.76
17879,replay,4000,0.0436,1.000,0.0362,0.76
17880,replay,4000,0.0403,1.000,0.0362,0.76
17881,replay,4000,0.0381,1.000,0.0361,0.77
17882,replay,4000,0.0406,1.000,0.0361,0.77
17883,es_step,4000,0.0000,0.000,0.0361,2.08
17884,es_step,4000,0.0000,0.000,0.0361,2.05
17885,replay,4000,0.0227,1.000,0.0360,0.76
17886,es_step,4000,0.0000,0.000,0.0360,2.05
17887,es_step,4000,0.0000,0.000,0.0360,2.04
17888,replay,4000,0.0472,1.000,0.0360,0.76
17889,replay,4000,0.0643,1.000,0.0360,0.75
17890,replay,4000,0.0626,1.000,0.0361,0.75
17891,replay,4000,0.0873,1.000,0.0361,0.75
17892,es_step,4000,0.0000,0.000,0.0361,2.04
17893,replay,4000,0.0858,1.000,0.0361,0.75
17894,replay,4000,0.0794,1.000,0.0361,0.75
17895,replay,4000,0.0628,1.000,0.0361,0.75
17896,es_step,4000,0.0000,0.000,0.0361,2.03
17897,replay,4000,0.0701,1.000,0.0361,0.75
17898,es_step,4000,0.0000,0.000,0.0361,2.01
17899,es_step,4000,0.0000,0.000,0.0361,2.01
17900,replay,4000,0.0587,1.000,0.0361,0.74
17901,replay,4000,0.0619,1.000,0.0361,0.74
17902,replay,4000,0.0534,1.000,0.0361,0.75
17903,replay,4000,0.0575,1.000,0.0361,0.74
17904,replay,4000,0.0830,1.000,0.0361,0.74
17905,replay,4000,0.0603,1.000,0.0360,0.74
17906,replay,4000,0.0638,1.000,0.0360,0.74
17907,replay,4000,0.0765,1.000,0.0360,0.74
17908,replay,4000,0.0702,1.000,0.0361,0.75
17909,replay,4000,0.0721,1.000,0.0361,0.75
17910,replay,4000,0.0757,1.000,0.0361,0.75
17911,es_step,4000,0.0000,0.000,0.0361,2.02
17912,replay,4000,0.0715,1.000,0.0361,0.75
17913,replay,4000,0.0694,1.000,0.0361,0.75
17914,replay,4000,0.0697,1.000,0.0362,0.75
17915,replay,4000,0.0635,1.000,0.0362,0.75
17916,replay,4000,0.0741,1.000,0.0362,0.75
17917,replay,4000,0.0681,1.000,0.0362,0.75
17918,replay,4000,0.0670,1.000,0.0362,0.75
17919,es_step,4000,0.0000,0.000,0.0362,2.00
17920,replay,4000,0.0695,1.000,0.0362,0.75
17921,replay,4000,0.0669,1.000,0.0362,0.75
17922,replay,4000,0.0680,1.000,0.0362,0.75
17923,replay,4000,0.0652,1.000,0.0362,0.75
17924,replay,4000,0.0686,1.000,0.0362,0.75
17925,es_step,4000,0.0000,0.000,0.0362,2.03
17926,replay,4000,0.0717,1.000,0.0362,0.75
17927,replay,4000,0.0702,1.000,0.0362,0.74
17928,replay,4000,0.0628,1.000,0.0363,0.74
17929,replay,4000,0.0605,1.000,0.0363,0.74
17930,es_step,4000,0.0000,0.000,0.0363,1.99
17931,replay,4000,0.0676,1.000,0.0363,0.74
17932,replay,4000,0.0661,1.000,0.0363,0.75
17933,replay,4000,0.0662,1.000,0.0363,0.76
17934,replay,4000,0.0467,1.000,0.0363,0.76
17935,replay,4000,0.0696,1.000,0.0363,0.76
17936,replay,4000,0.0653,1.000,0.0363,0.76
17937,replay,4000,0.0645,1.000,0.0363,0.76
17938,replay,4000,0.0774,1.000,0.0364,0.76
17939,es_step,4000,0.0000,0.000,0.0364,2.04
17940,es_step,4000,0.0000,0.000,0.0364,2.01
17941,es_step,4000,0.0000,0.000,0.0364,2.02
17942,replay,4000,0.0894,1.000,0.0364,0.75
17943,replay,4000,0.0808,1.000,0.0364,0.75
17944,es_step,4000,0.0000,0.000,0.0364,2.00
17945,replay,4000,0.0743,1.000,0.0364,0.74
17946,replay,4000,0.0954,1.000,0.0365,0.74
17947,replay,4000,0.0821,1.000,0.0365,0.75
17948,replay,4000,0.0830,1.000,0.0365,0.74
17949,replay,4000,0.0821,1.000,0.0366,0.74
17950,es_step,4000,0.0000,0.000,0.0366,1.99
17951,replay,4000,0.0512,1.000,0.0365,0.74
17952,replay,4000,0.0528,1.000,0.0365,0.74
17953,replay,4000,0.0846,1.000,0.0366,0.74
17954,replay,4000,0.0785,1.000,0.0366,0.74
17955,replay,4000,0.0767,1.000,0.0367,0.74
17956,replay,4000,0.0846,1.000,0.0367,0.74
17957,replay,4000,0.0659,1.000,0.0368,0.74
17958,es_step,4000,0.0000,0.000,0.0368,1.97
17959,replay,4000,0.0627,1.000,0.0368,0.74
17960,replay,4000,0.0699,1.000,0.0368,0.75
17961,es_step,4000,0.0000,0.000,0.0368,1.99
17962,replay,4000,0.0677,1.000,0.0368,0.74
17963,replay,4000,0.0629,1.000,0.0368,0.74
17964,replay,4000,0.0711,1.000,0.0368,0.74
17965,replay,4000,0.0677,1.000,0.0368,0.74
17966,replay,4000,0.0693,1.000,0.0369,0.74
17967,replay,4000,0.0760,1.000,0.0369,0.74
17968,es_step,4000,0.0000,0.000,0.0369,1.99
17969,replay,4000,0.0588,1.000,0.0370,0.75
17970,replay,4000,0.0754,1.000,0.0370,0.75
17971,replay,4000,0.0782,1.000,0.0370,0.76
17972,replay,4000,0.0760,1.000,0.0370,0.76
17973,es_step,4000,0.0000,0.000,0.0370,2.02
17974,replay,4000,0.0675,1.000,0.0370,0.75
17975,es_step,4000,0.0000,0.000,0.0370,2.00
17976,replay,4000,0.0568,1.000,0.0370,0.74
17977,replay,4000,0.0495,1.000,0.0370,0.74
17978,replay,4000,0.0300,1.000,0.0369,0.74
17979,es_step,4000,0.0000,0.000,0.0369,2.00
17980,replay,4000,0.0552,1.000,0.0369,0.74
17981,es_step,4000,0.0000,0.000,0.0369,2.00
17982,replay,4000,0.0462,1.000,0.0368,0.75
17983,replay,4000,0.0334,1.000,0.0368,0.74
17984,replay,4000,0.0512,1.000,0.0368,0.74
17985,replay,4000,0.0488,1.000,0.0368,0.74
17986,replay,4000,0.0524,1.000,0.0368,0.74
17987,replay,4000,0.0523,1.000,0.0368,0.74
17988,replay,4000,0.0593,1.000,0.0368,0.74
17989,replay,4000,0.0623,1.000,0.0368,0.74
17990,replay,4000,0.0644,1.000,0.0368,0.74
17991,replay,4000,0.0573,1.000,0.0368,0.74
17992,replay,4000,0.0574,1.000,0.0368,0.74
17993,replay,4000,0.0398,1.000,0.0368,0.75
17994,es_step,4000,0.0000,0.000,0.0368,1.99
17995,replay,4000,0.0389,1.000,0.0367,0.75
17996,replay,4000,0.0158,1.000,0.0366,0.75
17997,replay,4000,0.0285,1.000,0.0366,0.74
17998,es_step,4000,0.0000,0.000,0.0366,1.99
17999,es_step,4000,0.0000,0.000,0.0366,1.98
18000,replay,4000,0.0312,1.000,0.0365,0.74
18001,es_step,4000,0.0000,0.000,0.0365,1.96
18002,replay,4000,0.0344,1.000,0.0364,0.73
18003,es_step,4000,0.0000,0.000,0.0364,1.96
18004,replay,4000,0.0358,1.000,0.0363,0.74
18005,replay,4000,0.0306,1.000,0.0363,0.73
18006,es_step,4000,0.0000,0.000,0.0363,1.96
18007,replay,4000,0.0434,1.000,0.0362,0.74
18008,replay,4000,0.0442,1.000,0.0362,0.75
18009,replay,4000,0.0463,1.000,0.0362,0.75
18010,replay,4000,0.0160,1.000,0.0361,0.76
18011,replay,4000,0.0493,1.000,0.0361,0.76
18012,replay,4000,0.0628,1.000,0.0362,0.77
18013,replay,4000,0.0629,1.000,0.0362,0.77
18014,replay,4000,0.0638,1.000,0.0362,0.76
18015,replay,4000,0.0590,1.000,0.0362,0.77
18016,es_step,4000,0.0000,0.000,0.0362,2.03
18017,replay,4000,0.0477,1.000,0.0362,0.75
18018,replay,4000,0.0528,1.000,0.0361,0.76
18019,es_step,4000,0.0000,0.000,0.0361,2.03
18020,replay,4000,0.0358,1.000,0.0361,0.76
18021,replay,4000,0.0246,1.000,0.0360,0.75
18022,es_step,4000,0.0000,0.000,0.0360,1.99
18023,replay,4000,0.0364,1.000,0.0360,0.75
18024,replay,4000,0.0334,1.000,0.0359,0.75
18025,replay,4000,0.0025,1.000,0.0359,0.75
18026,es_step,4000,0.0000,0.000,0.0359,1.99
18027,replay,4000,0.0327,1.000,0.0359,0.74
18028,replay,4000,0.0427,1.000,0.0358,0.74
18029,replay,4000,0.0515,1.000,0.0358,0.74
18030,replay,4000,0.0436,1.000,0.0358,0.75
18031,replay,4000,0.0659,1.000,0.0359,0.74
18032,replay,4000,0.0835,1.000,0.0359,0.74
18033,es_step,4000,0.0000,0.000,0.0359,1.99
18034,replay,4000,0.0674,1.000,0.0359,0.74
18035,replay,4000,0.0854,1.000,0.0360,0.74
18036,replay,4000,0.0787,1.000,0.0360,0.74
18037,replay,4000,0.0846,1.000,0.0361,0.75
18038,replay,4000,0.0893,1.000,0.0362,0.75
18039,replay,4000,0.0665,1.000,0.0363,0.75
18040,es_step,4000,0.0000,0.000,0.0363,2.01
18041,replay,4000,0.0834,1.000,0.0363,0.75
18042,replay,4000,0.0833,1.000,0.0363,0.75
18043,replay,4000,0.0813,1.000,0.0364,0.76
18044,replay,4000,0.0716,1.000,0.0364,0.75
18045,replay,4000,0.0724,1.000,0.0365,0.75
18046,replay,4000,0.0611,1.000,0.0365,0.75
18047,es_step,4000,0.0000,0.000,0.0365,2.00
18048,replay,4000,0.0724,1.000,0.0365,0.75
18049,replay,4000,0.0850,1.000,0.0366,0.75
18050,replay,4000,0.0850,1.000,0.0366,0.75
18051,es_step,4000,0.0000,0.000,0.0366,1.99
18052,replay,4000,0.0853,1.000,0.0366,0.75
18053,replay,4000,0.0730,1.000,0.0367,0.74
18054,es_step,4000,0.0000,0.000,0.0367,1.98
18055,replay,4000,0.0843,1.000,0.0367,0.74
18056,es_step,4000,0.0000,0.000,0.0367,1.99
18057,replay,4000,0.0762,1.000,0.0367,0.74
18058,replay,4000,0.0634,1.000,0.0367,0.74
18059,replay,4000,0.0403,1.000,0.0366,0.74
18060,replay,4000,0.0419,1.000,0.0366,0.74
18061,replay,4000,0.0499,1.000,0.0366,0.75
18062,replay,4000,0.0496,1.000,0.0365,0.76
18063,replay,4000,0.0333,1.000,0.0365,0.76
18064,replay,4000,0.0488,1.000,0.0365,0.76
18065,replay,4000,0.0500,1.000,0.0364,0.76
18066,replay,4000,0.0505,1.000,0.0365,0.76
18067,replay,4000,0.0651,1.000,0.0365,0.76
18068,replay,4000,0.0639,1.000,0.0365,0.76
18069,replay,4000,0.0503,1.000,0.0365,0.77
18070,es_step,4000,0.0000,0.000,0.0365,2.05
18071,replay,4000,-0.0807,1.000,0.0365,0.76
18072,es_step,4000,0.0000,0.000,0.0365,2.03
18073,es_step,4000,0.0000,0.000,0.0365,2.02
18074,replay,4000,0.0575,1.000,0.0365,0.75
18075,replay,4000,0.0569,1.000,0.0364,0.75
18076,replay,4000,0.0715,1.000,0.0365,0.75
18077,es_step,4000,0.0000,0.000,0.0365,2.01
18078,replay,4000,0.0645,1.000,0.0365,0.75
18079,replay,4000,0.0863,1.000,0.0365,0.75
18080,replay,4000,0.0746,1.000,0.0365,0.76
18081,replay,4000,0.0563,1.000,0.0364,0.75
18082,replay,4000,0.0535,1.000,0.0364,0.75
18083,replay,4000,0.0696,1.000,0.0364,0.75
18084,replay,4000,0.0663,1.000,0.0364,0.76
18085,replay,4000,0.0598,1.000,0.0364,0.76
18086,es_step,4000,0.0000,0.000,0.0364,2.03
18087,replay,4000,0.0471,1.000,0.0364,0.76
18088,replay,4000,0.0539,1.000,0.0364,0.76
18089,es_step,4000,0.0000,0.000,0.0364,2.01
18090,replay,4000,0.0527,1.000,0.0364,0.75
18091,replay,4000,0.0433,1.000,0.0363,0.75
18092,replay,4000,0.0520,1.000,0.0363,0.75
18093,replay,4000,0.0605,1.000,0.0363,0.75
18094,replay,4000,0.0461,1.000,0.0362,0.74
18095,replay,4000,0.0257,1.000,0.0362,0.74
18096,es_step,4000,0.0000,0.000,0.0362,1.98
18097,replay,4000,0.0611,1.000,0.0362,0.74
18098,es_step,4000,0.0000,0.000,0.0362,1.97
18099,replay,4000,0.0583,1.000,0.0362,0.75
18100,replay,4000,0.0599,1.000,0.0362,0.75
18101,es_step,4000,0.0000,0.000,0.0362,2.01
18102,replay,4000,0.0669,1.000,0.0363,0.75
18103,replay,4000,0.0676,1.000,0.0363,0.75
18104,replay,4000,0.0492,1.000,0.0363,0.74
18105,replay,4000,0.0603,1.000,0.0364,0.75
18106,replay,4000,0.0645,1.000,0.0364,0.74
18107,replay,4000,0.0578,1.000,0.0364,0.74
18108,replay,4000,0.0483,1.000,0.0364,0.75
18109,replay,4000,0.0595,1.000,0.0364,0.76
18110,replay,4000,0.0545,1.000,0.0364,0.75
18111,es_step,4000,0.0000,0.000,0.0364,2.01
18112,replay,4000,0.0473,1.000,0.0364,0.75
18113,replay,4000,0.0544,1.000,0.0364,0.75
18114,replay,4000,0.0320,1.000,0.0363,0.75
18115,replay,4000,0.0217,1.000,0.0362,0.76
18116,replay,4000,0.0368,1.000,0.0362,0.76
18117,replay,4000,0.0407,1.000,0.0362,0.77
18118,replay,4000,0.0597,1.000,0.0362,0.77
18119,replay,4000,0.0696,1.000,0.0363,0.76
18120,replay,4000,0.0682,1.000,0.0363,0.77
18121,replay,4000,0.0632,1.000,0.0363,0.76
18122,replay,4000,0.0559,1.000,0.0363,0.76
18123,es_step,4000,0.0000,0.000,0.0363,2.05
18124,replay,4000,0.0532,1.000,0.0363,0.76
18125,replay,4000,0.0461,1.000,0.0363,0.76
18126,replay,4000,0.0544,1.000,0.0363,3.23
18127,replay,4000,0.0410,1.000,0.0362,0.76
18128,replay,4000,0.0493,1.000,0.0362,0.77
18129,es_step,4000,0.0000,0.000,0.0362,2.06
18130,replay,4000,0.0738,1.000,0.0362,0.76
18131,replay,4000,0.0645,1.000,0.0362,0.76
18132,replay,4000,0.0568,1.000,0.0362,0.75
18133,es_step,4000,0.0000,0.000,0.0362,2.05
18134,replay,4000,0.0684,1.000,0.0362,0.76
18135,replay,4000,0.0672,1.000,0.0363,0.76
18136,es_step,4000,0.0000,0.000,0.0363,2.04
18137,replay,4000,0.0643,1.000,0.0363,0.76
18138,replay,4000,0.0554,1.000,0.0363,0.75
18139,es_step,4000,0.0000,0.000,0.0363,2.01
18140,es_step,4000,0.0000,0.000,0.0363,2.00
18141,es_step,4000,0.0000,0.000,0.0363,1.98
18142,replay,4000,0.0393,1.000,0.0363,0.74
18143,replay,4000,0.0492,1.000,0.0362,0.75
18144,es_step,4000,0.0000,0.000,0.0362,1.99
18145,replay,4000,0.0465,1.000,0.0362,0.75
18146,replay,4000,0.0368,1.000,0.0361,0.76
18147,replay,4000,0.0482,1.000,0.0361,0.76
18148,replay,4000,0.0497,1.000,0.0361,0.77
18149,replay,4000,0.0600,1.000,0.0361,0.76
18150,es_step,4000,0.0000,0.000,0.0361,2.03
18151,replay,4000,0.0546,1.000,0.0360,0.76
18152,replay,4000,0.0550,1.000,0.0360,0.76
18153,es_step,4000,0.0000,0.000,0.0360,2.02
18154,replay,4000,0.0559,1.000,0.0360,0.75
18155,replay,4000,0.0446,1.000,0.0360,0.76
18156,es_step,4000,0.0000,0.000,0.0360,2.04
18157,replay,4000,0.0425,1.000,0.0361,0.76
18158,replay,4000,0.0268,1.000,0.0360,0.76
18159,replay,4000,0.0252,1.000,0.0360,0.76
18160,replay,4000,0.0343,1.000,0.0359,0.78
18161,replay,4000,0.0309,1.000,0.0359,0.77
18162,replay,4000,0.0404,1.000,0.0359,0.77
18163,replay,4000,0.0512,1.000,0.0358,0.77
18164,replay,4000,0.0615,1.000,0.0359,0.77
18165,replay,4000,0.0569,1.000,0.0359,0.77
18166,replay,4000,0.0648,1.000,0.0359,0.77
18167,es_step,4000,0.0000,0.000,0.0359,2.05
18168,replay,4000,0.0663,1.000,0.0359,0.76
18169,es_step,4000,0.0000,0.000,0.0359,2.04
18170,es_step,4000,0.0000,0.000,0.0359,2.04
18171,replay,4000,0.0635,1.000,0.0359,0.76
18172,es_step,4000,0.0000,0.000,0.0359,2.01
18173,replay,4000,0.0516,1.000,0.0359,0.75
18174,replay,4000,0.0573,1.000,0.0359,0.75
18175,replay,4000,0.0517,1.000,0.0358,0.75
18176,replay,4000,0.0497,1.000,0.0358,0.75
18177,replay,4000,0.0394,1.000,0.0358,0.75
18178,replay,4000,0.0512,1.000,0.0357,0.75
18179,es_step,4000,0.0000,0.000,0.0357,2.00
18180,replay,4000,0.0439,1.000,0.0357,0.75
18181,replay,4000,0.0503,1.000,0.0357,0.75
18182,replay,4000,0.0491,1.000,0.0357,0.75
18183,replay,4000,0.0594,1.000,0.0357,0.74
18184,replay,4000,0.0646,1.000,0.0358,0.74
18185,es_step,4000,0.0000,0.000,0.0358,2.01
18186,replay,4000,0.0736,1.000,0.0358,0.75
18187,es_step,4000,0.0000,0.000,0.0358,1.98
18188,replay,4000,0.0635,1.000,0.0359,0.75
18189,es_step,4000,0.0000,0.000,0.0359,1.99
18190,replay,4000,0.0679,1.000,0.0359,0.74
18191,replay,4000,0.0611,1.000,0.0359,0.76
18192,replay,4000,0.0617,1.000,0.0359,0.76
18193,es_step,4000,0.0000,0.000,0.0359,2.03
18194,replay,4000,0.0587,1.000,0.0359,0.75
18195,replay,4000,0.0553,1.000,0.0359,0.75
18196,replay,4000,0.0486,1.000,0.0358,0.75
18197,replay,4000,0.0437,1.000,0.0358,0.75
18198,es_step,4000,0.0000,0.000,0.0358,2.03
18199,replay,4000,0.0366,1.000,0.0358,0.75
18200,replay,4000,0.0294,1.000,0.0357,0.75
18201,replay,4000,0.0340,1.000,0.0357,0.75
18202,replay,4000,0.0585,1.000,0.0356,0.75
18203,replay,4000,0.0387,1.000,0.0356,0.75
18204,es_step,4000,0.0000,0.000,0.0356,2.01
18205,replay,4000,0.0319,1.000,0.0356,0.75
18206,replay,4000,0.0481,1.000,0.0356,0.76
18207,es_step,4000,0.0000,0.000,0.0356,2.00
18208,replay,4000,0.0588,1.000,0.0356,0.75
18209,replay,4000,0.0501,1.000,0.0355,0.74
18210,replay,4000,0.0623,1.000,0.0355,0.75
18211,replay,4000,0.0571,1.000,0.0355,0.75
18212,replay,4000,0.0549,1.000,0.0355,0.76
18213,es_step,4000,0.0000,0.000,0.0355,2.01
18214,es_step,4000,0.0000,0.000,0.0355,1.99
18215,replay,4000,0.0428,1.000,0.0354,0.75
18216,es_step,4000,0.0000,0.000,0.0354,1.97
18217,replay,4000,0.0575,1.000,0.0354,0.74
18218,replay,4000,0.0508,1.000,0.0353,0.74
18219,replay,4000,0.0397,1.000,0.0353,0.74
18220,replay,4000,0.0454,1.000,0.0353,0.75
18221,replay,4000,0.0691,1.000,0.0353,0.76
18222,replay,4000,0.0629,1.000,0.0353,0.75
18223,replay,4000,0.0664,1.000,0.0353,0.76
18224,replay,4000,0.0694,1.000,0.0354,0.76
18225,es_step,4000,0.0000,0.000,0.0354,2.02
18226,es_step,4000,0.0000,0.000,0.0354,1.99
18227,replay,4000,0.0704,1.000,0.0354,0.76
18228,replay,4000,0.0637,1.000,0.0354,0.76
18229,es_step,4000,0.0000,0.000,0.0354,2.00
18230,es_step,4000,0.0000,0.000,0.0354,1.97
18231,replay,4000,0.0683,1.000,0.0355,0.74
18232,replay,4000,0.0706,1.000,0.0355,0.74
18233,replay,4000,0.0690,1.000,0.0356,0.74
18234,replay,4000,0.0708,1.000,0.0356,0.74
18235,replay,4000,0.0744,1.000,0.0356,0.74
18236,replay,4000,0.0852,1.000,0.0356,0.75
18237,replay,4000,0.0789,1.000,0.0356,0.74
18238,replay,4000,0.0739,1.000,0.0356,0.74
18239,replay,4000,0.0731,1.000,0.0357,0.74
18240,replay,4000,0.0461,1.000,0.0356,0.74
18241,replay,4000,0.0688,1.000,0.0356,0.75
18242,replay,4000,0.0584,1.000,0.0356,0.74
18243,replay,4000,0.0683,1.000,0.0356,0.74
18244,replay,4000,0.0533,1.000,0.0356,0.74
18245,replay,4000,0.0596,1.000,0.0356,0.75
18246,replay,4000,0.0571,1.000,0.0356,0.76
18247,replay,4000,0.0545,1.000,0.0356,0.76
18248,replay,4000,0.0643,1.000,0.0356,0.76
18249,replay,4000,0.0422,1.000,0.0356,0.76
18250,es_step,4000,0.0000,0.000,0.0356,2.00
18251,replay,4000,0.0540,1.000,0.0356,0.75
18252,es_step,4000,0.0000,0.000,0.0356,1.97
18253,replay,4000,0.0563,1.000,0.0356,0.74
18254,replay,4000,0.0663,1.000,0.0356,0.75
18255,replay,4000,0.0640,1.000,0.0356,0.76
18256,replay,4000,0.0623,1.000,0.0356,0.76
18257,replay,4000,0.0534,1.000,0.0355,0.76
18258,replay,4000,0.0518,1.000,0.0355,0.76
18259,replay,4000,0.0504,1.000,0.0355,0.76
18260,es_step,4000,0.0000,0.000,0.0355,2.01
18261,replay,4000,0.0312,1.000,0.0355,0.76
18262,replay,4000,0.0689,1.000,0.0355,0.76
18263,replay,4000,0.0337,1.000,0.0355,0.77
18264,es_step,4000,0.0000,0.000,0.0355,2.03
18265,replay,4000,0.0676,1.000,0.0354,0.76
18266,replay,4000,0.0678,1.000,0.0355,0.76
18267,replay,4000,0.0771,1.000,0.0355,0.76
18268,replay,4000,0.0633,1.000,0.0355,0.76
18269,replay,4000,0.0709,1.000,0.0355,0.75
18270,replay,4000,0.0658,1.000,0.0355,0.75
18271,replay,4000,0.0636,1.000,0.0355,0.75
18272,replay,4000,0.0617,1.000,0.0355,0.75
18273,replay,4000,0.0536,1.000,0.0355,0.75
18274,replay,4000,0.0580,1.000,0.0355,0.75
18275,replay,4000,0.0508,1.000,0.0355,0.75
18276,replay,4000,0.0590,1.000,0.0355,0.75
18277,replay,4000,0.0503,1.000,0.0355,0.75
18278,replay,4000,0.0552,1.000,0.0355,0.74
18279,replay,4000,0.0568,1.000,0.0355,0.75
18280,replay,4000,0.0438,1.000,0.0355,0.74
18281,replay,4000,0.0429,1.000,0.0354,0.74
18282,replay,4000,0.0596,1.000,0.0354,0.75
18283,replay,4000,0.0545,1.000,0.0354,0.76
18284,es_step,4000,0.0000,0.000,0.0354,2.06
18285,replay,4000,0.0552,1.000,0.0354,0.76
18286,replay,4000,0.0607,1.000,0.0354,0.76
18287,replay,4000,0.0599,1.000,0.0354,0.76
18288,replay,4000,0.0596,1.000,0.0354,0.76
18289,es_step,4000,0.0000,0.000,0.0354,2.03
18290,replay,4000,0.0641,1.000,0.0355,0.75
18291,es_step,4000,0.0000,0.000,0.0355,2.01
18292,replay,4000,0.0641,1.000,0.0355,0.75
18293,replay,4000,0.0623,1.000,0.0355,0.75
18294,replay,4000,0.0595,1.000,0.0355,0.76
18295,replay,4000,0.0561,1.000,0.0355,0.76
18296,replay,4000,0.0405,1.000,0.0355,0.76
18297,es_step,4000,0.0000,0.000,0.0355,2.01
18298,replay,4000,0.0396,1.000,0.0354,0.76
18299,replay,4000,0.0504,1.000,0.0354,0.77
18300,replay,4000,0.0415,1.000,0.0354,0.77
18301,replay,4000,0.0528,1.000,0.0354,0.76
18302,replay,4000,0.0627,1.000,0.0354,0.78
18303,replay,4000,0.0664,1.000,0.0354,0.78
18304,replay,4000,0.0764,1.000,0.0354,0.78
18305,replay,4000,0.0636,1.000,0.0354,0.78
18306,replay,4000,0.0627,1.000,0.0354,0.78
18307,replay,4000,0.0319,1.000,0.0353,0.78
18308,replay,4000,0.0379,1.000,0.0352,0.78
18309,replay,4000,0.0389,1.000,0.0352,0.77
18310,replay,4000,0.0384,1.000,0.0351,0.78
18311,replay,4000,0.0206,1.000,0.0351,0.77
18312,replay,4000,0.0432,1.000,0.0351,0.78
18313,replay,4000,0.0562,1.000,0.0350,0.77
18314,replay,4000,0.0531,1.000,0.0350,0.78
18315,replay,4000,0.0512,1.000,0.0350,0.78
18316,replay,4000,0.0545,1.000,0.0350,0.78
18317,replay,4000,0.0615,1.000,0.0350,0.78
18318,replay,4000,0.0628,1.000,0.0350,0.78
18319,replay,4000,0.0585,1.000,0.0351,0.77
18320,replay,4000,0.0575,1.000,0.0350,0.77
18321,replay,4000,0.0639,1.000,0.0350,0.77
18322,replay,4000,0.0622,1.000,0.0351,0.77
18323,replay,4000,0.0634,1.000,0.0351,0.77
18324,es_step,4000,0.0000,0.000,0.0351,2.08
18325,replay,4000,0.0654,1.000,0.0351,0.77
18326,replay,4000,0.0602,1.000,0.0351,0.77
18327,replay,4000,0.0661,1.000,0.0351,0.77
18328,replay,4000,0.0725,1.000,0.0351,0.77
18329,replay,4000,0.0650,1.000,0.0351,0.76
18330,replay,4000,0.0931,1.000,0.0351,0.77
18331,replay,4000,0.0656,1.000,0.0352,0.76
18332,replay,4000,0.0756,1.000,0.0352,0.78
18333,replay,4000,0.0874,1.000,0.0353,0.77
18334,replay,4000,0.0849,1.000,0.0353,0.77
18335,es_step,4000,0.0000,0.000,0.0353,2.10
18336,es_step,4000,0.0000,0.000,0.0353,2.07
18337,es_step,4000,0.0000,0.000,0.0353,2.06
18338,replay,4000,0.0842,1.000,0.0354,0.77
18339,replay,4000,0.0877,1.000,0.0355,0.77
18340,es_step,4000,0.0000,0.000,0.0355,2.06
18341,replay,4000,0.0917,1.000,0.0355,0.78
18342,replay,4000,0.0768,1.000,0.0355,0.77
18343,es_step,4000,0.0000,0.000,0.0355,2.07
18344,replay,4000,0.0678,1.000,0.0355,0.76
18345,replay,4000,0.0484,1.000,0.0355,0.76
18346,es_step,4000,0.0000,0.000,0.0355,2.04
18347,es_step,4000,0.0000,0.000,0.0355,2.03
18348,replay,4000,0.0331,1.000,0.0354,0.76
18349,es_step,4000,0.0000,0.000,0.0354,2.03
18350,replay,4000,0.0409,1.000,0.0354,0.76
18351,replay,4000,0.0388,1.000,0.0353,0.75
18352,replay,4000,0.0405,1.000,0.0352,0.75
18353,replay,4000,0.0404,1.000,0.0352,0.76
18354,replay,4000,0.0447,1.000,0.0352,0.75
18355,replay,4000,0.0348,1.000,0.0351,0.75
18356,es_step,4000,0.0000,0.000,0.0351,2.00
18357,replay,4000,0.0384,1.000,0.0351,0.76
18358,replay,4000,0.0440,1.000,0.0350,0.76
18359,replay,4000,0.0411,1.000,0.0350,0.76
18360,replay,4000,0.0448,1.000,0.0351,0.76
18361,replay,4000,0.0474,1.000,0.0351,0.76
18362,replay,4000,0.0619,1.000,0.0351,0.76
18363,replay,4000,0.0560,1.000,0.0351,0.76
18364,replay,4000,0.0525,1.000,0.0351,0.75
18365,replay,4000,0.0544,1.000,0.0351,0.76
18366,replay,4000,0.0505,1.000,0.0351,0.76
18367,replay,4000,0.0534,1.000,0.0350,0.76
18368,replay,4000,0.0533,1.000,0.0350,0.76
18369,es_step,4000,0.0000,0.000,0.0350,2.02
18370,replay,4000,0.0482,1.000,0.0350,0.75
18371,replay,4000,0.0333,1.000,0.0350,0.76
18372,replay,4000,0.0497,1.000,0.0349,0.77
18373,replay,4000,0.0433,1.000,0.0349,0.77
18374,es_step,4000,0.0000,0.000,0.0349,2.03
18375,replay,4000,0.0561,1.000,0.0349,0.75
18376,replay,4000,0.0587,1.000,0.0349,0.76
18377,replay,4000,0.0445,1.000,0.0349,0.77
18378,es_step,4000,0.0000,0.000,0.0349,2.02
18379,replay,4000,0.0581,1.000,0.0349,0.75
18380,replay,4000,0.0562,1.000,0.0349,0.76
18381,replay,4000,0.0613,1.000,0.0349,0.75
18382,replay,4000,0.0602,1.000,0.0349,0.76
18383,es_step,4000,0.0000,0.000,0.0349,2.06
18384,replay,4000,0.0599,1.000,0.0349,0.76
18385,replay,4000,0.0578,1.000,0.0349,0.75
18386,es_step,4000,0.0000,0.000,0.0349,2.03
18387,replay,4000,0.0578,1.000,0.0349,0.75
18388,es_step,4000,0.0000,0.000,0.0349,2.01
18389,replay,4000,0.0574,1.000,0.0349,0.75
18390,replay,4000,0.0540,1.000,0.0349,0.75
18391,replay,4000,0.0564,1.000,0.0349,0.75
18392,replay,4000,0.0646,1.000,0.0349,0.75
18393,replay,4000,0.0658,1.000,0.0349,0.75
18394,replay,4000,0.0675,1.000,0.0349,0.76
18395,replay,4000,0.0616,1.000,0.0349,0.76
18396,replay,4000,0.0541,1.000,0.0349,0.76
18397,es_step,4000,0.0000,0.000,0.0349,2.08
18398,replay,4000,0.0513,1.000,0.0349,0.76
18399,replay,4000,0.0370,1.000,0.0348,0.76
18400,replay,4000,0.0418,1.000,0.0348,0.76
18401,replay,4000,0.0409,1.000,0.0348,0.76
18402,replay,4000,0.0384,1.000,0.0347,0.77
18403,replay,4000,0.0522,1.000,0.0347,0.77
18404,replay,4000,0.0505,1.000,0.0346,0.77
18405,replay,4000,0.0497,1.000,0.0345,0.77
18406,replay,4000,0.0520,1.000,0.0345,0.77
18407,replay,4000,0.0455,1.000,0.0345,0.76
18408,replay,4000,0.0439,1.000,0.0344,0.77
18409,replay,4000,0.0360,1.000,0.0343,0.76
18410,replay,4000,0.0089,1.000,0.0342,0.76
18411,replay,4000,0.0213,1.000,0.0341,0.77
18412,replay,4000,0.0391,1.000,0.0340,0.77
18413,es_step,4000,0.0000,0.000,0.0340,2.05
18414,replay,4000,0.0571,1.000,0.0340,0.76
18415,replay,4000,0.0349,1.000,0.0340,0.76
18416,replay,4000,0.0443,1.000,0.0340,0.76
18417,replay,4000,0.0427,1.000,0.0340,0.76
18418,replay,4000,0.0716,1.000,0.0340,0.75
18419,es_step,4000,0.0000,0.000,0.0340,2.04
18420,replay,4000,0.0728,1.000,0.0341,0.77
18421,replay,4000,0.0634,1.000,0.0341,0.77
18422,replay,4000,0.0624,1.000,0.0341,0.77
18423,es_step,4000,0.0000,0.000,0.0341,4.52
18424,replay,4000,0.0584,1.000,0.0341,0.76
18425,replay,4000,0.0472,1.000,0.0342,0.76
18426,es_step,4000,0.0000,0.000,0.0342,2.04
18427,es_step,4000,0.0000,0.000,0.0342,2.02
18428,replay,4000,0.0441,1.000,0.0341,0.75
18429,es_step,4000,0.0000,0.000,0.0341,2.00
18430,replay,4000,0.0527,1.000,0.0341,0.74
18431,replay,4000,0.0570,1.000,0.0341,0.75
18432,replay,4000,0.0599,1.000,0.0341,0.75
18433,replay,4000,0.0601,1.000,0.0341,0.75
18434,es_step,4000,0.0000,0.000,0.0341,2.01
18435,replay,4000,0.0653,1.000,0.0341,0.75
18436,replay,4000,0.0664,1.000,0.0342,0.75
18437,es_step,4000,0.0000,0.000,0.0342,2.00
18438,replay,4000,0.0709,1.000,0.0342,0.75
18439,es_step,4000,0.0000,0.000,0.0342,1.98
18440,replay,4000,0.0735,1.000,0.0342,0.75
18441,replay,4000,0.0679,1.000,0.0342,0.77
18442,replay,4000,0.0763,1.000,0.0343,0.76
18443,replay,4000,0.0805,1.000,0.0343,0.76
18444,replay,4000,0.0670,1.000,0.0343,0.77
18445,replay,4000,0.0598,1.000,0.0343,0.77
18446,replay,4000,0.0628,1.000,0.0343,0.77
18447,replay,4000,0.0525,1.000,0.0343,0.77
18448,replay,4000,0.0610,1.000,0.0343,0.78
18449,replay,4000,0.0617,1.000,0.0343,0.77
18450,es_step,4000,0.0000,0.000,0.0343,2.06
18451,replay,4000,0.0699,1.000,0.0343,0.77
18452,es_step,4000,0.0000,0.000,0.0343,2.03
18453,replay,4000,0.0742,1.000,0.0343,0.76
18454,replay,4000,0.0750,1.000,0.0343,0.76
18455,replay,4000,0.0801,1.000,0.0344,0.75
18456,replay,4000,0.0642,1.000,0.0343,0.76
18457,replay,4000,0.0768,1.000,0.0343,0.76
18458,replay,4000,0.0790,1.000,0.0343,0.75
18459,replay,4000,0.0818,1.000,0.0344,0.75
18460,replay,4000,0.0740,1.000,0.0345,0.76
18461,replay,4000,0.0866,1.000,0.0345,0.75
18462,replay,4000,0.0806,1.000,0.0345,0.75
18463,replay,4000,0.0825,1.000,0.0346,0.76
18464,replay,4000,0.0932,1.000,0.0346,0.76
18465,replay,4000,0.1021,1.000,0.0347,0.77
18466,replay,4000,0.1042,1.000,0.0348,0.76
18467,replay,4000,0.0981,1.000,0.0349,0.77
18468,replay,4000,0.1237,1.000,0.0349,0.77
18469,replay,4000,0.1125,1.000,0.0351,0.77
18470,replay,4000,0.1090,1.000,0.0352,0.76
18471,replay,4000,0.1013,1.000,0.0352,0.76
18472,es_step,4000,0.0000,0.000,0.0352,2.06
18473,replay,4000,0.0924,1.000,0.0353,0.76
18474,replay,4000,0.1061,1.000,0.0353,0.76
18475,replay,4000,0.0754,1.000,0.0353,0.78
18476,es_step,4000,0.0000,0.000,0.0353,2.05
18477,replay,4000,0.0613,1.000,0.0353,0.76
18478,replay,4000,0.0699,1.000,0.0353,0.76
18479,replay,4000,0.0590,1.000,0.0353,0.76
18480,replay,4000,0.0307,1.000,0.0352,0.75
18481,replay,4000,0.0433,1.000,0.0352,0.76
18482,es_step,4000,0.0000,0.000,0.0352,2.03
18483,replay,4000,0.0437,1.000,0.0352,0.75
18484,replay,4000,0.0521,1.000,0.0351,0.75
18485,replay,4000,0.0236,1.000,0.0351,0.76
18486,replay,4000,0.0488,1.000,0.0351,0.76
18487,replay,4000,0.0570,1.000,0.0351,0.77
18488,replay,4000,0.0534,1.000,0.0350,0.77
18489,es_step,4000,0.0000,0.000,0.0350,2.05
18490,replay,4000,0.0640,1.000,0.0350,0.76
18491,es_step,4000,0.0000,0.000,0.0350,2.04
18492,es_step,4000,0.0000,0.000,0.0350,2.02
18493,replay,4000,0.0745,1.000,0.0350,0.76
18494,replay,4000,0.0516,1.000,0.0350,0.77
18495,es_step,4000,0.0000,0.000,0.0350,2.05
18496,replay,4000,0.0557,1.000,0.0350,0.77
18497,replay,4000,0.0847,1.000,0.0351,0.76
18498,replay,4000,0.0729,1.000,0.0352,0.76
18499,replay,4000,0.0650,1.000,0.0352,0.76
18500,replay,4000,0.0634,1.000,0.0352,0.76
18501,replay,4000,0.0640,1.000,0.0352,0.76
18502,replay,4000,0.0518,1.000,0.0352,0.76
18503,replay,4000,0.0465,1.000,0.0352,0.76
18504,replay,4000,0.0601,1.000,0.0352,0.77
18505,replay,4000,0.0328,1.000,0.0352,0.77
18506,replay,4000,0.0545,1.000,0.0352,0.77
18507,replay,4000,0.0335,1.000,0.0352,0.77
18508,replay,4000,0.0710,1.000,0.0352,0.77
18509,replay,4000,0.0439,1.000,0.0352,0.77
18510,es_step,4000,0.0000,0.000,0.0352,2.07
18511,replay,4000,0.0555,1.000,0.0353,0.76
18512,replay,4000,0.0632,1.000,0.0353,0.76
18513,replay,4000,0.1113,1.000,0.0353,0.76
18514,replay,4000,0.0746,1.000,0.0353,0.76
18515,replay,4000,0.0861,1.000,0.0354,0.76
18516,replay,4000,0.0773,1.000,0.0354,0.77
18517,replay,4000,0.0613,1.000,0.0355,0.76
18518,replay,4000,0.0727,1.000,0.0355,0.76
18519,replay,4000,0.0656,1.000,0.0355,0.76
18520,replay,4000,0.0712,1.000,0.0355,0.76
18521,replay,4000,0.0578,1.000,0.0355,0.76
18522,replay,4000,0.0541,1.000,0.0355,0.76
18523,es_step,4000,0.0000,0.000,0.0355,2.06
18524,replay,4000,0.0486,1.000,0.0354,0.76
18525,replay,4000,0.0267,1.000,0.0353,0.76
18526,replay,4000,0.0410,1.000,0.0353,0.77
18527,replay,4000,0.0439,1.000,0.0352,0.77
18528,replay,4000,0.0314,1.000,0.0351,0.77
18529,replay,4000,0.0382,1.000,0.0351,0.77
18530,es_step,4000,0.0000,0.000,0.0351,2.06
18531,replay,4000,0.0625,1.000,0.0351,0.76
18532,replay,4000,0.0515,1.000,0.0351,0.76
18533,es_step,4000,0.0000,0.000,0.0351,2.06
18534,replay,4000,0.0553,1.000,0.0351,0.76
18535,es_step,4000,0.0000,0.000,0.0351,2.04
18536,replay,4000,0.0635,1.000,0.0351,0.76
18537,replay,4000,0.0638,1.000,0.0352,0.76
18538,replay,4000,0.0675,1.000,0.0352,0.76
18539,replay,4000,0.0519,1.000,0.0352,0.76
18540,replay,4000,0.0549,1.000,0.0352,0.76
18541,replay,4000,0.0474,1.000,0.0352,0.76
18542,replay,4000,0.0477,1.000,0.0352,0.76
18543,replay,4000,0.0525,1.000,0.0351,0.75
18544,replay,4000,0.0268,1.000,0.0351,0.75
18545,es_step,4000,0.0000,0.000,0.0351,2.03
18546,replay,4000,0.0424,1.000,0.0351,0.76
18547,es_step,4000,0.0000,0.000,0.0351,2.05
18548,replay,4000,0.0441,1.000,0.0350,0.76
18549,replay,4000,0.0524,1.000,0.0350,0.76
18550,replay,4000,0.0501,1.000,0.0350,0.76
18551,es_step,4000,0.0000,0.000,0.0350,2.05
18552,es_step,4000,0.0000,0.000,0.0350,2.03
18553,replay,4000,0.0346,1.000,0.0350,0.75
18554,replay,4000,0.0653,1.000,0.0350,0.75
18555,es_step,4000,0.0000,0.000,0.0350,2.01
18556,replay,4000,0.0591,1.000,0.0351,0.75
18557,replay,4000,0.0554,1.000,0.0351,0.75
18558,es_step,4000,0.0000,0.000,0.0351,1.99
18559,replay,4000,0.0524,1.000,0.0351,0.75
18560,es_step,4000,0.0000,0.000,0.0351,1.98
18561,replay,4000,0.0550,1.000,0.0351,0.75
18562,replay,4000,0.0535,1.000,0.0351,0.75
18563,replay,4000,0.0457,1.000,0.0351,0.74
18564,replay,4000,0.0590,1.000,0.0351,0.74
18565,replay,4000,0.0742,1.000,0.0351,0.74
18566,replay,4000,0.0723,1.000,0.0351,0.74
18567,es_step,4000,0.0000,0.000,0.0351,1.97
18568,replay,4000,0.0706,1.000,0.0351,0.75
18569,es_step,4000,0.0000,0.000,0.0351,1.99
18570,replay,4000,0.0649,1.000,0.0352,0.75
18571,replay,4000,0.0651,1.000,0.0352,0.75
18572,replay,4000,0.0632,1.000,0.0352,0.75
18573,replay,4000,0.0645,1.000,0.0352,0.76
18574,es_step,4000,0.0000,0.000,0.0352,1.99
18575,replay,4000,0.0477,1.000,0.0353,0.75
18576,replay,4000,0.0634,1.000,0.0353,0.76
18577,replay,4000,0.0681,1.000,0.0353,0.77
18578,replay,4000,0.0683,1.000,0.0353,0.76
18579,replay,4000,0.0504,1.000,0.0353,0.76
18580,es_step,4000,0.0000,0.000,0.0353,2.02
18581,replay,4000,0.0549,1.000,0.0354,0.75
18582,es_step,4000,0.0000,0.000,0.0354,2.00
18583,replay,4000,0.0708,1.000,0.0353,0.75
18584,replay,4000,0.0687,1.000,0.0353,0.75
18585,replay,4000,0.0623,1.000,0.0353,0.76
18586,replay,4000,0.0645,1.000,0.0353,0.76
18587,replay,4000,0.0593,1.000,0.0353,0.75
18588,replay,4000,0.0583,1.000,0.0352,0.75
18589,replay,4000,0.0602,1.000,0.0353,0.76
18590,es_step,4000,0.0000,0.000,0.0353,1.99
18591,es_step,4000,0.0000,0.000,0.0353,1.98
18592,replay,4000,0.0557,1.000,0.0352,0.74
18593,es_step,4000,0.0000,0.000,0.0352,1.96
18594,replay,4000,0.0534,1.000,0.0352,0.74
18595,replay,4000,0.0543,1.000,0.0351,0.74
18596,es_step,4000,0.0000,0.000,0.0351,1.96
18597,replay,4000,0.0457,1.000,0.0351,0.74
18598,es_step,4000,0.0000,0.000,0.0351,1.98
18599,replay,4000,0.0407,1.000,0.0351,0.74
18600,es_step,4000,0.0000,0.000,0.0351,2.00
18601,replay,4000,0.0458,1.000,0.0350,0.74
18602,replay,4000,0.0467,1.000,0.0350,0.74
18603,es_step,4000,0.0000,0.000,0.0350,1.97
18604,replay,4000,0.0714,1.000,0.0350,0.74
18605,replay,4000,0.0718,1.000,0.0350,0.74
18606,replay,4000,0.0667,1.000,0.0350,0.74
18607,replay,4000,0.0555,1.000,0.0350,0.74
18608,replay,4000,0.0501,1.000,0.0350,0.74
18609,replay,4000,0.0450,1.000,0.0350,0.74
18610,replay,4000,0.0387,1.000,0.0349,0.75
18611,replay,4000,0.0454,1.000,0.0349,0.75
18612,replay,4000,0.0499,1.000,0.0349,0.76
18613,es_step,4000,0.0000,0.000,0.0349,2.00
18614,replay,4000,0.0510,1.000,0.0349,0.74
18615,replay,4000,0.0623,1.000,0.0349,0.74
18616,replay,4000,0.0613,1.000,0.0348,0.75
18617,replay,4000,0.0540,1.000,0.0348,0.75
18618,replay,4000,0.0454,1.000,0.0348,0.76
18619,replay,4000,0.0396,1.000,0.0348,0.75
18620,replay,4000,0.0344,1.000,0.0347,0.75
18621,replay,4000,0.0384,1.000,0.0347,0.76
18622,replay,4000,0.0392,1.000,0.0346,0.75
18623,replay,4000,0.0462,1.000,0.0346,0.76
18624,replay,4000,0.0487,1.000,0.0346,0.75
18625,es_step,4000,0.0000,0.000,0.0346,2.01
18626,replay,4000,0.0494,1.000,0.0346,0.75
18627,replay,4000,0.0713,1.000,0.0346,0.76
18628,replay,4000,0.0730,1.000,0.0347,0.77
18629,replay,4000,0.0771,1.000,0.0347,0.77
18630,replay,4000,0.0711,1.000,0.0348,0.77
18631,replay,4000,0.0714,1.000,0.0348,0.77
18632,es_step,4000,0.0000,0.000,0.0348,2.04
18633,replay,4000,0.0634,1.000,0.0348,0.76
18634,es_step,4000,0.0000,0.000,0.0348,2.01
18635,replay,4000,0.0637,1.000,0.0348,0.75
18636,es_step,4000,0.0000,0.000,0.0348,1.98
18637,replay,4000,0.0663,1.000,0.0349,0.75
18638,replay,4000,0.0758,1.000,0.0349,0.75
18639,replay,4000,0.0581,1.000,0.0349,0.76
18640,replay,4000,0.0706,1.000,0.0349,0.77
18641,es_step,4000,0.0000,0.000,0.0349,2.04
18642,replay,4000,0.0712,1.000,0.0349,0.76
18643,replay,4000,0.0646,1.000,0.0350,0.76
18644,replay,4000,0.0622,1.000,0.0350,0.75
18645,replay,4000,0.0573,1.000,0.0350,0.76
18646,replay,4000,0.0611,1.000,0.0350,0.77
18647,replay,4000,0.0539,1.000,0.0349,0.77
18648,es_step,4000,0.0000,0.000,0.0349,2.06
18649,es_step,4000,0.0000,0.000,0.0349,2.03
18650,replay,4000,0.0583,1.000,0.0349,0.76
18651,es_step,4000,0.0000,0.000,0.0349,2.03
18652,replay,4000,0.0378,1.000,0.0349,0.75
18653,replay,4000,0.0390,1.000,0.0350,0.75
18654,replay,4000,0.0500,1.000,0.0350,0.75
18655,es_step,4000,0.0000,0.000,0.0350,2.00
18656,replay,4000,0.0528,1.000,0.0350,0.75
18657,replay,4000,0.0602,1.000,0.0350,0.76
18658,es_step,4000,0.0000,0.000,0.0350,2.00
18659,replay,4000,0.0670,1.000,0.0350,0.75
18660,replay,4000,0.0616,1.000,0.0350,0.75
18661,replay,4000,0.0598,1.000,0.0350,0.75
18662,replay,4000,0.0553,1.000,0.0350,0.75
18663,replay,4000,0.0548,1.000,0.0350,0.74
18664,replay,4000,0.0541,1.000,0.0350,0.74
18665,es_step,4000,0.0000,0.000,0.0350,1.99
18666,replay,4000,0.0515,1.000,0.0350,0.75
18667,replay,4000,0.0485,1.000,0.0349,0.76
18668,replay,4000,0.0420,1.000,0.0349,0.77
18669,replay,4000,0.0551,1.000,0.0349,0.77
18670,replay,4000,0.0598,1.000,0.0350,0.76
18671,replay,4000,0.0608,1.000,0.0350,0.76
18672,replay,4000,0.0648,1.000,0.0350,0.77
18673,replay,4000,0.0635,1.000,0.0350,0.76
18674,replay,4000,0.0617,1.000,0.0350,0.76
18675,replay,4000,0.0603,1.000,0.0350,0.76
18676,replay,4000,0.0590,1.000,0.0350,0.77
18677,replay,4000,0.0576,1.000,0.0350,0.76
18678,replay,4000,0.0588,1.000,0.0350,0.77
18679,es_step,4000,0.0000,0.000,0.0350,2.05
18680,es_step,4000,0.0000,0.000,0.0350,2.00
18681,replay,4000,0.0634,1.000,0.0350,0.75
18682,es_step,4000,0.0000,0.000,0.0350,1.99
18683,replay,4000,0.0621,1.000,0.0350,0.75
18684,replay,4000,0.0590,1.000,0.0350,0.76
18685,es_step,4000,0.0000,0.000,0.0350,2.01
18686,replay,4000,0.0679,1.000,0.0350,0.75
18687,replay,4000,0.0606,1.000,0.0350,0.74
18688,replay,4000,0.0652,1.000,0.0351,0.75
18689,replay,4000,0.0652,1.000,0.0351,0.75
18690,replay,4000,0.0677,1.000,0.0351,0.74
18691,replay,4000,0.0566,1.000,0.0351,0.74
18692,replay,4000,0.0585,1.000,0.0351,0.74
18693,replay,4000,0.0548,1.000,0.0351,0.74
18694,replay,4000,0.0539,1.000,0.0351,0.74
18695,replay,4000,0.0595,1.000,0.0351,0.75
18696,replay,4000,0.0498,1.000,0.0351,0.75
18697,es_step,4000,0.0000,0.000,0.0351,2.01
18698,es_step,4000,0.0000,0.000,0.0351,1.98
18699,replay,4000,0.0556,1.000,0.0351,0.74
18700,replay,4000,0.0609,1.000,0.0351,0.75
18701,replay,4000,0.0447,1.000,0.0351,0.74
18702,es_step,4000,0.0000,0.000,0.0351,1.96
18703,replay,4000,0.0715,1.000,0.0351,0.74
18704,replay,4000,0.0721,1.000,0.0351,0.75
18705,replay,4000,0.0737,1.000,0.0351,0.75
18706,replay,4000,0.0648,1.000,0.0351,0.76
18707,replay,4000,0.0649,1.000,0.0351,0.75
18708,replay,4000,0.0583,1.000,0.0351,3.22
18709,replay,4000,0.0495,1.000,0.0351,0.76
18710,replay,4000,0.0423,1.000,0.0351,0.76
18711,es_step,4000,0.0000,0.000,0.0351,2.03
18712,es_step,4000,0.0000,0.000,0.0351,1.99
18713,replay,4000,0.0441,1.000,0.0350,0.74
18714,es_step,4000,0.0000,0.000,0.0350,1.96
18715,replay,4000,0.0407,1.000,0.0350,0.74
18716,es_step,4000,0.0000,0.000,0.0350,1.95
18717,replay,4000,0.0368,1.000,0.0350,0.75
18718,replay,4000,0.0429,1.000,0.0349,0.75
18719,es_step,4000,0.0000,0.000,0.0349,2.00
18720,es_step,4000,0.0000,0.000,0.0349,1.98
18721,replay,4000,0.0408,1.000,0.0349,0.74
18722,replay,4000,0.0395,1.000,0.0349,0.75
18723,replay,4000,0.0536,1.000,0.0349,0.75
18724,replay,4000,0.0737,1.000,0.0349,0.75
18725,replay,4000,0.0542,1.000,0.0349,0.76
18726,replay,4000,0.0535,1.000,0.0349,0.77
18727,replay,4000,0.0635,1.000,0.0349,0.77
18728,replay,4000,0.0583,1.000,0.0349,0.77
18729,replay,4000,0.0478,1.000,0.0348,0.77
18730,replay,4000,0.0394,1.000,0.0349,0.77
18731,replay,4000,0.0476,1.000,0.0349,0.77
18732,replay,4000,0.0355,1.000,0.0348,0.77
18733,replay,4000,0.0316,1.000,0.0347,0.77
18734,replay,4000,0.0232,1.000,0.0347,0.77
18735,replay,4000,0.0328,1.000,0.0346,0.77
18736,es_step,4000,0.0000,0.000,0.0346,2.07
18737,replay,4000,0.0363,1.000,0.0346,0.76
18738,replay,4000,0.0377,1.000,0.0346,0.76
18739,es_step,4000,0.0000,0.000,0.0346,2.03
18740,es_step,4000,0.0000,0.000,0.0346,2.02
18741,replay,4000,0.0613,1.000,0.0346,0.75
18742,es_step,4000,0.0000,0.000,0.0346,1.99
18743,replay,4000,0.0656,1.000,0.0346,0.75
18744,replay,4000,0.0647,1.000,0.0346,0.75
18745,es_step,4000,0.0000,0.000,0.0346,1.98
18746,replay,4000,0.0735,1.000,0.0346,0.74
18747,replay,4000,0.0746,1.000,0.0346,0.74
18748,replay,4000,0.0619,1.000,0.0347,0.76
18749,replay,4000,0.0699,1.000,0.0347,0.76
18750,replay,4000,0.0666,1.000,0.0347,0.77
18751,replay,4000,0.0501,1.000,0.0347,0.77
18752,replay,4000,0.0463,1.000,0.0347,0.78
18753,replay,4000,0.0628,1.000,0.0347,0.77
18754,replay,4000,0.0599,1.000,0.0347,0.77
18755,replay,4000,0.0535,1.000,0.0347,0.77
18756,replay,4000,0.0596,1.000,0.0347,0.77
18757,replay,4000,0.0648,1.000,0.0347,0.77
18758,replay,4000,0.0218,1.000,0.0347,0.78
18759,replay,4000,0.0790,1.000,0.0347,0.77
18760,replay,4000,0.0796,1.000,0.0347,0.77
18761,replay,4000,0.0783,1.000,0.0347,0.77
18762,replay,4000,0.0739,1.000,0.0347,0.77
18763,replay,4000,0.0733,1.000,0.0348,0.77
18764,replay,4000,0.0659,1.000,0.0348,0.77
18765,replay,4000,0.0702,1.000,0.0348,0.78
18766,replay,4000,0.0765,1.000,0.0348,0.78
18767,replay,4000,0.0739,1.000,0.0348,0.78
18768,replay,4000,0.0638,1.000,0.0348,0.78
18769,replay,4000,0.0717,1.000,0.0348,0.78
18770,replay,4000,0.0661,1.000,0.0349,0.79
18771,replay,4000,0.0644,1.000,0.0349,0.78
18772,replay,4000,0.0665,1.000,0.0349,0.78
18773,replay,4000,0.0636,1.000,0.0348,0.78
18774,replay,4000,0.0628,1.000,0.0348,0.79
18775,replay,4000,0.0612,1.000,0.0349,0.78
18776,replay,4000,0.0600,1.000,0.0349,0.79
18777,replay,4000,0.0647,1.000,0.0349,0.78
18778,replay,4000,0.0503,1.000,0.0348,0.79
18779,replay,4000,0.0482,1.000,0.0348,0.79
18780,replay,4000,0.0596,1.000,0.0348,0.79
18781,replay,4000,0.0520,1.000,0.0348,0.78
18782,replay,4000,0.0524,1.000,0.0348,0.79
18783,replay,4000,0.0584,1.000,0.0348,0.79
18784,replay,4000,0.0619,1.000,0.0347,0.79
18785,es_step,4000,0.0000,0.000,0.0347,2.15
18786,replay,4000,0.0611,1.000,0.0347,0.79
18787,replay,4000,0.0639,1.000,0.0347,0.78
18788,es_step,4000,0.0000,0.000,0.0347,2.12
18789,replay,4000,0.0626,1.000,0.0347,0.78
18790,replay,4000,0.0667,1.000,0.0347,0.78
18791,es_step,4000,0.0000,0.000,0.0347,2.11
18792,replay,4000,0.0590,1.000,0.0347,0.77
18793,replay,4000,0.0523,1.000,0.0347,0.76
18794,es_step,4000,0.0000,0.000,0.0347,2.08
18795,es_step,4000,0.0000,0.000,0.0347,2.09
18796,replay,4000,0.0481,1.000,0.0346,0.76
18797,es_step,4000,0.0000,0.000,0.0346,2.07
18798,es_step,4000,0.0000,0.000,0.0346,2.06
18799,replay,4000,0.0462,1.000,0.0346,0.76
18800,replay,4000,0.0341,1.000,0.0345,0.77
18801,replay,4000,0.0347,1.000,0.0345,0.77
18802,replay,4000,0.0333,1.000,0.0344,0.76
18803,es_step,4000,0.0000,0.000,0.0344,2.04
18804,replay,4000,0.0265,1.000,0.0343,0.76
18805,replay,4000,0.0429,1.000,0.0343,0.76
18806,replay,4000,0.0400,1.000,0.0343,0.76
18807,replay,4000,0.0501,1.000,0.0343,0.76
18808,replay,4000,0.0610,1.000,0.0342,0.75
18809,replay,4000,0.0569,1.000,0.0343,0.75
18810,replay,4000,0.0639,1.000,0.0343,0.76
18811,es_step,4000,0.0000,0.000,0.0343,2.03
18812,replay,4000,0.0601,1.000,0.0343,0.76
18813,es_step,4000,0.0000,0.000,0.0343,2.02
18814,replay,4000,0.0618,1.000,0.0343,0.75
18815,replay,4000,0.0457,1.000,0.0343,0.77
18816,replay,4000,0.0388,1.000,0.0342,0.77
18817,replay,4000,0.0436,1.000,0.0342,0.76
18818,replay,4000,0.0379,1.000,0.0343,0.77
18819,replay,4000,0.0447,1.000,0.0343,0.76
18820,replay,4000,0.0525,1.000,0.0343,0.77
18821,es_step,4000,0.0000,0.000,0.0343,2.06
18822,replay,4000,0.0662,1.000,0.0342,0.76
18823,replay,4000,0.0626,1.000,0.0343,0.76
18824,replay,4000,0.0338,1.000,0.0343,0.76
18825,replay,4000,0.0585,1.000,0.0342,0.76
18826,replay,4000,0.0677,1.000,0.0342,0.76
18827,es_step,4000,0.0000,0.000,0.0342,2.02
18828,es_step,4000,0.0000,0.000,0.0342,1.99
18829,replay,4000,0.0805,1.000,0.0343,0.76
18830,replay,4000,0.0702,1.000,0.0343,0.76
18831,es_step,4000,0.0000,0.000,0.0343,2.02
18832,replay,4000,0.0715,1.000,0.0343,0.75
18833,replay,4000,0.0595,1.000,0.0343,0.75
18834,replay,4000,0.0735,1.000,0.0343,0.75
18835,es_step,4000,0.0000,0.000,0.0343,1.99
18836,es_step,4000,0.0000,0.000,0.0343,1.99
18837,replay,4000,0.0712,1.000,0.0344,0.75
18838,replay,4000,0.0717,1.000,0.0344,0.75
18839,replay,4000,0.0692,1.000,0.0344,0.75
18840,replay,4000,0.0584,1.000,0.0344,0.75
18841,replay,4000,0.0670,1.000,0.0344,0.75
18842,replay,4000,0.0658,1.000,0.0344,0.75
18843,replay,4000,0.0639,1.000,0.0344,0.75
18844,replay,4000,0.0618,1.000,0.0344,0.75
18845,replay,4000,0.0653,1.000,0.0344,0.75
18846,replay,4000,0.0582,1.000,0.0344,0.75
18847,es_step,4000,0.0000,0.000,0.0344,2.03
18848,replay,4000,0.0650,1.000,0.0344,0.76
18849,replay,4000,0.0639,1.000,0.0345,0.76
18850,replay,4000,0.0528,1.000,0.0345,0.76
18851,replay,4000,0.0498,1.000,0.0345,0.76
18852,replay,4000,0.0661,1.000,0.0345,0.76
18853,es_step,4000,0.0000,0.000,0.0345,2.05
18854,replay,4000,0.0821,1.000,0.0345,0.76
18855,replay,4000,0.0578,1.000,0.0345,0.77
18856,replay,4000,0.0754,1.000,0.0345,0.78
18857,es_step,4000,0.0000,0.000,0.0345,2.07
18858,replay,4000,0.0742,1.000,0.0346,0.77
18859,es_step,4000,0.0000,0.000,0.0346,2.03
18860,replay,4000,0.0789,1.000,0.0346,0.75
18861,replay,4000,0.0736,1.000,0.0346,0.75
18862,replay,4000,0.0665,1.000,0.0347,0.75
18863,replay,4000,0.0654,1.000,0.0347,0.76
18864,replay,4000,0.0536,1.000,0.0347,0.75
18865,replay,4000,0.0621,1.000,0.0347,0.75
18866,es_step,4000,0.0000,0.000,0.0347,2.03
18867,replay,4000,0.0527,1.000,0.0347,0.76
18868,replay,4000,0.0598,1.000,0.0347,0.76
18869,replay,4000,0.0561,1.000,0.0347,0.77
18870,replay,4000,0.0533,1.000,0.0347,0.77
18871,replay,4000,0.0543,1.000,0.0347,0.76
18872,replay,4000,0.0557,1.000,0.0347,0.76
18873,replay,4000,0.0488,1.000,0.0347,0.76
18874,replay,4000,0.0665,1.000,0.0347,0.76
18875,replay,4000,0.0594,1.000,0.0347,0.76
18876,replay,4000,0.0749,1.000,0.0347,0.76
18877,replay,4000,0.0728,1.000,0.0348,0.76
18878,es_step,4000,0.0000,0.000,0.0348,2.04
18879,replay,4000,0.0790,1.000,0.0349,0.76
18880,replay,4000,0.0725,1.000,0.0350,0.76
18881,replay,4000,0.0660,1.000,0.0350,0.76
18882,replay,4000,0.0627,1.000,0.0350,0.76
18883,replay,4000,0.0609,1.000,0.0350,0.76
18884,replay,4000,0.0520,1.000,0.0351,0.76
18885,replay,4000,0.0503,1.000,0.0350,0.76
18886,replay,4000,0.0548,1.000,0.0350,0.75
18887,es_step,4000,0.0000,0.000,0.0350,2.04
18888,replay,4000,0.0478,1.000,0.0350,0.75
18889,replay,4000,0.0473,1.000,0.0350,0.75
18890,replay,4000,0.0275,1.000,0.0350,0.76
18891,replay,4000,0.0514,1.000,0.0350,0.77
18892,replay,4000,0.0608,1.000,0.0350,0.76
18893,replay,4000,0.0650,1.000,0.0350,0.77
18894,es_step,4000,0.0000,0.000,0.0350,2.07
18895,replay,4000,0.0667,1.000,0.0351,0.76
18896,replay,4000,0.0684,1.000,0.0351,0.76
18897,replay,4000,0.0603,1.000,0.0351,0.76
18898,replay,4000,0.0562,1.000,0.0351,0.76
18899,replay,4000,0.0526,1.000,0.0350,0.76
18900,replay,4000,0.0325,1.000,0.0350,0.76
18901,replay,4000,0.0483,1.000,0.0350,0.76
18902,replay,4000,0.0250,1.000,0.0349,0.77
18903,replay,4000,0.0461,1.000,0.0350,0.76
18904,replay,4000,0.0443,1.000,0.0349,0.76
18905,replay,4000,0.0312,1.000,0.0349,0.75
18906,es_step,4000,0.0000,0.000,0.0349,2.03
18907,es_step,4000,0.0000,0.000,0.0349,2.01
18908,replay,4000,0.0562,1.000,0.0351,0.75
18909,es_step,4000,0.0000,0.000,0.0351,2.01
18910,replay,4000,0.0714,1.000,0.0350,0.75
18911,es_step,4000,0.0000,0.000,0.0350,2.00
18912,replay,4000,0.0600,1.000,0.0351,0.75
18913,replay,4000,0.0422,1.000,0.0351,0.74
18914,replay,4000,0.0787,1.000,0.0351,0.74
18915,replay,4000,0.0815,1.000,0.0351,0.74
18916,replay,4000,0.0718,1.000,0.0351,0.74
18917,replay,4000,0.1264,1.000,0.0352,0.74
18918,replay,4000,0.1053,1.000,0.0352,0.74
18919,replay,4000,0.1038,1.000,0.0353,0.74
18920,replay,4000,0.0991,1.000,0.0354,0.74
18921,replay,4000,0.0887,1.000,0.0354,0.75
18922,es_step,4000,0.0000,0.000,0.0354,2.00
18923,replay,4000,0.0743,1.000,0.0355,0.75
18924,replay,4000,0.0836,1.000,0.0355,0.76
18925,replay,4000,0.0777,1.000,0.0356,0.75
18926,replay,4000,0.0734,1.000,0.0356,0.75
18927,replay,4000,0.0749,1.000,0.0357,0.76
18928,replay,4000,0.0502,1.000,0.0357,0.76
18929,replay,4000,0.0477,1.000,0.0357,0.76
18930,replay,4000,0.0540,1.000,0.0357,0.76
18931,replay,4000,0.0633,1.000,0.0357,0.75
18932,replay,4000,0.0645,1.000,0.0357,0.75
18933,es_step,4000,0.0000,0.000,0.0357,2.00
18934,replay,4000,0.0452,1.000,0.0357,0.76
18935,es_step,4000,0.0000,0.000,0.0357,2.04
18936,replay,4000,0.0427,1.000,0.0357,0.75
18937,replay,4000,0.0543,1.000,0.0357,0.75
18938,es_step,4000,0.0000,0.000,0.0357,2.02
18939,replay,4000,0.0511,1.000,0.0357,0.75
18940,replay,4000,0.0496,1.000,0.0356,0.75
18941,replay,4000,0.0476,1.000,0.0357,0.75
18942,replay,4000,0.0226,1.000,0.0356,0.75
18943,replay,4000,0.0455,1.000,0.0356,0.76
18944,es_step,4000,0.0000,0.000,0.0356,2.03
18945,replay,4000,0.0657,1.000,0.0357,0.75
18946,replay,4000,0.0712,1.000,0.0357,0.76
18947,es_step,4000,0.0000,0.000,0.0357,2.02
18948,replay,4000,0.0649,1.000,0.0357,0.75
18949,replay,4000,0.0655,1.000,0.0357,0.75
18950,replay,4000,0.0459,1.000,0.0357,0.75
18951,es_step,4000,0.0000,0.000,0.0357,2.00
18952,replay,4000,0.0560,1.000,0.0357,0.75
18953,es_step,4000,0.0000,0.000,0.0357,1.99
18954,replay,4000,0.0618,1.000,0.0357,0.75
18955,replay,4000,0.0605,1.000,0.0358,0.75
18956,replay,4000,0.0667,1.000,0.0358,0.75
18957,replay,4000,0.0644,1.000,0.0358,0.74
18958,replay,4000,0.0615,1.000,0.0358,0.74
18959,es_step,4000,0.0000,0.000,0.0358,1.99
18960,replay,4000,0.0615,1.000,0.0358,0.75
18961,replay,4000,0.0605,1.000,0.0358,0.74
18962,replay,4000,0.0633,1.000,0.0358,0.75
18963,replay,4000,0.0572,1.000,0.0358,0.75
18964,replay,4000,0.0663,1.000,0.0358,0.76
18965,es_step,4000,0.0000,0.000,0.0358,2.00
18966,replay,4000,0.0567,1.000,0.0358,0.75
18967,replay,4000,0.0537,1.000,0.0358,0.88
18968,replay,4000,0.0558,1.000,0.0358,0.76
18969,es_step,4000,0.0000,0.000,0.0358,2.02
18970,replay,4000,0.0440,1.000,0.0358,0.75
18971,replay,4000,0.0646,1.000,0.0358,0.75
18972,replay,4000,0.0576,1.000,0.0358,0.76
18973,replay,4000,0.0601,1.000,0.0358,0.75
18974,replay,4000,0.0769,1.000,0.0358,0.75
18975,replay,4000,0.0554,1.000,0.0358,0.75
18976,replay,4000,0.0539,1.000,0.0357,0.75
18977,replay,4000,0.0527,1.000,0.0357,0.76
18978,replay,4000,0.0600,1.000,0.0357,0.75
18979,es_step,4000,0.0000,0.000,0.0357,1.98
18980,replay,4000,0.0575,1.000,0.0356,0.75
18981,es_step,4000,0.0000,0.000,0.0356,2.00
18982,replay,4000,0.0475,1.000,0.0356,0.76
18983,replay,4000,0.0355,1.000,0.0355,0.76
18984,replay,4000,0.0204,1.000,0.0355,0.76
18985,replay,4000,0.0338,1.000,0.0354,0.76
18986,replay,4000,0.0529,1.000,0.0354,0.91
18987,replay,4000,0.0540,1.000,0.0354,0.77
18988,replay,4000,0.0563,1.000,0.0354,0.77
18989,replay,4000,0.0554,1.000,0.0354,0.77
18990,replay,4000,0.0606,1.000,0.0354,0.77
18991,replay,4000,0.0494,1.000,0.0353,0.77
18992,replay,4000,0.0455,1.000,0.0353,0.77
18993,replay,4000,0.0433,1.000,0.0352,0.77
18994,replay,4000,0.0328,1.000,0.0352,0.77
18995,es_step,4000,0.0000,0.000,0.0352,2.04
18996,es_step,4000,0.0000,0.000,0.0352,2.01
18997,replay,4000,0.0250,1.000,0.0351,0.76
18998,replay,4000,0.0201,1.000,0.0350,0.75
18999,replay,4000,0.0334,1.000,0.0350,0.75
19000,replay,4000,0.0383,1.000,0.0349,0.75
19001,replay,4000,0.0460,1.000,0.0349,0.75
19002,replay,4000,0.0504,1.000,0.0349,0.75
19003,es_step,4000,0.0000,0.000,0.0349,2.00
19004,replay,4000,0.0594,1.000,0.0349,0.75
19005,replay,4000,0.0559,1.000,0.0349,0.75
19006,replay,4000,0.0672,1.000,0.0349,0.75
19007,replay,4000,0.0816,1.000,0.0349,0.76
19008,replay,4000,0.0580,1.000,0.0349,0.76
19009,replay,4000,0.1150,1.000,0.0349,0.76
19010,replay,4000,0.0785,1.000,0.0349,0.75
19011,replay,4000,0.0655,1.000,0.0349,3.21
19012,es_step,4000,0.0000,0.000,0.0349,2.01
19013,replay,4000,0.0650,1.000,0.0350,0.75
19014,es_step,4000,0.0000,0.000,0.0350,1.99
19015,replay,4000,0.0799,1.000,0.0350,0.76
19016,replay,4000,0.0750,1.000,0.0350,0.76
19017,es_step,4000,0.0000,0.000,0.0350,1.99
19018,replay,4000,0.0610,1.000,0.0350,0.76
19019,replay,4000,0.0660,1.000,0.0350,0.76
19020,replay,4000,0.0643,1.000,0.0350,0.76
19021,replay,4000,0.0613,1.000,0.0350,0.76
19022,replay,4000,0.0582,1.000,0.0350,0.76
19023,es_step,4000,0.0000,0.000,0.0350,2.02
19024,es_step,4000,0.0000,0.000,0.0350,1.99
19025,replay,4000,0.0547,1.000,0.0350,0.75
19026,es_step,4000,0.0000,0.000,0.0350,1.98
19027,es_step,4000,0.0000,0.000,0.0350,2.00
19028,replay,4000,0.0505,1.000,0.0350,0.75
19029,replay,4000,0.0524,1.000,0.0350,0.76
19030,replay,4000,0.0553,1.000,0.0350,0.76
19031,es_step,4000,0.0000,0.000,0.0350,1.99
19032,replay,4000,0.0474,1.000,0.0350,0.75
19033,replay,4000,0.0657,1.000,0.0350,0.76
19034,es_step,4000,0.0000,0.000,0.0350,2.01
19035,replay,4000,0.0645,1.000,0.0351,0.75
19036,es_step,4000,0.0000,0.000,0.0351,2.00
19037,replay,4000,0.0344,1.000,0.0351,0.75
19038,es_step,4000,0.0000,0.000,0.0351,1.97
19039,es_step,4000,0.0000,0.000,0.0351,1.95
19040,es_step,4000,0.0000,0.000,0.0351,1.95
19041,replay,4000,0.0621,1.000,0.0351,0.74
19042,replay,4000,0.0741,1.000,0.0352,0.74
19043,replay,4000,0.0840,1.000,0.0352,0.74
19044,replay,4000,0.0912,1.000,0.0352,0.74
19045,replay,4000,0.0821,1.000,0.0353,0.74
19046,es_step,4000,0.0000,0.000,0.0353,2.00
19047,replay,4000,0.0800,1.000,0.0353,0.76
19048,replay,4000,0.0909,1.000,0.0354,0.77
19049,es_step,4000,0.0000,0.000,0.0354,2.01
19050,replay,4000,0.0749,1.000,0.0354,0.76
19051,replay,4000,0.0849,1.000,0.0355,0.76
19052,replay,4000,0.0781,1.000,0.0355,0.76
19053,replay,4000,0.0699,1.000,0.0356,0.77
19054,es_step,4000,0.0000,0.000,0.0356,2.05
19055,replay,4000,0.0557,1.000,0.0356,0.76
19056,es_step,4000,0.0000,0.000,0.0356,2.02
19057,replay,4000,0.0566,1.000,0.0356,0.76
19058,es_step,4000,0.0000,0.000,0.0356,2.00
19059,replay,4000,0.0646,1.000,0.0356,0.75
19060,es_step,4000,0.0000,0.000,0.0356,1.97
19061,replay,4000,0.0525,1.000,0.0355,0.76
19062,replay,4000,0.0504,1.000,0.0355,0.76
19063,replay,4000,0.0426,1.000,0.0355,0.76
19064,replay,4000,0.0492,1.000,0.0355,0.76
19065,replay,4000,0.0480,1.000,0.0355,0.76
19066,replay,4000,0.0484,1.000,0.0355,0.76
19067,replay,4000,0.0644,1.000,0.0355,0.76
19068,es_step,4000,0.0000,0.000,0.0355,1.98
19069,es_step,4000,0.0000,0.000,0.0355,1.96
19070,replay,4000,0.0653,1.000,0.0356,0.74
19071,replay,4000,0.0371,1.000,0.0356,0.74
19072,es_step,4000,0.0000,0.000,0.0356,1.97
19073,replay,4000,0.0607,1.000,0.0356,0.74
19074,replay,4000,0.0602,1.000,0.0356,0.75
19075,replay,4000,0.0548,1.000,0.0356,0.76
19076,replay,4000,0.0495,1.000,0.0356,0.76
19077,es_step,4000,0.0000,0.000,0.0356,2.00
19078,replay,4000,0.0613,1.000,0.0355,0.75
19079,replay,4000,0.0500,1.000,0.0355,0.76
19080,replay,4000,0.0586,1.000,0.0355,0.77
19081,replay,4000,0.0675,1.000,0.0355,0.78
19082,replay,4000,0.0567,1.000,0.0356,0.77
19083,replay,4000,0.0566,1.000,0.0356,0.77
19084,replay,4000,0.0607,1.000,0.0356,0.76
19085,replay,4000,0.0632,1.000,0.0356,0.76
19086,replay,4000,0.0596,1.000,0.0356,0.76
19087,replay,4000,0.0697,1.000,0.0356,0.76
19088,replay,4000,0.0696,1.000,0.0356,0.76
19089,replay,4000,0.0683,1.000,0.0357,0.76
19090,replay,4000,0.0610,1.000,0.0357,0.76
19091,replay,4000,0.0611,1.000,0.0357,0.76
19092,replay,4000,0.0482,1.000,0.0356,0.77
19093,replay,4000,0.0532,1.000,0.0356,0.77
19094,replay,4000,0.0535,1.000,0.0356,0.78
19095,replay,4000,0.0585,1.000,0.0356,0.78
19096,replay,4000,0.0579,1.000,0.0356,0.79
19097,replay,4000,0.0550,1.000,0.0356,0.79
19098,replay,4000,0.0615,1.000,0.0356,0.79
19099,replay,4000,0.0621,1.000,0.0356,0.79
19100,replay,4000,0.0637,1.000,0.0356,0.79
19101,es_step,4000,0.0000,0.000,0.0356,2.13
19102,replay,4000,0.0665,1.000,0.0357,0.79
19103,replay,4000,0.0704,1.000,0.0357,0.78
19104,replay,4000,0.0705,1.000,0.0357,0.79
19105,es_step,4000,0.0000,0.000,0.0357,2.11
19106,replay,4000,0.0737,1.000,0.0358,0.78
19107,replay,4000,0.0648,1.000,0.0358,0.78
19108,replay,4000,0.0701,1.000,0.0358,0.78
19109,replay,4000,0.0604,1.000,0.0358,0.78
19110,replay,4000,0.0618,1.000,0.0358,0.83
19111,replay,4000,0.0605,1.000,0.0358,0.77
19112,replay,4000,0.0487,1.000,0.0358,0.78
19113,es_step,4000,0.0000,0.000,0.0358,2.10
19114,replay,4000,0.0504,1.000,0.0358,0.77
19115,replay,4000,0.0512,1.000,0.0358,0.77
19116,replay,4000,0.0520,1.000,0.0358,0.77
19117,es_step,4000,0.0000,0.000,0.0358,2.09
19118,replay,4000,0.0509,1.000,0.0358,0.78
19119,replay,4000,0.0433,1.000,0.0358,0.76
19120,replay,4000,0.0438,1.000,0.0357,0.76
19121,replay,4000,0.0608,1.000,0.0357,0.76
19122,replay,4000,0.0528,1.000,0.0357,0.76
19123,replay,4000,0.0504,1.000,0.0357,0.76
19124,replay,4000,0.0388,1.000,0.0356,0.77
19125,replay,4000,0.0422,1.000,0.0356,0.78
19126,replay,4000,0.0561,1.000,0.0355,0.78
19127,es_step,4000,0.0000,0.000,0.0355,2.11
19128,replay,4000,0.0451,1.000,0.0355,0.78
19129,es_step,4000,0.0000,0.000,0.0355,2.11
19130,replay,4000,0.0571,1.000,0.0355,0.77
19131,replay,4000,0.0655,1.000,0.0355,0.77
19132,replay,4000,0.0598,1.000,0.0355,0.76
19133,replay,4000,0.0670,1.000,0.0355,0.77
19134,replay,4000,0.0597,1.000,0.0355,0.78
19135,replay,4000,0.0626,1.000,0.0355,0.77
19136,replay,4000,0.0650,1.000,0.0355,0.77
19137,replay,4000,0.0584,1.000,0.0355,0.77
19138,replay,4000,0.0600,1.000,0.0355,0.77
19139,es_step,4000,0.0000,0.000,0.0355,2.08
19140,es_step,4000,0.0000,0.000,0.0355,2.07
19141,replay,4000,0.0597,1.000,0.0355,0.76
19142,replay,4000,0.0540,1.000,0.0354,0.76
19143,replay,4000,0.0580,1.000,0.0354,0.76
19144,replay,4000,0.0592,1.000,0.0354,0.75
19145,replay,4000,0.0494,1.000,0.0355,0.76
19146,replay,4000,0.0613,1.000,0.0355,0.77
19147,replay,4000,0.0570,1.000,0.0355,0.77
19148,replay,4000,0.0610,1.000,0.0355,0.77
19149,replay,4000,0.0581,1.000,0.0355,0.77
19150,replay,4000,0.0585,1.000,0.0355,0.78
19151,es_step,4000,0.0000,0.000,0.0355,2.09
19152,replay,4000,0.0589,1.000,0.0355,0.77
19153,replay,4000,0.0577,1.000,0.0355,0.77
19154,replay,4000,0.0592,1.000,0.0356,0.77
19155,replay,4000,0.0578,1.000,0.0356,0.77
19156,replay,4000,0.0711,1.000,0.0356,0.76
19157,replay,4000,0.0656,1.000,0.0356,0.76
19158,replay,4000,0.0824,1.000,0.0358,0.76
19159,es_step,4000,0.0000,0.000,0.0358,2.07
19160,replay,4000,0.0781,1.000,0.0358,0.76
19161,replay,4000,0.0683,1.000,0.0358,0.76
19162,es_step,4000,0.0000,0.000,0.0358,2.06
19163,es_step,4000,0.0000,0.000,0.0358,2.06
19164,replay,4000,0.0690,1.000,0.0359,0.77
19165,replay,4000,0.0666,1.000,0.0359,0.77
19166,replay,4000,0.0685,1.000,0.0359,0.78
19167,es_step,4000,0.0000,0.000,0.0359,2.10
19168,replay,4000,0.0596,1.000,0.0359,0.77
19169,es_step,4000,0.0000,0.000,0.0359,2.07
19170,replay,4000,0.0641,1.000,0.0359,0.77
19171,es_step,4000,0.0000,0.000,0.0359,2.06
19172,replay,4000,0.0686,1.000,0.0359,0.76
19173,replay,4000,0.0622,1.000,0.0359,0.76
19174,es_step,4000,0.0000,0.000,0.0359,2.03
19175,replay,4000,0.0601,1.000,0.0359,0.75
19176,es_step,4000,0.0000,0.000,0.0359,2.03
19177,replay,4000,0.0600,1.000,0.0359,0.76
19178,replay,4000,0.0548,1.000,0.0359,0.76
19179,replay,4000,0.0549,1.000,0.0359,0.75
19180,replay,4000,0.0490,1.000,0.0358,0.77
19181,replay,4000,0.0496,1.000,0.0358,0.76
19182,replay,4000,0.0492,1.000,0.0358,0.76
19183,replay,4000,0.0417,1.000,0.0358,0.76
19184,replay,4000,0.0681,1.000,0.0357,0.76
19185,es_step,4000,0.0000,0.000,0.0357,2.02
19186,replay,4000,0.0559,1.000,0.0357,0.75
19187,es_step,4000,0.0000,0.000,0.0357,2.00
19188,replay,4000,0.0634,1.000,0.0357,0.75
19189,replay,4000,0.0716,1.000,0.0357,0.75
19190,es_step,4000,0.0000,0.000,0.0357,2.01
19191,replay,4000,0.0863,1.000,0.0357,0.75
19192,replay,4000,0.0879,1.000,0.0358,0.75
19193,replay,4000,0.0845,1.000,0.0358,0.75
19194,replay,4000,0.0810,1.000,0.0359,0.76
19195,es_step,4000,0.0000,0.000,0.0359,2.00
19196,replay,4000,0.0776,1.000,0.0359,0.75
19197,replay,4000,0.0800,1.000,0.0360,0.76
19198,replay,4000,0.0826,1.000,0.0360,0.76
19199,replay,4000,0.0827,1.000,0.0360,0.77
19200,replay,4000,0.0700,1.000,0.0360,0.76
19201,replay,4000,0.0658,1.000,0.0361,0.77
19202,replay,4000,0.0604,1.000,0.0361,0.77
19203,replay,4000,0.0642,1.000,0.0361,0.78
19204,replay,4000,0.0849,1.000,0.0362,0.78
19205,es_step,4000,0.0000,0.000,0.0362,2.08
19206,replay,4000,0.0845,1.000,0.0362,0.77
19207,es_step,4000,0.0000,0.000,0.0362,2.04
19208,es_step,4000,0.0000,0.000,0.0362,2.03
19209,replay,4000,0.0873,1.000,0.0363,0.77
19210,replay,4000,0.0852,1.000,0.0363,0.76
19211,replay,4000,0.0823,1.000,0.0364,0.77
19212,replay,4000,0.0795,1.000,0.0364,0.77
19213,replay,4000,0.0723,1.000,0.0365,0.76
19214,replay,4000,0.0730,1.000,0.0365,0.77
19215,replay,4000,0.0627,1.000,0.0365,0.78
19216,replay,4000,0.0660,1.000,0.0365,0.78
19217,replay,4000,0.0559,1.000,0.0365,0.78
19218,replay,4000,0.0596,1.000,0.0365,0.79
19219,es_step,4000,0.0000,0.000,0.0365,2.08
19220,replay,4000,0.0706,1.000,0.0365,0.77
19221,replay,4000,0.0612,1.000,0.0365,0.77
19222,replay,4000,0.0578,1.000,0.0365,0.77
19223,replay,4000,0.0737,1.000,0.0365,0.77
19224,replay,4000,0.0710,1.000,0.0364,0.77
19225,replay,4000,0.0603,1.000,0.0364,0.77
19226,replay,4000,0.0346,1.000,0.0364,0.77
19227,replay,4000,0.0113,1.000,0.0362,0.76
19228,replay,4000,0.0345,1.000,0.0361,0.77
19229,replay,4000,0.0305,1.000,0.0361,0.78
19230,replay,4000,0.0208,1.000,0.0360,0.77
19231,replay,4000,0.0510,1.000,0.0360,0.77
19232,replay,4000,0.0283,1.000,0.0359,0.78
19233,replay,4000,0.0393,1.000,0.0359,0.78
19234,replay,4000,0.0479,1.000,0.0359,0.77
19235,replay,4000,0.0515,1.000,0.0359,0.77
19236,replay,4000,0.0770,1.000,0.0360,0.77
19237,replay,4000,0.0704,1.000,0.0360,0.77
19238,replay,4000,0.0739,1.000,0.0360,0.76
19239,replay,4000,0.0711,1.000,0.0360,0.77
19240,es_step,4000,0.0000,0.000,0.0360,2.09
19241,replay,4000,0.0679,1.000,0.0361,0.77
19242,replay,4000,0.0685,1.000,0.0361,0.77
19243,replay,4000,0.0578,1.000,0.0360,0.77
19244,replay,4000,0.0619,1.000,0.0360,0.77
19245,replay,4000,0.0656,1.000,0.0360,0.77
19246,replay,4000,0.0638,1.000,0.0361,0.76
19247,replay,4000,0.0616,1.000,0.0361,0.78
19248,replay,4000,0.0635,1.000,0.0361,0.78
19249,replay,4000,0.0637,1.000,0.0361,0.78
19250,es_step,4000,0.0000,0.000,0.0361,2.07
19251,replay,4000,0.0573,1.000,0.0361,0.77
19252,replay,4000,0.0631,1.000,0.0361,0.77
19253,replay,4000,0.0566,1.000,0.0361,0.77
19254,replay,4000,0.0632,1.000,0.0361,0.78
19255,replay,4000,0.0542,1.000,0.0361,0.78
19256,replay,4000,0.0640,1.000,0.0361,0.78
19257,replay,4000,0.0690,1.000,0.0361,0.78
19258,replay,4000,0.0567,1.000,0.0360,0.77
19259,es_step,4000,0.0000,0.000,0.0360,2.07
19260,replay,4000,0.0769,1.000,0.0361,0.77
19261,replay,4000,0.0575,1.000,0.0361,0.78
19262,replay,4000,0.0737,1.000,0.0361,0.78
19263,replay,4000,0.0805,1.000,0.0362,0.79
19264,replay,4000,0.0810,1.000,0.0363,0.78
19265,replay,4000,0.0675,1.000,0.0365,0.78
19266,replay,4000,0.0830,1.000,0.0365,0.79
19267,replay,4000,0.0666,1.000,0.0365,0.79
19268,replay,4000,0.0646,1.000,0.0365,0.79
19269,replay,4000,0.0497,1.000,0.0365,0.78
19270,replay,4000,0.0235,1.000,0.0365,0.79
19271,es_step,4000,0.0000,0.000,0.0365,2.12
19272,replay,4000,-0.2039,1.000,0.0363,0.78
19273,replay,4000,0.0542,1.000,0.0363,0.78
19274,replay,4000,0.0652,1.000,0.0363,0.78
19275,replay,4000,0.0764,1.000,0.0364,0.77
19276,replay,4000,0.0869,1.000,0.0365,0.77
19277,replay,4000,0.1447,1.000,0.0366,0.77
19278,replay,4000,0.1126,1.000,0.0365,0.77
19279,es_step,4000,0.0000,0.000,0.0365,2.09
19280,replay,4000,0.0822,1.000,0.0366,0.77
19281,replay,4000,0.0868,1.000,0.0366,0.76
19282,replay,4000,0.0922,1.000,0.0367,0.77
19283,replay,4000,0.0824,1.000,0.0367,0.76
19284,es_step,4000,0.0000,0.000,0.0367,2.08
19285,es_step,4000,0.0000,0.000,0.0367,2.07
19286,es_step,4000,0.0000,0.000,0.0367,2.06
19287,replay,4000,0.0756,1.000,0.0367,0.76
19288,replay,4000,0.0749,1.000,0.0368,0.76
19289,replay,4000,0.0665,1.000,0.0368,0.76
19290,es_step,4000,0.0000,0.000,0.0368,2.04
19291,replay,4000,0.0726,1.000,0.0368,0.76
19292,replay,4000,0.0774,1.000,0.0368,0.75
19293,replay,4000,0.0706,1.000,0.0368,0.75
19294,replay,4000,0.0668,1.000,0.0368,0.75
19295,replay,4000,0.0591,1.000,0.0368,0.75
19296,replay,4000,0.0728,1.000,0.0369,0.76
19297,es_step,4000,0.0000,0.000,0.0369,2.06
19298,replay,4000,0.0799,1.000,0.0370,0.76
19299,replay,4000,0.0704,1.000,0.0371,0.76
19300,replay,4000,0.0536,1.000,0.0371,0.75
19301,replay,4000,0.0944,1.000,0.0372,0.76
19302,replay,4000,0.1035,1.000,0.0373,0.77
19303,replay,4000,0.0983,1.000,0.0374,0.77
19304,replay,4000,0.1056,1.000,0.0375,3.22
19305,replay,4000,0.1031,1.000,0.0375,0.77
19306,es_step,4000,0.0000,0.000,0.0375,2.06
19307,replay,4000,0.0946,1.000,0.0376,0.77
19308,replay,4000,0.0843,1.000,0.0376,0.79
19309,es_step,4000,0.0000,0.000,0.0376,2.08
19310,replay,4000,0.0744,1.000,0.0376,0.77
19311,replay,4000,0.0589,1.000,0.0377,0.77
19312,es_step,4000,0.0000,0.000,0.0377,2.05
19313,replay,4000,0.0597,1.000,0.0377,0.76
19314,es_step,4000,0.0000,0.000,0.0377,2.02
19315,replay,4000,0.0531,1.000,0.0377,0.76
19316,replay,4000,0.0325,1.000,0.0376,0.75
19317,replay,4000,0.0589,1.000,0.0376,0.75
19318,replay,4000,0.0733,1.000,0.0376,0.76
19319,replay,4000,0.0447,1.000,0.0376,0.76
19320,es_step,4000,0.0000,0.000,0.0376,2.01
19321,replay,4000,0.0492,1.000,0.0376,0.75
19322,replay,4000,0.0589,1.000,0.0377,0.75
19323,es_step,4000,0.0000,0.000,0.0377,2.00
19324,es_step,4000,0.0000,0.000,0.0377,2.00
19325,replay,4000,0.0528,1.000,0.0376,0.75
19326,replay,4000,0.0676,1.000,0.0376,0.75
19327,replay,4000,0.0756,1.000,0.0376,0.76
19328,replay,4000,0.0694,1.000,0.0376,0.77
19329,replay,4000,0.0656,1.000,0.0376,0.78
19330,replay,4000,0.0664,1.000,0.0376,0.77
19331,replay,4000,0.0508,1.000,0.0375,0.78
19332,replay,4000,0.0691,1.000,0.0375,0.78
19333,replay,4000,0.0709,1.000,0.0375,0.78
19334,replay,4000,0.0545,1.000,0.0375,0.78
19335,replay,4000,0.0363,1.000,0.0375,0.78
19336,es_step,4000,0.0000,0.000,0.0375,2.06
19337,replay,4000,0.0441,1.000,0.0374,0.77
19338,replay,4000,0.0506,1.000,0.0374,0.77
19339,replay,4000,0.0450,1.000,0.0374,0.76
19340,es_step,4000,0.0000,0.000,0.0374,2.01
19341,replay,4000,0.0766,1.000,0.0373,0.75
19342,replay,4000,0.0458,1.000,0.0373,0.75
19343,replay,4000,0.0604,1.000,0.0374,0.75
19344,replay,4000,0.0701,1.000,0.0374,0.76
19345,replay,4000,0.0708,1.000,0.0374,0.76
19346,replay,4000,0.0772,1.000,0.0374,0.76
19347,replay,4000,0.1292,1.000,0.0375,0.76
19348,replay,4000,0.0822,1.000,0.0375,0.76
19349,replay,4000,0.0736,1.000,0.0375,0.77
19350,replay,4000,0.0861,1.000,0.0376,0.77
19351,es_step,4000,0.0000,0.000,0.0376,2.06
19352,replay,4000,0.0837,1.000,0.0376,0.76
19353,replay,4000,0.0723,1.000,0.0376,0.76
19354,es_step,4000,0.0000,0.000,0.0376,2.02
19355,replay,4000,0.0540,1.000,0.0376,0.75
19356,replay,4000,0.0504,1.000,0.0375,0.75
19357,replay,4000,0.0351,1.000,0.0375,0.75
19358,es_step,4000,0.0000,0.000,0.0375,2.00
19359,replay,4000,0.0425,1.000,0.0374,0.75
19360,replay,4000,0.0503,1.000,0.0373,0.75
19361,replay,4000,0.0237,1.000,0.0373,0.75
19362,replay,4000,0.0377,1.000,0.0372,0.75
19363,replay,4000,0.0595,1.000,0.0372,0.75
19364,replay,4000,0.0440,1.000,0.0372,0.76
19365,replay,4000,0.0432,1.000,0.0372,0.77
19366,es_step,4000,0.0000,0.000,0.0372,2.04
19367,replay,4000,0.0586,1.000,0.0371,0.76
19368,es_step,4000,0.0000,0.000,0.0371,2.01
19369,es_step,4000,0.0000,0.000,0.0371,1.98
19370,es_step,4000,0.0000,0.000,0.0371,1.99
19371,replay,4000,0.0381,1.000,0.0371,0.76
19372,replay,4000,0.0713,1.000,0.0371,0.76
19373,replay,4000,0.0640,1.000,0.0371,0.76
19374,replay,4000,0.0589,1.000,0.0371,0.76
19375,replay,4000,0.0488,1.000,0.0371,0.75
19376,es_step,4000,0.0000,0.000,0.0371,2.01
19377,replay,4000,0.0750,1.000,0.0371,0.75
19378,replay,4000,0.0532,1.000,0.0372,0.75
19379,replay,4000,0.0690,1.000,0.0372,0.74
19380,replay,4000,0.0679,1.000,0.0373,0.75
19381,es_step,4000,0.0000,0.000,0.0373,1.98
19382,es_step,4000,0.0000,0.000,0.0373,2.01
19383,es_step,4000,0.0000,0.000,0.0373,1.98
19384,replay,4000,0.0638,1.000,0.0373,0.74
19385,replay,4000,0.0640,1.000,0.0374,0.75
19386,replay,4000,0.0646,1.000,0.0374,0.76
19387,replay,4000,0.0649,1.000,0.0374,0.77
19388,replay,4000,0.0576,1.000,0.0375,0.77
19389,replay,4000,0.0498,1.000,0.0375,0.76
19390,replay,4000,0.0668,1.000,0.0375,0.77
19391,es_step,4000,0.0000,0.000,0.0375,2.05
19392,es_step,4000,0.0000,0.000,0.0375,2.02
19393,replay,4000,0.0603,1.000,0.0375,0.75
19394,replay,4000,0.0668,1.000,0.0375,0.75
19395,replay,4000,0.0648,1.000,0.0375,0.75
19396,replay,4000,0.0661,1.000,0.0375,0.76
19397,replay,4000,0.0599,1.000,0.0375,0.75
19398,replay,4000,0.0598,1.000,0.0375,0.76
19399,replay,4000,0.0422,1.000,0.0375,0.76
19400,replay,4000,0.0433,1.000,0.0375,0.75
19401,replay,4000,0.0431,1.000,0.0375,0.75
19402,replay,4000,0.0512,1.000,0.0375,0.75
19403,replay,4000,0.0577,1.000,0.0375,0.75
19404,replay,4000,0.0556,1.000,0.0375,0.75
19405,replay,4000,0.0607,1.000,0.0375,0.75
19406,replay,4000,0.0586,1.000,0.0375,0.75
19407,replay,4000,0.0597,1.000,0.0375,0.75
19408,replay,4000,0.0543,1.000,0.0375,0.75
19409,replay,4000,0.0602,1.000,0.0375,0.75
19410,replay,4000,0.0561,1.000,0.0375,0.75
19411,replay,4000,0.0582,1.000,0.0375,0.75
19412,replay,4000,0.0618,1.000,0.0375,0.75
19413,es_step,4000,0.0000,0.000,0.0375,2.01
19414,replay,4000,0.0529,1.000,0.0375,0.76
19415,replay,4000,0.0628,1.000,0.0375,0.77
19416,es_step,4000,0.0000,0.000,0.0375,2.02
19417,es_step,4000,0.0000,0.000,0.0375,1.99
19418,es_step,4000,0.0000,0.000,0.0375,1.97
19419,es_step,4000,0.0000,0.000,0.0375,1.96
19420,replay,4000,0.0426,1.000,0.0375,0.74
19421,replay,4000,0.0598,1.000,0.0375,0.74
19422,replay,4000,0.0592,1.000,0.0375,0.74
19423,replay,4000,0.0573,1.000,0.0375,0.74
19424,replay,4000,0.0644,1.000,0.0375,0.75
19425,replay,4000,0.0688,1.000,0.0375,0.76
19426,replay,4000,0.0618,1.000,0.0376,0.75
19427,replay,4000,0.0688,1.000,0.0375,0.76
19428,replay,4000,0.0628,1.000,0.0376,0.76
19429,es_step,4000,0.0000,0.000,0.0376,2.02
19430,replay,4000,0.0632,1.000,0.0376,0.75
19431,replay,4000,0.0617,1.000,0.0376,0.75
19432,replay,4000,0.0579,1.000,0.0376,0.75
19433,replay,4000,0.0630,1.000,0.0375,0.75
19434,replay,4000,0.0565,1.000,0.0375,0.75
19435,replay,4000,0.0608,1.000,0.0375,0.75
19436,replay,4000,0.0582,1.000,0.0375,0.75
19437,replay,4000,0.0636,1.000,0.0375,0.75
19438,replay,4000,0.0619,1.000,0.0375,0.75
19439,replay,4000,0.0619,1.000,0.0375,0.75
19440,replay,4000,0.0625,1.000,0.0375,0.77
19441,es_step,4000,0.0000,0.000,0.0375,2.04
19442,replay,4000,0.0646,1.000,0.0375,0.76
19443,replay,4000,0.0684,1.000,0.0375,0.76
19444,replay,4000,0.0596,1.000,0.0375,0.76
19445,replay,4000,0.0602,1.000,0.0375,0.76
19446,es_step,4000,0.0000,0.000,0.0375,2.02
19447,replay,4000,0.0595,1.000,0.0375,0.76
19448,replay,4000,0.0608,1.000,0.0375,0.77
19449,replay,4000,0.0666,1.000,0.0375,0.77
19450,replay,4000,0.0582,1.000,0.0375,0.78
19451,replay,4000,0.0658,1.000,0.0375,0.78
19452,replay,4000,0.0656,1.000,0.0375,0.78
19453,es_step,4000,0.0000,0.000,0.0375,2.08
19454,replay,4000,0.0652,1.000,0.0376,0.77
19455,replay,4000,0.0609,1.000,0.0376,0.76
19456,replay,4000,0.0616,1.000,0.0376,0.76
19457,replay,4000,0.0707,1.000,0.0376,0.77
19458,es_step,4000,0.0000,0.000,0.0376,2.03
19459,replay,4000,0.0734,1.000,0.0377,0.76
19460,replay,4000,0.0440,1.000,0.0377,0.76
19461,replay,4000,0.0736,1.000,0.0377,0.78
19462,es_step,4000,0.0000,0.000,0.0377,2.08
19463,replay,4000,0.0775,1.000,0.0377,0.77
19464,replay,4000,0.0749,1.000,0.0378,0.77
19465,replay,4000,0.0649,1.000,0.0377,0.77
19466,replay,4000,0.0674,1.000,0.0377,0.76
19467,replay,4000,0.0739,1.000,0.0378,0.77
19468,replay,4000,0.0739,1.000,0.0378,0.78
19469,replay,4000,0.0654,1.000,0.0378,0.78
19470,replay,4000,0.0686,1.000,0.0378,0.77
19471,replay,4000,0.0677,1.000,0.0379,0.77
19472,replay,4000,0.0669,1.000,0.0379,0.77
19473,replay,4000,0.0593,1.000,0.0379,0.78
19474,es_step,4000,0.0000,0.000,0.0379,2.09
19475,replay,4000,0.0602,1.000,0.0379,0.76
19476,replay,4000,0.0744,1.000,0.0380,0.78
19477,es_step,4000,0.0000,0.000,0.0380,2.08
19478,replay,4000,0.0886,1.000,0.0380,0.76
19479,replay,4000,0.0881,1.000,0.0380,0.77
19480,replay,4000,0.0850,1.000,0.0381,0.76
19481,replay,4000,0.0807,1.000,0.0381,0.76
19482,es_step,4000,0.0000,0.000,0.0381,2.05
19483,replay,4000,0.0746,1.000,0.0381,0.76
19484,replay,4000,0.0659,1.000,0.0381,0.76
19485,replay,4000,0.0473,1.000,0.0381,0.76
19486,replay,4000,0.0741,1.000,0.0381,0.76
19487,replay,4000,0.0507,1.000,0.0380,0.75
19488,replay,4000,0.0575,1.000,0.0380,0.76
19489,replay,4000,0.0472,1.000,0.0380,0.76
19490,replay,4000,0.0449,1.000,0.0380,0.76
19491,replay,4000,0.0514,1.000,0.0379,0.76
19492,es_step,4000,0.0000,0.000,0.0379,2.04
19493,replay,4000,0.0554,1.000,0.0379,0.76
19494,replay,4000,0.0470,1.000,0.0379,0.76
19495,replay,4000,0.0612,1.000,0.0379,0.75
19496,replay,4000,0.0630,1.000,0.0379,0.75
19497,replay,4000,0.0636,1.000,0.0379,0.76
19498,replay,4000,0.0626,1.000,0.0379,0.76
19499,replay,4000,0.0645,1.000,0.0379,0.76
19500,es_step,4000,0.0000,0.000,0.0379,2.04
19501,replay,4000,0.0678,1.000,0.0379,0.76
19502,replay,4000,0.0630,1.000,0.0379,0.76
19503,replay,4000,0.0582,1.000,0.0379,0.76
19504,es_step,4000,0.0000,0.000,0.0379,2.02
19505,replay,4000,0.0440,1.000,0.0379,0.75
19506,replay,4000,0.0584,1.000,0.0379,0.75
19507,replay,4000,0.0600,1.000,0.0379,0.75
19508,replay,4000,0.0576,1.000,0.0379,0.75
19509,replay,4000,0.0392,1.000,0.0379,0.75
19510,es_step,4000,0.0000,0.000,0.0379,2.00
19511,es_step,4000,0.0000,0.000,0.0379,1.99
19512,replay,4000,0.0475,1.000,0.0378,0.75
19513,es_step,4000,0.0000,0.000,0.0378,2.00
19514,replay,4000,0.0445,1.000,0.0378,0.74
19515,replay,4000,0.0545,1.000,0.0378,0.75
19516,replay,4000,0.0470,1.000,0.0378,0.75
19517,replay,4000,0.0396,1.000,0.0377,0.76
19518,replay,4000,0.0415,1.000,0.0377,0.76
19519,replay,4000,0.0399,1.000,0.0377,0.77
19520,replay,4000,0.0460,1.000,0.0376,0.77
19521,replay,4000,0.0590,1.000,0.0376,0.76
19522,replay,4000,0.0645,1.000,0.0376,0.76
19523,es_step,4000,0.0000,0.000,0.0376,2.01
19524,replay,4000,0.0420,1.000,0.0376,0.75
19525,replay,4000,0.0564,1.000,0.0376,0.76
19526,replay,4000,0.0494,1.000,0.0375,0.76
19527,replay,4000,0.0476,1.000,0.0375,0.76
19528,replay,4000,0.0523,1.000,0.0375,0.76
19529,replay,4000,0.0341,1.000,0.0375,0.76
19530,replay,4000,0.0432,1.000,0.0374,0.76
19531,es_step,4000,0.0000,0.000,0.0374,2.01
19532,es_step,4000,0.0000,0.000,0.0374,2.01
19533,replay,4000,0.0514,1.000,0.0374,0.75
19534,replay,4000,0.0639,1.000,0.0374,0.75
19535,replay,4000,0.0551,1.000,0.0374,0.75
19536,replay,4000,0.0586,1.000,0.0374,0.76
19537,replay,4000,0.0375,1.000,0.0373,0.76
19538,replay,4000,0.0157,1.000,0.0372,0.76
19539,replay,4000,0.0551,1.000,0.0372,0.76
19540,replay,4000,0.0595,1.000,0.0372,0.76
19541,es_step,4000,0.0000,0.000,0.0372,2.01
19542,replay,4000,0.0549,1.000,0.0371,0.75
19543,replay,4000,0.0518,1.000,0.0371,0.75
19544,replay,4000,0.0326,1.000,0.0371,0.76
19545,replay,4000,0.0354,1.000,0.0370,0.78
19546,replay,4000,0.0360,1.000,0.0369,0.77
19547,replay,4000,0.0410,1.000,0.0369,0.78
19548,replay,4000,0.0514,1.000,0.0369,0.77
19549,replay,4000,0.0367,1.000,0.0368,0.77
19550,replay,4000,0.0481,1.000,0.0368,0.77
19551,replay,4000,0.0576,1.000,0.0368,0.77
19552,replay,4000,0.0567,1.000,0.0368,0.78
19553,replay,4000,0.0537,1.000,0.0368,0.78
19554,replay,4000,0.0535,1.000,0.0368,0.78
19555,replay,4000,0.0585,1.000,0.0368,0.79
19556,replay,4000,0.0561,1.000,0.0368,0.79
19557,replay,4000,0.0535,1.000,0.0368,0.78
19558,es_step,4000,0.0000,0.000,0.0368,2.10
19559,replay,4000,0.0514,1.000,0.0368,0.78
19560,replay,4000,0.0593,1.000,0.0367,0.78
19561,replay,4000,0.0500,1.000,0.0367,0.77
19562,replay,4000,0.0591,1.000,0.0367,0.77
19563,es_step,4000,0.0000,0.000,0.0367,2.07
19564,replay,4000,0.0632,1.000,0.0367,0.76
19565,replay,4000,0.0692,1.000,0.0367,0.76
19566,replay,4000,0.0664,1.000,0.0367,0.76
19567,es_step,4000,0.0000,0.000,0.0367,2.05
19568,es_step,4000,0.0000,0.000,0.0367,2.04
19569,replay,4000,0.0585,1.000,0.0367,0.76
19570,replay,4000,0.0650,1.000,0.0367,0.76
19571,es_step,4000,0.0000,0.000,0.0367,2.02
19572,replay,4000,0.0566,1.000,0.0367,0.77
19573,replay,4000,0.0609,1.000,0.0367,0.78
19574,replay,4000,0.0586,1.000,0.0366,0.77
19575,replay,4000,0.0583,1.000,0.0366,0.78
19576,es_step,4000,0.0000,0.000,0.0366,2.05
19577,es_step,4000,0.0000,0.000,0.0366,2.03
19578,replay,4000,0.0628,1.000,0.0366,0.75
19579,replay,4000,0.0624,1.000,0.0366,0.75
19580,replay,4000,0.0564,1.000,0.0366,0.76
19581,replay,4000,0.0631,1.000,0.0366,0.77
19582,replay,4000,0.0713,1.000,0.0366,0.76
19583,replay,4000,0.0689,1.000,0.0366,0.76
19584,replay,4000,0.0724,1.000,0.0366,0.77
19585,replay,4000,0.0650,1.000,0.0367,0.77
19586,replay,4000,0.0571,1.000,0.0367,0.77
19587,replay,4000,0.0644,1.000,0.0367,0.77
19588,replay,4000,0.0513,1.000,0.0367,0.77
19589,replay,4000,0.0606,1.000,0.0367,0.77
19590,replay,4000,0.0668,1.000,0.0367,0.77
19591,replay,4000,0.0586,1.000,0.0367,0.77
19592,replay,4000,0.0537,1.000,0.0367,0.77
19593,replay,4000,0.0671,1.000,0.0368,0.77
19594,es_step,4000,0.0000,0.000,0.0368,2.04
19595,replay,4000,0.0763,1.000,0.0368,0.75
19596,replay,4000,0.0772,1.000,0.0368,0.75
19597,replay,4000,0.0629,1.000,0.0369,0.75
19598,replay,4000,0.0688,1.000,0.0369,0.75
19599,replay,4000,0.0714,1.000,0.0369,0.75
19600,es_step,4000,0.0000,0.000,0.0369,2.01
19601,replay,4000,0.0679,1.000,0.0369,3.21
19602,es_step,4000,0.0000,0.000,0.0369,2.02
19603,replay,4000,0.0659,1.000,0.0369,0.75
19604,replay,4000,0.0634,1.000,0.0369,0.75
19605,replay,4000,0.0623,1.000,0.0369,0.75
19606,replay,4000,0.0716,1.000,0.0369,0.75
19607,replay,4000,0.0546,1.000,0.0369,0.75
19608,replay,4000,0.0500,1.000,0.0368,0.75
19609,replay,4000,0.0590,1.000,0.0368,0.76
19610,es_step,4000,0.0000,0.000,0.0368,2.03
19611,replay,4000,0.0385,1.000,0.0367,0.76
19612,replay,4000,0.0450,1.000,0.0367,0.76
19613,es_step,4000,0.0000,0.000,0.0367,2.02
19614,replay,4000,0.0378,1.000,0.0366,0.75
19615,es_step,4000,0.0000,0.000,0.0366,2.01
19616,replay,4000,0.0331,1.000,0.0366,0.75
19617,replay,4000,0.0373,1.000,0.0365,0.75
19618,replay,4000,0.0570,1.000,0.0365,0.75
19619,replay,4000,0.0472,1.000,0.0364,0.74
19620,es_step,4000,0.0000,0.000,0.0364,2.02
19621,replay,4000,0.0462,1.000,0.0364,0.76
19622,replay,4000,0.0578,1.000,0.0364,0.76
19623,replay,4000,0.0655,1.000,0.0364,0.76
19624,replay,4000,0.0618,1.000,0.0364,0.76
19625,replay,4000,0.0519,1.000,0.0363,0.75
19626,replay,4000,0.0533,1.000,0.0363,0.76
19627,es_step,4000,0.0000,0.000,0.0363,2.05
19628,replay,4000,0.0512,1.000,0.0362,0.76
19629,replay,4000,0.0435,1.000,0.0362,0.77
19630,replay,4000,0.0328,1.000,0.0361,0.77
19631,replay,4000,0.0355,1.000,0.0361,0.77
19632,replay,4000,0.0192,1.000,0.0360,0.77
19633,replay,4000,0.0255,1.000,0.0359,0.77
19634,replay,4000,0.0443,1.000,0.0359,0.76
19635,replay,4000,0.0403,1.000,0.0358,0.76
19636,replay,4000,0.0651,1.000,0.0358,0.76
19637,replay,4000,0.0736,1.000,0.0358,0.76
19638,es_step,4000,0.0000,0.000,0.0358,2.02
19639,replay,4000,0.0731,1.000,0.0359,0.75
19640,replay,4000,0.0683,1.000,0.0359,0.76
19641,replay,4000,0.0809,1.000,0.0359,0.77
19642,replay,4000,0.0627,1.000,0.0359,0.77
19643,replay,4000,0.0697,1.000,0.0359,0.77
19644,replay,4000,0.0615,1.000,0.0360,0.76
19645,es_step,4000,0.0000,0.000,0.0360,2.06
19646,replay,4000,0.0648,1.000,0.0360,0.76
19647,es_step,4000,0.0000,0.000,0.0360,2.03
19648,replay,4000,0.0643,1.000,0.0360,0.76
19649,replay,4000,0.0482,1.000,0.0360,0.75
19650,replay,4000,0.0550,1.000,0.0360,0.75
19651,replay,4000,0.0504,1.000,0.0360,0.75
19652,replay,4000,0.0474,1.000,0.0360,0.75
19653,replay,4000,0.0554,1.000,0.0360,0.76
19654,replay,4000,0.0611,1.000,0.0360,0.76
19655,replay,4000,0.0538,1.000,0.0360,0.76
19656,replay,4000,0.0504,1.000,0.0360,0.76
19657,es_step,4000,0.0000,0.000,0.0360,2.03
19658,replay,4000,0.0440,1.000,0.0359,0.77
19659,es_step,4000,0.0000,0.000,0.0359,2.05
19660,replay,4000,0.0474,1.000,0.0359,0.76
19661,replay,4000,0.0414,1.000,0.0359,0.76
19662,replay,4000,0.0431,1.000,0.0359,0.77
19663,replay,4000,0.0409,1.000,0.0358,0.78
19664,replay,4000,0.0447,1.000,0.0358,0.78
19665,replay,4000,0.0442,1.000,0.0358,0.78
19666,replay,4000,0.0509,1.000,0.0358,0.78
19667,replay,4000,0.0602,1.000,0.0358,0.78
19668,replay,4000,0.0606,1.000,0.0358,0.77
19669,replay,4000,0.0516,1.000,0.0358,0.77
19670,es_step,4000,0.0000,0.000,0.0358,2.09
19671,replay,4000,0.0679,1.000,0.0358,0.77
19672,replay,4000,0.0522,1.000,0.0359,0.77
19673,replay,4000,0.0712,1.000,0.0359,0.77
19674,replay,4000,0.0702,1.000,0.0359,0.76
19675,es_step,4000,0.0000,0.000,0.0359,2.06
19676,replay,4000,0.0708,1.000,0.0359,0.76
19677,replay,4000,0.0641,1.000,0.0359,0.77
19678,replay,4000,0.0578,1.000,0.0360,0.77
19679,replay,4000,0.0524,1.000,0.0359,0.76
19680,replay,4000,0.0538,1.000,0.0359,0.76
19681,es_step,4000,0.0000,0.000,0.0359,2.07
19682,replay,4000,0.0465,1.000,0.0359,0.76
19683,replay,4000,0.0411,1.000,0.0358,0.76
19684,replay,4000,0.0464,1.000,0.0358,0.76
19685,replay,4000,0.0497,1.000,0.0358,0.76
19686,replay,4000,0.0257,1.000,0.0357,0.76
19687,replay,4000,0.0652,1.000,0.0357,0.75
19688,replay,4000,0.0536,1.000,0.0357,0.76
19689,replay,4000,0.0676,1.000,0.0357,0.75
19690,es_step,4000,0.0000,0.000,0.0357,2.06
19691,es_step,4000,0.0000,0.000,0.0357,2.05
19692,replay,4000,0.0680,1.000,0.0357,0.76
19693,replay,4000,0.0643,1.000,0.0358,0.75
19694,replay,4000,0.0859,1.000,0.0358,0.75
19695,es_step,4000,0.0000,0.000,0.0358,2.02
19696,replay,4000,0.0822,1.000,0.0358,0.75
19697,replay,4000,0.0776,1.000,0.0359,0.75
19698,es_step,4000,0.0000,0.000,0.0359,2.01
19699,replay,4000,0.0685,1.000,0.0359,0.74
19700,replay,4000,0.0596,1.000,0.0359,0.75
19701,replay,4000,0.0660,1.000,0.0359,0.76
19702,replay,4000,0.0703,1.000,0.0359,0.76
19703,replay,4000,0.0623,1.000,0.0359,0.76
19704,replay,4000,0.0465,1.000,0.0359,0.76
19705,replay,4000,0.0556,1.000,0.0359,0.76
19706,replay,4000,0.0450,1.000,0.0359,0.76
19707,replay,4000,0.0589,1.000,0.0359,0.76
19708,replay,4000,0.0540,1.000,0.0358,0.76
19709,replay,4000,0.0494,1.000,0.0358,0.76
19710,replay,4000,0.0521,1.000,0.0358,0.76
19711,replay,4000,0.0484,1.000,0.0358,0.76
19712,es_step,4000,0.0000,0.000,0.0358,2.05
19713,es_step,4000,0.0000,0.000,0.0358,2.04
19714,replay,4000,0.0514,1.000,0.0358,0.75
19715,replay,4000,0.0383,1.000,0.0357,0.76
19716,replay,4000,0.0431,1.000,0.0357,0.75
19717,es_step,4000,0.0000,0.000,0.0357,2.01
19718,replay,4000,0.0450,1.000,0.0356,0.75
19719,replay,4000,0.0443,1.000,0.0356,0.75
19720,replay,4000,0.0432,1.000,0.0356,0.75
19721,replay,4000,0.0515,1.000,0.0356,0.75
19722,replay,4000,0.0459,1.000,0.0355,0.75
19723,replay,4000,0.0535,1.000,0.0355,0.75
19724,replay,4000,0.0399,1.000,0.0355,0.74
19725,replay,4000,0.0541,1.000,0.0355,0.74
19726,replay,4000,0.0495,1.000,0.0354,0.74
19727,replay,4000,0.0393,1.000,0.0354,0.74
19728,es_step,4000,0.0000,0.000,0.0354,2.00
19729,replay,4000,0.0341,1.000,0.0354,0.74
19730,replay,4000,0.0239,1.000,0.0353,0.75
19731,es_step,4000,0.0000,0.000,0.0353,2.00
19732,replay,4000,0.0332,1.000,0.0352,0.75
19733,replay,4000,0.0364,1.000,0.0352,0.75
19734,es_step,4000,0.0000,0.000,0.0352,1.98
19735,replay,4000,0.0485,1.000,0.0352,0.75
19736,replay,4000,0.0487,1.000,0.0351,0.75
19737,replay,4000,0.0528,1.000,0.0351,0.75
19738,replay,4000,0.0505,1.000,0.0351,0.75
19739,replay,4000,0.0480,1.000,0.0351,0.76
19740,replay,4000,0.0457,1.000,0.0350,0.76
19741,replay,4000,0.0369,1.000,0.0350,0.77
19742,replay,4000,0.0440,1.000,0.0350,0.77
19743,replay,4000,0.0357,1.000,0.0349,0.77
19744,es_step,4000,0.0000,0.000,0.0349,2.06
19745,replay,4000,0.0344,1.000,0.0349,0.77
19746,replay,4000,0.0444,1.000,0.0349,0.77
19747,replay,4000,0.0510,1.000,0.0348,0.77
19748,replay,4000,0.0508,1.000,0.0348,0.77
19749,replay,4000,0.0610,1.000,0.0348,0.77
19750,replay,4000,0.0574,1.000,0.0348,0.77
19751,replay,4000,0.0577,1.000,0.0348,0.78
19752,replay,4000,0.0603,1.000,0.0348,0.78
19753,es_step,4000,0.0000,0.000,0.0348,2.07
19754,replay,4000,0.0555,1.000,0.0348,0.77
19755,replay,4000,0.0585,1.000,0.0348,0.77
19756,replay,4000,0.0602,1.000,0.0348,0.78
19757,replay,4000,0.0545,1.000,0.0348,0.77
19758,replay,4000,0.0566,1.000,0.0348,0.77
19759,replay,4000,0.0516,1.000,0.0348,0.78
19760,replay,4000,0.0483,1.000,0.0348,0.78
19761,replay,4000,0.0498,1.000,0.0348,0.78
19762,es_step,4000,0.0000,0.000,0.0348,2.10
19763,replay,4000,0.0411,1.000,0.0348,0.78
19764,replay,4000,0.0325,1.000,0.0347,0.78
19765,replay,4000,0.0543,1.000,0.0347,0.77
19766,replay,4000,0.0585,1.000,0.0347,0.77
19767,es_step,4000,0.0000,0.000,0.0347,2.08
19768,es_step,4000,0.0000,0.000,0.0347,2.06
19769,replay,4000,0.0565,1.000,0.0347,0.76
19770,es_step,4000,0.0000,0.000,0.0347,2.05
19771,replay,4000,0.0547,1.000,0.0347,0.76
19772,replay,4000,0.0563,1.000,0.0346,0.75
19773,replay,4000,0.0568,1.000,0.0346,0.75
19774,replay,4000,0.0539,1.000,0.0346,0.76
19775,replay,4000,0.0342,1.000,0.0345,0.77
19776,replay,4000,0.0520,1.000,0.0345,0.78
19777,replay,4000,0.0163,1.000,0.0344,0.77
19778,replay,4000,0.0315,1.000,0.0345,0.77
19779,es_step,4000,0.0000,0.000,0.0345,2.07
19780,es_step,4000,0.0000,0.000,0.0345,2.07
19781,es_step,4000,0.0000,0.000,0.0345,2.04
19782,replay,4000,0.0325,1.000,0.0344,0.75
19783,replay,4000,0.0599,1.000,0.0344,0.75
19784,replay,4000,0.0613,1.000,0.0344,0.75
19785,replay,4000,0.0617,1.000,0.0344,0.76
19786,replay,4000,0.0511,1.000,0.0344,0.75
19787,es_step,4000,0.0000,0.000,0.0344,2.02
19788,es_step,4000,0.0000,0.000,0.0344,2.00
19789,replay,4000,0.0474,1.000,0.0343,0.75
19790,replay,4000,0.0539,1.000,0.0343,0.75
19791,replay,4000,0.0429,1.000,0.0342,0.75
19792,replay,4000,0.0304,1.000,0.0342,0.75
19793,replay,4000,0.0148,1.000,0.0340,0.75
19794,replay,4000,0.0221,1.000,0.0339,0.75
19795,replay,4000,0.0314,1.000,0.0339,0.75
19796,es_step,4000,0.0000,0.000,0.0339,2.02
19797,replay,4000,0.0438,1.000,0.0338,0.75
19798,replay,4000,0.0285,1.000,0.0338,0.75
19799,replay,4000,0.0445,1.000,0.0338,0.76
19800,replay,4000,0.0475,1.000,0.0337,0.77
19801,replay,4000,0.0493,1.000,0.0337,0.76
19802,es_step,4000,0.0000,0.000,0.0337,2.04
19803,replay,4000,0.0393,1.000,0.0338,0.75
19804,replay,4000,0.0445,1.000,0.0338,0.76
19805,es_step,4000,0.0000,0.000,0.0338,2.04
19806,replay,4000,0.0529,1.000,0.0338,0.75
19807,es_step,4000,0.0000,0.000,0.0338,2.01
19808,es_step,4000,0.0000,0.000,0.0338,2.02
19809,replay,4000,0.0583,1.000,0.0338,0.75
19810,es_step,4000,0.0000,0.000,0.0338,2.00
19811,replay,4000,0.0583,1.000,0.0338,0.75
19812,replay,4000,0.0558,1.000,0.0338,0.75
19813,replay,4000,0.0469,1.000,0.0337,0.75
19814,replay,4000,0.0233,1.000,0.0337,0.76
19815,replay,4000,0.0369,1.000,0.0336,0.76
19816,es_step,4000,0.0000,0.000,0.0336,2.03
19817,replay,4000,0.0339,1.000,0.0335,0.76
19818,replay,4000,0.0341,1.000,0.0335,0.77
19819,replay,4000,0.0446,1.000,0.0335,0.77
19820,es_step,4000,0.0000,0.000,0.0335,2.03
19821,replay,4000,0.0350,1.000,0.0334,0.75
19822,es_step,4000,0.0000,0.000,0.0334,2.00
19823,es_step,4000,0.0000,0.000,0.0334,1.98
19824,replay,4000,0.0422,1.000,0.0334,0.75
19825,replay,4000,0.0432,1.000,0.0334,0.75
19826,replay,4000,0.0507,1.000,0.0334,0.74
19827,replay,4000,0.0506,1.000,0.0334,0.74
19828,replay,4000,0.0502,1.000,0.0334,0.75
19829,es_step,4000,0.0000,0.000,0.0334,1.98
19830,es_step,4000,0.0000,0.000,0.0334,1.97
19831,replay,4000,0.0575,1.000,0.0334,0.74
19832,replay,4000,0.0574,1.000,0.0334,0.75
19833,replay,4000,0.0641,1.000,0.0334,0.75
19834,replay,4000,0.0500,1.000,0.0333,0.76
19835,replay,4000,0.0561,1.000,0.0333,0.77
19836,replay,4000,0.0527,1.000,0.0333,0.76
19837,replay,4000,0.0509,1.000,0.0332,0.77
19838,replay,4000,0.0480,1.000,0.0332,0.76
19839,replay,4000,0.0546,1.000,0.0331,0.76
19840,replay,4000,0.0517,1.000,0.0331,0.76
19841,replay,4000,0.0550,1.000,0.0331,0.77
19842,replay,4000,0.0448,1.000,0.0331,0.78
19843,replay,4000,0.0600,1.000,0.0331,0.77
19844,replay,4000,0.0763,1.000,0.0331,0.77
19845,replay,4000,0.0718,1.000,0.0331,0.78
19846,es_step,4000,0.0000,0.000,0.0331,2.10
19847,es_step,4000,0.0000,0.000,0.0331,2.06
19848,replay,4000,0.0646,1.000,0.0331,0.76
19849,replay,4000,0.0501,1.000,0.0331,0.76
19850,es_step,4000,0.0000,0.000,0.0331,2.03
19851,replay,4000,0.0472,1.000,0.0330,0.76
19852,replay,4000,0.0484,1.000,0.0330,0.76
19853,replay,4000,0.0495,1.000,0.0330,0.75
19854,es_step,4000,0.0000,0.000,0.0330,2.01
19855,replay,4000,0.0518,1.000,0.0329,0.76
19856,replay,4000,0.0481,1.000,0.0329,0.76
19857,replay,4000,0.0504,1.000,0.0329,0.75
19858,es_step,4000,0.0000,0.000,0.0329,2.01
19859,replay,4000,0.0444,1.000,0.0328,0.75
19860,replay,4000,0.0319,1.000,0.0328,0.75
19861,replay,4000,0.0514,1.000,0.0327,0.75
19862,replay,4000,0.0513,1.000,0.0327,0.76
19863,replay,4000,0.0407,1.000,0.0326,0.75
19864,replay,4000,0.0442,1.000,0.0325,0.75
19865,es_step,4000,0.0000,0.000,0.0325,1.98
19866,es_step,4000,0.0000,0.000,0.0325,2.00
19867,es_step,4000,0.0000,0.000,0.0325,1.98
19868,replay,4000,0.0432,1.000,0.0325,0.74
19869,replay,4000,0.0577,1.000,0.0325,0.74
19870,replay,4000,0.0549,1.000,0.0325,0.74
19871,replay,4000,0.0398,1.000,0.0325,0.74
19872,replay,4000,0.0636,1.000,0.0325,0.74
19873,replay,4000,0.0694,1.000,0.0326,0.75
19874,replay,4000,0.0685,1.000,0.0326,0.75
19875,replay,4000,0.0675,1.000,0.0326,0.74
19876,replay,4000,0.0641,1.000,0.0326,0.74
19877,replay,4000,0.0573,1.000,0.0326,0.74
19878,es_step,4000,0.0000,0.000,0.0326,1.99
19879,replay,4000,0.0614,1.000,0.0326,0.74
19880,replay,4000,0.0513,1.000,0.0326,0.74
19881,replay,4000,0.0439,1.000,0.0326,0.75
19882,replay,4000,0.0542,1.000,0.0327,0.75
19883,replay,4000,0.0484,1.000,0.0326,0.75
19884,replay,4000,0.0424,1.000,0.0326,0.74
19885,replay,4000,0.0417,1.000,0.0326,0.74
19886,replay,4000,0.0415,1.000,0.0326,0.74
19887,replay,4000,0.0638,1.000,0.0326,0.76
19888,replay,4000,0.0572,1.000,0.0326,0.76
19889,replay,4000,0.0544,1.000,0.0326,0.76
19890,replay,4000,0.0494,1.000,0.0326,0.76
19891,replay,4000,0.0447,1.000,0.0326,0.76
19892,replay,4000,0.0481,1.000,0.0325,0.76
19893,replay,4000,0.0318,1.000,0.0325,0.76
19894,replay,4000,0.0377,1.000,0.0325,0.75
19895,replay,4000,0.0254,1.000,0.0324,0.75
19896,replay,4000,0.0279,1.000,0.0324,0.75
19897,replay,4000,0.0336,1.000,0.0324,0.76
19898,replay,4000,0.0407,1.000,0.0324,0.77
19899,es_step,4000,0.0000,0.000,0.0324,2.04
19900,replay,4000,0.0386,1.000,0.0323,3.21
19901,replay,4000,0.0379,1.000,0.0323,0.76
19902,replay,4000,0.0541,1.000,0.0323,0.76
19903,replay,4000,0.0486,1.000,0.0323,0.77
19904,replay,4000,0.0499,1.000,0.0323,0.78
19905,es_step,4000,0.0000,0.000,0.0323,2.04
19906,replay,4000,0.0307,1.000,0.0321,0.76
19907,replay,4000,0.0412,1.000,0.0321,0.76
19908,replay,4000,0.0449,1.000,0.0321,0.76
19909,replay,4000,0.0522,1.000,0.0321,0.76
19910,es_step,4000,0.0000,0.000,0.0321,2.00
19911,replay,4000,0.0550,1.000,0.0321,0.75
19912,es_step,4000,0.0000,0.000,0.0321,2.03
19913,replay,4000,0.0479,1.000,0.0321,0.76
19914,replay,4000,0.0412,1.000,0.0320,0.77
19915,es_step,4000,0.0000,0.000,0.0320,2.03
19916,replay,4000,0.0161,1.000,0.0319,0.77
19917,replay,4000,0.0441,1.000,0.0319,0.77
19918,es_step,4000,0.0000,0.000,0.0319,2.03
19919,replay,4000,0.0389,1.000,0.0319,0.76
19920,replay,4000,0.0339,1.000,0.0319,0.75
19921,replay,4000,0.0484,1.000,0.0319,0.76
19922,es_step,4000,0.0000,0.000,0.0319,2.01
19923,es_step,4000,0.0000,0.000,0.0319,2.00
19924,replay,4000,0.0512,1.000,0.0319,0.74
19925,replay,4000,0.0498,1.000,0.0319,0.75
19926,replay,4000,0.0530,1.000,0.0319,0.75
19927,replay,4000,0.0589,1.000,0.0319,0.76
19928,es_step,4000,0.0000,0.000,0.0319,2.03
19929,es_step,4000,0.0000,0.000,0.0319,2.02
19930,replay,4000,0.0505,1.000,0.0318,0.75
19931,replay,4000,0.0650,1.000,0.0318,0.75
19932,replay,4000,0.0393,1.000,0.0317,0.75
19933,replay,4000,0.0524,1.000,0.0317,0.75
19934,es_step,4000,0.0000,0.000,0.0317,2.01
19935,replay,4000,0.0614,1.000,0.0317,0.75
19936,replay,4000,0.0534,1.000,0.0317,0.75
19937,es_step,4000,0.0000,0.000,0.0317,1.99
19938,replay,4000,0.0504,1.000,0.0317,0.74
19939,replay,4000,0.0488,1.000,0.0317,0.74
19940,es_step,4000,0.0000,0.000,0.0317,2.00
19941,replay,4000,0.0490,1.000,0.0316,0.75
19942,replay,4000,0.0598,1.000,0.0316,0.75
19943,replay,4000,0.0604,1.000,0.0316,0.75
19944,replay,4000,0.0628,1.000,0.0317,0.75
19945,es_step,4000,0.0000,0.000,0.0317,1.97
19946,replay,4000,0.0547,1.000,0.0317,0.74
19947,es_step,4000,0.0000,0.000,0.0317,1.96
19948,es_step,4000,0.0000,0.000,0.0317,1.98
19949,replay,4000,0.0580,1.000,0.0317,0.75
19950,replay,4000,0.0386,1.000,0.0317,0.74
19951,replay,4000,0.0606,1.000,0.0317,0.74
19952,replay,4000,0.0585,1.000,0.0317,0.74
19953,replay,4000,0.0529,1.000,0.0317,0.74
19954,replay,4000,0.0480,1.000,0.0317,0.75
19955,replay,4000,0.0356,1.000,0.0316,0.76
19956,es_step,4000,0.0000,0.000,0.0316,2.01
19957,replay,4000,0.0421,1.000,0.0316,0.75
19958,replay,4000,0.0466,1.000,0.0316,0.75
19959,replay,4000,0.0548,1.000,0.0316,0.76
19960,replay,4000,0.0477,1.000,0.0315,0.76
19961,replay,4000,0.0526,1.000,0.0315,0.76
19962,replay,4000,0.0282,1.000,0.0314,0.76
19963,replay,4000,0.0368,1.000,0.0313,0.76
19964,es_step,4000,0.0000,0.000,0.0313,2.01
19965,replay,4000,0.0464,1.000,0.0313,0.75
19966,replay,4000,0.0480,1.000,0.0313,0.75
19967,es_step,4000,0.0000,0.000,0.0313,1.98
19968,replay,4000,0.0583,1.000,0.0313,0.76
19969,replay,4000,0.0523,1.000,0.0313,0.77
19970,replay,4000,0.0476,1.000,0.0313,0.78
19971,replay,4000,0.0514,1.000,0.0313,0.78
19972,replay,4000,0.0597,1.000,0.0313,0.78
19973,replay,4000,0.0543,1.000,0.0312,0.79
19974,replay,4000,0.0565,1.000,0.0313,0.79
19975,es_step,4000,0.0000,0.000,0.0313,2.11
19976,es_step,4000,0.0000,0.000,0.0313,2.06
19977,replay,4000,0.0246,1.000,0.0312,0.76
19978,replay,4000,0.0631,1.000,0.0313,0.76
19979,replay,4000,0.0574,1.000,0.0313,0.76
19980,replay,4000,0.0694,1.000,0.0314,0.76
19981,replay,4000,0.0727,1.000,0.0314,0.76
19982,es_step,4000,0.0000,0.000,0.0314,2.03
19983,es_step,4000,0.0000,0.000,0.0314,2.01
19984,replay,4000,0.0766,1.000,0.0315,0.75
19985,replay,4000,0.0650,1.000,0.0315,0.75
19986,replay,4000,0.0515,1.000,0.0315,0.75
19987,replay,4000,0.0531,1.000,0.0315,0.76
19988,replay,4000,0.0549,1.000,0.0315,0.76
19989,replay,4000,0.0648,1.000,0.0315,0.76
19990,replay,4000,0.0555,1.000,0.0315,0.77
19991,es_step,4000,0.0000,0.000,0.0315,2.06
19992,replay,4000,0.0452,1.000,0.0314,0.76
19993,replay,4000,0.0554,1.000,0.0314,0.76
19994,replay,4000,0.0617,1.000,0.0315,0.77
19995,replay,4000,0.0481,1.000,0.0315,0.76
19996,replay,4000,0.0648,1.000,0.0315,0.76
19997,replay,4000,0.0593,1.000,0.0315,0.77
19998,replay,4000,0.0514,1.000,0.0315,0.77
19999,replay,4000,0.0579,1.000,0.0315,0.77
