update,mode,buffer_size,mean_regret_candidates,valid_fraction,mean_buffer_score,time_s
0,es_step,96,0.0000,0.812,0.0000,1.23
1,es_step,128,0.0000,0.625,0.0000,1.65
2,es_step,160,0.0000,0.750,0.0000,1.10
3,es_step,192,0.0000,0.938,0.0000,1.65
4,es_step,224,0.0000,0.938,0.0000,1.10
5,es_step,256,0.0000,0.875,0.0000,1.65
6,es_step,288,0.0000,1.000,0.0000,1.51
7,es_step,320,0.0000,0.875,0.0000,1.24
8,es_step,352,0.0000,0.875,0.0000,1.10
9,es_step,384,0.0000,1.000,0.0000,1.10
10,es_step,416,0.0000,0.875,0.0000,1.10
11,es_step,448,0.0000,0.875,0.0000,1.10
12,es_step,480,0.0000,1.000,0.0000,1.10
13,es_step,512,0.0000,0.938,0.0000,1.10
14,es_step,544,0.0000,1.000,0.0000,1.10
15,es_step,576,0.0000,1.000,0.0000,1.10
16,es_step,608,0.0000,1.000,0.0000,1.10
17,es_step,640,0.0000,0.875,0.0000,1.10
18,es_step,672,0.0000,0.875,0.0000,1.10
19,es_step,704,0.0000,0.938,0.0000,1.10
20,es_step,736,0.0000,0.875,0.0000,1.10
21,es_step,768,0.0000,0.688,0.0000,1.65
22,es_step,800,0.0000,0.938,0.0000,1.10
23,es_step,832,0.0000,0.938,0.0000,1.10
24,es_step,864,0.0000,0.938,0.0000,1.11
25,es_step,896,0.0000,0.938,0.0000,1.10
26,es_step,928,0.0000,0.812,0.0000,1.10
27,es_step,960,0.0000,0.875,0.0000,1.27
28,es_step,992,0.0000,1.000,0.0000,1.10
29,es_step,1024,0.0000,0.750,0.0000,1.10
30,es_step,1056,0.0000,1.000,0.0000,1.10
31,es_step,1088,0.0000,1.000,0.0000,1.10
32,es_step,1120,0.0000,1.000,0.0000,1.10
33,es_step,1152,0.0000,1.000,0.0000,1.10
34,es_step,1184,0.0000,0.938,0.0000,1.10
35,es_step,1216,0.0000,1.000,0.0000,1.10
36,es_step,1248,0.0000,1.000,0.0000,1.10
37,es_step,1280,0.0000,1.000,0.0000,1.10
38,es_step,1312,0.0000,1.000,0.0000,1.10
39,es_step,1344,0.0000,1.000,0.0000,1.10
40,es_step,1376,0.0000,0.938,0.0000,1.10
41,es_step,1408,0.0000,1.000,0.0000,1.10
42,es_step,1440,0.0000,0.938,0.0000,1.10
43,es_step,1472,0.0000,0.938,0.0000,1.10
44,es_step,1504,0.0000,1.000,0.0000,1.10
45,es_step,1536,0.0000,1.000,0.0000,1.10
46,es_step,1568,0.0000,1.000,0.0000,1.10
47,es_step,1600,0.0000,1.000,0.0000,1.10
48,es_step,1632,0.0000,1.000,0.0000,1.10
49,es_step,1664,0.0000,1.000,0.0000,1.10
50,es_step,1696,0.0000,1.000,0.0000,1.10
51,es_step,1728,0.0000,1.000,0.0000,1.10
52,es_step,1760,0.0000,0.938,0.0000,1.10
53,es_step,1792,0.0000,1.000,0.0000,1.31
54,es_step,1824,0.0000,1.000,0.0000,1.10
55,es_step,1856,0.0000,1.000,0.0000,1.10
56,es_step,1888,0.0000,1.000,0.0000,1.10
57,es_step,1920,0.0000,1.000,0.0000,1.10
58,es_step,1952,0.0000,1.000,0.0000,1.10
59,es_step,1984,0.0000,1.000,0.0000,1.10
60,es_step,2016,0.0000,1.000,0.0000,1.10
61,es_step,2048,0.0000,1.000,0.0000,1.10
62,replay,2048,0.0835,1.000,-0.0004,9.65
63,es_step,2080,0.0000,1.000,-0.0004,1.11
64,es_step,2112,0.0000,1.000,-0.0004,1.10
65,replay,2112,0.1315,1.000,-0.0005,0.69
66,replay,2112,0.0758,1.000,-0.0019,0.59
67,replay,2112,-0.0727,1.000,-0.0022,0.59
68,replay,2112,-0.0103,1.000,-0.0023,0.59
69,replay,2112,0.0361,1.000,-0.0023,0.60
70,replay,2112,-0.0169,1.000,-0.0026,0.60
71,es_step,2144,0.0000,1.000,-0.0025,1.10
72,es_step,2176,0.0000,1.000,-0.0025,1.11
73,replay,2176,-0.0105,1.000,-0.0026,0.60
74,replay,2176,0.0373,1.000,-0.0019,0.60
75,replay,2176,0.1047,1.000,-0.0018,0.60
76,replay,2176,0.0275,1.000,-0.0024,0.60
77,replay,2176,0.0200,1.000,-0.0029,0.60
78,replay,2176,0.0395,1.000,-0.0024,0.85
79,replay,2176,0.0298,1.000,-0.0031,0.60
80,replay,2176,-0.0077,1.000,-0.0031,0.60
81,replay,2176,0.0420,1.000,-0.0032,0.60
82,replay,2176,0.0225,1.000,-0.0031,0.59
83,replay,2176,0.0526,1.000,-0.0026,0.60
84,replay,2176,0.1296,1.000,-0.0024,0.60
85,es_step,2208,0.0000,1.000,-0.0023,1.10
86,replay,2208,0.0091,1.000,-0.0030,0.60
87,replay,2208,0.0435,1.000,-0.0037,0.60
88,replay,2208,0.1061,1.000,-0.0030,0.59
89,replay,2208,-0.0310,1.000,-0.0036,0.59
90,replay,2208,0.0756,1.000,-0.0038,0.60
91,replay,2208,0.0431,1.000,-0.0040,0.60
92,replay,2208,0.0760,1.000,-0.0044,0.59
93,es_step,2240,0.0000,1.000,-0.0043,1.10
94,replay,2240,-0.0121,1.000,-0.0045,0.59
95,replay,2240,-0.0271,1.000,-0.0050,0.60
96,replay,2240,-0.0162,1.000,-0.0051,0.59
97,replay,2240,0.0010,1.000,-0.0052,0.59
98,replay,2240,-0.0078,1.000,-0.0052,0.59
99,replay,2240,0.2287,1.000,-0.0052,0.59
100,es_step,2272,0.0000,1.000,-0.0051,1.10
101,replay,2272,-0.0327,1.000,-0.0054,0.60
102,es_step,2304,0.0000,1.000,-0.0053,1.10
103,replay,2304,-0.0245,1.000,-0.0053,0.60
104,es_step,2336,0.0000,1.000,-0.0052,1.10
105,replay,2336,0.0557,1.000,-0.0053,0.60
106,replay,2336,0.0784,1.000,-0.0049,0.59
107,replay,2336,0.0311,1.000,-0.0055,0.60
108,replay,2336,0.1082,1.000,-0.0055,0.59
109,es_step,2368,0.0000,1.000,-0.0055,1.11
110,es_step,2400,0.0000,1.000,-0.0054,1.10
111,es_step,2432,0.0000,1.000,-0.0053,1.10
112,replay,2432,0.0904,1.000,-0.0056,0.60
113,replay,2432,-0.0491,1.000,-0.0060,0.60
114,replay,2432,-0.0178,1.000,-0.0063,0.60
115,replay,2432,0.1251,1.000,-0.0064,0.60
116,replay,2432,0.0177,1.000,-0.0065,0.59
117,replay,2432,0.0991,1.000,-0.0067,0.60
118,replay,2432,-0.0277,1.000,-0.0066,0.60
119,replay,2432,-0.0410,1.000,-0.0071,0.59
120,replay,2432,0.0256,1.000,-0.0072,0.60
121,replay,2432,-0.0094,1.000,-0.0072,0.60
122,replay,2432,0.0112,1.000,-0.0070,0.60
123,replay,2432,0.0379,1.000,-0.0073,0.60
124,es_step,2464,0.0000,0.938,-0.0072,1.10
125,replay,2464,0.0253,1.000,-0.0070,0.59
126,replay,2464,0.0947,1.000,-0.0066,0.60
127,es_step,2496,0.0000,1.000,-0.0065,1.10
128,es_step,2528,0.0000,1.000,-0.0065,1.10
129,replay,2528,0.0231,1.000,-0.0068,0.60
130,replay,2528,0.0938,1.000,-0.0073,0.60
131,es_step,2560,0.0000,1.000,-0.0073,1.10
132,replay,2560,-0.0225,1.000,-0.0072,0.60
133,replay,2560,0.0102,1.000,-0.0073,0.60
134,replay,2560,0.0900,1.000,-0.0076,0.60
135,replay,2560,0.0466,1.000,-0.0075,0.60
136,replay,2560,0.0215,1.000,-0.0074,0.60
137,es_step,2592,0.0000,1.000,-0.0073,1.11
138,replay,2592,0.0143,1.000,-0.0075,0.59
139,replay,2592,0.0260,1.000,-0.0078,0.60
140,replay,2592,0.0210,1.000,-0.0081,0.60
141,replay,2592,-0.0240,1.000,-0.0081,0.60
142,replay,2592,0.2053,1.000,-0.0073,0.60
143,es_step,2624,0.0000,1.000,-0.0072,1.41
144,replay,2624,0.0048,1.000,-0.0076,0.60
145,replay,2624,0.0321,1.000,-0.0078,0.60
146,es_step,2656,0.0000,1.000,-0.0077,1.10
147,replay,2656,0.0242,1.000,-0.0081,0.60
148,replay,2656,0.0785,1.000,-0.0085,0.60
149,replay,2656,0.0004,1.000,-0.0085,0.60
150,replay,2656,0.0825,1.000,-0.0086,0.60
151,replay,2656,0.0378,1.000,-0.0085,0.60
152,replay,2656,0.0851,1.000,-0.0085,0.60
153,replay,2656,-0.0238,1.000,-0.0089,0.60
154,replay,2656,0.0410,1.000,-0.0091,0.60
155,replay,2656,0.1094,1.000,-0.0087,0.60
156,replay,2656,0.0492,1.000,-0.0090,0.61
157,replay,2656,0.0669,1.000,-0.0095,0.60
158,replay,2656,0.0720,1.000,-0.0099,0.61
159,replay,2656,0.0594,1.000,-0.0096,0.61
160,replay,2656,0.2000,1.000,-0.0093,0.61
161,es_step,2688,0.0000,1.000,-0.0092,1.12
162,replay,2688,0.1718,1.000,-0.0092,0.60
163,replay,2688,0.3695,1.000,-0.0092,0.60
164,replay,2688,0.1320,1.000,-0.0094,0.60
165,replay,2688,0.1950,1.000,-0.0098,0.60
166,replay,2688,0.0970,1.000,-0.0096,0.60
167,replay,2688,0.0311,1.000,-0.0100,0.60
168,es_step,2720,0.0000,1.000,-0.0099,1.11
169,replay,2720,0.0826,1.000,-0.0100,0.60
170,replay,2720,0.0992,1.000,-0.0109,0.60
171,es_step,2752,0.0000,1.000,-0.0108,1.11
172,replay,2752,0.0057,1.000,-0.0110,0.59
173,replay,2752,0.2213,1.000,-0.0105,0.60
174,replay,2752,0.1892,1.000,-0.0111,0.60
175,replay,2752,-0.0031,1.000,-0.0119,0.60
176,replay,2752,0.0614,1.000,-0.0121,0.60
177,replay,2752,0.1484,1.000,-0.0121,0.60
178,replay,2752,0.0512,1.000,-0.0123,0.60
179,es_step,2784,0.0000,1.000,-0.0121,1.10
180,replay,2784,0.2053,1.000,-0.0118,0.60
181,replay,2784,0.1464,1.000,-0.0119,0.60
182,replay,2784,0.0115,1.000,-0.0123,0.60
183,es_step,2816,0.0000,1.000,-0.0122,1.10
184,replay,2816,0.0994,1.000,-0.0125,0.60
185,replay,2816,0.1617,1.000,-0.0130,0.60
186,replay,2816,0.1661,1.000,-0.0127,0.60
187,replay,2816,0.2314,1.000,-0.0130,0.60
188,replay,2816,0.2920,1.000,-0.0137,0.60
189,replay,2816,-0.0499,1.000,-0.0145,0.60
190,es_step,2848,0.0000,1.000,-0.0144,1.10
191,replay,2848,0.0698,1.000,-0.0142,0.60
192,replay,2848,0.1013,1.000,-0.0146,0.60
193,replay,2848,0.0539,1.000,-0.0146,0.60
194,replay,2848,0.2016,1.000,-0.0140,0.60
195,replay,2848,0.1175,1.000,-0.0143,0.60
196,replay,2848,0.0486,1.000,-0.0148,0.60
197,replay,2848,0.2403,1.000,-0.0153,0.60
198,replay,2848,0.1444,1.000,-0.0156,0.60
199,replay,2848,0.0203,1.000,-0.0162,0.60
200,replay,2848,0.1067,1.000,-0.0163,0.60
201,replay,2848,0.2222,1.000,-0.0161,0.60
202,replay,2848,0.0868,1.000,-0.0164,0.60
203,replay,2848,0.0010,1.000,-0.0168,0.60
204,replay,2848,0.0650,1.000,-0.0169,0.60
205,replay,2848,0.3068,1.000,-0.0173,0.60
206,replay,2848,0.3098,1.000,-0.0168,0.60
207,replay,2848,0.1375,1.000,-0.0173,0.60
208,replay,2848,0.1284,1.000,-0.0180,0.60
209,es_step,2880,0.0000,1.000,-0.0178,1.10
210,replay,2880,0.4000,1.000,-0.0180,0.60
211,replay,2880,-0.0238,1.000,-0.0187,0.60
212,replay,2880,0.0693,1.000,-0.0196,0.60
213,replay,2880,0.1246,1.000,-0.0195,0.60
214,replay,2880,-0.0241,1.000,-0.0200,0.60
215,replay,2880,0.1324,1.000,-0.0208,0.60
216,replay,2880,0.0311,1.000,-0.0214,0.60
217,replay,2880,0.0697,1.000,-0.0215,0.60
218,es_step,2912,0.0000,1.000,-0.0213,1.10
219,replay,2912,0.0517,1.000,-0.0213,0.60
220,replay,2912,0.1019,1.000,-0.0215,0.60
221,replay,2912,0.0528,1.000,-0.0221,0.60
222,replay,2912,0.1187,1.000,-0.0213,0.60
223,replay,2912,0.2395,1.000,-0.0209,0.60
224,replay,2912,0.2698,1.000,-0.0205,0.60
225,es_step,2944,0.0000,1.000,-0.0203,1.10
226,es_step,2976,0.0000,1.000,-0.0201,1.49
227,replay,2976,0.0767,1.000,-0.0208,0.60
228,es_step,3008,0.0000,1.000,-0.0206,1.11
229,replay,3008,0.2586,1.000,-0.0204,0.60
230,replay,3008,0.2037,1.000,-0.0199,0.60
231,replay,3008,0.1021,1.000,-0.0204,0.60
232,replay,3008,0.1397,1.000,-0.0208,0.60
233,replay,3008,0.0324,1.000,-0.0212,0.60
234,es_step,3040,0.0000,1.000,-0.0210,1.11
235,es_step,3072,0.0000,1.000,-0.0208,1.11
236,es_step,3104,0.0000,1.000,-0.0205,1.11
237,replay,3104,0.1523,1.000,-0.0199,0.60
238,es_step,3136,0.0000,1.000,-0.0197,1.10
239,replay,3136,0.2750,1.000,-0.0192,0.59
240,replay,3136,0.2691,1.000,-0.0191,0.60
241,es_step,3168,0.0000,1.000,-0.0190,1.11
242,replay,3168,0.0227,1.000,-0.0192,0.60
243,replay,3168,0.4567,1.000,-0.0189,0.60
244,replay,3168,-0.0258,1.000,-0.0192,0.60
245,replay,3168,0.3253,1.000,-0.0196,0.60
246,replay,3168,0.3054,1.000,-0.0199,0.60
247,es_step,3200,0.0000,1.000,-0.0197,1.11
248,replay,3200,0.0079,1.000,-0.0205,0.60
249,replay,3200,-0.0420,1.000,-0.0211,0.60
250,replay,3200,0.3004,1.000,-0.0204,0.60
251,es_step,3232,0.0000,1.000,-0.0202,1.11
252,replay,3232,0.1569,1.000,-0.0203,0.60
253,replay,3232,0.1244,1.000,-0.0205,0.60
254,es_step,3264,0.0000,1.000,-0.0203,1.10
255,replay,3264,0.1554,1.000,-0.0203,0.60
256,replay,3264,0.2680,1.000,-0.0199,0.60
257,es_step,3296,0.0000,1.000,-0.0197,1.10
258,replay,3296,0.1348,1.000,-0.0197,0.60
259,replay,3296,0.1351,1.000,-0.0197,0.60
260,replay,3296,0.2836,1.000,-0.0198,0.60
261,replay,3296,0.1155,1.000,-0.0200,0.60
262,replay,3296,0.2539,1.000,-0.0204,0.60
263,es_step,3328,0.0000,1.000,-0.0202,1.10
264,replay,3328,0.2880,1.000,-0.0201,0.60
265,es_step,3360,0.0000,1.000,-0.0199,1.10
266,es_step,3392,0.0000,1.000,-0.0197,1.11
267,replay,3392,0.0695,1.000,-0.0199,0.60
268,es_step,3424,0.0000,1.000,-0.0197,1.10
269,replay,3424,0.1215,1.000,-0.0203,0.60
270,replay,3424,0.1928,1.000,-0.0203,0.60
271,replay,3424,0.2332,1.000,-0.0201,0.60
272,es_step,3456,0.0000,1.000,-0.0200,1.10
273,replay,3456,0.2156,1.000,-0.0200,0.60
274,es_step,3488,0.0000,1.000,-0.0198,1.10
275,replay,3488,0.2881,1.000,-0.0193,0.60
276,es_step,3520,0.0000,1.000,-0.0192,1.10
277,replay,3520,0.1398,1.000,-0.0190,0.59
278,replay,3520,0.3876,1.000,-0.0190,0.60
279,replay,3520,0.3932,1.000,-0.0187,0.60
280,replay,3520,0.1752,1.000,-0.0181,0.60
281,replay,3520,0.1720,1.000,-0.0182,0.60
282,replay,3520,0.2161,1.000,-0.0180,0.60
283,es_step,3552,0.0000,1.000,-0.0179,1.10
284,replay,3552,0.1739,1.000,-0.0171,0.60
285,replay,3552,0.2528,1.000,-0.0170,0.60
286,es_step,3584,0.0000,1.000,-0.0169,1.10
287,replay,3584,0.2043,1.000,-0.0171,0.59
288,replay,3584,0.2872,1.000,-0.0168,0.60
289,es_step,3616,0.0000,1.000,-0.0166,1.10
290,replay,3616,0.1567,1.000,-0.0158,0.60
291,replay,3616,0.2938,1.000,-0.0154,0.60
292,replay,3616,0.4153,1.000,-0.0145,0.60
293,replay,3616,0.1855,1.000,-0.0142,0.60
294,es_step,3648,0.0000,1.000,-0.0141,1.10
295,es_step,3680,0.0000,1.000,-0.0140,1.10
296,replay,3680,0.0223,1.000,-0.0143,0.60
297,replay,3680,0.3169,1.000,-0.0137,0.59
298,replay,3680,0.3657,1.000,-0.0135,0.60
299,replay,3680,0.2103,1.000,-0.0139,0.59
300,es_step,3712,0.0000,1.000,-0.0138,1.10
301,replay,3712,0.0177,1.000,-0.0133,0.60
302,replay,3712,0.3187,1.000,-0.0123,0.59
303,replay,3712,0.3440,1.000,-0.0121,0.60
304,replay,3712,0.2147,1.000,-0.0114,0.60
305,replay,3712,0.2188,1.000,-0.0118,0.60
306,replay,3712,0.1435,1.000,-0.0119,1.04
307,es_step,3744,0.1000,1.000,-0.0109,1.10
308,replay,3744,0.3081,1.000,-0.0095,0.60
309,replay,3744,0.4383,1.000,-0.0088,0.60
310,replay,3744,0.2876,1.000,-0.0087,0.60
311,replay,3744,0.1957,1.000,-0.0089,0.60
312,replay,3744,0.2322,1.000,-0.0085,0.60
313,replay,3744,0.3439,1.000,-0.0081,0.60
314,replay,3744,0.2187,1.000,-0.0077,0.59
315,replay,3744,0.2990,1.000,-0.0080,0.60
316,replay,3744,0.1997,1.000,-0.0079,0.60
317,replay,3744,0.2361,1.000,-0.0072,0.60
318,replay,3744,0.2792,1.000,-0.0066,0.60
319,replay,3744,0.1274,1.000,-0.0063,0.60
320,es_step,3776,0.3529,1.000,-0.0033,1.10
321,replay,3776,0.0925,1.000,-0.0030,0.60
322,replay,3776,0.1767,1.000,-0.0023,0.60
323,replay,3776,0.4690,1.000,-0.0014,0.59
324,replay,3776,0.2462,1.000,-0.0012,0.60
325,replay,3776,0.2162,1.000,-0.0009,0.60
326,replay,3776,0.3099,1.000,-0.0006,0.60
327,replay,3776,0.3220,1.000,-0.0008,0.60
328,replay,3776,0.0588,1.000,-0.0006,0.60
329,replay,3776,0.4047,1.000,0.0002,0.60
330,replay,3776,0.1696,1.000,0.0001,0.59
331,replay,3776,0.3142,1.000,0.0004,0.60
332,es_step,3808,0.2733,1.000,0.0027,1.10
333,replay,3808,0.1543,1.000,0.0027,0.59
334,replay,3808,0.3826,1.000,0.0030,0.60
335,replay,3808,0.2336,1.000,0.0028,0.59
336,replay,3808,0.2690,1.000,0.0036,0.59
337,replay,3808,0.1759,1.000,0.0035,0.60
338,replay,3808,0.3503,1.000,0.0042,0.59
339,replay,3808,0.1480,1.000,0.0039,0.60
340,replay,3808,0.2518,1.000,0.0042,0.60
341,replay,3808,0.1166,1.000,0.0038,0.59
342,es_step,3840,0.1906,1.000,0.0054,1.10
343,replay,3840,0.2431,1.000,0.0053,0.60
344,replay,3840,0.1405,1.000,0.0050,0.60
345,replay,3840,0.1885,1.000,0.0050,0.60
346,replay,3840,0.2630,1.000,0.0049,0.60
347,replay,3840,0.1243,1.000,0.0051,0.60
348,replay,3840,0.2550,1.000,0.0051,0.59
349,es_step,3872,0.1966,1.000,0.0066,1.10
350,replay,3872,0.2035,1.000,0.0067,0.60
351,replay,3872,0.0205,1.000,0.0066,0.60
352,replay,3872,0.4214,1.000,0.0074,0.59
353,replay,3872,0.3597,1.000,0.0080,0.59
354,replay,3872,0.0118,1.000,0.0075,0.60
355,replay,3872,0.2693,1.000,0.0078,0.59
356,es_step,3904,0.2083,1.000,0.0094,1.10
357,es_step,3936,0.2003,1.000,0.0110,1.10
358,replay,3936,0.1713,1.000,0.0105,0.60
359,replay,3936,0.0918,1.000,0.0102,0.60
360,replay,3936,0.2053,1.000,0.0103,0.60
361,replay,3936,0.2883,1.000,0.0108,0.60
362,es_step,3968,0.1826,1.000,0.0122,1.10
363,es_step,4000,0.1318,1.000,0.0132,1.10
364,replay,4000,0.2306,1.000,0.0135,0.60
365,replay,4000,0.1855,1.000,0.0138,0.59
366,replay,4000,0.2145,1.000,0.0139,0.59
367,replay,4000,0.1908,1.000,0.0138,0.60
368,es_step,4000,0.1148,1.000,0.0138,1.10
369,es_step,4000,0.1125,1.000,0.0138,1.10
370,es_step,4000,0.0999,1.000,0.0138,1.10
371,replay,4000,0.0005,1.000,0.0136,0.60
372,replay,4000,0.2029,1.000,0.0135,0.60
373,replay,4000,0.2154,1.000,0.0139,0.60
374,replay,4000,0.1674,1.000,0.0140,0.60
375,replay,4000,0.1468,1.000,0.0139,0.59
376,es_step,4000,0.1375,1.000,0.0140,1.10
377,replay,4000,0.1545,1.000,0.0138,0.60
378,replay,4000,0.1117,1.000,0.0135,0.59
379,replay,4000,0.2077,1.000,0.0132,0.60
380,replay,4000,0.1053,1.000,0.0130,0.59
381,replay,4000,0.0097,1.000,0.0130,0.59
382,replay,4000,0.2272,1.000,0.0134,0.59
383,replay,4000,0.1594,1.000,0.0133,0.60
384,es_step,4000,0.1078,1.000,0.0134,1.10
385,replay,4000,0.1670,1.000,0.0136,0.60
386,replay,4000,0.1889,1.000,0.0137,0.60
387,replay,4000,0.1722,1.000,0.0139,0.60
388,replay,4000,0.1539,1.000,0.0142,0.60
389,es_step,4000,0.1295,1.000,0.0142,1.10
390,es_step,4000,0.1258,1.000,0.0142,1.10
391,replay,4000,-0.1065,1.000,0.0142,0.60
392,replay,4000,0.2465,1.000,0.0144,0.60
393,replay,4000,0.2105,1.000,0.0145,0.60
394,replay,4000,0.1075,1.000,0.0143,0.59
395,replay,4000,0.0896,1.000,0.0141,0.59
396,es_step,4000,0.1523,1.000,0.0142,1.10
397,es_step,4000,0.1035,1.000,0.0142,1.10
398,replay,4000,0.2231,1.000,0.0148,0.60
399,replay,4000,-0.2483,1.000,0.0144,0.59
400,es_step,4000,0.1236,1.000,0.0144,1.10
401,es_step,4000,0.1534,1.000,0.0144,1.10
402,es_step,4000,0.1241,1.000,0.0144,1.62
403,replay,4000,0.1657,1.000,0.0146,0.75
404,es_step,4000,0.0988,1.000,0.0146,1.10
405,replay,4000,0.2669,1.000,0.0152,0.60
406,es_step,4000,0.0522,1.000,0.0152,1.10
407,replay,4000,0.0413,1.000,0.0150,0.60
408,replay,4000,0.1895,1.000,0.0151,0.59
409,replay,4000,0.2042,1.000,0.0150,0.59
410,replay,4000,0.1306,1.000,0.0151,0.60
411,es_step,4000,0.1507,1.000,0.0152,1.10
412,replay,4000,0.1466,1.000,0.0153,0.59
413,replay,4000,0.1833,1.000,0.0156,0.60
414,es_step,4000,0.1045,1.000,0.0156,1.10
415,replay,4000,0.1107,1.000,0.0155,0.60
416,replay,4000,0.0558,1.000,0.0152,0.60
417,replay,4000,0.2578,1.000,0.0154,0.60
418,es_step,4000,0.0939,1.000,0.0154,1.10
419,es_step,4000,0.0710,1.000,0.0154,1.10
420,replay,4000,0.0525,1.000,0.0150,0.60
421,replay,4000,0.1936,1.000,0.0150,0.60
422,replay,4000,0.1171,1.000,0.0151,0.59
423,replay,4000,0.1119,1.000,0.0152,0.59
424,replay,4000,0.1145,1.000,0.0151,0.60
425,replay,4000,0.1828,1.000,0.0154,0.59
426,replay,4000,0.0967,1.000,0.0154,0.59
427,replay,4000,0.1758,1.000,0.0155,0.60
428,replay,4000,0.0941,1.000,0.0154,0.60
429,replay,4000,0.1139,1.000,0.0154,0.60
430,replay,4000,-0.0529,1.000,0.0149,0.60
431,replay,4000,0.1331,1.000,0.0146,0.59
432,replay,4000,0.2342,1.000,0.0151,0.60
433,es_step,4000,0.0771,1.000,0.0151,1.10
434,es_step,4000,0.0712,1.000,0.0151,1.10
435,replay,4000,0.1835,1.000,0.0151,0.60
436,replay,4000,0.0378,1.000,0.0146,0.60
437,replay,4000,0.1422,1.000,0.0147,0.60
438,replay,4000,0.0817,1.000,0.0147,0.60
439,es_step,4000,0.0547,1.000,0.0147,1.10
440,es_step,4000,0.0609,1.000,0.0147,1.10
441,replay,4000,0.1084,1.000,0.0150,0.60
442,replay,4000,0.1184,1.000,0.0151,0.60
443,es_step,4000,0.0854,1.000,0.0151,1.10
444,replay,4000,0.1224,1.000,0.0151,0.60
445,replay,4000,0.0362,1.000,0.0146,0.60
446,replay,4000,0.2440,1.000,0.0151,0.60
447,replay,4000,0.1452,1.000,0.0151,0.60
448,es_step,4000,0.0928,1.000,0.0151,1.10
449,replay,4000,0.1089,1.000,0.0148,0.59
450,replay,4000,0.0554,1.000,0.0146,0.60
451,replay,4000,0.1209,1.000,0.0145,0.60
452,replay,4000,0.0920,1.000,0.0143,0.60
453,replay,4000,0.1679,1.000,0.0146,0.60
454,replay,4000,0.2523,1.000,0.0148,0.59
455,replay,4000,0.1634,1.000,0.0151,0.59
456,replay,4000,0.1620,1.000,0.0152,0.60
457,replay,4000,0.1392,1.000,0.0149,0.60
458,replay,4000,0.1201,1.000,0.0152,0.60
459,es_step,4000,0.0695,1.000,0.0152,1.10
460,replay,4000,-0.0399,1.000,0.0149,0.60
461,replay,4000,0.1917,1.000,0.0152,0.60
462,es_step,4000,0.1105,1.000,0.0152,1.10
463,replay,4000,0.2030,1.000,0.0155,0.60
464,es_step,4000,0.0539,1.000,0.0155,1.10
465,replay,4000,-0.0359,1.000,0.0150,0.60
466,replay,4000,0.2253,1.000,0.0152,0.60
467,replay,4000,0.2104,1.000,0.0151,0.59
468,replay,4000,0.0186,1.000,0.0147,0.60
469,replay,4000,0.0837,1.000,0.0146,0.60
470,replay,4000,0.1128,1.000,0.0149,0.60
471,replay,4000,0.1256,1.000,0.0149,0.60
472,es_step,4000,0.0791,1.000,0.0149,1.10
473,replay,4000,0.1966,1.000,0.0152,0.60
474,replay,4000,0.0512,1.000,0.0151,0.59
475,es_step,4000,0.0373,1.000,0.0151,1.10
476,replay,4000,0.1350,1.000,0.0149,0.59
477,es_step,4000,0.0734,1.000,0.0149,1.10
478,replay,4000,0.0678,1.000,0.0149,0.60
479,es_step,4000,0.0811,1.000,0.0149,1.10
480,replay,4000,0.1563,1.000,0.0146,0.59
481,replay,4000,0.0965,1.000,0.0145,0.59
482,replay,4000,0.1068,1.000,0.0147,0.59
483,replay,4000,0.1066,1.000,0.0146,0.60
484,replay,4000,0.2022,1.000,0.0144,0.60
485,replay,4000,0.0989,1.000,0.0144,0.60
486,replay,4000,0.0670,1.000,0.0140,0.59
487,replay,4000,0.0649,1.000,0.0137,0.60
488,replay,4000,0.2499,1.000,0.0136,0.60
489,replay,4000,0.0532,1.000,0.0136,0.60
490,replay,4000,0.0895,1.000,0.0137,0.59
491,replay,4000,0.0652,1.000,0.0138,0.60
492,replay,4000,0.1664,1.000,0.0140,0.60
493,replay,4000,0.1494,1.000,0.0142,0.59
494,replay,4000,0.0830,1.000,0.0138,0.60
495,es_step,4000,0.1015,1.000,0.0138,1.10
496,es_step,4000,0.0979,1.000,0.0138,1.10
497,replay,4000,0.1341,1.000,0.0136,0.60
498,replay,4000,0.0568,1.000,0.0140,0.60
499,replay,4000,0.2785,1.000,0.0145,0.60
500,replay,4000,0.1752,1.000,0.0143,0.60
501,replay,4000,0.0314,1.000,0.0142,0.60
502,replay,4000,0.1176,1.000,0.0143,0.60
503,replay,4000,0.2208,1.000,0.0143,0.60
504,es_step,4000,0.0451,1.000,0.0143,1.10
505,replay,4000,-0.1632,1.000,0.0141,0.59
506,es_step,4000,0.0862,1.000,0.0141,1.10
507,replay,4000,0.1874,1.000,0.0142,0.60
508,es_step,4000,0.0873,1.000,0.0143,1.10
509,replay,4000,0.0545,1.000,0.0141,0.60
510,replay,4000,0.0468,1.000,0.0138,0.60
511,replay,4000,-0.0982,1.000,0.0137,0.60
512,replay,4000,0.2981,1.000,0.0140,0.60
513,replay,4000,0.1356,1.000,0.0137,1.22
514,replay,4000,0.2340,1.000,0.0138,0.60
515,replay,4000,0.2214,1.000,0.0142,0.60
516,replay,4000,0.2063,1.000,0.0145,0.60
517,replay,4000,0.0940,1.000,0.0148,0.60
518,replay,4000,0.1226,1.000,0.0152,0.60
519,es_step,4000,0.1392,1.000,0.0152,1.10
520,replay,4000,0.1556,1.000,0.0150,0.60
521,es_step,4000,0.1328,1.000,0.0150,1.10
522,replay,4000,0.2957,1.000,0.0154,0.59
523,replay,4000,0.1338,1.000,0.0150,0.60
524,replay,4000,0.0077,1.000,0.0149,0.60
525,replay,4000,0.1172,1.000,0.0152,0.59
526,replay,4000,0.1025,1.000,0.0155,0.60
527,replay,4000,0.1046,1.000,0.0155,0.60
528,replay,4000,0.1371,1.000,0.0153,0.59
529,replay,4000,0.0516,1.000,0.0151,0.60
530,replay,4000,0.1513,1.000,0.0150,0.60
531,es_step,4000,0.0157,1.000,0.0150,1.10
532,replay,4000,0.0892,1.000,0.0148,0.60
533,replay,4000,0.0815,1.000,0.0147,0.60
534,replay,4000,0.1409,1.000,0.0147,0.60
535,replay,4000,0.1055,1.000,0.0147,0.59
536,replay,4000,0.1458,1.000,0.0149,0.60
537,replay,4000,0.1379,1.000,0.0149,0.60
538,replay,4000,0.1001,1.000,0.0149,0.60
539,es_step,4000,0.0776,1.000,0.0149,1.10
540,replay,4000,0.1800,1.000,0.0152,0.60
541,replay,4000,0.0536,1.000,0.0151,0.60
542,replay,4000,0.1352,1.000,0.0151,0.60
543,replay,4000,0.2213,1.000,0.0152,0.60
544,replay,4000,0.0266,1.000,0.0149,0.60
545,replay,4000,0.0329,1.000,0.0149,0.60
546,replay,4000,0.0998,1.000,0.0149,0.60
547,es_step,4000,0.1053,1.000,0.0149,1.10
548,replay,4000,0.1275,1.000,0.0146,0.59
549,replay,4000,0.0566,1.000,0.0144,0.59
550,es_step,4000,0.0479,1.000,0.0144,1.10
551,replay,4000,0.1918,1.000,0.0143,0.60
552,replay,4000,0.1585,1.000,0.0140,0.60
553,replay,4000,0.2486,1.000,0.0140,0.60
554,replay,4000,0.1865,1.000,0.0140,0.59
555,replay,4000,0.0282,1.000,0.0139,0.59
556,es_step,4000,0.0758,1.000,0.0139,1.10
557,replay,4000,0.0447,1.000,0.0137,0.59
558,replay,4000,0.0967,1.000,0.0137,0.60
559,replay,4000,0.1254,1.000,0.0139,0.60
560,replay,4000,0.0170,1.000,0.0137,0.60
561,replay,4000,0.0805,1.000,0.0136,0.60
562,replay,4000,0.0951,1.000,0.0137,0.59
563,es_step,4000,0.0378,1.000,0.0137,1.10
564,replay,4000,-0.0078,1.000,0.0135,0.60
565,replay,4000,0.1726,1.000,0.0135,0.60
566,es_step,4000,0.0661,1.000,0.0135,1.10
567,replay,4000,0.1352,1.000,0.0135,0.60
568,replay,4000,0.0919,1.000,0.0136,0.60
569,es_step,4000,0.0552,1.000,0.0136,1.10
570,replay,4000,0.1289,1.000,0.0138,0.60
571,replay,4000,0.0758,1.000,0.0139,0.60
572,replay,4000,0.0206,1.000,0.0136,0.60
573,replay,4000,0.0725,1.000,0.0133,0.60
574,replay,4000,0.0493,1.000,0.0133,0.60
575,replay,4000,0.0819,1.000,0.0133,0.60
576,replay,4000,0.0971,1.000,0.0132,0.60
577,replay,4000,0.0689,1.000,0.0131,0.60
578,es_step,4000,0.0611,1.000,0.0133,1.10
579,replay,4000,0.1281,1.000,0.0133,0.60
580,replay,4000,0.1830,1.000,0.0134,0.60
581,replay,4000,0.1121,1.000,0.0135,0.60
582,replay,4000,0.2824,1.000,0.0136,0.60
583,replay,4000,0.2549,1.000,0.0136,0.60
584,replay,4000,0.1634,1.000,0.0136,0.59
585,replay,4000,0.0432,1.000,0.0133,0.60
586,replay,4000,0.0779,1.000,0.0130,0.60
587,replay,4000,0.1225,1.000,0.0130,0.60
588,es_step,4000,0.0341,1.000,0.0130,1.10
589,replay,4000,0.0946,1.000,0.0130,0.60
590,es_step,4000,0.0493,1.000,0.0130,1.10
591,replay,4000,0.1001,1.000,0.0129,0.60
592,replay,4000,0.0602,1.000,0.0131,0.60
593,replay,4000,0.1015,1.000,0.0130,0.60
594,es_step,4000,0.0571,1.000,0.0130,1.10
595,replay,4000,0.1278,1.000,0.0131,0.59
596,replay,4000,0.1114,1.000,0.0131,0.60
597,replay,4000,0.1498,1.000,0.0129,0.60
598,replay,4000,0.0769,1.000,0.0130,0.60
599,replay,4000,0.0556,1.000,0.0131,0.60
600,replay,4000,0.0883,1.000,0.0133,0.60
601,replay,4000,0.0325,1.000,0.0131,0.60
602,replay,4000,0.1015,1.000,0.0133,0.60
603,es_step,4000,0.0797,1.000,0.0133,1.10
604,replay,4000,0.1086,1.000,0.0133,0.60
605,replay,4000,0.0460,1.000,0.0131,0.60
606,replay,4000,0.0851,1.000,0.0128,0.60
607,replay,4000,0.0839,1.000,0.0131,0.59
608,replay,4000,0.1405,1.000,0.0134,0.60
609,es_step,4000,0.0771,1.000,0.0134,1.10
610,replay,4000,0.1131,1.000,0.0135,0.60
611,replay,4000,0.0930,1.000,0.0133,0.60
612,es_step,4000,0.0412,1.000,0.0133,1.10
613,replay,4000,0.1300,1.000,0.0132,0.60
614,replay,4000,0.0521,1.000,0.0130,0.60
615,replay,4000,0.0830,1.000,0.0129,0.59
616,replay,4000,0.1848,1.000,0.0129,0.59
617,es_step,4000,0.0242,1.000,0.0129,1.10
618,es_step,4000,0.0282,1.000,0.0129,1.10
619,replay,4000,0.1381,1.000,0.0131,0.60
620,replay,4000,0.0401,1.000,0.0128,0.60
621,replay,4000,0.1303,1.000,0.0128,0.60
622,replay,4000,0.1291,1.000,0.0127,0.60
623,replay,4000,0.1050,1.000,0.0126,0.60
624,replay,4000,0.0761,1.000,0.0121,0.60
625,replay,4000,0.1100,1.000,0.0121,0.60
626,replay,4000,0.0434,1.000,0.0120,0.60
627,replay,4000,0.0422,1.000,0.0118,0.60
628,replay,4000,0.0593,1.000,0.0117,0.59
629,replay,4000,0.1505,1.000,0.0116,0.60
630,replay,4000,0.1382,1.000,0.0121,0.60
631,replay,4000,0.1446,1.000,0.0119,0.60
632,replay,4000,0.2548,1.000,0.0122,0.60
633,replay,4000,0.2408,1.000,0.0125,0.60
634,replay,4000,0.1386,1.000,0.0121,0.60
635,replay,4000,0.0563,1.000,0.0115,0.60
636,es_step,4000,0.0232,1.000,0.0117,1.10
637,replay,4000,-0.2055,1.000,0.0114,0.60
638,replay,4000,0.1676,1.000,0.0116,0.60
639,replay,4000,0.1979,1.000,0.0119,0.60
640,replay,4000,0.1486,1.000,0.0121,0.60
641,replay,4000,0.0819,1.000,0.0118,0.60
642,replay,4000,0.0601,1.000,0.0119,0.60
643,replay,4000,0.2158,1.000,0.0120,0.60
644,es_step,4000,0.0150,1.000,0.0120,1.10
645,replay,4000,0.1721,1.000,0.0124,0.60
646,es_step,4000,-0.0043,1.000,0.0124,1.83
647,replay,4000,0.0453,1.000,0.0122,0.60
648,es_step,4000,0.0650,1.000,0.0122,1.10
649,replay,4000,0.1675,1.000,0.0121,0.60
650,replay,4000,0.1906,1.000,0.0121,0.60
651,replay,4000,0.0655,1.000,0.0121,0.60
652,replay,4000,0.1741,1.000,0.0122,0.60
653,replay,4000,0.1687,1.000,0.0123,0.59
654,es_step,4000,0.0398,1.000,0.0123,1.10
655,replay,4000,0.0450,1.000,0.0121,0.59
656,replay,4000,0.0127,1.000,0.0120,0.59
657,replay,4000,0.1073,1.000,0.0118,0.60
658,replay,4000,0.0802,1.000,0.0122,0.60
659,es_step,4000,0.0856,1.000,0.0122,1.10
660,replay,4000,0.1570,1.000,0.0122,0.60
661,replay,4000,0.0535,1.000,0.0115,0.59
662,replay,4000,-0.0080,1.000,0.0112,0.60
663,replay,4000,0.0517,1.000,0.0112,0.60
664,replay,4000,0.0963,1.000,0.0114,0.60
665,es_step,4000,0.0743,1.000,0.0114,1.10
666,replay,4000,0.0342,1.000,0.0112,0.60
667,replay,4000,0.0940,1.000,0.0115,0.60
668,replay,4000,0.0362,1.000,0.0111,0.60
669,es_step,4000,0.0413,1.000,0.0111,1.10
670,replay,4000,0.0529,1.000,0.0110,0.60
671,replay,4000,0.1023,1.000,0.0106,0.60
672,es_step,4000,0.0623,1.000,0.0108,1.10
673,replay,4000,0.1591,1.000,0.0107,0.60
674,replay,4000,0.0229,1.000,0.0104,0.60
675,es_step,4000,0.0486,1.000,0.0105,1.10
676,replay,4000,0.0832,1.000,0.0104,0.60
677,replay,4000,0.1171,1.000,0.0104,0.60
678,replay,4000,0.1936,1.000,0.0104,0.60
679,es_step,4000,0.0757,1.000,0.0104,1.10
680,replay,4000,0.1708,1.000,0.0107,0.60
681,replay,4000,0.0392,1.000,0.0106,0.60
682,replay,4000,0.1302,1.000,0.0109,0.60
683,replay,4000,0.0637,1.000,0.0109,0.60
684,replay,4000,0.0788,1.000,0.0107,0.60
685,replay,4000,0.0884,1.000,0.0107,0.60
686,replay,4000,0.0845,1.000,0.0106,0.60
687,replay,4000,0.0750,1.000,0.0108,0.60
688,replay,4000,0.1060,1.000,0.0109,0.60
689,es_step,4000,0.0666,1.000,0.0110,1.10
690,replay,4000,0.1643,1.000,0.0110,0.59
691,replay,4000,0.0212,1.000,0.0106,0.60
692,replay,4000,0.0082,1.000,0.0101,0.60
693,es_step,4000,0.0698,1.000,0.0101,1.10
694,replay,4000,0.1274,1.000,0.0100,0.60
695,es_step,4000,0.0629,1.000,0.0100,1.10
696,replay,4000,0.0349,1.000,0.0099,0.59
697,replay,4000,0.0658,1.000,0.0097,0.60
698,replay,4000,0.0476,1.000,0.0097,0.59
699,replay,4000,0.1057,1.000,0.0097,0.60
700,replay,4000,-0.0315,1.000,0.0092,0.60
701,replay,4000,0.0591,1.000,0.0089,0.60
702,replay,4000,0.1258,1.000,0.0094,0.60
703,replay,4000,-0.0941,1.000,0.0093,0.60
704,replay,4000,0.2065,1.000,0.0096,0.60
705,replay,4000,0.1585,1.000,0.0099,0.60
706,replay,4000,-0.2279,1.000,0.0097,0.60
707,es_step,4000,0.1325,1.000,0.0098,1.10
708,replay,4000,0.1929,1.000,0.0102,0.60
709,replay,4000,0.1486,1.000,0.0104,0.60
710,replay,4000,0.0807,1.000,0.0102,0.60
711,replay,4000,0.0705,1.000,0.0100,0.60
712,es_step,4000,0.0377,1.000,0.0101,1.10
713,replay,4000,0.0433,1.000,0.0103,0.60
714,es_step,4000,0.0727,1.000,0.0104,1.10
715,es_step,4000,0.0792,1.000,0.0104,1.10
716,replay,4000,0.2109,1.000,0.0103,0.60
717,es_step,4000,0.0218,1.000,0.0103,1.10
718,replay,4000,0.0311,1.000,0.0103,0.60
719,replay,4000,0.0931,1.000,0.0103,0.60
720,replay,4000,0.0211,1.000,0.0100,0.60
721,replay,4000,0.0693,1.000,0.0099,0.60
722,replay,4000,0.0879,1.000,0.0102,0.60
723,replay,4000,0.1099,1.000,0.0103,0.60
724,replay,4000,0.0658,1.000,0.0103,0.60
725,replay,4000,0.0822,1.000,0.0104,0.60
726,replay,4000,0.0364,1.000,0.0102,0.60
727,replay,4000,0.0412,1.000,0.0102,0.60
728,replay,4000,0.0612,1.000,0.0102,0.60
729,es_step,4000,0.0641,1.000,0.0102,1.10
730,replay,4000,0.1313,1.000,0.0105,0.60
731,replay,4000,0.0631,1.000,0.0101,0.60
732,es_step,4000,0.0507,1.000,0.0101,1.10
733,es_step,4000,0.0454,1.000,0.0101,1.10
734,replay,4000,0.1158,1.000,0.0101,0.60
735,replay,4000,-0.0019,1.000,0.0098,0.60
736,replay,4000,0.0477,1.000,0.0098,0.60
737,es_step,4000,0.0534,1.000,0.0098,1.10
738,replay,4000,0.2168,1.000,0.0098,0.60
739,replay,4000,0.1485,1.000,0.0100,0.60
740,replay,4000,0.0330,1.000,0.0098,0.60
741,replay,4000,0.0778,1.000,0.0102,0.60
742,replay,4000,0.1027,1.000,0.0100,0.60
743,replay,4000,0.1220,1.000,0.0099,0.60
744,replay,4000,0.0736,1.000,0.0099,0.60
745,replay,4000,0.0575,1.000,0.0096,0.60
746,replay,4000,0.0130,1.000,0.0095,0.60
747,replay,4000,-0.0037,1.000,0.0091,0.61
748,replay,4000,0.0417,1.000,0.0090,0.60
749,replay,4000,0.0852,1.000,0.0089,0.60
750,replay,4000,0.0289,1.000,0.0088,0.60
751,replay,4000,0.0244,1.000,0.0084,0.60
752,es_step,4000,0.0581,1.000,0.0086,1.10
753,replay,4000,-0.0190,1.000,0.0082,0.60
754,replay,4000,0.1727,1.000,0.0083,0.60
755,replay,4000,0.0640,1.000,0.0085,0.60
756,replay,4000,0.1127,1.000,0.0085,0.60
757,replay,4000,0.0385,1.000,0.0086,0.60
758,es_step,4000,0.0392,1.000,0.0086,1.10
759,replay,4000,0.1155,1.000,0.0088,0.60
760,replay,4000,0.0527,1.000,0.0087,0.60
761,replay,4000,0.0701,1.000,0.0087,0.60
762,es_step,4000,0.0842,1.000,0.0087,1.10
763,replay,4000,0.2250,1.000,0.0090,0.60
764,replay,4000,0.1098,1.000,0.0088,0.60
765,replay,4000,0.0441,1.000,0.0088,0.60
766,replay,4000,0.0855,1.000,0.0087,0.60
767,replay,4000,0.0443,1.000,0.0084,0.60
768,replay,4000,0.1046,1.000,0.0084,0.60
769,es_step,4000,0.0525,1.000,0.0084,1.10
770,replay,4000,0.1117,1.000,0.0088,0.60
771,es_step,4000,0.0678,1.000,0.0088,1.11
772,replay,4000,0.0699,1.000,0.0091,0.60
773,replay,4000,0.0364,1.000,0.0089,0.60
774,replay,4000,0.1083,1.000,0.0091,0.60
775,replay,4000,-0.1894,1.000,0.0090,0.60
776,replay,4000,0.0855,1.000,0.0091,0.60
777,replay,4000,0.2202,1.000,0.0096,0.61
778,replay,4000,0.2042,1.000,0.0099,0.60
779,replay,4000,0.1544,1.000,0.0100,0.60
780,replay,4000,0.1097,1.000,0.0097,0.60
781,replay,4000,0.0622,1.000,0.0095,0.59
782,replay,4000,-0.0249,1.000,0.0090,0.60
783,replay,4000,0.0335,1.000,0.0088,0.60
784,replay,4000,0.1650,1.000,0.0092,0.60
785,replay,4000,0.0985,1.000,0.0093,0.60
786,replay,4000,-0.0288,1.000,0.0092,0.60
787,replay,4000,0.0545,1.000,0.0091,0.60
788,replay,4000,0.1776,1.000,0.0093,0.60
789,replay,4000,0.0646,1.000,0.0095,0.60
790,replay,4000,-0.0009,1.000,0.0094,0.60
791,replay,4000,0.0413,1.000,0.0095,0.60
792,replay,4000,0.1458,1.000,0.0098,1.42
793,replay,4000,0.0627,1.000,0.0105,0.60
794,es_step,4000,0.0619,1.000,0.0105,1.10
795,es_step,4000,0.0555,1.000,0.0105,1.10
796,replay,4000,-0.0949,1.000,0.0103,0.60
797,es_step,4000,0.1194,1.000,0.0105,1.10
798,replay,4000,0.2045,1.000,0.0107,0.60
799,replay,4000,0.1214,1.000,0.0108,0.60
800,replay,4000,-0.0034,1.000,0.0105,0.60
801,es_step,4000,0.0354,1.000,0.0105,1.10
802,replay,4000,0.0116,1.000,0.0103,0.60
803,replay,4000,0.0627,1.000,0.0104,0.60
804,replay,4000,0.1275,1.000,0.0104,0.60
805,replay,4000,0.1778,1.000,0.0105,0.60
806,replay,4000,0.0367,1.000,0.0101,0.60
807,es_step,4000,0.0158,1.000,0.0101,1.10
808,replay,4000,0.0331,1.000,0.0096,0.60
809,replay,4000,0.0593,1.000,0.0095,0.60
810,replay,4000,0.0712,1.000,0.0094,0.60
811,replay,4000,0.0690,1.000,0.0094,0.60
812,replay,4000,0.0727,1.000,0.0094,0.60
813,es_step,4000,0.0311,1.000,0.0094,1.10
814,replay,4000,0.0880,1.000,0.0093,0.60
815,replay,4000,0.0953,1.000,0.0091,0.60
816,replay,4000,0.1207,1.000,0.0091,0.60
817,replay,4000,0.0419,1.000,0.0089,0.60
818,es_step,4000,0.0717,1.000,0.0089,1.10
819,replay,4000,0.1300,1.000,0.0090,0.60
820,replay,4000,0.0247,1.000,0.0086,0.60
821,replay,4000,-0.0182,1.000,0.0085,0.60
822,replay,4000,0.0753,1.000,0.0086,0.60
823,replay,4000,0.1300,1.000,0.0089,0.60
824,replay,4000,0.0479,1.000,0.0089,0.60
825,replay,4000,0.0268,1.000,0.0088,0.60
826,replay,4000,0.0292,1.000,0.0089,0.60
827,replay,4000,0.0901,1.000,0.0088,0.60
828,replay,4000,-0.0590,1.000,0.0082,0.60
829,replay,4000,0.0987,1.000,0.0081,0.60
830,replay,4000,0.0616,1.000,0.0080,0.60
831,replay,4000,-0.0008,1.000,0.0076,0.60
832,es_step,4000,0.0438,1.000,0.0076,1.10
833,es_step,4000,0.0348,1.000,0.0076,1.10
834,es_step,4000,0.0429,1.000,0.0076,1.10
835,replay,4000,0.0300,1.000,0.0076,0.61
836,replay,4000,0.0218,1.000,0.0073,0.60
837,es_step,4000,0.0563,1.000,0.0073,1.10
838,replay,4000,0.0627,1.000,0.0073,0.60
839,replay,4000,0.0905,1.000,0.0071,0.60
840,replay,4000,0.0987,1.000,0.0071,0.60
841,replay,4000,0.1386,1.000,0.0071,0.60
842,es_step,4000,0.0704,1.000,0.0071,1.10
843,replay,4000,0.1438,1.000,0.0068,0.60
844,replay,4000,0.0438,1.000,0.0067,0.60
845,es_step,4000,0.0570,1.000,0.0068,1.11
846,replay,4000,0.1536,1.000,0.0068,0.60
847,replay,4000,0.0474,1.000,0.0067,0.60
848,replay,4000,0.0336,1.000,0.0066,0.60
849,replay,4000,0.2134,1.000,0.0067,0.60
850,replay,4000,0.1656,1.000,0.0069,0.60
851,replay,4000,0.0615,1.000,0.0065,0.60
852,replay,4000,0.0191,1.000,0.0063,0.60
853,replay,4000,-0.0103,1.000,0.0061,0.60
854,replay,4000,0.0928,1.000,0.0061,0.60
855,replay,4000,0.1433,1.000,0.0062,0.60
856,replay,4000,0.0257,1.000,0.0063,0.60
857,replay,4000,0.0361,1.000,0.0063,0.60
858,replay,4000,0.0778,1.000,0.0065,0.62
859,replay,4000,0.1002,1.000,0.0063,0.60
860,replay,4000,0.0606,1.000,0.0063,0.60
861,replay,4000,-0.0123,1.000,0.0063,0.60
862,replay,4000,0.0877,1.000,0.0064,0.60
863,replay,4000,0.0683,1.000,0.0064,0.60
864,replay,4000,0.0805,1.000,0.0064,0.60
865,replay,4000,0.0385,1.000,0.0065,0.60
866,replay,4000,0.1300,1.000,0.0065,0.60
867,replay,4000,0.0324,1.000,0.0062,0.60
868,replay,4000,0.0693,1.000,0.0063,0.60
869,es_step,4000,0.0389,1.000,0.0063,1.10
870,replay,4000,0.0639,1.000,0.0061,0.60
871,replay,4000,0.0545,1.000,0.0060,0.60
872,replay,4000,0.0620,1.000,0.0060,0.60
873,replay,4000,0.0349,1.000,0.0058,0.60
874,replay,4000,0.0119,1.000,0.0056,0.60
875,replay,4000,-0.0115,1.000,0.0053,0.60
876,replay,4000,0.1412,1.000,0.0056,0.60
877,replay,4000,0.1998,1.000,0.0058,0.60
878,es_step,4000,0.0965,1.000,0.0060,1.10
879,es_step,4000,0.1029,1.000,0.0060,1.11
880,es_step,4000,0.0964,1.000,0.0060,1.11
881,replay,4000,0.1935,1.000,0.0061,0.60
882,replay,4000,0.1127,1.000,0.0058,0.60
883,replay,4000,0.0916,1.000,0.0058,0.60
884,replay,4000,-0.0180,1.000,0.0057,0.60
885,replay,4000,-0.0031,1.000,0.0054,0.60
886,replay,4000,-0.0108,1.000,0.0051,0.60
887,replay,4000,0.0693,1.000,0.0051,0.60
888,replay,4000,0.1284,1.000,0.0053,0.60
889,replay,4000,0.0723,1.000,0.0051,0.60
890,replay,4000,-0.2505,1.000,0.0047,0.60
891,replay,4000,0.0488,1.000,0.0047,0.60
892,replay,4000,0.0791,1.000,0.0046,0.60
893,replay,4000,0.1240,1.000,0.0051,0.60
894,replay,4000,0.2319,1.000,0.0055,0.60
895,replay,4000,0.1678,1.000,0.0056,0.60
896,replay,4000,-0.0796,1.000,0.0057,0.60
897,replay,4000,0.1644,1.000,0.0057,0.60
898,replay,4000,0.1934,1.000,0.0057,0.60
899,replay,4000,0.1664,1.000,0.0056,0.60
900,replay,4000,0.1197,1.000,0.0056,0.60
901,replay,4000,0.0595,1.000,0.0055,0.60
902,replay,4000,0.0632,1.000,0.0052,0.60
903,replay,4000,0.0178,1.000,0.0052,0.60
904,replay,4000,0.0494,1.000,0.0052,0.60
905,replay,4000,0.0416,1.000,0.0052,0.60
906,replay,4000,0.0519,1.000,0.0050,0.60
907,replay,4000,0.1252,1.000,0.0052,0.60
908,replay,4000,0.0913,1.000,0.0054,0.60
909,replay,4000,0.1344,1.000,0.0055,0.60
910,replay,4000,0.0542,1.000,0.0052,0.60
911,replay,4000,0.0189,1.000,0.0049,0.60
912,replay,4000,0.0135,1.000,0.0048,0.60
913,replay,4000,0.0332,1.000,0.0049,0.60
914,es_step,4000,0.0706,1.000,0.0049,1.11
915,es_step,4000,0.0721,1.000,0.0049,1.10
916,replay,4000,0.1656,1.000,0.0049,0.60
917,replay,4000,0.1068,1.000,0.0050,0.60
918,replay,4000,0.0769,1.000,0.0053,0.60
919,replay,4000,0.0171,1.000,0.0054,0.60
920,replay,4000,0.1298,1.000,0.0054,0.60
921,replay,4000,0.1296,1.000,0.0055,0.60
922,replay,4000,0.1867,1.000,0.0057,0.60
923,replay,4000,0.1919,1.000,0.0061,0.60
924,es_step,4000,0.0892,1.000,0.0061,1.10
925,replay,4000,0.1534,1.000,0.0060,0.60
926,replay,4000,0.1891,1.000,0.0063,0.60
927,es_step,4000,0.0692,1.000,0.0063,1.10
928,replay,4000,0.1739,1.000,0.0066,0.60
929,replay,4000,0.1170,1.000,0.0066,0.60
930,es_step,4000,0.0130,1.000,0.0066,1.11
931,replay,4000,-0.0101,1.000,0.0063,0.60
932,replay,4000,0.0533,1.000,0.0064,0.60
933,replay,4000,0.0791,1.000,0.0064,0.60
934,replay,4000,0.1397,1.000,0.0066,0.60
935,replay,4000,0.1715,1.000,0.0067,0.60
936,replay,4000,0.1242,1.000,0.0071,0.60
937,replay,4000,0.0609,1.000,0.0069,0.60
938,replay,4000,0.0795,1.000,0.0071,0.60
939,replay,4000,0.0046,1.000,0.0071,0.60
940,replay,4000,0.0047,1.000,0.0070,0.60
941,replay,4000,0.0814,1.000,0.0074,0.60
942,es_step,4000,0.0869,1.000,0.0074,1.10
943,replay,4000,0.1958,1.000,0.0076,0.60
944,es_step,4000,0.0853,1.000,0.0076,1.10
945,replay,4000,0.1676,1.000,0.0079,0.60
946,replay,4000,0.0753,1.000,0.0078,0.60
947,replay,4000,-0.0389,1.000,0.0073,0.60
948,replay,4000,0.0297,1.000,0.0074,0.60
949,replay,4000,0.1156,1.000,0.0075,0.60
950,replay,4000,0.1313,1.000,0.0075,0.60
951,es_step,4000,0.0459,1.000,0.0076,1.11
952,replay,4000,0.0414,1.000,0.0077,0.60
953,replay,4000,0.1218,1.000,0.0078,0.60
954,replay,4000,0.1542,1.000,0.0079,0.60
955,replay,4000,0.1664,1.000,0.0078,0.60
956,replay,4000,0.1464,1.000,0.0078,0.60
957,replay,4000,0.1465,1.000,0.0079,0.60
958,replay,4000,0.0748,1.000,0.0077,0.60
959,replay,4000,0.0090,1.000,0.0074,0.60
960,replay,4000,0.0537,1.000,0.0072,1.56
961,replay,4000,0.0606,1.000,0.0074,0.60
962,replay,4000,0.1446,1.000,0.0075,0.60
963,es_step,4000,0.0701,1.000,0.0075,1.10
964,replay,4000,0.1857,1.000,0.0074,0.60
965,replay,4000,0.2127,1.000,0.0074,0.60
966,replay,4000,0.0906,1.000,0.0075,0.60
967,es_step,4000,0.0827,1.000,0.0076,1.10
968,replay,4000,0.1321,1.000,0.0075,0.60
969,replay,4000,0.1327,1.000,0.0073,0.60
970,es_step,4000,0.0384,1.000,0.0073,1.10
971,replay,4000,0.0411,1.000,0.0069,0.60
972,replay,4000,0.0260,1.000,0.0068,0.60
973,es_step,4000,0.0544,1.000,0.0068,1.10
974,replay,4000,0.0340,1.000,0.0065,0.60
975,es_step,4000,0.0518,1.000,0.0065,1.10
976,replay,4000,0.0557,1.000,0.0065,0.60
977,replay,4000,0.1266,1.000,0.0065,0.60
978,replay,4000,0.0567,1.000,0.0065,0.60
979,replay,4000,-0.0407,1.000,0.0061,0.60
980,replay,4000,0.0112,1.000,0.0061,0.60
981,replay,4000,0.0662,1.000,0.0061,0.60
982,replay,4000,0.0381,1.000,0.0061,0.60
983,replay,4000,0.0212,1.000,0.0060,0.60
984,replay,4000,0.0715,1.000,0.0060,0.60
985,replay,4000,0.1408,1.000,0.0060,0.60
986,replay,4000,0.0112,1.000,0.0058,0.60
987,replay,4000,0.0229,1.000,0.0056,0.60
988,es_step,4000,0.0313,1.000,0.0056,1.10
989,replay,4000,0.0539,1.000,0.0057,0.60
990,replay,4000,0.1142,1.000,0.0057,0.60
991,replay,4000,0.0972,1.000,0.0058,0.60
992,replay,4000,-0.0110,1.000,0.0057,0.60
993,replay,4000,0.0901,1.000,0.0057,0.60
994,replay,4000,0.1462,1.000,0.0057,0.60
995,replay,4000,0.1280,1.000,0.0058,0.60
996,replay,4000,0.0614,1.000,0.0057,0.60
997,es_step,4000,0.0427,1.000,0.0057,1.11
998,replay,4000,-0.0117,1.000,0.0052,0.60
999,replay,4000,0.0985,1.000,0.0055,0.60
1000,replay,4000,0.1049,1.000,0.0056,0.60
1001,replay,4000,-0.0405,1.000,0.0054,0.60
1002,replay,4000,0.0514,1.000,0.0056,0.60
1003,replay,4000,0.1265,1.000,0.0058,0.60
1004,replay,4000,0.1350,1.000,0.0058,0.60
1005,replay,4000,0.1684,1.000,0.0059,0.60
1006,replay,4000,0.1329,1.000,0.0058,0.60
1007,replay,4000,0.1418,1.000,0.0058,0.60
1008,replay,4000,0.1011,1.000,0.0055,0.60
1009,replay,4000,0.0635,1.000,0.0054,0.60
1010,replay,4000,-0.0406,1.000,0.0050,0.60
1011,replay,4000,0.0256,1.000,0.0050,0.60
1012,replay,4000,0.0848,1.000,0.0050,0.60
1013,replay,4000,0.1313,1.000,0.0053,0.60
1014,replay,4000,0.2223,1.000,0.0056,0.60
1015,replay,4000,0.1742,1.000,0.0056,0.60
1016,replay,4000,0.0945,1.000,0.0055,0.60
1017,replay,4000,0.0251,1.000,0.0052,0.60
1018,replay,4000,0.0743,1.000,0.0050,0.60
1019,replay,4000,0.0496,1.000,0.0050,0.60
1020,replay,4000,0.1311,1.000,0.0049,0.60
1021,replay,4000,0.1356,1.000,0.0049,0.60
1022,es_step,4000,0.0759,1.000,0.0050,1.11
1023,replay,4000,0.0572,1.000,0.0049,0.60
1024,replay,4000,0.1709,1.000,0.0051,0.60
1025,es_step,4000,0.1150,1.000,0.0052,1.11
1026,replay,4000,0.1637,1.000,0.0056,0.60
1027,replay,4000,0.1474,1.000,0.0057,0.60
1028,replay,4000,0.0927,1.000,0.0058,0.60
1029,es_step,4000,0.0519,1.000,0.0058,1.11
1030,replay,4000,0.0626,1.000,0.0057,0.60
1031,replay,4000,0.1060,1.000,0.0057,0.60
1032,es_step,4000,0.0797,1.000,0.0057,1.11
1033,replay,4000,0.0923,1.000,0.0056,0.60
1034,es_step,4000,0.0879,1.000,0.0056,1.11
1035,es_step,4000,0.0791,1.000,0.0056,1.11
1036,replay,4000,0.1096,1.000,0.0060,0.61
1037,replay,4000,0.1067,1.000,0.0061,0.60
1038,replay,4000,0.0702,1.000,0.0060,0.60
1039,replay,4000,0.0026,1.000,0.0059,0.61
1040,replay,4000,0.0763,1.000,0.0058,0.60
1041,replay,4000,0.0724,1.000,0.0060,0.60
1042,replay,4000,0.0692,1.000,0.0060,0.61
1043,replay,4000,0.1185,1.000,0.0061,0.61
1044,replay,4000,0.0975,1.000,0.0062,0.61
1045,replay,4000,0.0724,1.000,0.0062,0.60
1046,replay,4000,0.0727,1.000,0.0062,0.60
1047,es_step,4000,0.0772,1.000,0.0062,1.11
1048,replay,4000,0.0548,1.000,0.0067,0.60
1049,es_step,4000,0.1087,1.000,0.0068,1.11
1050,replay,4000,0.0745,1.000,0.0071,0.61
1051,replay,4000,0.2180,1.000,0.0080,0.61
1052,replay,4000,0.2706,1.000,0.0083,0.61
1053,replay,4000,0.1924,1.000,0.0082,0.61
1054,es_step,4000,-0.0006,1.000,0.0082,1.12
1055,replay,4000,0.0993,1.000,0.0082,0.61
1056,replay,4000,0.0286,1.000,0.0079,0.60
1057,es_step,4000,0.0312,0.938,0.0079,1.11
1058,replay,4000,0.0776,1.000,0.0078,0.60
1059,es_step,4000,0.0476,1.000,0.0078,1.12
1060,replay,4000,0.0442,1.000,0.0078,0.61
1061,replay,4000,0.0658,1.000,0.0078,0.61
1062,replay,4000,0.1244,1.000,0.0080,0.61
1063,replay,4000,0.1561,1.000,0.0081,0.61
1064,es_step,4000,0.0879,1.000,0.0081,1.11
1065,es_step,4000,0.0894,1.000,0.0081,1.12
1066,es_step,4000,0.0931,1.000,0.0081,1.12
1067,replay,4000,0.1969,1.000,0.0082,0.61
1068,replay,4000,0.1902,1.000,0.0082,0.60
1069,replay,4000,0.1433,1.000,0.0082,0.61
1070,replay,4000,-0.0336,1.000,0.0080,0.61
1071,replay,4000,0.1258,1.000,0.0080,0.61
1072,replay,4000,0.1946,1.000,0.0084,0.61
1073,replay,4000,0.2122,1.000,0.0089,0.61
1074,replay,4000,0.0795,1.000,0.0088,0.61
1075,replay,4000,0.0014,1.000,0.0085,0.61
1076,replay,4000,0.0267,1.000,0.0083,0.61
1077,replay,4000,0.0780,1.000,0.0085,0.61
1078,replay,4000,0.0974,1.000,0.0085,0.61
1079,replay,4000,0.0501,1.000,0.0087,0.61
1080,replay,4000,0.1013,1.000,0.0086,0.61
1081,replay,4000,-0.0060,1.000,0.0084,0.60
1082,replay,4000,0.0701,1.000,0.0083,0.60
1083,replay,4000,0.0243,1.000,0.0083,0.60
1084,replay,4000,0.0364,1.000,0.0080,0.60
1085,replay,4000,0.0435,1.000,0.0078,0.60
1086,replay,4000,0.0639,1.000,0.0082,0.60
1087,replay,4000,0.1319,1.000,0.0084,0.60
1088,es_step,4000,0.0677,1.000,0.0084,1.12
1089,replay,4000,0.1257,1.000,0.0086,0.61
1090,replay,4000,0.1373,1.000,0.0087,0.61
1091,replay,4000,0.1653,1.000,0.0088,0.61
1092,replay,4000,0.1191,1.000,0.0091,0.60
1093,es_step,4000,0.1033,1.000,0.0091,1.11
1094,es_step,4000,0.1196,1.000,0.0091,1.11
1095,replay,4000,0.1196,1.000,0.0098,0.61
1096,replay,4000,0.1789,1.000,0.0099,0.61
1097,replay,4000,0.1807,1.000,0.0100,0.61
1098,replay,4000,0.0846,1.000,0.0102,0.61
1099,replay,4000,0.0504,1.000,0.0103,0.60
1100,replay,4000,0.1018,1.000,0.0102,0.60
1101,replay,4000,0.0607,1.000,0.0102,0.61
1102,replay,4000,0.0769,1.000,0.0100,0.60
1103,replay,4000,0.1244,1.000,0.0103,0.61
1104,replay,4000,-0.1914,1.000,0.0101,0.60
1105,replay,4000,0.2415,1.000,0.0102,0.60
1106,es_step,4000,0.1494,1.000,0.0109,1.11
1107,replay,4000,0.2482,1.000,0.0111,0.60
1108,replay,4000,0.1539,1.000,0.0112,0.60
1109,replay,4000,0.0890,1.000,0.0111,0.61
1110,es_step,4000,0.0091,1.000,0.0111,1.11
1111,replay,4000,0.0882,1.000,0.0109,0.60
1112,replay,4000,0.0428,1.000,0.0107,0.60
1113,es_step,4000,-0.0097,0.938,0.0107,1.12
1114,replay,4000,0.0444,1.000,0.0107,0.61
1115,es_step,4000,0.0118,1.000,0.0108,1.11
1116,replay,4000,0.0559,1.000,0.0106,0.61
1117,replay,4000,0.0538,1.000,0.0107,0.60
1118,replay,4000,0.0559,1.000,0.0106,0.60
1119,replay,4000,0.0359,1.000,0.0106,0.60
1120,es_step,4000,0.0528,1.000,0.0108,1.11
1121,replay,4000,0.0802,1.000,0.0107,0.60
1122,replay,4000,0.0660,1.000,0.0108,0.61
1123,replay,4000,0.0747,1.000,0.0107,0.60
1124,replay,4000,0.0604,1.000,0.0108,0.60
1125,replay,4000,0.0448,1.000,0.0107,0.61
1126,es_step,4000,0.0392,1.000,0.0107,1.12
1127,replay,4000,0.0005,1.000,0.0107,0.60
1128,replay,4000,0.0790,1.000,0.0109,0.60
1129,replay,4000,0.1187,1.000,0.0112,0.60
1130,replay,4000,0.1610,1.000,0.0114,0.60
1131,replay,4000,0.2419,1.000,0.0115,0.60
1132,es_step,4000,0.0825,1.000,0.0115,1.11
1133,replay,4000,0.0963,1.000,0.0114,0.60
1134,replay,4000,0.2105,1.000,0.0115,0.61
1135,replay,4000,0.2136,1.000,0.0115,0.61
1136,replay,4000,0.1615,1.000,0.0117,0.60
1137,replay,4000,0.1712,1.000,0.0118,0.60
1138,replay,4000,0.0930,1.000,0.0116,0.60
1139,replay,4000,-0.0407,1.000,0.0115,0.60
1140,es_step,4000,0.0219,1.000,0.0117,1.11
1141,es_step,4000,0.0106,0.875,0.0117,2.19
1142,replay,4000,0.0493,1.000,0.0116,0.61
1143,replay,4000,0.0693,1.000,0.0115,0.61
1144,replay,4000,0.1053,1.000,0.0117,0.60
1145,replay,4000,0.1203,1.000,0.0118,0.61
1146,replay,4000,0.0764,1.000,0.0117,0.60
1147,replay,4000,-0.0375,1.000,0.0115,0.60
1148,replay,4000,0.0391,1.000,0.0116,0.60
1149,replay,4000,0.1793,1.000,0.0117,0.61
1150,es_step,4000,0.1517,0.938,0.0124,1.11
1151,replay,4000,0.2308,1.000,0.0127,0.61
1152,replay,4000,0.1711,1.000,0.0128,0.61
1153,replay,4000,0.0900,1.000,0.0127,0.60
1154,replay,4000,0.0048,1.000,0.0127,0.61
1155,replay,4000,0.0295,1.000,0.0128,0.60
1156,replay,4000,0.0407,1.000,0.0128,0.60
1157,replay,4000,0.0826,1.000,0.0128,0.60
1158,es_step,4000,0.0390,1.000,0.0128,1.11
1159,es_step,4000,0.0407,1.000,0.0128,1.11
1160,replay,4000,-0.0237,1.000,0.0126,0.61
1161,replay,4000,0.0246,1.000,0.0122,0.60
1162,es_step,4000,0.0622,1.000,0.0122,1.11
1163,replay,4000,0.0665,1.000,0.0125,0.60
1164,replay,4000,0.1212,1.000,0.0126,0.60
1165,es_step,4000,0.0750,1.000,0.0126,1.11
1166,replay,4000,0.1579,1.000,0.0128,0.60
1167,es_step,4000,0.0741,1.000,0.0129,1.11
1168,replay,4000,0.1558,1.000,0.0129,0.61
1169,replay,4000,0.1225,1.000,0.0128,0.61
1170,replay,4000,0.1260,1.000,0.0127,0.60
1171,es_step,4000,0.0395,1.000,0.0127,1.11
1172,replay,4000,0.1199,1.000,0.0127,0.60
1173,replay,4000,0.0980,1.000,0.0127,0.60
1174,replay,4000,0.0735,1.000,0.0127,0.60
1175,replay,4000,0.0988,1.000,0.0129,0.60
1176,replay,4000,0.0466,1.000,0.0129,0.60
1177,replay,4000,0.0510,1.000,0.0128,0.60
1178,replay,4000,0.1090,1.000,0.0131,0.60
1179,es_step,4000,0.0706,1.000,0.0131,1.11
1180,replay,4000,0.1641,1.000,0.0131,0.61
1181,replay,4000,0.1131,1.000,0.0130,0.60
1182,replay,4000,0.0777,1.000,0.0129,0.60
1183,replay,4000,-0.0191,1.000,0.0127,0.61
1184,replay,4000,-0.0167,1.000,0.0124,0.60
1185,replay,4000,0.0624,1.000,0.0122,0.60
1186,replay,4000,0.0922,1.000,0.0123,0.60
1187,replay,4000,0.1111,1.000,0.0123,0.60
1188,replay,4000,0.0711,1.000,0.0122,0.60
1189,replay,4000,0.0803,1.000,0.0123,0.60
1190,replay,4000,0.0256,1.000,0.0122,0.60
1191,replay,4000,0.0396,1.000,0.0119,0.60
1192,replay,4000,0.0849,1.000,0.0118,0.60
1193,replay,4000,0.0886,1.000,0.0120,0.60
1194,replay,4000,0.1090,1.000,0.0122,0.60
1195,es_step,4000,0.0454,1.000,0.0122,1.11
1196,replay,4000,0.0771,1.000,0.0121,0.60
1197,replay,4000,0.0599,1.000,0.0122,0.60
1198,replay,4000,0.1818,1.000,0.0125,0.60
1199,replay,4000,0.1564,1.000,0.0128,0.60
1200,replay,4000,0.1363,1.000,0.0128,0.60
1201,replay,4000,0.0782,1.000,0.0127,0.60
1202,replay,4000,-0.0134,1.000,0.0125,0.60
1203,replay,4000,0.0384,1.000,0.0126,0.60
1204,replay,4000,0.0800,1.000,0.0126,0.60
1205,es_step,4000,0.0554,1.000,0.0126,1.11
1206,replay,4000,0.1096,1.000,0.0129,0.60
1207,replay,4000,0.0089,1.000,0.0126,0.60
1208,replay,4000,0.0610,1.000,0.0126,0.60
1209,es_step,4000,0.0546,1.000,0.0128,1.11
1210,replay,4000,0.0981,1.000,0.0128,0.60
1211,replay,4000,0.0274,1.000,0.0129,0.60
1212,replay,4000,0.1701,1.000,0.0132,0.60
1213,replay,4000,0.1396,1.000,0.0132,0.60
1214,es_step,4000,0.0817,1.000,0.0132,1.11
1215,replay,4000,0.1680,1.000,0.0134,0.61
1216,replay,4000,0.1662,1.000,0.0135,0.60
1217,replay,4000,0.1034,1.000,0.0136,0.60
1218,replay,4000,0.0979,1.000,0.0137,0.60
1219,replay,4000,0.1020,1.000,0.0135,0.60
1220,replay,4000,0.0945,1.000,0.0134,0.60
1221,replay,4000,0.0647,1.000,0.0135,0.60
1222,replay,4000,0.0531,1.000,0.0133,0.60
1223,replay,4000,-0.0384,1.000,0.0131,0.60
1224,replay,4000,0.0589,1.000,0.0131,0.60
1225,replay,4000,0.0657,1.000,0.0132,0.61
1226,es_step,4000,0.0840,0.938,0.0133,1.11
1227,replay,4000,-0.0485,1.000,0.0132,0.61
1228,replay,4000,0.2476,1.000,0.0136,0.60
1229,es_step,4000,0.1292,1.000,0.0141,1.11
1230,replay,4000,0.2550,1.000,0.0146,0.60
1231,replay,4000,0.1503,1.000,0.0147,0.61
1232,replay,4000,0.1373,1.000,0.0149,0.60
1233,replay,4000,0.1969,1.000,0.0148,0.60
1234,replay,4000,0.1306,1.000,0.0147,0.60
1235,replay,4000,0.0956,1.000,0.0146,0.60
1236,replay,4000,0.0888,1.000,0.0145,0.60
1237,es_step,4000,0.0389,1.000,0.0145,1.11
1238,replay,4000,0.1060,1.000,0.0145,0.61
1239,replay,4000,0.0808,1.000,0.0145,0.60
1240,es_step,4000,0.0463,1.000,0.0145,1.11
1241,replay,4000,0.0543,1.000,0.0143,0.60
1242,replay,4000,0.0283,1.000,0.0140,0.60
1243,es_step,4000,0.0496,1.000,0.0141,1.11
1244,replay,4000,0.0562,1.000,0.0142,0.60
1245,replay,4000,0.0610,1.000,0.0144,0.60
1246,replay,4000,0.1416,1.000,0.0146,0.60
1247,replay,4000,0.0128,1.000,0.0146,0.60
1248,es_step,4000,0.1095,1.000,0.0148,1.11
1249,replay,4000,0.1730,1.000,0.0149,0.60
1250,replay,4000,0.1594,1.000,0.0153,0.60
1251,replay,4000,0.0958,1.000,0.0155,0.60
1252,replay,4000,-0.1156,1.000,0.0151,0.60
1253,es_step,4000,0.0465,1.000,0.0153,1.11
1254,replay,4000,0.1001,1.000,0.0155,0.60
1255,replay,4000,0.1767,1.000,0.0157,0.60
1256,replay,4000,0.1701,1.000,0.0157,0.60
1257,replay,4000,0.0959,1.000,0.0157,0.60
1258,replay,4000,0.0870,1.000,0.0161,0.60
1259,es_step,4000,0.0397,1.000,0.0161,1.11
1260,replay,4000,0.0369,1.000,0.0160,0.61
1261,replay,4000,0.0674,1.000,0.0159,0.61
1262,replay,4000,0.0295,1.000,0.0158,0.60
1263,replay,4000,0.0746,1.000,0.0159,0.60
1264,replay,4000,0.0732,1.000,0.0160,0.60
1265,replay,4000,0.1638,1.000,0.0161,0.60
1266,replay,4000,0.1897,1.000,0.0164,0.60
1267,replay,4000,0.2065,1.000,0.0166,0.60
1268,replay,4000,0.1500,1.000,0.0169,0.60
1269,replay,4000,0.1035,1.000,0.0169,0.60
1270,replay,4000,0.0885,1.000,0.0168,0.60
1271,replay,4000,0.0447,1.000,0.0168,0.60
1272,replay,4000,0.0568,1.000,0.0167,0.60
1273,replay,4000,0.1275,1.000,0.0167,0.60
1274,replay,4000,0.0873,1.000,0.0170,0.60
1275,replay,4000,0.1177,1.000,0.0171,0.60
1276,replay,4000,0.0845,1.000,0.0171,0.60
1277,replay,4000,0.2098,1.000,0.0171,0.60
1278,es_step,4000,0.0597,1.000,0.0171,1.11
1279,replay,4000,0.1505,1.000,0.0171,0.60
1280,replay,4000,0.0675,1.000,0.0169,0.60
1281,replay,4000,-0.0008,1.000,0.0166,0.60
1282,replay,4000,0.0138,1.000,0.0165,0.60
1283,replay,4000,0.0062,1.000,0.0165,0.60
1284,replay,4000,0.0648,1.000,0.0167,0.60
1285,es_step,4000,0.0727,1.000,0.0167,1.11
1286,replay,4000,0.1338,1.000,0.0168,0.60
1287,replay,4000,0.1361,1.000,0.0170,0.60
1288,replay,4000,0.1189,1.000,0.0170,0.60
1289,replay,4000,0.0559,1.000,0.0172,0.60
1290,es_step,4000,0.0268,1.000,0.0172,1.11
1291,es_step,4000,0.0220,1.000,0.0172,1.11
1292,replay,4000,0.0521,1.000,0.0172,0.60
1293,replay,4000,0.0376,1.000,0.0171,0.60
1294,replay,4000,0.0159,1.000,0.0169,0.60
1295,replay,4000,0.0695,1.000,0.0168,0.60
1296,es_step,4000,0.0434,1.000,0.0168,1.11
1297,es_step,4000,0.0461,1.000,0.0168,1.11
1298,replay,4000,0.0540,1.000,0.0169,0.61
1299,replay,4000,0.0797,1.000,0.0169,0.60
1300,replay,4000,0.0327,1.000,0.0169,0.60
1301,replay,4000,0.0819,1.000,0.0171,0.60
1302,es_step,4000,0.0590,1.000,0.0171,1.11
1303,replay,4000,0.0581,1.000,0.0172,0.60
1304,replay,4000,0.1064,1.000,0.0174,0.60
1305,replay,4000,0.0599,1.000,0.0174,0.60
1306,replay,4000,0.0968,1.000,0.0175,0.60
1307,replay,4000,0.0888,1.000,0.0175,0.60
1308,replay,4000,0.0706,1.000,0.0174,0.60
1309,replay,4000,0.0451,1.000,0.0174,0.60
1310,replay,4000,0.0471,1.000,0.0175,0.60
1311,es_step,4000,0.0311,1.000,0.0175,1.11
1312,replay,4000,-0.0028,1.000,0.0173,0.60
1313,replay,4000,0.0675,1.000,0.0172,0.60
1314,replay,4000,0.1199,1.000,0.0173,0.60
1315,replay,4000,0.1129,1.000,0.0173,0.60
1316,es_step,4000,0.0330,1.000,0.0173,1.11
1317,replay,4000,0.0838,1.000,0.0172,0.60
1318,replay,4000,0.0733,1.000,0.0171,0.60
1319,replay,4000,0.1327,1.000,0.0173,0.60
1320,replay,4000,0.1591,1.000,0.0174,0.60
1321,replay,4000,0.1571,1.000,0.0177,0.60
1322,replay,4000,0.1491,1.000,0.0178,0.60
1323,replay,4000,0.1132,1.000,0.0180,0.60
1324,replay,4000,0.0587,1.000,0.0182,0.60
1325,replay,4000,0.0898,1.000,0.0182,0.60
1326,replay,4000,0.0745,1.000,0.0183,0.60
1327,es_step,4000,0.0532,1.000,0.0183,1.11
1328,replay,4000,0.1116,1.000,0.0183,0.60
1329,replay,4000,-0.0686,1.000,0.0184,0.60
1330,replay,4000,0.1343,1.000,0.0188,0.60
1331,replay,4000,0.1576,1.000,0.0193,0.60
1332,replay,4000,0.1745,1.000,0.0195,0.60
1333,replay,4000,0.1138,1.000,0.0194,0.60
1334,replay,4000,0.0151,1.000,0.0194,0.60
1335,replay,4000,-0.0140,1.000,0.0191,0.60
1336,replay,4000,0.0593,1.000,0.0190,0.60
1337,replay,4000,0.1411,1.000,0.0190,0.60
1338,replay,4000,0.1075,1.000,0.0190,0.60
1339,replay,4000,0.0556,1.000,0.0188,0.60
1340,es_step,4000,0.0438,1.000,0.0188,1.11
1341,replay,4000,0.0314,1.000,0.0187,0.60
1342,replay,4000,0.0830,1.000,0.0190,0.60
1343,es_step,4000,0.0616,1.000,0.0190,2.33
1344,es_step,4000,0.0541,1.000,0.0190,1.11
1345,replay,4000,0.0610,1.000,0.0192,0.60
1346,replay,4000,0.0210,1.000,0.0191,0.60
1347,replay,4000,0.1145,1.000,0.0193,0.60
1348,es_step,4000,0.0679,1.000,0.0193,1.11
1349,replay,4000,0.1103,1.000,0.0197,0.60
1350,replay,4000,0.1061,1.000,0.0196,0.60
1351,replay,4000,0.0235,1.000,0.0194,0.60
1352,replay,4000,0.1205,1.000,0.0195,0.60
1353,replay,4000,0.1029,1.000,0.0197,0.60
1354,es_step,4000,0.0554,1.000,0.0198,1.11
1355,replay,4000,0.1329,1.000,0.0199,0.60
1356,replay,4000,0.0821,1.000,0.0199,0.60
1357,replay,4000,0.0896,1.000,0.0199,0.60
1358,replay,4000,0.1143,1.000,0.0200,0.60
1359,replay,4000,0.1284,1.000,0.0202,0.60
1360,replay,4000,0.1338,1.000,0.0202,0.60
1361,es_step,4000,0.0614,1.000,0.0202,1.11
1362,replay,4000,0.0555,1.000,0.0204,0.60
1363,replay,4000,0.1295,1.000,0.0205,0.60
1364,replay,4000,0.1175,1.000,0.0206,0.60
1365,replay,4000,0.0445,1.000,0.0206,0.60
1366,replay,4000,0.0704,1.000,0.0207,0.60
1367,replay,4000,0.0964,1.000,0.0207,0.60
1368,replay,4000,0.0269,1.000,0.0207,0.60
1369,replay,4000,0.0301,1.000,0.0205,0.61
1370,replay,4000,0.0663,1.000,0.0204,0.60
1371,replay,4000,0.0832,1.000,0.0204,0.60
1372,replay,4000,0.0781,1.000,0.0205,0.60
1373,replay,4000,0.0812,1.000,0.0207,0.60
1374,es_step,4000,0.0627,1.000,0.0207,1.11
1375,replay,4000,0.0534,1.000,0.0207,0.60
1376,es_step,4000,0.0599,1.000,0.0207,1.11
1377,es_step,4000,0.0644,1.000,0.0207,1.11
1378,es_step,4000,0.0652,1.000,0.0207,1.11
1379,es_step,4000,0.0542,1.000,0.0207,1.11
1380,replay,4000,0.0849,1.000,0.0206,0.61
1381,replay,4000,0.1291,1.000,0.0207,0.60
1382,es_step,4000,0.0485,1.000,0.0207,1.11
1383,replay,4000,0.0861,1.000,0.0206,0.60
1384,replay,4000,0.0907,1.000,0.0205,0.60
1385,replay,4000,-0.1976,1.000,0.0202,0.60
1386,es_step,4000,0.0935,1.000,0.0203,1.11
1387,replay,4000,0.0986,1.000,0.0204,0.60
1388,replay,4000,0.1421,1.000,0.0204,0.60
1389,replay,4000,0.1127,1.000,0.0205,0.60
1390,replay,4000,0.1129,1.000,0.0203,0.60
1391,replay,4000,0.0557,1.000,0.0204,0.60
1392,es_step,4000,0.0630,1.000,0.0205,1.11
1393,replay,4000,0.2053,1.000,0.0208,0.61
1394,es_step,4000,0.0690,1.000,0.0208,1.11
1395,replay,4000,0.1912,1.000,0.0211,0.60
1396,es_step,4000,0.0554,1.000,0.0211,1.11
1397,es_step,4000,0.0588,1.000,0.0211,1.11
1398,replay,4000,0.1452,1.000,0.0212,0.61
1399,replay,4000,0.1174,1.000,0.0211,0.60
1400,es_step,4000,0.0379,1.000,0.0211,1.11
1401,replay,4000,0.0869,1.000,0.0210,0.61
1402,replay,4000,0.0918,1.000,0.0212,0.60
1403,replay,4000,0.0385,1.000,0.0212,0.60
1404,replay,4000,0.0818,1.000,0.0212,0.60
1405,replay,4000,0.0633,1.000,0.0212,0.60
1406,replay,4000,0.1153,1.000,0.0211,0.60
1407,replay,4000,0.1009,1.000,0.0212,0.60
1408,replay,4000,0.0695,1.000,0.0211,0.60
1409,replay,4000,0.0238,1.000,0.0209,0.60
1410,es_step,4000,0.0406,1.000,0.0209,1.11
1411,replay,4000,0.0565,1.000,0.0209,0.60
1412,es_step,4000,0.0478,1.000,0.0209,1.11
1413,replay,4000,0.0830,1.000,0.0209,0.60
1414,replay,4000,0.0804,1.000,0.0207,0.60
1415,es_step,4000,0.0360,1.000,0.0207,1.11
1416,replay,4000,0.0873,1.000,0.0206,0.61
1417,es_step,4000,0.0401,1.000,0.0206,1.11
1418,replay,4000,0.0489,1.000,0.0207,0.60
1419,replay,4000,0.0771,1.000,0.0210,0.60
1420,replay,4000,0.0579,1.000,0.0210,0.60
1421,es_step,4000,0.0654,1.000,0.0211,1.11
1422,es_step,4000,0.0704,1.000,0.0211,1.11
1423,replay,4000,0.0417,1.000,0.0213,0.61
1424,replay,4000,0.1387,1.000,0.0216,0.60
1425,replay,4000,0.1377,1.000,0.0219,0.60
1426,replay,4000,0.1797,1.000,0.0220,0.60
1427,replay,4000,0.1337,1.000,0.0219,0.60
1428,replay,4000,0.1011,1.000,0.0222,0.60
1429,replay,4000,0.0873,1.000,0.0221,0.60
1430,replay,4000,0.0792,1.000,0.0220,0.60
1431,replay,4000,0.0269,1.000,0.0220,0.60
1432,replay,4000,0.0269,1.000,0.0219,0.60
1433,replay,4000,0.0977,1.000,0.0219,0.60
1434,replay,4000,0.1298,1.000,0.0222,0.60
1435,replay,4000,0.1045,1.000,0.0221,0.60
1436,es_step,4000,0.0122,1.000,0.0221,1.11
1437,es_step,4000,0.0131,1.000,0.0221,1.11
1438,replay,4000,-0.0231,1.000,0.0220,0.60
1439,replay,4000,0.0036,1.000,0.0217,0.60
1440,replay,4000,0.0775,1.000,0.0220,0.60
1441,es_step,4000,0.0910,1.000,0.0220,1.11
1442,es_step,4000,0.0931,1.000,0.0220,1.11
1443,replay,4000,0.1289,1.000,0.0221,0.61
1444,replay,4000,0.1305,1.000,0.0222,0.60
1445,replay,4000,0.0904,1.000,0.0223,0.60
1446,es_step,4000,0.0605,1.000,0.0223,1.11
1447,replay,4000,0.1063,1.000,0.0223,0.60
1448,replay,4000,0.0941,1.000,0.0223,0.61
1449,replay,4000,0.0583,1.000,0.0222,0.61
1450,es_step,4000,0.0212,1.000,0.0222,1.11
1451,replay,4000,-0.0813,1.000,0.0219,0.60
1452,replay,4000,0.0460,1.000,0.0219,0.60
1453,replay,4000,0.1168,1.000,0.0220,0.60
1454,replay,4000,0.1357,1.000,0.0220,0.60
1455,replay,4000,0.1270,1.000,0.0222,0.60
1456,replay,4000,0.0560,1.000,0.0220,0.60
1457,replay,4000,0.1193,1.000,0.0220,0.60
1458,replay,4000,0.1128,1.000,0.0221,0.60
1459,replay,4000,0.0845,1.000,0.0223,0.60
1460,replay,4000,0.0232,1.000,0.0223,0.60
1461,replay,4000,0.2051,1.000,0.0224,0.60
1462,es_step,4000,0.0751,0.938,0.0224,1.11
1463,replay,4000,0.1817,1.000,0.0224,0.61
1464,es_step,4000,0.0344,1.000,0.0224,1.11
1465,replay,4000,0.1035,1.000,0.0225,0.60
1466,replay,4000,0.0538,1.000,0.0224,0.60
1467,replay,4000,0.0076,1.000,0.0221,0.66
1468,es_step,4000,0.0110,1.000,0.0221,1.11
1469,replay,4000,0.0210,1.000,0.0222,0.60
1470,es_step,4000,0.0626,1.000,0.0222,1.11
1471,replay,4000,0.0982,1.000,0.0222,0.61
1472,replay,4000,0.1663,1.000,0.0223,0.61
1473,replay,4000,0.1759,1.000,0.0224,0.60
1474,replay,4000,0.1116,1.000,0.0225,0.60
1475,es_step,4000,0.0348,1.000,0.0225,1.11
1476,replay,4000,0.0534,1.000,0.0223,0.60
1477,replay,4000,0.0549,1.000,0.0222,0.60
1478,replay,4000,0.0422,1.000,0.0220,0.60
1479,es_step,4000,0.0458,0.938,0.0220,1.11
1480,replay,4000,0.0177,1.000,0.0217,0.60
1481,replay,4000,0.0977,1.000,0.0217,0.60
1482,es_step,4000,0.0653,0.938,0.0217,1.11
1483,es_step,4000,0.0741,1.000,0.0217,1.11
1484,replay,4000,0.0891,1.000,0.0217,0.60
1485,replay,4000,0.0875,1.000,0.0217,0.60
1486,replay,4000,-0.0178,1.000,0.0214,0.60
1487,replay,4000,0.0290,1.000,0.0212,0.60
1488,replay,4000,0.0313,1.000,0.0211,0.60
1489,es_step,4000,0.0693,1.000,0.0211,1.11
1490,replay,4000,0.0633,1.000,0.0211,0.60
1491,replay,4000,0.0808,1.000,0.0210,0.60
1492,es_step,4000,0.0588,1.000,0.0211,1.11
1493,replay,4000,0.1289,1.000,0.0214,0.60
1494,replay,4000,0.0023,1.000,0.0215,0.60
1495,replay,4000,0.1806,1.000,0.0218,0.60
1496,replay,4000,0.1751,1.000,0.0219,0.60
1497,es_step,4000,0.0987,1.000,0.0222,1.10
1498,replay,4000,0.1779,1.000,0.0222,0.60
1499,replay,4000,0.1187,1.000,0.0223,0.60
1500,replay,4000,0.0905,1.000,0.0223,0.60
1501,replay,4000,0.1046,1.000,0.0223,0.60
1502,replay,4000,0.0635,1.000,0.0222,0.60
1503,replay,4000,0.0240,1.000,0.0219,0.60
1504,replay,4000,0.0504,1.000,0.0218,0.60
1505,replay,4000,0.0475,1.000,0.0217,0.60
1506,replay,4000,0.0636,1.000,0.0216,0.60
1507,es_step,4000,0.0503,1.000,0.0217,1.11
1508,replay,4000,0.0564,1.000,0.0216,0.61
1509,replay,4000,0.0909,1.000,0.0216,0.60
1510,replay,4000,0.0643,1.000,0.0216,0.60
1511,replay,4000,0.1156,1.000,0.0216,0.60
1512,replay,4000,0.0953,1.000,0.0216,0.60
1513,replay,4000,0.1085,1.000,0.0217,0.67
1514,es_step,4000,0.0693,1.000,0.0217,1.11
1515,es_step,4000,0.0687,1.000,0.0217,1.11
1516,es_step,4000,0.0627,1.000,0.0217,1.11
1517,es_step,4000,0.0651,1.000,0.0217,1.11
1518,replay,4000,0.1011,1.000,0.0219,0.60
1519,replay,4000,0.0925,1.000,0.0220,0.60
1520,es_step,4000,0.0474,1.000,0.0220,1.11
1521,replay,4000,0.0903,1.000,0.0219,0.60
1522,replay,4000,0.0415,1.000,0.0221,0.60
1523,replay,4000,-0.0013,1.000,0.0220,0.60
1524,replay,4000,0.0590,1.000,0.0219,0.60
1525,replay,4000,0.1253,1.000,0.0223,0.60
1526,replay,4000,0.0642,1.000,0.0222,0.60
1527,replay,4000,0.0946,1.000,0.0221,0.60
1528,replay,4000,0.0939,1.000,0.0221,0.60
1529,replay,4000,0.0490,1.000,0.0220,0.60
1530,replay,4000,0.0302,1.000,0.0219,0.60
1531,es_step,4000,0.0541,1.000,0.0219,1.11
1532,replay,4000,-0.0104,1.000,0.0220,0.61
1533,replay,4000,0.0773,1.000,0.0219,0.60
1534,replay,4000,0.1235,1.000,0.0219,0.60
1535,replay,4000,0.0940,1.000,0.0221,0.60
1536,replay,4000,0.0634,1.000,0.0222,0.60
1537,replay,4000,0.0565,1.000,0.0221,0.60
1538,replay,4000,0.0215,1.000,0.0219,0.60
1539,es_step,4000,0.0264,1.000,0.0219,1.11
1540,replay,4000,0.0634,1.000,0.0218,0.60
1541,replay,4000,0.0487,1.000,0.0218,0.60
1542,replay,4000,0.0190,1.000,0.0217,0.61
1543,replay,4000,0.1267,1.000,0.0218,0.60
1544,replay,4000,0.1260,1.000,0.0219,0.60
1545,replay,4000,0.1478,1.000,0.0223,0.60
1546,replay,4000,0.1584,1.000,0.0225,0.60
1547,replay,4000,0.2363,1.000,0.0227,0.60
1548,replay,4000,0.1871,1.000,0.0230,0.60
1549,replay,4000,0.2076,1.000,0.0232,0.60
1550,replay,4000,0.1581,1.000,0.0232,0.60
1551,replay,4000,0.1256,1.000,0.0233,0.61
1552,replay,4000,0.1392,1.000,0.0233,1.99
1553,replay,4000,0.1216,1.000,0.0233,0.60
1554,replay,4000,0.1224,1.000,0.0234,0.60
1555,replay,4000,0.0666,1.000,0.0232,0.61
1556,es_step,4000,0.0553,1.000,0.0232,1.11
1557,es_step,4000,0.0606,1.000,0.0232,1.11
1558,replay,4000,0.0971,1.000,0.0232,0.61
1559,replay,4000,0.0837,1.000,0.0232,0.60
1560,replay,4000,0.0476,1.000,0.0230,0.60
1561,replay,4000,0.0530,1.000,0.0230,0.60
1562,replay,4000,0.0677,1.000,0.0231,0.60
1563,replay,4000,0.0783,1.000,0.0231,0.60
1564,es_step,4000,0.0505,1.000,0.0231,1.11
1565,replay,4000,0.0598,1.000,0.0230,0.60
1566,replay,4000,0.1187,1.000,0.0232,0.60
1567,replay,4000,0.1257,1.000,0.0232,0.60
1568,replay,4000,0.0934,1.000,0.0232,0.60
1569,replay,4000,0.1352,1.000,0.0234,0.60
1570,replay,4000,0.0982,1.000,0.0235,0.60
1571,replay,4000,0.0849,1.000,0.0235,0.60
1572,replay,4000,0.0559,1.000,0.0233,0.60
1573,replay,4000,0.0663,1.000,0.0234,0.60
1574,es_step,4000,0.0358,1.000,0.0234,1.11
1575,replay,4000,0.0488,1.000,0.0232,0.60
1576,replay,4000,0.0456,1.000,0.0231,0.60
1577,replay,4000,0.0983,1.000,0.0231,0.60
1578,replay,4000,0.0714,1.000,0.0231,0.60
1579,replay,4000,0.1118,1.000,0.0231,0.60
1580,replay,4000,0.1218,1.000,0.0231,0.60
1581,replay,4000,0.1033,1.000,0.0231,0.61
1582,es_step,4000,0.0673,0.938,0.0231,1.11
1583,es_step,4000,0.0657,0.938,0.0231,1.11
1584,replay,4000,0.1098,1.000,0.0231,0.60
1585,replay,4000,0.0834,1.000,0.0232,0.60
1586,replay,4000,0.0262,1.000,0.0231,0.60
1587,replay,4000,0.0260,1.000,0.0229,0.60
1588,replay,4000,-0.0590,1.000,0.0228,0.60
1589,replay,4000,0.0661,1.000,0.0232,0.60
1590,replay,4000,0.2257,1.000,0.0237,0.60
1591,replay,4000,0.1918,1.000,0.0238,0.60
1592,replay,4000,0.1864,1.000,0.0238,0.60
1593,replay,4000,0.0814,1.000,0.0238,0.60
1594,replay,4000,0.0482,1.000,0.0241,0.60
1595,es_step,4000,0.0329,1.000,0.0241,1.11
1596,replay,4000,0.0382,1.000,0.0240,0.60
1597,replay,4000,0.0373,1.000,0.0238,0.60
1598,replay,4000,0.0323,1.000,0.0238,0.60
1599,replay,4000,0.0534,1.000,0.0238,0.60
1600,replay,4000,0.0846,1.000,0.0238,0.60
1601,es_step,4000,0.0380,1.000,0.0238,1.11
1602,replay,4000,0.0216,1.000,0.0236,0.60
1603,replay,4000,0.0041,1.000,0.0236,0.60
1604,replay,4000,0.0290,1.000,0.0233,0.61
1605,replay,4000,0.0541,1.000,0.0234,0.60
1606,es_step,4000,0.0457,1.000,0.0234,1.11
1607,replay,4000,0.0818,1.000,0.0233,0.60
1608,es_step,4000,0.0478,1.000,0.0233,1.11
1609,replay,4000,0.0724,1.000,0.0233,0.60
1610,replay,4000,0.0915,1.000,0.0231,0.60
1611,replay,4000,0.1012,1.000,0.0235,0.60
1612,replay,4000,0.1140,1.000,0.0234,0.60
1613,replay,4000,0.1110,1.000,0.0234,0.60
1614,replay,4000,-0.0323,1.000,0.0233,0.60
1615,es_step,4000,0.0808,1.000,0.0233,1.11
1616,replay,4000,0.1704,1.000,0.0234,0.60
1617,replay,4000,0.1675,1.000,0.0235,0.60
1618,replay,4000,0.1424,1.000,0.0236,0.60
1619,es_step,4000,0.0680,1.000,0.0236,1.11
1620,replay,4000,0.0937,1.000,0.0236,0.60
1621,replay,4000,0.0832,1.000,0.0235,0.60
1622,es_step,4000,0.0270,1.000,0.0235,1.11
1623,replay,4000,0.0518,1.000,0.0234,0.60
1624,replay,4000,0.0171,1.000,0.0232,0.60
1625,replay,4000,0.0605,1.000,0.0232,0.60
1626,es_step,4000,0.0722,1.000,0.0232,1.11
1627,replay,4000,0.1362,1.000,0.0232,0.60
1628,replay,4000,0.1135,1.000,0.0232,0.60
1629,replay,4000,0.1284,1.000,0.0232,0.60
1630,replay,4000,0.0645,1.000,0.0232,0.60
1631,replay,4000,0.1179,1.000,0.0234,0.60
1632,es_step,4000,0.0648,1.000,0.0234,1.11
1633,replay,4000,0.1247,1.000,0.0234,0.60
1634,replay,4000,0.1311,1.000,0.0236,0.60
1635,replay,4000,0.1084,1.000,0.0235,0.60
1636,replay,4000,0.1721,1.000,0.0237,0.60
1637,es_step,4000,0.0974,1.000,0.0238,1.11
1638,es_step,4000,0.1001,1.000,0.0240,1.11
1639,es_step,4000,0.1099,1.000,0.0241,1.11
1640,replay,4000,0.1329,1.000,0.0242,0.61
1641,replay,4000,0.0928,1.000,0.0241,0.60
1642,replay,4000,0.1023,1.000,0.0241,0.60
1643,replay,4000,0.1064,1.000,0.0241,0.60
1644,replay,4000,0.0376,1.000,0.0239,0.60
1645,replay,4000,0.0463,1.000,0.0239,0.60
1646,replay,4000,0.0587,1.000,0.0238,0.60
1647,replay,4000,0.0551,1.000,0.0237,0.60
1648,es_step,4000,0.0314,1.000,0.0237,1.11
1649,replay,4000,0.0396,1.000,0.0235,0.60
1650,replay,4000,0.0171,1.000,0.0232,0.60
1651,replay,4000,0.0432,1.000,0.0231,0.60
1652,replay,4000,0.0920,1.000,0.0231,0.60
1653,replay,4000,0.0845,1.000,0.0231,0.60
1654,replay,4000,0.0636,1.000,0.0230,0.60
1655,replay,4000,0.0223,1.000,0.0231,0.60
1656,replay,4000,0.1041,1.000,0.0231,0.60
1657,es_step,4000,0.1100,1.000,0.0234,1.11
1658,replay,4000,0.1645,1.000,0.0236,0.60
1659,replay,4000,0.1397,1.000,0.0237,0.60
1660,replay,4000,0.0802,1.000,0.0237,0.60
1661,replay,4000,0.0326,1.000,0.0236,0.61
1662,es_step,4000,0.0123,1.000,0.0236,1.11
1663,replay,4000,0.0302,1.000,0.0234,0.60
1664,replay,4000,0.0099,1.000,0.0233,0.60
1665,replay,4000,0.0299,1.000,0.0233,0.60
1666,replay,4000,0.0736,1.000,0.0233,0.60
1667,replay,4000,0.0417,1.000,0.0235,0.60
1668,replay,4000,0.0789,1.000,0.0234,0.60
1669,replay,4000,0.0770,1.000,0.0233,0.60
1670,replay,4000,0.0887,1.000,0.0233,0.60
1671,replay,4000,0.0514,1.000,0.0233,0.61
1672,replay,4000,0.0748,1.000,0.0233,0.60
1673,es_step,4000,0.0501,0.938,0.0233,1.11
1674,replay,4000,0.0948,1.000,0.0233,0.60
1675,replay,4000,0.0652,1.000,0.0234,0.60
1676,replay,4000,0.1782,1.000,0.0234,0.60
1677,replay,4000,0.1568,1.000,0.0236,0.60
1678,replay,4000,0.1244,1.000,0.0237,0.60
1679,replay,4000,0.1268,1.000,0.0236,0.60
1680,replay,4000,0.1262,1.000,0.0236,0.60
1681,replay,4000,0.1055,1.000,0.0236,0.60
1682,replay,4000,0.0888,1.000,0.0235,0.60
1683,replay,4000,0.0523,1.000,0.0235,0.60
1684,replay,4000,0.1029,1.000,0.0235,0.60
1685,replay,4000,0.0977,1.000,0.0235,0.61
1686,es_step,4000,0.0635,1.000,0.0235,1.11
1687,replay,4000,0.0647,1.000,0.0238,0.61
1688,replay,4000,0.0309,1.000,0.0238,0.60
1689,es_step,4000,0.0598,1.000,0.0238,1.11
1690,es_step,4000,0.0585,1.000,0.0238,1.11
1691,replay,4000,0.0410,1.000,0.0236,0.60
1692,replay,4000,0.1085,1.000,0.0237,0.60
1693,replay,4000,0.1637,1.000,0.0238,0.60
1694,es_step,4000,0.0918,1.000,0.0238,1.11
1695,replay,4000,0.1514,1.000,0.0240,0.61
1696,es_step,4000,0.0592,1.000,0.0240,1.11
1697,replay,4000,0.0472,1.000,0.0242,0.60
1698,es_step,4000,0.0384,1.000,0.0242,1.11
1699,replay,4000,0.0700,1.000,0.0242,0.60
1700,replay,4000,0.0814,1.000,0.0245,0.60
1701,replay,4000,0.0621,1.000,0.0244,0.60
1702,replay,4000,0.1231,1.000,0.0245,0.62
1703,es_step,4000,0.0723,1.000,0.0245,1.11
1704,replay,4000,0.1207,1.000,0.0245,0.61
1705,replay,4000,0.0986,1.000,0.0245,0.60
1706,replay,4000,0.0708,1.000,0.0245,0.60
1707,es_step,4000,0.0573,1.000,0.0245,1.11
1708,es_step,4000,0.0534,1.000,0.0245,1.11
1709,replay,4000,0.0923,1.000,0.0244,0.60
1710,replay,4000,0.0670,1.000,0.0244,0.60
1711,es_step,4000,0.0990,1.000,0.0245,1.11
1712,es_step,4000,0.0934,1.000,0.0245,1.11
1713,replay,4000,0.1037,1.000,0.0246,0.60
1714,replay,4000,0.1775,1.000,0.0250,0.61
1715,replay,4000,0.1571,1.000,0.0250,0.60
1716,replay,4000,0.0805,1.000,0.0248,0.61
1717,replay,4000,0.0356,1.000,0.0248,0.60
1718,replay,4000,0.0209,1.000,0.0248,0.60
1719,replay,4000,0.0514,1.000,0.0247,0.61
1720,replay,4000,0.0590,1.000,0.0247,0.60
1721,replay,4000,0.0261,1.000,0.0247,0.61
1722,replay,4000,0.0432,1.000,0.0246,0.60
1723,es_step,4000,0.0438,1.000,0.0246,1.11
1724,es_step,4000,0.0484,1.000,0.0246,1.11
1725,es_step,4000,0.0453,1.000,0.0246,1.11
1726,replay,4000,0.1252,1.000,0.0246,0.60
1727,replay,4000,0.0580,1.000,0.0245,0.60
1728,replay,4000,0.0807,1.000,0.0244,0.60
1729,replay,4000,-0.0180,1.000,0.0240,0.60
1730,replay,4000,0.0445,1.000,0.0240,0.60
1731,replay,4000,0.1536,1.000,0.0242,0.61
1732,replay,4000,0.1826,1.000,0.0243,0.60
1733,replay,4000,0.1467,1.000,0.0244,0.60
1734,es_step,4000,0.0971,1.000,0.0244,1.11
1735,es_step,4000,0.1042,1.000,0.0245,1.11
1736,replay,4000,0.1135,1.000,0.0246,0.61
1737,replay,4000,0.1575,1.000,0.0247,0.60
1738,es_step,4000,0.0789,1.000,0.0247,1.11
1739,replay,4000,0.1462,1.000,0.0247,0.61
1740,replay,4000,0.0308,1.000,0.0245,0.60
1741,replay,4000,0.0560,1.000,0.0244,0.61
1742,replay,4000,0.0510,1.000,0.0243,0.60
1743,es_step,4000,0.0398,1.000,0.0243,1.11
1744,replay,4000,0.0593,1.000,0.0243,0.60
1745,replay,4000,0.0661,1.000,0.0242,0.60
1746,replay,4000,0.0720,1.000,0.0241,0.60
1747,replay,4000,0.0131,1.000,0.0242,0.60
1748,replay,4000,0.0893,1.000,0.0243,0.60
1749,replay,4000,0.0926,1.000,0.0242,0.60
1750,replay,4000,0.1353,1.000,0.0243,0.60
1751,replay,4000,0.1258,1.000,0.0243,0.60
1752,replay,4000,0.1748,1.000,0.0244,0.60
1753,es_step,4000,0.0530,1.000,0.0244,1.11
1754,replay,4000,0.1881,1.000,0.0245,0.61
1755,replay,4000,0.1630,1.000,0.0246,0.60
1756,es_step,4000,0.0486,0.938,0.0246,1.11
1757,replay,4000,0.1225,1.000,0.0247,0.60
1758,replay,4000,0.1200,1.000,0.0246,0.61
1759,replay,4000,0.0933,1.000,0.0245,0.60
1760,es_step,4000,0.0457,1.000,0.0245,1.11
1761,replay,4000,0.1089,1.000,0.0245,0.60
1762,replay,4000,0.0443,1.000,0.0242,0.60
1763,replay,4000,0.0896,1.000,0.0242,0.60
1764,replay,4000,0.0625,1.000,0.0241,0.60
1765,es_step,4000,0.0428,1.000,0.0241,1.11
1766,replay,4000,0.0180,1.000,0.0242,0.60
1767,replay,4000,0.0689,1.000,0.0242,0.60
1768,replay,4000,0.1164,1.000,0.0243,0.60
1769,replay,4000,0.0973,1.000,0.0242,0.60
1770,replay,4000,0.1086,1.000,0.0243,0.60
1771,replay,4000,0.1244,1.000,0.0244,0.60
1772,replay,4000,0.0967,1.000,0.0244,0.60
1773,replay,4000,0.0118,1.000,0.0242,0.60
1774,replay,4000,0.0362,1.000,0.0238,0.60
1775,replay,4000,0.0714,1.000,0.0239,0.60
1776,es_step,4000,0.0758,1.000,0.0239,1.11
1777,replay,4000,0.1204,1.000,0.0240,0.60
1778,es_step,4000,0.0968,1.000,0.0240,1.11
1779,es_step,4000,0.0975,1.000,0.0241,1.11
1780,replay,4000,0.0666,1.000,0.0242,0.60
1781,es_step,4000,0.1057,1.000,0.0248,1.11
1782,replay,4000,0.1270,1.000,0.0251,0.60
1783,es_step,4000,0.0878,1.000,0.0251,1.11
1784,replay,4000,0.1221,1.000,0.0251,0.60
1785,replay,4000,0.1180,1.000,0.0251,0.60
1786,es_step,4000,0.1086,1.000,0.0254,1.11
1787,replay,4000,0.1631,1.000,0.0256,0.61
1788,replay,4000,0.0738,1.000,0.0257,0.60
1789,replay,4000,0.1191,1.000,0.0257,0.60
1790,replay,4000,0.0820,1.000,0.0256,2.15
1791,replay,4000,0.0384,1.000,0.0256,0.61
1792,es_step,4000,0.0099,1.000,0.0257,1.11
1793,replay,4000,0.0535,1.000,0.0255,0.61
1794,replay,4000,0.0774,1.000,0.0255,0.61
1795,es_step,4000,0.0439,1.000,0.0256,1.11
1796,replay,4000,0.1059,1.000,0.0255,0.61
1797,es_step,4000,0.0537,0.938,0.0255,1.11
1798,es_step,4000,0.0537,1.000,0.0255,1.12
1799,replay,4000,0.0729,1.000,0.0255,0.61
1800,replay,4000,0.0661,1.000,0.0255,0.60
1801,replay,4000,0.0515,1.000,0.0253,0.60
1802,replay,4000,0.0415,1.000,0.0251,0.60
1803,replay,4000,0.0097,1.000,0.0249,0.60
1804,replay,4000,0.0413,1.000,0.0249,0.60
1805,replay,4000,0.0665,1.000,0.0248,0.60
1806,replay,4000,0.0369,1.000,0.0250,0.60
1807,replay,4000,0.1062,1.000,0.0249,0.60
1808,replay,4000,0.0622,1.000,0.0249,0.60
1809,replay,4000,0.0463,1.000,0.0247,0.60
1810,replay,4000,0.0324,1.000,0.0246,0.61
1811,replay,4000,0.1039,1.000,0.0246,0.60
1812,replay,4000,0.0719,1.000,0.0246,0.60
1813,replay,4000,0.0454,1.000,0.0245,0.60
1814,replay,4000,0.0567,1.000,0.0245,0.60
1815,es_step,4000,0.0194,1.000,0.0245,1.11
1816,replay,4000,0.0595,1.000,0.0244,0.61
1817,es_step,4000,0.0241,1.000,0.0244,1.11
1818,replay,4000,0.0205,1.000,0.0242,0.60
1819,es_step,4000,0.0321,1.000,0.0242,1.11
1820,replay,4000,0.0400,1.000,0.0241,0.61
1821,replay,4000,0.0680,1.000,0.0240,0.60
1822,replay,4000,0.0429,1.000,0.0238,0.60
1823,replay,4000,0.1304,1.000,0.0239,0.60
1824,replay,4000,0.0469,1.000,0.0237,0.60
1825,replay,4000,0.0916,1.000,0.0238,0.60
1826,replay,4000,0.0965,1.000,0.0238,0.60
1827,replay,4000,0.0014,1.000,0.0238,0.60
1828,es_step,4000,0.0929,1.000,0.0238,1.11
1829,replay,4000,0.0844,1.000,0.0241,0.60
1830,es_step,4000,0.1396,1.000,0.0247,1.11
1831,replay,4000,0.1435,1.000,0.0252,0.61
1832,replay,4000,0.2303,1.000,0.0257,0.60
1833,replay,4000,0.2310,1.000,0.0258,0.60
1834,es_step,4000,0.0647,1.000,0.0258,1.11
1835,replay,4000,0.1538,1.000,0.0258,0.61
1836,replay,4000,0.0872,1.000,0.0258,0.60
1837,replay,4000,0.0652,1.000,0.0257,0.60
1838,replay,4000,0.1353,1.000,0.0256,0.60
1839,replay,4000,0.0740,1.000,0.0260,0.60
1840,replay,4000,0.1134,1.000,0.0259,0.60
1841,replay,4000,0.0152,1.000,0.0257,0.60
1842,replay,4000,0.0565,1.000,0.0256,0.60
1843,es_step,4000,0.0599,0.938,0.0257,1.11
1844,replay,4000,0.0580,1.000,0.0257,0.60
1845,replay,4000,0.0480,1.000,0.0256,0.61
1846,replay,4000,0.0959,1.000,0.0255,0.60
1847,replay,4000,0.0516,1.000,0.0255,0.60
1848,replay,4000,0.0413,1.000,0.0255,0.60
1849,replay,4000,0.0581,1.000,0.0254,0.60
1850,replay,4000,0.0406,1.000,0.0253,0.60
1851,replay,4000,0.0252,1.000,0.0252,0.60
1852,replay,4000,0.0208,1.000,0.0251,0.60
1853,es_step,4000,0.0329,1.000,0.0251,1.11
1854,replay,4000,0.0258,1.000,0.0249,0.60
1855,replay,4000,0.0285,1.000,0.0249,0.60
1856,replay,4000,0.0599,1.000,0.0251,0.60
1857,replay,4000,0.0522,1.000,0.0250,0.60
1858,replay,4000,0.0349,1.000,0.0249,0.60
1859,replay,4000,0.0312,1.000,0.0248,0.60
1860,replay,4000,0.0934,1.000,0.0247,0.60
1861,replay,4000,0.0210,1.000,0.0247,0.60
1862,replay,4000,0.0323,1.000,0.0247,0.60
1863,replay,4000,0.1111,1.000,0.0247,0.61
1864,replay,4000,0.0868,1.000,0.0248,0.60
1865,replay,4000,0.1328,1.000,0.0250,0.60
1866,replay,4000,0.1134,1.000,0.0249,0.60
1867,replay,4000,0.1464,1.000,0.0253,0.60
1868,replay,4000,0.0729,1.000,0.0252,0.60
1869,es_step,4000,0.0897,1.000,0.0253,1.11
1870,es_step,4000,0.0857,1.000,0.0253,1.11
1871,es_step,4000,0.0901,1.000,0.0254,1.12
1872,replay,4000,0.1368,1.000,0.0256,0.61
1873,replay,4000,0.1378,1.000,0.0256,0.60
1874,replay,4000,0.1621,1.000,0.0257,0.60
1875,replay,4000,0.1669,1.000,0.0261,0.60
1876,replay,4000,0.0961,1.000,0.0260,0.60
1877,replay,4000,0.0758,1.000,0.0259,0.60
1878,replay,4000,0.0660,1.000,0.0258,0.60
1879,replay,4000,0.0947,1.000,0.0259,0.61
1880,replay,4000,0.1111,1.000,0.0258,0.60
1881,replay,4000,-0.0939,1.000,0.0258,0.60
1882,replay,4000,0.1417,1.000,0.0259,0.60
1883,replay,4000,0.1009,1.000,0.0261,0.60
1884,replay,4000,0.0991,1.000,0.0260,0.60
1885,es_step,4000,0.0275,1.000,0.0260,1.11
1886,replay,4000,-0.0245,1.000,0.0259,0.61
1887,replay,4000,0.0698,1.000,0.0259,0.61
1888,replay,4000,0.1553,1.000,0.0259,0.60
1889,replay,4000,0.1836,1.000,0.0260,0.60
1890,es_step,4000,0.0760,1.000,0.0260,1.11
1891,es_step,4000,0.0754,1.000,0.0260,1.11
1892,es_step,4000,0.0785,1.000,0.0260,1.11
1893,replay,4000,0.1092,1.000,0.0260,0.61
1894,es_step,4000,0.0800,1.000,0.0261,1.11
1895,replay,4000,0.1335,1.000,0.0259,0.60
1896,es_step,4000,0.0791,1.000,0.0260,1.11
1897,replay,4000,0.1462,1.000,0.0261,0.61
1898,replay,4000,0.1245,1.000,0.0263,0.61
1899,es_step,4000,0.0514,1.000,0.0263,1.17
1900,replay,4000,0.0788,1.000,0.0263,0.61
1901,replay,4000,0.0865,1.000,0.0262,0.60
1902,replay,4000,0.0534,1.000,0.0263,0.60
1903,es_step,4000,0.0478,1.000,0.0263,1.11
1904,replay,4000,0.0830,1.000,0.0262,0.62
1905,replay,4000,0.0706,1.000,0.0261,0.61
1906,replay,4000,0.0935,1.000,0.0261,0.61
1907,replay,4000,0.1532,1.000,0.0262,0.61
1908,replay,4000,0.1371,1.000,0.0264,0.60
1909,replay,4000,0.1259,1.000,0.0265,0.60
1910,replay,4000,0.1072,1.000,0.0266,0.60
1911,replay,4000,0.0992,1.000,0.0265,0.60
1912,replay,4000,0.0517,1.000,0.0265,0.60
1913,replay,4000,0.0873,1.000,0.0265,0.60
1914,replay,4000,0.0965,1.000,0.0267,0.60
1915,es_step,4000,0.0635,1.000,0.0267,1.11
1916,replay,4000,0.0249,1.000,0.0265,0.60
1917,replay,4000,0.1546,1.000,0.0266,0.60
1918,es_step,4000,0.1131,1.000,0.0269,1.11
1919,replay,4000,0.1475,1.000,0.0271,0.61
1920,replay,4000,0.0933,1.000,0.0271,0.60
1921,es_step,4000,0.0252,1.000,0.0271,1.11
1922,replay,4000,0.0709,1.000,0.0270,0.61
1923,replay,4000,0.0186,1.000,0.0268,0.61
1924,es_step,4000,0.0072,1.000,0.0268,1.11
1925,replay,4000,0.0188,1.000,0.0266,0.61
1926,replay,4000,0.0427,1.000,0.0266,0.61
1927,replay,4000,0.0616,1.000,0.0266,0.61
1928,replay,4000,0.0562,1.000,0.0266,0.61
1929,replay,4000,0.0740,1.000,0.0267,0.61
1930,replay,4000,0.0455,1.000,0.0266,0.61
1931,replay,4000,0.0268,1.000,0.0266,0.61
1932,replay,4000,0.0555,1.000,0.0266,0.61
1933,es_step,4000,0.0481,1.000,0.0266,1.11
1934,replay,4000,0.0591,1.000,0.0265,0.61
1935,replay,4000,0.0949,1.000,0.0265,0.61
1936,es_step,4000,0.0462,1.000,0.0265,1.11
1937,es_step,4000,0.0431,1.000,0.0265,1.11
1938,replay,4000,0.0560,1.000,0.0264,0.61
1939,replay,4000,0.0385,1.000,0.0266,0.60
1940,replay,4000,0.0431,1.000,0.0266,0.61
1941,es_step,4000,0.0369,1.000,0.0266,1.11
1942,replay,4000,0.0857,1.000,0.0266,0.61
1943,replay,4000,0.1197,1.000,0.0267,0.61
1944,es_step,4000,0.0662,1.000,0.0267,1.12
1945,es_step,4000,0.0762,1.000,0.0267,1.12
1946,replay,4000,0.1001,1.000,0.0269,0.61
1947,replay,4000,0.1570,1.000,0.0270,0.61
1948,replay,4000,0.2352,1.000,0.0271,0.61
1949,replay,4000,0.1849,1.000,0.0274,0.61
1950,replay,4000,0.2024,1.000,0.0275,0.61
1951,replay,4000,0.1772,1.000,0.0278,0.61
1952,replay,4000,0.1609,1.000,0.0278,0.60
1953,replay,4000,0.0861,1.000,0.0277,0.61
1954,replay,4000,0.0934,1.000,0.0279,0.61
1955,replay,4000,0.1113,1.000,0.0278,0.61
1956,replay,4000,0.0925,1.000,0.0277,0.61
1957,replay,4000,0.0978,1.000,0.0277,0.61
1958,es_step,4000,0.0317,1.000,0.0277,1.12
1959,replay,4000,0.0789,1.000,0.0276,0.61
1960,replay,4000,0.0367,1.000,0.0275,0.61
1961,replay,4000,0.0575,1.000,0.0274,0.61
1962,replay,4000,0.0192,1.000,0.0274,0.61
1963,replay,4000,0.0807,1.000,0.0273,0.61
1964,replay,4000,0.1359,1.000,0.0274,0.62
1965,replay,4000,0.1683,1.000,0.0275,0.62
1966,replay,4000,0.1454,1.000,0.0278,0.62
1967,replay,4000,0.1156,1.000,0.0278,0.62
1968,replay,4000,0.0623,1.000,0.0277,0.61
1969,replay,4000,0.0530,1.000,0.0277,0.61
1970,replay,4000,0.0108,1.000,0.0274,0.61
1971,replay,4000,0.0403,1.000,0.0274,0.61
1972,replay,4000,0.0976,1.000,0.0273,0.61
1973,replay,4000,0.0935,1.000,0.0274,0.61
1974,replay,4000,0.0677,1.000,0.0274,0.61
1975,replay,4000,0.0458,1.000,0.0275,0.61
1976,replay,4000,0.0914,1.000,0.0276,0.61
1977,replay,4000,0.1657,1.000,0.0277,0.62
1978,replay,4000,0.1314,1.000,0.0278,0.62
1979,replay,4000,0.1084,1.000,0.0277,0.63
1980,es_step,4000,0.0348,1.000,0.0277,1.14
1981,es_step,4000,0.0203,1.000,0.0277,1.14
1982,es_step,4000,0.0217,1.000,0.0277,1.14
1983,es_step,4000,0.0261,1.000,0.0277,1.14
1984,replay,4000,0.0409,1.000,0.0276,0.63
1985,replay,4000,0.0715,1.000,0.0275,0.63
1986,replay,4000,0.0423,1.000,0.0275,0.63
1987,es_step,4000,0.0340,1.000,0.0275,1.15
1988,es_step,4000,0.0315,1.000,0.0275,1.15
1989,es_step,4000,0.0331,1.000,0.0275,1.15
1990,replay,4000,0.0427,1.000,0.0274,0.63
1991,replay,4000,0.1066,1.000,0.0275,0.63
1992,replay,4000,0.1128,1.000,0.0274,0.63
1993,replay,4000,0.0971,1.000,0.0276,0.63
1994,replay,4000,0.1083,1.000,0.0275,0.63
1995,es_step,4000,0.0477,1.000,0.0275,1.15
1996,replay,4000,0.0628,1.000,0.0274,0.63
1997,replay,4000,0.1119,1.000,0.0274,0.62
1998,replay,4000,0.0725,1.000,0.0272,0.62
1999,replay,4000,0.0768,1.000,0.0271,0.62
2000,replay,4000,0.0588,1.000,0.0270,0.61
2001,replay,4000,0.0104,1.000,0.0268,0.61
2002,es_step,4000,0.0276,1.000,0.0268,1.13
2003,replay,4000,0.0037,1.000,0.0268,0.62
2004,replay,4000,0.0547,1.000,0.0267,0.62
2005,es_step,4000,0.0540,1.000,0.0267,1.14
2006,es_step,4000,0.0533,1.000,0.0267,1.14
2007,es_step,4000,0.0583,1.000,0.0267,1.14
2008,replay,4000,0.0645,1.000,0.0265,0.62
2009,replay,4000,0.0611,1.000,0.0266,0.62
2010,replay,4000,0.1043,1.000,0.0266,0.61
2011,replay,4000,0.0985,1.000,0.0266,0.61
2012,es_step,4000,0.0710,1.000,0.0266,1.12
2013,replay,4000,0.0869,1.000,0.0266,0.61
2014,replay,4000,0.1153,1.000,0.0266,0.61
2015,replay,4000,0.0890,1.000,0.0267,0.61
2016,replay,4000,0.0415,1.000,0.0266,0.61
2017,replay,4000,0.0546,1.000,0.0268,0.61
2018,replay,4000,0.0192,1.000,0.0267,0.62
2019,replay,4000,0.0699,1.000,0.0268,0.62
2020,replay,4000,0.1033,1.000,0.0268,0.63
2021,replay,4000,0.1243,1.000,0.0270,0.63
2022,es_step,4000,0.0529,1.000,0.0270,1.13
2023,replay,4000,0.1189,1.000,0.0269,0.61
2024,replay,4000,0.0968,1.000,0.0271,0.62
2025,es_step,4000,0.0524,1.000,0.0271,1.12
2026,replay,4000,0.0760,1.000,0.0271,0.61
2027,es_step,4000,0.0492,1.000,0.0271,1.12
2028,replay,4000,0.0801,1.000,0.0271,0.61
2029,replay,4000,0.0368,1.000,0.0269,0.61
2030,replay,4000,0.0586,1.000,0.0269,0.61
2031,replay,4000,0.0666,1.000,0.0268,0.62
2032,replay,4000,-0.0292,1.000,0.0265,0.63
2033,replay,4000,0.0299,1.000,0.0264,0.63
2034,es_step,4000,0.0350,1.000,0.0264,1.15
2035,replay,4000,0.0410,1.000,0.0263,0.63
2036,replay,4000,0.0458,1.000,0.0263,0.63
2037,es_step,4000,0.0621,1.000,0.0263,1.14
2038,replay,4000,0.0868,1.000,0.0263,0.63
2039,es_step,4000,0.0900,1.000,0.0264,1.14
2040,replay,4000,0.1694,1.000,0.0265,0.63
2041,replay,4000,0.1733,1.000,0.0266,0.63
2042,replay,4000,0.1810,1.000,0.0268,0.63
2043,replay,4000,0.1389,1.000,0.0269,0.63
2044,replay,4000,0.0927,1.000,0.0269,0.63
2045,replay,4000,0.0287,1.000,0.0268,0.63
2046,es_step,4000,0.0335,1.000,0.0268,1.15
2047,replay,4000,0.0776,1.000,0.0267,0.63
2048,replay,4000,0.0730,1.000,0.0267,0.63
2049,replay,4000,0.0852,1.000,0.0269,0.63
2050,replay,4000,0.1304,1.000,0.0269,0.63
2051,es_step,4000,0.0800,1.000,0.0272,1.15
2052,es_step,4000,0.0672,1.000,0.0272,1.15
2053,replay,4000,0.1093,1.000,0.0272,0.63
2054,replay,4000,0.0794,1.000,0.0272,0.63
2055,es_step,4000,0.0132,1.000,0.0272,1.16
2056,es_step,4000,0.0126,1.000,0.0272,1.16
2057,replay,4000,0.0485,1.000,0.0271,0.64
2058,replay,4000,-0.0029,1.000,0.0269,0.64
2059,replay,4000,0.0324,1.000,0.0267,2.31
2060,replay,4000,0.0556,1.000,0.0266,0.64
2061,replay,4000,0.0465,1.000,0.0266,0.64
2062,replay,4000,0.0437,1.000,0.0265,0.64
2063,replay,4000,0.0424,1.000,0.0264,0.64
2064,replay,4000,0.0386,1.000,0.0263,0.64
2065,es_step,4000,0.0255,1.000,0.0263,1.16
2066,replay,4000,0.0076,1.000,0.0262,0.64
2067,replay,4000,0.0487,1.000,0.0262,0.64
2068,replay,4000,0.1080,1.000,0.0263,0.63
2069,replay,4000,0.0803,1.000,0.0262,0.63
2070,replay,4000,0.0615,1.000,0.0261,0.63
2071,replay,4000,0.1044,1.000,0.0260,0.63
2072,replay,4000,0.0988,1.000,0.0259,0.64
2073,replay,4000,0.1158,1.000,0.0260,0.63
2074,replay,4000,0.0926,1.000,0.0260,0.64
2075,es_step,4000,0.0456,1.000,0.0260,1.16
2076,replay,4000,0.0879,1.000,0.0260,0.64
2077,replay,4000,0.0609,1.000,0.0259,0.63
2078,replay,4000,0.0617,1.000,0.0258,0.63
2079,replay,4000,0.0455,1.000,0.0256,0.63
2080,es_step,4000,0.0245,1.000,0.0256,1.15
2081,replay,4000,-0.0850,1.000,0.0254,0.63
2082,replay,4000,0.0910,1.000,0.0254,0.63
2083,replay,4000,0.1352,1.000,0.0255,0.63
2084,replay,4000,0.1454,1.000,0.0256,0.63
2085,replay,4000,0.1274,1.000,0.0257,0.63
2086,replay,4000,0.1299,1.000,0.0261,0.63
2087,es_step,4000,0.0548,1.000,0.0261,1.15
2088,replay,4000,0.0595,1.000,0.0261,0.63
2089,replay,4000,0.0232,1.000,0.0260,0.63
2090,replay,4000,0.0272,1.000,0.0258,0.63
2091,replay,4000,0.0191,1.000,0.0258,0.63
2092,replay,4000,0.0350,1.000,0.0257,0.63
2093,replay,4000,0.0694,1.000,0.0257,0.63
2094,replay,4000,0.0644,1.000,0.0257,0.63
2095,replay,4000,0.0583,1.000,0.0256,0.63
2096,replay,4000,0.0033,1.000,0.0255,0.63
2097,replay,4000,0.0413,1.000,0.0256,0.63
2098,replay,4000,0.0092,1.000,0.0254,0.63
2099,replay,4000,0.0195,1.000,0.0254,0.63
2100,replay,4000,0.0286,1.000,0.0252,0.63
2101,replay,4000,-0.1907,1.000,0.0251,0.63
2102,replay,4000,0.1167,1.000,0.0252,0.63
2103,replay,4000,0.1771,1.000,0.0254,0.63
2104,es_step,4000,0.0723,1.000,0.0254,1.15
2105,replay,4000,0.0906,1.000,0.0253,0.63
2106,replay,4000,0.1904,1.000,0.0255,0.63
2107,replay,4000,-0.0158,1.000,0.0254,0.63
2108,es_step,4000,0.0526,1.000,0.0254,1.15
2109,es_step,4000,0.0609,1.000,0.0254,1.15
2110,replay,4000,0.1478,1.000,0.0256,0.63
2111,replay,4000,0.1617,1.000,0.0255,0.63
2112,replay,4000,0.1690,1.000,0.0256,0.63
2113,replay,4000,0.1748,1.000,0.0256,0.64
2114,es_step,4000,0.0931,1.000,0.0259,1.15
2115,replay,4000,0.1878,1.000,0.0263,0.63
2116,replay,4000,0.1685,1.000,0.0265,0.63
2117,replay,4000,0.1224,1.000,0.0265,0.63
2118,es_step,4000,0.0915,1.000,0.0266,1.15
2119,replay,4000,0.1258,1.000,0.0269,0.63
2120,replay,4000,0.1240,1.000,0.0270,0.63
2121,es_step,4000,0.0609,1.000,0.0270,1.14
2122,es_step,4000,0.0625,1.000,0.0270,1.15
2123,replay,4000,0.1263,1.000,0.0271,0.63
2124,replay,4000,0.0886,1.000,0.0272,0.63
2125,replay,4000,0.0442,1.000,0.0270,0.63
2126,replay,4000,-0.0627,1.000,0.0267,0.63
2127,replay,4000,0.0889,1.000,0.0267,0.63
2128,replay,4000,0.1235,1.000,0.0268,0.63
2129,replay,4000,0.1270,1.000,0.0268,0.63
2130,replay,4000,0.1185,1.000,0.0268,0.63
2131,replay,4000,0.0984,1.000,0.0268,0.63
2132,replay,4000,0.1124,1.000,0.0268,0.63
2133,replay,4000,0.1077,1.000,0.0268,0.63
2134,replay,4000,0.1231,1.000,0.0268,0.63
2135,es_step,4000,0.0622,1.000,0.0268,1.15
2136,replay,4000,0.1102,1.000,0.0268,0.63
2137,replay,4000,0.0537,1.000,0.0267,0.63
2138,replay,4000,0.1138,1.000,0.0266,0.63
2139,es_step,4000,0.0657,1.000,0.0267,1.15
2140,es_step,4000,0.0661,1.000,0.0267,1.14
2141,es_step,4000,0.0607,1.000,0.0267,1.15
2142,replay,4000,0.0939,1.000,0.0267,0.63
2143,replay,4000,0.1001,1.000,0.0267,0.63
2144,replay,4000,0.0417,1.000,0.0266,0.63
2145,replay,4000,0.0524,1.000,0.0267,0.63
2146,replay,4000,0.0843,1.000,0.0268,0.63
2147,replay,4000,0.1454,1.000,0.0268,0.63
2148,es_step,4000,0.0866,1.000,0.0269,1.15
2149,replay,4000,0.1193,1.000,0.0270,0.63
2150,replay,4000,0.1490,1.000,0.0270,0.63
2151,replay,4000,0.0967,1.000,0.0270,0.63
2152,replay,4000,0.0864,1.000,0.0270,0.63
2153,es_step,4000,0.0409,1.000,0.0270,1.14
2154,replay,4000,-0.1026,1.000,0.0269,0.63
2155,replay,4000,0.1862,1.000,0.0270,0.63
2156,replay,4000,0.1484,1.000,0.0271,0.63
2157,replay,4000,0.1407,1.000,0.0271,0.63
2158,replay,4000,0.1276,1.000,0.0272,0.63
2159,replay,4000,0.0865,1.000,0.0272,0.63
2160,replay,4000,0.0538,1.000,0.0272,0.63
2161,replay,4000,0.0603,1.000,0.0272,0.63
2162,es_step,4000,0.0293,1.000,0.0272,1.14
2163,es_step,4000,0.0289,1.000,0.0272,1.15
2164,replay,4000,0.0828,1.000,0.0272,0.63
2165,replay,4000,0.0200,1.000,0.0271,0.63
2166,es_step,4000,0.0121,0.938,0.0271,1.14
2167,replay,4000,0.0121,1.000,0.0269,0.62
2168,replay,4000,-0.0206,1.000,0.0268,0.63
2169,replay,4000,0.1052,1.000,0.0269,0.63
2170,replay,4000,0.1426,1.000,0.0271,0.63
2171,replay,4000,0.0698,1.000,0.0270,0.63
2172,replay,4000,0.0869,1.000,0.0271,0.63
2173,replay,4000,0.1966,1.000,0.0272,0.63
2174,replay,4000,0.1174,1.000,0.0272,0.63
2175,replay,4000,0.0956,1.000,0.0272,0.63
2176,replay,4000,0.1031,1.000,0.0270,0.63
2177,es_step,4000,0.0282,1.000,0.0271,1.14
2178,replay,4000,0.0829,1.000,0.0270,0.62
2179,replay,4000,0.0940,1.000,0.0270,0.63
2180,replay,4000,0.1265,1.000,0.0272,0.63
2181,es_step,4000,0.0666,1.000,0.0272,1.14
2182,es_step,4000,0.0666,1.000,0.0272,1.14
2183,replay,4000,0.0840,1.000,0.0272,0.63
2184,es_step,4000,0.0814,1.000,0.0272,1.14
2185,replay,4000,0.0379,1.000,0.0271,0.63
2186,replay,4000,0.1687,1.000,0.0273,0.63
2187,replay,4000,0.1506,1.000,0.0275,0.63
2188,replay,4000,0.0983,1.000,0.0275,0.63
2189,es_step,4000,0.0056,1.000,0.0275,1.14
2190,es_step,4000,0.0074,1.000,0.0275,1.14
2191,es_step,4000,0.0082,1.000,0.0275,1.14
2192,replay,4000,0.0398,1.000,0.0272,0.63
2193,replay,4000,-0.0020,1.000,0.0269,0.63
2194,replay,4000,-0.0173,1.000,0.0267,0.63
2195,replay,4000,0.0052,1.000,0.0267,0.63
2196,es_step,4000,0.0737,1.000,0.0267,1.14
2197,replay,4000,0.0548,1.000,0.0267,0.63
2198,replay,4000,0.0665,1.000,0.0266,0.62
2199,es_step,4000,0.0545,1.000,0.0266,1.14
2200,replay,4000,0.0126,1.000,0.0264,0.63
2201,replay,4000,0.0521,1.000,0.0264,0.62
2202,replay,4000,0.0490,1.000,0.0264,0.63
2203,replay,4000,0.0348,1.000,0.0264,0.62
2204,es_step,4000,0.0434,1.000,0.0264,1.14
2205,es_step,4000,0.0502,1.000,0.0264,1.14
2206,replay,4000,0.0442,1.000,0.0264,0.62
2207,es_step,4000,0.0428,1.000,0.0264,1.13
2208,es_step,4000,0.0405,1.000,0.0264,1.14
2209,replay,4000,0.0140,1.000,0.0263,0.62
2210,replay,4000,0.0490,1.000,0.0262,0.63
2211,es_step,4000,0.0311,1.000,0.0262,1.15
2212,replay,4000,0.0306,1.000,0.0262,0.62
2213,es_step,4000,0.0410,1.000,0.0262,1.14
2214,replay,4000,0.0509,1.000,0.0261,0.62
2215,replay,4000,0.0359,1.000,0.0261,0.62
2216,replay,4000,0.0406,1.000,0.0260,0.63
2217,replay,4000,0.0245,1.000,0.0258,0.62
2218,replay,4000,0.0519,1.000,0.0256,0.62
2219,es_step,4000,0.0477,1.000,0.0257,1.13
2220,replay,4000,0.0714,1.000,0.0256,0.63
2221,es_step,4000,0.0591,1.000,0.0256,1.14
2222,replay,4000,0.0749,1.000,0.0257,0.62
2223,replay,4000,0.0267,1.000,0.0257,0.62
2224,es_step,4000,0.0677,1.000,0.0257,1.14
2225,es_step,4000,0.0773,0.938,0.0257,1.14
2226,replay,4000,0.0728,1.000,0.0258,0.62
2227,replay,4000,0.2002,1.000,0.0258,0.63
2228,replay,4000,0.1640,1.000,0.0260,0.63
2229,es_step,4000,0.0893,1.000,0.0263,1.14
2230,replay,4000,0.1350,1.000,0.0264,0.63
2231,replay,4000,0.0844,1.000,0.0264,0.63
2232,replay,4000,0.0319,1.000,0.0262,0.63
2233,replay,4000,0.0065,1.000,0.0259,0.63
2234,replay,4000,0.0179,1.000,0.0259,0.62
2235,replay,4000,0.0482,1.000,0.0258,0.62
2236,replay,4000,0.1244,1.000,0.0258,0.63
2237,replay,4000,0.1470,1.000,0.0258,0.63
2238,replay,4000,0.1286,1.000,0.0260,0.63
2239,replay,4000,0.0956,1.000,0.0260,0.63
2240,es_step,4000,0.0800,1.000,0.0260,1.14
2241,replay,4000,0.1141,1.000,0.0261,0.63
2242,replay,4000,0.0176,1.000,0.0259,0.62
2243,replay,4000,0.1478,1.000,0.0261,0.63
2244,replay,4000,0.1308,1.000,0.0261,0.63
2245,replay,4000,0.0952,1.000,0.0261,0.62
2246,replay,4000,0.0293,1.000,0.0260,0.63
2247,replay,4000,0.0704,1.000,0.0261,0.62
2248,es_step,4000,0.0350,1.000,0.0261,1.14
2249,replay,4000,0.0774,1.000,0.0261,0.63
2250,replay,4000,0.0758,1.000,0.0260,0.63
2251,replay,4000,0.0604,1.000,0.0260,0.62
2252,es_step,4000,0.0551,1.000,0.0260,1.14
2253,replay,4000,0.0558,1.000,0.0260,0.63
2254,replay,4000,0.0697,1.000,0.0260,0.63
2255,replay,4000,0.0598,1.000,0.0261,0.63
2256,replay,4000,0.0357,1.000,0.0261,0.63
2257,replay,4000,0.0948,1.000,0.0260,0.63
2258,replay,4000,0.1592,1.000,0.0261,0.63
2259,replay,4000,0.1564,1.000,0.0262,0.63
2260,es_step,4000,0.0324,1.000,0.0262,1.14
2261,replay,4000,0.0756,1.000,0.0261,0.63
2262,replay,4000,0.0288,1.000,0.0259,0.62
2263,es_step,4000,0.0092,0.938,0.0259,1.14
2264,replay,4000,0.0027,1.000,0.0258,0.62
2265,es_step,4000,0.0243,1.000,0.0259,1.14
2266,es_step,4000,0.0219,1.000,0.0259,1.14
2267,replay,4000,0.0239,1.000,0.0257,0.63
2268,replay,4000,0.0208,1.000,0.0257,0.63
2269,es_step,4000,0.0551,1.000,0.0257,1.14
2270,replay,4000,0.0992,1.000,0.0257,0.63
2271,es_step,4000,0.0504,1.000,0.0257,1.15
2272,replay,4000,0.0754,1.000,0.0258,0.63
2273,replay,4000,0.0607,1.000,0.0259,0.63
2274,replay,4000,-0.0361,1.000,0.0257,0.63
2275,replay,4000,0.0564,1.000,0.0257,0.63
2276,es_step,4000,0.0799,1.000,0.0257,1.15
2277,replay,4000,0.0797,1.000,0.0258,0.63
2278,replay,4000,0.0439,1.000,0.0257,0.63
2279,es_step,4000,0.0453,1.000,0.0257,1.14
2280,replay,4000,0.0461,1.000,0.0257,0.63
2281,replay,4000,0.0262,1.000,0.0256,0.63
2282,replay,4000,0.0358,1.000,0.0257,0.63
2283,replay,4000,0.1041,1.000,0.0258,0.63
2284,es_step,4000,0.0208,1.000,0.0258,1.14
2285,replay,4000,0.0807,1.000,0.0257,0.63
2286,replay,4000,0.0531,1.000,0.0257,0.63
2287,replay,4000,0.0672,1.000,0.0257,0.63
2288,replay,4000,0.0843,1.000,0.0258,0.63
2289,replay,4000,-0.0470,1.000,0.0256,0.63
2290,replay,4000,0.1189,1.000,0.0257,0.63
2291,replay,4000,0.1126,1.000,0.0258,0.63
2292,replay,4000,0.1365,1.000,0.0259,0.63
2293,replay,4000,0.0733,1.000,0.0258,0.63
2294,replay,4000,0.1226,1.000,0.0259,0.63
2295,replay,4000,0.0823,1.000,0.0259,0.63
2296,replay,4000,0.0561,1.000,0.0258,0.63
2297,replay,4000,0.0698,1.000,0.0256,0.63
2298,replay,4000,0.0890,1.000,0.0256,0.63
2299,replay,4000,0.0847,1.000,0.0256,0.63
2300,replay,4000,0.0418,1.000,0.0256,0.63
2301,replay,4000,0.0869,1.000,0.0256,0.63
2302,replay,4000,0.0713,1.000,0.0258,0.63
2303,replay,4000,0.0300,1.000,0.0256,0.63
2304,replay,4000,0.0358,1.000,0.0257,0.63
2305,replay,4000,0.0917,1.000,0.0257,0.63
2306,replay,4000,0.0897,1.000,0.0256,0.63
2307,replay,4000,-0.0188,1.000,0.0255,0.63
2308,replay,4000,0.0896,1.000,0.0256,0.63
2309,es_step,4000,0.0892,1.000,0.0256,1.15
2310,replay,4000,0.1118,1.000,0.0257,0.63
2311,replay,4000,0.2413,1.000,0.0259,0.63
2312,replay,4000,0.2443,1.000,0.0263,0.63
2313,replay,4000,0.2141,1.000,0.0264,0.63
2314,replay,4000,0.1663,1.000,0.0264,0.63
2315,replay,4000,0.1556,1.000,0.0265,0.63
2316,es_step,4000,0.0998,1.000,0.0266,1.14
2317,replay,4000,0.1565,1.000,0.0267,0.62
2318,es_step,4000,0.0838,1.000,0.0267,1.14
2319,replay,4000,0.1149,1.000,0.0268,0.62
2320,replay,4000,-0.0168,1.000,0.0267,0.63
2321,replay,4000,0.1136,1.000,0.0267,0.63
2322,es_step,4000,0.0773,1.000,0.0267,1.14
2323,es_step,4000,0.0804,1.000,0.0268,1.14
2324,es_step,4000,0.0691,1.000,0.0268,1.13
2325,replay,4000,0.0912,1.000,0.0267,0.63
2326,es_step,4000,0.0570,0.938,0.0268,1.14
2327,es_step,4000,0.0574,0.938,0.0268,1.14
2328,replay,4000,-0.0274,1.000,0.0268,0.63
2329,replay,4000,0.0950,1.000,0.0269,0.62
2330,replay,4000,0.1595,1.000,0.0270,0.62
2331,replay,4000,0.1378,1.000,0.0269,0.62
2332,replay,4000,0.1130,1.000,0.0269,0.62
2333,replay,4000,0.0402,1.000,0.0268,0.62
2334,replay,4000,0.0090,1.000,0.0267,0.63
2335,es_step,4000,0.0350,1.000,0.0267,1.14
2336,replay,4000,0.0438,1.000,0.0268,0.63
2337,replay,4000,0.1214,1.000,0.0267,0.63
2338,replay,4000,0.1488,1.000,0.0268,0.62
2339,replay,4000,0.1322,1.000,0.0271,2.36
2340,replay,4000,0.1223,1.000,0.0273,0.63
2341,replay,4000,0.0525,1.000,0.0273,0.62
2342,es_step,4000,0.0293,1.000,0.0273,1.13
2343,replay,4000,0.0168,1.000,0.0271,0.62
2344,replay,4000,0.0573,1.000,0.0270,0.63
2345,replay,4000,0.0739,1.000,0.0270,0.63
2346,replay,4000,0.0530,1.000,0.0270,0.62
2347,replay,4000,0.0812,1.000,0.0270,0.62
2348,replay,4000,0.0680,1.000,0.0269,0.62
2349,replay,4000,-0.0184,1.000,0.0268,0.62
2350,es_step,4000,0.0167,1.000,0.0268,1.13
2351,replay,4000,0.0283,1.000,0.0267,0.62
2352,replay,4000,0.0215,1.000,0.0266,0.63
2353,replay,4000,0.0637,1.000,0.0266,0.62
2354,es_step,4000,0.0579,1.000,0.0266,1.13
2355,replay,4000,0.0513,1.000,0.0266,0.63
2356,replay,4000,0.0971,1.000,0.0265,0.62
2357,es_step,4000,0.0476,0.875,0.0265,1.13
2358,replay,4000,0.0658,1.000,0.0265,0.62
2359,replay,4000,0.0485,1.000,0.0265,0.63
2360,replay,4000,0.0512,1.000,0.0264,0.63
2361,replay,4000,0.0454,1.000,0.0264,0.63
2362,replay,4000,0.0887,1.000,0.0263,0.63
2363,es_step,4000,0.0140,1.000,0.0263,1.14
2364,replay,4000,0.0565,1.000,0.0262,0.63
2365,replay,4000,0.0474,1.000,0.0261,0.63
2366,replay,4000,0.0718,1.000,0.0260,0.63
2367,replay,4000,0.0659,1.000,0.0260,0.63
2368,replay,4000,0.0946,1.000,0.0260,0.63
2369,replay,4000,0.0412,1.000,0.0259,0.62
2370,replay,4000,0.0383,1.000,0.0259,0.63
2371,replay,4000,0.0658,1.000,0.0259,0.63
2372,replay,4000,0.0636,1.000,0.0260,0.63
2373,replay,4000,0.0570,1.000,0.0260,0.63
2374,replay,4000,0.0616,1.000,0.0260,0.63
2375,replay,4000,0.0267,1.000,0.0259,0.63
2376,replay,4000,0.1154,1.000,0.0259,0.63
2377,es_step,4000,0.0593,0.938,0.0259,1.14
2378,replay,4000,0.0952,1.000,0.0260,0.63
2379,replay,4000,0.1499,1.000,0.0261,0.63
2380,replay,4000,0.1302,1.000,0.0262,0.63
2381,replay,4000,0.1234,1.000,0.0263,0.62
2382,es_step,4000,0.0856,1.000,0.0263,1.14
2383,es_step,4000,0.0799,1.000,0.0263,1.14
2384,es_step,4000,0.0782,1.000,0.0263,1.14
2385,replay,4000,0.1304,1.000,0.0263,0.63
2386,replay,4000,0.1207,1.000,0.0264,0.63
2387,es_step,4000,0.0966,1.000,0.0264,1.14
2388,replay,4000,0.1217,1.000,0.0265,0.63
2389,replay,4000,0.1170,1.000,0.0266,0.62
2390,replay,4000,0.0976,1.000,0.0267,0.62
2391,replay,4000,0.0235,1.000,0.0266,0.63
2392,replay,4000,0.0864,1.000,0.0267,0.63
2393,es_step,4000,0.0629,1.000,0.0267,1.14
2394,replay,4000,0.0672,1.000,0.0266,0.62
2395,replay,4000,0.0732,1.000,0.0267,0.63
2396,replay,4000,0.0941,1.000,0.0268,0.63
2397,replay,4000,0.0957,1.000,0.0268,0.63
2398,es_step,4000,0.0613,1.000,0.0268,1.14
2399,replay,4000,0.0848,1.000,0.0267,0.63
2400,es_step,4000,0.0545,1.000,0.0267,1.14
2401,replay,4000,0.0485,1.000,0.0267,0.62
2402,replay,4000,0.0849,1.000,0.0268,0.63
2403,replay,4000,0.1410,1.000,0.0269,0.63
2404,replay,4000,0.1133,1.000,0.0269,0.63
2405,es_step,4000,0.0651,1.000,0.0269,1.14
2406,replay,4000,0.1013,1.000,0.0269,0.63
2407,replay,4000,0.0812,1.000,0.0269,0.63
2408,replay,4000,0.0479,1.000,0.0269,0.63
2409,replay,4000,0.0654,1.000,0.0269,0.63
2410,replay,4000,0.0574,1.000,0.0268,0.63
2411,replay,4000,0.0145,1.000,0.0265,0.63
2412,replay,4000,0.0515,1.000,0.0265,0.63
2413,es_step,4000,0.0487,1.000,0.0265,1.15
2414,es_step,4000,0.0444,1.000,0.0265,1.14
2415,replay,4000,0.0589,1.000,0.0264,0.63
2416,replay,4000,0.0566,1.000,0.0264,0.63
2417,replay,4000,0.0399,1.000,0.0263,0.63
2418,replay,4000,0.0181,1.000,0.0262,0.63
2419,replay,4000,0.0129,1.000,0.0260,0.63
2420,replay,4000,0.0486,1.000,0.0261,0.63
2421,replay,4000,0.0574,1.000,0.0261,0.63
2422,replay,4000,0.0452,1.000,0.0260,0.63
2423,replay,4000,0.0417,1.000,0.0259,0.63
2424,replay,4000,0.0766,1.000,0.0259,0.62
2425,replay,4000,0.0516,1.000,0.0262,0.63
2426,replay,4000,0.0423,1.000,0.0261,0.62
2427,replay,4000,0.0290,1.000,0.0260,0.62
2428,replay,4000,0.0857,1.000,0.0260,0.62
2429,replay,4000,0.0794,1.000,0.0260,0.63
2430,replay,4000,0.0472,1.000,0.0259,0.63
2431,es_step,4000,0.0337,1.000,0.0259,1.14
2432,replay,4000,0.0351,1.000,0.0258,0.63
2433,replay,4000,0.0618,1.000,0.0258,0.63
2434,replay,4000,-0.0033,1.000,0.0255,0.62
2435,replay,4000,0.0119,1.000,0.0252,0.63
2436,es_step,4000,0.0427,1.000,0.0252,1.15
2437,replay,4000,0.0213,1.000,0.0251,0.63
2438,replay,4000,0.0561,1.000,0.0250,0.63
2439,replay,4000,0.0591,1.000,0.0249,0.63
2440,replay,4000,0.0543,1.000,0.0249,0.63
2441,es_step,4000,0.0408,1.000,0.0249,1.14
2442,replay,4000,0.0457,1.000,0.0248,0.63
2443,replay,4000,0.0288,1.000,0.0248,0.63
2444,replay,4000,0.0748,1.000,0.0247,0.63
2445,replay,4000,0.0037,1.000,0.0244,0.63
2446,es_step,4000,0.0321,1.000,0.0244,1.14
2447,es_step,4000,0.0294,0.875,0.0244,1.14
2448,replay,4000,0.0898,1.000,0.0244,0.63
2449,replay,4000,0.0407,1.000,0.0241,0.63
2450,replay,4000,0.0611,1.000,0.0241,0.63
2451,es_step,4000,0.0448,1.000,0.0241,1.14
2452,replay,4000,0.0420,1.000,0.0241,0.63
2453,replay,4000,0.0325,1.000,0.0241,0.63
2454,es_step,4000,0.0396,1.000,0.0241,1.14
2455,replay,4000,0.0545,1.000,0.0241,0.63
2456,replay,4000,0.0187,1.000,0.0241,0.62
2457,replay,4000,0.0336,1.000,0.0241,0.62
2458,replay,4000,0.0615,1.000,0.0240,0.62
2459,es_step,4000,0.0532,1.000,0.0240,1.14
2460,es_step,4000,0.0495,1.000,0.0240,1.14
2461,replay,4000,0.0784,1.000,0.0240,0.63
2462,replay,4000,0.0787,1.000,0.0241,0.63
2463,replay,4000,0.0980,1.000,0.0241,0.63
2464,es_step,4000,0.0325,1.000,0.0241,1.14
2465,replay,4000,0.0486,1.000,0.0239,0.63
2466,es_step,4000,0.0250,0.938,0.0239,1.14
2467,replay,4000,0.0250,1.000,0.0239,0.63
2468,replay,4000,0.1010,1.000,0.0239,0.63
2469,replay,4000,0.0611,1.000,0.0238,0.63
2470,replay,4000,0.0446,1.000,0.0236,0.63
2471,replay,4000,0.0651,1.000,0.0236,0.62
2472,replay,4000,0.0071,1.000,0.0234,0.62
2473,replay,4000,0.0680,1.000,0.0234,0.62
2474,replay,4000,0.0439,1.000,0.0233,0.62
2475,replay,4000,0.0511,1.000,0.0233,0.63
2476,replay,4000,0.0771,1.000,0.0233,0.62
2477,replay,4000,0.0270,1.000,0.0232,0.63
2478,replay,4000,0.0424,1.000,0.0231,0.63
2479,es_step,4000,0.0519,1.000,0.0231,1.14
2480,replay,4000,0.0607,1.000,0.0234,0.63
2481,replay,4000,0.1006,1.000,0.0234,0.63
2482,es_step,4000,0.0564,1.000,0.0234,1.14
2483,replay,4000,0.0960,1.000,0.0234,0.63
2484,replay,4000,0.0593,1.000,0.0234,0.63
2485,replay,4000,0.0567,1.000,0.0233,0.63
2486,es_step,4000,0.0112,1.000,0.0233,1.14
2487,es_step,4000,0.0003,0.938,0.0233,1.14
2488,replay,4000,0.0548,1.000,0.0231,0.63
2489,replay,4000,0.1168,1.000,0.0231,0.63
2490,replay,4000,0.1194,1.000,0.0232,0.62
2491,replay,4000,0.1289,1.000,0.0233,0.62
2492,replay,4000,0.0428,1.000,0.0234,0.62
2493,es_step,4000,0.0887,1.000,0.0236,1.13
2494,replay,4000,0.1320,1.000,0.0238,0.62
2495,replay,4000,0.0959,1.000,0.0242,0.62
2496,es_step,4000,0.0888,1.000,0.0244,1.13
2497,es_step,4000,0.0943,1.000,0.0244,1.14
2498,replay,4000,0.1686,1.000,0.0245,0.63
2499,replay,4000,-0.1297,1.000,0.0245,0.63
2500,replay,4000,0.1855,1.000,0.0247,0.63
2501,replay,4000,0.1612,1.000,0.0249,0.63
2502,replay,4000,0.1337,1.000,0.0250,0.63
2503,es_step,4000,0.0959,1.000,0.0251,1.14
2504,replay,4000,0.1237,1.000,0.0254,0.77
2505,replay,4000,0.0869,1.000,0.0256,0.62
2506,replay,4000,0.1057,1.000,0.0257,0.63
2507,replay,4000,0.0971,1.000,0.0257,0.63
2508,es_step,4000,0.0639,1.000,0.0257,1.14
2509,replay,4000,0.0705,1.000,0.0257,0.63
2510,replay,4000,0.1142,1.000,0.0257,0.63
2511,replay,4000,0.0433,1.000,0.0254,0.63
2512,es_step,4000,0.0362,1.000,0.0254,1.14
2513,replay,4000,0.0556,1.000,0.0255,0.63
2514,replay,4000,0.0781,1.000,0.0254,0.62
2515,replay,4000,0.0483,1.000,0.0255,0.63
2516,replay,4000,0.0884,1.000,0.0255,0.62
2517,es_step,4000,0.0495,1.000,0.0255,1.13
2518,es_step,4000,0.0501,1.000,0.0255,1.13
2519,replay,4000,0.0943,1.000,0.0255,0.62
2520,es_step,4000,0.0405,1.000,0.0255,1.13
2521,replay,4000,0.0524,1.000,0.0253,0.63
2522,replay,4000,0.0304,1.000,0.0252,0.63
2523,replay,4000,0.0595,1.000,0.0251,0.63
2524,replay,4000,0.0900,1.000,0.0252,0.63
2525,replay,4000,0.0987,1.000,0.0251,0.63
2526,replay,4000,0.0399,1.000,0.0251,0.62
2527,replay,4000,0.0754,1.000,0.0251,0.63
2528,replay,4000,0.0768,1.000,0.0251,0.62
2529,replay,4000,0.0825,1.000,0.0253,0.62
2530,replay,4000,0.0831,1.000,0.0254,0.62
2531,replay,4000,0.0805,1.000,0.0253,0.62
2532,replay,4000,0.0739,1.000,0.0253,0.62
2533,replay,4000,0.0870,1.000,0.0253,0.63
2534,replay,4000,0.1026,1.000,0.0252,0.63
2535,es_step,4000,0.0492,0.938,0.0252,1.14
2536,es_step,4000,0.0407,1.000,0.0252,1.13
2537,replay,4000,0.1338,1.000,0.0252,0.63
2538,es_step,4000,0.0659,0.938,0.0252,1.14
2539,es_step,4000,0.0679,1.000,0.0252,1.14
2540,es_step,4000,0.0700,1.000,0.0252,1.13
2541,replay,4000,0.1198,1.000,0.0253,0.63
2542,replay,4000,0.1329,1.000,0.0255,0.63
2543,replay,4000,0.0919,1.000,0.0255,0.63
2544,replay,4000,0.1222,1.000,0.0256,0.62
2545,replay,4000,0.0962,1.000,0.0256,0.62
2546,replay,4000,0.1379,1.000,0.0257,0.62
2547,replay,4000,0.0977,1.000,0.0256,0.62
2548,replay,4000,0.1089,1.000,0.0258,0.62
2549,replay,4000,0.1380,1.000,0.0261,0.63
2550,replay,4000,0.1419,1.000,0.0260,0.63
2551,replay,4000,0.1147,1.000,0.0259,0.63
2552,es_step,4000,0.0501,1.000,0.0259,1.14
2553,es_step,4000,0.0531,1.000,0.0259,1.14
2554,replay,4000,0.0776,1.000,0.0259,0.63
2555,replay,4000,0.0643,1.000,0.0259,0.62
2556,replay,4000,0.0543,1.000,0.0259,0.63
2557,replay,4000,0.0964,1.000,0.0259,0.62
2558,replay,4000,0.0571,1.000,0.0263,0.63
2559,es_step,4000,0.0428,1.000,0.0263,1.14
2560,replay,4000,0.0382,1.000,0.0263,0.63
2561,replay,4000,0.0329,1.000,0.0262,0.62
2562,replay,4000,0.0259,1.000,0.0263,0.62
2563,es_step,4000,0.0302,1.000,0.0263,1.13
2564,replay,4000,0.0426,1.000,0.0263,0.62
2565,replay,4000,0.0214,1.000,0.0262,0.62
2566,es_step,4000,0.0264,0.938,0.0263,1.14
2567,es_step,4000,0.0224,1.000,0.0263,1.13
2568,es_step,4000,0.0276,0.938,0.0263,1.14
2569,replay,4000,0.0241,1.000,0.0261,0.63
2570,es_step,4000,0.0380,1.000,0.0262,1.13
2571,replay,4000,0.0323,1.000,0.0260,0.63
2572,replay,4000,0.0661,1.000,0.0260,0.63
2573,replay,4000,0.0365,1.000,0.0260,0.63
2574,replay,4000,0.0405,1.000,0.0259,0.63
2575,replay,4000,0.0555,1.000,0.0258,0.62
2576,es_step,4000,0.0349,1.000,0.0258,1.13
2577,replay,4000,0.0464,1.000,0.0258,0.62
2578,replay,4000,0.0886,1.000,0.0258,0.62
2579,replay,4000,0.0800,1.000,0.0258,0.62
2580,es_step,4000,0.0673,1.000,0.0258,1.14
2581,es_step,4000,0.0672,1.000,0.0258,1.14
2582,replay,4000,0.0801,1.000,0.0258,0.62
2583,es_step,4000,0.0827,1.000,0.0259,1.13
2584,replay,4000,0.0684,1.000,0.0260,0.62
2585,replay,4000,0.0840,1.000,0.0261,0.62
2586,replay,4000,0.0335,1.000,0.0258,0.62
2587,replay,4000,0.0769,1.000,0.0259,0.62
2588,replay,4000,0.1068,1.000,0.0260,0.62
2589,replay,4000,0.1070,1.000,0.0260,0.62
2590,replay,4000,0.0917,1.000,0.0260,0.63
2591,replay,4000,0.1106,1.000,0.0260,0.63
2592,es_step,4000,0.0569,1.000,0.0260,1.14
2593,replay,4000,0.0868,1.000,0.0260,0.63
2594,replay,4000,0.0987,1.000,0.0260,0.62
2595,replay,4000,0.0897,1.000,0.0260,0.62
2596,es_step,4000,0.0468,0.938,0.0260,1.14
2597,replay,4000,0.0564,1.000,0.0258,0.63
2598,replay,4000,0.0618,1.000,0.0258,0.62
2599,replay,4000,0.0051,1.000,0.0258,0.62
2600,replay,4000,0.0559,1.000,0.0257,0.62
2601,replay,4000,0.0179,1.000,0.0257,0.62
2602,replay,4000,0.0579,1.000,0.0257,0.62
2603,es_step,4000,0.0437,1.000,0.0257,1.13
2604,replay,4000,0.0682,1.000,0.0256,0.62
2605,es_step,4000,0.0467,1.000,0.0256,1.14
2606,replay,4000,0.0508,1.000,0.0255,0.63
2607,replay,4000,0.0409,1.000,0.0255,0.62
2608,replay,4000,0.0712,1.000,0.0254,0.62
2609,es_step,4000,0.0541,1.000,0.0254,1.13
2610,replay,4000,0.0731,1.000,0.0256,0.63
2611,replay,4000,-0.1686,1.000,0.0255,0.62
2612,replay,4000,0.1265,1.000,0.0257,0.63
2613,replay,4000,0.0997,1.000,0.0260,0.63
2614,replay,4000,0.1208,1.000,0.0261,0.63
2615,es_step,4000,0.0900,1.000,0.0266,1.14
2616,replay,4000,0.1305,1.000,0.0266,0.62
2617,replay,4000,0.1083,1.000,0.0267,0.62
2618,es_step,4000,0.0456,0.938,0.0267,1.13
2619,replay,4000,0.0184,1.000,0.0265,0.63
2620,replay,4000,0.0883,1.000,0.0265,2.39
2621,replay,4000,0.1281,1.000,0.0265,0.63
2622,replay,4000,0.3033,1.000,0.0267,0.63
2623,replay,4000,0.2481,1.000,0.0269,0.62
2624,es_step,4000,0.1350,1.000,0.0280,1.13
2625,replay,4000,0.2293,1.000,0.0282,0.62
2626,replay,4000,0.1947,1.000,0.0283,0.62
2627,replay,4000,0.1797,1.000,0.0283,0.62
2628,replay,4000,0.1407,1.000,0.0283,0.62
2629,replay,4000,0.1622,1.000,0.0285,0.62
2630,replay,4000,0.1014,1.000,0.0286,0.62
2631,replay,4000,0.0752,1.000,0.0286,0.62
2632,replay,4000,0.0754,1.000,0.0287,0.62
2633,es_step,4000,0.0429,1.000,0.0287,1.13
2634,replay,4000,0.0559,1.000,0.0286,0.62
2635,replay,4000,0.0584,1.000,0.0286,0.62
2636,es_step,4000,0.0244,1.000,0.0286,1.13
2637,es_step,4000,0.0290,1.000,0.0286,1.13
2638,es_step,4000,0.0248,1.000,0.0286,1.14
2639,replay,4000,0.0367,1.000,0.0284,0.63
2640,replay,4000,0.0371,1.000,0.0284,0.62
2641,replay,4000,-0.0637,1.000,0.0284,0.62
2642,replay,4000,0.0705,1.000,0.0284,0.63
2643,replay,4000,0.1623,1.000,0.0286,0.63
2644,replay,4000,0.1625,1.000,0.0288,0.62
2645,replay,4000,0.0922,1.000,0.0289,0.62
2646,replay,4000,0.1331,1.000,0.0289,0.63
2647,replay,4000,0.0043,1.000,0.0287,0.62
2648,es_step,4000,-0.0288,1.000,0.0287,1.14
2649,replay,4000,-0.0052,1.000,0.0285,0.63
2650,replay,4000,0.1207,1.000,0.0285,0.63
2651,replay,4000,0.1704,1.000,0.0284,0.63
2652,replay,4000,0.1921,1.000,0.0284,0.62
2653,es_step,4000,0.0870,1.000,0.0284,1.14
2654,replay,4000,0.1572,1.000,0.0286,0.62
2655,es_step,4000,0.0670,1.000,0.0286,1.14
2656,replay,4000,0.0809,1.000,0.0286,0.63
2657,replay,4000,0.0561,1.000,0.0286,0.63
2658,replay,4000,-0.0025,1.000,0.0284,0.62
2659,replay,4000,0.1039,1.000,0.0286,0.62
2660,es_step,4000,0.1101,0.938,0.0291,1.14
2661,replay,4000,0.1436,1.000,0.0294,0.63
2662,replay,4000,0.1205,1.000,0.0295,0.63
2663,replay,4000,0.1546,1.000,0.0296,0.62
2664,replay,4000,0.1655,1.000,0.0297,0.62
2665,es_step,4000,0.0979,1.000,0.0298,1.13
2666,replay,4000,0.1728,1.000,0.0301,0.62
2667,es_step,4000,0.0752,1.000,0.0301,1.14
2668,replay,4000,0.1120,1.000,0.0299,0.62
2669,es_step,4000,0.0570,1.000,0.0300,1.13
2670,replay,4000,0.1231,1.000,0.0300,0.62
2671,es_step,4000,0.0470,1.000,0.0300,1.13
2672,replay,4000,0.0867,1.000,0.0301,0.63
2673,replay,4000,0.0645,1.000,0.0300,0.62
2674,replay,4000,0.0300,1.000,0.0300,0.63
2675,replay,4000,0.0192,1.000,0.0299,0.63
2676,es_step,4000,0.0405,1.000,0.0299,1.13
2677,replay,4000,0.0365,1.000,0.0298,0.63
2678,replay,4000,0.0453,1.000,0.0297,0.63
2679,replay,4000,0.0334,1.000,0.0295,0.62
2680,es_step,4000,0.0396,1.000,0.0295,1.13
2681,replay,4000,-0.0035,1.000,0.0293,0.62
2682,replay,4000,0.0288,1.000,0.0291,0.62
2683,replay,4000,0.0528,1.000,0.0291,0.63
2684,es_step,4000,0.0459,1.000,0.0291,1.13
2685,replay,4000,0.1118,1.000,0.0291,0.62
2686,replay,4000,0.1022,1.000,0.0291,0.62
2687,replay,4000,0.0837,1.000,0.0290,0.62
2688,replay,4000,0.0440,1.000,0.0288,0.62
2689,replay,4000,0.0059,1.000,0.0288,0.62
2690,replay,4000,0.0302,1.000,0.0286,0.62
2691,es_step,4000,0.0509,1.000,0.0286,1.14
2692,replay,4000,0.0953,1.000,0.0286,0.62
2693,replay,4000,0.0476,1.000,0.0286,0.62
2694,replay,4000,0.0550,1.000,0.0286,0.62
2695,replay,4000,0.0637,1.000,0.0285,0.63
2696,replay,4000,0.0414,1.000,0.0285,0.62
2697,replay,4000,0.0290,1.000,0.0284,0.63
2698,replay,4000,-0.0269,1.000,0.0284,0.63
2699,replay,4000,0.1863,1.000,0.0286,0.62
2700,replay,4000,0.2257,1.000,0.0288,0.62
2701,replay,4000,0.2166,1.000,0.0288,0.63
2702,replay,4000,0.1875,1.000,0.0290,0.62
2703,replay,4000,0.1441,1.000,0.0291,0.62
2704,replay,4000,0.0802,1.000,0.0292,0.62
2705,replay,4000,0.0666,1.000,0.0292,0.62
2706,replay,4000,0.0445,1.000,0.0291,0.62
2707,replay,4000,0.0412,1.000,0.0290,0.62
2708,replay,4000,0.0185,1.000,0.0289,0.62
2709,replay,4000,0.0690,1.000,0.0288,0.63
2710,replay,4000,0.0583,1.000,0.0287,0.63
2711,replay,4000,0.0369,1.000,0.0286,0.63
2712,es_step,4000,0.0515,1.000,0.0286,1.14
2713,replay,4000,0.0466,1.000,0.0286,0.63
2714,replay,4000,0.0803,1.000,0.0286,0.63
2715,replay,4000,0.0860,1.000,0.0286,0.63
2716,replay,4000,0.0564,1.000,0.0286,0.63
2717,replay,4000,0.0822,1.000,0.0286,0.63
2718,replay,4000,0.0473,1.000,0.0286,0.63
2719,replay,4000,0.0713,1.000,0.0286,0.63
2720,es_step,4000,0.0592,1.000,0.0286,1.14
2721,replay,4000,0.0328,1.000,0.0286,0.62
2722,replay,4000,0.1598,1.000,0.0287,0.62
2723,replay,4000,0.1697,1.000,0.0288,0.62
2724,replay,4000,0.1210,1.000,0.0289,0.62
2725,replay,4000,0.1002,1.000,0.0289,0.62
2726,es_step,4000,0.0588,1.000,0.0289,1.13
2727,replay,4000,0.1499,1.000,0.0289,0.62
2728,replay,4000,0.1904,1.000,0.0290,0.62
2729,replay,4000,0.1691,1.000,0.0292,0.62
2730,es_step,4000,0.0594,1.000,0.0292,1.13
2731,replay,4000,0.1275,1.000,0.0292,0.63
2732,replay,4000,0.0968,1.000,0.0293,0.62
2733,es_step,4000,0.0406,1.000,0.0293,1.13
2734,replay,4000,0.0349,1.000,0.0290,0.62
2735,replay,4000,0.0870,1.000,0.0291,0.63
2736,replay,4000,0.0737,1.000,0.0292,0.63
2737,es_step,4000,0.0631,1.000,0.0292,1.13
2738,es_step,4000,0.0542,0.938,0.0292,1.13
2739,replay,4000,0.1011,1.000,0.0292,0.62
2740,replay,4000,0.0803,1.000,0.0293,0.63
2741,replay,4000,0.1174,1.000,0.0293,0.62
2742,replay,4000,0.1115,1.000,0.0294,0.63
2743,es_step,4000,0.0559,1.000,0.0294,1.13
2744,es_step,4000,0.0553,1.000,0.0294,1.13
2745,replay,4000,0.1105,1.000,0.0293,0.62
2746,replay,4000,0.0758,1.000,0.0292,0.62
2747,es_step,4000,0.0499,1.000,0.0292,1.13
2748,es_step,4000,0.0385,1.000,0.0292,1.13
2749,es_step,4000,0.0422,1.000,0.0292,1.13
2750,replay,4000,0.0585,1.000,0.0291,0.62
2751,replay,4000,0.0630,1.000,0.0292,0.62
2752,es_step,4000,0.0362,1.000,0.0292,1.13
2753,replay,4000,0.0329,1.000,0.0292,0.62
2754,replay,4000,0.1036,1.000,0.0294,0.63
2755,replay,4000,0.0714,1.000,0.0295,0.62
2756,replay,4000,0.0474,1.000,0.0294,0.63
2757,replay,4000,0.1749,1.000,0.0294,0.62
2758,replay,4000,0.1368,1.000,0.0298,0.62
2759,replay,4000,0.1478,1.000,0.0300,0.62
2760,replay,4000,0.1185,1.000,0.0300,0.62
2761,replay,4000,0.0694,1.000,0.0301,0.62
2762,replay,4000,0.0683,1.000,0.0301,0.62
2763,replay,4000,0.0527,1.000,0.0300,0.62
2764,replay,4000,0.0413,1.000,0.0299,0.62
2765,replay,4000,-0.0861,1.000,0.0297,0.62
2766,replay,4000,0.1073,1.000,0.0297,0.62
2767,es_step,4000,0.0906,1.000,0.0299,1.13
2768,replay,4000,0.1246,1.000,0.0300,0.62
2769,replay,4000,0.1568,1.000,0.0303,0.62
2770,replay,4000,0.2074,1.000,0.0304,0.62
2771,replay,4000,0.1683,1.000,0.0307,0.62
2772,es_step,4000,0.0993,1.000,0.0309,1.13
2773,replay,4000,0.1718,1.000,0.0311,0.63
2774,replay,4000,0.1345,1.000,0.0312,0.63
2775,es_step,4000,0.0814,1.000,0.0314,1.13
2776,replay,4000,0.1325,1.000,0.0315,0.62
2777,replay,4000,0.0971,1.000,0.0315,0.62
2778,replay,4000,0.1091,1.000,0.0315,0.62
2779,es_step,4000,0.0501,1.000,0.0315,1.13
2780,replay,4000,0.0791,1.000,0.0315,0.62
2781,es_step,4000,0.0471,1.000,0.0315,1.13
2782,replay,4000,0.0727,1.000,0.0314,0.62
2783,replay,4000,0.0583,1.000,0.0314,0.62
2784,es_step,4000,0.0517,1.000,0.0314,1.12
2785,replay,4000,0.0923,1.000,0.0314,0.62
2786,replay,4000,-0.0219,1.000,0.0314,0.62
2787,es_step,4000,0.0749,1.000,0.0314,1.13
2788,replay,4000,0.1148,1.000,0.0317,0.62
2789,replay,4000,0.1720,1.000,0.0318,0.62
2790,replay,4000,0.1518,1.000,0.0319,0.62
2791,replay,4000,0.1452,1.000,0.0319,0.62
2792,es_step,4000,0.0420,1.000,0.0319,1.13
2793,replay,4000,0.0962,1.000,0.0319,0.62
2794,replay,4000,0.0685,1.000,0.0320,0.62
2795,es_step,4000,0.0296,1.000,0.0320,1.13
2796,replay,4000,0.0467,1.000,0.0318,0.63
2797,replay,4000,0.0732,1.000,0.0318,0.63
2798,replay,4000,0.1085,1.000,0.0318,0.63
2799,replay,4000,0.0507,1.000,0.0317,0.63
2800,es_step,4000,0.0046,1.000,0.0317,1.15
2801,es_step,4000,0.0070,1.000,0.0317,1.14
2802,replay,4000,0.0087,1.000,0.0315,0.63
2803,replay,4000,0.0192,1.000,0.0314,0.63
2804,replay,4000,0.0385,1.000,0.0312,0.63
2805,es_step,4000,0.0336,1.000,0.0312,1.13
2806,replay,4000,0.0102,1.000,0.0311,0.62
2807,replay,4000,0.0456,1.000,0.0312,0.62
2808,es_step,4000,0.0218,1.000,0.0312,1.13
2809,replay,4000,0.0232,1.000,0.0311,0.63
2810,replay,4000,0.0225,1.000,0.0309,0.63
2811,replay,4000,0.0300,1.000,0.0309,0.63
2812,es_step,4000,0.0436,1.000,0.0309,1.13
2813,replay,4000,0.1008,1.000,0.0308,0.63
2814,replay,4000,0.0662,1.000,0.0308,0.62
2815,replay,4000,0.0430,1.000,0.0306,0.63
2816,replay,4000,0.0794,1.000,0.0306,0.63
2817,replay,4000,0.0636,1.000,0.0305,0.62
2818,replay,4000,0.0275,1.000,0.0304,0.62
2819,replay,4000,0.0257,1.000,0.0303,0.62
2820,replay,4000,0.0188,1.000,0.0302,0.62
2821,es_step,4000,0.0595,1.000,0.0302,1.14
2822,replay,4000,0.0627,1.000,0.0303,0.63
2823,replay,4000,0.1396,1.000,0.0304,0.62
2824,replay,4000,0.1425,1.000,0.0305,0.62
2825,replay,4000,0.1181,1.000,0.0305,0.62
2826,replay,4000,0.1304,1.000,0.0306,0.62
2827,replay,4000,0.0783,1.000,0.0307,0.62
2828,replay,4000,0.1350,1.000,0.0306,0.62
2829,replay,4000,0.1544,1.000,0.0307,0.62
2830,replay,4000,0.1549,1.000,0.0309,0.62
2831,es_step,4000,0.0699,1.000,0.0309,1.13
2832,replay,4000,0.0966,1.000,0.0309,0.62
2833,replay,4000,0.0812,1.000,0.0309,0.62
2834,replay,4000,0.1156,1.000,0.0309,0.63
2835,es_step,4000,0.0511,1.000,0.0309,1.14
2836,replay,4000,0.1093,1.000,0.0309,0.62
2837,es_step,4000,0.0378,1.000,0.0309,1.14
2838,es_step,4000,0.0331,1.000,0.0309,1.13
2839,replay,4000,0.0759,1.000,0.0309,0.63
2840,replay,4000,-0.0058,1.000,0.0306,0.63
2841,replay,4000,0.0699,1.000,0.0308,0.63
2842,replay,4000,0.1161,1.000,0.0309,0.62
2843,replay,4000,0.1369,1.000,0.0309,0.62
2844,replay,4000,0.0974,1.000,0.0310,0.63
2845,es_step,4000,0.0146,1.000,0.0310,1.14
2846,replay,4000,0.0878,1.000,0.0309,0.62
2847,replay,4000,0.0616,1.000,0.0307,0.63
2848,replay,4000,0.0460,1.000,0.0306,0.63
2849,replay,4000,0.0520,1.000,0.0307,0.63
2850,replay,4000,-0.0369,1.000,0.0306,0.63
2851,replay,4000,0.0219,1.000,0.0303,0.62
2852,es_step,4000,0.0687,1.000,0.0305,1.14
2853,replay,4000,0.1110,1.000,0.0306,0.63
2854,replay,4000,0.1182,1.000,0.0305,0.62
2855,replay,4000,0.0876,1.000,0.0304,0.62
2856,es_step,4000,0.0092,1.000,0.0304,1.13
2857,replay,4000,0.0592,1.000,0.0303,0.62
2858,replay,4000,-0.0008,1.000,0.0303,0.62
2859,replay,4000,0.0265,1.000,0.0301,0.62
2860,replay,4000,0.0854,1.000,0.0301,0.62
2861,es_step,4000,0.0492,1.000,0.0301,1.13
2862,replay,4000,0.0944,1.000,0.0302,0.63
2863,replay,4000,0.0706,1.000,0.0300,0.62
2864,replay,4000,0.0654,1.000,0.0300,0.62
2865,replay,4000,0.0503,1.000,0.0299,0.62
2866,es_step,4000,0.0415,1.000,0.0299,1.13
2867,es_step,4000,0.0430,1.000,0.0299,1.13
2868,replay,4000,0.0430,1.000,0.0299,0.62
2869,es_step,4000,0.0352,1.000,0.0299,1.13
2870,replay,4000,0.0476,1.000,0.0299,0.63
2871,es_step,4000,0.0250,1.000,0.0299,1.14
2872,replay,4000,0.0424,1.000,0.0297,0.62
2873,replay,4000,0.0752,1.000,0.0296,0.62
2874,es_step,4000,0.0168,1.000,0.0296,1.14
2875,replay,4000,0.0273,1.000,0.0295,0.62
2876,replay,4000,0.0236,1.000,0.0293,0.62
2877,replay,4000,0.0567,1.000,0.0294,0.62
2878,replay,4000,0.0228,1.000,0.0292,0.62
2879,replay,4000,0.0268,1.000,0.0291,0.62
2880,replay,4000,0.0312,1.000,0.0292,0.63
2881,replay,4000,-0.0822,1.000,0.0289,0.63
2882,es_step,4000,0.0770,1.000,0.0291,1.15
2883,replay,4000,0.0694,1.000,0.0291,0.63
2884,replay,4000,0.1787,1.000,0.0293,0.63
2885,replay,4000,0.1989,1.000,0.0297,0.63
2886,replay,4000,0.1999,1.000,0.0299,0.63
2887,replay,4000,0.1679,1.000,0.0302,0.63
2888,es_step,4000,0.0691,0.938,0.0303,1.14
2889,replay,4000,0.1253,1.000,0.0305,0.62
2890,replay,4000,0.0869,1.000,0.0305,0.62
2891,replay,4000,-0.1030,1.000,0.0303,0.62
2892,replay,4000,0.0970,1.000,0.0303,0.62
2893,es_step,4000,0.0606,1.000,0.0303,1.13
2894,replay,4000,0.1844,1.000,0.0305,0.62
2895,es_step,4000,0.0657,1.000,0.0305,1.13
2896,replay,4000,0.1771,1.000,0.0306,0.62
2897,es_step,4000,0.0719,1.000,0.0306,1.13
2898,replay,4000,0.1388,1.000,0.0306,0.62
2899,replay,4000,0.1100,1.000,0.0306,0.62
2900,replay,4000,0.0929,1.000,0.0306,0.62
2901,es_step,4000,0.0501,1.000,0.0306,1.13
2902,replay,4000,0.0720,1.000,0.0307,0.62
2903,replay,4000,0.0786,1.000,0.0307,2.43
2904,es_step,4000,0.0481,1.000,0.0307,1.13
2905,replay,4000,0.0576,1.000,0.0307,0.62
2906,replay,4000,-0.0312,1.000,0.0307,0.62
2907,es_step,4000,0.0790,1.000,0.0308,1.13
2908,replay,4000,0.0874,1.000,0.0308,0.62
2909,replay,4000,0.1269,1.000,0.0309,0.63
2910,replay,4000,0.1165,1.000,0.0309,0.62
2911,replay,4000,0.0796,1.000,0.0309,0.63
2912,replay,4000,0.0821,1.000,0.0307,0.62
2913,replay,4000,0.1174,1.000,0.0306,0.63
2914,es_step,4000,0.0913,1.000,0.0307,1.13
2915,replay,4000,0.1371,1.000,0.0308,0.62
2916,replay,4000,0.1681,1.000,0.0310,0.63
2917,replay,4000,0.1513,1.000,0.0312,0.63
2918,replay,4000,0.1252,1.000,0.0314,0.63
2919,replay,4000,0.1391,1.000,0.0314,0.63
2920,replay,4000,0.1418,1.000,0.0314,0.63
2921,replay,4000,0.1358,1.000,0.0315,0.62
2922,replay,4000,0.1483,1.000,0.0315,0.62
2923,replay,4000,0.1233,1.000,0.0316,0.63
2924,replay,4000,0.0648,1.000,0.0316,0.63
2925,replay,4000,0.0625,1.000,0.0315,0.63
2926,replay,4000,0.0574,1.000,0.0314,0.63
2927,replay,4000,0.0770,1.000,0.0315,0.63
2928,es_step,4000,0.0448,1.000,0.0315,1.14
2929,replay,4000,0.0213,1.000,0.0315,0.64
2930,es_step,4000,0.0499,1.000,0.0315,1.14
2931,replay,4000,0.1275,1.000,0.0315,0.62
2932,es_step,4000,0.0548,1.000,0.0315,1.15
2933,replay,4000,0.1305,1.000,0.0316,0.63
2934,replay,4000,0.1253,1.000,0.0318,0.63
2935,replay,4000,0.1184,1.000,0.0318,0.63
2936,es_step,4000,0.0967,1.000,0.0320,1.14
2937,replay,4000,0.1721,1.000,0.0321,0.62
2938,replay,4000,0.1467,1.000,0.0322,0.63
2939,replay,4000,0.1112,1.000,0.0323,0.62
2940,es_step,4000,0.0585,1.000,0.0323,1.14
2941,replay,4000,0.1153,1.000,0.0323,0.62
2942,replay,4000,0.0917,1.000,0.0322,0.62
2943,es_step,4000,0.0375,1.000,0.0322,1.13
2944,replay,4000,0.0847,1.000,0.0322,0.62
2945,replay,4000,0.0903,1.000,0.0324,0.63
2946,replay,4000,0.1295,1.000,0.0324,0.63
2947,es_step,4000,0.0720,1.000,0.0324,1.14
2948,replay,4000,0.1423,1.000,0.0325,0.62
2949,replay,4000,0.1127,1.000,0.0325,0.63
2950,replay,4000,0.0967,1.000,0.0326,0.63
2951,es_step,4000,0.0871,1.000,0.0326,1.14
2952,replay,4000,0.1401,1.000,0.0327,0.63
2953,replay,4000,0.1177,1.000,0.0329,0.63
2954,replay,4000,0.0978,1.000,0.0328,0.63
2955,replay,4000,0.0417,1.000,0.0327,0.63
2956,replay,4000,0.0194,1.000,0.0325,0.63
2957,es_step,4000,-0.0061,1.000,0.0325,1.14
2958,replay,4000,0.0092,1.000,0.0324,0.63
2959,replay,4000,0.0342,1.000,0.0322,0.63
2960,replay,4000,0.0779,1.000,0.0322,0.63
2961,replay,4000,0.0153,1.000,0.0320,0.63
2962,replay,4000,0.0398,1.000,0.0320,0.63
2963,replay,4000,0.0398,1.000,0.0319,0.63
2964,replay,4000,0.0430,1.000,0.0319,0.63
2965,replay,4000,0.0448,1.000,0.0318,0.63
2966,replay,4000,0.0488,1.000,0.0318,0.63
2967,replay,4000,0.0451,1.000,0.0318,0.63
2968,replay,4000,0.0441,1.000,0.0316,0.63
2969,replay,4000,0.0134,1.000,0.0315,0.63
2970,es_step,4000,0.0218,1.000,0.0315,1.15
2971,replay,4000,0.0199,1.000,0.0314,0.63
2972,es_step,4000,0.0255,1.000,0.0314,1.14
2973,replay,4000,0.0447,1.000,0.0314,0.63
2974,replay,4000,0.0537,1.000,0.0314,0.63
2975,replay,4000,0.0343,1.000,0.0312,0.63
2976,replay,4000,0.0648,1.000,0.0312,0.63
2977,replay,4000,0.0727,1.000,0.0312,0.63
2978,replay,4000,0.1137,1.000,0.0313,0.63
2979,replay,4000,0.1182,1.000,0.0313,0.63
2980,replay,4000,0.0904,1.000,0.0313,0.63
2981,replay,4000,0.0582,1.000,0.0311,0.63
2982,replay,4000,0.0118,1.000,0.0310,0.63
2983,replay,4000,0.0183,1.000,0.0309,0.63
2984,replay,4000,0.0143,1.000,0.0307,0.63
2985,replay,4000,0.0127,1.000,0.0308,0.63
2986,replay,4000,0.0345,1.000,0.0307,0.63
2987,es_step,4000,0.0697,1.000,0.0307,1.14
2988,replay,4000,0.1256,1.000,0.0308,0.63
2989,replay,4000,0.1530,1.000,0.0311,0.63
2990,replay,4000,0.1580,1.000,0.0315,0.63
2991,replay,4000,0.1442,1.000,0.0316,0.63
2992,es_step,4000,0.0603,1.000,0.0316,1.14
2993,es_step,4000,0.0590,0.938,0.0316,1.15
2994,replay,4000,0.0705,1.000,0.0313,0.63
2995,replay,4000,0.1041,1.000,0.0314,0.63
2996,replay,4000,0.0774,1.000,0.0314,0.63
2997,replay,4000,-0.0216,1.000,0.0312,0.63
2998,replay,4000,0.0780,1.000,0.0312,0.63
2999,replay,4000,0.0858,1.000,0.0314,0.63
3000,replay,4000,0.0501,1.000,0.0315,0.63
3001,replay,4000,-0.0477,1.000,0.0313,0.63
3002,es_step,4000,0.0474,1.000,0.0314,1.14
3003,replay,4000,0.0941,1.000,0.0314,0.63
3004,replay,4000,0.1954,1.000,0.0314,0.63
3005,replay,4000,0.1812,1.000,0.0315,0.63
3006,replay,4000,0.1340,1.000,0.0314,0.63
3007,es_step,4000,0.0547,1.000,0.0314,1.15
3008,es_step,4000,0.0538,1.000,0.0314,1.14
3009,replay,4000,0.1425,1.000,0.0314,0.63
3010,es_step,4000,0.0567,1.000,0.0314,1.15
3011,replay,4000,0.1287,1.000,0.0314,0.63
3012,replay,4000,0.0910,1.000,0.0314,0.64
3013,replay,4000,0.1015,1.000,0.0313,0.63
3014,replay,4000,0.0679,1.000,0.0312,0.63
3015,replay,4000,0.0275,1.000,0.0311,0.63
3016,replay,4000,0.0052,1.000,0.0311,0.63
3017,replay,4000,0.0399,1.000,0.0311,0.63
3018,replay,4000,0.0574,1.000,0.0310,0.63
3019,replay,4000,0.0684,1.000,0.0309,0.63
3020,replay,4000,0.0904,1.000,0.0310,0.62
3021,replay,4000,0.1623,1.000,0.0313,0.62
3022,replay,4000,0.1133,1.000,0.0313,0.62
3023,replay,4000,0.0814,1.000,0.0313,0.62
3024,replay,4000,0.0596,1.000,0.0313,0.63
3025,replay,4000,0.1515,1.000,0.0314,0.63
3026,replay,4000,0.1759,1.000,0.0315,0.63
3027,replay,4000,0.1316,1.000,0.0316,0.63
3028,replay,4000,0.1423,1.000,0.0319,0.63
3029,replay,4000,0.1231,1.000,0.0320,0.63
3030,replay,4000,0.1436,1.000,0.0320,0.63
3031,replay,4000,0.1327,1.000,0.0320,0.64
3032,replay,4000,0.1246,1.000,0.0321,0.63
3033,replay,4000,0.1216,1.000,0.0322,0.63
3034,replay,4000,0.1231,1.000,0.0322,0.63
3035,replay,4000,0.0908,1.000,0.0323,0.63
3036,es_step,4000,0.0356,1.000,0.0323,1.16
3037,replay,4000,0.0792,1.000,0.0322,0.63
3038,replay,4000,0.0209,1.000,0.0321,0.63
3039,replay,4000,0.0748,1.000,0.0321,0.63
3040,replay,4000,0.1361,1.000,0.0322,0.63
3041,replay,4000,0.1732,1.000,0.0325,0.63
3042,es_step,4000,0.1177,1.000,0.0333,1.15
3043,replay,4000,0.1636,1.000,0.0334,0.63
3044,replay,4000,0.1656,1.000,0.0335,0.63
3045,replay,4000,0.1130,1.000,0.0335,0.63
3046,es_step,4000,0.0400,1.000,0.0335,1.15
3047,replay,4000,0.0494,1.000,0.0334,0.63
3048,replay,4000,0.0308,1.000,0.0332,0.63
3049,replay,4000,0.0325,1.000,0.0334,0.64
3050,replay,4000,0.0162,1.000,0.0333,0.64
3051,replay,4000,0.0236,1.000,0.0331,0.64
3052,replay,4000,0.0669,1.000,0.0331,0.64
3053,replay,4000,0.0334,1.000,0.0330,0.64
3054,replay,4000,0.0485,1.000,0.0330,0.64
3055,replay,4000,0.0615,1.000,0.0330,0.64
3056,replay,4000,0.0511,1.000,0.0331,0.64
3057,es_step,4000,0.0640,1.000,0.0331,1.16
3058,replay,4000,0.1050,1.000,0.0332,0.64
3059,replay,4000,0.1101,1.000,0.0332,0.64
3060,es_step,4000,0.0523,1.000,0.0332,1.16
3061,replay,4000,0.0829,1.000,0.0333,0.64
3062,replay,4000,0.0741,1.000,0.0333,0.64
3063,replay,4000,0.0329,1.000,0.0332,0.64
3064,replay,4000,0.0139,1.000,0.0330,0.64
3065,replay,4000,0.0151,1.000,0.0328,0.64
3066,replay,4000,0.0274,1.000,0.0327,0.64
3067,replay,4000,0.0294,1.000,0.0325,0.64
3068,replay,4000,0.0884,1.000,0.0325,0.64
3069,replay,4000,0.1047,1.000,0.0325,0.64
3070,replay,4000,0.0794,1.000,0.0325,0.64
3071,replay,4000,0.0781,1.000,0.0325,0.64
3072,replay,4000,0.0439,1.000,0.0324,0.64
3073,es_step,4000,0.0337,1.000,0.0324,1.15
3074,replay,4000,0.0327,1.000,0.0323,0.63
3075,replay,4000,0.0196,1.000,0.0321,0.64
3076,replay,4000,0.0173,1.000,0.0321,0.64
3077,es_step,4000,0.0492,1.000,0.0321,1.15
3078,replay,4000,0.0629,1.000,0.0321,0.64
3079,replay,4000,0.0714,1.000,0.0322,0.64
3080,replay,4000,0.0745,1.000,0.0322,0.63
3081,replay,4000,0.0614,1.000,0.0325,0.64
3082,es_step,4000,0.0526,1.000,0.0325,1.15
3083,replay,4000,0.1351,1.000,0.0327,0.64
3084,es_step,4000,0.0408,1.000,0.0327,1.15
3085,replay,4000,0.0779,1.000,0.0327,0.63
3086,replay,4000,0.1116,1.000,0.0328,0.63
3087,replay,4000,0.2122,1.000,0.0329,0.63
3088,replay,4000,0.1701,1.000,0.0328,0.63
3089,replay,4000,0.1172,1.000,0.0328,0.63
3090,replay,4000,0.0854,1.000,0.0327,0.63
3091,replay,4000,0.0981,1.000,0.0327,0.64
3092,replay,4000,0.0972,1.000,0.0326,0.63
3093,replay,4000,0.0668,1.000,0.0325,0.64
3094,es_step,4000,-0.0002,1.000,0.0325,1.15
3095,replay,4000,0.0435,1.000,0.0325,0.63
3096,es_step,4000,-0.0002,1.000,0.0325,1.16
3097,replay,4000,0.0306,1.000,0.0323,0.64
3098,es_step,4000,0.0138,1.000,0.0323,1.15
3099,replay,4000,0.0309,1.000,0.0322,0.63
3100,replay,4000,0.0949,1.000,0.0322,0.63
3101,replay,4000,0.0864,1.000,0.0320,0.63
3102,es_step,4000,0.0409,1.000,0.0320,1.14
3103,es_step,4000,0.0470,1.000,0.0320,1.16
3104,replay,4000,0.0757,1.000,0.0319,0.64
3105,replay,4000,0.0721,1.000,0.0319,0.63
3106,replay,4000,0.0736,1.000,0.0319,0.63
3107,replay,4000,0.0851,1.000,0.0319,0.63
3108,replay,4000,0.0419,1.000,0.0320,0.63
3109,replay,4000,0.0482,1.000,0.0321,0.63
3110,replay,4000,0.0633,1.000,0.0320,0.63
3111,replay,4000,0.1064,1.000,0.0320,0.63
3112,replay,4000,0.1063,1.000,0.0321,0.63
3113,replay,4000,0.1279,1.000,0.0323,0.63
3114,replay,4000,0.1175,1.000,0.0323,0.63
3115,replay,4000,0.1444,1.000,0.0325,0.63
3116,replay,4000,0.1644,1.000,0.0328,0.63
3117,replay,4000,0.1506,1.000,0.0330,0.63
3118,replay,4000,0.1732,1.000,0.0332,0.64
3119,replay,4000,0.1332,1.000,0.0332,0.63
3120,replay,4000,0.0905,1.000,0.0331,0.63
3121,replay,4000,0.0946,1.000,0.0330,0.63
3122,es_step,4000,0.0378,1.000,0.0330,1.15
3123,replay,4000,0.0742,1.000,0.0330,0.64
3124,es_step,4000,0.0117,1.000,0.0330,1.15
3125,replay,4000,0.0703,1.000,0.0330,0.63
3126,es_step,4000,0.0015,1.000,0.0330,1.14
3127,es_step,4000,0.0035,1.000,0.0330,1.14
3128,replay,4000,0.0299,1.000,0.0330,0.63
3129,es_step,4000,0.0127,1.000,0.0330,1.15
3130,replay,4000,0.0482,1.000,0.0329,0.63
3131,replay,4000,0.0401,1.000,0.0327,0.63
3132,es_step,4000,0.0274,1.000,0.0327,1.14
3133,replay,4000,0.0248,1.000,0.0326,0.63
3134,replay,4000,0.0452,1.000,0.0325,0.64
3135,replay,4000,0.0956,1.000,0.0326,0.63
3136,es_step,4000,0.0493,0.938,0.0327,1.14
3137,replay,4000,0.0960,1.000,0.0328,0.63
3138,es_step,4000,0.0277,0.938,0.0328,1.14
3139,replay,4000,0.0589,1.000,0.0326,0.63
3140,replay,4000,0.0676,1.000,0.0326,0.63
3141,replay,4000,0.0630,1.000,0.0325,0.63
3142,replay,4000,0.0508,1.000,0.0325,0.63
3143,replay,4000,0.0353,1.000,0.0324,0.63
3144,es_step,4000,0.0442,1.000,0.0324,1.15
3145,replay,4000,0.0451,1.000,0.0324,0.63
3146,replay,4000,0.0320,1.000,0.0323,0.63
3147,replay,4000,0.0879,1.000,0.0323,0.63
3148,replay,4000,0.0686,1.000,0.0323,0.63
3149,replay,4000,-0.0341,1.000,0.0323,0.63
3150,replay,4000,0.0943,1.000,0.0323,0.63
3151,replay,4000,0.1250,1.000,0.0323,0.63
3152,replay,4000,0.1727,1.000,0.0324,0.63
3153,es_step,4000,0.0951,1.000,0.0327,1.15
3154,replay,4000,0.1897,1.000,0.0327,0.63
3155,es_step,4000,0.0863,1.000,0.0327,1.15
3156,es_step,4000,0.0864,1.000,0.0328,1.14
3157,replay,4000,0.1280,1.000,0.0328,0.63
3158,replay,4000,0.1425,1.000,0.0330,0.63
3159,es_step,4000,0.0667,0.938,0.0330,1.14
3160,replay,4000,0.1242,1.000,0.0330,0.63
3161,replay,4000,0.0874,1.000,0.0329,0.64
3162,replay,4000,0.0768,1.000,0.0328,0.64
3163,replay,4000,0.0645,1.000,0.0328,0.63
3164,replay,4000,0.0619,1.000,0.0327,0.64
3165,replay,4000,0.0169,1.000,0.0326,0.64
3166,es_step,4000,0.0178,1.000,0.0326,1.15
3167,es_step,4000,0.0218,1.000,0.0326,1.15
3168,replay,4000,-0.0094,1.000,0.0325,0.63
3169,replay,4000,0.0061,1.000,0.0324,0.63
3170,replay,4000,0.0506,1.000,0.0324,0.63
3171,replay,4000,0.0898,1.000,0.0325,0.63
3172,es_step,4000,0.0300,1.000,0.0325,1.15
3173,replay,4000,0.0695,1.000,0.0325,0.64
3174,replay,4000,0.0304,1.000,0.0323,0.63
3175,es_step,4000,0.0203,1.000,0.0323,1.14
3176,replay,4000,0.0202,1.000,0.0321,0.63
3177,es_step,4000,0.0070,1.000,0.0321,1.15
3178,replay,4000,0.0204,1.000,0.0320,0.63
3179,replay,4000,0.0203,1.000,0.0319,0.63
3180,replay,4000,0.0603,1.000,0.0319,0.63
3181,es_step,4000,0.0283,1.000,0.0319,1.14
3182,replay,4000,0.0309,1.000,0.0318,0.63
3183,replay,4000,0.0648,1.000,0.0317,0.63
3184,replay,4000,0.0653,1.000,0.0316,0.63
3185,replay,4000,0.1291,1.000,0.0317,0.63
3186,replay,4000,0.1345,1.000,0.0318,0.63
3187,replay,4000,0.1083,1.000,0.0319,0.63
3188,es_step,4000,0.0583,1.000,0.0319,1.15
3189,replay,4000,0.0712,1.000,0.0320,0.63
3190,replay,4000,0.0418,1.000,0.0319,0.63
3191,replay,4000,0.0172,1.000,0.0318,0.63
3192,es_step,4000,0.0085,1.000,0.0318,1.14
3193,replay,4000,-0.1307,1.000,0.0316,0.63
3194,es_step,4000,0.0313,1.000,0.0316,1.14
3195,replay,4000,0.0497,1.000,0.0316,0.62
3196,replay,4000,0.0797,1.000,0.0316,0.63
3197,es_step,4000,0.0641,1.000,0.0316,1.14
3198,replay,4000,0.1255,1.000,0.0317,0.63
3199,replay,4000,0.1137,1.000,0.0317,0.63
3200,replay,4000,0.1063,1.000,0.0319,0.63
3201,es_step,4000,0.0827,0.812,0.0320,1.50
3202,replay,4000,0.1383,1.000,0.0320,0.65
3203,es_step,4000,0.0853,1.000,0.0321,3.03
3204,replay,4000,0.1137,1.000,0.0322,0.64
3205,replay,4000,0.1341,1.000,0.0323,0.64
3206,replay,4000,0.1000,1.000,0.0322,0.64
3207,replay,4000,0.0617,1.000,0.0321,0.64
3208,replay,4000,0.0528,1.000,0.0320,0.64
3209,es_step,4000,0.0223,1.000,0.0320,1.16
3210,replay,4000,0.0339,1.000,0.0319,0.64
3211,replay,4000,0.0276,1.000,0.0318,0.64
3212,replay,4000,0.0618,1.000,0.0317,0.64
3213,replay,4000,0.0463,1.000,0.0317,0.64
3214,replay,4000,0.0368,1.000,0.0315,0.64
3215,replay,4000,0.0376,1.000,0.0314,0.63
3216,replay,4000,0.0326,1.000,0.0313,0.64
3217,replay,4000,0.0262,1.000,0.0312,0.64
3218,replay,4000,0.0181,1.000,0.0311,0.64
3219,replay,4000,0.0289,1.000,0.0310,0.64
3220,es_step,4000,0.0251,1.000,0.0310,1.16
3221,replay,4000,0.0355,1.000,0.0309,0.64
3222,replay,4000,0.0766,1.000,0.0309,0.64
3223,replay,4000,0.0405,1.000,0.0308,0.64
3224,es_step,4000,0.0452,1.000,0.0308,1.16
3225,es_step,4000,0.0468,1.000,0.0308,1.15
3226,replay,4000,0.0358,1.000,0.0307,0.63
3227,es_step,4000,0.0523,1.000,0.0307,1.15
3228,replay,4000,0.1041,1.000,0.0307,0.63
3229,replay,4000,0.1287,1.000,0.0307,0.64
3230,replay,4000,0.1262,1.000,0.0307,0.64
3231,replay,4000,0.1247,1.000,0.0307,0.63
3232,es_step,4000,0.0597,1.000,0.0307,1.16
3233,replay,4000,0.1049,1.000,0.0307,0.64
3234,replay,4000,0.0821,1.000,0.0307,0.63
3235,replay,4000,0.0694,1.000,0.0307,0.64
3236,es_step,4000,0.0209,1.000,0.0307,1.16
3237,es_step,4000,0.0189,1.000,0.0307,1.15
3238,replay,4000,0.0634,1.000,0.0306,0.63
3239,replay,4000,0.0328,1.000,0.0305,0.63
3240,es_step,4000,0.0456,1.000,0.0305,1.16
3241,es_step,4000,0.0451,1.000,0.0305,1.15
3242,es_step,4000,0.0475,0.875,0.0305,1.15
3243,replay,4000,0.0515,1.000,0.0305,0.64
3244,es_step,4000,0.0655,1.000,0.0305,1.15
3245,replay,4000,0.1060,1.000,0.0305,0.63
3246,es_step,4000,0.0585,1.000,0.0305,1.15
3247,replay,4000,0.0867,1.000,0.0304,0.64
3248,replay,4000,0.0555,1.000,0.0304,0.63
3249,replay,4000,0.0239,1.000,0.0303,0.63
3250,es_step,4000,0.0148,1.000,0.0303,1.14
3251,es_step,4000,0.0108,1.000,0.0303,1.15
3252,replay,4000,0.0549,1.000,0.0302,0.63
3253,replay,4000,0.0058,1.000,0.0300,0.63
3254,replay,4000,0.0645,1.000,0.0299,0.63
3255,replay,4000,0.0259,1.000,0.0297,0.63
3256,replay,4000,0.0394,1.000,0.0296,0.63
3257,replay,4000,0.0718,1.000,0.0298,0.63
3258,es_step,4000,0.0504,1.000,0.0298,1.14
3259,replay,4000,0.0528,1.000,0.0298,0.63
3260,es_step,4000,0.0510,1.000,0.0298,1.14
3261,es_step,4000,0.0592,1.000,0.0298,1.14
3262,replay,4000,0.0547,1.000,0.0298,0.63
3263,replay,4000,0.0537,1.000,0.0297,0.63
3264,replay,4000,0.0397,1.000,0.0296,0.63
3265,replay,4000,0.0419,1.000,0.0296,0.63
3266,replay,4000,0.0463,1.000,0.0298,0.63
3267,replay,4000,0.0670,1.000,0.0298,0.63
3268,es_step,4000,0.0369,1.000,0.0298,1.14
3269,replay,4000,0.0499,1.000,0.0298,0.63
3270,replay,4000,0.0418,1.000,0.0297,0.63
3271,replay,4000,0.0478,1.000,0.0297,0.63
3272,replay,4000,0.0594,1.000,0.0297,0.63
3273,replay,4000,0.1238,1.000,0.0297,0.63
3274,replay,4000,0.0813,1.000,0.0297,0.63
3275,replay,4000,0.0993,1.000,0.0297,0.63
3276,es_step,4000,0.0537,1.000,0.0297,1.14
3277,replay,4000,0.0949,1.000,0.0296,0.63
3278,replay,4000,0.1006,1.000,0.0297,0.63
3279,replay,4000,0.1485,1.000,0.0298,0.63
3280,replay,4000,0.0785,1.000,0.0298,0.63
3281,replay,4000,0.1391,1.000,0.0299,0.63
3282,replay,4000,0.1739,1.000,0.0300,0.63
3283,replay,4000,0.1858,1.000,0.0301,0.63
3284,es_step,4000,0.0973,1.000,0.0305,1.15
3285,replay,4000,0.1262,1.000,0.0307,0.63
3286,replay,4000,0.1248,1.000,0.0309,0.63
3287,replay,4000,0.1074,1.000,0.0309,0.63
3288,replay,4000,0.0749,1.000,0.0309,0.63
3289,replay,4000,0.0662,1.000,0.0309,0.63
3290,replay,4000,0.0536,1.000,0.0310,0.64
3291,replay,4000,0.0402,1.000,0.0310,0.64
3292,replay,4000,0.0371,1.000,0.0309,0.63
3293,replay,4000,0.0550,1.000,0.0309,0.63
3294,replay,4000,0.0553,1.000,0.0308,0.63
3295,replay,4000,0.0517,1.000,0.0308,0.64
3296,replay,4000,0.0529,1.000,0.0308,0.63
3297,replay,4000,0.0394,1.000,0.0307,0.63
3298,es_step,4000,0.0450,1.000,0.0307,1.15
3299,replay,4000,0.0386,1.000,0.0307,0.63
3300,replay,4000,0.0488,1.000,0.0308,0.63
3301,replay,4000,0.0475,1.000,0.0308,0.64
3302,replay,4000,0.0316,1.000,0.0308,0.63
3303,replay,4000,0.0207,1.000,0.0306,0.63
3304,replay,4000,0.0381,1.000,0.0305,0.63
3305,replay,4000,0.0365,1.000,0.0305,0.63
3306,es_step,4000,0.0317,0.938,0.0305,1.15
3307,replay,4000,0.0344,1.000,0.0304,0.63
3308,replay,4000,0.0474,1.000,0.0304,0.63
3309,replay,4000,0.0592,1.000,0.0303,0.63
3310,replay,4000,0.0428,1.000,0.0304,0.63
3311,replay,4000,0.0335,1.000,0.0304,0.63
3312,replay,4000,0.0402,1.000,0.0304,0.63
3313,replay,4000,0.0298,1.000,0.0303,0.63
3314,replay,4000,0.0067,1.000,0.0303,0.63
3315,replay,4000,0.0346,1.000,0.0302,0.63
3316,es_step,4000,0.0432,1.000,0.0302,1.15
3317,replay,4000,0.0375,1.000,0.0301,0.63
3318,replay,4000,0.0193,1.000,0.0303,0.63
3319,replay,4000,0.1325,1.000,0.0303,0.63
3320,replay,4000,0.1204,1.000,0.0303,0.64
3321,es_step,4000,0.0724,1.000,0.0303,1.15
3322,replay,4000,0.1218,1.000,0.0305,0.63
3323,replay,4000,0.0946,1.000,0.0305,0.63
3324,replay,4000,0.0937,1.000,0.0306,0.63
3325,replay,4000,0.1117,1.000,0.0307,0.63
3326,replay,4000,0.1038,1.000,0.0308,0.63
3327,replay,4000,0.1099,1.000,0.0311,0.63
3328,replay,4000,0.1278,1.000,0.0311,0.63
3329,replay,4000,0.0897,1.000,0.0312,0.63
3330,replay,4000,0.0652,1.000,0.0313,0.63
3331,es_step,4000,0.0570,1.000,0.0313,1.14
3332,es_step,4000,0.0607,1.000,0.0313,1.15
3333,replay,4000,0.0734,1.000,0.0313,0.63
3334,replay,4000,0.0837,1.000,0.0314,0.64
3335,replay,4000,0.0436,1.000,0.0313,0.64
3336,replay,4000,0.0507,1.000,0.0312,0.64
3337,replay,4000,0.0538,1.000,0.0312,0.63
3338,replay,4000,0.0789,1.000,0.0312,0.64
3339,replay,4000,0.0398,1.000,0.0311,0.63
3340,replay,4000,0.0008,1.000,0.0309,0.63
3341,replay,4000,0.0127,1.000,0.0308,0.63
3342,replay,4000,0.0259,1.000,0.0308,0.63
3343,replay,4000,0.0727,1.000,0.0308,0.63
3344,replay,4000,0.0342,1.000,0.0309,0.63
3345,replay,4000,0.1789,1.000,0.0311,0.63
3346,es_step,4000,0.1226,1.000,0.0318,1.15
3347,replay,4000,0.1786,1.000,0.0320,0.63
3348,replay,4000,0.1963,1.000,0.0324,0.63
3349,replay,4000,0.2480,1.000,0.0327,0.63
3350,replay,4000,0.2092,1.000,0.0329,0.63
3351,replay,4000,0.1613,1.000,0.0333,0.63
3352,replay,4000,0.1468,1.000,0.0334,0.63
3353,replay,4000,0.1199,1.000,0.0332,0.64
3354,es_step,4000,0.0591,1.000,0.0332,1.15
3355,replay,4000,0.0902,1.000,0.0332,0.63
3356,es_step,4000,0.0511,1.000,0.0332,1.14
3357,replay,4000,0.0681,1.000,0.0332,0.63
3358,replay,4000,0.1148,1.000,0.0331,0.63
3359,es_step,4000,0.0361,1.000,0.0331,1.14
3360,replay,4000,0.0938,1.000,0.0331,0.63
3361,replay,4000,0.0838,1.000,0.0332,0.63
3362,replay,4000,0.0870,1.000,0.0331,0.63
3363,replay,4000,0.1001,1.000,0.0332,0.63
3364,replay,4000,0.0634,1.000,0.0334,0.63
3365,replay,4000,0.1789,1.000,0.0337,0.63
3366,replay,4000,0.2073,1.000,0.0339,0.63
3367,replay,4000,0.2316,1.000,0.0340,0.63
3368,replay,4000,0.1898,1.000,0.0341,0.63
3369,replay,4000,0.1311,1.000,0.0341,0.64
3370,replay,4000,0.0638,1.000,0.0340,0.64
3371,es_step,4000,0.0298,1.000,0.0340,1.16
3372,es_step,4000,0.0303,1.000,0.0340,1.15
3373,replay,4000,0.0872,1.000,0.0341,0.64
3374,replay,4000,0.0558,1.000,0.0340,0.64
3375,es_step,4000,0.0307,1.000,0.0340,1.15
3376,es_step,4000,0.0280,1.000,0.0340,1.15
3377,replay,4000,0.0475,1.000,0.0339,0.63
3378,replay,4000,0.0127,1.000,0.0337,0.63
3379,replay,4000,0.0422,1.000,0.0336,0.63
3380,replay,4000,0.0503,1.000,0.0335,0.63
3381,replay,4000,0.0427,1.000,0.0335,0.63
3382,es_step,4000,0.0253,1.000,0.0335,1.15
3383,replay,4000,0.0318,1.000,0.0334,0.63
3384,replay,4000,0.0153,1.000,0.0333,0.63
3385,replay,4000,0.0373,1.000,0.0332,0.63
3386,replay,4000,0.0435,1.000,0.0332,0.64
3387,replay,4000,0.0421,1.000,0.0332,0.63
3388,replay,4000,0.0648,1.000,0.0331,0.64
3389,replay,4000,0.0176,1.000,0.0330,0.64
3390,replay,4000,0.0713,1.000,0.0329,0.64
3391,es_step,4000,0.0205,1.000,0.0329,1.15
3392,replay,4000,0.0189,1.000,0.0328,0.64
3393,replay,4000,0.0382,1.000,0.0327,0.64
3394,replay,4000,0.0410,1.000,0.0327,0.64
3395,replay,4000,0.0432,1.000,0.0327,0.64
3396,replay,4000,0.0383,1.000,0.0326,0.63
3397,replay,4000,0.0391,1.000,0.0326,0.63
3398,replay,4000,0.0633,1.000,0.0325,0.63
3399,replay,4000,0.0216,1.000,0.0324,0.63
3400,es_step,4000,0.0309,1.000,0.0324,1.15
3401,replay,4000,0.0008,1.000,0.0323,0.63
3402,replay,4000,0.0402,1.000,0.0323,0.64
3403,replay,4000,0.0513,1.000,0.0322,0.64
3404,replay,4000,0.0886,1.000,0.0322,0.64
3405,es_step,4000,0.0272,1.000,0.0322,1.15
3406,replay,4000,-0.0033,1.000,0.0319,0.63
3407,replay,4000,0.0305,1.000,0.0318,0.64
3408,replay,4000,0.0291,1.000,0.0317,0.64
3409,replay,4000,0.0302,1.000,0.0316,0.64
3410,replay,4000,0.0400,1.000,0.0316,0.64
3411,replay,4000,0.0307,1.000,0.0316,0.64
3412,replay,4000,0.0304,1.000,0.0315,0.64
3413,es_step,4000,0.0471,1.000,0.0315,1.15
3414,replay,4000,0.0298,1.000,0.0314,0.65
3415,replay,4000,0.0298,1.000,0.0311,0.64
3416,replay,4000,0.0487,1.000,0.0312,0.64
3417,replay,4000,0.1255,1.000,0.0312,0.64
3418,replay,4000,0.0880,1.000,0.0311,0.63
3419,es_step,4000,0.0396,1.000,0.0311,1.15
3420,replay,4000,0.0799,1.000,0.0311,0.63
3421,replay,4000,0.0669,1.000,0.0311,0.63
3422,es_step,4000,0.0256,1.000,0.0311,1.15
3423,replay,4000,0.0568,1.000,0.0310,0.63
3424,replay,4000,0.0082,1.000,0.0308,0.64
3425,replay,4000,-0.0103,1.000,0.0307,0.64
3426,replay,4000,0.0042,1.000,0.0303,0.63
3427,replay,4000,0.0492,1.000,0.0303,0.63
3428,replay,4000,0.0523,1.000,0.0303,0.63
3429,replay,4000,0.0093,1.000,0.0303,0.64
3430,replay,4000,0.1044,1.000,0.0304,0.63
3431,replay,4000,0.1183,1.000,0.0303,0.64
3432,replay,4000,0.0875,1.000,0.0303,0.64
3433,replay,4000,0.0065,1.000,0.0302,0.63
3434,replay,4000,-0.2463,1.000,0.0300,0.64
3435,replay,4000,0.1144,1.000,0.0301,0.64
3436,replay,4000,0.1729,1.000,0.0304,0.64
3437,es_step,4000,0.0707,1.000,0.0304,1.15
3438,replay,4000,0.1026,1.000,0.0304,0.64
3439,replay,4000,0.1150,1.000,0.0304,0.64
3440,es_step,4000,0.0483,0.938,0.0304,1.15
3441,replay,4000,0.0386,1.000,0.0303,0.64
3442,replay,4000,0.1386,1.000,0.0303,0.64
3443,replay,4000,0.1387,1.000,0.0303,0.64
3444,replay,4000,0.0846,1.000,0.0304,0.63
3445,es_step,4000,0.0510,1.000,0.0304,1.15
3446,replay,4000,0.0876,1.000,0.0305,0.63
3447,replay,4000,0.0734,1.000,0.0305,0.64
3448,replay,4000,0.0623,1.000,0.0306,0.64
3449,es_step,4000,0.0419,1.000,0.0306,1.15
3450,replay,4000,0.0441,1.000,0.0305,0.63
3451,replay,4000,0.0833,1.000,0.0305,0.63
3452,replay,4000,0.0831,1.000,0.0306,0.63
3453,replay,4000,0.0586,1.000,0.0306,0.63
3454,replay,4000,0.0702,1.000,0.0306,0.64
3455,replay,4000,-0.0435,1.000,0.0304,0.63
3456,replay,4000,0.0510,1.000,0.0304,0.64
3457,replay,4000,0.0759,1.000,0.0304,0.64
3458,replay,4000,0.0873,1.000,0.0305,0.64
3459,replay,4000,0.0589,1.000,0.0305,0.63
3460,replay,4000,0.0948,1.000,0.0305,0.64
3461,replay,4000,0.0645,1.000,0.0305,0.64
3462,es_step,4000,0.0396,1.000,0.0305,1.16
3463,replay,4000,0.0312,1.000,0.0305,0.64
3464,replay,4000,0.1170,1.000,0.0305,0.63
3465,replay,4000,0.1029,1.000,0.0304,0.64
3466,es_step,4000,0.0539,1.000,0.0304,1.15
3467,replay,4000,0.1272,1.000,0.0305,0.63
3468,replay,4000,0.0825,1.000,0.0305,0.64
3469,replay,4000,0.0691,1.000,0.0304,0.63
3470,replay,4000,0.0364,1.000,0.0303,0.64
3471,es_step,4000,0.0360,1.000,0.0303,1.16
3472,replay,4000,0.0259,1.000,0.0301,0.63
3473,replay,4000,0.0726,1.000,0.0301,0.63
3474,replay,4000,0.0688,1.000,0.0302,0.64
3475,replay,4000,0.0815,1.000,0.0302,0.64
3476,es_step,4000,0.0503,1.000,0.0302,1.16
3477,replay,4000,0.0741,1.000,0.0302,0.64
3478,replay,4000,0.0733,1.000,0.0300,0.63
3479,replay,4000,0.1073,1.000,0.0300,0.63
3480,replay,4000,0.0948,1.000,0.0301,0.64
3481,replay,4000,0.1448,1.000,0.0301,0.64
3482,replay,4000,0.1510,1.000,0.0302,0.64
3483,replay,4000,0.1067,1.000,0.0302,0.63
3484,es_step,4000,0.0444,1.000,0.0302,1.16
3485,replay,4000,0.0648,1.000,0.0302,0.64
3486,es_step,4000,0.0313,1.000,0.0302,1.16
3487,es_step,4000,0.0335,1.000,0.0302,1.15
3488,replay,4000,0.0323,1.000,0.0302,0.63
3489,replay,4000,0.0624,1.000,0.0301,0.63
3490,replay,4000,0.0961,1.000,0.0301,0.64
3491,es_step,4000,0.0237,1.000,0.0301,1.15
3492,replay,4000,0.0564,1.000,0.0300,0.63
3493,replay,4000,0.0162,1.000,0.0299,0.64
3494,replay,4000,0.0275,1.000,0.0300,0.63
3495,replay,4000,0.0690,1.000,0.0299,0.63
3496,replay,4000,0.1123,1.000,0.0299,0.63
3497,replay,4000,0.0797,1.000,0.0298,0.63
3498,replay,4000,0.1124,1.000,0.0299,0.63
3499,es_step,4000,0.0600,1.000,0.0299,1.15
3500,replay,4000,0.0824,1.000,0.0301,0.63
3501,es_step,4000,0.0423,1.000,0.0301,1.15
3502,replay,4000,-0.0996,1.000,0.0299,0.63
3503,replay,4000,0.0789,1.000,0.0301,0.64
3504,replay,4000,0.1239,1.000,0.0301,2.54
3505,replay,4000,0.1002,1.000,0.0301,0.63
3506,replay,4000,0.0984,1.000,0.0301,0.64
3507,replay,4000,0.0488,1.000,0.0299,0.64
3508,es_step,4000,0.0114,1.000,0.0299,1.16
3509,es_step,4000,0.0160,1.000,0.0299,1.16
3510,replay,4000,0.0177,1.000,0.0298,0.64
3511,replay,4000,0.0188,1.000,0.0298,0.70
3512,es_step,4000,0.0381,1.000,0.0298,1.15
3513,replay,4000,0.0210,1.000,0.0296,0.63
3514,replay,4000,0.0573,1.000,0.0297,0.64
3515,replay,4000,0.0804,1.000,0.0297,0.63
3516,replay,4000,0.0796,1.000,0.0300,0.64
3517,replay,4000,0.0097,1.000,0.0299,0.63
3518,replay,4000,0.0966,1.000,0.0299,0.63
3519,replay,4000,0.1747,1.000,0.0300,0.63
3520,replay,4000,0.1528,1.000,0.0300,0.63
3521,replay,4000,0.0784,1.000,0.0301,0.63
3522,replay,4000,0.0669,1.000,0.0301,0.63
3523,replay,4000,0.0617,1.000,0.0300,0.64
3524,es_step,4000,0.0389,1.000,0.0301,1.15
3525,es_step,4000,0.0470,1.000,0.0301,1.15
3526,replay,4000,0.0821,1.000,0.0302,0.64
3527,replay,4000,0.0706,1.000,0.0302,0.63
3528,replay,4000,0.0610,1.000,0.0302,0.63
3529,replay,4000,0.0582,1.000,0.0302,0.63
3530,es_step,4000,0.0302,1.000,0.0302,1.15
3531,replay,4000,0.0688,1.000,0.0302,0.63
3532,replay,4000,0.0295,1.000,0.0301,0.64
3533,replay,4000,0.0596,1.000,0.0300,0.63
3534,replay,4000,0.0590,1.000,0.0300,0.64
3535,es_step,4000,0.0348,1.000,0.0300,1.14
3536,replay,4000,0.0619,1.000,0.0299,0.63
3537,replay,4000,-0.0913,1.000,0.0299,0.63
3538,replay,4000,0.0588,1.000,0.0299,0.63
3539,replay,4000,0.1839,1.000,0.0300,0.63
3540,replay,4000,0.2495,1.000,0.0301,0.63
3541,es_step,4000,0.0849,1.000,0.0302,1.14
3542,replay,4000,0.1770,1.000,0.0303,0.63
3543,es_step,4000,0.0720,1.000,0.0305,1.14
3544,es_step,4000,0.0734,1.000,0.0305,1.15
3545,replay,4000,0.1501,1.000,0.0306,0.63
3546,replay,4000,0.1180,1.000,0.0306,0.63
3547,replay,4000,0.1089,1.000,0.0306,0.63
3548,replay,4000,0.0429,1.000,0.0306,0.64
3549,replay,4000,0.0684,1.000,0.0305,0.64
3550,replay,4000,0.0889,1.000,0.0305,0.64
3551,replay,4000,0.0666,1.000,0.0304,0.63
3552,replay,4000,0.0724,1.000,0.0305,0.63
3553,es_step,4000,0.0789,1.000,0.0305,1.15
3554,replay,4000,0.1017,1.000,0.0306,0.63
3555,replay,4000,0.1046,1.000,0.0306,0.63
3556,replay,4000,0.0740,1.000,0.0306,0.63
3557,replay,4000,0.0413,1.000,0.0305,0.63
3558,es_step,4000,0.0184,1.000,0.0305,1.14
3559,replay,4000,0.0302,1.000,0.0304,0.64
3560,es_step,4000,0.0174,1.000,0.0304,1.14
3561,replay,4000,0.0363,1.000,0.0303,0.63
3562,replay,4000,0.0094,1.000,0.0300,0.63
3563,replay,4000,0.0348,1.000,0.0299,0.63
3564,replay,4000,0.0471,1.000,0.0299,0.63
3565,replay,4000,0.0368,1.000,0.0299,0.63
3566,replay,4000,0.0628,1.000,0.0298,0.63
3567,replay,4000,0.0420,1.000,0.0298,0.63
3568,replay,4000,0.0785,1.000,0.0300,0.63
3569,replay,4000,0.0953,1.000,0.0300,0.63
3570,replay,4000,0.0938,1.000,0.0300,0.63
3571,replay,4000,0.1072,1.000,0.0300,0.63
3572,replay,4000,0.1190,1.000,0.0301,0.63
3573,replay,4000,0.0906,1.000,0.0300,0.63
3574,replay,4000,0.0990,1.000,0.0301,0.64
3575,es_step,4000,0.0346,1.000,0.0301,1.15
3576,replay,4000,0.0697,1.000,0.0299,0.63
3577,replay,4000,0.0717,1.000,0.0300,0.63
3578,replay,4000,0.1001,1.000,0.0301,0.64
3579,replay,4000,0.0820,1.000,0.0302,0.63
3580,es_step,4000,0.0263,1.000,0.0302,1.15
3581,es_step,4000,0.0224,1.000,0.0302,1.14
3582,replay,4000,0.0180,1.000,0.0302,0.63
3583,replay,4000,0.0881,1.000,0.0301,0.63
3584,replay,4000,0.1448,1.000,0.0304,0.63
3585,es_step,4000,0.1069,1.000,0.0309,1.14
3586,replay,4000,0.2134,1.000,0.0310,0.63
3587,replay,4000,0.1716,1.000,0.0311,0.63
3588,es_step,4000,0.0636,1.000,0.0312,1.15
3589,replay,4000,0.1181,1.000,0.0312,0.63
3590,es_step,4000,0.0497,1.000,0.0312,1.15
3591,replay,4000,0.0904,1.000,0.0312,0.63
3592,replay,4000,0.0494,1.000,0.0312,0.63
3593,replay,4000,0.0330,1.000,0.0312,0.63
3594,replay,4000,0.0280,1.000,0.0311,0.64
3595,replay,4000,0.0389,1.000,0.0310,0.63
3596,replay,4000,0.1030,1.000,0.0310,0.63
3597,replay,4000,0.0575,1.000,0.0309,0.63
3598,replay,4000,0.1547,1.000,0.0309,0.63
3599,replay,4000,0.1136,1.000,0.0311,0.63
3600,replay,4000,0.1102,1.000,0.0311,0.64
3601,replay,4000,0.0874,1.000,0.0311,0.63
3602,replay,4000,0.0256,1.000,0.0310,0.63
3603,replay,4000,0.0134,1.000,0.0309,0.64
3604,replay,4000,0.0315,1.000,0.0307,0.64
3605,replay,4000,0.0525,1.000,0.0307,0.63
3606,replay,4000,0.0120,1.000,0.0304,0.63
3607,replay,4000,0.0260,1.000,0.0302,0.64
3608,replay,4000,0.0346,1.000,0.0302,0.63
3609,es_step,4000,0.0318,1.000,0.0302,1.15
3610,replay,4000,0.0155,1.000,0.0301,0.63
3611,replay,4000,0.0324,1.000,0.0301,0.63
3612,replay,4000,0.0253,1.000,0.0300,0.63
3613,replay,4000,0.0264,1.000,0.0299,0.64
3614,es_step,4000,0.0365,1.000,0.0299,1.15
3615,replay,4000,0.0417,1.000,0.0299,0.63
3616,replay,4000,0.0320,1.000,0.0298,0.64
3617,es_step,4000,0.0306,1.000,0.0298,1.14
3618,replay,4000,0.0193,1.000,0.0297,0.63
3619,replay,4000,0.0073,1.000,0.0296,0.64
3620,replay,4000,0.0354,1.000,0.0295,0.63
3621,replay,4000,0.0462,1.000,0.0294,0.63
3622,replay,4000,0.0770,1.000,0.0294,0.63
3623,replay,4000,0.1062,1.000,0.0295,0.63
3624,replay,4000,0.1154,1.000,0.0296,0.64
3625,replay,4000,0.0666,1.000,0.0296,0.63
3626,es_step,4000,0.0083,1.000,0.0296,1.15
3627,es_step,4000,0.0030,1.000,0.0296,1.15
3628,es_step,4000,0.0023,1.000,0.0296,1.14
3629,replay,4000,0.0054,1.000,0.0294,0.64
3630,replay,4000,0.0099,1.000,0.0292,0.63
3631,replay,4000,0.0231,1.000,0.0291,0.63
3632,replay,4000,0.0344,1.000,0.0290,0.63
3633,replay,4000,0.0302,1.000,0.0289,0.63
3634,replay,4000,0.0417,1.000,0.0289,0.63
3635,es_step,4000,0.0347,1.000,0.0289,1.15
3636,replay,4000,0.0364,1.000,0.0289,0.63
3637,replay,4000,0.0467,1.000,0.0289,0.63
3638,replay,4000,0.0315,1.000,0.0288,0.63
3639,es_step,4000,0.0483,1.000,0.0288,1.15
3640,es_step,4000,0.0412,1.000,0.0288,1.15
3641,replay,4000,0.0640,1.000,0.0288,0.63
3642,replay,4000,0.0999,1.000,0.0288,0.63
3643,replay,4000,0.0783,1.000,0.0288,0.63
3644,replay,4000,0.0516,1.000,0.0288,0.64
3645,replay,4000,0.0823,1.000,0.0288,0.63
3646,replay,4000,0.0757,1.000,0.0288,0.64
3647,replay,4000,0.0595,1.000,0.0289,0.63
3648,replay,4000,0.0440,1.000,0.0288,0.63
3649,replay,4000,0.1109,1.000,0.0288,0.64
3650,replay,4000,0.1184,1.000,0.0289,0.64
3651,replay,4000,0.0811,1.000,0.0288,0.64
3652,replay,4000,0.1107,1.000,0.0290,0.63
3653,replay,4000,0.0952,1.000,0.0292,0.63
3654,replay,4000,0.0990,1.000,0.0292,0.64
3655,replay,4000,0.0913,1.000,0.0292,0.63
3656,es_step,4000,0.0664,1.000,0.0292,1.15
3657,replay,4000,0.0922,1.000,0.0293,0.63
3658,replay,4000,0.0891,1.000,0.0293,0.63
3659,replay,4000,0.0784,1.000,0.0294,0.63
3660,replay,4000,0.0614,1.000,0.0293,0.63
3661,replay,4000,0.0614,1.000,0.0293,0.63
3662,replay,4000,0.0488,1.000,0.0293,0.63
3663,replay,4000,0.0548,1.000,0.0293,0.63
3664,replay,4000,0.0671,1.000,0.0292,0.63
3665,replay,4000,0.0770,1.000,0.0292,0.63
3666,replay,4000,0.1015,1.000,0.0292,0.63
3667,replay,4000,0.1012,1.000,0.0292,0.64
3668,replay,4000,0.0826,1.000,0.0292,0.63
3669,replay,4000,0.0683,1.000,0.0292,0.63
3670,replay,4000,0.0793,1.000,0.0294,0.63
3671,replay,4000,0.1153,1.000,0.0294,0.64
3672,replay,4000,0.1024,1.000,0.0294,0.63
3673,replay,4000,0.0983,1.000,0.0294,0.63
3674,replay,4000,0.0958,1.000,0.0294,0.63
3675,replay,4000,0.0852,1.000,0.0294,0.63
3676,es_step,4000,0.0501,1.000,0.0294,1.15
3677,es_step,4000,0.0458,1.000,0.0294,1.15
3678,replay,4000,0.0732,1.000,0.0294,0.63
3679,replay,4000,0.0762,1.000,0.0294,0.63
3680,replay,4000,0.0685,1.000,0.0294,0.63
3681,replay,4000,0.0520,1.000,0.0293,0.64
3682,replay,4000,0.0302,1.000,0.0292,0.64
3683,replay,4000,0.0223,1.000,0.0291,0.64
3684,replay,4000,0.0989,1.000,0.0292,0.63
3685,replay,4000,0.0465,1.000,0.0292,0.63
3686,replay,4000,0.1110,1.000,0.0292,0.64
3687,es_step,4000,0.0524,1.000,0.0293,1.15
3688,replay,4000,0.0973,1.000,0.0293,0.64
3689,es_step,4000,0.0483,1.000,0.0293,1.15
3690,replay,4000,0.0458,1.000,0.0293,0.64
3691,replay,4000,0.0796,1.000,0.0293,0.64
3692,es_step,4000,0.0369,1.000,0.0293,1.15
3693,replay,4000,0.1014,1.000,0.0292,0.63
3694,replay,4000,0.0769,1.000,0.0292,0.63
3695,replay,4000,0.1068,1.000,0.0292,0.64
3696,es_step,4000,0.0564,1.000,0.0293,1.15
3697,es_step,4000,0.0564,1.000,0.0293,1.15
3698,replay,4000,0.1012,1.000,0.0293,0.63
3699,replay,4000,0.1115,1.000,0.0294,0.63
3700,es_step,4000,0.0624,1.000,0.0294,1.15
3701,es_step,4000,0.0635,1.000,0.0294,1.15
3702,replay,4000,0.1053,1.000,0.0295,0.63
3703,replay,4000,0.1104,1.000,0.0296,0.64
3704,replay,4000,0.1625,1.000,0.0295,0.64
3705,es_step,4000,0.0532,1.000,0.0295,1.15
3706,replay,4000,0.1732,1.000,0.0296,0.63
3707,replay,4000,0.1298,1.000,0.0297,0.63
3708,replay,4000,0.1418,1.000,0.0298,0.63
3709,replay,4000,0.1672,1.000,0.0299,0.63
3710,replay,4000,0.1526,1.000,0.0301,0.63
3711,replay,4000,0.1119,1.000,0.0301,0.63
3712,replay,4000,0.1058,1.000,0.0301,0.63
3713,replay,4000,0.0733,1.000,0.0301,0.63
3714,replay,4000,0.0855,1.000,0.0301,0.63
3715,replay,4000,0.0714,1.000,0.0302,0.63
3716,es_step,4000,0.0489,1.000,0.0302,1.15
3717,replay,4000,0.0799,1.000,0.0302,0.63
3718,replay,4000,0.0720,1.000,0.0302,0.64
3719,replay,4000,0.1102,1.000,0.0303,0.63
3720,replay,4000,0.0991,1.000,0.0303,0.64
3721,replay,4000,0.0736,1.000,0.0304,0.64
3722,replay,4000,0.0713,1.000,0.0304,0.63
3723,es_step,4000,0.0516,1.000,0.0304,1.15
3724,replay,4000,0.0551,1.000,0.0304,0.63
3725,replay,4000,0.0568,1.000,0.0304,0.63
3726,replay,4000,0.0757,1.000,0.0304,0.63
3727,replay,4000,0.0227,1.000,0.0304,0.63
3728,replay,4000,0.0611,1.000,0.0304,0.63
3729,replay,4000,0.0446,1.000,0.0303,0.63
3730,replay,4000,0.0764,1.000,0.0303,0.64
3731,es_step,4000,0.0598,0.938,0.0303,1.15
3732,replay,4000,0.0658,1.000,0.0305,0.63
3733,replay,4000,0.0693,1.000,0.0306,0.63
3734,replay,4000,0.0978,1.000,0.0308,0.63
3735,replay,4000,0.0651,1.000,0.0307,0.63
3736,replay,4000,0.0507,1.000,0.0307,0.63
3737,replay,4000,0.0942,1.000,0.0308,0.63
3738,replay,4000,0.0848,1.000,0.0306,0.64
3739,replay,4000,0.0896,1.000,0.0305,0.63
3740,es_step,4000,0.0442,1.000,0.0305,1.15
3741,replay,4000,0.0829,1.000,0.0306,0.63
3742,replay,4000,0.0954,1.000,0.0306,0.63
3743,replay,4000,0.0444,1.000,0.0304,0.63
3744,replay,4000,0.0345,1.000,0.0303,0.63
3745,replay,4000,0.0062,1.000,0.0302,0.63
3746,es_step,4000,-0.0046,0.938,0.0302,1.15
3747,replay,4000,-0.0051,1.000,0.0301,0.63
3748,es_step,4000,0.0187,1.000,0.0301,1.15
3749,es_step,4000,0.0260,1.000,0.0301,1.15
3750,replay,4000,0.0153,1.000,0.0299,0.63
3751,es_step,4000,0.0530,1.000,0.0299,1.15
3752,replay,4000,0.0528,1.000,0.0300,0.63
3753,es_step,4000,0.0552,1.000,0.0300,1.15
3754,replay,4000,0.0769,1.000,0.0300,0.63
3755,replay,4000,0.0469,1.000,0.0298,0.63
3756,replay,4000,0.0430,1.000,0.0298,0.63
3757,replay,4000,0.0719,1.000,0.0298,0.63
3758,replay,4000,0.1462,1.000,0.0299,0.64
3759,replay,4000,0.1403,1.000,0.0303,0.63
3760,es_step,4000,0.1039,1.000,0.0309,1.15
3761,replay,4000,0.1557,1.000,0.0309,0.63
3762,replay,4000,0.1269,1.000,0.0310,0.63
3763,replay,4000,0.1049,1.000,0.0312,0.63
3764,replay,4000,0.0722,1.000,0.0312,0.63
3765,es_step,4000,0.0366,1.000,0.0312,1.14
3766,replay,4000,0.0570,1.000,0.0311,0.62
3767,replay,4000,0.0472,1.000,0.0310,0.63
3768,replay,4000,0.0098,1.000,0.0309,0.63
3769,replay,4000,0.0189,1.000,0.0307,0.63
3770,replay,4000,0.0230,1.000,0.0307,0.63
3771,replay,4000,0.0489,1.000,0.0306,0.63
3772,replay,4000,0.0417,1.000,0.0306,0.63
3773,replay,4000,0.0307,1.000,0.0305,0.63
3774,replay,4000,0.0325,1.000,0.0304,0.63
3775,replay,4000,0.0300,1.000,0.0304,0.64
3776,replay,4000,0.0243,1.000,0.0302,0.63
3777,replay,4000,-0.0457,1.000,0.0302,0.63
3778,replay,4000,0.0570,1.000,0.0302,0.64
3779,replay,4000,0.0782,1.000,0.0301,0.64
3780,replay,4000,0.0935,1.000,0.0303,0.63
3781,replay,4000,0.1391,1.000,0.0303,0.63
3782,replay,4000,0.1185,1.000,0.0302,0.64
3783,replay,4000,0.0904,1.000,0.0302,0.63
3784,es_step,4000,0.0247,1.000,0.0302,1.16
3785,es_step,4000,0.0155,1.000,0.0302,1.15
3786,replay,4000,0.0703,1.000,0.0300,0.63
3787,replay,4000,0.0414,1.000,0.0299,0.64
3788,es_step,4000,0.0202,1.000,0.0299,1.15
3789,replay,4000,0.0232,1.000,0.0298,0.64
3790,replay,4000,0.0557,1.000,0.0297,0.64
3791,replay,4000,0.0400,1.000,0.0297,0.64
3792,replay,4000,0.0689,1.000,0.0298,0.64
3793,replay,4000,0.1095,1.000,0.0298,0.64
3794,es_step,4000,0.0518,1.000,0.0298,1.15
3795,es_step,4000,0.0478,1.000,0.0298,1.15
3796,replay,4000,0.0759,1.000,0.0298,0.63
3797,es_step,4000,0.0452,1.000,0.0298,1.15
3798,replay,4000,0.0716,1.000,0.0297,0.63
3799,replay,4000,0.0859,1.000,0.0298,0.63
3800,es_step,4000,0.0851,1.000,0.0302,1.14
3801,es_step,4000,0.0856,1.000,0.0304,1.14
3802,replay,4000,0.1350,1.000,0.0305,0.63
3803,replay,4000,0.1405,1.000,0.0306,0.63
3804,replay,4000,0.1273,1.000,0.0306,2.57
3805,replay,4000,0.0868,1.000,0.0306,0.63
3806,replay,4000,0.0381,1.000,0.0307,0.63
3807,es_step,4000,0.0023,1.000,0.0307,1.15
3808,replay,4000,0.0199,1.000,0.0306,0.63
3809,replay,4000,0.0126,1.000,0.0304,0.64
3810,replay,4000,0.0497,1.000,0.0303,0.63
3811,replay,4000,0.0517,1.000,0.0303,0.64
3812,es_step,4000,0.0342,1.000,0.0303,1.15
3813,replay,4000,0.0248,1.000,0.0303,0.63
3814,replay,4000,0.0719,1.000,0.0303,0.63
3815,es_step,4000,0.0372,1.000,0.0303,1.15
3816,replay,4000,0.0289,1.000,0.0302,0.63
3817,replay,4000,0.0258,1.000,0.0301,0.63
3818,replay,4000,0.0414,1.000,0.0300,0.63
3819,replay,4000,0.0300,1.000,0.0301,0.63
3820,replay,4000,0.0280,1.000,0.0300,0.63
3821,replay,4000,0.0190,1.000,0.0299,0.63
3822,replay,4000,0.0328,1.000,0.0298,0.63
3823,replay,4000,0.0445,1.000,0.0297,0.63
3824,replay,4000,0.0200,1.000,0.0295,0.64
3825,replay,4000,0.0388,1.000,0.0295,0.64
3826,replay,4000,0.0805,1.000,0.0295,0.63
3827,replay,4000,0.0711,1.000,0.0295,0.63
3828,replay,4000,0.0645,1.000,0.0297,0.63
3829,replay,4000,0.0912,1.000,0.0297,0.63
3830,replay,4000,0.0785,1.000,0.0297,0.63
3831,replay,4000,0.0715,1.000,0.0296,0.63
3832,replay,4000,0.0895,1.000,0.0296,0.64
3833,replay,4000,0.1069,1.000,0.0297,0.63
3834,replay,4000,0.0763,1.000,0.0296,0.63
3835,replay,4000,0.0256,1.000,0.0296,0.64
3836,replay,4000,0.0978,1.000,0.0296,0.64
3837,replay,4000,0.1014,1.000,0.0296,0.63
3838,replay,4000,0.1078,1.000,0.0297,0.63
3839,replay,4000,0.1033,1.000,0.0298,0.63
3840,es_step,4000,0.0419,1.000,0.0298,1.15
3841,replay,4000,0.0614,1.000,0.0298,0.63
3842,replay,4000,0.0561,1.000,0.0297,0.64
3843,es_step,4000,0.0204,1.000,0.0297,1.15
3844,replay,4000,0.0223,1.000,0.0298,0.63
3845,replay,4000,0.0560,1.000,0.0297,0.64
3846,replay,4000,0.0393,1.000,0.0296,0.64
3847,es_step,4000,0.0328,1.000,0.0296,1.15
3848,replay,4000,0.0560,1.000,0.0296,0.63
3849,replay,4000,0.0539,1.000,0.0295,0.64
3850,replay,4000,0.1019,1.000,0.0295,0.63
3851,replay,4000,0.0687,1.000,0.0294,0.63
3852,replay,4000,0.0649,1.000,0.0293,0.63
3853,replay,4000,0.0521,1.000,0.0292,0.65
3854,replay,4000,0.0435,1.000,0.0291,0.63
3855,replay,4000,0.0261,1.000,0.0290,0.63
3856,es_step,4000,0.0066,1.000,0.0290,1.15
3857,replay,4000,0.0262,1.000,0.0291,0.63
3858,es_step,4000,0.0183,1.000,0.0291,1.15
3859,replay,4000,0.0534,1.000,0.0291,0.63
3860,es_step,4000,0.0488,1.000,0.0291,1.14
3861,es_step,4000,0.0424,1.000,0.0291,1.15
3862,replay,4000,0.0720,1.000,0.0291,0.64
3863,replay,4000,0.0720,1.000,0.0291,0.64
3864,replay,4000,0.0620,1.000,0.0291,0.64
3865,replay,4000,0.0236,1.000,0.0289,0.64
3866,replay,4000,0.0479,1.000,0.0288,0.63
3867,replay,4000,0.0641,1.000,0.0288,0.63
3868,replay,4000,0.1157,1.000,0.0288,0.63
3869,replay,4000,0.1293,1.000,0.0289,0.63
3870,replay,4000,0.1278,1.000,0.0289,0.63
3871,replay,4000,0.1346,1.000,0.0290,0.63
3872,replay,4000,0.1246,1.000,0.0291,0.63
3873,replay,4000,0.1063,1.000,0.0293,0.63
3874,replay,4000,0.0889,1.000,0.0293,0.63
3875,replay,4000,0.1107,1.000,0.0294,0.63
3876,replay,4000,0.0947,1.000,0.0295,0.63
3877,replay,4000,0.0922,1.000,0.0295,0.64
3878,es_step,4000,0.0300,1.000,0.0295,1.16
3879,es_step,4000,0.0296,1.000,0.0295,1.15
3880,replay,4000,0.0699,1.000,0.0295,0.63
3881,es_step,4000,0.0116,1.000,0.0295,1.15
3882,es_step,4000,0.0252,1.000,0.0295,1.15
3883,replay,4000,0.0568,1.000,0.0295,0.64
3884,replay,4000,0.0407,1.000,0.0294,0.64
3885,replay,4000,0.0267,1.000,0.0294,0.64
3886,replay,4000,0.0287,1.000,0.0293,0.64
3887,es_step,4000,0.0022,1.000,0.0293,1.15
3888,replay,4000,0.0335,1.000,0.0293,0.63
3889,replay,4000,0.0186,1.000,0.0293,0.63
3890,replay,4000,0.0247,1.000,0.0291,0.64
3891,replay,4000,0.0813,1.000,0.0293,0.64
3892,replay,4000,0.1092,1.000,0.0295,0.64
3893,es_step,4000,0.0718,1.000,0.0295,1.15
3894,replay,4000,0.1219,1.000,0.0296,0.64
3895,replay,4000,0.1013,1.000,0.0297,0.64
3896,replay,4000,0.0972,1.000,0.0298,0.63
3897,replay,4000,0.0574,1.000,0.0296,0.64
3898,es_step,4000,0.0146,1.000,0.0296,1.15
3899,replay,4000,0.0486,1.000,0.0295,0.64
3900,replay,4000,0.0263,1.000,0.0294,0.63
3901,es_step,4000,0.0038,1.000,0.0294,1.15
3902,replay,4000,0.0343,1.000,0.0293,0.63
3903,replay,4000,0.0437,1.000,0.0292,0.63
3904,es_step,4000,0.0269,1.000,0.0292,1.14
3905,replay,4000,0.0248,1.000,0.0290,0.63
3906,replay,4000,0.0550,1.000,0.0290,0.65
3907,replay,4000,0.0574,1.000,0.0290,0.63
3908,replay,4000,0.0529,1.000,0.0289,0.63
3909,replay,4000,0.0374,1.000,0.0289,0.63
3910,es_step,4000,0.0427,1.000,0.0289,1.16
3911,es_step,4000,0.0318,1.000,0.0289,1.15
3912,replay,4000,0.0567,1.000,0.0289,0.63
3913,es_step,4000,0.0470,1.000,0.0289,1.15
3914,replay,4000,0.0713,1.000,0.0289,0.63
3915,es_step,4000,0.0621,1.000,0.0289,1.15
3916,es_step,4000,0.0467,1.000,0.0289,1.15
3917,replay,4000,0.0783,1.000,0.0290,0.63
3918,replay,4000,0.0853,1.000,0.0290,0.63
3919,replay,4000,0.0811,1.000,0.0290,0.63
3920,replay,4000,0.0509,1.000,0.0288,0.63
3921,replay,4000,0.0579,1.000,0.0288,0.63
3922,replay,4000,0.0252,1.000,0.0286,0.63
3923,replay,4000,0.0084,1.000,0.0285,0.63
3924,replay,4000,0.0273,1.000,0.0284,0.63
3925,es_step,4000,0.0188,1.000,0.0285,1.16
3926,replay,4000,0.0380,1.000,0.0285,0.63
3927,replay,4000,0.0391,1.000,0.0284,0.63
3928,replay,4000,0.0313,1.000,0.0283,0.64
3929,replay,4000,0.0600,1.000,0.0283,0.64
3930,replay,4000,0.0405,1.000,0.0283,0.64
3931,replay,4000,0.0268,1.000,0.0283,0.64
3932,replay,4000,0.0631,1.000,0.0281,0.64
3933,es_step,4000,0.0430,1.000,0.0283,1.15
3934,es_step,4000,0.0328,1.000,0.0283,1.15
3935,es_step,4000,0.0352,1.000,0.0283,1.15
3936,replay,4000,0.0941,1.000,0.0283,0.63
3937,es_step,4000,0.0776,1.000,0.0286,1.15
3938,replay,4000,0.1658,1.000,0.0288,0.64
3939,replay,4000,0.1581,1.000,0.0289,0.64
3940,replay,4000,0.1858,1.000,0.0293,0.64
3941,replay,4000,0.2245,1.000,0.0295,0.64
3942,replay,4000,0.1799,1.000,0.0296,0.64
3943,replay,4000,0.1496,1.000,0.0297,0.64
3944,replay,4000,0.1500,1.000,0.0298,0.63
3945,replay,4000,0.1278,1.000,0.0299,0.63
3946,replay,4000,0.0759,1.000,0.0299,0.63
3947,replay,4000,0.0476,1.000,0.0298,0.64
3948,replay,4000,0.0465,1.000,0.0297,0.64
3949,replay,4000,0.0595,1.000,0.0296,0.63
3950,replay,4000,0.0302,1.000,0.0295,0.64
3951,replay,4000,0.0345,1.000,0.0294,0.64
3952,replay,4000,0.0404,1.000,0.0295,0.64
3953,replay,4000,0.0433,1.000,0.0294,0.64
3954,replay,4000,0.0433,1.000,0.0294,0.64
3955,replay,4000,0.0433,1.000,0.0294,0.64
3956,replay,4000,0.0286,1.000,0.0293,0.64
3957,replay,4000,0.0522,1.000,0.0292,0.64
3958,replay,4000,0.0452,1.000,0.0291,0.64
3959,replay,4000,0.0596,1.000,0.0292,0.64
3960,replay,4000,-0.1570,1.000,0.0291,0.64
3961,replay,4000,0.0481,1.000,0.0291,0.64
3962,replay,4000,0.0603,1.000,0.0292,0.64
3963,replay,4000,0.0656,1.000,0.0293,0.64
3964,replay,4000,0.0530,1.000,0.0294,0.64
3965,replay,4000,0.0856,1.000,0.0293,0.64
3966,replay,4000,0.1182,1.000,0.0292,0.64
3967,replay,4000,0.0946,1.000,0.0291,0.64
3968,replay,4000,0.0518,1.000,0.0291,0.63
3969,replay,4000,0.0621,1.000,0.0290,0.64
3970,replay,4000,0.0661,1.000,0.0290,0.64
3971,replay,4000,0.0605,1.000,0.0291,0.64
3972,replay,4000,0.0235,1.000,0.0290,0.65
3973,replay,4000,0.0703,1.000,0.0294,0.65
3974,replay,4000,0.1824,1.000,0.0296,0.65
3975,replay,4000,0.2194,1.000,0.0299,0.65
3976,replay,4000,0.2002,1.000,0.0300,0.65
3977,replay,4000,0.2166,1.000,0.0302,0.65
3978,replay,4000,0.2205,1.000,0.0306,0.65
3979,replay,4000,0.1569,1.000,0.0306,0.65
3980,replay,4000,0.1695,1.000,0.0307,0.65
3981,replay,4000,0.1284,1.000,0.0308,0.65
3982,replay,4000,0.0984,1.000,0.0308,0.65
3983,replay,4000,0.1116,1.000,0.0308,0.65
3984,replay,4000,0.1178,1.000,0.0309,0.65
3985,replay,4000,0.1056,1.000,0.0309,0.65
3986,replay,4000,0.0983,1.000,0.0310,0.65
3987,replay,4000,0.0970,1.000,0.0310,0.65
3988,replay,4000,0.0664,1.000,0.0309,0.65
3989,replay,4000,0.0418,1.000,0.0308,0.65
3990,replay,4000,0.0117,1.000,0.0305,0.64
3991,replay,4000,0.0141,1.000,0.0304,0.65
3992,replay,4000,0.1044,1.000,0.0304,0.64
3993,replay,4000,0.1183,1.000,0.0305,0.63
3994,es_step,4000,0.0770,1.000,0.0305,1.16
3995,replay,4000,0.1075,1.000,0.0307,0.63
3996,es_step,4000,0.0857,1.000,0.0307,1.16
3997,replay,4000,0.1180,1.000,0.0308,0.63
3998,replay,4000,0.1127,1.000,0.0308,0.64
3999,es_step,4000,0.0373,1.000,0.0308,1.17
4000,replay,4000,0.0605,1.000,0.0307,0.66
4001,es_step,4000,0.0208,1.000,0.0307,1.19
4002,replay,4000,0.0517,1.000,0.0308,0.65
4003,replay,4000,0.0902,1.000,0.0308,0.65
4004,es_step,4000,0.0359,1.000,0.0308,1.18
4005,replay,4000,0.0724,1.000,0.0308,0.64
4006,replay,4000,0.0519,1.000,0.0308,0.65
4007,replay,4000,0.0806,1.000,0.0307,0.64
4008,replay,4000,0.1062,1.000,0.0308,0.64
4009,replay,4000,0.1228,1.000,0.0308,0.64
4010,replay,4000,0.1320,1.000,0.0310,0.64
4011,replay,4000,0.1913,1.000,0.0311,0.65
4012,replay,4000,0.1979,1.000,0.0312,0.65
4013,replay,4000,0.1700,1.000,0.0313,0.65
4014,es_step,4000,0.0628,1.000,0.0313,1.18
4015,es_step,4000,0.0665,1.000,0.0313,1.17
4016,replay,4000,0.1262,1.000,0.0314,0.64
4017,es_step,4000,0.0397,1.000,0.0314,1.17
4018,replay,4000,0.0744,1.000,0.0312,0.64
4019,es_step,4000,0.0342,1.000,0.0312,1.17
4020,replay,4000,0.0466,1.000,0.0312,0.64
4021,replay,4000,0.0765,1.000,0.0312,0.65
4022,es_step,4000,0.0426,1.000,0.0313,1.16
4023,replay,4000,0.0490,1.000,0.0313,0.64
4024,es_step,4000,0.0518,1.000,0.0313,1.17
4025,es_step,4000,0.0516,1.000,0.0313,1.17
4026,replay,4000,0.1080,1.000,0.0314,0.65
4027,replay,4000,0.0919,1.000,0.0314,0.65
4028,replay,4000,0.0346,1.000,0.0313,0.65
4029,replay,4000,0.0178,1.000,0.0312,0.65
4030,replay,4000,0.0031,1.000,0.0310,0.65
4031,es_step,4000,-0.0005,1.000,0.0310,1.18
4032,replay,4000,-0.0094,1.000,0.0308,0.65
4033,replay,4000,0.0095,1.000,0.0306,0.65
4034,replay,4000,0.0452,1.000,0.0306,0.65
4035,replay,4000,0.0875,1.000,0.0307,0.65
4036,replay,4000,0.1075,1.000,0.0307,0.65
4037,replay,4000,0.0962,1.000,0.0307,0.65
4038,replay,4000,0.0866,1.000,0.0309,0.66
4039,replay,4000,0.0476,1.000,0.0308,0.65
4040,replay,4000,-0.0029,1.000,0.0306,0.65
4041,replay,4000,-0.0149,1.000,0.0304,0.65
4042,replay,4000,0.0016,1.000,0.0303,0.65
4043,replay,4000,0.0664,1.000,0.0303,0.65
4044,replay,4000,0.0582,1.000,0.0304,0.66
4045,replay,4000,0.0833,1.000,0.0305,0.65
4046,replay,4000,0.0714,1.000,0.0305,0.65
4047,replay,4000,0.0555,1.000,0.0304,0.65
4048,replay,4000,0.0631,1.000,0.0303,0.66
4049,replay,4000,0.0657,1.000,0.0304,0.66
4050,es_step,4000,0.0410,1.000,0.0304,1.19
4051,replay,4000,0.0877,1.000,0.0304,0.65
4052,replay,4000,0.0808,1.000,0.0304,0.65
4053,replay,4000,0.0811,1.000,0.0304,0.66
4054,replay,4000,0.0693,1.000,0.0304,0.66
4055,replay,4000,0.0415,1.000,0.0304,0.65
4056,es_step,4000,0.0323,1.000,0.0304,1.19
4057,replay,4000,0.0438,1.000,0.0303,0.66
4058,replay,4000,0.0717,1.000,0.0302,0.66
4059,replay,4000,0.0433,1.000,0.0301,0.66
4060,replay,4000,0.0546,1.000,0.0301,0.66
4061,replay,4000,0.0216,1.000,0.0301,0.66
4062,replay,4000,0.0658,1.000,0.0301,0.66
4063,replay,4000,0.0379,1.000,0.0300,0.65
4064,replay,4000,0.0306,1.000,0.0300,0.65
4065,replay,4000,0.0292,1.000,0.0300,0.65
4066,replay,4000,0.0543,1.000,0.0300,0.65
4067,replay,4000,0.0609,1.000,0.0300,0.66
4068,replay,4000,0.0628,1.000,0.0300,0.66
4069,replay,4000,0.0205,1.000,0.0299,0.65
4070,es_step,4000,0.0258,1.000,0.0299,1.18
4071,replay,4000,-0.0473,1.000,0.0298,0.65
4072,es_step,4000,0.0562,1.000,0.0299,1.19
4073,replay,4000,0.0487,1.000,0.0299,0.65
4074,replay,4000,0.1146,1.000,0.0301,0.65
4075,replay,4000,0.1149,1.000,0.0301,0.65
4076,replay,4000,0.0856,1.000,0.0302,0.66
4077,replay,4000,0.0749,1.000,0.0303,0.65
4078,replay,4000,0.0627,1.000,0.0302,0.65
4079,replay,4000,0.0546,1.000,0.0301,0.65
4080,es_step,4000,0.0209,1.000,0.0301,1.18
4081,replay,4000,0.0650,1.000,0.0301,0.65
4082,es_step,4000,0.0303,1.000,0.0301,1.18
4083,replay,4000,0.0486,1.000,0.0300,0.65
4084,replay,4000,0.0657,1.000,0.0301,0.65
4085,replay,4000,0.0666,1.000,0.0300,0.65
4086,replay,4000,0.0048,1.000,0.0299,0.65
4087,replay,4000,-0.0128,1.000,0.0297,0.65
4088,replay,4000,0.0599,1.000,0.0296,0.66
4089,replay,4000,0.0563,1.000,0.0296,0.65
4090,replay,4000,-0.0231,1.000,0.0293,0.65
4091,replay,4000,0.0454,1.000,0.0293,0.65
4092,es_step,4000,0.0265,1.000,0.0293,1.18
4093,replay,4000,0.0559,1.000,0.0294,0.65
4094,replay,4000,0.0747,1.000,0.0295,0.65
4095,es_step,4000,0.0282,1.000,0.0295,1.17
4096,replay,4000,0.0422,1.000,0.0295,0.65
4097,replay,4000,0.0729,1.000,0.0294,0.65
4098,replay,4000,0.0035,1.000,0.0294,0.65
4099,replay,4000,0.0814,1.000,0.0294,0.65
4100,replay,4000,0.0771,1.000,0.0294,0.66
4101,replay,4000,0.1380,1.000,0.0294,0.66
4102,replay,4000,0.1484,1.000,0.0295,0.65
4103,replay,4000,0.1248,1.000,0.0296,0.66
4104,es_step,4000,0.0627,1.000,0.0296,1.18
4105,replay,4000,0.0760,1.000,0.0296,0.65
4106,replay,4000,0.0522,1.000,0.0296,0.66
4107,replay,4000,0.0260,1.000,0.0295,0.66
4108,replay,4000,0.0329,1.000,0.0293,0.66
4109,replay,4000,0.0129,1.000,0.0292,0.65
4110,replay,4000,0.0208,1.000,0.0291,0.66
4111,replay,4000,0.0121,1.000,0.0288,0.65
4112,replay,4000,0.0510,1.000,0.0290,0.65
4113,es_step,4000,0.0599,1.000,0.0290,3.17
4114,replay,4000,0.1076,1.000,0.0290,0.65
4115,es_step,4000,0.0621,1.000,0.0291,1.18
4116,replay,4000,0.0799,1.000,0.0293,0.65
4117,replay,4000,0.1308,1.000,0.0293,0.65
4118,es_step,4000,0.0441,1.000,0.0294,1.18
4119,replay,4000,0.1066,1.000,0.0293,0.65
4120,es_step,4000,0.0496,1.000,0.0293,1.18
4121,es_step,4000,0.0510,1.000,0.0293,1.17
4122,replay,4000,0.0845,1.000,0.0294,0.65
4123,replay,4000,0.0695,1.000,0.0293,0.65
4124,replay,4000,0.0451,1.000,0.0293,0.65
4125,replay,4000,0.0536,1.000,0.0294,0.65
4126,es_step,4000,0.0220,1.000,0.0294,1.18
4127,es_step,4000,0.0243,1.000,0.0294,1.18
4128,es_step,4000,0.0225,1.000,0.0294,1.18
4129,replay,4000,0.0491,1.000,0.0294,0.65
4130,replay,4000,0.0472,1.000,0.0294,0.65
4131,replay,4000,0.0515,1.000,0.0293,0.65
4132,replay,4000,0.0454,1.000,0.0293,0.65
4133,replay,4000,0.0521,1.000,0.0293,0.66
4134,replay,4000,0.0722,1.000,0.0293,0.66
4135,replay,4000,0.0511,1.000,0.0293,0.65
4136,replay,4000,0.0586,1.000,0.0293,0.65
4137,replay,4000,0.0866,1.000,0.0294,0.65
4138,es_step,4000,0.0351,1.000,0.0294,1.18
4139,es_step,4000,0.0360,1.000,0.0294,1.17
4140,replay,4000,0.0586,1.000,0.0293,0.65
4141,replay,4000,0.0673,1.000,0.0293,0.65
4142,replay,4000,0.0597,1.000,0.0294,0.66
4143,replay,4000,0.0720,1.000,0.0294,0.65
4144,replay,4000,0.0719,1.000,0.0294,0.65
4145,replay,4000,0.0645,1.000,0.0294,0.65
4146,replay,4000,0.0001,1.000,0.0293,0.65
4147,replay,4000,0.0238,1.000,0.0292,0.65
4148,replay,4000,0.0434,1.000,0.0291,0.65
4149,replay,4000,0.0249,1.000,0.0290,0.65
4150,es_step,4000,0.0303,1.000,0.0290,1.17
4151,es_step,4000,0.0281,1.000,0.0290,1.17
4152,replay,4000,0.0445,1.000,0.0290,0.65
4153,replay,4000,0.0535,1.000,0.0291,0.65
4154,replay,4000,0.0759,1.000,0.0293,0.65
4155,replay,4000,0.0526,1.000,0.0293,0.65
4156,es_step,4000,0.0510,1.000,0.0293,1.18
4157,replay,4000,0.0814,1.000,0.0293,0.65
4158,replay,4000,0.0738,1.000,0.0294,0.65
4159,replay,4000,0.0838,1.000,0.0294,0.65
4160,replay,4000,0.0633,1.000,0.0296,0.66
4161,replay,4000,0.0258,1.000,0.0294,0.65
4162,replay,4000,0.0174,1.000,0.0294,0.65
4163,replay,4000,0.0152,1.000,0.0292,0.65
4164,replay,4000,0.0238,1.000,0.0292,0.66
4165,replay,4000,0.0842,1.000,0.0292,0.65
4166,replay,4000,0.0738,1.000,0.0292,0.65
4167,es_step,4000,0.0426,1.000,0.0292,1.18
4168,replay,4000,0.0782,1.000,0.0292,0.64
4169,replay,4000,0.0783,1.000,0.0292,0.65
4170,replay,4000,0.0355,1.000,0.0292,0.65
4171,replay,4000,0.0811,1.000,0.0292,0.65
4172,replay,4000,0.0897,1.000,0.0292,0.65
4173,replay,4000,0.0626,1.000,0.0292,0.65
4174,replay,4000,0.0379,1.000,0.0292,0.66
4175,replay,4000,0.0098,1.000,0.0290,0.65
4176,replay,4000,0.0731,1.000,0.0289,0.66
4177,replay,4000,0.0719,1.000,0.0290,0.65
4178,replay,4000,0.1287,1.000,0.0291,0.65
4179,es_step,4000,0.0656,1.000,0.0291,1.19
4180,replay,4000,0.1052,1.000,0.0292,0.65
4181,replay,4000,0.0730,1.000,0.0292,0.66
4182,replay,4000,0.1009,1.000,0.0293,0.65
4183,es_step,4000,0.0740,1.000,0.0294,1.19
4184,replay,4000,0.1110,1.000,0.0295,0.65
4185,replay,4000,0.1069,1.000,0.0295,0.65
4186,replay,4000,0.0896,1.000,0.0296,0.65
4187,es_step,4000,0.0472,1.000,0.0296,1.18
4188,es_step,4000,0.0494,1.000,0.0296,1.18
4189,replay,4000,0.0688,1.000,0.0296,0.65
4190,replay,4000,0.0426,1.000,0.0295,0.65
4191,replay,4000,0.0702,1.000,0.0294,0.65
4192,replay,4000,0.1458,1.000,0.0295,0.65
4193,replay,4000,0.1562,1.000,0.0297,0.65
4194,replay,4000,0.1172,1.000,0.0298,0.65
4195,replay,4000,0.1060,1.000,0.0298,0.65
4196,replay,4000,0.0737,1.000,0.0297,0.65
4197,replay,4000,0.0669,1.000,0.0298,0.65
4198,replay,4000,0.0469,1.000,0.0298,0.65
4199,replay,4000,0.0701,1.000,0.0298,0.66
4200,replay,4000,0.1022,1.000,0.0300,0.65
4201,replay,4000,0.0943,1.000,0.0302,0.65
4202,replay,4000,0.0819,1.000,0.0302,0.65
4203,es_step,4000,0.0399,1.000,0.0302,1.18
4204,replay,4000,0.0773,1.000,0.0303,0.65
4205,replay,4000,0.0282,1.000,0.0302,0.66
4206,es_step,4000,0.0231,1.000,0.0302,1.18
4207,replay,4000,0.0375,1.000,0.0301,0.65
4208,replay,4000,0.0470,1.000,0.0301,0.65
4209,replay,4000,0.0633,1.000,0.0301,0.65
4210,replay,4000,0.0592,1.000,0.0300,0.65
4211,replay,4000,0.0646,1.000,0.0300,0.65
4212,replay,4000,0.0268,1.000,0.0299,0.65
4213,replay,4000,0.0408,1.000,0.0299,0.65
4214,replay,4000,0.0388,1.000,0.0298,0.65
4215,replay,4000,0.0651,1.000,0.0299,0.65
4216,replay,4000,0.0764,1.000,0.0299,0.65
4217,replay,4000,0.0725,1.000,0.0298,0.65
4218,es_step,4000,0.0543,1.000,0.0298,1.18
4219,replay,4000,0.0797,1.000,0.0299,0.65
4220,es_step,4000,0.0565,1.000,0.0299,1.18
4221,replay,4000,0.0763,1.000,0.0299,0.65
4222,replay,4000,0.0446,1.000,0.0297,0.65
4223,replay,4000,0.0275,1.000,0.0297,0.65
4224,replay,4000,0.0566,1.000,0.0296,0.65
4225,es_step,4000,0.0347,1.000,0.0296,1.18
4226,replay,4000,0.0354,1.000,0.0296,0.65
4227,replay,4000,0.0606,1.000,0.0296,0.65
4228,replay,4000,0.0929,1.000,0.0296,0.65
4229,replay,4000,0.0755,1.000,0.0297,0.65
4230,replay,4000,0.0493,1.000,0.0297,0.65
4231,replay,4000,0.1240,1.000,0.0299,0.65
4232,replay,4000,0.1482,1.000,0.0301,0.65
4233,replay,4000,0.1216,1.000,0.0304,0.66
4234,replay,4000,0.0868,1.000,0.0304,0.65
4235,replay,4000,0.0935,1.000,0.0305,0.65
4236,es_step,4000,0.0606,1.000,0.0305,1.18
4237,es_step,4000,0.0605,1.000,0.0305,1.18
4238,replay,4000,0.0757,1.000,0.0305,0.65
4239,replay,4000,0.0906,1.000,0.0305,0.65
4240,es_step,4000,0.0420,1.000,0.0305,1.18
4241,replay,4000,0.0533,1.000,0.0304,0.65
4242,replay,4000,0.0297,1.000,0.0303,0.65
4243,replay,4000,0.0231,1.000,0.0303,0.65
4244,replay,4000,0.0394,1.000,0.0302,0.65
4245,replay,4000,0.0422,1.000,0.0301,0.65
4246,replay,4000,0.0264,1.000,0.0301,0.65
4247,es_step,4000,0.0140,1.000,0.0301,1.18
4248,replay,4000,0.0319,1.000,0.0299,0.65
4249,replay,4000,0.0310,1.000,0.0299,0.65
4250,es_step,4000,0.0347,1.000,0.0299,1.18
4251,replay,4000,0.0379,1.000,0.0299,0.65
4252,replay,4000,0.0478,1.000,0.0298,0.65
4253,replay,4000,0.0442,1.000,0.0298,0.65
4254,es_step,4000,0.0219,1.000,0.0298,1.18
4255,replay,4000,0.0309,1.000,0.0298,0.65
4256,replay,4000,0.0549,1.000,0.0298,0.65
4257,replay,4000,0.0594,1.000,0.0298,0.66
4258,replay,4000,0.0697,1.000,0.0298,0.66
4259,replay,4000,0.0530,1.000,0.0298,0.66
4260,replay,4000,0.0435,1.000,0.0300,0.66
4261,es_step,4000,0.0474,1.000,0.0300,1.19
4262,replay,4000,0.1020,1.000,0.0300,0.66
4263,replay,4000,0.0935,1.000,0.0302,0.66
4264,replay,4000,0.0722,1.000,0.0301,0.66
4265,replay,4000,0.0535,1.000,0.0300,0.65
4266,replay,4000,0.0062,1.000,0.0298,0.65
4267,replay,4000,0.0121,1.000,0.0297,0.65
4268,es_step,4000,0.0186,1.000,0.0297,1.19
4269,replay,4000,0.0323,1.000,0.0296,0.65
4270,replay,4000,0.0431,1.000,0.0296,0.65
4271,es_step,4000,0.0458,1.000,0.0296,1.19
4272,replay,4000,0.0674,1.000,0.0296,0.65
4273,replay,4000,0.1187,1.000,0.0297,0.65
4274,es_step,4000,0.0439,1.000,0.0297,1.18
4275,replay,4000,0.1106,1.000,0.0296,0.65
4276,es_step,4000,0.0484,1.000,0.0297,1.18
4277,replay,4000,0.0921,1.000,0.0297,0.65
4278,replay,4000,0.0757,1.000,0.0297,0.65
4279,es_step,4000,0.0583,1.000,0.0297,1.18
4280,replay,4000,0.1048,1.000,0.0297,0.65
4281,es_step,4000,0.0544,1.000,0.0297,1.18
4282,replay,4000,0.0900,1.000,0.0298,0.64
4283,replay,4000,0.0579,1.000,0.0298,0.65
4284,replay,4000,0.0590,1.000,0.0297,0.65
4285,es_step,4000,0.0287,1.000,0.0297,1.17
4286,replay,4000,0.0575,1.000,0.0297,0.65
4287,replay,4000,0.0007,1.000,0.0296,0.65
4288,replay,4000,0.0447,1.000,0.0296,0.65
4289,replay,4000,0.0598,1.000,0.0295,0.66
4290,es_step,4000,0.0318,1.000,0.0295,1.19
4291,replay,4000,0.0447,1.000,0.0295,0.65
4292,replay,4000,0.0398,1.000,0.0295,0.65
4293,es_step,4000,0.0361,1.000,0.0295,1.18
4294,replay,4000,0.0548,1.000,0.0295,0.65
4295,replay,4000,0.0238,1.000,0.0295,0.65
4296,replay,4000,0.0174,1.000,0.0295,0.65
4297,es_step,4000,0.0375,1.000,0.0296,1.17
4298,replay,4000,0.0619,1.000,0.0297,0.64
4299,replay,4000,0.0297,1.000,0.0297,0.65
4300,replay,4000,0.0410,1.000,0.0296,0.65
4301,replay,4000,0.0455,1.000,0.0296,0.65
4302,es_step,4000,0.0370,1.000,0.0296,1.18
4303,replay,4000,0.0727,1.000,0.0296,0.65
4304,replay,4000,0.0267,1.000,0.0293,0.65
4305,replay,4000,0.0900,1.000,0.0294,0.65
4306,replay,4000,0.0944,1.000,0.0295,0.65
4307,replay,4000,0.1042,1.000,0.0295,0.65
4308,replay,4000,0.0885,1.000,0.0296,0.65
4309,replay,4000,0.0624,1.000,0.0295,0.65
4310,replay,4000,0.0326,1.000,0.0294,0.65
4311,replay,4000,-0.0332,1.000,0.0292,0.65
4312,replay,4000,0.0079,1.000,0.0292,0.65
4313,replay,4000,0.0536,1.000,0.0292,0.65
4314,replay,4000,0.0705,1.000,0.0293,0.65
4315,replay,4000,0.0686,1.000,0.0293,0.65
4316,replay,4000,0.0545,1.000,0.0293,0.65
4317,replay,4000,0.0433,1.000,0.0293,0.65
4318,replay,4000,0.0639,1.000,0.0293,0.65
4319,replay,4000,0.0389,1.000,0.0293,0.65
4320,es_step,4000,0.0236,1.000,0.0293,1.18
4321,replay,4000,0.0240,1.000,0.0292,0.65
4322,replay,4000,0.0295,1.000,0.0293,0.65
4323,replay,4000,0.0283,1.000,0.0293,0.65
4324,replay,4000,0.0412,1.000,0.0292,0.65
4325,replay,4000,0.0402,1.000,0.0292,0.65
4326,replay,4000,0.0469,1.000,0.0291,0.65
4327,replay,4000,0.0385,1.000,0.0291,0.65
4328,replay,4000,0.0305,1.000,0.0290,0.65
4329,replay,4000,0.0197,1.000,0.0289,0.65
4330,es_step,4000,0.0423,1.000,0.0289,1.18
4331,replay,4000,0.0754,1.000,0.0289,0.65
4332,es_step,4000,0.0469,1.000,0.0289,1.17
4333,replay,4000,0.0116,1.000,0.0288,0.65
4334,es_step,4000,0.0544,1.000,0.0288,1.18
4335,es_step,4000,0.0538,1.000,0.0288,1.18
4336,replay,4000,0.0661,1.000,0.0288,0.65
4337,replay,4000,0.0796,1.000,0.0287,0.65
4338,replay,4000,0.0856,1.000,0.0287,0.65
4339,replay,4000,0.0732,1.000,0.0287,0.65
4340,replay,4000,0.0972,1.000,0.0287,0.65
4341,replay,4000,0.1316,1.000,0.0287,0.65
4342,replay,4000,0.1332,1.000,0.0289,0.65
4343,replay,4000,0.1153,1.000,0.0289,0.65
4344,replay,4000,0.1056,1.000,0.0290,0.65
4345,replay,4000,0.1022,1.000,0.0291,0.65
4346,replay,4000,0.0865,1.000,0.0291,0.65
4347,replay,4000,0.0481,1.000,0.0289,0.65
4348,replay,4000,0.0690,1.000,0.0289,0.65
4349,es_step,4000,0.0543,1.000,0.0289,1.18
4350,replay,4000,0.0698,1.000,0.0291,0.65
4351,replay,4000,0.0473,1.000,0.0291,0.65
4352,es_step,4000,0.0357,1.000,0.0291,1.18
4353,replay,4000,0.0528,1.000,0.0291,0.65
4354,replay,4000,0.0550,1.000,0.0291,0.65
4355,replay,4000,0.0555,1.000,0.0290,0.65
4356,replay,4000,0.0593,1.000,0.0289,0.65
4357,replay,4000,0.0410,1.000,0.0290,0.65
4358,es_step,4000,0.0239,1.000,0.0290,1.18
4359,replay,4000,0.0308,1.000,0.0289,0.64
4360,es_step,4000,0.0294,1.000,0.0290,1.17
4361,replay,4000,0.0588,1.000,0.0289,0.64
4362,replay,4000,0.0680,1.000,0.0291,0.65
4363,replay,4000,0.0473,1.000,0.0291,0.65
4364,es_step,4000,0.0291,1.000,0.0291,1.18
4365,replay,4000,0.0749,1.000,0.0291,0.65
4366,replay,4000,0.0751,1.000,0.0291,0.65
4367,replay,4000,0.0921,1.000,0.0291,0.65
4368,replay,4000,0.0982,1.000,0.0292,0.65
4369,replay,4000,0.1083,1.000,0.0292,0.65
4370,replay,4000,0.0801,1.000,0.0292,0.65
4371,replay,4000,0.0647,1.000,0.0292,0.65
4372,replay,4000,0.0565,1.000,0.0291,0.65
4373,replay,4000,0.0404,1.000,0.0290,0.65
4374,replay,4000,0.0326,1.000,0.0290,0.65
4375,replay,4000,0.0346,1.000,0.0289,0.65
4376,replay,4000,-0.0002,1.000,0.0287,0.65
4377,es_step,4000,0.0536,1.000,0.0287,1.18
4378,replay,4000,0.0597,1.000,0.0287,0.65
4379,replay,4000,0.1029,1.000,0.0288,0.65
4380,replay,4000,0.0886,1.000,0.0289,0.65
4381,replay,4000,0.0996,1.000,0.0289,0.65
4382,replay,4000,0.0726,1.000,0.0289,0.65
4383,es_step,4000,0.0418,1.000,0.0289,1.18
4384,replay,4000,0.0719,1.000,0.0290,0.65
4385,replay,4000,0.0449,1.000,0.0289,0.65
4386,replay,4000,0.0448,1.000,0.0289,0.65
4387,replay,4000,0.0486,1.000,0.0291,0.65
4388,replay,4000,0.0791,1.000,0.0291,0.65
4389,replay,4000,0.0561,1.000,0.0290,0.65
4390,replay,4000,0.0127,1.000,0.0288,0.65
4391,replay,4000,0.0474,1.000,0.0287,0.65
4392,replay,4000,0.0691,1.000,0.0288,0.66
4393,replay,4000,0.1276,1.000,0.0288,0.66
4394,replay,4000,0.1234,1.000,0.0289,0.65
4395,replay,4000,0.1109,1.000,0.0290,0.65
4396,replay,4000,0.0943,1.000,0.0290,0.66
4397,replay,4000,0.0701,1.000,0.0289,0.66
4398,es_step,4000,0.0499,1.000,0.0289,1.19
4399,replay,4000,0.0805,1.000,0.0289,0.65
4400,replay,4000,0.0672,1.000,0.0289,0.65
4401,replay,4000,0.0528,1.000,0.0289,0.65
4402,replay,4000,0.0306,1.000,0.0288,0.65
4403,replay,4000,0.0867,1.000,0.0288,0.65
4404,replay,4000,0.1256,1.000,0.0289,0.65
4405,replay,4000,0.1264,1.000,0.0291,0.65
4406,replay,4000,0.1211,1.000,0.0291,0.66
4407,replay,4000,0.0965,1.000,0.0291,0.65
4408,es_step,4000,0.0291,1.000,0.0291,1.18
4409,es_step,4000,0.0272,1.000,0.0291,1.18
4410,replay,4000,0.0519,1.000,0.0291,0.65
4411,replay,4000,0.0284,1.000,0.0290,0.65
4412,replay,4000,0.0188,1.000,0.0288,0.65
4413,replay,4000,0.0118,1.000,0.0287,0.65
4414,replay,4000,0.0257,1.000,0.0286,0.65
4415,es_step,4000,0.0239,1.000,0.0286,1.18
4416,replay,4000,0.0061,1.000,0.0286,0.65
4417,replay,4000,0.0359,1.000,0.0286,0.65
4418,replay,4000,0.0398,1.000,0.0285,2.62
4419,replay,4000,0.0769,1.000,0.0285,0.65
4420,replay,4000,0.1000,1.000,0.0285,0.65
4421,replay,4000,0.1233,1.000,0.0285,0.65
4422,replay,4000,0.1111,1.000,0.0286,0.65
4423,es_step,4000,0.0829,1.000,0.0289,1.18
4424,replay,4000,0.1161,1.000,0.0291,0.65
4425,replay,4000,0.1171,1.000,0.0292,0.65
4426,replay,4000,0.1093,1.000,0.0292,0.65
4427,replay,4000,0.0990,1.000,0.0294,0.65
4428,replay,4000,0.0903,1.000,0.0294,0.66
4429,es_step,4000,0.0651,1.000,0.0294,1.18
4430,replay,4000,0.0820,1.000,0.0295,0.65
4431,replay,4000,0.1138,1.000,0.0296,0.66
4432,replay,4000,0.0959,1.000,0.0297,0.65
4433,replay,4000,0.0604,1.000,0.0297,0.66
4434,replay,4000,0.0944,1.000,0.0297,0.65
4435,replay,4000,0.0828,1.000,0.0296,0.65
4436,replay,4000,0.1023,1.000,0.0295,0.65
4437,es_step,4000,0.0820,1.000,0.0299,1.18
4438,es_step,4000,0.0911,1.000,0.0301,1.18
4439,replay,4000,0.1360,1.000,0.0301,0.65
4440,replay,4000,0.1306,1.000,0.0303,0.65
4441,es_step,4000,0.0956,1.000,0.0306,1.18
4442,es_step,4000,0.0891,1.000,0.0306,1.17
4443,replay,4000,0.1207,1.000,0.0307,0.65
4444,replay,4000,0.0954,1.000,0.0308,0.65
4445,replay,4000,0.1133,1.000,0.0308,0.65
4446,replay,4000,0.0811,1.000,0.0310,0.65
4447,replay,4000,0.0691,1.000,0.0309,0.65
4448,replay,4000,0.0136,1.000,0.0308,0.65
4449,replay,4000,0.0023,1.000,0.0307,0.65
4450,replay,4000,0.0262,1.000,0.0305,0.65
4451,replay,4000,0.0397,1.000,0.0305,0.65
4452,replay,4000,0.0333,1.000,0.0304,0.65
4453,replay,4000,0.0453,1.000,0.0304,0.65
4454,es_step,4000,0.0346,1.000,0.0304,1.18
4455,replay,4000,0.0401,1.000,0.0304,0.65
4456,es_step,4000,0.0374,1.000,0.0304,1.18
4457,replay,4000,0.0342,1.000,0.0303,0.65
4458,es_step,4000,0.0341,1.000,0.0303,1.19
4459,replay,4000,0.0324,1.000,0.0303,0.65
4460,es_step,4000,0.0397,1.000,0.0303,1.18
4461,es_step,4000,0.0361,1.000,0.0303,1.17
4462,replay,4000,0.0383,1.000,0.0303,0.65
4463,replay,4000,0.0567,1.000,0.0302,0.65
4464,replay,4000,0.0449,1.000,0.0304,0.65
4465,replay,4000,0.0677,1.000,0.0304,0.65
4466,replay,4000,0.0179,1.000,0.0303,0.65
4467,replay,4000,0.0301,1.000,0.0302,0.65
4468,replay,4000,0.0104,1.000,0.0301,0.65
4469,replay,4000,0.0434,1.000,0.0302,0.65
4470,replay,4000,0.0514,1.000,0.0304,0.65
4471,replay,4000,0.0641,1.000,0.0304,0.65
4472,replay,4000,0.0766,1.000,0.0304,0.65
4473,replay,4000,0.0518,1.000,0.0303,0.65
4474,replay,4000,0.0288,1.000,0.0303,0.65
4475,es_step,4000,0.0242,1.000,0.0303,1.18
4476,replay,4000,0.0258,1.000,0.0303,0.64
4477,replay,4000,0.0379,1.000,0.0302,0.65
4478,replay,4000,0.0331,1.000,0.0301,0.65
4479,es_step,4000,0.0312,1.000,0.0302,1.18
4480,replay,4000,0.0317,1.000,0.0301,0.65
4481,replay,4000,0.0362,1.000,0.0301,0.65
4482,replay,4000,0.0747,1.000,0.0300,0.65
4483,replay,4000,0.0856,1.000,0.0301,0.65
4484,replay,4000,0.0767,1.000,0.0301,0.65
4485,es_step,4000,0.0514,1.000,0.0302,1.18
4486,replay,4000,0.1056,1.000,0.0302,0.65
4487,es_step,4000,0.0610,1.000,0.0302,1.17
4488,es_step,4000,0.0641,1.000,0.0302,1.18
4489,replay,4000,0.1177,1.000,0.0303,0.66
4490,es_step,4000,0.0516,1.000,0.0303,1.18
4491,replay,4000,0.0934,1.000,0.0305,0.65
4492,es_step,4000,0.0262,1.000,0.0305,1.17
4493,replay,4000,0.0730,1.000,0.0304,0.65
4494,replay,4000,0.0403,1.000,0.0303,0.65
4495,replay,4000,0.0171,1.000,0.0302,0.65
4496,replay,4000,0.0154,1.000,0.0299,0.65
4497,es_step,4000,0.0016,1.000,0.0299,1.18
4498,replay,4000,0.0083,1.000,0.0298,0.64
4499,replay,4000,0.0200,1.000,0.0297,0.65
4500,replay,4000,0.0796,1.000,0.0296,0.65
4501,replay,4000,0.0643,1.000,0.0297,0.65
4502,replay,4000,0.0772,1.000,0.0296,0.65
4503,replay,4000,0.0450,1.000,0.0296,0.65
4504,es_step,4000,-0.0024,1.000,0.0296,1.18
4505,replay,4000,-0.0037,1.000,0.0296,0.65
4506,replay,4000,0.0211,1.000,0.0295,0.65
4507,replay,4000,0.0355,1.000,0.0295,0.65
4508,replay,4000,0.1396,1.000,0.0295,0.65
4509,es_step,4000,0.0486,1.000,0.0295,1.18
4510,replay,4000,0.1395,1.000,0.0295,0.65
4511,replay,4000,0.1541,1.000,0.0297,0.65
4512,es_step,4000,0.0611,1.000,0.0298,1.18
4513,replay,4000,0.0946,1.000,0.0297,0.65
4514,replay,4000,0.1067,1.000,0.0298,0.65
4515,replay,4000,0.0988,1.000,0.0298,0.65
4516,replay,4000,0.0763,1.000,0.0298,0.75
4517,replay,4000,0.0642,1.000,0.0298,0.65
4518,es_step,4000,0.0171,1.000,0.0298,1.18
4519,replay,4000,0.0301,1.000,0.0297,0.65
4520,replay,4000,0.0431,1.000,0.0297,0.65
4521,replay,4000,0.0379,1.000,0.0296,0.65
4522,replay,4000,0.0486,1.000,0.0296,0.65
4523,replay,4000,0.0262,1.000,0.0294,0.65
4524,replay,4000,0.0411,1.000,0.0293,0.66
4525,es_step,4000,0.0373,1.000,0.0293,1.18
4526,replay,4000,0.0593,1.000,0.0294,0.65
4527,replay,4000,0.0575,1.000,0.0294,0.66
4528,replay,4000,0.0482,1.000,0.0294,0.65
4529,replay,4000,0.0936,1.000,0.0294,0.65
4530,es_step,4000,0.0467,1.000,0.0294,1.19
4531,replay,4000,0.0792,1.000,0.0295,0.65
4532,replay,4000,0.0751,1.000,0.0295,0.66
4533,replay,4000,0.0766,1.000,0.0295,0.66
4534,replay,4000,0.0872,1.000,0.0295,0.65
4535,es_step,4000,0.0104,1.000,0.0295,1.18
4536,replay,4000,0.0651,1.000,0.0295,0.64
4537,replay,4000,0.0146,1.000,0.0294,0.65
4538,replay,4000,0.0238,1.000,0.0293,0.65
4539,replay,4000,0.0432,1.000,0.0293,0.65
4540,replay,4000,0.0954,1.000,0.0293,0.65
4541,replay,4000,0.0921,1.000,0.0293,0.65
4542,replay,4000,0.0788,1.000,0.0293,0.65
4543,replay,4000,0.0580,1.000,0.0293,0.65
4544,replay,4000,0.0563,1.000,0.0293,0.65
4545,replay,4000,0.0601,1.000,0.0293,0.66
4546,es_step,4000,0.0226,1.000,0.0293,1.18
4547,es_step,4000,0.0225,1.000,0.0293,1.19
4548,replay,4000,0.0342,1.000,0.0293,0.65
4549,replay,4000,0.0136,1.000,0.0293,0.65
4550,replay,4000,0.0693,1.000,0.0293,0.65
4551,replay,4000,0.0967,1.000,0.0294,0.65
4552,replay,4000,0.1506,1.000,0.0295,0.65
4553,es_step,4000,0.0559,1.000,0.0295,1.18
4554,replay,4000,0.1100,1.000,0.0297,0.65
4555,es_step,4000,0.0391,1.000,0.0297,1.18
4556,replay,4000,0.0824,1.000,0.0296,0.65
4557,replay,4000,-0.0267,1.000,0.0296,0.65
4558,replay,4000,0.0644,1.000,0.0295,0.65
4559,replay,4000,0.1241,1.000,0.0296,0.66
4560,replay,4000,0.0769,1.000,0.0296,0.66
4561,replay,4000,0.0845,1.000,0.0296,0.66
4562,replay,4000,0.0629,1.000,0.0295,0.66
4563,replay,4000,0.0534,1.000,0.0294,0.66
4564,es_step,4000,-0.0024,1.000,0.0294,1.18
4565,replay,4000,0.0207,1.000,0.0293,0.65
4566,replay,4000,0.0165,1.000,0.0293,0.65
4567,replay,4000,0.0289,1.000,0.0292,0.65
4568,replay,4000,0.0622,1.000,0.0291,0.65
4569,replay,4000,0.0788,1.000,0.0292,0.65
4570,replay,4000,0.0679,1.000,0.0292,0.65
4571,replay,4000,0.1270,1.000,0.0295,0.65
4572,replay,4000,0.1395,1.000,0.0297,0.65
4573,replay,4000,0.1285,1.000,0.0298,0.66
4574,replay,4000,0.1028,1.000,0.0299,0.66
4575,replay,4000,0.0674,1.000,0.0299,0.65
4576,replay,4000,0.0473,1.000,0.0298,0.65
4577,replay,4000,0.0195,1.000,0.0297,0.65
4578,replay,4000,0.0268,1.000,0.0295,0.65
4579,es_step,4000,0.0253,1.000,0.0296,1.18
4580,replay,4000,0.0377,1.000,0.0295,0.65
4581,replay,4000,0.0378,1.000,0.0294,0.65
4582,replay,4000,0.0142,1.000,0.0293,0.65
4583,es_step,4000,0.0246,1.000,0.0293,1.18
4584,replay,4000,0.0117,1.000,0.0291,0.65
4585,replay,4000,0.0388,1.000,0.0290,0.65
4586,replay,4000,0.0820,1.000,0.0290,0.65
4587,replay,4000,0.0779,1.000,0.0291,0.65
4588,es_step,4000,0.0289,1.000,0.0291,1.18
4589,replay,4000,0.0633,1.000,0.0290,0.65
4590,replay,4000,0.0299,1.000,0.0290,0.65
4591,replay,4000,0.0163,1.000,0.0289,0.65
4592,replay,4000,0.0272,1.000,0.0288,0.65
4593,replay,4000,0.0279,1.000,0.0287,0.65
4594,replay,4000,0.0733,1.000,0.0288,0.65
4595,replay,4000,0.1144,1.000,0.0288,0.65
4596,es_step,4000,0.0764,1.000,0.0290,1.18
4597,replay,4000,0.1332,1.000,0.0292,0.65
4598,es_step,4000,0.0702,1.000,0.0292,1.18
4599,replay,4000,0.1210,1.000,0.0293,0.65
4600,es_step,4000,0.0616,1.000,0.0293,1.18
4601,replay,4000,0.1284,1.000,0.0293,0.65
4602,replay,4000,0.1395,1.000,0.0296,0.65
4603,replay,4000,0.1268,1.000,0.0296,0.65
4604,replay,4000,0.1373,1.000,0.0297,0.65
4605,replay,4000,0.1362,1.000,0.0298,0.65
4606,replay,4000,0.1141,1.000,0.0299,0.65
4607,replay,4000,0.1330,1.000,0.0300,0.66
4608,replay,4000,0.1276,1.000,0.0301,0.65
4609,replay,4000,0.0759,1.000,0.0300,0.65
4610,replay,4000,0.0543,1.000,0.0299,0.65
4611,replay,4000,0.0281,1.000,0.0298,0.65
4612,replay,4000,0.0565,1.000,0.0297,0.65
4613,replay,4000,0.0564,1.000,0.0297,0.65
4614,es_step,4000,0.0175,1.000,0.0297,1.18
4615,replay,4000,0.0292,1.000,0.0295,0.65
4616,replay,4000,0.0181,1.000,0.0295,0.65
4617,replay,4000,0.0495,1.000,0.0294,0.65
4618,replay,4000,0.0244,1.000,0.0293,0.65
4619,replay,4000,0.0108,1.000,0.0292,0.65
4620,replay,4000,0.0804,1.000,0.0292,0.65
4621,replay,4000,0.1023,1.000,0.0292,0.65
4622,replay,4000,0.0699,1.000,0.0291,0.65
4623,replay,4000,0.0997,1.000,0.0291,0.65
4624,es_step,4000,0.0468,1.000,0.0291,1.17
4625,es_step,4000,0.0463,1.000,0.0291,1.18
4626,es_step,4000,0.0426,1.000,0.0291,1.18
4627,replay,4000,0.0927,1.000,0.0291,0.66
4628,es_step,4000,0.0390,1.000,0.0291,1.18
4629,replay,4000,0.0885,1.000,0.0292,0.65
4630,replay,4000,0.0622,1.000,0.0292,0.65
4631,es_step,4000,0.0140,1.000,0.0292,1.18
4632,es_step,4000,0.0116,1.000,0.0292,1.18
4633,replay,4000,0.0556,1.000,0.0291,0.65
4634,es_step,4000,0.0124,1.000,0.0291,1.17
4635,replay,4000,0.0046,1.000,0.0291,0.64
4636,replay,4000,0.0322,1.000,0.0290,0.65
4637,replay,4000,0.0372,1.000,0.0290,0.65
4638,replay,4000,0.0463,1.000,0.0290,0.65
4639,replay,4000,0.0276,1.000,0.0291,0.65
4640,replay,4000,0.0452,1.000,0.0291,0.66
4641,es_step,4000,0.0328,1.000,0.0291,1.18
4642,replay,4000,0.0641,1.000,0.0291,0.65
4643,replay,4000,0.0036,1.000,0.0290,0.65
4644,replay,4000,0.0228,1.000,0.0291,0.65
4645,replay,4000,0.0408,1.000,0.0290,0.66
4646,replay,4000,0.0295,1.000,0.0290,0.65
4647,es_step,4000,0.0308,1.000,0.0290,1.19
4648,replay,4000,0.0464,1.000,0.0289,0.65
4649,replay,4000,0.0483,1.000,0.0288,0.65
4650,replay,4000,0.0493,1.000,0.0288,0.66
4651,es_step,4000,0.0416,1.000,0.0288,1.18
4652,replay,4000,0.0428,1.000,0.0288,0.65
4653,es_step,4000,0.0451,1.000,0.0288,1.18
4654,replay,4000,0.0496,1.000,0.0288,0.65
4655,replay,4000,0.0260,1.000,0.0288,0.65
4656,replay,4000,0.0580,1.000,0.0288,0.65
4657,es_step,4000,0.0455,1.000,0.0288,1.19
4658,replay,4000,0.0573,1.000,0.0289,0.65
4659,replay,4000,0.0685,1.000,0.0289,0.65
4660,replay,4000,0.0644,1.000,0.0289,0.65
4661,replay,4000,0.0423,1.000,0.0288,0.65
4662,replay,4000,0.0444,1.000,0.0288,0.65
4663,replay,4000,0.0157,1.000,0.0287,0.65
4664,replay,4000,0.0370,1.000,0.0286,0.65
4665,replay,4000,0.0309,1.000,0.0286,0.65
4666,es_step,4000,0.0325,1.000,0.0286,1.18
4667,replay,4000,0.0390,1.000,0.0285,0.65
4668,es_step,4000,0.0422,1.000,0.0285,1.18
4669,replay,4000,0.0477,1.000,0.0285,0.65
4670,replay,4000,0.0780,1.000,0.0285,0.65
4671,replay,4000,0.0614,1.000,0.0286,0.65
4672,replay,4000,0.0486,1.000,0.0285,0.65
4673,replay,4000,0.0676,1.000,0.0285,0.65
4674,replay,4000,0.0275,1.000,0.0284,0.65
4675,replay,4000,0.0479,1.000,0.0285,0.65
4676,replay,4000,0.0296,1.000,0.0286,0.65
4677,replay,4000,0.0924,1.000,0.0286,0.65
4678,replay,4000,0.1164,1.000,0.0286,0.65
4679,replay,4000,0.1024,1.000,0.0288,0.65
4680,replay,4000,0.1168,1.000,0.0288,0.65
4681,replay,4000,0.0922,1.000,0.0289,0.65
4682,replay,4000,0.0601,1.000,0.0289,0.65
4683,replay,4000,0.0770,1.000,0.0289,0.65
4684,replay,4000,0.0542,1.000,0.0289,0.66
4685,replay,4000,0.0752,1.000,0.0289,0.65
4686,es_step,4000,0.0447,1.000,0.0289,1.18
4687,replay,4000,0.0796,1.000,0.0289,0.65
4688,replay,4000,0.0693,1.000,0.0289,0.65
4689,es_step,4000,0.0129,1.000,0.0289,1.18
4690,replay,4000,0.0499,1.000,0.0288,0.65
4691,replay,4000,0.0564,1.000,0.0289,0.65
4692,replay,4000,0.0432,1.000,0.0289,0.65
4693,replay,4000,0.0264,1.000,0.0289,0.65
4694,replay,4000,0.0623,1.000,0.0289,0.65
4695,replay,4000,0.0351,1.000,0.0288,0.65
4696,es_step,4000,0.0275,1.000,0.0288,1.17
4697,replay,4000,0.0386,1.000,0.0288,0.65
4698,replay,4000,0.0140,1.000,0.0287,0.65
4699,replay,4000,0.0784,1.000,0.0287,0.65
4700,replay,4000,0.0689,1.000,0.0287,0.65
4701,replay,4000,0.0619,1.000,0.0286,0.65
4702,es_step,4000,0.0222,1.000,0.0286,1.17
4703,replay,4000,0.0741,1.000,0.0286,0.64
4704,replay,4000,0.0656,1.000,0.0286,0.65
4705,replay,4000,0.0335,1.000,0.0286,0.65
4706,replay,4000,0.0792,1.000,0.0285,0.65
4707,replay,4000,0.0881,1.000,0.0285,0.65
4708,replay,4000,0.0641,1.000,0.0283,0.65
4709,replay,4000,0.0798,1.000,0.0283,0.66
4710,replay,4000,0.0523,1.000,0.0282,0.65
4711,replay,4000,0.0322,1.000,0.0281,0.65
4712,replay,4000,0.0051,1.000,0.0280,0.65
4713,replay,4000,0.0294,1.000,0.0281,0.65
4714,replay,4000,0.0865,1.000,0.0281,0.65
4715,replay,4000,0.0998,1.000,0.0283,0.65
4716,replay,4000,0.1171,1.000,0.0285,0.65
4717,es_step,4000,0.0988,1.000,0.0290,3.16
4718,replay,4000,0.1340,1.000,0.0291,0.65
4719,replay,4000,0.1017,1.000,0.0291,0.65
4720,replay,4000,0.0514,1.000,0.0291,0.65
4721,replay,4000,0.0253,1.000,0.0290,0.65
4722,replay,4000,-0.0008,1.000,0.0288,0.65
4723,es_step,4000,-0.0010,1.000,0.0288,1.18
4724,replay,4000,0.0100,1.000,0.0287,0.64
4725,replay,4000,0.0385,1.000,0.0286,0.65
4726,replay,4000,0.0295,1.000,0.0286,0.65
4727,es_step,4000,0.0383,1.000,0.0286,1.17
4728,replay,4000,0.0462,1.000,0.0286,0.65
4729,replay,4000,0.0369,1.000,0.0285,0.65
4730,replay,4000,0.0161,1.000,0.0285,0.65
4731,es_step,4000,0.0392,1.000,0.0285,1.17
4732,replay,4000,0.0484,1.000,0.0284,0.64
4733,es_step,4000,0.0398,1.000,0.0284,1.17
4734,replay,4000,0.0481,1.000,0.0284,0.65
4735,replay,4000,0.0320,1.000,0.0284,0.65
4736,replay,4000,0.0354,1.000,0.0283,0.65
4737,es_step,4000,0.0360,1.000,0.0284,1.17
4738,replay,4000,0.0416,1.000,0.0283,0.64
4739,replay,4000,0.0299,1.000,0.0283,0.65
4740,replay,4000,0.0207,1.000,0.0283,0.65
4741,replay,4000,0.0377,1.000,0.0282,0.65
4742,es_step,4000,0.0381,1.000,0.0282,1.18
4743,replay,4000,0.0840,1.000,0.0282,0.65
4744,replay,4000,0.0457,1.000,0.0282,0.65
4745,replay,4000,0.0461,1.000,0.0282,0.65
4746,replay,4000,0.0786,1.000,0.0282,0.65
4747,replay,4000,0.0816,1.000,0.0283,0.65
4748,es_step,4000,0.0424,1.000,0.0283,1.17
4749,replay,4000,0.1146,1.000,0.0283,0.64
4750,replay,4000,0.1061,1.000,0.0283,0.65
4751,es_step,4000,0.0427,1.000,0.0283,1.17
4752,replay,4000,0.0851,1.000,0.0283,0.64
4753,es_step,4000,0.0555,1.000,0.0283,1.17
4754,replay,4000,0.0943,1.000,0.0283,0.64
4755,es_step,4000,0.0569,1.000,0.0283,1.16
4756,replay,4000,0.0974,1.000,0.0284,0.64
4757,es_step,4000,0.0534,1.000,0.0284,1.16
4758,replay,4000,0.0743,1.000,0.0285,0.64
4759,replay,4000,0.0713,1.000,0.0285,0.65
4760,replay,4000,0.0509,1.000,0.0284,0.65
4761,replay,4000,0.0404,1.000,0.0284,0.65
4762,replay,4000,0.0515,1.000,0.0283,0.65
4763,replay,4000,0.0286,1.000,0.0283,0.64
4764,replay,4000,0.0200,1.000,0.0282,0.65
4765,es_step,4000,0.0056,1.000,0.0282,1.18
4766,es_step,4000,0.0080,1.000,0.0282,1.17
4767,replay,4000,0.0317,1.000,0.0281,0.65
4768,replay,4000,0.0416,1.000,0.0281,0.65
4769,replay,4000,0.0322,1.000,0.0280,0.65
4770,es_step,4000,0.0113,1.000,0.0280,1.17
4771,replay,4000,0.0170,1.000,0.0279,0.65
4772,replay,4000,0.0259,1.000,0.0279,0.65
4773,replay,4000,0.0437,1.000,0.0279,0.65
4774,replay,4000,0.0634,1.000,0.0278,0.65
4775,replay,4000,0.0287,1.000,0.0278,0.64
4776,es_step,4000,0.0417,1.000,0.0278,1.17
4777,replay,4000,0.0586,1.000,0.0279,0.64
4778,replay,4000,0.0502,1.000,0.0279,0.64
4779,replay,4000,0.0314,1.000,0.0279,0.65
4780,replay,4000,0.0562,1.000,0.0279,0.65
4781,replay,4000,0.0847,1.000,0.0280,0.65
4782,es_step,4000,0.0791,1.000,0.0283,1.17
4783,replay,4000,0.1007,1.000,0.0284,0.64
4784,replay,4000,0.1259,1.000,0.0286,0.65
4785,replay,4000,0.1037,1.000,0.0287,0.65
4786,replay,4000,0.0853,1.000,0.0287,0.65
4787,replay,4000,0.0573,1.000,0.0286,0.65
4788,replay,4000,0.0677,1.000,0.0286,0.65
4789,replay,4000,0.0682,1.000,0.0286,0.65
4790,replay,4000,0.0586,1.000,0.0286,0.65
4791,replay,4000,0.0317,1.000,0.0286,0.65
4792,replay,4000,0.0374,1.000,0.0285,0.66
4793,es_step,4000,0.0274,1.000,0.0285,1.18
4794,replay,4000,0.0299,1.000,0.0284,0.65
4795,es_step,4000,0.0210,1.000,0.0284,1.18
4796,replay,4000,0.0308,1.000,0.0284,0.65
4797,replay,4000,0.0266,1.000,0.0283,0.65
4798,replay,4000,-0.0016,1.000,0.0281,0.65
4799,replay,4000,0.0335,1.000,0.0280,0.65
4800,replay,4000,0.0422,1.000,0.0280,0.65
4801,replay,4000,0.0705,1.000,0.0280,0.65
4802,es_step,4000,0.0367,1.000,0.0280,1.19
4803,replay,4000,0.0624,1.000,0.0280,0.65
4804,replay,4000,0.0547,1.000,0.0280,0.65
4805,replay,4000,0.0524,1.000,0.0280,0.65
4806,replay,4000,0.0725,1.000,0.0280,0.65
4807,replay,4000,0.0557,1.000,0.0280,0.65
4808,replay,4000,0.0096,1.000,0.0278,0.65
4809,replay,4000,0.0328,1.000,0.0278,0.65
4810,es_step,4000,0.0250,1.000,0.0278,1.18
4811,replay,4000,0.0290,1.000,0.0278,0.65
4812,replay,4000,0.0368,1.000,0.0277,0.65
4813,replay,4000,0.0243,1.000,0.0276,0.65
4814,replay,4000,0.0500,1.000,0.0276,0.65
4815,replay,4000,0.0671,1.000,0.0275,0.65
4816,replay,4000,0.0710,1.000,0.0275,0.65
4817,es_step,4000,0.0270,1.000,0.0275,1.18
4818,replay,4000,0.0649,1.000,0.0275,0.65
4819,replay,4000,0.0315,1.000,0.0274,0.65
4820,replay,4000,0.0257,1.000,0.0274,0.65
4821,replay,4000,0.0214,1.000,0.0273,0.65
4822,replay,4000,0.0099,1.000,0.0273,0.65
4823,replay,4000,0.0818,1.000,0.0274,0.65
4824,replay,4000,-0.1201,1.000,0.0273,0.65
4825,replay,4000,0.1084,1.000,0.0274,0.65
4826,es_step,4000,0.0922,1.000,0.0280,1.18
4827,replay,4000,0.1135,1.000,0.0281,0.65
4828,replay,4000,0.0946,1.000,0.0282,0.65
4829,es_step,4000,0.0557,1.000,0.0282,1.19
4830,replay,4000,0.0757,1.000,0.0282,0.65
4831,replay,4000,0.0357,1.000,0.0281,0.65
4832,replay,4000,0.0252,1.000,0.0280,0.65
4833,replay,4000,0.0153,1.000,0.0279,0.66
4834,replay,4000,0.0913,1.000,0.0278,0.65
4835,replay,4000,0.1475,1.000,0.0278,0.66
4836,replay,4000,0.1323,1.000,0.0279,0.65
4837,replay,4000,0.1572,1.000,0.0280,0.65
4838,replay,4000,0.1324,1.000,0.0283,0.65
4839,replay,4000,0.1341,1.000,0.0285,0.66
4840,replay,4000,0.1270,1.000,0.0286,0.65
4841,replay,4000,0.1049,1.000,0.0287,0.65
4842,replay,4000,0.1099,1.000,0.0287,0.65
4843,replay,4000,0.0711,1.000,0.0287,0.65
4844,es_step,4000,0.0293,1.000,0.0288,1.19
4845,es_step,4000,0.0313,1.000,0.0288,1.18
4846,replay,4000,0.0398,1.000,0.0287,0.65
4847,replay,4000,0.0184,1.000,0.0286,0.65
4848,es_step,4000,0.0031,1.000,0.0286,1.18
4849,replay,4000,0.0352,1.000,0.0285,0.65
4850,replay,4000,0.0182,1.000,0.0284,0.65
4851,replay,4000,0.0296,1.000,0.0283,0.65
4852,replay,4000,0.0341,1.000,0.0283,0.65
4853,replay,4000,0.0352,1.000,0.0282,0.65
4854,replay,4000,0.0286,1.000,0.0282,0.65
4855,replay,4000,0.0440,1.000,0.0281,0.65
4856,es_step,4000,0.0173,1.000,0.0281,1.18
4857,replay,4000,0.0330,1.000,0.0281,0.65
4858,replay,4000,0.0231,1.000,0.0280,0.66
4859,es_step,4000,0.0213,1.000,0.0280,1.19
4860,replay,4000,0.0280,1.000,0.0279,0.66
4861,es_step,4000,0.0260,1.000,0.0279,1.19
4862,replay,4000,0.0467,1.000,0.0279,0.66
4863,replay,4000,0.0120,1.000,0.0277,0.66
4864,replay,4000,0.0260,1.000,0.0276,0.66
4865,replay,4000,0.0195,1.000,0.0276,0.66
4866,replay,4000,0.0210,1.000,0.0275,0.66
4867,replay,4000,0.0069,1.000,0.0274,0.66
4868,es_step,4000,0.0418,1.000,0.0274,1.19
4869,replay,4000,0.0452,1.000,0.0273,0.65
4870,replay,4000,0.0475,1.000,0.0273,0.66
4871,replay,4000,0.0399,1.000,0.0273,0.65
4872,replay,4000,0.0386,1.000,0.0272,0.65
4873,replay,4000,0.0327,1.000,0.0271,0.66
4874,replay,4000,0.0224,1.000,0.0271,0.66
4875,replay,4000,0.0325,1.000,0.0270,0.66
4876,replay,4000,0.0564,1.000,0.0270,0.66
4877,replay,4000,0.0541,1.000,0.0270,0.66
4878,es_step,4000,0.0383,1.000,0.0270,1.20
4879,replay,4000,0.0386,1.000,0.0270,0.66
4880,replay,4000,0.0474,1.000,0.0270,0.66
4881,replay,4000,0.0377,1.000,0.0270,0.66
4882,replay,4000,0.0493,1.000,0.0270,0.66
4883,replay,4000,0.0291,1.000,0.0271,0.66
4884,replay,4000,0.0229,1.000,0.0271,0.65
4885,replay,4000,0.0490,1.000,0.0271,0.66
4886,replay,4000,0.0649,1.000,0.0272,0.66
4887,es_step,4000,0.0394,1.000,0.0272,1.19
4888,es_step,4000,0.0497,1.000,0.0272,1.18
4889,replay,4000,0.0637,1.000,0.0272,0.65
4890,replay,4000,0.0315,1.000,0.0272,0.65
4891,replay,4000,0.0206,1.000,0.0271,0.65
4892,replay,4000,0.0260,1.000,0.0271,0.65
4893,es_step,4000,0.0249,1.000,0.0271,1.18
4894,replay,4000,0.0237,1.000,0.0270,0.65
4895,replay,4000,0.0278,1.000,0.0270,0.65
4896,replay,4000,0.0424,1.000,0.0271,0.66
4897,es_step,4000,0.0356,1.000,0.0271,1.18
4898,replay,4000,0.0545,1.000,0.0271,0.65
4899,es_step,4000,0.0392,1.000,0.0271,1.19
4900,replay,4000,0.0435,1.000,0.0270,0.65
4901,replay,4000,0.0360,1.000,0.0270,0.65
4902,replay,4000,0.0471,1.000,0.0270,0.65
4903,replay,4000,0.0479,1.000,0.0270,0.65
4904,replay,4000,0.0987,1.000,0.0270,0.66
4905,replay,4000,0.1173,1.000,0.0271,0.66
4906,es_step,4000,0.0781,1.000,0.0273,1.19
4907,replay,4000,0.1221,1.000,0.0274,0.65
4908,es_step,4000,0.0667,1.000,0.0274,1.19
4909,replay,4000,0.0918,1.000,0.0275,0.66
4910,es_step,4000,0.0524,1.000,0.0275,1.19
4911,replay,4000,0.0753,1.000,0.0276,0.65
4912,replay,4000,0.0590,1.000,0.0275,0.66
4913,replay,4000,0.0399,1.000,0.0274,0.65
4914,replay,4000,0.0270,1.000,0.0273,0.66
4915,replay,4000,0.0239,1.000,0.0273,0.66
4916,replay,4000,0.0121,1.000,0.0271,0.66
4917,replay,4000,0.0520,1.000,0.0271,0.65
4918,replay,4000,0.0291,1.000,0.0270,0.65
4919,replay,4000,0.0481,1.000,0.0270,0.66
4920,replay,4000,0.0431,1.000,0.0270,0.66
4921,es_step,4000,0.0337,1.000,0.0270,1.19
4922,es_step,4000,0.0351,1.000,0.0270,1.19
4923,replay,4000,0.0221,1.000,0.0269,0.68
4924,replay,4000,0.0525,1.000,0.0269,0.66
4925,replay,4000,0.0199,1.000,0.0269,0.66
4926,es_step,4000,0.0299,1.000,0.0269,1.19
4927,replay,4000,0.0420,1.000,0.0268,0.65
4928,replay,4000,0.0645,1.000,0.0268,0.66
4929,replay,4000,0.0501,1.000,0.0268,0.66
4930,replay,4000,0.0234,1.000,0.0267,0.66
4931,replay,4000,0.0221,1.000,0.0266,0.66
4932,replay,4000,0.0337,1.000,0.0264,0.66
4933,es_step,4000,0.0289,1.000,0.0264,1.19
4934,replay,4000,0.0670,1.000,0.0264,0.66
4935,replay,4000,0.0646,1.000,0.0264,0.66
4936,replay,4000,0.0534,1.000,0.0265,0.66
4937,replay,4000,0.0628,1.000,0.0265,0.66
4938,replay,4000,0.0668,1.000,0.0265,0.65
4939,replay,4000,0.0876,1.000,0.0266,0.66
4940,replay,4000,0.0794,1.000,0.0267,0.66
4941,replay,4000,0.0721,1.000,0.0267,0.66
4942,replay,4000,0.0932,1.000,0.0267,0.68
4943,replay,4000,0.0704,1.000,0.0266,0.67
4944,replay,4000,0.0550,1.000,0.0266,0.66
4945,replay,4000,0.0308,1.000,0.0265,0.66
4946,replay,4000,0.0550,1.000,0.0266,0.66
4947,replay,4000,0.0384,1.000,0.0266,0.66
4948,replay,4000,0.0265,1.000,0.0265,0.66
4949,replay,4000,0.0219,1.000,0.0265,0.66
4950,replay,4000,0.0184,1.000,0.0266,0.66
4951,es_step,4000,0.0449,1.000,0.0266,1.19
4952,replay,4000,0.0462,1.000,0.0267,0.66
4953,replay,4000,0.0871,1.000,0.0268,0.66
4954,replay,4000,0.1046,1.000,0.0269,0.66
4955,replay,4000,0.1257,1.000,0.0270,0.66
4956,es_step,4000,0.0770,1.000,0.0272,1.19
4957,replay,4000,0.1096,1.000,0.0273,0.65
4958,es_step,4000,0.0663,1.000,0.0273,1.19
4959,replay,4000,0.0957,1.000,0.0275,0.65
4960,replay,4000,0.0785,1.000,0.0275,0.65
4961,replay,4000,0.0751,1.000,0.0275,0.66
4962,es_step,4000,0.0303,1.000,0.0275,1.19
4963,es_step,4000,0.0407,1.000,0.0275,1.24
4964,replay,4000,0.0536,1.000,0.0275,0.66
4965,es_step,4000,0.0223,1.000,0.0275,1.19
4966,replay,4000,0.0290,1.000,0.0274,0.65
4967,es_step,4000,0.0177,1.000,0.0274,1.18
4968,replay,4000,0.0192,1.000,0.0273,0.65
4969,replay,4000,0.0350,1.000,0.0272,0.65
4970,replay,4000,0.0461,1.000,0.0273,0.73
4971,replay,4000,0.0411,1.000,0.0272,0.65
4972,replay,4000,0.0879,1.000,0.0274,0.65
4973,es_step,4000,0.0576,1.000,0.0274,1.18
4974,replay,4000,0.0824,1.000,0.0273,0.65
4975,es_step,4000,0.0782,1.000,0.0276,1.19
4976,replay,4000,0.1702,1.000,0.0277,0.65
4977,replay,4000,0.1311,1.000,0.0278,0.65
4978,replay,4000,0.1084,1.000,0.0279,0.65
4979,replay,4000,0.1144,1.000,0.0280,0.66
4980,replay,4000,0.0947,1.000,0.0280,0.66
4981,es_step,4000,0.0475,1.000,0.0280,1.18
4982,replay,4000,0.0947,1.000,0.0280,0.65
4983,replay,4000,0.0589,1.000,0.0280,0.65
4984,replay,4000,0.0725,1.000,0.0280,0.66
4985,es_step,4000,0.0306,1.000,0.0280,1.19
4986,es_step,4000,0.0293,1.000,0.0280,1.18
4987,replay,4000,0.0702,1.000,0.0280,0.65
4988,replay,4000,0.0515,1.000,0.0280,0.65
4989,replay,4000,0.0930,1.000,0.0280,0.65
4990,replay,4000,0.0927,1.000,0.0280,0.65
4991,es_step,4000,0.0343,1.000,0.0280,1.18
4992,replay,4000,0.0776,1.000,0.0282,0.65
4993,replay,4000,0.0775,1.000,0.0281,0.66
4994,replay,4000,0.0507,1.000,0.0281,0.66
4995,replay,4000,0.0300,1.000,0.0280,0.66
4996,replay,4000,0.0284,1.000,0.0280,0.66
4997,replay,4000,0.0371,1.000,0.0280,0.66
4998,replay,4000,0.0641,1.000,0.0280,0.66
4999,replay,4000,0.0375,1.000,0.0279,0.66
5000,replay,4000,0.0348,1.000,0.0279,0.66
5001,replay,4000,0.0689,1.000,0.0279,0.66
5002,replay,4000,0.0354,1.000,0.0280,0.66
5003,replay,4000,0.0389,1.000,0.0281,0.66
5004,replay,4000,0.0611,1.000,0.0280,0.66
5005,es_step,4000,0.0199,1.000,0.0280,1.19
5006,replay,4000,0.0546,1.000,0.0280,0.65
5007,replay,4000,0.0161,1.000,0.0279,0.66
5008,replay,4000,0.0137,1.000,0.0278,0.66
5009,replay,4000,0.0251,1.000,0.0278,0.66
5010,replay,4000,0.0439,1.000,0.0278,0.66
5011,es_step,4000,0.0432,1.000,0.0278,1.19
5012,replay,4000,0.0627,1.000,0.0278,0.65
5013,replay,4000,0.0723,1.000,0.0279,0.65
5014,replay,4000,0.0774,1.000,0.0280,0.65
5015,es_step,4000,0.0448,1.000,0.0280,3.21
5016,es_step,4000,0.0486,1.000,0.0280,1.18
5017,replay,4000,0.0916,1.000,0.0280,0.65
5018,es_step,4000,0.0444,1.000,0.0280,1.18
5019,es_step,4000,0.0427,1.000,0.0280,1.18
5020,replay,4000,0.1029,1.000,0.0281,0.65
5021,replay,4000,0.0894,1.000,0.0281,0.65
5022,es_step,4000,0.0453,1.000,0.0281,1.18
5023,replay,4000,0.0897,1.000,0.0282,0.65
5024,replay,4000,0.0891,1.000,0.0283,0.66
5025,replay,4000,0.0616,1.000,0.0284,0.66
5026,replay,4000,0.0607,1.000,0.0283,0.66
5027,replay,4000,0.0269,1.000,0.0283,0.66
5028,replay,4000,-0.0159,1.000,0.0282,0.67
5029,replay,4000,0.0702,1.000,0.0282,0.66
5030,replay,4000,0.1222,1.000,0.0284,0.66
5031,replay,4000,0.0902,1.000,0.0284,0.66
5032,replay,4000,0.0777,1.000,0.0284,0.66
5033,replay,4000,0.0601,1.000,0.0283,0.66
5034,replay,4000,0.0812,1.000,0.0283,0.66
5035,replay,4000,0.0604,1.000,0.0283,0.66
5036,replay,4000,0.0584,1.000,0.0283,0.66
5037,replay,4000,0.0929,1.000,0.0282,0.66
5038,replay,4000,0.0806,1.000,0.0282,0.66
5039,replay,4000,0.0536,1.000,0.0281,0.66
5040,es_step,4000,0.0192,1.000,0.0281,1.20
5041,replay,4000,0.0649,1.000,0.0281,0.66
5042,replay,4000,0.0574,1.000,0.0280,0.66
5043,replay,4000,0.0186,1.000,0.0279,0.66
5044,replay,4000,0.0074,1.000,0.0278,0.66
5045,replay,4000,0.0357,1.000,0.0278,0.66
5046,replay,4000,0.0527,1.000,0.0278,0.66
5047,es_step,4000,0.0538,1.000,0.0278,1.19
5048,replay,4000,0.0700,1.000,0.0279,0.69
5049,replay,4000,0.0973,1.000,0.0279,0.67
5050,replay,4000,0.0696,1.000,0.0279,0.66
5051,replay,4000,0.0468,1.000,0.0279,0.66
5052,replay,4000,0.0591,1.000,0.0278,0.66
5053,replay,4000,0.0394,1.000,0.0277,0.66
5054,replay,4000,0.0395,1.000,0.0277,0.66
5055,replay,4000,0.0923,1.000,0.0279,0.66
5056,replay,4000,0.0793,1.000,0.0278,0.66
5057,replay,4000,0.0948,1.000,0.0279,0.66
5058,replay,4000,0.1095,1.000,0.0279,0.66
5059,es_step,4000,0.0364,1.000,0.0279,1.19
5060,replay,4000,0.1358,1.000,0.0279,0.66
5061,replay,4000,0.1363,1.000,0.0279,0.66
5062,es_step,4000,0.0788,1.000,0.0283,1.19
5063,es_step,4000,0.0798,1.000,0.0284,1.19
5064,replay,4000,0.1636,1.000,0.0285,0.66
5065,replay,4000,0.1609,1.000,0.0287,0.66
5066,es_step,4000,0.0889,1.000,0.0288,1.19
5067,replay,4000,0.1144,1.000,0.0290,0.66
5068,replay,4000,0.1299,1.000,0.0291,0.66
5069,replay,4000,0.1052,1.000,0.0291,0.66
5070,es_step,4000,0.0499,1.000,0.0291,1.19
5071,es_step,4000,0.0488,1.000,0.0291,1.19
5072,replay,4000,0.0896,1.000,0.0292,0.66
5073,replay,4000,0.0732,1.000,0.0293,0.67
5074,replay,4000,0.0915,1.000,0.0293,0.66
5075,es_step,4000,0.0451,1.000,0.0293,1.19
5076,replay,4000,0.0813,1.000,0.0293,0.66
5077,es_step,4000,0.0458,1.000,0.0293,1.19
5078,replay,4000,0.0459,1.000,0.0292,0.67
5079,replay,4000,0.0858,1.000,0.0292,0.66
5080,replay,4000,0.0690,1.000,0.0292,0.66
5081,replay,4000,0.0459,1.000,0.0294,0.66
5082,replay,4000,0.0766,1.000,0.0293,0.66
5083,replay,4000,0.0669,1.000,0.0293,0.66
5084,replay,4000,0.0137,1.000,0.0292,0.66
5085,es_step,4000,-0.0031,1.000,0.0292,1.19
5086,replay,4000,0.0041,1.000,0.0291,0.66
5087,replay,4000,0.0253,1.000,0.0291,0.66
5088,replay,4000,0.0358,1.000,0.0291,0.66
5089,replay,4000,0.0327,1.000,0.0290,0.66
5090,es_step,4000,0.0649,1.000,0.0291,1.20
5091,replay,4000,0.1069,1.000,0.0291,0.66
5092,replay,4000,0.1177,1.000,0.0293,0.66
5093,replay,4000,0.1123,1.000,0.0294,0.66
5094,es_step,4000,0.0561,1.000,0.0294,1.20
5095,replay,4000,0.0790,1.000,0.0295,0.66
5096,replay,4000,0.0778,1.000,0.0294,0.67
5097,replay,4000,0.0711,1.000,0.0294,0.66
5098,replay,4000,0.0421,1.000,0.0293,0.66
5099,replay,4000,0.0251,1.000,0.0292,0.66
5100,replay,4000,0.0129,1.000,0.0291,0.66
5101,replay,4000,0.0500,1.000,0.0291,0.66
5102,replay,4000,0.0243,1.000,0.0291,0.66
5103,replay,4000,0.0334,1.000,0.0290,0.66
5104,replay,4000,0.0378,1.000,0.0290,0.66
5105,replay,4000,0.0424,1.000,0.0290,0.66
5106,replay,4000,0.0685,1.000,0.0290,0.66
5107,es_step,4000,0.0311,1.000,0.0290,1.19
5108,replay,4000,0.0573,1.000,0.0289,0.66
5109,replay,4000,0.0174,1.000,0.0289,0.66
5110,replay,4000,0.0233,1.000,0.0288,0.66
5111,replay,4000,0.0343,1.000,0.0288,0.66
5112,replay,4000,0.0292,1.000,0.0287,0.66
5113,es_step,4000,0.0313,1.000,0.0288,1.19
5114,replay,4000,0.0406,1.000,0.0287,0.66
5115,es_step,4000,0.0337,1.000,0.0287,1.19
5116,replay,4000,0.0674,1.000,0.0287,0.66
5117,replay,4000,0.0605,1.000,0.0286,0.66
5118,es_step,4000,0.0138,1.000,0.0286,1.19
5119,replay,4000,0.0015,1.000,0.0285,0.66
5120,replay,4000,0.0271,1.000,0.0285,0.66
5121,es_step,4000,0.0307,1.000,0.0285,1.20
5122,replay,4000,0.0538,1.000,0.0285,0.66
5123,replay,4000,0.0733,1.000,0.0286,0.66
5124,replay,4000,0.0229,1.000,0.0286,0.66
5125,replay,4000,-0.0199,1.000,0.0285,0.66
5126,es_step,4000,0.0595,1.000,0.0285,1.19
5127,replay,4000,0.0704,1.000,0.0286,0.66
5128,replay,4000,0.1242,1.000,0.0287,0.66
5129,es_step,4000,0.0672,1.000,0.0287,1.19
5130,es_step,4000,0.0671,1.000,0.0287,1.19
5131,replay,4000,0.1011,1.000,0.0288,0.66
5132,replay,4000,0.0959,1.000,0.0289,0.66
5133,replay,4000,0.0961,1.000,0.0289,0.66
5134,replay,4000,0.0756,1.000,0.0289,0.66
5135,es_step,4000,0.0303,1.000,0.0289,1.19
5136,replay,4000,0.0559,1.000,0.0288,0.66
5137,es_step,4000,0.0294,1.000,0.0288,1.19
5138,replay,4000,0.0648,1.000,0.0288,0.66
5139,replay,4000,0.0680,1.000,0.0289,0.66
5140,replay,4000,0.0699,1.000,0.0289,0.66
5141,replay,4000,0.0717,1.000,0.0289,0.66
5142,replay,4000,0.0453,1.000,0.0289,0.66
5143,replay,4000,0.0474,1.000,0.0288,0.66
5144,es_step,4000,0.0169,1.000,0.0288,1.19
5145,replay,4000,0.0410,1.000,0.0288,0.66
5146,replay,4000,0.0255,1.000,0.0287,0.66
5147,replay,4000,0.0289,1.000,0.0287,0.66
5148,replay,4000,0.0575,1.000,0.0286,0.66
5149,replay,4000,0.0492,1.000,0.0286,0.66
5150,es_step,4000,0.0058,1.000,0.0286,1.19
5151,replay,4000,0.0087,1.000,0.0285,0.66
5152,replay,4000,0.0322,1.000,0.0284,0.66
5153,es_step,4000,0.0267,1.000,0.0285,1.20
5154,replay,4000,0.0318,1.000,0.0284,0.66
5155,replay,4000,0.0276,1.000,0.0284,0.66
5156,replay,4000,0.0596,1.000,0.0284,0.67
5157,replay,4000,0.0640,1.000,0.0284,0.66
5158,replay,4000,0.0537,1.000,0.0286,0.67
5159,replay,4000,0.0952,1.000,0.0286,0.67
5160,es_step,4000,0.0309,1.000,0.0286,1.20
5161,es_step,4000,0.0331,1.000,0.0286,1.19
5162,replay,4000,0.0641,1.000,0.0285,0.66
5163,es_step,4000,0.0321,1.000,0.0285,1.20
5164,replay,4000,0.0626,1.000,0.0285,0.66
5165,replay,4000,0.0446,1.000,0.0285,0.66
5166,replay,4000,0.0344,1.000,0.0285,0.66
5167,replay,4000,0.0484,1.000,0.0285,0.66
5168,es_step,4000,0.0383,1.000,0.0285,1.19
5169,replay,4000,0.0547,1.000,0.0284,0.66
5170,es_step,4000,0.0411,1.000,0.0285,1.19
5171,es_step,4000,0.0440,1.000,0.0285,1.19
5172,replay,4000,0.0688,1.000,0.0286,0.66
5173,es_step,4000,0.0438,1.000,0.0286,1.19
5174,replay,4000,0.0671,1.000,0.0286,0.66
5175,replay,4000,0.0645,1.000,0.0286,0.66
5176,replay,4000,0.0643,1.000,0.0286,0.66
5177,replay,4000,0.0458,1.000,0.0285,0.66
5178,replay,4000,0.0044,1.000,0.0284,0.66
5179,replay,4000,0.0111,1.000,0.0282,0.66
5180,replay,4000,0.0358,1.000,0.0282,0.66
5181,replay,4000,0.0501,1.000,0.0282,0.66
5182,replay,4000,0.0795,1.000,0.0282,0.66
5183,replay,4000,0.0702,1.000,0.0282,0.66
5184,es_step,4000,0.0319,1.000,0.0282,1.20
5185,replay,4000,0.0689,1.000,0.0282,0.66
5186,replay,4000,0.0705,1.000,0.0282,0.66
5187,replay,4000,0.0644,1.000,0.0282,0.66
5188,replay,4000,0.0449,1.000,0.0282,0.66
5189,replay,4000,0.0414,1.000,0.0282,0.66
5190,replay,4000,0.0524,1.000,0.0282,0.66
5191,es_step,4000,0.0386,1.000,0.0282,1.19
5192,replay,4000,0.0597,1.000,0.0282,0.66
5193,replay,4000,0.0537,1.000,0.0283,0.66
5194,replay,4000,0.0996,1.000,0.0283,0.64
5195,replay,4000,0.0774,1.000,0.0284,0.64
5196,replay,4000,0.0665,1.000,0.0284,0.64
5197,replay,4000,0.0589,1.000,0.0284,0.63
5198,replay,4000,0.0545,1.000,0.0282,0.63
5199,replay,4000,0.0693,1.000,0.0282,0.63
5200,replay,4000,0.0733,1.000,0.0283,0.63
5201,replay,4000,0.0687,1.000,0.0283,0.63
5202,replay,4000,0.0848,1.000,0.0283,0.63
5203,replay,4000,0.0672,1.000,0.0283,0.64
5204,replay,4000,0.0869,1.000,0.0282,0.67
5205,replay,4000,0.0523,1.000,0.0282,0.67
5206,replay,4000,0.0622,1.000,0.0283,0.67
5207,replay,4000,0.0597,1.000,0.0283,0.67
5208,replay,4000,0.0183,1.000,0.0281,0.67
5209,replay,4000,0.0601,1.000,0.0281,0.67
5210,replay,4000,0.0217,1.000,0.0280,0.67
5211,replay,4000,0.0551,1.000,0.0280,0.67
5212,replay,4000,0.0577,1.000,0.0280,0.67
5213,es_step,4000,0.0342,1.000,0.0280,1.20
5214,es_step,4000,0.0361,1.000,0.0280,1.19
5215,replay,4000,0.0505,1.000,0.0282,0.66
5216,replay,4000,0.0521,1.000,0.0282,0.66
5217,replay,4000,0.0634,1.000,0.0282,0.66
5218,replay,4000,0.1020,1.000,0.0285,0.66
5219,replay,4000,0.1029,1.000,0.0286,0.66
5220,es_step,4000,0.0788,1.000,0.0289,1.19
5221,replay,4000,0.1213,1.000,0.0290,0.66
5222,replay,4000,0.1122,1.000,0.0292,0.66
5223,replay,4000,0.0937,1.000,0.0292,0.66
5224,replay,4000,0.1334,1.000,0.0292,0.66
5225,replay,4000,0.1402,1.000,0.0293,0.66
5226,replay,4000,0.0834,1.000,0.0293,0.66
5227,es_step,4000,0.0635,1.000,0.0293,1.20
5228,replay,4000,0.0884,1.000,0.0293,0.66
5229,replay,4000,0.0683,1.000,0.0293,0.66
5230,es_step,4000,0.0367,1.000,0.0293,1.19
5231,es_step,4000,0.0432,1.000,0.0293,1.18
5232,replay,4000,0.0386,1.000,0.0293,0.66
5233,replay,4000,0.0431,1.000,0.0293,0.66
5234,replay,4000,0.0444,1.000,0.0293,0.66
5235,replay,4000,0.0385,1.000,0.0293,0.67
5236,es_step,4000,0.0200,1.000,0.0293,1.21
5237,replay,4000,0.0277,1.000,0.0293,0.66
5238,es_step,4000,0.0181,1.000,0.0293,1.19
5239,replay,4000,0.0204,1.000,0.0292,0.66
5240,replay,4000,0.0316,1.000,0.0292,0.66
5241,replay,4000,0.0347,1.000,0.0291,0.66
5242,replay,4000,0.0308,1.000,0.0291,0.66
5243,replay,4000,0.0367,1.000,0.0290,0.67
5244,replay,4000,0.0322,1.000,0.0290,0.66
5245,replay,4000,0.0299,1.000,0.0289,0.65
5246,replay,4000,0.0312,1.000,0.0289,0.64
5247,replay,4000,0.0285,1.000,0.0288,0.63
5248,replay,4000,0.0354,1.000,0.0287,0.63
5249,replay,4000,0.0375,1.000,0.0287,0.63
5250,replay,4000,0.0504,1.000,0.0287,0.63
5251,replay,4000,-0.0317,1.000,0.0285,0.62
5252,replay,4000,0.0515,1.000,0.0286,0.62
5253,replay,4000,0.0861,1.000,0.0286,0.63
5254,replay,4000,0.0776,1.000,0.0287,0.63
5255,replay,4000,0.0588,1.000,0.0290,0.64
5256,es_step,4000,0.0185,1.000,0.0290,1.18
5257,replay,4000,0.0585,1.000,0.0287,0.65
5258,replay,4000,0.0597,1.000,0.0287,0.66
5259,replay,4000,0.0742,1.000,0.0287,0.66
5260,es_step,4000,0.0254,1.000,0.0287,1.19
5261,replay,4000,0.0783,1.000,0.0287,0.66
5262,replay,4000,0.0677,1.000,0.0286,0.66
5263,replay,4000,0.0634,1.000,0.0285,0.66
5264,replay,4000,0.0962,1.000,0.0285,0.66
5265,replay,4000,0.0837,1.000,0.0285,0.66
5266,replay,4000,0.0783,1.000,0.0285,0.66
5267,replay,4000,0.0415,1.000,0.0284,0.67
5268,replay,4000,0.0407,1.000,0.0284,0.66
5269,replay,4000,0.0313,1.000,0.0282,0.66
5270,replay,4000,0.0011,1.000,0.0281,0.66
5271,replay,4000,0.0258,1.000,0.0280,0.66
5272,es_step,4000,0.0295,1.000,0.0280,1.20
5273,replay,4000,0.0391,1.000,0.0280,0.66
5274,replay,4000,0.0668,1.000,0.0280,0.66
5275,replay,4000,0.0305,1.000,0.0280,0.67
5276,replay,4000,0.0805,1.000,0.0280,0.67
5277,replay,4000,0.0903,1.000,0.0281,0.66
5278,replay,4000,0.0907,1.000,0.0282,0.66
5279,replay,4000,0.0764,1.000,0.0282,0.66
5280,es_step,4000,0.0519,1.000,0.0282,1.20
5281,replay,4000,0.0723,1.000,0.0283,0.66
5282,replay,4000,0.0935,1.000,0.0283,0.66
5283,replay,4000,0.0909,1.000,0.0284,0.66
5284,replay,4000,0.0860,1.000,0.0284,0.67
5285,replay,4000,0.0715,1.000,0.0284,0.66
5286,replay,4000,0.0609,1.000,0.0284,0.66
5287,replay,4000,0.0478,1.000,0.0283,0.66
5288,es_step,4000,0.0159,1.000,0.0283,1.20
5289,replay,4000,0.0488,1.000,0.0283,0.67
5290,replay,4000,0.0249,1.000,0.0282,0.66
5291,es_step,4000,0.0101,1.000,0.0282,1.19
5292,replay,4000,0.0865,1.000,0.0282,0.66
5293,replay,4000,0.0745,1.000,0.0281,0.67
5294,replay,4000,0.1089,1.000,0.0282,0.67
5295,replay,4000,0.1138,1.000,0.0283,0.67
5296,replay,4000,0.1035,1.000,0.0283,0.67
5297,replay,4000,0.0721,1.000,0.0284,0.66
5298,replay,4000,0.0569,1.000,0.0283,0.66
5299,es_step,4000,0.0147,1.000,0.0283,1.20
5300,replay,4000,0.0397,1.000,0.0282,0.66
5301,replay,4000,0.0264,1.000,0.0282,0.67
5302,es_step,4000,0.0148,1.000,0.0282,1.19
5303,replay,4000,0.0287,1.000,0.0281,0.66
5304,replay,4000,-0.0022,1.000,0.0278,0.67
5305,replay,4000,0.0486,1.000,0.0278,0.66
5306,es_step,4000,0.0376,1.000,0.0278,1.19
5307,replay,4000,0.0492,1.000,0.0278,0.66
5308,replay,4000,0.0581,1.000,0.0278,0.66
5309,replay,4000,0.0551,1.000,0.0278,0.66
5310,replay,4000,0.0207,1.000,0.0277,0.67
5311,replay,4000,0.0219,1.000,0.0276,0.66
5312,es_step,4000,0.0012,1.000,0.0276,1.19
5313,es_step,4000,0.0028,1.000,0.0276,1.18
5314,replay,4000,0.0069,1.000,0.0274,0.66
5315,replay,4000,0.0574,1.000,0.0274,0.66
5316,replay,4000,0.0620,1.000,0.0274,0.66
5317,replay,4000,0.0419,1.000,0.0275,0.66
5318,es_step,4000,0.0479,1.000,0.0275,1.19
5319,es_step,4000,0.0484,1.000,0.0275,1.19
5320,replay,4000,0.0763,1.000,0.0275,2.71
5321,replay,4000,-0.0238,1.000,0.0274,0.66
5322,replay,4000,0.0879,1.000,0.0275,0.66
5323,replay,4000,0.0759,1.000,0.0276,0.66
5324,replay,4000,0.0800,1.000,0.0276,0.66
5325,replay,4000,0.0577,1.000,0.0277,0.66
5326,replay,4000,-0.0205,1.000,0.0276,0.66
5327,es_step,4000,0.0040,1.000,0.0276,1.19
5328,replay,4000,0.0043,1.000,0.0275,0.66
5329,replay,4000,0.1010,1.000,0.0275,0.66
5330,replay,4000,0.1705,1.000,0.0276,0.66
5331,es_step,4000,0.0823,1.000,0.0281,1.18
5332,replay,4000,0.2157,1.000,0.0281,0.66
5333,es_step,4000,0.0843,1.000,0.0285,1.19
5334,replay,4000,0.1922,1.000,0.0287,0.66
5335,replay,4000,0.1637,1.000,0.0287,0.66
5336,replay,4000,0.1209,1.000,0.0288,0.66
5337,replay,4000,0.0880,1.000,0.0287,0.66
5338,replay,4000,0.0728,1.000,0.0287,0.66
5339,replay,4000,0.0815,1.000,0.0286,0.66
5340,replay,4000,0.0661,1.000,0.0286,0.66
5341,es_step,4000,0.0402,1.000,0.0286,1.19
5342,replay,4000,0.0635,1.000,0.0286,0.66
5343,replay,4000,0.1073,1.000,0.0286,0.66
5344,replay,4000,0.1008,1.000,0.0287,0.67
5345,replay,4000,0.0808,1.000,0.0286,0.66
5346,replay,4000,0.1163,1.000,0.0287,0.66
5347,replay,4000,0.1214,1.000,0.0288,0.66
5348,replay,4000,0.1075,1.000,0.0289,0.66
5349,replay,4000,0.0963,1.000,0.0289,0.67
5350,replay,4000,0.0902,1.000,0.0289,0.67
5351,replay,4000,0.0767,1.000,0.0289,0.66
5352,replay,4000,0.0478,1.000,0.0289,0.66
5353,es_step,4000,0.0372,1.000,0.0289,1.19
5354,replay,4000,0.0370,1.000,0.0288,0.66
5355,es_step,4000,0.0425,1.000,0.0289,1.19
5356,es_step,4000,0.0449,1.000,0.0289,1.18
5357,replay,4000,0.0496,1.000,0.0289,0.66
5358,replay,4000,0.0507,1.000,0.0287,0.67
5359,es_step,4000,0.0496,1.000,0.0287,1.20
5360,replay,4000,0.0579,1.000,0.0287,0.66
5361,replay,4000,0.0420,1.000,0.0287,0.66
5362,replay,4000,0.0437,1.000,0.0286,0.66
5363,replay,4000,0.0509,1.000,0.0286,0.66
5364,replay,4000,0.0533,1.000,0.0286,0.66
5365,replay,4000,0.0439,1.000,0.0285,0.66
5366,es_step,4000,0.0244,1.000,0.0285,1.19
5367,replay,4000,0.0614,1.000,0.0285,0.66
5368,replay,4000,-0.2464,1.000,0.0283,0.66
5369,replay,4000,0.1357,1.000,0.0284,0.66
5370,replay,4000,0.1480,1.000,0.0285,0.66
5371,replay,4000,0.1319,1.000,0.0287,0.66
5372,replay,4000,0.1012,1.000,0.0287,0.66
5373,es_step,4000,0.0272,1.000,0.0287,1.19
5374,replay,4000,0.0485,1.000,0.0286,0.66
5375,replay,4000,0.0469,1.000,0.0285,0.66
5376,replay,4000,-0.0057,1.000,0.0284,0.66
5377,replay,4000,-0.0010,1.000,0.0283,0.66
5378,replay,4000,-0.0060,1.000,0.0282,0.66
5379,replay,4000,0.0375,1.000,0.0281,0.66
5380,replay,4000,0.0551,1.000,0.0282,0.66
5381,replay,4000,0.0904,1.000,0.0282,0.66
5382,replay,4000,0.0807,1.000,0.0283,0.66
5383,replay,4000,0.0678,1.000,0.0283,0.67
5384,replay,4000,0.0425,1.000,0.0283,0.67
5385,es_step,4000,0.0291,1.000,0.0283,1.20
5386,replay,4000,0.0413,1.000,0.0283,0.66
5387,replay,4000,0.0469,1.000,0.0283,0.66
5388,replay,4000,0.0342,1.000,0.0283,0.67
5389,replay,4000,0.0513,1.000,0.0283,0.66
5390,es_step,4000,0.0472,1.000,0.0283,1.20
5391,replay,4000,0.0602,1.000,0.0284,0.66
5392,replay,4000,0.1087,1.000,0.0284,0.66
5393,replay,4000,0.1074,1.000,0.0284,0.66
5394,es_step,4000,0.0541,1.000,0.0284,1.19
5395,replay,4000,0.1029,1.000,0.0285,0.65
5396,replay,4000,0.0974,1.000,0.0285,0.66
5397,replay,4000,0.0887,1.000,0.0285,0.66
5398,replay,4000,0.0849,1.000,0.0285,0.66
5399,replay,4000,0.0490,1.000,0.0285,0.66
5400,es_step,4000,0.0252,1.000,0.0285,1.19
5401,es_step,4000,0.0233,1.000,0.0285,1.20
5402,replay,4000,0.0599,1.000,0.0284,0.66
5403,replay,4000,0.0657,1.000,0.0284,0.66
5404,replay,4000,0.0888,1.000,0.0283,0.66
5405,replay,4000,0.0720,1.000,0.0283,0.66
5406,replay,4000,0.0738,1.000,0.0282,0.66
5407,es_step,4000,0.0190,1.000,0.0282,1.20
5408,es_step,4000,0.0217,1.000,0.0282,1.19
5409,replay,4000,0.0739,1.000,0.0282,0.66
5410,replay,4000,0.0763,1.000,0.0282,0.66
5411,es_step,4000,0.0411,1.000,0.0282,1.19
5412,replay,4000,0.0522,1.000,0.0282,0.66
5413,replay,4000,0.0814,1.000,0.0282,0.66
5414,replay,4000,0.0697,1.000,0.0282,0.66
5415,replay,4000,0.0873,1.000,0.0282,0.66
5416,replay,4000,0.0716,1.000,0.0282,0.66
5417,replay,4000,0.0788,1.000,0.0284,0.67
5418,es_step,4000,0.0492,1.000,0.0284,1.19
5419,replay,4000,0.0788,1.000,0.0284,0.66
5420,replay,4000,0.0611,1.000,0.0284,0.66
5421,replay,4000,0.0519,1.000,0.0284,0.66
5422,replay,4000,0.0364,1.000,0.0283,0.66
5423,es_step,4000,-0.0009,1.000,0.0284,1.19
5424,replay,4000,0.0307,1.000,0.0283,0.66
5425,replay,4000,0.0134,1.000,0.0280,0.66
5426,replay,4000,0.0288,1.000,0.0281,0.66
5427,replay,4000,0.0316,1.000,0.0281,0.66
5428,replay,4000,0.0315,1.000,0.0281,0.66
5429,replay,4000,0.0077,1.000,0.0280,0.66
5430,replay,4000,0.0506,1.000,0.0280,0.66
5431,replay,4000,0.0446,1.000,0.0280,0.66
5432,replay,4000,0.0508,1.000,0.0280,0.66
5433,replay,4000,0.0413,1.000,0.0279,0.66
5434,replay,4000,0.0449,1.000,0.0279,0.66
5435,replay,4000,0.0547,1.000,0.0279,0.66
5436,replay,4000,0.0628,1.000,0.0278,0.66
5437,replay,4000,0.0470,1.000,0.0277,0.66
5438,es_step,4000,0.0415,1.000,0.0277,1.19
5439,replay,4000,0.0825,1.000,0.0278,0.66
5440,replay,4000,0.1034,1.000,0.0279,0.66
5441,es_step,4000,0.0772,1.000,0.0281,1.19
5442,replay,4000,0.1281,1.000,0.0281,0.66
5443,replay,4000,0.0945,1.000,0.0281,0.66
5444,replay,4000,0.0998,1.000,0.0283,0.66
5445,replay,4000,0.1429,1.000,0.0284,0.66
5446,replay,4000,0.1301,1.000,0.0284,0.66
5447,replay,4000,0.1142,1.000,0.0285,0.66
5448,replay,4000,0.0924,1.000,0.0286,0.66
5449,replay,4000,0.0797,1.000,0.0285,0.66
5450,replay,4000,0.0499,1.000,0.0285,0.67
5451,replay,4000,0.0412,1.000,0.0285,0.67
5452,replay,4000,0.0365,1.000,0.0284,0.67
5453,es_step,4000,0.0190,1.000,0.0284,1.20
5454,es_step,4000,0.0164,1.000,0.0284,1.19
5455,es_step,4000,0.0208,1.000,0.0284,1.19
5456,replay,4000,0.0323,1.000,0.0283,0.66
5457,replay,4000,0.0268,1.000,0.0282,0.66
5458,replay,4000,0.0389,1.000,0.0282,0.66
5459,replay,4000,0.0248,1.000,0.0281,0.66
5460,replay,4000,0.0142,1.000,0.0281,0.66
5461,es_step,4000,0.0399,1.000,0.0281,1.20
5462,replay,4000,0.0445,1.000,0.0281,0.66
5463,replay,4000,0.0618,1.000,0.0281,0.66
5464,replay,4000,0.0524,1.000,0.0281,0.66
5465,replay,4000,0.0352,1.000,0.0281,0.66
5466,replay,4000,0.0376,1.000,0.0281,0.67
5467,replay,4000,0.0208,1.000,0.0280,0.66
5468,replay,4000,0.0449,1.000,0.0280,0.66
5469,replay,4000,0.0991,1.000,0.0280,0.66
5470,replay,4000,0.0689,1.000,0.0280,0.67
5471,es_step,4000,0.0378,1.000,0.0280,1.20
5472,replay,4000,0.0856,1.000,0.0280,0.66
5473,replay,4000,0.0625,1.000,0.0280,0.66
5474,es_step,4000,0.0384,1.000,0.0280,1.20
5475,replay,4000,0.0805,1.000,0.0280,0.66
5476,replay,4000,0.0652,1.000,0.0280,0.66
5477,replay,4000,0.0702,1.000,0.0280,0.66
5478,es_step,4000,0.0185,1.000,0.0280,1.20
5479,replay,4000,0.0416,1.000,0.0279,0.66
5480,replay,4000,0.0417,1.000,0.0278,0.66
5481,replay,4000,0.0165,1.000,0.0278,0.66
5482,replay,4000,0.0240,1.000,0.0277,0.66
5483,replay,4000,0.0331,1.000,0.0277,0.67
5484,es_step,4000,0.0406,1.000,0.0277,1.21
5485,replay,4000,0.0379,1.000,0.0277,0.66
5486,replay,4000,0.0466,1.000,0.0276,0.66
5487,replay,4000,0.0469,1.000,0.0276,0.66
5488,replay,4000,0.0536,1.000,0.0276,0.66
5489,replay,4000,0.0558,1.000,0.0276,0.66
5490,replay,4000,0.0582,1.000,0.0275,0.66
5491,replay,4000,0.0268,1.000,0.0274,0.68
5492,replay,4000,0.0382,1.000,0.0274,0.66
5493,es_step,4000,0.0328,1.000,0.0274,1.19
5494,es_step,4000,0.0309,1.000,0.0274,1.19
5495,replay,4000,0.0597,1.000,0.0276,0.66
5496,replay,4000,0.0774,1.000,0.0277,0.67
5497,replay,4000,0.0616,1.000,0.0276,0.66
5498,replay,4000,0.0373,1.000,0.0276,0.66
5499,replay,4000,0.0111,1.000,0.0275,0.67
5500,replay,4000,0.0433,1.000,0.0275,0.66
5501,replay,4000,0.0177,1.000,0.0274,0.66
5502,es_step,4000,0.0276,1.000,0.0274,1.19
5503,replay,4000,0.0402,1.000,0.0273,0.66
5504,replay,4000,0.0845,1.000,0.0274,0.67
5505,es_step,4000,0.0463,1.000,0.0274,1.19
5506,replay,4000,0.0863,1.000,0.0274,0.66
5507,replay,4000,0.0567,1.000,0.0274,0.66
5508,replay,4000,0.1125,1.000,0.0274,0.66
5509,es_step,4000,0.0546,1.000,0.0274,1.19
5510,replay,4000,0.0894,1.000,0.0274,0.66
5511,replay,4000,0.1033,1.000,0.0275,0.67
5512,es_step,4000,0.0664,1.000,0.0277,1.20
5513,replay,4000,0.0995,1.000,0.0278,0.66
5514,es_step,4000,0.0523,1.000,0.0278,1.19
5515,replay,4000,0.0853,1.000,0.0278,0.66
5516,replay,4000,0.0654,1.000,0.0278,0.66
5517,replay,4000,0.0529,1.000,0.0278,0.66
5518,replay,4000,0.0474,1.000,0.0278,0.66
5519,replay,4000,0.0415,1.000,0.0278,0.66
5520,replay,4000,0.0165,1.000,0.0277,0.67
5521,replay,4000,0.0566,1.000,0.0278,0.67
5522,es_step,4000,0.0473,1.000,0.0278,1.20
5523,replay,4000,0.0538,1.000,0.0278,0.67
5524,es_step,4000,0.0400,1.000,0.0278,1.20
5525,replay,4000,0.0671,1.000,0.0278,0.66
5526,replay,4000,0.0469,1.000,0.0279,0.66
5527,replay,4000,0.0234,1.000,0.0278,0.66
5528,replay,4000,0.0036,1.000,0.0276,0.66
5529,replay,4000,0.0087,1.000,0.0275,0.66
5530,replay,4000,0.0064,1.000,0.0274,0.66
5531,replay,4000,0.0392,1.000,0.0274,0.66
5532,es_step,4000,0.0496,1.000,0.0274,1.19
5533,replay,4000,0.0295,1.000,0.0274,0.66
5534,replay,4000,0.1098,1.000,0.0275,0.66
5535,es_step,4000,0.0638,1.000,0.0275,1.19
5536,es_step,4000,0.0616,1.000,0.0276,1.19
5537,replay,4000,0.1000,1.000,0.0276,0.67
5538,replay,4000,0.0905,1.000,0.0278,0.66
5539,replay,4000,0.1058,1.000,0.0278,0.66
5540,replay,4000,0.0495,1.000,0.0278,0.66
5541,replay,4000,0.0666,1.000,0.0278,0.66
5542,replay,4000,0.0576,1.000,0.0278,0.67
5543,replay,4000,0.0486,1.000,0.0278,0.67
5544,replay,4000,0.0272,1.000,0.0278,0.66
5545,replay,4000,0.0127,1.000,0.0276,0.66
5546,replay,4000,0.0206,1.000,0.0276,0.66
5547,replay,4000,0.0334,1.000,0.0275,0.66
5548,replay,4000,0.0249,1.000,0.0273,0.66
5549,replay,4000,0.0524,1.000,0.0273,0.66
5550,es_step,4000,0.0409,1.000,0.0273,1.19
5551,replay,4000,0.0446,1.000,0.0273,0.66
5552,replay,4000,0.0662,1.000,0.0273,0.66
5553,replay,4000,0.0735,1.000,0.0274,0.66
5554,es_step,4000,0.0427,1.000,0.0274,1.19
5555,replay,4000,0.0527,1.000,0.0273,0.66
5556,replay,4000,0.0475,1.000,0.0274,0.66
5557,replay,4000,0.0373,1.000,0.0274,0.66
5558,replay,4000,0.0354,1.000,0.0273,0.66
5559,replay,4000,-0.0104,1.000,0.0273,0.67
5560,replay,4000,0.0886,1.000,0.0274,0.67
5561,replay,4000,0.1012,1.000,0.0274,0.67
5562,replay,4000,0.1083,1.000,0.0275,0.67
5563,replay,4000,0.1243,1.000,0.0276,0.66
5564,es_step,4000,0.0790,1.000,0.0280,1.20
5565,replay,4000,0.1083,1.000,0.0281,0.67
5566,replay,4000,0.1163,1.000,0.0283,0.66
5567,replay,4000,0.0978,1.000,0.0283,0.66
5568,replay,4000,0.0829,1.000,0.0284,0.66
5569,replay,4000,0.0716,1.000,0.0284,0.66
5570,replay,4000,0.0630,1.000,0.0284,0.67
5571,replay,4000,0.0553,1.000,0.0284,0.67
5572,replay,4000,0.0726,1.000,0.0284,0.66
5573,es_step,4000,0.0402,1.000,0.0284,1.20
5574,replay,4000,0.0558,1.000,0.0284,0.66
5575,es_step,4000,0.0314,1.000,0.0284,1.19
5576,replay,4000,0.0395,1.000,0.0283,0.66
5577,replay,4000,0.0515,1.000,0.0283,0.67
5578,replay,4000,0.0347,1.000,0.0283,0.66
5579,replay,4000,0.0548,1.000,0.0282,0.66
5580,replay,4000,0.0341,1.000,0.0282,0.67
5581,es_step,4000,0.0100,1.000,0.0282,1.20
5582,replay,4000,0.0297,1.000,0.0281,0.66
5583,es_step,4000,0.0091,1.000,0.0281,1.19
5584,es_step,4000,0.0041,1.000,0.0281,1.18
5585,replay,4000,-0.0080,1.000,0.0279,0.66
5586,replay,4000,0.0021,1.000,0.0277,0.66
5587,replay,4000,0.0296,1.000,0.0277,0.66
5588,replay,4000,0.0447,1.000,0.0277,0.67
5589,es_step,4000,0.0462,1.000,0.0277,1.19
5590,replay,4000,0.0446,1.000,0.0277,0.66
5591,replay,4000,0.0503,1.000,0.0279,0.66
5592,replay,4000,0.0719,1.000,0.0279,0.66
5593,es_step,4000,0.0165,1.000,0.0279,1.20
5594,replay,4000,0.0522,1.000,0.0278,0.66
5595,es_step,4000,0.0011,1.000,0.0278,1.19
5596,replay,4000,0.0173,1.000,0.0276,0.65
5597,replay,4000,-0.0096,1.000,0.0275,0.66
5598,replay,4000,0.0259,1.000,0.0274,0.66
5599,replay,4000,0.0245,1.000,0.0272,0.66
5600,replay,4000,0.0297,1.000,0.0271,0.66
5601,replay,4000,0.0332,1.000,0.0271,0.66
5602,replay,4000,0.0474,1.000,0.0272,0.66
5603,replay,4000,0.0404,1.000,0.0272,0.66
5604,replay,4000,0.0985,1.000,0.0272,0.66
5605,replay,4000,0.0920,1.000,0.0273,0.66
5606,es_step,4000,0.0485,1.000,0.0273,1.20
5607,replay,4000,0.0807,1.000,0.0273,0.66
5608,replay,4000,0.0495,1.000,0.0274,0.66
5609,replay,4000,0.0221,1.000,0.0272,0.66
5610,es_step,4000,0.0158,1.000,0.0272,1.19
5611,replay,4000,0.0273,1.000,0.0272,0.66
5612,replay,4000,0.0386,1.000,0.0271,0.66
5613,es_step,4000,0.0157,1.000,0.0271,1.19
5614,replay,4000,0.0181,1.000,0.0271,0.66
5615,es_step,4000,0.0164,1.000,0.0271,1.19
5616,replay,4000,0.0336,1.000,0.0270,0.65
5617,replay,4000,0.0199,1.000,0.0269,0.66
5618,es_step,4000,0.0203,1.000,0.0269,1.18
5619,replay,4000,0.0150,1.000,0.0266,0.66
5620,replay,4000,0.0508,1.000,0.0266,0.66
5621,replay,4000,0.0623,1.000,0.0267,0.66
5622,replay,4000,0.0871,1.000,0.0267,0.66
5623,replay,4000,0.0652,1.000,0.0267,0.66
5624,es_step,4000,0.0176,1.000,0.0267,1.19
5625,replay,4000,0.0399,1.000,0.0267,0.66
5626,replay,4000,0.0410,1.000,0.0266,0.66
5627,replay,4000,0.0285,1.000,0.0265,0.66
5628,replay,4000,0.0220,1.000,0.0265,0.66
5629,replay,4000,0.0409,1.000,0.0264,2.71
5630,replay,4000,0.0628,1.000,0.0264,0.66
5631,es_step,4000,0.0267,1.000,0.0264,1.19
5632,replay,4000,0.0672,1.000,0.0264,0.65
5633,replay,4000,0.0777,1.000,0.0264,0.66
5634,replay,4000,0.0745,1.000,0.0264,0.66
5635,es_step,4000,0.0339,1.000,0.0264,1.19
5636,replay,4000,0.0692,1.000,0.0264,0.66
5637,es_step,4000,0.0328,1.000,0.0264,1.18
5638,replay,4000,0.0653,1.000,0.0264,0.66
5639,replay,4000,0.0594,1.000,0.0264,0.66
5640,es_step,4000,0.0224,1.000,0.0264,1.20
5641,replay,4000,0.0650,1.000,0.0264,0.66
5642,replay,4000,0.0423,1.000,0.0262,0.66
5643,replay,4000,0.0690,1.000,0.0262,0.66
5644,replay,4000,0.0619,1.000,0.0262,0.66
5645,es_step,4000,0.0230,1.000,0.0262,1.19
5646,replay,4000,0.0608,1.000,0.0262,0.65
5647,replay,4000,0.0375,1.000,0.0262,0.66
5648,es_step,4000,0.0208,1.000,0.0262,1.19
5649,replay,4000,0.0529,1.000,0.0262,0.66
5650,es_step,4000,0.0209,1.000,0.0262,1.19
5651,replay,4000,0.0256,1.000,0.0261,0.66
5652,replay,4000,0.0276,1.000,0.0261,0.67
5653,replay,4000,0.0576,1.000,0.0262,0.66
5654,replay,4000,0.0301,1.000,0.0261,0.66
5655,es_step,4000,0.0248,1.000,0.0261,1.19
5656,replay,4000,0.0331,1.000,0.0261,0.66
5657,replay,4000,0.0506,1.000,0.0261,0.66
5658,replay,4000,0.0567,1.000,0.0261,0.66
5659,replay,4000,0.0347,1.000,0.0261,0.66
5660,es_step,4000,0.0297,1.000,0.0261,1.19
5661,es_step,4000,0.0274,1.000,0.0261,1.18
5662,replay,4000,0.0444,1.000,0.0261,0.66
5663,replay,4000,0.0513,1.000,0.0261,0.66
5664,replay,4000,0.0554,1.000,0.0261,0.66
5665,replay,4000,0.0258,1.000,0.0260,0.66
5666,es_step,4000,0.0140,1.000,0.0260,1.19
5667,replay,4000,0.0440,1.000,0.0259,0.66
5668,replay,4000,0.0230,1.000,0.0259,0.66
5669,replay,4000,0.0528,1.000,0.0259,0.66
5670,es_step,4000,0.0427,1.000,0.0259,1.19
5671,replay,4000,0.0771,1.000,0.0260,0.66
5672,replay,4000,0.0528,1.000,0.0259,0.66
5673,replay,4000,0.0489,1.000,0.0259,0.66
5674,replay,4000,0.0473,1.000,0.0259,0.66
5675,replay,4000,-0.0243,1.000,0.0258,0.66
5676,replay,4000,0.0599,1.000,0.0258,0.66
5677,replay,4000,0.0717,1.000,0.0258,0.66
5678,replay,4000,0.0664,1.000,0.0258,0.66
5679,replay,4000,0.0516,1.000,0.0257,0.66
5680,replay,4000,0.0606,1.000,0.0257,0.66
5681,es_step,4000,0.0041,1.000,0.0257,1.19
5682,replay,4000,0.0004,1.000,0.0255,0.65
5683,replay,4000,0.0035,1.000,0.0253,0.66
5684,replay,4000,0.0449,1.000,0.0252,0.66
5685,replay,4000,0.0567,1.000,0.0252,0.66
5686,replay,4000,0.0741,1.000,0.0252,0.66
5687,replay,4000,0.0625,1.000,0.0254,0.66
5688,replay,4000,0.0703,1.000,0.0254,0.66
5689,replay,4000,0.0564,1.000,0.0253,0.66
5690,es_step,4000,0.0374,1.000,0.0254,1.20
5691,replay,4000,0.0661,1.000,0.0254,0.66
5692,replay,4000,0.0973,1.000,0.0255,0.66
5693,replay,4000,0.1346,1.000,0.0256,0.67
5694,es_step,4000,0.0996,1.000,0.0261,1.19
5695,replay,4000,0.1540,1.000,0.0261,0.66
5696,replay,4000,0.1454,1.000,0.0263,0.66
5697,es_step,4000,0.1085,1.000,0.0264,1.18
5698,replay,4000,0.1410,1.000,0.0268,0.66
5699,es_step,4000,0.1004,1.000,0.0268,1.19
5700,replay,4000,0.1273,1.000,0.0270,0.65
5701,replay,4000,0.1150,1.000,0.0272,0.67
5702,replay,4000,0.1049,1.000,0.0273,0.66
5703,replay,4000,0.1064,1.000,0.0274,0.66
5704,replay,4000,0.1012,1.000,0.0274,0.66
5705,replay,4000,0.0506,1.000,0.0276,0.66
5706,replay,4000,0.0347,1.000,0.0274,0.66
5707,replay,4000,0.0331,1.000,0.0274,0.66
5708,es_step,4000,0.0168,1.000,0.0274,1.20
5709,replay,4000,0.0222,1.000,0.0272,0.66
5710,es_step,4000,0.0127,1.000,0.0272,1.20
5711,replay,4000,0.0320,1.000,0.0272,0.66
5712,replay,4000,0.0309,1.000,0.0271,0.66
5713,replay,4000,0.0110,1.000,0.0270,0.67
5714,replay,4000,0.0307,1.000,0.0269,0.66
5715,replay,4000,0.0257,1.000,0.0269,0.66
5716,replay,4000,0.0438,1.000,0.0269,0.66
5717,replay,4000,0.0830,1.000,0.0268,0.66
5718,replay,4000,0.0490,1.000,0.0268,0.66
5719,replay,4000,0.0417,1.000,0.0267,0.66
5720,replay,4000,0.0298,1.000,0.0266,0.66
5721,replay,4000,0.0379,1.000,0.0266,0.66
5722,replay,4000,0.0425,1.000,0.0266,0.66
5723,replay,4000,0.0568,1.000,0.0266,0.66
5724,replay,4000,0.0609,1.000,0.0266,0.66
5725,replay,4000,0.0480,1.000,0.0266,0.66
5726,replay,4000,0.0418,1.000,0.0266,0.66
5727,replay,4000,0.0365,1.000,0.0266,0.66
5728,replay,4000,0.0253,1.000,0.0265,0.66
5729,replay,4000,0.0414,1.000,0.0264,0.66
5730,replay,4000,0.0399,1.000,0.0264,0.66
5731,replay,4000,0.0273,1.000,0.0263,0.66
5732,replay,4000,0.0320,1.000,0.0263,0.66
5733,es_step,4000,0.0233,1.000,0.0263,1.19
5734,replay,4000,0.0773,1.000,0.0263,0.66
5735,replay,4000,0.0296,1.000,0.0262,0.66
5736,es_step,4000,0.0349,1.000,0.0263,1.19
5737,replay,4000,0.0540,1.000,0.0263,0.66
5738,es_step,4000,0.0363,1.000,0.0263,1.19
5739,replay,4000,0.0368,1.000,0.0263,0.66
5740,es_step,4000,0.0334,1.000,0.0263,1.19
5741,replay,4000,0.0468,1.000,0.0262,0.66
5742,replay,4000,0.0263,1.000,0.0261,0.66
5743,replay,4000,0.0506,1.000,0.0261,0.66
5744,es_step,4000,0.0284,1.000,0.0261,1.19
5745,replay,4000,0.0334,1.000,0.0261,0.66
5746,replay,4000,0.0332,1.000,0.0261,0.66
5747,replay,4000,0.0606,1.000,0.0262,0.66
5748,es_step,4000,0.0446,1.000,0.0262,1.19
5749,es_step,4000,0.0453,1.000,0.0262,1.18
5750,es_step,4000,0.0472,1.000,0.0262,1.17
5751,es_step,4000,0.0440,1.000,0.0262,1.18
5752,replay,4000,0.0935,1.000,0.0262,0.66
5753,es_step,4000,0.0684,1.000,0.0263,1.18
5754,replay,4000,0.0821,1.000,0.0264,0.65
5755,replay,4000,0.1102,1.000,0.0266,0.66
5756,replay,4000,0.1539,1.000,0.0266,0.66
5757,es_step,4000,0.0719,1.000,0.0267,1.19
5758,replay,4000,0.1127,1.000,0.0269,0.65
5759,es_step,4000,0.0573,1.000,0.0269,1.16
5760,replay,4000,0.1521,1.000,0.0270,0.63
5761,replay,4000,0.0909,1.000,0.0270,0.63
5762,replay,4000,0.0108,1.000,0.0268,0.63
5763,es_step,4000,-0.0129,1.000,0.0268,1.14
5764,replay,4000,0.0037,1.000,0.0266,0.63
5765,replay,4000,0.0218,1.000,0.0264,0.63
5766,replay,4000,0.0166,1.000,0.0263,0.63
5767,replay,4000,0.0349,1.000,0.0262,0.63
5768,replay,4000,0.0323,1.000,0.0263,0.62
5769,replay,4000,0.0493,1.000,0.0264,0.62
5770,es_step,4000,0.0444,1.000,0.0264,1.14
5771,replay,4000,0.0590,1.000,0.0264,0.64
5772,replay,4000,0.0811,1.000,0.0264,0.65
5773,es_step,4000,0.0384,1.000,0.0264,1.19
5774,replay,4000,0.0851,1.000,0.0264,0.66
5775,replay,4000,0.0834,1.000,0.0264,0.66
5776,replay,4000,0.0670,1.000,0.0264,0.66
5777,replay,4000,0.0164,1.000,0.0264,0.66
5778,replay,4000,-0.0459,1.000,0.0263,0.67
5779,replay,4000,0.1238,1.000,0.0265,0.66
5780,replay,4000,0.1424,1.000,0.0266,0.66
5781,replay,4000,0.1239,1.000,0.0268,0.66
5782,replay,4000,0.1161,1.000,0.0268,0.66
5783,replay,4000,0.0975,1.000,0.0269,0.66
5784,es_step,4000,0.0262,1.000,0.0269,1.19
5785,replay,4000,0.0599,1.000,0.0268,0.66
5786,replay,4000,0.0422,1.000,0.0267,0.66
5787,replay,4000,0.0298,1.000,0.0266,0.65
5788,replay,4000,0.0316,1.000,0.0265,0.66
5789,replay,4000,0.0499,1.000,0.0264,0.66
5790,replay,4000,0.0667,1.000,0.0265,0.66
5791,es_step,4000,0.0596,1.000,0.0265,1.19
5792,replay,4000,0.0721,1.000,0.0266,0.65
5793,replay,4000,0.0378,1.000,0.0266,0.65
5794,replay,4000,0.0789,1.000,0.0266,0.66
5795,es_step,4000,0.0345,1.000,0.0266,1.18
5796,replay,4000,0.0422,1.000,0.0266,0.65
5797,replay,4000,0.0588,1.000,0.0265,0.66
5798,replay,4000,0.0566,1.000,0.0265,0.66
5799,replay,4000,0.0666,1.000,0.0266,0.67
5800,replay,4000,0.0216,1.000,0.0264,0.66
5801,replay,4000,0.0430,1.000,0.0265,0.66
5802,replay,4000,0.0865,1.000,0.0266,0.66
5803,replay,4000,0.0870,1.000,0.0266,0.66
5804,replay,4000,0.0812,1.000,0.0266,0.66
5805,replay,4000,0.0819,1.000,0.0267,0.66
5806,replay,4000,0.0627,1.000,0.0268,0.66
5807,replay,4000,0.0526,1.000,0.0267,0.66
5808,replay,4000,0.0190,1.000,0.0266,0.66
5809,replay,4000,-0.0145,1.000,0.0266,0.66
5810,replay,4000,0.0223,1.000,0.0265,0.66
5811,replay,4000,0.0222,1.000,0.0264,0.66
5812,replay,4000,0.0588,1.000,0.0264,0.66
5813,replay,4000,0.0512,1.000,0.0264,0.66
5814,replay,4000,0.0363,1.000,0.0264,0.66
5815,es_step,4000,0.0210,1.000,0.0264,1.20
5816,es_step,4000,0.0178,1.000,0.0264,1.19
5817,replay,4000,0.0486,1.000,0.0264,0.66
5818,replay,4000,0.0441,1.000,0.0264,0.66
5819,replay,4000,0.0770,1.000,0.0264,0.66
5820,es_step,4000,0.0338,1.000,0.0264,1.20
5821,replay,4000,0.0910,1.000,0.0264,0.66
5822,replay,4000,0.0968,1.000,0.0264,0.66
5823,replay,4000,0.0951,1.000,0.0265,0.66
5824,es_step,4000,0.0548,1.000,0.0265,1.19
5825,replay,4000,0.0561,1.000,0.0265,0.66
5826,replay,4000,0.0665,1.000,0.0265,0.66
5827,es_step,4000,0.0457,1.000,0.0265,1.19
5828,replay,4000,0.0756,1.000,0.0265,0.66
5829,es_step,4000,0.0362,1.000,0.0265,1.20
5830,replay,4000,0.0562,1.000,0.0265,0.65
5831,replay,4000,0.0487,1.000,0.0265,0.66
5832,replay,4000,0.0170,1.000,0.0264,0.66
5833,replay,4000,0.0428,1.000,0.0262,0.66
5834,replay,4000,0.0384,1.000,0.0262,0.66
5835,replay,4000,0.0884,1.000,0.0262,0.66
5836,replay,4000,0.1230,1.000,0.0263,0.66
5837,replay,4000,0.0987,1.000,0.0263,0.66
5838,replay,4000,0.0876,1.000,0.0263,0.66
5839,es_step,4000,0.0457,1.000,0.0263,1.19
5840,replay,4000,0.0856,1.000,0.0264,0.66
5841,es_step,4000,0.0317,1.000,0.0264,1.19
5842,replay,4000,0.0784,1.000,0.0264,0.65
5843,replay,4000,0.0625,1.000,0.0264,0.66
5844,es_step,4000,0.0242,1.000,0.0264,1.19
5845,replay,4000,0.0619,1.000,0.0265,0.66
5846,replay,4000,-0.0943,1.000,0.0265,0.66
5847,es_step,4000,0.0508,1.000,0.0265,1.19
5848,replay,4000,0.0466,1.000,0.0266,0.65
5849,replay,4000,0.0803,1.000,0.0269,0.66
5850,es_step,4000,0.0735,1.000,0.0270,1.19
5851,replay,4000,0.0506,1.000,0.0270,0.66
5852,replay,4000,0.1031,1.000,0.0272,0.66
5853,replay,4000,0.1116,1.000,0.0273,0.66
5854,replay,4000,0.0929,1.000,0.0274,0.66
5855,replay,4000,0.0945,1.000,0.0277,0.66
5856,replay,4000,0.1016,1.000,0.0276,0.66
5857,replay,4000,0.0681,1.000,0.0276,0.66
5858,es_step,4000,0.0280,1.000,0.0276,1.20
5859,replay,4000,0.0410,1.000,0.0276,0.66
5860,replay,4000,0.0520,1.000,0.0276,0.66
5861,es_step,4000,0.0458,1.000,0.0277,1.18
5862,replay,4000,0.0833,1.000,0.0278,0.65
5863,replay,4000,0.0778,1.000,0.0278,0.66
5864,replay,4000,0.1422,1.000,0.0279,0.66
5865,es_step,4000,0.0796,1.000,0.0281,1.19
5866,replay,4000,0.1099,1.000,0.0282,0.65
5867,replay,4000,0.1105,1.000,0.0282,0.66
5868,es_step,4000,0.0556,1.000,0.0282,1.19
5869,replay,4000,0.0805,1.000,0.0282,0.66
5870,replay,4000,0.0627,1.000,0.0283,0.66
5871,replay,4000,0.0680,1.000,0.0283,0.66
5872,replay,4000,0.0832,1.000,0.0283,0.67
5873,replay,4000,0.0373,1.000,0.0283,0.66
5874,replay,4000,0.0796,1.000,0.0285,0.66
5875,replay,4000,0.0670,1.000,0.0285,0.66
5876,replay,4000,0.0709,1.000,0.0285,0.66
5877,replay,4000,0.0467,1.000,0.0285,0.66
5878,replay,4000,0.0301,1.000,0.0284,0.66
5879,replay,4000,0.0299,1.000,0.0284,0.66
5880,replay,4000,0.0355,1.000,0.0283,0.66
5881,es_step,4000,0.0334,1.000,0.0283,1.19
5882,replay,4000,0.0675,1.000,0.0283,0.65
5883,replay,4000,0.0692,1.000,0.0283,0.66
5884,replay,4000,0.0487,1.000,0.0282,0.66
5885,es_step,4000,0.0306,1.000,0.0282,1.20
5886,es_step,4000,0.0300,1.000,0.0282,1.21
5887,replay,4000,0.0808,1.000,0.0282,0.66
5888,replay,4000,0.1189,1.000,0.0282,0.66
5889,replay,4000,0.1293,1.000,0.0283,0.67
5890,replay,4000,0.1219,1.000,0.0285,0.67
5891,replay,4000,0.1104,1.000,0.0288,0.67
5892,replay,4000,0.0888,1.000,0.0289,0.67
5893,replay,4000,0.0855,1.000,0.0289,0.67
5894,replay,4000,0.0858,1.000,0.0289,0.66
5895,replay,4000,0.0668,1.000,0.0289,0.66
5896,replay,4000,0.0441,1.000,0.0287,0.66
5897,replay,4000,0.0032,1.000,0.0285,0.66
5898,es_step,4000,0.0398,1.000,0.0285,1.20
5899,es_step,4000,0.0399,1.000,0.0285,1.19
5900,replay,4000,0.0415,1.000,0.0285,0.66
5901,replay,4000,0.0468,1.000,0.0286,0.66
5902,replay,4000,0.0518,1.000,0.0286,0.67
5903,replay,4000,0.0486,1.000,0.0285,0.67
5904,es_step,4000,0.0320,1.000,0.0285,1.21
5905,es_step,4000,0.0276,1.000,0.0285,1.19
5906,replay,4000,0.0380,1.000,0.0285,0.66
5907,replay,4000,0.0259,1.000,0.0285,0.67
5908,replay,4000,0.0255,1.000,0.0284,0.66
5909,replay,4000,0.0365,1.000,0.0284,0.66
5910,replay,4000,0.0438,1.000,0.0284,0.67
5911,replay,4000,0.0394,1.000,0.0284,0.67
5912,replay,4000,0.0604,1.000,0.0283,0.67
5913,replay,4000,0.0524,1.000,0.0284,0.67
5914,replay,4000,0.0452,1.000,0.0284,0.67
5915,replay,4000,0.0386,1.000,0.0284,0.66
5916,es_step,4000,0.0198,1.000,0.0284,1.20
5917,replay,4000,0.0309,1.000,0.0283,0.66
5918,es_step,4000,0.0164,1.000,0.0283,1.20
5919,replay,4000,0.0175,1.000,0.0283,0.66
5920,es_step,4000,0.0191,1.000,0.0283,1.19
5921,es_step,4000,0.0201,1.000,0.0283,1.19
5922,es_step,4000,0.0191,1.000,0.0283,1.18
5923,replay,4000,0.0396,1.000,0.0283,0.66
5924,replay,4000,0.0600,1.000,0.0283,0.66
5925,replay,4000,0.0614,1.000,0.0282,0.66
5926,replay,4000,0.0434,1.000,0.0282,0.66
5927,es_step,4000,0.0140,1.000,0.0282,1.19
5928,replay,4000,0.0249,1.000,0.0282,0.66
5929,es_step,4000,0.0225,1.000,0.0282,1.19
5930,replay,4000,0.0464,1.000,0.0281,0.66
5931,replay,4000,0.0294,1.000,0.0281,0.66
5932,replay,4000,0.0313,1.000,0.0281,2.75
5933,replay,4000,0.0490,1.000,0.0281,0.66
5934,replay,4000,0.0325,1.000,0.0281,0.67
5935,replay,4000,0.0380,1.000,0.0280,0.67
5936,replay,4000,0.0456,1.000,0.0281,0.67
5937,es_step,4000,0.0335,1.000,0.0281,1.20
5938,replay,4000,0.0445,1.000,0.0281,0.66
5939,replay,4000,0.0775,1.000,0.0282,0.66
5940,replay,4000,0.0768,1.000,0.0282,0.66
5941,es_step,4000,0.0437,1.000,0.0282,1.20
5942,replay,4000,0.0923,1.000,0.0282,0.65
5943,replay,4000,0.0899,1.000,0.0283,0.66
5944,replay,4000,0.1109,1.000,0.0284,0.66
5945,replay,4000,0.1115,1.000,0.0286,0.66
5946,replay,4000,0.1125,1.000,0.0287,0.66
5947,replay,4000,0.1125,1.000,0.0288,0.66
5948,replay,4000,0.1095,1.000,0.0289,0.66
5949,replay,4000,0.0997,1.000,0.0290,0.66
5950,replay,4000,0.0536,1.000,0.0290,0.66
5951,replay,4000,0.0498,1.000,0.0290,0.66
5952,replay,4000,0.0457,1.000,0.0289,0.66
5953,es_step,4000,0.0221,1.000,0.0289,1.19
5954,replay,4000,0.0475,1.000,0.0289,0.66
5955,replay,4000,0.0308,1.000,0.0288,0.66
5956,es_step,4000,0.0110,1.000,0.0288,1.19
5957,replay,4000,0.0272,1.000,0.0287,0.66
5958,replay,4000,0.0297,1.000,0.0286,0.66
5959,replay,4000,0.0170,1.000,0.0286,0.66
5960,replay,4000,0.0260,1.000,0.0285,0.66
5961,replay,4000,0.0393,1.000,0.0285,0.66
5962,replay,4000,0.0494,1.000,0.0285,0.66
5963,replay,4000,0.0252,1.000,0.0285,0.66
5964,es_step,4000,0.0258,1.000,0.0285,1.20
5965,replay,4000,0.0287,1.000,0.0285,0.66
5966,replay,4000,0.0416,1.000,0.0285,0.66
5967,replay,4000,0.0477,1.000,0.0285,0.66
5968,replay,4000,0.0445,1.000,0.0286,0.66
5969,replay,4000,0.0446,1.000,0.0285,0.66
5970,replay,4000,0.0418,1.000,0.0287,0.66
5971,replay,4000,0.0476,1.000,0.0287,0.66
5972,replay,4000,0.0754,1.000,0.0287,0.66
5973,replay,4000,0.0593,1.000,0.0288,0.66
5974,replay,4000,0.0285,1.000,0.0287,0.66
5975,replay,4000,0.0594,1.000,0.0287,0.66
5976,replay,4000,0.0418,1.000,0.0286,0.66
5977,replay,4000,0.0316,1.000,0.0286,0.66
5978,replay,4000,0.0363,1.000,0.0285,0.66
5979,replay,4000,0.0428,1.000,0.0285,0.66
5980,replay,4000,0.0180,1.000,0.0285,0.66
5981,replay,4000,0.0249,1.000,0.0285,0.66
5982,replay,4000,0.0321,1.000,0.0284,0.66
5983,replay,4000,0.0569,1.000,0.0284,0.67
5984,replay,4000,0.0416,1.000,0.0284,0.66
5985,replay,4000,0.0671,1.000,0.0284,0.67
5986,replay,4000,0.0523,1.000,0.0284,0.67
5987,replay,4000,0.0299,1.000,0.0283,0.67
5988,replay,4000,0.0544,1.000,0.0283,0.67
5989,replay,4000,0.0403,1.000,0.0281,0.67
5990,replay,4000,0.0092,1.000,0.0282,0.66
5991,replay,4000,0.0287,1.000,0.0281,0.66
5992,replay,4000,0.0332,1.000,0.0281,0.66
5993,replay,4000,0.0667,1.000,0.0283,0.66
5994,replay,4000,0.0685,1.000,0.0284,0.66
5995,es_step,4000,0.0425,1.000,0.0284,1.20
5996,es_step,4000,0.0409,1.000,0.0284,1.19
5997,es_step,4000,0.0426,1.000,0.0284,1.19
5998,es_step,4000,0.0473,1.000,0.0284,1.19
5999,replay,4000,0.0769,1.000,0.0284,0.66
6000,replay,4000,0.0793,1.000,0.0284,0.67
6001,replay,4000,0.0707,1.000,0.0284,0.67
6002,replay,4000,0.0677,1.000,0.0285,0.67
6003,replay,4000,0.0599,1.000,0.0285,0.67
6004,replay,4000,0.0350,1.000,0.0284,0.67
6005,es_step,4000,-0.0050,1.000,0.0284,1.21
6006,es_step,4000,0.0019,1.000,0.0284,1.20
6007,es_step,4000,0.0024,1.000,0.0284,1.20
6008,es_step,4000,-0.0085,1.000,0.0284,1.19
6009,replay,4000,0.0334,1.000,0.0283,0.66
6010,replay,4000,0.0212,1.000,0.0282,0.68
6011,es_step,4000,0.0017,1.000,0.0282,1.20
6012,replay,4000,0.0103,1.000,0.0281,0.66
6013,replay,4000,0.0324,1.000,0.0281,0.67
6014,es_step,4000,0.0336,1.000,0.0281,1.20
6015,replay,4000,-0.2690,1.000,0.0281,0.66
6016,es_step,4000,0.0748,1.000,0.0285,1.19
6017,replay,4000,0.0849,1.000,0.0286,0.66
6018,es_step,4000,0.0944,1.000,0.0290,1.18
6019,replay,4000,0.1087,1.000,0.0293,0.66
6020,replay,4000,0.0978,1.000,0.0294,0.66
6021,replay,4000,0.0557,1.000,0.0294,0.66
6022,replay,4000,0.0171,1.000,0.0293,0.66
6023,es_step,4000,0.0096,1.000,0.0293,1.20
6024,replay,4000,0.0153,1.000,0.0292,0.66
6025,replay,4000,0.0285,1.000,0.0292,0.66
6026,replay,4000,0.0230,1.000,0.0291,0.67
6027,replay,4000,0.0237,1.000,0.0290,0.67
6028,replay,4000,0.0303,1.000,0.0289,0.67
6029,replay,4000,0.0362,1.000,0.0289,0.67
6030,replay,4000,0.0336,1.000,0.0289,0.67
6031,replay,4000,0.0325,1.000,0.0289,0.67
6032,replay,4000,0.0317,1.000,0.0288,0.66
6033,replay,4000,0.0196,1.000,0.0288,0.66
6034,replay,4000,0.0361,1.000,0.0288,0.66
6035,replay,4000,0.0434,1.000,0.0288,0.67
6036,es_step,4000,0.0342,1.000,0.0288,1.20
6037,replay,4000,0.0340,1.000,0.0289,0.66
6038,replay,4000,0.0432,1.000,0.0289,0.66
6039,es_step,4000,0.0265,1.000,0.0289,1.21
6040,es_step,4000,0.0351,1.000,0.0289,1.21
6041,replay,4000,0.0328,1.000,0.0289,0.66
6042,replay,4000,0.0399,1.000,0.0289,0.67
6043,replay,4000,0.0414,1.000,0.0288,0.67
6044,replay,4000,0.0230,1.000,0.0290,0.67
6045,replay,4000,0.0692,1.000,0.0289,0.66
6046,es_step,4000,0.0436,1.000,0.0290,1.20
6047,replay,4000,0.0368,1.000,0.0289,0.66
6048,replay,4000,0.0720,1.000,0.0289,0.66
6049,replay,4000,0.0454,1.000,0.0288,0.67
6050,replay,4000,0.0740,1.000,0.0288,0.67
6051,replay,4000,0.0643,1.000,0.0288,0.67
6052,replay,4000,0.0152,1.000,0.0287,0.66
6053,es_step,4000,-0.0075,1.000,0.0287,1.20
6054,replay,4000,-0.0072,1.000,0.0286,0.66
6055,replay,4000,0.0077,1.000,0.0285,0.67
6056,replay,4000,0.0769,1.000,0.0285,0.67
6057,es_step,4000,0.0353,1.000,0.0285,1.21
6058,es_step,4000,0.0366,1.000,0.0285,1.20
6059,replay,4000,0.0767,1.000,0.0285,0.67
6060,replay,4000,0.0758,1.000,0.0286,0.67
6061,replay,4000,0.0613,1.000,0.0286,0.67
6062,replay,4000,0.0235,1.000,0.0286,0.67
6063,replay,4000,0.0434,1.000,0.0285,0.67
6064,replay,4000,0.0214,1.000,0.0285,0.67
6065,replay,4000,0.0470,1.000,0.0285,0.67
6066,replay,4000,0.0450,1.000,0.0285,0.67
6067,replay,4000,0.0727,1.000,0.0285,0.67
6068,replay,4000,0.0614,1.000,0.0285,0.67
6069,es_step,4000,0.0299,1.000,0.0285,1.21
6070,replay,4000,0.0674,1.000,0.0285,0.66
6071,es_step,4000,0.0267,1.000,0.0285,1.20
6072,replay,4000,0.0277,1.000,0.0284,0.66
6073,replay,4000,0.0259,1.000,0.0284,0.67
6074,replay,4000,0.0393,1.000,0.0284,0.67
6075,es_step,4000,0.0275,1.000,0.0284,1.21
6076,replay,4000,0.0394,1.000,0.0284,0.66
6077,replay,4000,0.0357,1.000,0.0284,0.67
6078,replay,4000,0.0356,1.000,0.0284,0.67
6079,replay,4000,0.0573,1.000,0.0285,0.67
6080,replay,4000,0.0508,1.000,0.0285,0.67
6081,replay,4000,0.0740,1.000,0.0285,0.68
6082,replay,4000,0.0399,1.000,0.0287,0.68
6083,es_step,4000,0.0465,1.000,0.0287,1.22
6084,replay,4000,0.0730,1.000,0.0288,0.67
6085,replay,4000,0.0845,1.000,0.0288,0.67
6086,replay,4000,0.0765,1.000,0.0289,0.67
6087,replay,4000,0.0677,1.000,0.0290,0.68
6088,replay,4000,0.0645,1.000,0.0291,0.68
6089,es_step,4000,0.0145,1.000,0.0291,1.21
6090,replay,4000,0.0455,1.000,0.0291,0.67
6091,replay,4000,0.0099,1.000,0.0289,0.67
6092,replay,4000,0.0068,1.000,0.0288,0.67
6093,replay,4000,0.0254,1.000,0.0287,0.67
6094,es_step,4000,0.0097,1.000,0.0287,1.21
6095,replay,4000,0.0222,1.000,0.0288,0.67
6096,replay,4000,0.0337,1.000,0.0287,0.67
6097,replay,4000,0.0266,1.000,0.0287,0.67
6098,replay,4000,0.0328,1.000,0.0287,0.67
6099,es_step,4000,0.0324,1.000,0.0287,1.21
6100,replay,4000,0.0867,1.000,0.0287,0.67
6101,replay,4000,0.0639,1.000,0.0287,0.67
6102,replay,4000,0.1163,1.000,0.0288,0.67
6103,replay,4000,0.1231,1.000,0.0288,0.68
6104,replay,4000,0.1416,1.000,0.0288,0.67
6105,replay,4000,0.1092,1.000,0.0290,0.68
6106,es_step,4000,0.0607,1.000,0.0290,1.21
6107,replay,4000,0.1151,1.000,0.0291,0.67
6108,replay,4000,0.1043,1.000,0.0292,0.67
6109,replay,4000,0.1018,1.000,0.0292,0.67
6110,es_step,4000,0.0504,1.000,0.0292,1.21
6111,es_step,4000,0.0528,1.000,0.0292,1.20
6112,replay,4000,0.0944,1.000,0.0293,0.67
6113,es_step,4000,0.0511,1.000,0.0293,1.20
6114,es_step,4000,0.0515,1.000,0.0293,1.20
6115,replay,4000,0.0903,1.000,0.0294,0.66
6116,replay,4000,0.0894,1.000,0.0294,0.67
6117,es_step,4000,0.0490,1.000,0.0294,1.20
6118,es_step,4000,0.0510,1.000,0.0294,1.19
6119,replay,4000,0.0900,1.000,0.0295,0.66
6120,es_step,4000,0.0370,1.000,0.0295,1.20
6121,replay,4000,0.0793,1.000,0.0295,0.66
6122,replay,4000,0.0771,1.000,0.0296,0.66
6123,replay,4000,0.0761,1.000,0.0296,0.66
6124,es_step,4000,0.0394,1.000,0.0296,1.20
6125,replay,4000,0.0663,1.000,0.0296,0.67
6126,replay,4000,0.0310,1.000,0.0296,0.67
6127,es_step,4000,0.0205,1.000,0.0296,1.20
6128,es_step,4000,0.0222,1.000,0.0296,1.20
6129,replay,4000,0.0226,1.000,0.0295,0.67
6130,replay,4000,0.0437,1.000,0.0295,0.67
6131,replay,4000,0.0510,1.000,0.0295,0.67
6132,replay,4000,0.0064,1.000,0.0295,0.67
6133,replay,4000,0.0512,1.000,0.0295,0.67
6134,es_step,4000,0.0445,1.000,0.0295,1.20
6135,replay,4000,0.0781,1.000,0.0295,0.67
6136,replay,4000,0.0890,1.000,0.0295,0.66
6137,replay,4000,0.0842,1.000,0.0296,0.67
6138,replay,4000,0.0692,1.000,0.0298,0.67
6139,replay,4000,0.0675,1.000,0.0298,0.67
6140,es_step,4000,0.0433,1.000,0.0298,1.22
6141,es_step,4000,0.0405,1.000,0.0298,1.20
6142,es_step,4000,0.0413,1.000,0.0298,1.20
6143,replay,4000,0.0854,1.000,0.0298,0.67
6144,replay,4000,0.0824,1.000,0.0299,0.66
6145,replay,4000,0.0782,1.000,0.0299,0.67
6146,replay,4000,0.0561,1.000,0.0299,0.67
6147,replay,4000,0.0552,1.000,0.0298,0.66
6148,es_step,4000,0.0197,1.000,0.0298,1.21
6149,replay,4000,0.0486,1.000,0.0298,0.66
6150,es_step,4000,0.0247,1.000,0.0298,1.20
6151,replay,4000,0.0613,1.000,0.0299,0.67
6152,replay,4000,0.0295,1.000,0.0298,0.67
6153,replay,4000,0.0697,1.000,0.0298,0.67
6154,es_step,4000,0.0269,1.000,0.0298,1.21
6155,replay,4000,0.0536,1.000,0.0299,0.67
6156,es_step,4000,0.0100,1.000,0.0299,1.21
6157,replay,4000,-0.0002,1.000,0.0299,0.66
6158,replay,4000,0.0697,1.000,0.0298,0.67
6159,replay,4000,0.0601,1.000,0.0298,0.67
6160,replay,4000,0.0836,1.000,0.0298,0.67
6161,replay,4000,0.0976,1.000,0.0300,0.67
6162,es_step,4000,0.0413,1.000,0.0300,1.21
6163,replay,4000,0.1227,1.000,0.0300,0.67
6164,replay,4000,0.0766,1.000,0.0300,0.67
6165,replay,4000,0.0968,1.000,0.0300,0.67
6166,replay,4000,0.0859,1.000,0.0301,0.67
6167,replay,4000,0.0757,1.000,0.0301,0.67
6168,replay,4000,0.0587,1.000,0.0302,0.67
6169,es_step,4000,0.0215,1.000,0.0302,1.21
6170,replay,4000,0.0540,1.000,0.0301,0.66
6171,replay,4000,0.0415,1.000,0.0301,0.67
6172,replay,4000,0.0449,1.000,0.0301,0.67
6173,replay,4000,0.0351,1.000,0.0300,0.67
6174,replay,4000,0.0486,1.000,0.0300,0.67
6175,replay,4000,0.0368,1.000,0.0300,0.67
6176,replay,4000,0.0847,1.000,0.0300,0.67
6177,replay,4000,0.0637,1.000,0.0299,0.67
6178,es_step,4000,0.0376,1.000,0.0299,1.21
6179,es_step,4000,0.0306,1.000,0.0299,1.20
6180,es_step,4000,0.0339,1.000,0.0299,1.20
6181,es_step,4000,0.0346,1.000,0.0299,1.20
6182,replay,4000,0.0649,1.000,0.0299,0.66
6183,replay,4000,0.0665,1.000,0.0300,0.67
6184,es_step,4000,0.0259,1.000,0.0300,1.20
6185,replay,4000,0.0566,1.000,0.0299,0.67
6186,es_step,4000,0.0204,1.000,0.0299,1.20
6187,replay,4000,0.0558,1.000,0.0299,0.66
6188,replay,4000,0.0397,1.000,0.0299,0.67
6189,replay,4000,0.0462,1.000,0.0298,0.67
6190,replay,4000,0.0273,1.000,0.0297,0.67
6191,replay,4000,0.0055,1.000,0.0297,0.67
6192,es_step,4000,0.0137,1.000,0.0297,1.21
6193,replay,4000,0.0593,1.000,0.0296,0.67
6194,replay,4000,0.0695,1.000,0.0296,0.67
6195,es_step,4000,0.0449,1.000,0.0296,1.20
6196,replay,4000,0.0770,1.000,0.0297,0.67
6197,es_step,4000,0.0394,1.000,0.0297,1.20
6198,replay,4000,0.0688,1.000,0.0297,0.66
6199,replay,4000,0.0562,1.000,0.0297,0.67
6200,replay,4000,0.0801,1.000,0.0297,0.67
6201,es_step,4000,0.0398,1.000,0.0297,1.20
6202,replay,4000,0.0915,1.000,0.0298,0.66
6203,replay,4000,0.1110,1.000,0.0299,0.66
6204,replay,4000,0.1236,1.000,0.0299,0.67
6205,es_step,4000,0.0519,1.000,0.0299,1.20
6206,replay,4000,0.1186,1.000,0.0300,0.67
6207,replay,4000,0.1357,1.000,0.0301,0.67
6208,es_step,4000,0.0560,1.000,0.0301,1.21
6209,replay,4000,0.1182,1.000,0.0302,0.67
6210,replay,4000,0.1117,1.000,0.0302,0.67
6211,replay,4000,0.1144,1.000,0.0303,0.67
6212,replay,4000,0.1097,1.000,0.0303,0.67
6213,replay,4000,0.0992,1.000,0.0303,0.67
6214,replay,4000,0.0948,1.000,0.0304,0.67
6215,es_step,4000,0.0394,1.000,0.0304,1.21
6216,replay,4000,0.0899,1.000,0.0304,0.67
6217,replay,4000,0.0695,1.000,0.0304,0.66
6218,replay,4000,0.0677,1.000,0.0304,0.67
6219,es_step,4000,0.0084,1.000,0.0304,1.21
6220,replay,4000,0.0541,1.000,0.0303,0.66
6221,replay,4000,0.0281,1.000,0.0303,0.66
6222,replay,4000,0.0384,1.000,0.0302,0.66
6223,replay,4000,0.0458,1.000,0.0302,0.67
6224,replay,4000,0.0426,1.000,0.0302,0.67
6225,replay,4000,0.0474,1.000,0.0302,0.67
6226,replay,4000,0.0620,1.000,0.0301,0.67
6227,replay,4000,0.0627,1.000,0.0301,0.67
6228,replay,4000,0.0583,1.000,0.0301,0.68
6229,replay,4000,0.0460,1.000,0.0301,0.67
6230,replay,4000,0.0450,1.000,0.0301,2.78
6231,replay,4000,0.0620,1.000,0.0301,0.67
6232,replay,4000,0.0022,1.000,0.0299,0.67
6233,es_step,4000,0.0091,1.000,0.0299,1.22
6234,es_step,4000,0.0106,1.000,0.0299,1.20
6235,replay,4000,0.0297,1.000,0.0300,0.66
6236,replay,4000,0.0648,1.000,0.0300,0.66
6237,replay,4000,0.0772,1.000,0.0300,0.67
6238,replay,4000,0.0443,1.000,0.0300,0.67
6239,replay,4000,0.0670,1.000,0.0301,0.67
6240,es_step,4000,0.0461,1.000,0.0301,1.20
6241,replay,4000,0.0712,1.000,0.0302,0.66
6242,replay,4000,0.0727,1.000,0.0302,0.67
6243,replay,4000,0.0684,1.000,0.0302,0.67
6244,es_step,4000,0.0247,1.000,0.0302,1.20
6245,replay,4000,0.0579,1.000,0.0302,0.67
6246,replay,4000,0.0413,1.000,0.0302,0.67
6247,replay,4000,0.0515,1.000,0.0302,0.67
6248,replay,4000,0.0820,1.000,0.0302,0.67
6249,replay,4000,0.0793,1.000,0.0302,0.67
6250,replay,4000,0.0819,1.000,0.0302,0.67
6251,replay,4000,0.0738,1.000,0.0302,0.67
6252,replay,4000,0.0479,1.000,0.0302,0.67
6253,replay,4000,0.0603,1.000,0.0302,0.67
6254,replay,4000,0.0623,1.000,0.0302,0.67
6255,replay,4000,0.0455,1.000,0.0302,0.67
6256,replay,4000,0.0427,1.000,0.0302,0.68
6257,replay,4000,0.0227,1.000,0.0301,0.67
6258,replay,4000,0.0261,1.000,0.0301,0.67
6259,replay,4000,0.0256,1.000,0.0300,0.67
6260,es_step,4000,0.0163,1.000,0.0300,1.21
6261,es_step,4000,0.0146,1.000,0.0300,1.21
6262,replay,4000,0.0230,1.000,0.0300,0.67
6263,replay,4000,0.0387,1.000,0.0300,0.67
6264,es_step,4000,0.0143,1.000,0.0301,1.20
6265,replay,4000,0.0369,1.000,0.0300,0.67
6266,replay,4000,0.0284,1.000,0.0300,0.66
6267,replay,4000,0.0373,1.000,0.0300,0.67
6268,es_step,4000,0.0229,1.000,0.0300,1.20
6269,es_step,4000,0.0200,1.000,0.0300,1.20
6270,replay,4000,0.0345,1.000,0.0300,0.67
6271,replay,4000,0.0388,1.000,0.0300,0.67
6272,replay,4000,0.0472,1.000,0.0300,0.67
6273,replay,4000,0.0338,1.000,0.0298,0.67
6274,replay,4000,0.0603,1.000,0.0298,0.67
6275,replay,4000,0.0434,1.000,0.0297,0.67
6276,replay,4000,0.0331,1.000,0.0296,0.67
6277,replay,4000,0.0041,1.000,0.0295,0.67
6278,replay,4000,0.0289,1.000,0.0295,0.66
6279,replay,4000,0.0292,1.000,0.0294,0.67
6280,replay,4000,0.0126,1.000,0.0294,0.67
6281,replay,4000,0.0826,1.000,0.0295,0.67
6282,es_step,4000,0.0521,1.000,0.0295,1.21
6283,replay,4000,0.0790,1.000,0.0295,0.67
6284,es_step,4000,0.0430,1.000,0.0295,1.21
6285,es_step,4000,0.0466,0.938,0.0296,1.82
6286,replay,4000,0.0689,1.000,0.0296,0.71
6287,replay,4000,0.0486,1.000,0.0295,0.71
6288,replay,4000,0.0314,1.000,0.0295,0.70
6289,replay,4000,0.0108,1.000,0.0294,0.70
6290,replay,4000,0.0160,1.000,0.0293,0.70
6291,replay,4000,0.0278,1.000,0.0292,0.70
6292,es_step,4000,0.0158,1.000,0.0292,1.26
6293,replay,4000,0.0200,1.000,0.0291,0.69
6294,replay,4000,0.0560,1.000,0.0291,0.68
6295,replay,4000,0.0505,1.000,0.0291,0.68
6296,es_step,4000,0.0407,1.000,0.0291,1.24
6297,replay,4000,0.0320,1.000,0.0291,0.68
6298,es_step,4000,0.0373,1.000,0.0291,1.23
6299,replay,4000,0.0495,1.000,0.0291,0.67
6300,replay,4000,0.0639,1.000,0.0291,0.67
6301,replay,4000,0.0593,1.000,0.0291,0.67
6302,replay,4000,0.0546,1.000,0.0291,0.67
6303,replay,4000,0.0195,1.000,0.0290,0.67
6304,replay,4000,0.0385,1.000,0.0290,0.67
6305,es_step,4000,0.0105,1.000,0.0290,1.22
6306,replay,4000,0.0212,1.000,0.0289,0.67
6307,replay,4000,0.0371,1.000,0.0289,0.67
6308,replay,4000,0.0346,1.000,0.0289,0.67
6309,replay,4000,0.0377,1.000,0.0289,0.67
6310,replay,4000,0.0431,1.000,0.0288,0.67
6311,replay,4000,0.0375,1.000,0.0288,0.67
6312,replay,4000,0.0501,1.000,0.0288,0.67
6313,replay,4000,0.0345,1.000,0.0288,0.67
6314,replay,4000,0.0254,1.000,0.0288,0.67
6315,es_step,4000,0.0227,1.000,0.0288,1.22
6316,replay,4000,0.0368,1.000,0.0287,0.67
6317,replay,4000,0.0204,1.000,0.0287,0.67
6318,replay,4000,0.0363,1.000,0.0287,0.67
6319,replay,4000,0.0185,1.000,0.0286,0.67
6320,replay,4000,0.0224,1.000,0.0285,0.67
6321,replay,4000,0.0311,1.000,0.0285,0.67
6322,replay,4000,0.0459,1.000,0.0285,0.67
6323,replay,4000,0.0480,1.000,0.0285,0.67
6324,replay,4000,0.0319,1.000,0.0284,0.67
6325,replay,4000,0.0218,1.000,0.0284,0.67
6326,replay,4000,0.0382,1.000,0.0284,0.67
6327,replay,4000,0.0643,1.000,0.0284,0.67
6328,es_step,4000,0.0398,1.000,0.0284,1.22
6329,replay,4000,0.0721,1.000,0.0285,0.67
6330,replay,4000,0.1096,1.000,0.0286,0.67
6331,replay,4000,0.0939,1.000,0.0287,0.67
6332,es_step,4000,0.0464,1.000,0.0287,1.22
6333,replay,4000,0.0895,1.000,0.0287,0.67
6334,replay,4000,0.0724,1.000,0.0287,0.67
6335,replay,4000,0.0572,1.000,0.0288,0.67
6336,replay,4000,0.0769,1.000,0.0287,0.67
6337,replay,4000,0.0395,1.000,0.0287,0.67
6338,replay,4000,0.0459,1.000,0.0287,0.67
6339,replay,4000,0.0447,1.000,0.0287,0.67
6340,es_step,4000,0.0304,1.000,0.0287,1.21
6341,es_step,4000,0.0345,1.000,0.0287,1.21
6342,es_step,4000,0.0266,1.000,0.0287,1.21
6343,replay,4000,0.0503,1.000,0.0287,0.67
6344,replay,4000,0.0387,1.000,0.0289,0.67
6345,replay,4000,0.0509,1.000,0.0289,0.67
6346,replay,4000,0.0341,1.000,0.0288,0.67
6347,replay,4000,0.0191,1.000,0.0288,0.67
6348,replay,4000,0.0249,1.000,0.0287,0.67
6349,replay,4000,0.0039,1.000,0.0286,0.67
6350,es_step,4000,0.0143,1.000,0.0286,1.21
6351,es_step,4000,0.0172,1.000,0.0286,1.20
6352,replay,4000,0.0305,1.000,0.0286,0.67
6353,replay,4000,0.0364,1.000,0.0286,0.66
6354,es_step,4000,0.0277,1.000,0.0286,1.20
6355,replay,4000,0.0622,1.000,0.0285,0.67
6356,replay,4000,0.0559,1.000,0.0286,0.67
6357,replay,4000,0.0583,1.000,0.0286,0.67
6358,es_step,4000,0.0285,1.000,0.0286,1.20
6359,es_step,4000,0.0329,1.000,0.0286,1.20
6360,replay,4000,0.0664,1.000,0.0286,0.67
6361,replay,4000,0.0510,1.000,0.0285,0.67
6362,replay,4000,0.0027,1.000,0.0284,0.67
6363,es_step,4000,0.0020,1.000,0.0284,1.21
6364,es_step,4000,0.0014,1.000,0.0284,1.21
6365,replay,4000,0.0166,1.000,0.0283,0.67
6366,es_step,4000,0.0092,1.000,0.0283,1.20
6367,replay,4000,0.0015,1.000,0.0281,0.67
6368,replay,4000,0.0173,1.000,0.0280,0.67
6369,es_step,4000,0.0388,1.000,0.0281,1.20
6370,replay,4000,0.0362,1.000,0.0281,0.67
6371,replay,4000,0.0754,1.000,0.0281,0.67
6372,replay,4000,0.0543,1.000,0.0282,0.67
6373,replay,4000,0.0057,1.000,0.0281,0.67
6374,replay,4000,0.0084,1.000,0.0280,0.67
6375,replay,4000,0.0440,1.000,0.0279,0.67
6376,replay,4000,0.0579,1.000,0.0280,0.67
6377,replay,4000,0.1045,1.000,0.0281,0.67
6378,replay,4000,0.0950,1.000,0.0282,0.67
6379,replay,4000,0.0794,1.000,0.0282,0.67
6380,replay,4000,0.0239,1.000,0.0281,0.67
6381,replay,4000,0.0167,1.000,0.0280,0.67
6382,replay,4000,0.0243,1.000,0.0278,0.67
6383,replay,4000,0.0222,1.000,0.0278,0.67
6384,replay,4000,0.0245,1.000,0.0277,0.67
6385,replay,4000,0.0270,1.000,0.0277,0.67
6386,replay,4000,0.0571,1.000,0.0278,0.67
6387,replay,4000,0.0583,1.000,0.0278,0.67
6388,replay,4000,0.0821,1.000,0.0279,0.67
6389,replay,4000,0.0958,1.000,0.0279,0.67
6390,replay,4000,0.0811,1.000,0.0280,0.67
6391,replay,4000,0.0708,1.000,0.0280,0.67
6392,es_step,4000,0.0289,1.000,0.0280,1.21
6393,replay,4000,0.0391,1.000,0.0280,0.67
6394,replay,4000,0.0350,1.000,0.0280,0.67
6395,replay,4000,0.0256,1.000,0.0279,0.67
6396,replay,4000,0.0241,1.000,0.0278,0.67
6397,es_step,4000,0.0196,1.000,0.0278,1.22
6398,replay,4000,0.0296,1.000,0.0278,0.67
6399,es_step,4000,0.0235,1.000,0.0278,1.21
6400,replay,4000,0.0442,1.000,0.0277,0.67
6401,replay,4000,0.0481,1.000,0.0278,0.67
6402,es_step,4000,0.0236,1.000,0.0278,1.21
6403,replay,4000,0.0336,1.000,0.0277,0.67
6404,replay,4000,0.0322,1.000,0.0277,0.67
6405,replay,4000,0.0552,1.000,0.0277,0.67
6406,es_step,4000,0.0216,1.000,0.0277,1.21
6407,replay,4000,0.0452,1.000,0.0277,0.67
6408,es_step,4000,0.0141,1.000,0.0277,1.21
6409,es_step,4000,0.0189,1.000,0.0277,1.21
6410,replay,4000,0.0421,1.000,0.0276,0.67
6411,replay,4000,0.0384,1.000,0.0276,0.67
6412,replay,4000,0.0446,1.000,0.0276,0.67
6413,replay,4000,0.0348,1.000,0.0275,0.67
6414,replay,4000,0.0417,1.000,0.0276,0.67
6415,es_step,4000,0.0277,1.000,0.0276,1.21
6416,replay,4000,0.0155,1.000,0.0276,0.67
6417,es_step,4000,0.0406,1.000,0.0276,1.20
6418,es_step,4000,0.0409,1.000,0.0276,1.21
6419,replay,4000,0.0590,1.000,0.0276,0.67
6420,es_step,4000,0.0422,1.000,0.0276,1.21
6421,replay,4000,0.0744,1.000,0.0277,0.67
6422,replay,4000,0.0653,1.000,0.0277,0.67
6423,es_step,4000,0.0143,1.000,0.0277,1.21
6424,es_step,4000,0.0199,1.000,0.0277,1.20
6425,replay,4000,0.0409,1.000,0.0276,0.67
6426,replay,4000,0.0122,1.000,0.0275,0.67
6427,replay,4000,0.0175,1.000,0.0274,0.67
6428,replay,4000,0.0137,1.000,0.0273,0.67
6429,replay,4000,0.0235,1.000,0.0273,0.67
6430,replay,4000,0.0678,1.000,0.0273,0.67
6431,replay,4000,0.0806,1.000,0.0274,0.68
6432,replay,4000,0.0750,1.000,0.0274,0.67
6433,es_step,4000,0.0525,1.000,0.0275,1.21
6434,es_step,4000,0.0554,1.000,0.0276,1.20
6435,replay,4000,0.0776,1.000,0.0277,0.67
6436,replay,4000,0.0699,1.000,0.0277,0.67
6437,replay,4000,0.0712,1.000,0.0278,0.67
6438,replay,4000,0.0620,1.000,0.0278,0.67
6439,replay,4000,0.0340,1.000,0.0277,0.67
6440,replay,4000,0.0292,1.000,0.0277,0.67
6441,replay,4000,0.0014,1.000,0.0276,0.67
6442,replay,4000,0.0127,1.000,0.0276,0.67
6443,replay,4000,0.0351,1.000,0.0275,0.67
6444,replay,4000,0.0596,1.000,0.0276,0.67
6445,replay,4000,0.0670,1.000,0.0276,0.67
6446,replay,4000,0.0512,1.000,0.0275,0.67
6447,replay,4000,0.0338,1.000,0.0275,0.67
6448,es_step,4000,0.0205,1.000,0.0275,1.22
6449,replay,4000,0.0265,1.000,0.0275,0.67
6450,replay,4000,0.0357,1.000,0.0274,0.73
6451,replay,4000,0.0282,1.000,0.0274,0.67
6452,replay,4000,0.0385,1.000,0.0274,0.67
6453,replay,4000,0.0415,1.000,0.0274,0.67
6454,replay,4000,0.0319,1.000,0.0274,0.68
6455,replay,4000,0.0442,1.000,0.0274,0.67
6456,replay,4000,0.0365,1.000,0.0273,0.67
6457,replay,4000,0.0302,1.000,0.0273,0.67
6458,replay,4000,0.0370,1.000,0.0274,0.67
6459,replay,4000,0.0507,1.000,0.0274,0.67
6460,replay,4000,0.0609,1.000,0.0273,0.67
6461,es_step,4000,0.0174,1.000,0.0273,1.21
6462,replay,4000,0.0466,1.000,0.0273,0.67
6463,es_step,4000,0.0138,1.000,0.0273,1.21
6464,es_step,4000,0.0112,1.000,0.0273,1.21
6465,es_step,4000,0.0205,1.000,0.0273,1.20
6466,replay,4000,0.0168,1.000,0.0272,0.67
6467,replay,4000,0.0272,1.000,0.0272,0.67
6468,es_step,4000,0.0208,1.000,0.0272,1.21
6469,es_step,4000,0.0127,1.000,0.0272,1.20
6470,es_step,4000,0.0170,1.000,0.0272,1.21
6471,replay,4000,0.0267,1.000,0.0272,0.67
6472,replay,4000,0.0292,1.000,0.0272,0.67
6473,replay,4000,0.0715,1.000,0.0271,0.67
6474,replay,4000,0.0635,1.000,0.0271,0.67
6475,replay,4000,0.0494,1.000,0.0270,0.67
6476,replay,4000,0.0360,1.000,0.0270,0.67
6477,replay,4000,0.0038,1.000,0.0269,0.67
6478,replay,4000,0.0195,1.000,0.0269,0.67
6479,replay,4000,0.0322,1.000,0.0268,0.67
6480,replay,4000,0.0215,1.000,0.0268,0.67
6481,es_step,4000,0.0319,1.000,0.0268,1.21
6482,es_step,4000,0.0332,1.000,0.0268,1.20
6483,replay,4000,0.0481,1.000,0.0268,0.67
6484,replay,4000,0.0710,1.000,0.0269,0.67
6485,replay,4000,0.0604,1.000,0.0269,0.67
6486,replay,4000,0.0459,1.000,0.0269,0.67
6487,replay,4000,0.0379,1.000,0.0272,0.67
6488,replay,4000,0.0517,1.000,0.0271,0.67
6489,replay,4000,0.0676,1.000,0.0272,0.67
6490,es_step,4000,0.0566,1.000,0.0273,1.21
6491,replay,4000,0.1150,1.000,0.0275,0.68
6492,replay,4000,0.1666,1.000,0.0276,0.67
6493,replay,4000,0.1648,1.000,0.0279,0.67
6494,replay,4000,0.2064,1.000,0.0281,0.67
6495,replay,4000,0.1782,1.000,0.0284,0.67
6496,es_step,4000,0.0905,1.000,0.0284,1.21
6497,replay,4000,0.1713,1.000,0.0286,0.67
6498,replay,4000,0.1563,1.000,0.0287,0.67
6499,es_step,4000,0.0629,1.000,0.0287,1.21
6500,replay,4000,0.0860,1.000,0.0286,0.67
6501,replay,4000,0.0764,1.000,0.0287,0.67
6502,replay,4000,0.0669,1.000,0.0287,0.68
6503,replay,4000,0.0489,1.000,0.0287,0.67
6504,replay,4000,0.0355,1.000,0.0285,0.67
6505,replay,4000,0.0767,1.000,0.0285,0.67
6506,replay,4000,0.0778,1.000,0.0286,0.67
6507,replay,4000,0.0661,1.000,0.0286,0.67
6508,replay,4000,0.0426,1.000,0.0287,0.67
6509,replay,4000,0.0300,1.000,0.0286,0.67
6510,es_step,4000,0.0115,1.000,0.0286,1.22
6511,replay,4000,0.0272,1.000,0.0285,0.67
6512,replay,4000,0.0230,1.000,0.0285,0.67
6513,replay,4000,0.0150,1.000,0.0284,0.67
6514,es_step,4000,0.0204,1.000,0.0284,1.21
6515,replay,4000,0.0330,1.000,0.0283,0.67
6516,replay,4000,0.1001,1.000,0.0283,0.68
6517,replay,4000,0.0930,1.000,0.0283,0.68
6518,replay,4000,0.1043,1.000,0.0283,0.67
6519,replay,4000,0.1004,1.000,0.0284,0.67
6520,replay,4000,0.1081,1.000,0.0285,0.67
6521,replay,4000,0.1046,1.000,0.0285,0.68
6522,replay,4000,0.0804,1.000,0.0286,0.67
6523,replay,4000,0.0804,1.000,0.0286,0.67
6524,replay,4000,0.0422,1.000,0.0286,0.67
6525,replay,4000,0.0307,1.000,0.0285,0.67
6526,replay,4000,0.0296,1.000,0.0285,0.67
6527,replay,4000,0.0304,1.000,0.0285,0.67
6528,replay,4000,0.0383,1.000,0.0284,0.67
6529,es_step,4000,0.0313,1.000,0.0284,1.22
6530,replay,4000,0.0446,1.000,0.0284,0.67
6531,replay,4000,0.0871,1.000,0.0285,0.68
6532,replay,4000,0.0551,1.000,0.0285,2.82
6533,replay,4000,0.0916,1.000,0.0285,0.67
6534,es_step,4000,0.0401,1.000,0.0286,1.21
6535,replay,4000,0.0880,1.000,0.0286,0.67
6536,replay,4000,0.0761,1.000,0.0286,0.67
6537,replay,4000,0.0585,1.000,0.0286,0.67
6538,replay,4000,0.0679,1.000,0.0285,0.67
6539,replay,4000,0.0021,1.000,0.0285,0.67
6540,replay,4000,0.0438,1.000,0.0285,0.67
6541,es_step,4000,0.0446,1.000,0.0285,1.21
6542,replay,4000,0.0968,1.000,0.0285,0.67
6543,es_step,4000,0.0247,1.000,0.0285,1.22
6544,replay,4000,0.0716,1.000,0.0286,0.67
6545,es_step,4000,0.0109,1.000,0.0286,1.21
6546,es_step,4000,0.0151,1.000,0.0286,1.21
6547,replay,4000,0.0558,1.000,0.0285,0.67
6548,replay,4000,0.0318,1.000,0.0284,0.67
6549,replay,4000,-0.0081,1.000,0.0284,0.67
6550,replay,4000,0.0357,1.000,0.0283,0.67
6551,replay,4000,0.0183,1.000,0.0282,0.67
6552,es_step,4000,0.0126,1.000,0.0282,1.21
6553,es_step,4000,0.0082,1.000,0.0282,1.20
6554,replay,4000,0.0370,1.000,0.0281,0.67
6555,es_step,4000,0.0076,1.000,0.0281,1.20
6556,replay,4000,0.0414,1.000,0.0281,0.67
6557,replay,4000,-0.0059,1.000,0.0280,0.67
6558,replay,4000,0.0562,1.000,0.0280,0.67
6559,replay,4000,0.0767,1.000,0.0281,0.67
6560,replay,4000,0.0651,1.000,0.0282,0.67
6561,replay,4000,0.0560,1.000,0.0280,0.67
6562,replay,4000,0.0752,1.000,0.0280,0.67
6563,es_step,4000,0.0230,1.000,0.0280,1.21
6564,es_step,4000,0.0189,1.000,0.0280,1.21
6565,replay,4000,0.0542,1.000,0.0280,0.67
6566,replay,4000,0.0341,1.000,0.0280,0.67
6567,replay,4000,0.0043,1.000,0.0278,0.67
6568,replay,4000,0.0015,1.000,0.0275,0.67
6569,replay,4000,0.0329,1.000,0.0275,0.67
6570,replay,4000,0.0308,1.000,0.0274,0.67
6571,replay,4000,0.0341,1.000,0.0273,0.67
6572,es_step,4000,0.0122,1.000,0.0273,1.22
6573,es_step,4000,0.0139,1.000,0.0273,1.20
6574,replay,4000,0.0547,1.000,0.0273,0.67
6575,replay,4000,0.0408,1.000,0.0273,0.67
6576,replay,4000,0.0591,1.000,0.0273,0.67
6577,replay,4000,0.0635,1.000,0.0273,0.67
6578,es_step,4000,0.0258,1.000,0.0273,1.21
6579,replay,4000,0.0641,1.000,0.0272,0.67
6580,replay,4000,0.0466,1.000,0.0272,0.67
6581,es_step,4000,0.0060,1.000,0.0272,1.21
6582,replay,4000,0.0424,1.000,0.0272,0.67
6583,replay,4000,0.0281,1.000,0.0272,0.67
6584,replay,4000,0.0141,1.000,0.0271,0.67
6585,replay,4000,0.0287,1.000,0.0270,0.67
6586,replay,4000,0.0343,1.000,0.0269,0.67
6587,replay,4000,0.0613,1.000,0.0269,0.67
6588,replay,4000,0.0635,1.000,0.0269,0.67
6589,replay,4000,0.0256,1.000,0.0269,0.67
6590,replay,4000,0.1217,1.000,0.0269,0.68
6591,replay,4000,0.1144,1.000,0.0270,0.68
6592,replay,4000,0.0910,1.000,0.0271,0.67
6593,replay,4000,0.0769,1.000,0.0272,0.67
6594,replay,4000,0.0516,1.000,0.0272,0.67
6595,es_step,4000,0.0151,1.000,0.0272,1.21
6596,es_step,4000,0.0090,1.000,0.0272,1.21
6597,replay,4000,0.0372,1.000,0.0271,0.67
6598,replay,4000,0.0301,1.000,0.0270,0.67
6599,replay,4000,0.0118,1.000,0.0271,0.67
6600,replay,4000,0.0185,1.000,0.0270,0.67
6601,replay,4000,0.0268,1.000,0.0269,0.67
6602,es_step,4000,0.0053,1.000,0.0269,1.21
6603,es_step,4000,0.0086,1.000,0.0269,1.20
6604,replay,4000,0.0083,1.000,0.0268,0.67
6605,replay,4000,0.0337,1.000,0.0268,0.67
6606,replay,4000,0.0380,1.000,0.0268,0.67
6607,replay,4000,0.0358,1.000,0.0268,0.67
6608,replay,4000,0.0498,1.000,0.0268,0.67
6609,replay,4000,0.0607,1.000,0.0268,0.67
6610,replay,4000,0.0842,1.000,0.0268,0.67
6611,es_step,4000,0.0161,1.000,0.0268,1.22
6612,replay,4000,0.0752,1.000,0.0268,0.67
6613,es_step,4000,0.0228,1.000,0.0268,1.21
6614,replay,4000,0.0570,1.000,0.0268,0.67
6615,replay,4000,0.0732,1.000,0.0268,0.67
6616,replay,4000,0.0804,1.000,0.0268,0.68
6617,replay,4000,0.0573,1.000,0.0270,0.68
6618,replay,4000,0.0420,1.000,0.0268,0.67
6619,es_step,4000,0.0331,1.000,0.0268,1.21
6620,replay,4000,0.0955,1.000,0.0269,0.67
6621,replay,4000,0.0916,1.000,0.0270,0.67
6622,es_step,4000,0.0408,1.000,0.0270,1.21
6623,es_step,4000,0.0431,1.000,0.0270,1.20
6624,replay,4000,0.0821,1.000,0.0270,0.67
6625,replay,4000,0.0729,1.000,0.0270,0.67
6626,replay,4000,0.0676,1.000,0.0270,0.71
6627,replay,4000,0.0525,1.000,0.0270,0.67
6628,replay,4000,0.0376,1.000,0.0270,0.67
6629,replay,4000,0.0462,1.000,0.0270,0.67
6630,replay,4000,0.0298,1.000,0.0270,0.67
6631,replay,4000,0.0264,1.000,0.0270,0.67
6632,replay,4000,0.0397,1.000,0.0270,0.67
6633,es_step,4000,0.0147,1.000,0.0270,1.21
6634,replay,4000,0.0313,1.000,0.0270,0.67
6635,replay,4000,0.0271,1.000,0.0269,0.67
6636,replay,4000,0.0206,1.000,0.0268,0.67
6637,replay,4000,0.0422,1.000,0.0269,0.67
6638,replay,4000,0.0676,1.000,0.0269,0.67
6639,replay,4000,0.0448,1.000,0.0268,0.67
6640,replay,4000,0.0569,1.000,0.0268,0.67
6641,replay,4000,0.0603,1.000,0.0268,0.67
6642,replay,4000,0.0306,1.000,0.0268,0.68
6643,es_step,4000,0.0226,1.000,0.0268,1.22
6644,replay,4000,0.0391,1.000,0.0267,0.68
6645,replay,4000,0.0306,1.000,0.0267,0.67
6646,replay,4000,0.0349,1.000,0.0267,0.67
6647,replay,4000,0.0409,1.000,0.0267,0.67
6648,es_step,4000,0.0182,1.000,0.0267,1.22
6649,replay,4000,0.0616,1.000,0.0267,0.67
6650,replay,4000,0.0484,1.000,0.0266,0.67
6651,replay,4000,0.0325,1.000,0.0266,0.67
6652,es_step,4000,0.0030,1.000,0.0266,1.21
6653,replay,4000,0.0149,1.000,0.0264,0.67
6654,replay,4000,0.0332,1.000,0.0263,0.67
6655,es_step,4000,0.0379,1.000,0.0263,1.22
6656,replay,4000,0.0702,1.000,0.0264,0.67
6657,replay,4000,0.0730,1.000,0.0264,0.67
6658,es_step,4000,0.0417,1.000,0.0264,1.21
6659,replay,4000,0.0741,1.000,0.0265,0.67
6660,replay,4000,0.0553,1.000,0.0265,0.67
6661,es_step,4000,0.0198,1.000,0.0265,1.21
6662,replay,4000,0.0506,1.000,0.0265,0.67
6663,replay,4000,0.0285,1.000,0.0265,0.67
6664,es_step,4000,-0.0032,1.000,0.0265,1.21
6665,replay,4000,0.0179,1.000,0.0264,0.67
6666,replay,4000,0.0051,1.000,0.0261,0.67
6667,replay,4000,0.0157,1.000,0.0259,0.67
6668,replay,4000,0.0430,1.000,0.0259,0.67
6669,replay,4000,0.0662,1.000,0.0259,0.67
6670,replay,4000,0.0712,1.000,0.0259,0.68
6671,replay,4000,0.0599,1.000,0.0259,0.68
6672,replay,4000,0.0640,1.000,0.0259,0.68
6673,replay,4000,0.0571,1.000,0.0259,0.68
6674,replay,4000,0.0298,1.000,0.0258,0.68
6675,replay,4000,0.0602,1.000,0.0258,0.67
6676,replay,4000,0.0645,1.000,0.0258,0.68
6677,es_step,4000,0.0341,1.000,0.0258,1.21
6678,replay,4000,0.0553,1.000,0.0258,0.67
6679,replay,4000,0.0422,1.000,0.0258,0.67
6680,replay,4000,0.0069,1.000,0.0257,0.67
6681,replay,4000,0.0206,1.000,0.0255,0.67
6682,replay,4000,0.0085,1.000,0.0254,0.67
6683,es_step,4000,0.0086,1.000,0.0255,1.21
6684,es_step,4000,0.0079,1.000,0.0255,1.21
6685,replay,4000,0.0286,1.000,0.0254,0.67
6686,replay,4000,0.0402,1.000,0.0254,0.67
6687,es_step,4000,0.0240,1.000,0.0254,1.21
6688,replay,4000,0.0363,1.000,0.0253,0.67
6689,replay,4000,0.0390,1.000,0.0253,0.67
6690,replay,4000,0.0325,1.000,0.0251,0.67
6691,replay,4000,0.0401,1.000,0.0251,0.67
6692,replay,4000,0.0245,1.000,0.0250,0.67
6693,replay,4000,0.0439,1.000,0.0250,0.67
6694,replay,4000,0.0513,1.000,0.0250,0.67
6695,replay,4000,0.0553,1.000,0.0250,0.67
6696,replay,4000,0.0583,1.000,0.0250,0.67
6697,replay,4000,0.0565,1.000,0.0250,0.67
6698,es_step,4000,0.0132,1.000,0.0250,1.22
6699,replay,4000,0.0679,1.000,0.0250,0.67
6700,replay,4000,0.0507,1.000,0.0249,0.67
6701,replay,4000,0.0436,1.000,0.0249,0.67
6702,replay,4000,0.0419,1.000,0.0248,0.67
6703,replay,4000,0.0287,1.000,0.0248,0.67
6704,replay,4000,0.0389,1.000,0.0248,0.67
6705,es_step,4000,0.0118,1.000,0.0248,1.21
6706,replay,4000,0.0431,1.000,0.0248,0.67
6707,replay,4000,0.0590,1.000,0.0248,0.67
6708,replay,4000,0.0580,1.000,0.0248,0.67
6709,replay,4000,0.0550,1.000,0.0248,0.67
6710,replay,4000,0.0503,1.000,0.0248,0.67
6711,replay,4000,0.0325,1.000,0.0248,0.67
6712,es_step,4000,0.0136,1.000,0.0248,1.21
6713,replay,4000,0.0270,1.000,0.0248,0.67
6714,replay,4000,0.0332,1.000,0.0248,0.67
6715,replay,4000,0.0153,1.000,0.0247,0.67
6716,es_step,4000,0.0301,1.000,0.0248,1.21
6717,es_step,4000,0.0314,0.938,0.0248,1.21
6718,replay,4000,0.0631,1.000,0.0248,0.67
6719,replay,4000,0.0689,1.000,0.0248,0.67
6720,replay,4000,0.0590,1.000,0.0248,0.67
6721,replay,4000,0.0072,1.000,0.0247,0.67
6722,replay,4000,0.0021,1.000,0.0244,0.67
6723,replay,4000,0.0159,1.000,0.0243,0.67
6724,es_step,4000,-0.0104,1.000,0.0243,1.21
6725,replay,4000,0.0238,1.000,0.0242,0.67
6726,replay,4000,0.0265,1.000,0.0242,0.67
6727,es_step,4000,0.0062,1.000,0.0242,1.21
6728,replay,4000,0.0452,1.000,0.0242,0.67
6729,replay,4000,0.0058,1.000,0.0240,0.67
6730,replay,4000,0.0389,1.000,0.0240,0.67
6731,replay,4000,0.0403,1.000,0.0238,0.67
6732,replay,4000,0.0587,1.000,0.0238,0.67
6733,replay,4000,0.0601,1.000,0.0239,0.67
6734,replay,4000,0.0498,1.000,0.0238,0.67
6735,es_step,4000,0.0270,1.000,0.0238,1.21
6736,replay,4000,0.0810,1.000,0.0239,0.67
6737,replay,4000,0.1189,1.000,0.0240,0.67
6738,replay,4000,0.1251,1.000,0.0240,0.67
6739,replay,4000,0.1059,1.000,0.0242,0.67
6740,replay,4000,0.1090,1.000,0.0242,0.67
6741,replay,4000,0.0908,1.000,0.0242,0.67
6742,es_step,4000,0.0329,1.000,0.0242,1.21
6743,replay,4000,0.0549,1.000,0.0242,0.67
6744,replay,4000,0.0637,1.000,0.0242,0.67
6745,replay,4000,0.0429,1.000,0.0242,0.67
6746,replay,4000,0.0661,1.000,0.0242,0.67
6747,es_step,4000,0.0361,1.000,0.0242,1.21
6748,replay,4000,0.0595,1.000,0.0242,0.67
6749,replay,4000,0.0625,1.000,0.0242,0.67
6750,replay,4000,0.0658,1.000,0.0242,0.67
6751,es_step,4000,0.0403,1.000,0.0242,1.20
6752,es_step,4000,0.0342,1.000,0.0242,1.20
6753,replay,4000,0.0555,1.000,0.0243,0.67
6754,es_step,4000,0.0199,1.000,0.0243,1.20
6755,replay,4000,0.0470,1.000,0.0243,0.67
6756,replay,4000,0.0400,1.000,0.0242,0.67
6757,replay,4000,0.0144,1.000,0.0242,0.67
6758,replay,4000,-0.0014,1.000,0.0242,0.67
6759,replay,4000,0.0453,1.000,0.0241,0.67
6760,replay,4000,0.0267,1.000,0.0241,0.67
6761,replay,4000,0.0541,1.000,0.0241,0.67
6762,replay,4000,0.0576,1.000,0.0242,0.67
6763,replay,4000,0.0766,1.000,0.0242,0.67
6764,es_step,4000,0.0323,1.000,0.0242,1.21
6765,es_step,4000,0.0255,1.000,0.0242,1.21
6766,replay,4000,0.0544,1.000,0.0245,0.67
6767,replay,4000,0.0629,1.000,0.0245,0.67
6768,replay,4000,0.0678,1.000,0.0245,0.67
6769,replay,4000,0.0638,1.000,0.0245,0.67
6770,replay,4000,0.0627,1.000,0.0245,0.67
6771,es_step,4000,0.0379,1.000,0.0246,1.21
6772,replay,4000,0.0643,1.000,0.0246,0.67
6773,replay,4000,0.0689,1.000,0.0247,0.67
6774,replay,4000,0.0648,1.000,0.0247,0.67
6775,replay,4000,0.0521,1.000,0.0247,0.67
6776,replay,4000,0.0500,1.000,0.0247,0.67
6777,replay,4000,0.0424,1.000,0.0247,0.67
6778,replay,4000,0.0331,1.000,0.0246,0.68
6779,es_step,4000,0.0228,1.000,0.0246,1.21
6780,replay,4000,0.0513,1.000,0.0246,0.67
6781,replay,4000,0.0541,1.000,0.0246,0.67
6782,replay,4000,0.0592,1.000,0.0246,0.68
6783,replay,4000,0.0721,1.000,0.0247,0.68
6784,es_step,4000,0.0273,1.000,0.0247,1.21
6785,es_step,4000,0.0371,1.000,0.0247,1.20
6786,replay,4000,0.0453,1.000,0.0248,0.67
6787,replay,4000,0.0406,1.000,0.0248,0.67
6788,replay,4000,0.0674,1.000,0.0248,0.67
6789,es_step,4000,0.0262,1.000,0.0248,1.21
6790,replay,4000,0.0625,1.000,0.0249,0.67
6791,replay,4000,0.0368,1.000,0.0249,0.67
6792,replay,4000,0.0520,1.000,0.0249,0.67
6793,replay,4000,-0.0692,1.000,0.0248,0.67
6794,es_step,4000,0.0234,1.000,0.0248,1.21
6795,replay,4000,0.0502,1.000,0.0249,0.66
6796,es_step,4000,0.0377,1.000,0.0249,1.20
6797,replay,4000,0.0655,1.000,0.0250,0.67
6798,es_step,4000,0.0421,1.000,0.0250,1.20
6799,replay,4000,0.0759,1.000,0.0251,0.67
6800,replay,4000,0.0757,1.000,0.0252,0.67
6801,replay,4000,0.1088,1.000,0.0252,0.67
6802,replay,4000,0.0828,1.000,0.0253,0.67
6803,replay,4000,0.0780,1.000,0.0254,0.67
6804,replay,4000,0.0814,1.000,0.0254,0.67
6805,es_step,4000,0.0343,1.000,0.0254,1.21
6806,replay,4000,0.0822,1.000,0.0255,0.67
6807,replay,4000,0.0834,1.000,0.0256,0.67
6808,replay,4000,0.0874,1.000,0.0257,0.67
6809,es_step,4000,0.0459,1.000,0.0257,1.21
6810,replay,4000,0.0768,1.000,0.0258,0.66
6811,replay,4000,0.0490,1.000,0.0258,0.67
6812,es_step,4000,0.0025,1.000,0.0258,1.21
6813,replay,4000,0.0374,1.000,0.0257,0.67
6814,replay,4000,0.0334,1.000,0.0258,0.67
6815,replay,4000,0.0264,1.000,0.0258,0.67
6816,replay,4000,0.0222,1.000,0.0257,0.67
6817,replay,4000,0.0165,1.000,0.0257,0.67
6818,replay,4000,0.0370,1.000,0.0257,0.67
6819,replay,4000,0.0282,1.000,0.0256,0.67
6820,replay,4000,0.0529,1.000,0.0257,0.67
6821,replay,4000,0.0634,1.000,0.0257,0.67
6822,replay,4000,0.0592,1.000,0.0258,0.67
6823,es_step,4000,0.0148,1.000,0.0258,1.22
6824,replay,4000,0.0465,1.000,0.0258,0.67
6825,replay,4000,0.0438,1.000,0.0258,0.67
6826,replay,4000,0.0454,1.000,0.0258,0.67
6827,es_step,4000,-0.0036,1.000,0.0258,1.22
6828,replay,4000,0.0141,1.000,0.0258,0.67
6829,replay,4000,0.0171,1.000,0.0257,0.67
6830,replay,4000,0.0217,1.000,0.0257,0.67
6831,replay,4000,0.0352,1.000,0.0257,0.68
6832,replay,4000,0.0582,1.000,0.0257,0.67
6833,replay,4000,0.0945,1.000,0.0258,0.67
6834,es_step,4000,0.0179,1.000,0.0258,1.21
6835,replay,4000,0.0721,1.000,0.0258,2.84
6836,es_step,4000,0.0191,1.000,0.0258,1.21
6837,replay,4000,0.0469,1.000,0.0258,0.67
6838,replay,4000,0.0571,1.000,0.0258,0.67
6839,replay,4000,0.0450,1.000,0.0258,0.67
6840,es_step,4000,0.0010,1.000,0.0258,1.21
6841,es_step,4000,0.0059,1.000,0.0258,1.21
6842,replay,4000,0.0289,1.000,0.0257,0.67
6843,replay,4000,0.0397,1.000,0.0257,0.67
6844,es_step,4000,0.0085,1.000,0.0257,1.20
6845,replay,4000,0.0284,1.000,0.0256,0.67
6846,replay,4000,0.0271,1.000,0.0256,0.67
6847,replay,4000,0.0255,1.000,0.0255,0.67
6848,replay,4000,-0.0212,1.000,0.0255,0.67
6849,replay,4000,0.0315,1.000,0.0254,0.67
6850,replay,4000,0.0580,1.000,0.0255,0.68
6851,replay,4000,0.0442,1.000,0.0256,0.67
6852,replay,4000,-0.0015,1.000,0.0258,0.68
6853,replay,4000,0.0632,1.000,0.0259,0.67
6854,replay,4000,0.1785,1.000,0.0260,0.68
6855,replay,4000,0.1555,1.000,0.0261,0.68
6856,replay,4000,0.1539,1.000,0.0263,0.68
6857,replay,4000,0.1781,1.000,0.0265,0.68
6858,replay,4000,0.1674,1.000,0.0266,0.68
6859,replay,4000,0.1645,1.000,0.0268,0.68
6860,replay,4000,0.1230,1.000,0.0269,0.68
6861,replay,4000,0.1302,1.000,0.0270,0.67
6862,replay,4000,0.1201,1.000,0.0271,0.68
6863,replay,4000,0.1121,1.000,0.0272,0.67
6864,replay,4000,0.0896,1.000,0.0272,0.67
6865,replay,4000,0.0630,1.000,0.0272,0.67
6866,replay,4000,0.0620,1.000,0.0272,0.67
6867,replay,4000,0.0486,1.000,0.0271,0.68
6868,replay,4000,0.0383,1.000,0.0271,0.68
6869,replay,4000,0.0551,1.000,0.0272,0.67
6870,replay,4000,0.0784,1.000,0.0272,0.67
6871,es_step,4000,0.0225,1.000,0.0272,1.22
6872,replay,4000,0.0585,1.000,0.0272,0.68
6873,replay,4000,0.0366,1.000,0.0271,0.68
6874,es_step,4000,0.0155,1.000,0.0271,1.22
6875,replay,4000,0.0505,1.000,0.0271,0.68
6876,es_step,4000,0.0177,1.000,0.0271,1.22
6877,replay,4000,0.0264,1.000,0.0271,0.67
6878,es_step,4000,0.0149,1.000,0.0271,1.21
6879,replay,4000,0.0625,1.000,0.0271,0.67
6880,es_step,4000,0.0267,1.000,0.0271,1.21
6881,es_step,4000,0.0276,1.000,0.0271,1.21
6882,replay,4000,0.0487,1.000,0.0271,0.67
6883,replay,4000,0.0619,1.000,0.0272,0.67
6884,replay,4000,0.0433,1.000,0.0272,0.67
6885,replay,4000,0.0438,1.000,0.0272,0.67
6886,replay,4000,0.0290,1.000,0.0272,0.67
6887,replay,4000,0.0323,1.000,0.0273,0.67
6888,replay,4000,0.0335,1.000,0.0272,0.68
6889,replay,4000,0.0239,1.000,0.0271,0.68
6890,replay,4000,0.0245,1.000,0.0271,0.68
6891,replay,4000,0.0341,1.000,0.0270,0.68
6892,replay,4000,0.0285,1.000,0.0270,0.68
6893,replay,4000,0.0360,1.000,0.0270,0.68
6894,replay,4000,0.0434,1.000,0.0270,0.68
6895,replay,4000,0.0246,1.000,0.0269,0.68
6896,replay,4000,0.0655,1.000,0.0269,0.68
6897,replay,4000,0.0640,1.000,0.0269,0.68
6898,es_step,4000,0.0130,1.000,0.0269,1.22
6899,replay,4000,0.0358,1.000,0.0269,0.67
6900,replay,4000,0.0339,1.000,0.0269,0.68
6901,replay,4000,0.0608,1.000,0.0268,0.67
6902,replay,4000,0.0550,1.000,0.0268,0.67
6903,replay,4000,0.0444,1.000,0.0268,0.67
6904,replay,4000,0.0390,1.000,0.0268,0.67
6905,replay,4000,0.0571,1.000,0.0268,0.68
6906,replay,4000,0.0281,1.000,0.0267,0.67
6907,replay,4000,0.0639,1.000,0.0266,0.67
6908,replay,4000,0.0763,1.000,0.0266,0.68
6909,es_step,4000,0.0278,1.000,0.0266,1.21
6910,replay,4000,0.0607,1.000,0.0266,0.67
6911,replay,4000,0.0573,1.000,0.0267,0.68
6912,replay,4000,0.0735,1.000,0.0268,0.68
6913,replay,4000,0.0755,1.000,0.0268,0.68
6914,replay,4000,0.0574,1.000,0.0268,0.67
6915,replay,4000,0.0231,1.000,0.0267,0.67
6916,replay,4000,0.0208,1.000,0.0266,0.67
6917,es_step,4000,-0.0075,1.000,0.0266,1.21
6918,replay,4000,0.0305,1.000,0.0268,0.67
6919,replay,4000,0.0235,1.000,0.0267,0.68
6920,replay,4000,0.0584,1.000,0.0267,0.67
6921,replay,4000,0.0770,1.000,0.0269,0.67
6922,replay,4000,0.0943,1.000,0.0270,0.68
6923,replay,4000,0.0762,1.000,0.0270,0.68
6924,es_step,4000,0.0233,1.000,0.0271,1.22
6925,replay,4000,0.0607,1.000,0.0271,0.67
6926,replay,4000,0.0444,1.000,0.0271,0.67
6927,replay,4000,0.0504,1.000,0.0271,0.68
6928,replay,4000,0.0483,1.000,0.0270,0.67
6929,es_step,4000,0.0142,1.000,0.0270,1.22
6930,replay,4000,0.0446,1.000,0.0270,0.67
6931,replay,4000,0.0746,1.000,0.0270,0.68
6932,replay,4000,0.0533,1.000,0.0270,0.67
6933,replay,4000,0.0500,1.000,0.0270,0.68
6934,replay,4000,0.0246,1.000,0.0270,0.68
6935,replay,4000,0.0224,1.000,0.0268,0.68
6936,replay,4000,0.0245,1.000,0.0268,0.68
6937,replay,4000,0.0340,1.000,0.0268,0.68
6938,replay,4000,0.0489,1.000,0.0268,0.68
6939,replay,4000,0.0489,1.000,0.0268,0.68
6940,replay,4000,0.0669,1.000,0.0268,0.67
6941,replay,4000,0.0685,1.000,0.0268,0.67
6942,replay,4000,0.0615,1.000,0.0268,0.68
6943,replay,4000,0.0497,1.000,0.0268,0.67
6944,replay,4000,0.0073,1.000,0.0267,0.68
6945,replay,4000,0.0264,1.000,0.0266,0.68
6946,replay,4000,0.0344,1.000,0.0266,0.68
6947,replay,4000,0.0269,1.000,0.0266,0.68
6948,replay,4000,0.0294,1.000,0.0264,0.68
6949,replay,4000,0.0394,1.000,0.0264,0.67
6950,es_step,4000,0.0084,1.000,0.0264,1.22
6951,es_step,4000,0.0185,1.000,0.0264,1.22
6952,replay,4000,0.0378,1.000,0.0264,0.67
6953,replay,4000,0.0409,1.000,0.0263,0.67
6954,replay,4000,0.0531,1.000,0.0263,0.67
6955,replay,4000,0.0358,1.000,0.0263,0.67
6956,replay,4000,0.0384,1.000,0.0263,0.67
6957,es_step,4000,0.0089,1.000,0.0263,1.21
6958,replay,4000,0.0112,1.000,0.0263,0.67
6959,es_step,4000,0.0038,1.000,0.0263,1.21
6960,replay,4000,0.0376,1.000,0.0263,0.68
6961,es_step,4000,0.0051,1.000,0.0263,1.21
6962,replay,4000,0.0451,1.000,0.0264,0.67
6963,replay,4000,-0.0142,1.000,0.0264,0.68
6964,replay,4000,0.0514,1.000,0.0264,0.68
6965,replay,4000,0.0866,1.000,0.0265,0.67
6966,replay,4000,0.0748,1.000,0.0266,0.67
6967,replay,4000,0.1114,1.000,0.0266,0.67
6968,replay,4000,0.0891,1.000,0.0267,0.68
6969,replay,4000,0.0694,1.000,0.0266,0.68
6970,replay,4000,0.0605,1.000,0.0267,0.68
6971,es_step,4000,-0.0123,1.000,0.0267,1.22
6972,replay,4000,0.0958,1.000,0.0267,0.67
6973,replay,4000,0.0674,1.000,0.0266,0.67
6974,replay,4000,0.0823,1.000,0.0267,0.67
6975,replay,4000,0.0746,1.000,0.0267,0.68
6976,replay,4000,0.0833,1.000,0.0270,0.67
6977,replay,4000,0.1195,1.000,0.0270,0.68
6978,replay,4000,0.1058,1.000,0.0271,0.67
6979,replay,4000,0.0727,1.000,0.0271,0.67
6980,es_step,4000,0.0367,1.000,0.0273,1.22
6981,es_step,4000,0.0385,1.000,0.0273,1.21
6982,replay,4000,0.0709,1.000,0.0273,0.67
6983,replay,4000,0.0480,1.000,0.0273,0.67
6984,replay,4000,0.0418,1.000,0.0273,0.67
6985,replay,4000,0.0439,1.000,0.0273,0.67
6986,replay,4000,0.0459,1.000,0.0273,0.67
6987,replay,4000,0.0392,1.000,0.0273,0.67
6988,replay,4000,0.0322,1.000,0.0272,0.67
6989,es_step,4000,0.0184,1.000,0.0272,1.22
6990,es_step,4000,0.0220,1.000,0.0272,1.21
6991,es_step,4000,0.0206,1.000,0.0272,1.21
6992,replay,4000,0.0358,1.000,0.0272,0.67
6993,replay,4000,0.0123,1.000,0.0271,0.67
6994,replay,4000,0.0661,1.000,0.0271,0.67
6995,es_step,4000,0.0343,1.000,0.0272,1.21
6996,replay,4000,0.0753,1.000,0.0272,0.68
6997,replay,4000,0.0367,1.000,0.0271,0.67
6998,replay,4000,0.0412,1.000,0.0270,0.68
6999,es_step,4000,-0.0013,1.000,0.0270,1.21
7000,es_step,4000,-0.0056,1.000,0.0270,1.21
7001,es_step,4000,-0.0026,1.000,0.0270,1.20
7002,replay,4000,0.0119,1.000,0.0269,0.68
7003,replay,4000,0.0016,1.000,0.0268,0.68
7004,replay,4000,0.0325,1.000,0.0268,0.68
7005,replay,4000,0.0283,1.000,0.0267,0.68
7006,replay,4000,0.0304,1.000,0.0267,0.68
7007,replay,4000,0.0238,1.000,0.0266,0.68
7008,es_step,4000,0.0109,1.000,0.0266,1.22
7009,es_step,4000,0.0191,1.000,0.0266,1.21
7010,replay,4000,0.0563,1.000,0.0266,0.67
7011,replay,4000,0.0603,1.000,0.0266,0.68
7012,replay,4000,0.0405,1.000,0.0267,0.67
7013,replay,4000,0.0578,1.000,0.0267,0.68
7014,replay,4000,0.0550,1.000,0.0267,0.68
7015,replay,4000,0.0587,1.000,0.0267,0.69
7016,replay,4000,0.0584,1.000,0.0267,0.68
7017,replay,4000,0.0554,1.000,0.0267,0.68
7018,replay,4000,0.0521,1.000,0.0267,0.68
7019,replay,4000,0.0455,1.000,0.0267,0.68
7020,replay,4000,0.0391,1.000,0.0267,0.68
7021,replay,4000,0.0199,1.000,0.0266,0.68
7022,replay,4000,0.0235,1.000,0.0266,0.68
7023,replay,4000,0.0209,1.000,0.0266,0.68
7024,replay,4000,0.0058,1.000,0.0265,0.68
7025,replay,4000,0.0301,1.000,0.0264,0.68
7026,replay,4000,0.0418,1.000,0.0264,0.68
7027,replay,4000,0.0422,1.000,0.0265,0.68
7028,es_step,4000,0.0276,1.000,0.0265,1.22
7029,replay,4000,0.0385,1.000,0.0265,0.67
7030,replay,4000,0.0352,1.000,0.0264,0.68
7031,es_step,4000,0.0210,1.000,0.0264,1.23
7032,es_step,4000,0.0226,1.000,0.0264,1.22
7033,replay,4000,0.0504,1.000,0.0264,0.67
7034,replay,4000,0.0441,1.000,0.0264,0.68
7035,replay,4000,0.0353,1.000,0.0263,0.67
7036,replay,4000,0.0056,1.000,0.0262,0.67
7037,replay,4000,0.0094,1.000,0.0260,0.67
7038,replay,4000,0.0011,1.000,0.0259,0.67
7039,replay,4000,0.0185,1.000,0.0259,0.68
7040,replay,4000,0.0290,1.000,0.0258,0.67
7041,replay,4000,0.0476,1.000,0.0258,0.68
7042,replay,4000,0.0674,1.000,0.0259,0.68
7043,replay,4000,0.0766,1.000,0.0259,0.68
7044,es_step,4000,0.0427,1.000,0.0260,1.22
7045,replay,4000,0.0852,1.000,0.0260,0.67
7046,replay,4000,0.0757,1.000,0.0261,0.68
7047,replay,4000,0.0685,1.000,0.0261,0.68
7048,replay,4000,0.0550,1.000,0.0261,0.68
7049,replay,4000,0.0374,1.000,0.0261,0.68
7050,es_step,4000,-0.0087,1.000,0.0261,1.22
7051,replay,4000,0.0224,1.000,0.0260,0.68
7052,replay,4000,0.0175,1.000,0.0259,0.68
7053,replay,4000,0.0172,1.000,0.0259,0.68
7054,replay,4000,0.0311,1.000,0.0259,0.68
7055,replay,4000,0.0393,1.000,0.0258,0.68
7056,replay,4000,0.0427,1.000,0.0259,0.68
7057,replay,4000,0.0429,1.000,0.0258,0.68
7058,es_step,4000,0.0171,1.000,0.0258,1.22
7059,es_step,4000,0.0073,1.000,0.0258,1.22
7060,es_step,4000,0.0106,1.000,0.0258,1.22
7061,replay,4000,0.0089,1.000,0.0258,0.68
7062,replay,4000,0.0450,1.000,0.0258,0.67
7063,es_step,4000,0.0225,0.875,0.0258,1.82
7064,replay,4000,0.0690,1.000,0.0258,0.71
7065,replay,4000,0.0514,1.000,0.0258,0.71
7066,replay,4000,0.0542,1.000,0.0258,0.70
7067,replay,4000,0.0541,1.000,0.0258,0.70
7068,replay,4000,0.0432,1.000,0.0258,0.70
7069,replay,4000,0.0073,1.000,0.0257,0.69
7070,replay,4000,0.0297,1.000,0.0257,0.69
7071,replay,4000,0.0523,1.000,0.0257,0.69
7072,replay,4000,0.0227,1.000,0.0257,0.69
7073,replay,4000,0.0788,1.000,0.0258,0.70
7074,es_step,4000,0.0449,1.000,0.0258,1.26
7075,replay,4000,0.1080,1.000,0.0259,0.69
7076,es_step,4000,0.0491,0.938,0.0260,1.25
7077,replay,4000,0.0928,1.000,0.0261,0.69
7078,replay,4000,0.0877,1.000,0.0261,0.68
7079,replay,4000,0.0683,1.000,0.0261,0.69
7080,replay,4000,0.0313,1.000,0.0261,0.69
7081,replay,4000,0.0294,1.000,0.0260,0.68
7082,replay,4000,0.0431,1.000,0.0260,0.68
7083,es_step,4000,0.0052,1.000,0.0260,1.24
7084,replay,4000,0.0398,1.000,0.0259,0.68
7085,replay,4000,0.0060,1.000,0.0259,0.68
7086,replay,4000,0.0236,1.000,0.0258,0.68
7087,es_step,4000,-0.0025,1.000,0.0258,1.24
7088,replay,4000,0.0118,1.000,0.0257,0.68
7089,es_step,4000,-0.0008,1.000,0.0257,1.23
7090,replay,4000,0.0443,1.000,0.0256,0.68
7091,replay,4000,0.0204,1.000,0.0256,0.68
7092,replay,4000,0.0205,1.000,0.0255,0.68
7093,replay,4000,0.0179,1.000,0.0255,0.68
7094,replay,4000,0.0533,1.000,0.0257,0.68
7095,replay,4000,0.0384,1.000,0.0257,0.68
7096,replay,4000,0.0659,1.000,0.0256,0.68
7097,es_step,4000,-0.0108,1.000,0.0256,1.22
7098,replay,4000,0.0625,1.000,0.0256,0.68
7099,replay,4000,0.0199,1.000,0.0255,0.68
7100,replay,4000,0.0144,1.000,0.0252,0.68
7101,es_step,4000,-0.0124,1.000,0.0252,1.22
7102,replay,4000,0.0217,1.000,0.0252,0.67
7103,replay,4000,0.0169,1.000,0.0251,0.68
7104,replay,4000,0.0397,1.000,0.0251,0.68
7105,replay,4000,0.1132,1.000,0.0251,0.68
7106,replay,4000,0.1237,1.000,0.0252,0.68
7107,es_step,4000,0.0299,1.000,0.0252,1.22
7108,replay,4000,0.1314,1.000,0.0252,0.67
7109,es_step,4000,0.0542,0.938,0.0253,1.23
7110,replay,4000,0.1237,1.000,0.0255,0.68
7111,es_step,4000,0.0565,1.000,0.0256,1.22
7112,es_step,4000,0.0542,1.000,0.0257,1.22
7113,replay,4000,0.0095,1.000,0.0258,0.68
7114,replay,4000,0.1326,1.000,0.0259,0.68
7115,replay,4000,0.1310,1.000,0.0260,0.68
7116,es_step,4000,0.0593,1.000,0.0261,1.22
7117,es_step,4000,0.0578,1.000,0.0261,1.22
7118,replay,4000,0.1123,1.000,0.0262,0.68
7119,replay,4000,0.0844,1.000,0.0262,0.68
7120,replay,4000,0.0755,1.000,0.0262,0.68
7121,replay,4000,0.0625,1.000,0.0262,0.68
7122,replay,4000,0.0587,1.000,0.0262,0.68
7123,replay,4000,0.0484,1.000,0.0262,0.68
7124,replay,4000,0.0465,1.000,0.0262,0.68
7125,replay,4000,0.0443,1.000,0.0262,0.68
7126,es_step,4000,0.0230,1.000,0.0262,1.22
7127,replay,4000,0.0677,1.000,0.0262,0.67
7128,es_step,4000,0.0245,1.000,0.0262,1.22
7129,replay,4000,0.0714,1.000,0.0262,0.68
7130,replay,4000,0.0449,1.000,0.0262,0.68
7131,es_step,4000,0.0343,1.000,0.0264,1.23
7132,replay,4000,0.0938,1.000,0.0264,0.68
7133,replay,4000,0.0747,1.000,0.0264,0.68
7134,replay,4000,0.0403,1.000,0.0264,0.68
7135,replay,4000,-0.0021,1.000,0.0261,0.68
7136,replay,4000,0.0025,1.000,0.0260,0.68
7137,replay,4000,0.0180,1.000,0.0260,0.68
7138,replay,4000,0.0213,1.000,0.0259,0.68
7139,replay,4000,0.0316,1.000,0.0259,0.68
7140,es_step,4000,0.0139,1.000,0.0259,1.23
7141,es_step,4000,0.0139,1.000,0.0259,1.22
7142,es_step,4000,0.0173,1.000,0.0259,1.22
7143,replay,4000,0.0696,1.000,0.0259,0.68
7144,replay,4000,0.0677,1.000,0.0259,0.68
7145,replay,4000,0.0653,1.000,0.0259,2.84
7146,replay,4000,0.0527,1.000,0.0259,0.68
7147,es_step,4000,0.0017,1.000,0.0259,1.23
7148,es_step,4000,0.0019,1.000,0.0259,1.22
7149,replay,4000,0.0273,1.000,0.0259,0.68
7150,replay,4000,0.0135,1.000,0.0258,0.68
7151,replay,4000,0.0191,1.000,0.0259,0.68
7152,replay,4000,0.0441,1.000,0.0258,0.68
7153,replay,4000,0.0505,1.000,0.0259,0.68
7154,replay,4000,0.0783,1.000,0.0259,0.68
7155,replay,4000,0.0801,1.000,0.0260,0.68
7156,replay,4000,0.0741,1.000,0.0260,0.68
7157,replay,4000,0.0679,1.000,0.0260,0.68
7158,replay,4000,0.0680,1.000,0.0260,0.68
7159,replay,4000,0.0608,1.000,0.0261,0.68
7160,replay,4000,0.0737,1.000,0.0261,0.68
7161,replay,4000,0.0540,1.000,0.0261,0.68
7162,replay,4000,0.0382,1.000,0.0261,0.68
7163,replay,4000,0.0396,1.000,0.0261,0.68
7164,replay,4000,0.0324,1.000,0.0261,0.68
7165,replay,4000,0.0306,1.000,0.0261,0.68
7166,es_step,4000,0.0190,0.938,0.0261,1.23
7167,replay,4000,0.0311,1.000,0.0260,0.68
7168,replay,4000,0.0539,1.000,0.0260,0.68
7169,replay,4000,0.0359,1.000,0.0260,0.68
7170,replay,4000,0.0402,1.000,0.0259,0.68
7171,es_step,4000,-0.0008,1.000,0.0259,1.23
7172,replay,4000,0.0297,1.000,0.0259,0.68
7173,es_step,4000,0.0099,1.000,0.0259,1.23
7174,replay,4000,0.0373,1.000,0.0258,0.68
7175,es_step,4000,0.0016,1.000,0.0258,1.23
7176,replay,4000,0.0163,1.000,0.0257,0.68
7177,replay,4000,0.0116,1.000,0.0257,0.68
7178,es_step,4000,0.0032,1.000,0.0257,1.22
7179,replay,4000,0.0453,1.000,0.0256,0.67
7180,replay,4000,0.0260,1.000,0.0256,0.67
7181,replay,4000,0.0268,1.000,0.0256,0.68
7182,replay,4000,0.0450,1.000,0.0255,0.68
7183,replay,4000,0.0230,1.000,0.0255,0.68
7184,replay,4000,0.0403,1.000,0.0255,0.68
7185,replay,4000,0.0269,1.000,0.0254,0.68
7186,replay,4000,0.0509,1.000,0.0254,0.68
7187,replay,4000,0.0498,1.000,0.0256,0.68
7188,replay,4000,0.0491,1.000,0.0256,0.68
7189,replay,4000,0.0675,1.000,0.0256,0.68
7190,replay,4000,0.0633,1.000,0.0256,0.68
7191,replay,4000,0.0574,1.000,0.0256,0.68
7192,replay,4000,0.0516,1.000,0.0256,0.68
7193,replay,4000,0.0435,1.000,0.0255,0.68
7194,replay,4000,0.0147,1.000,0.0255,0.68
7195,replay,4000,0.0195,1.000,0.0254,0.68
7196,replay,4000,0.0343,1.000,0.0254,0.68
7197,es_step,4000,0.0186,1.000,0.0254,1.22
7198,replay,4000,0.0417,1.000,0.0254,0.67
7199,replay,4000,0.0451,1.000,0.0254,0.67
7200,replay,4000,0.0699,1.000,0.0254,0.67
7201,replay,4000,0.0635,1.000,0.0254,0.66
7202,replay,4000,0.0666,1.000,0.0254,0.66
7203,replay,4000,0.0568,1.000,0.0255,0.66
7204,replay,4000,0.0375,1.000,0.0256,0.66
7205,replay,4000,-0.2380,1.000,0.0255,0.67
7206,replay,4000,0.0414,1.000,0.0255,0.68
7207,replay,4000,0.0493,1.000,0.0255,0.68
7208,replay,4000,0.0304,1.000,0.0256,0.68
7209,replay,4000,0.1160,1.000,0.0256,0.68
7210,es_step,4000,0.0490,1.000,0.0257,1.23
7211,replay,4000,0.1333,1.000,0.0258,0.68
7212,replay,4000,0.1226,1.000,0.0259,0.68
7213,replay,4000,0.1074,1.000,0.0259,0.68
7214,replay,4000,0.0894,1.000,0.0258,0.68
7215,es_step,4000,0.0002,1.000,0.0258,1.24
7216,replay,4000,0.0464,1.000,0.0258,0.69
7217,es_step,4000,-0.0036,1.000,0.0258,1.23
7218,replay,4000,0.0731,1.000,0.0258,0.68
7219,replay,4000,0.0451,1.000,0.0256,0.68
7220,replay,4000,0.0650,1.000,0.0256,0.68
7221,replay,4000,0.0506,1.000,0.0256,0.68
7222,replay,4000,0.0511,1.000,0.0256,0.68
7223,es_step,4000,0.0496,1.000,0.0256,1.23
7224,es_step,4000,0.0483,1.000,0.0257,1.22
7225,replay,4000,0.0778,1.000,0.0257,0.68
7226,replay,4000,0.0744,1.000,0.0258,0.68
7227,es_step,4000,0.0188,1.000,0.0258,1.22
7228,replay,4000,0.0474,1.000,0.0257,0.68
7229,replay,4000,0.0300,1.000,0.0257,0.68
7230,es_step,4000,-0.0030,1.000,0.0257,1.23
7231,replay,4000,0.0061,1.000,0.0256,0.68
7232,replay,4000,0.0061,1.000,0.0255,0.68
7233,replay,4000,0.0146,1.000,0.0254,0.68
7234,replay,4000,0.0241,1.000,0.0254,0.68
7235,replay,4000,0.0179,1.000,0.0253,0.68
7236,replay,4000,0.0532,1.000,0.0253,0.68
7237,replay,4000,0.0618,1.000,0.0253,0.68
7238,replay,4000,0.0621,1.000,0.0253,0.68
7239,replay,4000,0.0424,1.000,0.0253,0.68
7240,replay,4000,0.0705,1.000,0.0254,0.68
7241,replay,4000,0.0673,1.000,0.0254,0.69
7242,replay,4000,0.0561,1.000,0.0254,0.68
7243,replay,4000,0.0319,1.000,0.0254,0.68
7244,es_step,4000,0.0029,1.000,0.0254,1.22
7245,es_step,4000,0.0050,1.000,0.0254,1.22
7246,replay,4000,0.0202,1.000,0.0253,0.68
7247,es_step,4000,-0.0061,1.000,0.0253,1.22
7248,replay,4000,0.0199,1.000,0.0254,0.67
7249,replay,4000,0.0154,1.000,0.0253,0.66
7250,replay,4000,0.0183,1.000,0.0253,0.67
7251,replay,4000,0.0314,1.000,0.0252,0.66
7252,replay,4000,0.0315,1.000,0.0252,0.66
7253,replay,4000,0.0325,1.000,0.0252,0.66
7254,replay,4000,0.0479,1.000,0.0252,0.66
7255,replay,4000,0.0585,1.000,0.0252,0.66
7256,replay,4000,0.0479,1.000,0.0252,0.66
7257,es_step,4000,0.0129,0.938,0.0252,1.20
7258,replay,4000,0.0353,1.000,0.0252,0.67
7259,replay,4000,0.0242,1.000,0.0251,0.68
7260,replay,4000,0.0222,1.000,0.0250,0.68
7261,es_step,4000,0.0152,1.000,0.0250,1.22
7262,replay,4000,0.0259,1.000,0.0250,0.68
7263,replay,4000,0.0469,1.000,0.0250,0.68
7264,replay,4000,-0.0020,1.000,0.0249,0.68
7265,replay,4000,0.0555,1.000,0.0249,0.68
7266,replay,4000,0.0487,1.000,0.0249,0.68
7267,replay,4000,0.0510,1.000,0.0249,0.68
7268,replay,4000,0.0270,1.000,0.0249,0.68
7269,replay,4000,0.0264,1.000,0.0248,0.68
7270,replay,4000,0.0456,1.000,0.0248,0.68
7271,es_step,4000,0.0114,0.938,0.0248,1.22
7272,replay,4000,0.0631,1.000,0.0248,0.68
7273,es_step,4000,0.0219,1.000,0.0248,1.22
7274,replay,4000,0.0553,1.000,0.0248,0.68
7275,replay,4000,0.0587,1.000,0.0248,0.68
7276,replay,4000,0.0503,1.000,0.0247,0.68
7277,replay,4000,0.0215,1.000,0.0248,0.68
7278,replay,4000,0.0439,1.000,0.0248,0.68
7279,replay,4000,0.0665,1.000,0.0247,0.68
7280,replay,4000,0.0302,1.000,0.0247,0.67
7281,replay,4000,0.0532,1.000,0.0247,0.68
7282,replay,4000,0.1783,1.000,0.0247,0.68
7283,replay,4000,0.1213,1.000,0.0249,0.68
7284,replay,4000,0.1071,1.000,0.0249,0.67
7285,replay,4000,0.0556,1.000,0.0249,0.67
7286,es_step,4000,0.0500,1.000,0.0250,1.21
7287,replay,4000,0.1212,1.000,0.0251,0.67
7288,replay,4000,0.1310,1.000,0.0253,0.68
7289,replay,4000,0.1258,1.000,0.0254,0.67
7290,es_step,4000,0.0640,1.000,0.0256,1.22
7291,replay,4000,0.1121,1.000,0.0257,0.68
7292,replay,4000,0.0904,1.000,0.0258,0.68
7293,es_step,4000,0.0609,1.000,0.0259,1.22
7294,replay,4000,0.0860,1.000,0.0260,0.68
7295,replay,4000,0.0842,1.000,0.0262,0.68
7296,replay,4000,0.0777,1.000,0.0263,0.68
7297,replay,4000,0.0803,1.000,0.0263,0.68
7298,es_step,4000,0.0369,1.000,0.0263,1.22
7299,replay,4000,0.0601,1.000,0.0263,0.68
7300,es_step,4000,0.0346,1.000,0.0263,1.22
7301,replay,4000,0.0592,1.000,0.0265,0.68
7302,replay,4000,0.0483,1.000,0.0265,0.68
7303,replay,4000,0.0339,1.000,0.0265,0.68
7304,replay,4000,0.0380,1.000,0.0265,0.69
7305,es_step,4000,0.0154,1.000,0.0265,1.23
7306,replay,4000,0.0333,1.000,0.0266,0.68
7307,es_step,4000,0.0205,1.000,0.0266,1.22
7308,es_step,4000,0.0206,1.000,0.0266,1.22
7309,replay,4000,0.0189,1.000,0.0266,0.68
7310,replay,4000,0.0413,1.000,0.0266,0.68
7311,replay,4000,0.0334,1.000,0.0266,0.68
7312,es_step,4000,0.0094,1.000,0.0266,1.22
7313,replay,4000,0.0484,1.000,0.0266,0.67
7314,replay,4000,0.0485,1.000,0.0265,0.68
7315,replay,4000,0.0387,1.000,0.0265,0.68
7316,replay,4000,0.0229,1.000,0.0264,0.68
7317,replay,4000,0.0261,1.000,0.0263,0.68
7318,replay,4000,0.0101,1.000,0.0261,0.68
7319,replay,4000,0.0361,1.000,0.0261,0.68
7320,replay,4000,0.0353,1.000,0.0261,0.68
7321,replay,4000,0.0308,1.000,0.0260,0.68
7322,replay,4000,0.0604,1.000,0.0260,0.68
7323,replay,4000,0.0240,1.000,0.0258,0.69
7324,replay,4000,0.0444,1.000,0.0257,0.68
7325,replay,4000,0.0257,1.000,0.0257,0.68
7326,replay,4000,0.0584,1.000,0.0257,0.68
7327,replay,4000,0.0549,1.000,0.0257,0.68
7328,replay,4000,0.0572,1.000,0.0257,0.68
7329,replay,4000,0.0499,1.000,0.0258,0.68
7330,replay,4000,0.0726,1.000,0.0258,0.68
7331,replay,4000,0.0727,1.000,0.0258,0.68
7332,es_step,4000,0.0130,1.000,0.0258,1.22
7333,es_step,4000,0.0141,1.000,0.0258,1.22
7334,replay,4000,0.0569,1.000,0.0258,0.68
7335,es_step,4000,0.0072,1.000,0.0258,1.22
7336,replay,4000,0.0555,1.000,0.0258,0.68
7337,replay,4000,0.0231,1.000,0.0257,0.67
7338,replay,4000,0.0123,1.000,0.0256,0.68
7339,replay,4000,0.0166,1.000,0.0255,0.68
7340,replay,4000,0.0391,1.000,0.0255,0.68
7341,replay,4000,0.0317,1.000,0.0254,0.68
7342,replay,4000,0.0390,1.000,0.0254,0.67
7343,replay,4000,0.0136,1.000,0.0252,0.68
7344,es_step,4000,0.0274,1.000,0.0252,1.22
7345,replay,4000,0.0379,1.000,0.0252,0.68
7346,replay,4000,0.0372,1.000,0.0252,0.68
7347,es_step,4000,0.0247,1.000,0.0252,1.22
7348,es_step,4000,0.0251,1.000,0.0252,1.21
7349,replay,4000,0.0628,1.000,0.0252,0.68
7350,replay,4000,0.0546,1.000,0.0252,0.68
7351,replay,4000,0.0351,1.000,0.0252,0.68
7352,replay,4000,0.0213,1.000,0.0251,0.67
7353,replay,4000,0.0572,1.000,0.0251,0.68
7354,replay,4000,0.0662,1.000,0.0251,0.68
7355,replay,4000,0.0484,1.000,0.0251,0.68
7356,es_step,4000,0.0172,1.000,0.0251,1.22
7357,replay,4000,0.0518,1.000,0.0250,0.68
7358,replay,4000,0.0244,1.000,0.0250,0.68
7359,replay,4000,-0.0786,1.000,0.0249,0.68
7360,replay,4000,0.0298,1.000,0.0249,0.68
7361,replay,4000,0.0325,1.000,0.0249,0.68
7362,es_step,4000,0.0373,1.000,0.0250,1.23
7363,replay,4000,0.0599,1.000,0.0250,0.68
7364,replay,4000,0.0626,1.000,0.0251,0.68
7365,replay,4000,0.0671,1.000,0.0251,0.68
7366,es_step,4000,0.0221,1.000,0.0251,1.22
7367,replay,4000,0.0618,1.000,0.0251,0.68
7368,replay,4000,0.0576,1.000,0.0251,0.68
7369,es_step,4000,0.0280,1.000,0.0251,1.22
7370,replay,4000,0.0519,1.000,0.0250,0.68
7371,replay,4000,0.0633,1.000,0.0251,0.68
7372,replay,4000,0.0399,1.000,0.0250,0.68
7373,replay,4000,0.0318,1.000,0.0249,0.68
7374,replay,4000,0.0192,1.000,0.0249,0.68
7375,replay,4000,0.0644,1.000,0.0248,0.69
7376,replay,4000,0.0675,1.000,0.0248,0.68
7377,replay,4000,0.0639,1.000,0.0249,0.68
7378,replay,4000,0.0475,1.000,0.0250,0.68
7379,replay,4000,0.0632,1.000,0.0250,0.68
7380,replay,4000,0.0607,1.000,0.0250,0.68
7381,replay,4000,0.0513,1.000,0.0250,0.68
7382,replay,4000,0.0410,1.000,0.0250,0.68
7383,replay,4000,-0.0721,1.000,0.0249,0.68
7384,replay,4000,0.0476,1.000,0.0249,0.68
7385,es_step,4000,0.0408,1.000,0.0250,1.22
7386,replay,4000,0.0907,1.000,0.0250,0.67
7387,replay,4000,0.0727,1.000,0.0251,0.68
7388,replay,4000,0.0703,1.000,0.0251,0.68
7389,es_step,4000,0.0234,1.000,0.0251,1.22
7390,replay,4000,0.0544,1.000,0.0251,0.68
7391,es_step,4000,0.0240,1.000,0.0251,1.22
7392,es_step,4000,0.0237,1.000,0.0251,1.22
7393,replay,4000,0.0453,1.000,0.0251,0.67
7394,replay,4000,0.0552,1.000,0.0251,0.68
7395,replay,4000,0.0525,1.000,0.0251,0.68
7396,es_step,4000,0.0211,0.938,0.0251,1.22
7397,es_step,4000,0.0236,0.875,0.0251,1.22
7398,replay,4000,0.0761,1.000,0.0251,0.67
7399,replay,4000,0.1140,1.000,0.0252,0.68
7400,replay,4000,0.1508,1.000,0.0252,0.67
7401,replay,4000,0.1411,1.000,0.0255,0.73
7402,replay,4000,0.1104,1.000,0.0256,0.68
7403,replay,4000,0.1096,1.000,0.0257,0.68
7404,replay,4000,0.0737,1.000,0.0258,0.68
7405,replay,4000,0.0366,1.000,0.0257,0.68
7406,replay,4000,0.0368,1.000,0.0257,0.68
7407,replay,4000,0.0343,1.000,0.0256,0.68
7408,replay,4000,0.0053,1.000,0.0256,0.69
7409,replay,4000,0.0158,1.000,0.0256,0.69
7410,replay,4000,0.0379,1.000,0.0256,0.68
7411,replay,4000,0.0585,1.000,0.0256,0.68
7412,es_step,4000,0.0397,1.000,0.0256,1.23
7413,replay,4000,0.0769,1.000,0.0256,0.68
7414,replay,4000,0.0798,1.000,0.0256,0.68
7415,replay,4000,0.0661,1.000,0.0256,0.68
7416,replay,4000,0.0351,1.000,0.0256,0.68
7417,es_step,4000,0.0224,1.000,0.0256,1.23
7418,replay,4000,0.0428,1.000,0.0256,0.67
7419,replay,4000,0.0441,1.000,0.0256,0.68
7420,replay,4000,0.0165,1.000,0.0255,0.68
7421,es_step,4000,0.0106,1.000,0.0255,1.22
7422,replay,4000,0.0222,1.000,0.0255,0.68
7423,replay,4000,0.0418,1.000,0.0254,0.68
7424,replay,4000,0.0265,1.000,0.0254,0.68
7425,replay,4000,0.0404,1.000,0.0254,0.68
7426,replay,4000,0.0476,1.000,0.0255,0.68
7427,replay,4000,0.0619,1.000,0.0255,0.68
7428,replay,4000,0.0531,1.000,0.0256,0.68
7429,es_step,4000,0.0340,1.000,0.0256,1.22
7430,es_step,4000,0.0327,0.938,0.0256,1.22
7431,replay,4000,0.0660,1.000,0.0256,0.68
7432,replay,4000,0.0407,1.000,0.0255,0.68
7433,replay,4000,0.0511,1.000,0.0256,0.68
7434,replay,4000,0.0484,1.000,0.0256,0.68
7435,replay,4000,0.0450,1.000,0.0256,0.68
7436,replay,4000,0.0104,1.000,0.0255,0.68
7437,replay,4000,0.0414,1.000,0.0255,0.68
7438,replay,4000,0.0414,1.000,0.0255,0.68
7439,replay,4000,0.0181,1.000,0.0254,0.68
7440,es_step,4000,0.0078,1.000,0.0254,1.24
7441,replay,4000,0.0294,1.000,0.0254,0.68
7442,replay,4000,0.0270,1.000,0.0253,0.68
7443,es_step,4000,0.0160,0.938,0.0253,1.22
7444,replay,4000,0.0294,1.000,0.0253,0.68
7445,replay,4000,0.0359,1.000,0.0254,0.68
7446,replay,4000,0.0568,1.000,0.0254,0.68
7447,replay,4000,0.0515,1.000,0.0254,0.67
7448,es_step,4000,0.0120,1.000,0.0254,1.22
7449,replay,4000,0.0433,1.000,0.0254,0.67
7450,replay,4000,0.0293,1.000,0.0253,0.68
7451,es_step,4000,0.0271,0.875,0.0253,1.22
7452,replay,4000,0.0324,1.000,0.0253,0.67
7453,replay,4000,0.0591,1.000,0.0253,0.67
7454,replay,4000,0.0525,1.000,0.0254,0.67
7455,replay,4000,0.0492,1.000,0.0254,0.68
7456,replay,4000,0.0186,1.000,0.0253,0.68
7457,replay,4000,0.0266,1.000,0.0253,0.68
7458,es_step,4000,0.0069,1.000,0.0253,1.23
7459,replay,4000,0.0297,1.000,0.0253,0.68
7460,replay,4000,0.0219,1.000,0.0252,2.82
7461,replay,4000,0.0157,1.000,0.0250,0.68
7462,replay,4000,0.0488,1.000,0.0250,0.68
7463,replay,4000,0.0517,1.000,0.0250,0.68
7464,replay,4000,0.0508,1.000,0.0251,0.68
7465,replay,4000,0.0377,1.000,0.0251,0.68
7466,replay,4000,0.0337,1.000,0.0251,0.68
7467,replay,4000,0.0424,1.000,0.0251,0.67
7468,replay,4000,0.0357,1.000,0.0250,0.68
7469,replay,4000,0.0311,1.000,0.0250,0.68
7470,replay,4000,0.0275,1.000,0.0250,0.68
7471,replay,4000,0.0204,1.000,0.0248,0.69
7472,replay,4000,0.0364,1.000,0.0248,0.68
7473,es_step,4000,0.0287,1.000,0.0248,1.24
7474,es_step,4000,0.0326,1.000,0.0248,1.22
7475,replay,4000,0.0651,1.000,0.0248,0.68
7476,replay,4000,0.0581,1.000,0.0248,0.68
7477,replay,4000,0.0427,1.000,0.0248,0.68
7478,es_step,4000,-0.0014,1.000,0.0248,1.23
7479,replay,4000,0.0206,1.000,0.0248,0.67
7480,replay,4000,0.0042,1.000,0.0246,0.68
7481,replay,4000,0.0044,1.000,0.0245,0.68
7482,replay,4000,0.0102,1.000,0.0244,0.68
7483,es_step,4000,0.0236,1.000,0.0244,1.22
7484,replay,4000,0.0321,1.000,0.0244,0.67
7485,replay,4000,0.0995,1.000,0.0245,0.68
7486,es_step,4000,0.0510,1.000,0.0245,1.23
7487,replay,4000,0.0932,1.000,0.0246,0.68
7488,replay,4000,0.1055,1.000,0.0246,0.68
7489,replay,4000,0.1085,1.000,0.0247,0.68
7490,replay,4000,0.0789,1.000,0.0247,0.68
7491,replay,4000,0.0670,1.000,0.0247,0.68
7492,replay,4000,0.0519,1.000,0.0247,0.68
7493,replay,4000,0.0518,1.000,0.0247,0.68
7494,replay,4000,0.0437,1.000,0.0247,0.68
7495,es_step,4000,0.0150,1.000,0.0247,1.23
7496,replay,4000,0.0406,1.000,0.0247,0.67
7497,replay,4000,0.0380,1.000,0.0246,0.68
7498,replay,4000,0.0125,1.000,0.0246,0.68
7499,replay,4000,0.0290,1.000,0.0245,0.68
7500,replay,4000,0.0198,1.000,0.0244,0.68
7501,replay,4000,0.0602,1.000,0.0244,0.68
7502,replay,4000,0.0722,1.000,0.0245,0.68
7503,replay,4000,0.0781,1.000,0.0246,0.68
7504,replay,4000,0.0587,1.000,0.0246,0.68
7505,replay,4000,0.0495,1.000,0.0247,0.68
7506,replay,4000,0.0510,1.000,0.0247,0.68
7507,es_step,4000,0.0219,0.938,0.0247,1.24
7508,replay,4000,0.0563,1.000,0.0247,0.68
7509,es_step,4000,0.0191,1.000,0.0247,1.22
7510,replay,4000,0.0384,1.000,0.0247,0.67
7511,replay,4000,0.0331,1.000,0.0247,0.68
7512,replay,4000,0.0621,1.000,0.0247,0.68
7513,replay,4000,0.0580,1.000,0.0248,0.68
7514,replay,4000,0.0339,1.000,0.0247,0.68
7515,replay,4000,0.0580,1.000,0.0248,0.68
7516,replay,4000,0.0485,1.000,0.0248,0.68
7517,replay,4000,0.0257,1.000,0.0247,0.68
7518,replay,4000,0.0194,1.000,0.0247,0.68
7519,replay,4000,0.0326,1.000,0.0246,0.68
7520,replay,4000,0.0219,1.000,0.0246,0.68
7521,replay,4000,0.0222,1.000,0.0245,0.68
7522,replay,4000,0.0224,1.000,0.0244,0.68
7523,replay,4000,0.0234,1.000,0.0244,0.68
7524,es_step,4000,0.0238,1.000,0.0244,1.23
7525,replay,4000,0.0238,1.000,0.0244,0.67
7526,es_step,4000,0.0253,1.000,0.0244,1.23
7527,replay,4000,0.0531,1.000,0.0244,0.68
7528,replay,4000,0.0361,1.000,0.0244,0.68
7529,replay,4000,0.0534,1.000,0.0245,0.68
7530,replay,4000,0.0505,1.000,0.0245,0.68
7531,replay,4000,0.0559,1.000,0.0246,0.68
7532,replay,4000,0.0741,1.000,0.0245,0.68
7533,replay,4000,0.0454,1.000,0.0245,0.68
7534,es_step,4000,0.0270,0.938,0.0245,1.23
7535,replay,4000,0.0279,1.000,0.0245,0.67
7536,es_step,4000,0.0304,1.000,0.0245,1.22
7537,replay,4000,0.0820,1.000,0.0245,0.67
7538,replay,4000,0.0844,1.000,0.0245,0.68
7539,replay,4000,0.0809,1.000,0.0246,0.68
7540,replay,4000,0.0773,1.000,0.0246,0.68
7541,replay,4000,0.0608,1.000,0.0247,0.68
7542,replay,4000,0.0817,1.000,0.0248,0.68
7543,es_step,4000,0.0530,1.000,0.0250,1.22
7544,replay,4000,0.0797,1.000,0.0250,0.67
7545,replay,4000,0.0730,1.000,0.0251,0.68
7546,replay,4000,0.0670,1.000,0.0251,0.68
7547,es_step,4000,0.0402,1.000,0.0251,1.21
7548,es_step,4000,0.0418,0.938,0.0251,1.21
7549,replay,4000,0.0666,1.000,0.0252,0.68
7550,replay,4000,0.0374,1.000,0.0252,0.68
7551,replay,4000,0.0477,1.000,0.0252,0.68
7552,replay,4000,0.0267,1.000,0.0252,0.68
7553,replay,4000,0.0250,1.000,0.0251,0.68
7554,replay,4000,0.0216,1.000,0.0250,0.68
7555,replay,4000,0.0269,1.000,0.0250,0.68
7556,replay,4000,0.0181,1.000,0.0249,0.69
7557,replay,4000,0.0378,1.000,0.0249,0.68
7558,replay,4000,0.0344,1.000,0.0249,0.68
7559,replay,4000,0.0317,1.000,0.0249,0.68
7560,replay,4000,0.0434,1.000,0.0249,0.69
7561,replay,4000,0.0594,1.000,0.0249,0.68
7562,replay,4000,0.0635,1.000,0.0249,0.68
7563,replay,4000,0.0433,1.000,0.0250,0.68
7564,es_step,4000,0.0253,1.000,0.0250,1.23
7565,replay,4000,0.0383,1.000,0.0248,0.68
7566,replay,4000,0.0327,1.000,0.0248,0.68
7567,replay,4000,0.0466,1.000,0.0248,0.68
7568,replay,4000,0.0267,1.000,0.0247,0.68
7569,replay,4000,0.0251,1.000,0.0247,0.68
7570,replay,4000,0.0246,1.000,0.0247,0.68
7571,replay,4000,0.0266,1.000,0.0246,0.68
7572,replay,4000,0.0325,1.000,0.0246,0.68
7573,replay,4000,0.0142,1.000,0.0246,0.68
7574,replay,4000,0.0425,1.000,0.0247,0.68
7575,replay,4000,0.0436,1.000,0.0245,0.68
7576,replay,4000,0.0427,1.000,0.0246,0.68
7577,replay,4000,0.0577,1.000,0.0246,0.68
7578,replay,4000,-0.0396,1.000,0.0246,0.68
7579,es_step,4000,0.0469,1.000,0.0247,1.23
7580,es_step,4000,0.0488,0.938,0.0247,1.22
7581,replay,4000,0.0712,1.000,0.0248,0.68
7582,replay,4000,0.0767,1.000,0.0249,0.68
7583,es_step,4000,0.0547,1.000,0.0249,1.23
7584,replay,4000,0.0745,1.000,0.0250,0.68
7585,replay,4000,0.0693,1.000,0.0251,0.68
7586,replay,4000,0.0459,1.000,0.0251,0.68
7587,replay,4000,0.0336,1.000,0.0250,0.68
7588,es_step,4000,0.0081,0.938,0.0250,1.23
7589,replay,4000,0.0236,1.000,0.0250,0.68
7590,es_step,4000,0.0011,1.000,0.0250,1.22
7591,replay,4000,0.0243,1.000,0.0250,0.68
7592,replay,4000,-0.1985,1.000,0.0249,0.68
7593,replay,4000,0.1053,1.000,0.0250,0.68
7594,replay,4000,0.0932,1.000,0.0250,0.68
7595,replay,4000,0.0704,1.000,0.0250,0.68
7596,es_step,4000,0.0124,1.000,0.0250,1.22
7597,es_step,4000,0.0077,0.938,0.0250,1.22
7598,replay,4000,0.0373,1.000,0.0248,0.68
7599,replay,4000,0.0311,1.000,0.0248,0.68
7600,replay,4000,0.0301,1.000,0.0247,0.68
7601,replay,4000,0.0640,1.000,0.0247,0.68
7602,replay,4000,0.0607,1.000,0.0247,0.68
7603,replay,4000,0.0690,1.000,0.0247,0.68
7604,replay,4000,0.0668,1.000,0.0248,0.68
7605,replay,4000,0.0621,1.000,0.0248,0.68
7606,es_step,4000,0.0136,1.000,0.0248,1.22
7607,es_step,4000,0.0190,1.000,0.0248,1.21
7608,replay,4000,0.0462,1.000,0.0248,0.68
7609,replay,4000,0.0390,1.000,0.0247,0.68
7610,replay,4000,0.0225,1.000,0.0247,0.68
7611,replay,4000,0.0253,1.000,0.0247,0.68
7612,replay,4000,0.0459,1.000,0.0247,0.68
7613,es_step,4000,0.0335,1.000,0.0247,1.23
7614,es_step,4000,0.0337,1.000,0.0247,1.22
7615,replay,4000,0.0445,1.000,0.0248,0.67
7616,replay,4000,0.0567,1.000,0.0248,0.68
7617,replay,4000,0.0542,1.000,0.0250,0.68
7618,replay,4000,0.0334,1.000,0.0250,0.68
7619,replay,4000,0.0337,1.000,0.0250,0.68
7620,replay,4000,0.0637,1.000,0.0251,0.68
7621,replay,4000,0.0546,1.000,0.0252,0.68
7622,es_step,4000,0.0271,1.000,0.0253,1.23
7623,replay,4000,0.0596,1.000,0.0253,0.68
7624,replay,4000,0.0600,1.000,0.0253,0.68
7625,es_step,4000,0.0307,1.000,0.0253,1.22
7626,replay,4000,0.0579,1.000,0.0254,0.68
7627,replay,4000,0.0492,1.000,0.0254,0.68
7628,replay,4000,0.0631,1.000,0.0254,0.68
7629,replay,4000,0.0496,1.000,0.0254,0.68
7630,replay,4000,0.0509,1.000,0.0254,0.68
7631,es_step,4000,0.0281,1.000,0.0254,1.23
7632,replay,4000,0.0653,1.000,0.0255,0.68
7633,es_step,4000,0.0392,0.938,0.0255,1.22
7634,replay,4000,0.0632,1.000,0.0255,0.68
7635,es_step,4000,0.0356,0.938,0.0255,1.21
7636,replay,4000,0.0509,1.000,0.0255,0.67
7637,replay,4000,0.0578,1.000,0.0256,0.68
7638,replay,4000,0.0406,1.000,0.0256,0.68
7639,replay,4000,0.0474,1.000,0.0256,0.68
7640,replay,4000,-0.0749,1.000,0.0255,0.68
7641,replay,4000,-0.0303,1.000,0.0255,0.68
7642,replay,4000,0.0969,1.000,0.0255,0.68
7643,replay,4000,0.1205,1.000,0.0257,0.68
7644,replay,4000,0.1276,1.000,0.0258,0.68
7645,replay,4000,0.1145,1.000,0.0259,0.68
7646,replay,4000,0.0915,1.000,0.0260,0.68
7647,replay,4000,0.0567,1.000,0.0261,0.68
7648,replay,4000,0.0704,1.000,0.0261,0.68
7649,replay,4000,0.0554,1.000,0.0260,0.68
7650,replay,4000,0.0489,1.000,0.0260,0.68
7651,replay,4000,0.0462,1.000,0.0260,0.68
7652,es_step,4000,0.0106,0.875,0.0260,1.23
7653,replay,4000,0.0285,1.000,0.0259,0.68
7654,replay,4000,0.0247,1.000,0.0259,0.68
7655,replay,4000,0.0205,1.000,0.0258,0.68
7656,replay,4000,0.0346,1.000,0.0258,0.68
7657,replay,4000,0.0232,1.000,0.0257,0.68
7658,replay,4000,0.0286,1.000,0.0257,0.68
7659,replay,4000,0.0650,1.000,0.0256,0.68
7660,replay,4000,0.0627,1.000,0.0256,0.68
7661,replay,4000,0.0427,1.000,0.0256,0.68
7662,replay,4000,0.0234,1.000,0.0255,0.68
7663,es_step,4000,0.0176,1.000,0.0255,1.24
7664,es_step,4000,0.0100,0.938,0.0255,1.23
7665,replay,4000,0.0331,1.000,0.0255,0.68
7666,replay,4000,0.0306,1.000,0.0255,0.68
7667,replay,4000,0.0347,1.000,0.0255,0.68
7668,es_step,4000,0.0196,1.000,0.0255,1.23
7669,replay,4000,0.0291,1.000,0.0255,0.67
7670,replay,4000,0.0276,1.000,0.0255,0.68
7671,replay,4000,0.0626,1.000,0.0255,0.68
7672,replay,4000,0.0735,1.000,0.0255,0.68
7673,es_step,4000,0.0159,0.938,0.0255,1.23
7674,replay,4000,0.0424,1.000,0.0255,0.67
7675,es_step,4000,0.0155,1.000,0.0255,1.22
7676,replay,4000,0.0496,1.000,0.0255,0.67
7677,replay,4000,0.0472,1.000,0.0255,0.68
7678,replay,4000,0.0386,1.000,0.0255,0.68
7679,es_step,4000,0.0046,1.000,0.0255,1.22
7680,es_step,4000,-0.0008,1.000,0.0255,1.22
7681,replay,4000,0.0131,1.000,0.0254,0.67
7682,replay,4000,0.0311,1.000,0.0254,0.67
7683,replay,4000,0.0158,1.000,0.0253,0.68
7684,replay,4000,0.0279,1.000,0.0253,0.68
7685,es_step,4000,0.0197,1.000,0.0253,1.22
7686,replay,4000,0.0419,1.000,0.0253,0.67
7687,replay,4000,0.0286,1.000,0.0252,0.67
7688,replay,4000,0.0315,1.000,0.0252,0.68
7689,es_step,4000,0.0217,0.938,0.0252,1.21
7690,replay,4000,0.0574,1.000,0.0253,0.68
7691,replay,4000,0.0436,1.000,0.0253,0.68
7692,es_step,4000,0.0201,1.000,0.0253,1.23
7693,replay,4000,0.0488,1.000,0.0253,0.68
7694,replay,4000,0.0460,1.000,0.0253,0.68
7695,replay,4000,0.0613,1.000,0.0253,0.69
7696,replay,4000,0.0545,1.000,0.0253,0.68
7697,replay,4000,0.0517,1.000,0.0253,0.68
7698,es_step,4000,0.0130,0.938,0.0253,1.22
7699,replay,4000,0.0473,1.000,0.0254,0.68
7700,replay,4000,0.0252,1.000,0.0254,0.68
7701,replay,4000,0.0295,1.000,0.0253,0.68
7702,replay,4000,0.0286,1.000,0.0253,0.68
7703,replay,4000,0.0233,1.000,0.0252,0.68
7704,replay,4000,0.0273,1.000,0.0252,0.68
7705,replay,4000,0.0338,1.000,0.0252,0.68
7706,replay,4000,0.0377,1.000,0.0252,0.68
7707,es_step,4000,0.0205,1.000,0.0252,1.23
7708,es_step,4000,0.0194,1.000,0.0252,1.21
7709,replay,4000,0.0191,1.000,0.0252,0.67
7710,replay,4000,0.0606,1.000,0.0252,0.68
7711,replay,4000,0.0600,1.000,0.0252,0.68
7712,replay,4000,0.0504,1.000,0.0252,0.68
7713,replay,4000,0.0333,1.000,0.0252,0.68
7714,replay,4000,0.0247,1.000,0.0252,0.68
7715,es_step,4000,-0.0047,1.000,0.0252,1.23
7716,es_step,4000,-0.0037,0.938,0.0252,1.22
7717,replay,4000,0.0397,1.000,0.0251,0.68
7718,replay,4000,0.0067,1.000,0.0250,0.68
7719,replay,4000,0.0293,1.000,0.0250,0.68
7720,replay,4000,0.0418,1.000,0.0250,0.68
7721,es_step,4000,0.0220,1.000,0.0250,1.22
7722,replay,4000,0.0315,1.000,0.0251,0.67
7723,replay,4000,0.0568,1.000,0.0252,0.68
7724,replay,4000,0.0615,1.000,0.0253,0.68
7725,replay,4000,0.0685,1.000,0.0253,0.68
7726,replay,4000,0.0743,1.000,0.0254,0.68
7727,replay,4000,0.0882,1.000,0.0254,0.68
7728,replay,4000,0.0890,1.000,0.0255,0.68
7729,replay,4000,0.0455,1.000,0.0255,0.68
7730,replay,4000,0.0744,1.000,0.0256,0.68
7731,es_step,4000,0.0511,1.000,0.0258,1.23
7732,replay,4000,0.0687,1.000,0.0259,0.67
7733,es_step,4000,0.0370,1.000,0.0259,1.22
7734,replay,4000,0.0693,1.000,0.0259,0.68
7735,replay,4000,0.0578,1.000,0.0259,0.68
7736,es_step,4000,0.0086,0.938,0.0259,1.22
7737,replay,4000,0.0286,1.000,0.0258,0.67
7738,es_step,4000,0.0074,1.000,0.0258,1.22
7739,replay,4000,0.0323,1.000,0.0258,0.68
7740,replay,4000,0.0249,1.000,0.0258,0.68
7741,replay,4000,0.0430,1.000,0.0257,0.68
7742,es_step,4000,0.0135,1.000,0.0257,1.23
7743,es_step,4000,0.0153,0.938,0.0257,1.22
7744,replay,4000,0.0399,1.000,0.0257,0.68
7745,es_step,4000,0.0159,1.000,0.0257,1.22
7746,replay,4000,0.0283,1.000,0.0257,0.68
7747,replay,4000,0.0124,1.000,0.0257,0.68
7748,replay,4000,0.0339,1.000,0.0257,0.68
7749,replay,4000,0.0556,1.000,0.0258,0.68
7750,replay,4000,0.0603,1.000,0.0258,0.68
7751,replay,4000,0.0457,1.000,0.0258,0.68
7752,replay,4000,0.0297,1.000,0.0258,0.68
7753,replay,4000,0.0227,1.000,0.0258,0.68
7754,replay,4000,0.0201,1.000,0.0257,0.68
7755,replay,4000,0.0277,1.000,0.0257,0.69
7756,replay,4000,0.0352,1.000,0.0257,0.68
7757,replay,4000,0.0505,1.000,0.0257,0.68
7758,replay,4000,0.0502,1.000,0.0257,0.68
7759,replay,4000,0.0623,1.000,0.0258,0.68
7760,replay,4000,0.0542,1.000,0.0258,0.68
7761,replay,4000,0.0428,1.000,0.0259,0.68
7762,replay,4000,0.0511,1.000,0.0259,0.67
7763,replay,4000,0.0459,1.000,0.0258,0.67
7764,es_step,4000,0.0152,1.000,0.0258,1.21
7765,replay,4000,0.0410,1.000,0.0258,0.67
7766,es_step,4000,0.0055,1.000,0.0258,1.21
7767,es_step,4000,0.0031,1.000,0.0258,1.20
7768,replay,4000,0.0102,1.000,0.0257,0.66
7769,replay,4000,0.0210,1.000,0.0256,0.66
7770,replay,4000,0.0173,1.000,0.0256,0.66
7771,replay,4000,0.0158,1.000,0.0255,2.83
7772,replay,4000,0.0365,1.000,0.0255,0.68
7773,es_step,4000,0.0278,1.000,0.0255,1.21
7774,replay,4000,0.0503,1.000,0.0255,0.67
7775,replay,4000,0.0636,1.000,0.0255,0.68
7776,replay,4000,0.0562,1.000,0.0256,0.68
7777,replay,4000,0.0522,1.000,0.0256,0.68
7778,replay,4000,0.0520,1.000,0.0256,0.68
7779,replay,4000,0.0408,1.000,0.0256,0.68
7780,replay,4000,0.0494,1.000,0.0256,0.68
7781,es_step,4000,0.0252,1.000,0.0256,1.23
7782,replay,4000,0.0288,1.000,0.0256,0.67
7783,replay,4000,0.0523,1.000,0.0256,0.68
7784,replay,4000,0.0731,1.000,0.0257,0.68
7785,es_step,4000,0.0395,1.000,0.0257,1.23
7786,replay,4000,0.0794,1.000,0.0257,0.69
7787,replay,4000,0.0733,1.000,0.0258,0.68
7788,replay,4000,0.0720,1.000,0.0258,0.69
7789,replay,4000,0.0546,1.000,0.0258,0.68
7790,es_step,4000,0.0149,1.000,0.0258,1.22
7791,replay,4000,0.0399,1.000,0.0257,0.67
7792,es_step,4000,0.0066,1.000,0.0257,1.23
7793,replay,4000,0.0287,1.000,0.0257,0.68
7794,replay,4000,0.0189,1.000,0.0256,0.68
7795,replay,4000,0.0272,1.000,0.0256,0.68
7796,replay,4000,0.0497,1.000,0.0255,0.68
7797,es_step,4000,0.0148,1.000,0.0255,1.23
7798,replay,4000,0.0520,1.000,0.0255,0.68
7799,replay,4000,0.0280,1.000,0.0255,0.67
7800,replay,4000,0.0389,1.000,0.0255,0.67
7801,replay,4000,0.0409,1.000,0.0255,0.68
7802,replay,4000,0.0629,1.000,0.0254,0.68
7803,replay,4000,0.0350,1.000,0.0254,0.68
7804,replay,4000,0.0338,1.000,0.0254,0.68
7805,replay,4000,0.0316,1.000,0.0254,0.68
7806,es_step,4000,0.0152,1.000,0.0254,1.22
7807,replay,4000,0.0291,1.000,0.0254,0.68
7808,replay,4000,0.0436,1.000,0.0254,0.68
7809,replay,4000,0.0515,1.000,0.0254,0.68
7810,replay,4000,0.1099,1.000,0.0254,0.68
7811,es_step,4000,0.0344,1.000,0.0254,1.22
7812,replay,4000,0.0954,1.000,0.0254,0.67
7813,replay,4000,0.1087,1.000,0.0255,0.68
7814,replay,4000,0.1118,1.000,0.0256,0.67
7815,replay,4000,0.1002,1.000,0.0257,0.68
7816,replay,4000,0.1010,1.000,0.0258,0.68
7817,replay,4000,0.0940,1.000,0.0258,0.68
7818,replay,4000,0.0901,1.000,0.0258,0.68
7819,es_step,4000,0.0445,0.938,0.0258,1.24
7820,replay,4000,0.0763,1.000,0.0259,0.67
7821,replay,4000,0.0597,1.000,0.0259,0.68
7822,replay,4000,0.0636,1.000,0.0259,0.68
7823,replay,4000,0.0358,1.000,0.0259,0.68
7824,es_step,4000,0.0052,1.000,0.0259,1.23
7825,es_step,4000,0.0052,1.000,0.0259,1.21
7826,es_step,4000,0.0089,1.000,0.0259,1.22
7827,es_step,4000,0.0089,1.000,0.0259,1.22
7828,replay,4000,0.0537,1.000,0.0258,0.67
7829,replay,4000,0.0588,1.000,0.0258,0.67
7830,replay,4000,0.0557,1.000,0.0257,0.68
7831,es_step,4000,0.0157,1.000,0.0257,1.22
7832,replay,4000,0.0306,1.000,0.0257,0.68
7833,replay,4000,0.0147,1.000,0.0256,0.68
7834,replay,4000,0.0509,1.000,0.0257,0.68
7835,replay,4000,0.0587,1.000,0.0257,0.68
7836,replay,4000,0.0414,1.000,0.0257,0.68
7837,replay,4000,0.0281,1.000,0.0257,0.68
7838,es_step,4000,0.0102,1.000,0.0257,1.22
7839,replay,4000,0.0357,1.000,0.0257,0.68
7840,replay,4000,0.0184,1.000,0.0256,0.68
7841,replay,4000,0.0346,1.000,0.0256,0.68
7842,replay,4000,0.0561,1.000,0.0257,0.68
7843,replay,4000,0.0614,1.000,0.0257,0.68
7844,replay,4000,0.0570,1.000,0.0258,0.68
7845,replay,4000,0.0645,1.000,0.0258,0.68
7846,es_step,4000,0.0273,1.000,0.0258,1.23
7847,replay,4000,0.0397,1.000,0.0259,0.68
7848,replay,4000,0.0343,1.000,0.0259,0.68
7849,es_step,4000,0.0002,0.938,0.0259,1.23
7850,replay,4000,0.0265,1.000,0.0258,0.68
7851,replay,4000,0.0230,1.000,0.0257,0.68
7852,replay,4000,0.0154,1.000,0.0257,0.68
7853,replay,4000,0.0211,1.000,0.0256,0.68
7854,replay,4000,0.0721,1.000,0.0257,0.68
7855,es_step,4000,0.0453,1.000,0.0257,1.22
7856,replay,4000,0.0667,1.000,0.0257,0.68
7857,es_step,4000,0.0594,1.000,0.0259,1.21
7858,es_step,4000,0.0572,1.000,0.0260,1.21
7859,replay,4000,0.0856,1.000,0.0262,0.67
7860,es_step,4000,0.0554,1.000,0.0262,1.22
7861,replay,4000,0.1117,1.000,0.0262,0.67
7862,replay,4000,0.0981,1.000,0.0263,0.68
7863,es_step,4000,0.0580,1.000,0.0263,1.22
7864,replay,4000,0.0811,1.000,0.0264,0.68
7865,replay,4000,0.0854,1.000,0.0265,0.67
7866,replay,4000,0.0657,1.000,0.0266,0.68
7867,replay,4000,0.0629,1.000,0.0266,0.68
7868,es_step,4000,0.0295,1.000,0.0266,1.22
7869,replay,4000,0.0399,1.000,0.0266,0.67
7870,replay,4000,0.0515,1.000,0.0266,0.68
7871,replay,4000,0.0346,1.000,0.0266,0.68
7872,es_step,4000,0.0045,1.000,0.0266,1.22
7873,replay,4000,0.0372,1.000,0.0266,0.67
7874,replay,4000,0.0301,1.000,0.0265,0.68
7875,replay,4000,0.0330,1.000,0.0265,0.68
7876,replay,4000,0.0484,1.000,0.0265,0.68
7877,replay,4000,0.0460,1.000,0.0265,0.68
7878,replay,4000,0.0585,1.000,0.0266,0.68
7879,replay,4000,0.0579,1.000,0.0266,0.68
7880,replay,4000,0.0423,1.000,0.0266,0.68
7881,replay,4000,0.0309,1.000,0.0266,0.68
7882,replay,4000,0.0202,1.000,0.0265,0.68
7883,replay,4000,0.0457,1.000,0.0265,0.69
7884,replay,4000,0.0138,1.000,0.0265,0.68
7885,es_step,4000,0.0059,1.000,0.0265,1.23
7886,replay,4000,0.0200,1.000,0.0264,0.68
7887,es_step,4000,0.0110,1.000,0.0264,1.23
7888,es_step,4000,0.0144,1.000,0.0264,1.23
7889,replay,4000,0.0320,1.000,0.0265,0.68
7890,replay,4000,0.0372,1.000,0.0266,0.68
7891,replay,4000,0.0620,1.000,0.0266,0.68
7892,es_step,4000,0.0324,1.000,0.0266,1.22
7893,replay,4000,0.0418,1.000,0.0266,0.67
7894,replay,4000,0.0753,1.000,0.0266,0.67
7895,replay,4000,0.0672,1.000,0.0267,0.68
7896,replay,4000,0.0668,1.000,0.0267,0.67
7897,replay,4000,0.0322,1.000,0.0267,0.68
7898,replay,4000,0.0519,1.000,0.0267,0.68
7899,replay,4000,0.0461,1.000,0.0268,0.68
7900,es_step,4000,0.0253,0.938,0.0268,1.22
7901,replay,4000,0.0640,1.000,0.0268,0.67
7902,replay,4000,0.0502,1.000,0.0268,0.68
7903,es_step,4000,0.0115,1.000,0.0268,1.22
7904,replay,4000,0.0433,1.000,0.0268,0.67
7905,es_step,4000,-0.0038,0.875,0.0268,1.22
7906,replay,4000,0.0105,1.000,0.0267,0.68
7907,replay,4000,0.0071,1.000,0.0266,0.68
7908,replay,4000,0.0304,1.000,0.0265,0.68
7909,replay,4000,0.0334,1.000,0.0264,0.68
7910,replay,4000,0.0248,1.000,0.0264,0.69
7911,replay,4000,0.0435,1.000,0.0264,0.68
7912,replay,4000,0.0216,1.000,0.0264,0.68
7913,replay,4000,0.0582,1.000,0.0264,0.68
7914,replay,4000,0.0500,1.000,0.0264,0.68
7915,replay,4000,0.0334,1.000,0.0264,0.68
7916,replay,4000,0.0457,1.000,0.0264,0.68
7917,es_step,4000,0.0166,0.938,0.0264,1.22
7918,replay,4000,0.0363,1.000,0.0265,0.68
7919,replay,4000,0.0439,1.000,0.0264,0.68
7920,es_step,4000,0.0159,1.000,0.0264,1.23
7921,replay,4000,0.0467,1.000,0.0264,0.67
7922,es_step,4000,0.0234,0.938,0.0264,1.23
7923,replay,4000,0.0491,1.000,0.0266,0.68
7924,es_step,4000,0.0272,0.938,0.0266,1.23
7925,replay,4000,0.0371,1.000,0.0266,0.67
7926,replay,4000,0.0674,1.000,0.0266,0.68
7927,replay,4000,0.0502,1.000,0.0267,0.68
7928,replay,4000,0.0676,1.000,0.0269,0.68
7929,replay,4000,0.0789,1.000,0.0269,0.68
7930,replay,4000,0.0689,1.000,0.0268,0.68
7931,es_step,4000,-0.0056,0.875,0.0268,1.23
7932,replay,4000,0.0622,1.000,0.0268,0.68
7933,replay,4000,0.0428,1.000,0.0267,0.68
7934,replay,4000,0.0421,1.000,0.0267,0.68
7935,replay,4000,0.0378,1.000,0.0266,0.68
7936,replay,4000,0.0602,1.000,0.0266,0.68
7937,replay,4000,0.0748,1.000,0.0266,0.68
7938,replay,4000,0.0580,1.000,0.0266,0.68
7939,replay,4000,0.0582,1.000,0.0266,0.68
7940,replay,4000,0.0409,1.000,0.0266,0.68
7941,replay,4000,0.0182,1.000,0.0265,0.68
7942,es_step,4000,0.0012,1.000,0.0265,1.22
7943,es_step,4000,0.0013,1.000,0.0265,1.23
7944,replay,4000,0.0249,1.000,0.0265,0.68
7945,replay,4000,0.0236,1.000,0.0264,0.68
7946,replay,4000,0.0450,1.000,0.0264,0.68
7947,es_step,4000,0.0147,1.000,0.0264,1.22
7948,es_step,4000,0.0140,1.000,0.0264,1.21
7949,replay,4000,0.0322,1.000,0.0264,0.67
7950,replay,4000,0.0337,1.000,0.0264,0.67
7951,replay,4000,0.0109,1.000,0.0264,0.67
7952,replay,4000,0.0451,1.000,0.0264,0.67
7953,replay,4000,0.0657,1.000,0.0264,0.68
7954,replay,4000,0.0773,1.000,0.0265,0.68
7955,replay,4000,0.0673,1.000,0.0265,0.68
7956,replay,4000,0.0733,1.000,0.0265,0.68
7957,replay,4000,0.0547,1.000,0.0265,0.68
7958,replay,4000,0.0631,1.000,0.0266,0.68
7959,replay,4000,0.0570,1.000,0.0266,0.68
7960,replay,4000,0.0565,1.000,0.0266,0.68
7961,es_step,4000,0.0146,1.000,0.0266,1.23
7962,replay,4000,0.0553,1.000,0.0267,0.68
7963,replay,4000,0.0429,1.000,0.0267,0.68
7964,replay,4000,0.0396,1.000,0.0266,0.68
7965,es_step,4000,0.0045,1.000,0.0266,1.22
7966,replay,4000,0.0367,1.000,0.0266,0.68
7967,replay,4000,0.0155,1.000,0.0266,0.68
7968,replay,4000,0.0206,1.000,0.0266,0.68
7969,es_step,4000,0.0136,0.938,0.0266,1.22
7970,replay,4000,0.0452,1.000,0.0266,0.68
7971,replay,4000,0.0559,1.000,0.0267,0.67
7972,replay,4000,0.0601,1.000,0.0267,0.67
7973,replay,4000,0.0493,1.000,0.0267,0.67
7974,es_step,4000,0.0136,0.938,0.0267,1.21
7975,replay,4000,0.0410,1.000,0.0267,0.67
7976,replay,4000,0.0351,1.000,0.0266,0.67
7977,replay,4000,0.0239,1.000,0.0266,0.67
7978,es_step,4000,0.0092,1.000,0.0266,1.22
7979,replay,4000,0.0336,1.000,0.0265,0.68
7980,replay,4000,0.0311,1.000,0.0265,0.68
7981,replay,4000,0.0553,1.000,0.0265,0.68
7982,replay,4000,0.0462,1.000,0.0265,0.68
7983,es_step,4000,0.0176,1.000,0.0265,1.21
7984,replay,4000,0.0374,1.000,0.0265,0.68
7985,replay,4000,0.0479,1.000,0.0265,0.68
7986,replay,4000,0.0488,1.000,0.0265,0.68
7987,replay,4000,0.0492,1.000,0.0265,0.68
7988,replay,4000,0.0333,1.000,0.0264,0.68
7989,replay,4000,0.0219,1.000,0.0264,0.68
7990,replay,4000,0.0270,1.000,0.0264,0.68
7991,replay,4000,0.0416,1.000,0.0263,0.68
7992,replay,4000,0.0383,1.000,0.0263,0.68
7993,replay,4000,0.0210,1.000,0.0262,0.68
7994,replay,4000,0.0177,1.000,0.0262,0.68
7995,es_step,4000,0.0178,0.875,0.0262,1.22
7996,replay,4000,0.0479,1.000,0.0262,0.68
7997,replay,4000,0.0521,1.000,0.0262,0.68
7998,replay,4000,0.0522,1.000,0.0263,0.68
7999,es_step,4000,0.0361,1.000,0.0263,1.24
8000,replay,4000,0.0659,1.000,0.0263,0.69
8001,replay,4000,0.0553,1.000,0.0263,0.68
8002,replay,4000,0.0483,1.000,0.0263,0.68
8003,replay,4000,0.0271,1.000,0.0263,0.68
8004,replay,4000,0.0151,1.000,0.0262,0.68
8005,replay,4000,0.0154,1.000,0.0262,0.68
8006,replay,4000,0.0150,1.000,0.0261,0.68
8007,replay,4000,0.0186,1.000,0.0260,0.69
8008,es_step,4000,0.0043,1.000,0.0260,1.25
8009,replay,4000,0.0165,1.000,0.0259,0.69
8010,replay,4000,0.0369,1.000,0.0260,0.69
8011,replay,4000,0.0314,1.000,0.0260,0.69
8012,replay,4000,0.0371,1.000,0.0260,0.69
8013,replay,4000,0.0552,1.000,0.0260,0.69
8014,replay,4000,0.0890,1.000,0.0260,0.69
8015,replay,4000,0.0775,1.000,0.0261,0.69
8016,replay,4000,0.0784,1.000,0.0261,0.69
8017,replay,4000,0.0693,1.000,0.0261,0.69
8018,replay,4000,0.0734,1.000,0.0261,0.69
8019,replay,4000,0.0740,1.000,0.0263,0.68
8020,replay,4000,-0.0189,1.000,0.0262,0.69
8021,replay,4000,0.0880,1.000,0.0263,0.68
8022,replay,4000,0.0842,1.000,0.0264,0.68
8023,replay,4000,0.0793,1.000,0.0264,0.68
8024,replay,4000,0.0518,1.000,0.0264,0.68
8025,replay,4000,0.0584,1.000,0.0264,0.68
8026,replay,4000,0.0502,1.000,0.0264,0.68
8027,replay,4000,0.0270,1.000,0.0264,0.68
8028,es_step,4000,0.0147,0.938,0.0264,1.24
8029,es_step,4000,0.0052,1.000,0.0264,1.23
8030,replay,4000,0.0344,1.000,0.0265,0.68
8031,replay,4000,0.0723,1.000,0.0264,0.68
8032,replay,4000,0.0316,1.000,0.0264,0.68
8033,replay,4000,0.0829,1.000,0.0264,0.68
8034,replay,4000,0.0881,1.000,0.0264,0.68
8035,replay,4000,0.0827,1.000,0.0264,0.68
8036,replay,4000,0.0508,1.000,0.0264,0.68
8037,replay,4000,0.0637,1.000,0.0263,0.68
8038,replay,4000,0.0585,1.000,0.0263,0.69
8039,replay,4000,0.0463,1.000,0.0264,0.69
8040,replay,4000,0.0442,1.000,0.0264,0.69
8041,replay,4000,0.0730,1.000,0.0265,0.69
8042,es_step,4000,0.0272,1.000,0.0265,1.25
8043,replay,4000,0.0711,1.000,0.0266,0.69
8044,es_step,4000,0.0164,0.812,0.0266,1.85
8045,replay,4000,0.0443,1.000,0.0267,0.72
8046,replay,4000,0.0209,1.000,0.0266,0.71
8047,replay,4000,0.0657,1.000,0.0266,0.71
8048,es_step,4000,0.0088,1.000,0.0266,1.29
8049,replay,4000,0.0968,1.000,0.0266,0.70
8050,replay,4000,0.1051,1.000,0.0266,0.70
8051,replay,4000,0.1203,1.000,0.0267,0.70
8052,es_step,4000,0.0620,0.938,0.0269,1.28
8053,replay,4000,0.1265,1.000,0.0270,0.70
8054,es_step,4000,0.0637,1.000,0.0272,1.26
8055,replay,4000,0.1202,1.000,0.0273,0.69
8056,replay,4000,0.0927,1.000,0.0274,0.69
8057,replay,4000,0.0956,1.000,0.0275,0.69
8058,replay,4000,0.0866,1.000,0.0276,0.69
8059,replay,4000,0.0772,1.000,0.0277,0.69
8060,replay,4000,0.0732,1.000,0.0278,0.69
8061,replay,4000,0.0539,1.000,0.0278,0.69
8062,replay,4000,0.0589,1.000,0.0278,0.68
8063,replay,4000,0.0449,1.000,0.0278,0.69
8064,replay,4000,0.0053,1.000,0.0277,0.69
8065,es_step,4000,-0.0058,0.938,0.0277,1.25
8066,replay,4000,0.0355,1.000,0.0279,0.68
8067,replay,4000,-0.0208,1.000,0.0277,0.69
8068,replay,4000,0.0588,1.000,0.0277,0.69
8069,replay,4000,0.0846,1.000,0.0279,0.68
8070,es_step,4000,0.0467,1.000,0.0279,1.24
8071,replay,4000,0.0795,1.000,0.0279,0.68
8072,replay,4000,0.0614,1.000,0.0279,0.68
8073,es_step,4000,0.0153,0.812,0.0279,1.24
8074,replay,4000,0.0369,1.000,0.0278,0.68
8075,replay,4000,0.0153,1.000,0.0277,0.69
8076,replay,4000,0.0227,1.000,0.0277,0.69
8077,replay,4000,0.0230,1.000,0.0276,2.87
8078,replay,4000,0.0178,1.000,0.0275,0.69
8079,replay,4000,0.0375,1.000,0.0275,0.69
8080,replay,4000,0.0300,1.000,0.0274,0.69
8081,replay,4000,0.0541,1.000,0.0275,0.70
8082,replay,4000,0.0444,1.000,0.0275,0.69
8083,replay,4000,0.1002,1.000,0.0276,0.69
8084,replay,4000,0.0743,1.000,0.0276,0.69
8085,replay,4000,0.0672,1.000,0.0276,0.69
8086,replay,4000,0.0592,1.000,0.0277,0.69
8087,es_step,4000,0.0287,1.000,0.0277,1.26
8088,replay,4000,0.0640,1.000,0.0277,0.69
8089,replay,4000,0.0616,1.000,0.0277,0.69
8090,es_step,4000,0.0090,1.000,0.0277,1.24
8091,replay,4000,0.0477,1.000,0.0276,0.69
8092,es_step,4000,0.0115,1.000,0.0276,1.25
8093,replay,4000,0.0234,1.000,0.0275,0.68
8094,replay,4000,0.0246,1.000,0.0275,0.69
8095,replay,4000,0.0721,1.000,0.0275,0.69
8096,replay,4000,0.0761,1.000,0.0275,0.69
8097,replay,4000,0.0879,1.000,0.0276,0.69
8098,replay,4000,0.0888,1.000,0.0276,0.69
8099,replay,4000,0.0837,1.000,0.0277,0.69
8100,replay,4000,0.0664,1.000,0.0278,0.69
8101,replay,4000,0.0755,1.000,0.0278,0.69
8102,es_step,4000,0.0396,1.000,0.0279,1.25
8103,replay,4000,0.0977,1.000,0.0279,0.69
8104,replay,4000,0.0907,1.000,0.0280,0.69
8105,replay,4000,0.0992,1.000,0.0282,0.69
8106,replay,4000,0.1037,1.000,0.0283,0.69
8107,replay,4000,0.0991,1.000,0.0284,0.69
8108,replay,4000,0.0888,1.000,0.0285,0.69
8109,es_step,4000,0.0211,0.938,0.0285,1.25
8110,replay,4000,0.0678,1.000,0.0286,0.69
8111,replay,4000,0.0666,1.000,0.0286,0.69
8112,es_step,4000,0.0076,1.000,0.0286,1.24
8113,replay,4000,0.0390,1.000,0.0286,0.68
8114,replay,4000,0.0312,1.000,0.0285,0.69
8115,es_step,4000,-0.0150,1.000,0.0285,1.23
8116,replay,4000,0.0215,1.000,0.0284,0.68
8117,replay,4000,0.0201,1.000,0.0283,0.69
8118,replay,4000,0.0183,1.000,0.0283,0.69
8119,replay,4000,0.0264,1.000,0.0282,0.69
8120,replay,4000,0.0289,1.000,0.0282,0.69
8121,replay,4000,0.0240,1.000,0.0282,0.69
8122,es_step,4000,0.0254,1.000,0.0282,1.25
8123,replay,4000,0.0425,1.000,0.0282,0.69
8124,es_step,4000,0.0390,1.000,0.0282,1.24
8125,replay,4000,0.0585,1.000,0.0284,0.68
8126,replay,4000,-0.0373,1.000,0.0283,0.69
8127,replay,4000,0.0716,1.000,0.0284,0.69
8128,replay,4000,0.0986,1.000,0.0284,0.69
8129,replay,4000,0.0897,1.000,0.0285,0.69
8130,replay,4000,0.0717,1.000,0.0284,0.69
8131,replay,4000,0.0462,1.000,0.0284,0.69
8132,replay,4000,0.0100,1.000,0.0283,0.69
8133,es_step,4000,-0.0099,1.000,0.0283,1.26
8134,replay,4000,0.0153,1.000,0.0282,0.69
8135,replay,4000,-0.0090,1.000,0.0282,0.69
8136,replay,4000,0.0105,1.000,0.0281,0.69
8137,replay,4000,0.0454,1.000,0.0282,0.69
8138,replay,4000,0.0578,1.000,0.0282,0.69
8139,replay,4000,0.0532,1.000,0.0282,0.69
8140,replay,4000,0.0739,1.000,0.0282,0.69
8141,replay,4000,0.0685,1.000,0.0283,0.69
8142,es_step,4000,0.0271,1.000,0.0283,1.26
8143,replay,4000,0.1132,1.000,0.0283,0.69
8144,replay,4000,0.0776,1.000,0.0283,0.69
8145,replay,4000,0.0582,1.000,0.0282,0.69
8146,replay,4000,0.0777,1.000,0.0281,0.69
8147,replay,4000,0.0655,1.000,0.0281,0.69
8148,replay,4000,0.0433,1.000,0.0280,0.69
8149,replay,4000,0.0606,1.000,0.0280,0.69
8150,replay,4000,0.0626,1.000,0.0279,0.69
8151,es_step,4000,0.0024,1.000,0.0279,1.25
8152,replay,4000,0.0595,1.000,0.0279,0.69
8153,replay,4000,0.0431,1.000,0.0278,0.69
8154,replay,4000,0.0464,1.000,0.0280,0.69
8155,replay,4000,0.0764,1.000,0.0279,0.69
8156,replay,4000,0.0518,1.000,0.0278,0.69
8157,replay,4000,0.0540,1.000,0.0279,0.69
8158,replay,4000,0.0646,1.000,0.0279,0.69
8159,replay,4000,0.0832,1.000,0.0281,0.81
8160,replay,4000,0.0718,1.000,0.0281,0.69
8161,replay,4000,0.0787,1.000,0.0282,0.69
8162,es_step,4000,0.0429,1.000,0.0282,1.25
8163,es_step,4000,0.0420,1.000,0.0282,1.24
8164,es_step,4000,0.0464,0.938,0.0282,1.24
8165,replay,4000,0.1403,1.000,0.0283,0.68
8166,replay,4000,0.1382,1.000,0.0284,0.68
8167,replay,4000,0.1236,1.000,0.0285,0.68
8168,replay,4000,0.1089,1.000,0.0285,0.68
8169,replay,4000,0.0978,1.000,0.0286,0.68
8170,replay,4000,0.0831,1.000,0.0287,0.69
8171,replay,4000,0.0785,1.000,0.0287,0.69
8172,replay,4000,0.0567,1.000,0.0287,0.69
8173,replay,4000,0.0723,1.000,0.0287,0.69
8174,replay,4000,0.0633,1.000,0.0287,0.69
8175,replay,4000,0.0674,1.000,0.0287,0.69
8176,replay,4000,0.0621,1.000,0.0287,0.69
8177,replay,4000,0.0918,1.000,0.0288,0.69
8178,es_step,4000,0.0471,1.000,0.0288,1.25
8179,es_step,4000,0.0296,1.000,0.0288,1.24
8180,replay,4000,0.0926,1.000,0.0289,0.69
8181,replay,4000,0.0871,1.000,0.0289,0.69
8182,replay,4000,0.0822,1.000,0.0290,0.68
8183,replay,4000,0.0688,1.000,0.0291,0.69
8184,replay,4000,0.0746,1.000,0.0291,0.69
8185,replay,4000,0.0658,1.000,0.0292,0.70
8186,replay,4000,0.0629,1.000,0.0292,0.69
8187,replay,4000,0.0590,1.000,0.0292,0.69
8188,replay,4000,0.0701,1.000,0.0292,0.70
8189,es_step,4000,0.0227,1.000,0.0292,1.26
8190,replay,4000,0.0663,1.000,0.0292,0.69
8191,replay,4000,0.0667,1.000,0.0293,0.69
8192,replay,4000,0.0636,1.000,0.0293,0.69
8193,es_step,4000,0.0263,1.000,0.0293,1.25
8194,replay,4000,0.0530,1.000,0.0293,0.69
8195,es_step,4000,0.0135,1.000,0.0293,1.24
8196,replay,4000,0.0627,1.000,0.0293,0.68
8197,es_step,4000,0.0024,1.000,0.0293,1.24
8198,es_step,4000,0.0132,1.000,0.0293,1.23
8199,replay,4000,0.0921,1.000,0.0293,0.68
8200,replay,4000,0.0897,1.000,0.0293,0.69
8201,replay,4000,0.0714,1.000,0.0293,0.69
8202,replay,4000,0.0383,1.000,0.0292,0.69
8203,replay,4000,0.0458,1.000,0.0291,0.69
8204,es_step,4000,0.0088,1.000,0.0293,1.24
8205,replay,4000,0.0654,1.000,0.0294,0.69
8206,replay,4000,0.0655,1.000,0.0294,0.69
8207,replay,4000,0.0512,1.000,0.0294,0.69
8208,replay,4000,0.0557,1.000,0.0293,0.69
8209,replay,4000,0.0437,1.000,0.0293,0.69
8210,replay,4000,0.0335,1.000,0.0292,0.69
8211,replay,4000,0.0297,1.000,0.0292,0.69
8212,replay,4000,0.0248,1.000,0.0291,0.69
8213,replay,4000,0.0494,1.000,0.0291,0.69
8214,replay,4000,0.0461,1.000,0.0290,0.69
8215,replay,4000,0.0550,1.000,0.0291,0.69
8216,replay,4000,0.0463,1.000,0.0291,0.69
8217,replay,4000,0.0492,1.000,0.0292,0.69
8218,replay,4000,0.0426,1.000,0.0292,0.69
8219,replay,4000,0.0344,1.000,0.0290,0.69
8220,replay,4000,0.0596,1.000,0.0290,0.69
8221,replay,4000,0.0387,1.000,0.0290,0.69
8222,replay,4000,0.0467,1.000,0.0290,0.69
8223,es_step,4000,0.0130,1.000,0.0290,1.25
8224,es_step,4000,0.0090,1.000,0.0290,1.24
8225,replay,4000,0.0570,1.000,0.0290,0.68
8226,replay,4000,0.0334,1.000,0.0290,0.69
8227,es_step,4000,-0.0009,1.000,0.0290,1.24
8228,replay,4000,0.0436,1.000,0.0289,0.69
8229,replay,4000,0.0430,1.000,0.0289,0.68
8230,es_step,4000,0.0025,1.000,0.0289,1.24
8231,replay,4000,0.0219,1.000,0.0288,0.68
8232,replay,4000,0.0534,1.000,0.0288,0.69
8233,replay,4000,0.0307,1.000,0.0288,0.69
8234,replay,4000,0.0373,1.000,0.0288,0.69
8235,replay,4000,0.0191,1.000,0.0287,0.69
8236,es_step,4000,0.0151,1.000,0.0287,1.25
8237,replay,4000,0.0434,1.000,0.0288,0.69
8238,replay,4000,0.0359,1.000,0.0287,0.69
8239,es_step,4000,0.0379,1.000,0.0288,1.24
8240,replay,4000,0.0706,1.000,0.0289,0.69
8241,es_step,4000,0.0299,1.000,0.0289,1.23
8242,es_step,4000,0.0441,1.000,0.0290,1.23
8243,replay,4000,0.0823,1.000,0.0290,0.68
8244,replay,4000,0.0697,1.000,0.0291,0.68
8245,es_step,4000,0.0352,0.938,0.0291,1.23
8246,replay,4000,0.0620,1.000,0.0292,0.68
8247,replay,4000,0.0413,1.000,0.0291,0.68
8248,replay,4000,0.0555,1.000,0.0290,0.68
8249,replay,4000,0.0610,1.000,0.0290,0.68
8250,replay,4000,0.0514,1.000,0.0290,0.69
8251,es_step,4000,0.0326,1.000,0.0290,1.23
8252,replay,4000,0.0668,1.000,0.0290,0.69
8253,es_step,4000,0.0330,1.000,0.0290,1.25
8254,es_step,4000,0.0273,1.000,0.0291,1.24
8255,replay,4000,0.0656,1.000,0.0291,0.68
8256,replay,4000,0.0588,1.000,0.0291,0.68
8257,es_step,4000,0.0172,0.938,0.0291,1.24
8258,replay,4000,0.0498,1.000,0.0291,0.68
8259,es_step,4000,0.0103,1.000,0.0291,1.23
8260,replay,4000,0.0460,1.000,0.0291,0.68
8261,replay,4000,0.0421,1.000,0.0291,0.69
8262,replay,4000,0.0392,1.000,0.0291,0.69
8263,es_step,4000,0.0070,1.000,0.0291,1.23
8264,replay,4000,0.0330,1.000,0.0290,0.69
8265,replay,4000,0.0440,1.000,0.0290,0.68
8266,replay,4000,0.0344,1.000,0.0290,0.69
8267,replay,4000,-0.0010,1.000,0.0289,0.68
8268,es_step,4000,0.0146,1.000,0.0289,1.23
8269,replay,4000,0.0392,1.000,0.0289,0.68
8270,replay,4000,0.0588,1.000,0.0290,0.68
8271,replay,4000,0.0688,1.000,0.0290,0.68
8272,replay,4000,0.0621,1.000,0.0290,0.69
8273,replay,4000,0.0484,1.000,0.0290,0.68
8274,replay,4000,0.0581,1.000,0.0290,0.69
8275,replay,4000,0.0437,1.000,0.0289,0.69
8276,es_step,4000,0.0068,1.000,0.0289,1.25
8277,replay,4000,0.0472,1.000,0.0289,0.69
8278,replay,4000,0.0278,1.000,0.0289,0.69
8279,replay,4000,0.0704,1.000,0.0290,0.70
8280,replay,4000,0.0773,1.000,0.0290,0.70
8281,replay,4000,0.0632,1.000,0.0290,0.70
8282,replay,4000,0.0560,1.000,0.0290,0.69
8283,es_step,4000,0.0073,1.000,0.0290,1.26
8284,replay,4000,0.0434,1.000,0.0290,0.70
8285,replay,4000,0.0398,1.000,0.0289,0.69
8286,replay,4000,0.0295,1.000,0.0288,0.70
8287,replay,4000,-0.0570,1.000,0.0288,0.70
8288,replay,4000,0.0247,1.000,0.0288,0.70
8289,replay,4000,0.1122,1.000,0.0290,0.69
8290,replay,4000,0.1446,1.000,0.0292,0.69
8291,es_step,4000,0.0906,1.000,0.0296,1.27
8292,es_step,4000,0.1031,1.000,0.0300,1.26
8293,replay,4000,0.1200,1.000,0.0301,0.69
8294,es_step,4000,0.0940,1.000,0.0303,1.25
8295,es_step,4000,0.0665,1.000,0.0303,1.24
8296,es_step,4000,0.0724,1.000,0.0303,1.23
8297,replay,4000,0.1063,1.000,0.0305,0.69
8298,es_step,4000,0.0623,1.000,0.0306,1.24
8299,replay,4000,0.0778,1.000,0.0306,0.69
8300,replay,4000,0.0859,1.000,0.0306,0.69
8301,replay,4000,0.0712,1.000,0.0305,0.69
8302,replay,4000,0.0785,1.000,0.0305,0.69
8303,replay,4000,0.0412,1.000,0.0304,0.69
8304,es_step,4000,0.0239,1.000,0.0305,1.23
8305,es_step,4000,0.0324,1.000,0.0305,1.23
8306,es_step,4000,0.0227,1.000,0.0305,1.22
8307,replay,4000,0.0587,1.000,0.0304,0.69
8308,replay,4000,0.0454,1.000,0.0303,0.69
8309,replay,4000,0.0603,1.000,0.0303,0.69
8310,replay,4000,0.0663,1.000,0.0305,0.69
8311,replay,4000,0.0609,1.000,0.0304,0.68
8312,es_step,4000,0.0256,1.000,0.0304,1.24
8313,replay,4000,0.0553,1.000,0.0304,0.68
8314,replay,4000,0.0609,1.000,0.0304,0.68
8315,es_step,4000,0.0411,1.000,0.0304,1.24
8316,es_step,4000,0.0530,1.000,0.0305,1.23
8317,replay,4000,0.0418,1.000,0.0305,0.68
8318,es_step,4000,0.0499,1.000,0.0306,1.23
8319,replay,4000,0.1140,1.000,0.0306,0.68
8320,replay,4000,0.0872,1.000,0.0306,0.69
8321,replay,4000,0.0846,1.000,0.0306,0.69
8322,es_step,4000,0.0165,0.875,0.0306,1.25
8323,replay,4000,0.0433,1.000,0.0305,0.68
8324,replay,4000,0.0381,1.000,0.0304,0.69
8325,replay,4000,0.0219,1.000,0.0304,0.69
8326,replay,4000,0.0110,1.000,0.0303,0.69
8327,es_step,4000,0.0394,1.000,0.0304,1.23
8328,replay,4000,0.0546,1.000,0.0304,0.68
8329,replay,4000,0.0630,1.000,0.0305,0.68
8330,replay,4000,0.0956,1.000,0.0306,0.68
8331,replay,4000,0.0896,1.000,0.0307,0.68
8332,replay,4000,0.0704,1.000,0.0307,0.69
8333,replay,4000,0.0351,1.000,0.0307,0.69
8334,replay,4000,0.0095,1.000,0.0305,0.69
8335,es_step,4000,-0.0132,0.875,0.0305,1.25
8336,replay,4000,0.0060,1.000,0.0304,0.69
8337,es_step,4000,0.0039,1.000,0.0304,1.23
8338,es_step,4000,-0.0087,1.000,0.0304,1.23
8339,replay,4000,0.0203,1.000,0.0304,0.68
8340,replay,4000,0.0148,1.000,0.0303,0.68
8341,es_step,4000,0.0341,1.000,0.0303,1.23
8342,replay,4000,0.0309,1.000,0.0303,0.68
8343,es_step,4000,0.0566,1.000,0.0304,1.24
8344,replay,4000,0.1009,1.000,0.0305,0.68
8345,replay,4000,0.0910,1.000,0.0305,0.68
8346,replay,4000,0.0814,1.000,0.0306,0.68
8347,replay,4000,0.0725,1.000,0.0306,0.69
8348,replay,4000,0.0550,1.000,0.0306,0.69
8349,replay,4000,0.0587,1.000,0.0307,0.69
8350,replay,4000,0.0262,1.000,0.0306,0.69
8351,replay,4000,0.0323,1.000,0.0306,0.69
8352,replay,4000,0.0522,1.000,0.0306,0.69
8353,replay,4000,0.0342,1.000,0.0305,0.69
8354,replay,4000,0.0143,1.000,0.0304,0.69
8355,es_step,4000,0.0214,1.000,0.0306,1.26
8356,replay,4000,0.0094,1.000,0.0305,0.69
8357,replay,4000,0.0421,1.000,0.0305,0.69
8358,replay,4000,0.0478,1.000,0.0305,0.69
8359,replay,4000,0.0411,1.000,0.0305,0.69
8360,replay,4000,0.0365,1.000,0.0305,0.69
8361,replay,4000,0.0399,1.000,0.0305,0.69
8362,replay,4000,0.0466,1.000,0.0305,0.69
8363,es_step,4000,0.0455,1.000,0.0305,1.24
8364,es_step,4000,0.0345,1.000,0.0305,1.24
8365,es_step,4000,0.0322,1.000,0.0305,1.23
8366,replay,4000,0.0564,1.000,0.0305,0.69
8367,replay,4000,0.0567,1.000,0.0305,0.68
8368,replay,4000,0.0494,1.000,0.0305,0.68
8369,replay,4000,0.0472,1.000,0.0305,0.68
8370,replay,4000,0.0433,1.000,0.0305,0.69
8371,replay,4000,0.0338,1.000,0.0304,0.68
8372,es_step,4000,0.0197,1.000,0.0304,1.23
8373,replay,4000,0.0268,1.000,0.0304,0.68
8374,replay,4000,0.0299,1.000,0.0305,0.68
8375,replay,4000,0.0400,1.000,0.0306,0.69
8376,es_step,4000,0.0326,1.000,0.0306,1.23
8377,replay,4000,0.0539,1.000,0.0306,0.68
8378,replay,4000,0.0350,1.000,0.0306,0.68
8379,replay,4000,0.0554,1.000,0.0305,0.68
8380,replay,4000,0.0442,1.000,0.0305,2.86
8381,es_step,4000,0.0100,1.000,0.0305,1.23
8382,replay,4000,0.0154,1.000,0.0304,0.68
8383,replay,4000,0.0272,1.000,0.0303,0.68
8384,replay,4000,0.0200,1.000,0.0303,0.69
8385,replay,4000,0.0307,1.000,0.0302,0.69
8386,es_step,4000,0.0223,1.000,0.0302,1.24
8387,es_step,4000,0.0150,1.000,0.0302,1.23
8388,replay,4000,0.0323,1.000,0.0302,0.68
8389,replay,4000,0.0409,1.000,0.0302,0.68
8390,es_step,4000,0.0278,1.000,0.0302,1.23
8391,replay,4000,0.0573,1.000,0.0302,0.69
8392,replay,4000,0.0220,1.000,0.0302,0.68
8393,replay,4000,0.0275,1.000,0.0301,0.69
8394,replay,4000,0.0317,1.000,0.0301,0.69
8395,replay,4000,0.0275,1.000,0.0300,0.69
8396,replay,4000,0.0242,1.000,0.0300,0.69
8397,replay,4000,0.0350,1.000,0.0299,0.69
8398,replay,4000,0.0714,1.000,0.0300,0.69
8399,es_step,4000,0.0550,1.000,0.0300,1.26
8400,replay,4000,0.0791,1.000,0.0301,0.69
8401,es_step,4000,0.0549,1.000,0.0301,1.25
8402,replay,4000,0.0690,1.000,0.0301,0.69
8403,replay,4000,0.0676,1.000,0.0301,0.69
8404,replay,4000,0.0627,1.000,0.0301,0.69
8405,replay,4000,0.0516,1.000,0.0301,0.69
8406,replay,4000,0.0468,1.000,0.0301,0.69
8407,replay,4000,0.0359,1.000,0.0301,0.69
8408,replay,4000,0.0342,1.000,0.0300,0.69
8409,es_step,4000,0.0236,1.000,0.0300,1.25
8410,replay,4000,0.0342,1.000,0.0300,0.69
8411,es_step,4000,0.0308,1.000,0.0300,1.25
8412,replay,4000,0.0427,1.000,0.0299,0.69
8413,replay,4000,0.0311,1.000,0.0299,0.69
8414,replay,4000,0.0396,1.000,0.0299,0.69
8415,es_step,4000,0.0322,1.000,0.0299,1.24
8416,es_step,4000,0.0293,1.000,0.0299,1.24
8417,replay,4000,0.0295,1.000,0.0299,0.69
8418,es_step,4000,0.0454,1.000,0.0299,1.23
8419,replay,4000,0.0619,1.000,0.0299,0.68
8420,replay,4000,0.0795,1.000,0.0300,0.69
8421,replay,4000,0.0793,1.000,0.0301,0.68
8422,replay,4000,0.0708,1.000,0.0301,0.68
8423,replay,4000,0.1015,1.000,0.0302,0.68
8424,replay,4000,0.1099,1.000,0.0302,0.68
8425,es_step,4000,0.0512,1.000,0.0302,1.24
8426,es_step,4000,0.0478,1.000,0.0302,1.24
8427,replay,4000,0.0968,1.000,0.0303,0.69
8428,replay,4000,0.1063,1.000,0.0305,0.68
8429,replay,4000,0.1109,1.000,0.0306,0.68
8430,replay,4000,0.1292,1.000,0.0307,0.68
8431,replay,4000,0.1086,1.000,0.0307,0.68
8432,replay,4000,0.0924,1.000,0.0308,0.68
8433,replay,4000,0.0799,1.000,0.0308,0.68
8434,es_step,4000,0.0350,1.000,0.0308,1.23
8435,replay,4000,0.0838,1.000,0.0309,0.68
8436,es_step,4000,0.0325,1.000,0.0309,1.23
8437,replay,4000,0.0665,1.000,0.0309,0.68
8438,replay,4000,0.0464,1.000,0.0308,0.68
8439,replay,4000,0.0317,1.000,0.0308,0.68
8440,replay,4000,0.0265,1.000,0.0307,0.69
8441,replay,4000,0.0284,1.000,0.0306,0.69
8442,replay,4000,0.0372,1.000,0.0306,0.69
8443,replay,4000,0.0340,1.000,0.0306,0.69
8444,es_step,4000,0.0353,1.000,0.0306,1.24
8445,replay,4000,0.0350,1.000,0.0306,0.68
8446,replay,4000,0.0527,1.000,0.0307,0.69
8447,es_step,4000,0.0532,1.000,0.0308,1.23
8448,es_step,4000,0.0541,1.000,0.0309,1.23
8449,replay,4000,0.0698,1.000,0.0309,0.68
8450,replay,4000,0.0656,1.000,0.0309,0.68
8451,replay,4000,0.0539,1.000,0.0309,0.68
8452,replay,4000,0.0445,1.000,0.0308,0.68
8453,replay,4000,0.0346,1.000,0.0308,0.69
8454,replay,4000,0.0501,1.000,0.0308,0.69
8455,es_step,4000,0.0262,1.000,0.0308,1.24
8456,es_step,4000,0.0255,1.000,0.0308,1.24
8457,replay,4000,0.0438,1.000,0.0308,0.69
8458,replay,4000,0.0364,1.000,0.0307,0.69
8459,es_step,4000,0.0236,1.000,0.0307,1.23
8460,es_step,4000,0.0213,1.000,0.0307,1.23
8461,replay,4000,0.0343,1.000,0.0307,0.69
8462,es_step,4000,0.0190,1.000,0.0307,1.24
8463,replay,4000,0.0204,1.000,0.0307,0.69
8464,replay,4000,0.0701,1.000,0.0307,0.68
8465,replay,4000,0.0520,1.000,0.0307,0.69
8466,replay,4000,0.0454,1.000,0.0307,0.69
8467,replay,4000,0.0309,1.000,0.0305,0.68
8468,replay,4000,0.0627,1.000,0.0305,0.68
8469,replay,4000,0.0721,1.000,0.0305,0.69
8470,replay,4000,0.0594,1.000,0.0305,0.68
8471,replay,4000,0.0565,1.000,0.0305,0.68
8472,replay,4000,0.0486,1.000,0.0304,0.68
8473,replay,4000,0.0139,1.000,0.0305,0.69
8474,replay,4000,0.0213,1.000,0.0304,0.69
8475,es_step,4000,0.0207,1.000,0.0304,1.24
8476,replay,4000,0.0354,1.000,0.0304,0.68
8477,replay,4000,0.0327,1.000,0.0304,0.69
8478,replay,4000,0.0304,1.000,0.0304,0.68
8479,replay,4000,0.0817,1.000,0.0304,0.69
8480,replay,4000,0.0915,1.000,0.0304,0.69
8481,replay,4000,0.0812,1.000,0.0305,0.69
8482,replay,4000,0.0585,1.000,0.0304,0.69
8483,replay,4000,0.0426,1.000,0.0304,0.69
8484,replay,4000,0.0328,1.000,0.0304,0.69
8485,replay,4000,0.0358,1.000,0.0303,0.69
8486,replay,4000,0.0249,1.000,0.0303,0.69
8487,es_step,4000,0.0150,1.000,0.0303,1.24
8488,es_step,4000,0.0013,1.000,0.0303,1.24
8489,es_step,4000,0.0135,1.000,0.0303,1.23
8490,replay,4000,0.0290,1.000,0.0304,0.69
8491,replay,4000,0.0565,1.000,0.0305,0.68
8492,replay,4000,0.0643,1.000,0.0306,0.69
8493,replay,4000,0.1027,1.000,0.0306,0.69
8494,es_step,4000,0.0422,1.000,0.0306,1.24
8495,replay,4000,0.0816,1.000,0.0306,0.68
8496,replay,4000,0.0686,1.000,0.0306,0.68
8497,replay,4000,0.0614,1.000,0.0306,0.69
8498,es_step,4000,0.0206,1.000,0.0306,1.23
8499,replay,4000,0.0535,1.000,0.0306,0.68
8500,es_step,4000,0.0079,1.000,0.0306,1.22
8501,replay,4000,0.0322,1.000,0.0306,0.68
8502,replay,4000,0.0289,1.000,0.0305,0.69
8503,es_step,4000,-0.0096,1.000,0.0305,1.24
8504,replay,4000,0.0039,1.000,0.0304,0.69
8505,replay,4000,0.0090,1.000,0.0304,0.68
8506,replay,4000,0.0377,1.000,0.0303,0.68
8507,es_step,4000,0.0137,1.000,0.0303,1.24
8508,replay,4000,0.0357,1.000,0.0303,0.68
8509,es_step,4000,0.0167,1.000,0.0303,1.23
8510,replay,4000,0.0448,1.000,0.0303,0.68
8511,replay,4000,0.0409,1.000,0.0303,0.68
8512,replay,4000,0.0332,1.000,0.0303,0.68
8513,replay,4000,0.0472,1.000,0.0303,0.69
8514,replay,4000,0.0612,1.000,0.0303,0.71
8515,replay,4000,0.0527,1.000,0.0303,0.69
8516,replay,4000,0.0407,1.000,0.0303,0.69
8517,replay,4000,0.0226,1.000,0.0302,0.69
8518,replay,4000,0.0435,1.000,0.0302,0.68
8519,replay,4000,0.0346,1.000,0.0301,0.69
8520,replay,4000,0.0532,1.000,0.0301,0.69
8521,replay,4000,0.0343,1.000,0.0301,0.69
8522,es_step,4000,0.0352,1.000,0.0301,1.24
8523,replay,4000,0.0638,1.000,0.0301,0.68
8524,replay,4000,0.0504,1.000,0.0301,0.68
8525,replay,4000,0.0231,1.000,0.0301,0.68
8526,es_step,4000,0.0179,1.000,0.0301,1.24
8527,replay,4000,0.0346,1.000,0.0301,0.68
8528,replay,4000,0.0330,1.000,0.0300,0.68
8529,replay,4000,0.0298,1.000,0.0299,0.68
8530,replay,4000,0.0327,1.000,0.0299,0.68
8531,es_step,4000,0.0150,1.000,0.0299,1.23
8532,replay,4000,0.0391,1.000,0.0299,0.68
8533,replay,4000,0.0379,1.000,0.0298,0.69
8534,replay,4000,0.0186,1.000,0.0298,0.69
8535,es_step,4000,0.0177,1.000,0.0298,1.25
8536,replay,4000,0.0399,1.000,0.0297,0.69
8537,replay,4000,0.0339,1.000,0.0297,0.69
8538,replay,4000,0.0327,1.000,0.0297,0.69
8539,replay,4000,0.0149,1.000,0.0297,0.69
8540,es_step,4000,0.0221,1.000,0.0297,1.24
8541,es_step,4000,0.0224,1.000,0.0297,1.37
8542,replay,4000,0.0547,1.000,0.0296,0.68
8543,replay,4000,0.0766,1.000,0.0296,0.68
8544,replay,4000,0.0372,1.000,0.0296,0.68
8545,replay,4000,0.0857,1.000,0.0297,0.69
8546,replay,4000,0.1214,1.000,0.0298,0.69
8547,replay,4000,0.0920,1.000,0.0299,0.69
8548,replay,4000,0.0892,1.000,0.0299,0.69
8549,replay,4000,0.0830,1.000,0.0299,0.69
8550,replay,4000,0.0677,1.000,0.0299,0.69
8551,es_step,4000,0.0097,1.000,0.0299,1.24
8552,replay,4000,0.0498,1.000,0.0299,0.69
8553,replay,4000,0.0377,1.000,0.0299,0.68
8554,es_step,4000,0.0011,1.000,0.0299,1.23
8555,replay,4000,0.0343,1.000,0.0298,0.68
8556,es_step,4000,0.0034,1.000,0.0298,1.24
8557,replay,4000,0.0302,1.000,0.0298,0.69
8558,replay,4000,0.0288,1.000,0.0298,0.69
8559,replay,4000,0.0322,1.000,0.0298,0.68
8560,es_step,4000,0.0207,1.000,0.0298,1.23
8561,replay,4000,0.0519,1.000,0.0298,0.68
8562,replay,4000,0.0559,1.000,0.0298,0.68
8563,replay,4000,0.0584,1.000,0.0298,0.68
8564,replay,4000,0.1324,1.000,0.0298,0.69
8565,es_step,4000,0.0411,1.000,0.0299,1.25
8566,es_step,4000,0.0420,1.000,0.0299,1.23
8567,replay,4000,0.1185,1.000,0.0300,0.68
8568,replay,4000,0.1261,1.000,0.0301,0.69
8569,replay,4000,0.0981,1.000,0.0302,0.68
8570,replay,4000,0.0945,1.000,0.0303,0.69
8571,replay,4000,0.0645,1.000,0.0304,0.69
8572,replay,4000,0.0713,1.000,0.0304,0.69
8573,es_step,4000,0.0389,1.000,0.0304,1.24
8574,replay,4000,0.0868,1.000,0.0305,0.69
8575,replay,4000,0.0668,1.000,0.0305,0.68
8576,replay,4000,0.0311,1.000,0.0304,0.68
8577,es_step,4000,-0.0116,1.000,0.0304,1.23
8578,replay,4000,0.0225,1.000,0.0303,0.68
8579,replay,4000,0.0301,1.000,0.0302,0.68
8580,es_step,4000,-0.0066,1.000,0.0302,1.22
8581,replay,4000,0.0347,1.000,0.0302,0.68
8582,replay,4000,0.0409,1.000,0.0301,0.68
8583,replay,4000,0.0102,1.000,0.0300,0.68
8584,replay,4000,0.0361,1.000,0.0300,0.68
8585,es_step,4000,0.0216,1.000,0.0300,1.22
8586,replay,4000,0.0413,1.000,0.0300,0.68
8587,replay,4000,0.0510,1.000,0.0300,0.69
8588,replay,4000,0.0380,1.000,0.0300,0.69
8589,replay,4000,0.0366,1.000,0.0300,0.69
8590,replay,4000,0.0349,1.000,0.0299,0.69
8591,replay,4000,0.0214,1.000,0.0299,0.69
8592,replay,4000,0.0412,1.000,0.0298,0.69
8593,es_step,4000,0.0300,1.000,0.0299,1.24
8594,replay,4000,0.0451,1.000,0.0299,0.69
8595,replay,4000,0.0561,1.000,0.0298,0.69
8596,replay,4000,0.0530,1.000,0.0298,0.69
8597,replay,4000,0.0292,1.000,0.0298,0.69
8598,replay,4000,0.0444,1.000,0.0298,0.68
8599,replay,4000,0.0321,1.000,0.0298,0.69
8600,replay,4000,0.0885,1.000,0.0298,0.69
8601,replay,4000,0.0748,1.000,0.0298,0.69
8602,es_step,4000,0.0414,1.000,0.0298,1.24
8603,replay,4000,0.0756,1.000,0.0298,0.69
8604,replay,4000,0.1011,1.000,0.0300,0.69
8605,replay,4000,0.0957,1.000,0.0300,0.69
8606,replay,4000,0.0788,1.000,0.0301,0.69
8607,replay,4000,0.0837,1.000,0.0301,0.69
8608,es_step,4000,0.0168,1.000,0.0301,1.24
8609,replay,4000,0.0648,1.000,0.0302,0.68
8610,replay,4000,0.0260,1.000,0.0301,0.68
8611,es_step,4000,-0.0126,1.000,0.0301,1.24
8612,es_step,4000,-0.0112,1.000,0.0301,1.23
8613,replay,4000,0.0273,1.000,0.0300,0.68
8614,replay,4000,0.0066,1.000,0.0299,0.69
8615,replay,4000,-0.0071,1.000,0.0298,0.69
8616,replay,4000,0.0369,1.000,0.0298,0.69
8617,es_step,4000,0.0142,1.000,0.0298,1.24
8618,replay,4000,0.0509,1.000,0.0298,0.69
8619,replay,4000,0.0517,1.000,0.0299,0.68
8620,replay,4000,0.0539,1.000,0.0297,0.69
8621,replay,4000,0.0765,1.000,0.0297,0.69
8622,es_step,4000,0.0321,1.000,0.0297,1.24
8623,es_step,4000,0.0210,1.000,0.0297,1.23
8624,replay,4000,0.0617,1.000,0.0298,0.68
8625,replay,4000,0.0314,1.000,0.0297,0.68
8626,es_step,4000,-0.0118,1.000,0.0297,1.23
8627,replay,4000,0.0561,1.000,0.0296,0.68
8628,replay,4000,0.0583,1.000,0.0297,0.68
8629,es_step,4000,0.0022,1.000,0.0297,1.23
8630,es_step,4000,0.0017,1.000,0.0297,1.23
8631,replay,4000,0.0528,1.000,0.0297,0.68
8632,es_step,4000,0.0205,1.000,0.0297,1.23
8633,replay,4000,0.0570,1.000,0.0297,0.68
8634,replay,4000,0.0570,1.000,0.0298,0.68
8635,es_step,4000,0.0137,1.000,0.0298,1.24
8636,replay,4000,0.0445,1.000,0.0298,0.68
8637,replay,4000,0.0586,1.000,0.0298,0.69
8638,es_step,4000,0.0337,1.000,0.0298,1.23
8639,replay,4000,0.0700,1.000,0.0299,0.68
8640,es_step,4000,0.0226,1.000,0.0299,1.25
8641,es_step,4000,0.0384,1.000,0.0299,1.23
8642,replay,4000,0.0833,1.000,0.0299,0.68
8643,es_step,4000,0.0306,1.000,0.0299,1.22
8644,replay,4000,0.0773,1.000,0.0299,0.69
8645,replay,4000,0.0537,1.000,0.0299,0.68
8646,replay,4000,0.0298,1.000,0.0298,0.69
8647,replay,4000,0.0213,1.000,0.0297,0.69
8648,replay,4000,0.0309,1.000,0.0297,0.69
8649,replay,4000,0.0137,1.000,0.0296,0.69
8650,replay,4000,0.0160,1.000,0.0296,0.69
8651,replay,4000,0.0338,1.000,0.0295,0.69
8652,replay,4000,0.0280,1.000,0.0295,0.69
8653,replay,4000,0.0401,1.000,0.0295,0.69
8654,es_step,4000,0.0220,1.000,0.0295,1.25
8655,es_step,4000,0.0158,1.000,0.0295,1.24
8656,replay,4000,0.0395,1.000,0.0295,0.69
8657,replay,4000,0.0373,1.000,0.0295,0.69
8658,replay,4000,0.0387,1.000,0.0295,0.69
8659,replay,4000,0.0401,1.000,0.0295,0.68
8660,es_step,4000,0.0192,1.000,0.0295,1.23
8661,es_step,4000,0.0134,1.000,0.0295,1.23
8662,replay,4000,0.0356,1.000,0.0294,0.68
8663,replay,4000,0.0516,1.000,0.0294,0.68
8664,replay,4000,0.0539,1.000,0.0294,0.68
8665,replay,4000,0.0540,1.000,0.0294,0.68
8666,replay,4000,0.0484,1.000,0.0294,0.69
8667,replay,4000,0.0525,1.000,0.0294,0.68
8668,replay,4000,0.0405,1.000,0.0294,0.69
8669,replay,4000,0.0318,1.000,0.0293,0.69
8670,replay,4000,0.0381,1.000,0.0293,0.69
8671,replay,4000,0.0461,1.000,0.0293,0.69
8672,replay,4000,0.0341,1.000,0.0292,0.69
8673,replay,4000,0.0532,1.000,0.0293,0.69
8674,replay,4000,0.0565,1.000,0.0293,0.69
8675,replay,4000,0.0823,1.000,0.0294,0.69
8676,replay,4000,0.0929,1.000,0.0294,0.69
8677,es_step,4000,0.0703,1.000,0.0297,1.25
8678,replay,4000,0.0922,1.000,0.0297,2.89
8679,replay,4000,0.0953,1.000,0.0298,0.69
8680,replay,4000,0.0866,1.000,0.0299,0.69
8681,replay,4000,0.0661,1.000,0.0299,0.69
8682,replay,4000,0.0651,1.000,0.0299,0.69
8683,replay,4000,0.0665,1.000,0.0299,0.69
8684,replay,4000,0.0594,1.000,0.0299,0.69
8685,replay,4000,0.0535,1.000,0.0299,0.69
8686,replay,4000,0.0554,1.000,0.0299,0.69
8687,replay,4000,0.0515,1.000,0.0299,0.69
8688,replay,4000,0.0812,1.000,0.0300,0.69
8689,replay,4000,0.0677,1.000,0.0300,0.69
8690,replay,4000,0.0662,1.000,0.0300,0.69
8691,replay,4000,0.0540,1.000,0.0300,0.69
8692,replay,4000,0.0378,1.000,0.0299,0.69
8693,replay,4000,0.0469,1.000,0.0299,0.69
8694,replay,4000,0.0556,1.000,0.0300,0.69
8695,replay,4000,0.0583,1.000,0.0300,0.69
8696,replay,4000,0.0450,1.000,0.0300,0.69
8697,replay,4000,0.0153,1.000,0.0300,0.69
8698,es_step,4000,0.0695,1.000,0.0302,1.25
8699,es_step,4000,0.0748,1.000,0.0304,1.25
8700,es_step,4000,0.0648,1.000,0.0304,1.24
8701,replay,4000,0.0833,1.000,0.0306,0.69
8702,replay,4000,0.0934,1.000,0.0306,0.69
8703,replay,4000,0.0838,1.000,0.0306,0.68
8704,es_step,4000,0.0222,1.000,0.0306,1.25
8705,replay,4000,0.0570,1.000,0.0306,0.69
8706,replay,4000,0.0487,1.000,0.0305,0.69
8707,replay,4000,0.0101,1.000,0.0302,0.69
8708,replay,4000,0.0401,1.000,0.0301,0.69
8709,replay,4000,0.0502,1.000,0.0301,0.69
8710,replay,4000,0.0659,1.000,0.0301,0.69
8711,es_step,4000,0.0474,1.000,0.0302,1.24
8712,es_step,4000,0.0536,1.000,0.0302,1.23
8713,es_step,4000,0.0408,1.000,0.0302,1.23
8714,replay,4000,0.0547,1.000,0.0302,0.68
8715,es_step,4000,0.0436,1.000,0.0302,1.23
8716,replay,4000,0.0589,1.000,0.0302,0.69
8717,replay,4000,0.0425,1.000,0.0302,0.68
8718,replay,4000,0.0565,1.000,0.0303,0.69
8719,replay,4000,0.0683,1.000,0.0303,0.69
8720,replay,4000,0.0762,1.000,0.0303,0.69
8721,replay,4000,0.0760,1.000,0.0303,0.69
8722,replay,4000,0.0731,1.000,0.0303,0.69
8723,replay,4000,0.0197,1.000,0.0302,0.69
8724,replay,4000,0.0567,1.000,0.0302,0.69
8725,replay,4000,0.0754,1.000,0.0302,0.69
8726,replay,4000,0.0792,1.000,0.0302,0.69
8727,es_step,4000,0.0695,1.000,0.0304,1.25
8728,replay,4000,0.0792,1.000,0.0304,0.69
8729,replay,4000,0.0851,1.000,0.0304,0.69
8730,replay,4000,0.0717,1.000,0.0305,0.69
8731,replay,4000,0.0794,1.000,0.0305,0.68
8732,replay,4000,0.0653,1.000,0.0305,0.68
8733,replay,4000,0.0489,1.000,0.0304,0.68
8734,es_step,4000,0.0413,1.000,0.0304,1.24
8735,es_step,4000,0.0430,1.000,0.0304,1.23
8736,replay,4000,0.0479,1.000,0.0304,0.68
8737,es_step,4000,0.0394,1.000,0.0304,1.22
8738,replay,4000,0.0517,1.000,0.0305,0.68
8739,es_step,4000,0.0400,1.000,0.0305,1.24
8740,es_step,4000,0.0413,1.000,0.0305,1.23
8741,replay,4000,0.0758,1.000,0.0305,0.68
8742,replay,4000,0.0530,1.000,0.0304,0.68
8743,replay,4000,0.0649,1.000,0.0304,0.68
8744,replay,4000,0.0660,1.000,0.0304,0.69
8745,replay,4000,0.0669,1.000,0.0305,0.69
8746,replay,4000,0.0695,1.000,0.0305,0.69
8747,replay,4000,0.0494,1.000,0.0305,0.69
8748,es_step,4000,0.0486,1.000,0.0305,1.24
8749,replay,4000,0.0503,1.000,0.0305,0.69
8750,es_step,4000,0.0390,1.000,0.0306,1.24
8751,replay,4000,0.0614,1.000,0.0306,0.68
8752,replay,4000,0.0412,1.000,0.0306,0.68
8753,replay,4000,0.0482,1.000,0.0306,0.68
8754,es_step,4000,0.0458,1.000,0.0306,1.23
8755,replay,4000,0.0483,1.000,0.0306,0.68
8756,replay,4000,0.0685,1.000,0.0306,0.69
8757,replay,4000,0.0846,1.000,0.0307,0.69
8758,replay,4000,0.0700,1.000,0.0307,0.69
8759,replay,4000,0.0593,1.000,0.0309,0.69
8760,es_step,4000,0.0669,1.000,0.0311,1.24
8761,es_step,4000,0.0649,1.000,0.0311,1.23
8762,replay,4000,0.0940,1.000,0.0312,0.68
8763,es_step,4000,0.0598,1.000,0.0313,1.23
8764,replay,4000,0.0908,1.000,0.0313,0.68
8765,es_step,4000,0.0654,1.000,0.0314,1.22
8766,replay,4000,0.0820,1.000,0.0314,0.68
8767,replay,4000,0.0722,1.000,0.0315,0.68
8768,es_step,4000,0.0494,1.000,0.0316,1.22
8769,es_step,4000,0.0540,1.000,0.0316,1.22
8770,replay,4000,0.0705,1.000,0.0316,0.68
8771,replay,4000,0.0535,1.000,0.0317,0.69
8772,replay,4000,0.0832,1.000,0.0316,0.68
8773,replay,4000,0.0461,1.000,0.0316,0.69
8774,replay,4000,0.0505,1.000,0.0316,0.69
8775,replay,4000,0.0578,1.000,0.0315,0.69
8776,es_step,4000,0.0397,1.000,0.0315,1.24
8777,replay,4000,0.0531,1.000,0.0316,0.69
8778,es_step,4000,0.0322,1.000,0.0316,1.24
8779,replay,4000,0.0741,1.000,0.0315,0.68
8780,replay,4000,0.0735,1.000,0.0316,0.68
8781,replay,4000,0.1672,1.000,0.0316,0.68
8782,replay,4000,0.1454,1.000,0.0317,0.68
8783,replay,4000,0.1183,1.000,0.0317,0.68
8784,replay,4000,0.1107,1.000,0.0318,0.68
8785,replay,4000,0.0753,1.000,0.0319,0.68
8786,replay,4000,0.0787,1.000,0.0319,0.68
8787,es_step,4000,0.0743,1.000,0.0323,1.24
8788,replay,4000,0.0979,1.000,0.0324,0.68
8789,replay,4000,0.0812,1.000,0.0324,0.68
8790,es_step,4000,0.0558,1.000,0.0324,1.23
8791,replay,4000,0.0766,1.000,0.0324,0.68
8792,es_step,4000,0.0228,1.000,0.0324,1.23
8793,es_step,4000,0.0344,1.000,0.0324,1.22
8794,replay,4000,0.0366,1.000,0.0323,0.67
8795,es_step,4000,0.0256,1.000,0.0323,1.21
8796,replay,4000,0.0274,1.000,0.0321,0.67
8797,es_step,4000,0.0230,1.000,0.0321,1.23
8798,replay,4000,0.0309,1.000,0.0320,0.68
8799,replay,4000,0.0152,1.000,0.0318,0.68
8800,replay,4000,0.0076,1.000,0.0316,0.68
8801,replay,4000,0.0409,1.000,0.0316,0.68
8802,replay,4000,0.0393,1.000,0.0316,0.68
8803,replay,4000,0.0598,1.000,0.0315,0.68
8804,es_step,4000,0.0417,1.000,0.0315,1.24
8805,es_step,4000,0.0518,1.000,0.0316,1.23
8806,replay,4000,0.0610,1.000,0.0316,0.67
8807,replay,4000,0.0523,1.000,0.0317,0.68
8808,replay,4000,0.0743,1.000,0.0317,0.68
8809,replay,4000,0.0512,1.000,0.0317,0.68
8810,replay,4000,0.0682,1.000,0.0316,0.68
8811,replay,4000,0.0673,1.000,0.0317,0.68
8812,replay,4000,0.0571,1.000,0.0317,0.68
8813,replay,4000,0.0470,1.000,0.0316,0.68
8814,replay,4000,-0.0576,1.000,0.0315,0.68
8815,replay,4000,0.0613,1.000,0.0316,0.68
8816,replay,4000,0.0973,1.000,0.0316,0.68
8817,replay,4000,0.0914,1.000,0.0316,0.68
8818,es_step,4000,0.0777,1.000,0.0319,1.23
8819,es_step,4000,0.0764,1.000,0.0321,1.23
8820,es_step,4000,0.0734,1.000,0.0321,1.22
8821,replay,4000,0.1036,1.000,0.0322,0.67
8822,replay,4000,0.1137,1.000,0.0322,0.67
8823,replay,4000,0.0856,1.000,0.0323,0.68
8824,replay,4000,0.1656,1.000,0.0324,0.68
8825,replay,4000,0.1285,1.000,0.0325,0.68
8826,replay,4000,0.0924,1.000,0.0325,0.68
8827,replay,4000,0.0670,1.000,0.0326,0.68
8828,replay,4000,0.0786,1.000,0.0327,0.68
8829,replay,4000,0.0748,1.000,0.0327,0.68
8830,replay,4000,0.0598,1.000,0.0327,0.68
8831,replay,4000,0.0564,1.000,0.0327,0.68
8832,replay,4000,0.0749,1.000,0.0327,0.69
8833,replay,4000,0.0659,1.000,0.0327,0.69
8834,replay,4000,0.0427,1.000,0.0327,0.69
8835,replay,4000,0.0588,1.000,0.0328,0.69
8836,replay,4000,0.0523,1.000,0.0327,0.69
8837,replay,4000,0.0279,1.000,0.0326,0.68
8838,replay,4000,0.0602,1.000,0.0326,0.68
8839,replay,4000,0.0513,1.000,0.0326,0.68
8840,replay,4000,0.0355,1.000,0.0326,0.68
8841,replay,4000,0.0549,1.000,0.0326,0.68
8842,es_step,4000,0.0619,1.000,0.0328,1.24
8843,replay,4000,0.1018,1.000,0.0329,0.68
8844,es_step,4000,0.0756,1.000,0.0330,1.22
8845,replay,4000,0.1129,1.000,0.0331,0.68
8846,replay,4000,0.0974,1.000,0.0332,0.68
8847,replay,4000,0.0736,1.000,0.0333,0.68
8848,replay,4000,0.0494,1.000,0.0333,0.68
8849,replay,4000,0.0732,1.000,0.0333,0.68
8850,replay,4000,0.0771,1.000,0.0334,0.68
8851,replay,4000,0.0701,1.000,0.0334,0.68
8852,replay,4000,0.0366,1.000,0.0334,0.68
8853,replay,4000,0.0513,1.000,0.0334,0.68
8854,es_step,4000,0.0497,1.000,0.0334,1.22
8855,es_step,4000,0.0525,1.000,0.0334,1.21
8856,replay,4000,0.0600,1.000,0.0335,0.67
8857,replay,4000,0.0526,1.000,0.0335,0.67
8858,replay,4000,0.0595,1.000,0.0335,0.67
8859,replay,4000,0.0586,1.000,0.0336,0.67
8860,replay,4000,0.0444,1.000,0.0336,0.67
8861,es_step,4000,0.0313,1.000,0.0336,1.23
8862,replay,4000,0.0428,1.000,0.0336,0.69
8863,replay,4000,0.0345,1.000,0.0336,0.68
8864,replay,4000,0.0481,1.000,0.0336,0.68
8865,es_step,4000,0.0331,1.000,0.0336,1.22
8866,replay,4000,0.0432,1.000,0.0336,0.68
8867,es_step,4000,0.0342,1.000,0.0336,1.23
8868,replay,4000,0.0230,1.000,0.0336,0.68
8869,replay,4000,0.0404,1.000,0.0335,0.68
8870,replay,4000,0.0487,1.000,0.0335,0.68
8871,replay,4000,0.0432,1.000,0.0334,0.68
8872,replay,4000,0.0430,1.000,0.0334,0.68
8873,replay,4000,0.0311,1.000,0.0334,0.68
8874,replay,4000,0.0592,1.000,0.0333,0.68
8875,es_step,4000,0.0407,1.000,0.0333,1.23
8876,replay,4000,0.0461,1.000,0.0333,0.68
8877,replay,4000,0.0729,1.000,0.0333,0.68
8878,es_step,4000,0.0658,1.000,0.0335,1.22
8879,replay,4000,0.0898,1.000,0.0336,0.67
8880,replay,4000,0.0907,1.000,0.0336,0.67
8881,replay,4000,0.0906,1.000,0.0337,0.67
8882,replay,4000,0.0979,1.000,0.0338,0.68
8883,replay,4000,0.0767,1.000,0.0339,0.68
8884,replay,4000,0.0438,1.000,0.0338,0.67
8885,replay,4000,0.0588,1.000,0.0338,0.68
8886,replay,4000,0.0406,1.000,0.0338,0.68
8887,replay,4000,0.0712,1.000,0.0338,0.68
8888,es_step,4000,0.0421,1.000,0.0338,1.22
8889,replay,4000,0.0684,1.000,0.0338,0.67
8890,replay,4000,0.0308,1.000,0.0336,0.68
8891,replay,4000,0.0403,1.000,0.0336,0.68
8892,replay,4000,0.0394,1.000,0.0336,0.68
8893,replay,4000,0.0453,1.000,0.0335,0.68
8894,replay,4000,0.0356,1.000,0.0335,0.68
8895,replay,4000,0.0148,1.000,0.0335,0.68
8896,replay,4000,0.0352,1.000,0.0334,0.68
8897,replay,4000,0.0266,1.000,0.0334,0.69
8898,replay,4000,0.0424,1.000,0.0334,0.68
8899,replay,4000,0.0421,1.000,0.0335,0.68
8900,replay,4000,0.0412,1.000,0.0335,0.68
8901,replay,4000,0.0447,1.000,0.0335,0.69
8902,replay,4000,0.0396,1.000,0.0335,0.69
8903,replay,4000,0.1303,1.000,0.0335,0.69
8904,replay,4000,0.1196,1.000,0.0335,0.69
8905,replay,4000,0.0768,1.000,0.0336,0.69
8906,es_step,4000,0.0666,1.000,0.0336,1.24
8907,replay,4000,0.0750,1.000,0.0337,0.69
8908,replay,4000,0.0463,1.000,0.0336,0.68
8909,replay,4000,0.0776,1.000,0.0337,0.68
8910,replay,4000,0.0692,1.000,0.0336,0.69
8911,replay,4000,0.0713,1.000,0.0337,0.69
8912,es_step,4000,0.0406,1.000,0.0337,1.24
8913,replay,4000,0.0529,1.000,0.0336,0.68
8914,replay,4000,0.0341,1.000,0.0336,0.68
8915,replay,4000,0.0310,1.000,0.0334,0.68
8916,replay,4000,0.0580,1.000,0.0334,0.69
8917,replay,4000,0.0604,1.000,0.0334,0.69
8918,replay,4000,0.0674,1.000,0.0334,0.68
8919,replay,4000,0.0646,1.000,0.0334,0.68
8920,es_step,4000,0.0584,1.000,0.0335,1.23
8921,replay,4000,0.0506,1.000,0.0335,0.68
8922,replay,4000,0.0488,1.000,0.0334,0.68
8923,es_step,4000,0.0403,1.000,0.0334,1.23
8924,replay,4000,0.0712,1.000,0.0334,0.68
8925,replay,4000,0.0615,1.000,0.0334,0.68
8926,replay,4000,0.0619,1.000,0.0334,0.68
8927,es_step,4000,0.0379,1.000,0.0334,1.23
8928,replay,4000,0.0576,1.000,0.0334,0.68
8929,replay,4000,0.0605,1.000,0.0334,0.68
8930,replay,4000,0.0387,1.000,0.0334,0.68
8931,replay,4000,0.0476,1.000,0.0333,0.68
8932,replay,4000,0.0640,1.000,0.0333,0.68
8933,replay,4000,0.0620,1.000,0.0333,0.68
8934,es_step,4000,0.0300,1.000,0.0333,1.23
8935,replay,4000,0.0350,1.000,0.0333,0.68
8936,es_step,4000,0.0175,1.000,0.0333,1.22
8937,replay,4000,0.0343,1.000,0.0333,0.68
8938,replay,4000,0.0655,1.000,0.0333,0.68
8939,replay,4000,0.0640,1.000,0.0333,0.68
8940,replay,4000,0.0774,1.000,0.0333,0.68
8941,replay,4000,0.0654,1.000,0.0333,0.68
8942,es_step,4000,0.0264,1.000,0.0333,1.24
8943,replay,4000,0.0710,1.000,0.0333,0.69
8944,replay,4000,0.0544,1.000,0.0333,0.68
8945,replay,4000,0.0282,1.000,0.0333,0.68
8946,replay,4000,0.0264,1.000,0.0332,0.68
8947,es_step,4000,-0.0029,1.000,0.0332,1.23
8948,replay,4000,0.0221,1.000,0.0332,0.68
8949,es_step,4000,0.0038,1.000,0.0332,1.23
8950,replay,4000,0.0126,1.000,0.0330,0.68
8951,replay,4000,0.0172,1.000,0.0330,0.69
8952,replay,4000,0.0472,1.000,0.0330,0.68
8953,replay,4000,0.0554,1.000,0.0330,0.69
8954,replay,4000,0.0765,1.000,0.0331,0.69
8955,replay,4000,0.0779,1.000,0.0332,0.69
8956,replay,4000,0.0590,1.000,0.0332,0.69
8957,replay,4000,0.0403,1.000,0.0331,0.69
8958,replay,4000,0.0283,1.000,0.0330,0.68
8959,es_step,4000,-0.0022,1.000,0.0330,1.24
8960,es_step,4000,-0.0044,1.000,0.0330,1.23
8961,es_step,4000,-0.0118,1.000,0.0330,1.22
8962,replay,4000,0.0281,1.000,0.0329,0.68
8963,replay,4000,0.0057,1.000,0.0329,0.68
8964,replay,4000,0.0285,1.000,0.0328,0.69
8965,replay,4000,0.0383,1.000,0.0328,0.68
8966,replay,4000,0.0477,1.000,0.0327,0.68
8967,es_step,4000,0.0225,1.000,0.0327,1.23
8968,replay,4000,0.0343,1.000,0.0327,0.68
8969,es_step,4000,0.0185,1.000,0.0327,1.22
8970,es_step,4000,0.0142,1.000,0.0327,1.21
8971,es_step,4000,0.0223,1.000,0.0327,1.21
8972,es_step,4000,0.0208,1.000,0.0327,1.22
8973,replay,4000,0.0568,1.000,0.0327,0.68
8974,replay,4000,0.0524,1.000,0.0327,0.68
8975,replay,4000,0.0522,1.000,0.0327,0.69
8976,replay,4000,0.0593,1.000,0.0327,0.69
8977,replay,4000,0.0554,1.000,0.0327,0.68
8978,replay,4000,0.0516,1.000,0.0327,0.68
8979,replay,4000,0.0450,1.000,0.0327,0.69
8980,es_step,4000,0.0205,1.000,0.0327,1.23
8981,replay,4000,0.0422,1.000,0.0327,0.68
8982,replay,4000,0.0384,1.000,0.0327,2.87
8983,es_step,4000,0.0211,1.000,0.0327,1.24
8984,replay,4000,0.0424,1.000,0.0327,0.68
8985,replay,4000,0.0507,1.000,0.0326,0.68
8986,replay,4000,0.0372,1.000,0.0326,0.68
8987,replay,4000,0.0537,1.000,0.0327,0.69
8988,replay,4000,0.0532,1.000,0.0327,0.68
8989,replay,4000,0.0566,1.000,0.0327,0.68
8990,replay,4000,0.0048,1.000,0.0326,0.69
8991,es_step,4000,0.0271,1.000,0.0326,1.24
8992,replay,4000,0.0457,1.000,0.0326,0.69
8993,replay,4000,0.0456,1.000,0.0326,0.69
8994,replay,4000,0.0794,1.000,0.0326,0.69
8995,replay,4000,0.0545,1.000,0.0327,0.68
8996,replay,4000,0.0665,1.000,0.0327,0.69
8997,replay,4000,0.0772,1.000,0.0327,0.69
8998,replay,4000,0.0672,1.000,0.0328,0.69
8999,replay,4000,0.0665,1.000,0.0328,0.69
9000,replay,4000,0.0561,1.000,0.0329,0.69
9001,replay,4000,0.0432,1.000,0.0328,0.69
9002,replay,4000,0.0374,1.000,0.0328,0.69
9003,replay,4000,0.0728,1.000,0.0328,0.69
9004,es_step,4000,0.0765,1.000,0.0331,1.25
9005,replay,4000,0.0758,1.000,0.0332,0.69
9006,es_step,4000,0.0905,1.000,0.0336,1.24
9007,es_step,4000,0.0794,1.000,0.0338,1.23
9008,replay,4000,0.1460,1.000,0.0338,0.68
9009,replay,4000,0.1568,1.000,0.0340,0.68
9010,replay,4000,0.1601,1.000,0.0339,0.68
9011,replay,4000,0.1109,1.000,0.0339,0.68
9012,replay,4000,0.1330,1.000,0.0340,0.68
9013,replay,4000,0.1320,1.000,0.0341,0.69
9014,replay,4000,0.1111,1.000,0.0342,0.69
9015,replay,4000,0.1082,1.000,0.0343,0.69
9016,es_step,4000,0.0679,1.000,0.0344,1.24
9017,replay,4000,0.0876,1.000,0.0344,0.68
9018,replay,4000,0.1081,1.000,0.0345,0.68
9019,replay,4000,0.1100,1.000,0.0346,0.68
9020,replay,4000,-0.0337,1.000,0.0346,0.69
9021,replay,4000,0.0757,1.000,0.0348,0.69
9022,replay,4000,0.0980,1.000,0.0349,0.69
9023,replay,4000,-0.1262,1.000,0.0348,0.69
9024,replay,4000,0.1242,1.000,0.0350,0.69
9025,es_step,4000,0.1336,1.000,0.0356,1.26
9026,es_step,4000,0.1362,1.000,0.0359,1.24
9027,replay,4000,0.1200,1.000,0.0362,0.68
9028,replay,4000,0.1632,1.000,0.0364,0.68
9029,replay,4000,0.1482,1.000,0.0366,0.68
9030,es_step,4000,0.1238,1.000,0.0368,1.23
9031,replay,4000,0.1395,1.000,0.0368,0.68
9032,replay,4000,0.1157,1.000,0.0368,0.69
9033,es_step,4000,0.0864,1.000,0.0369,1.23
9034,replay,4000,0.1042,1.000,0.0369,0.68
9035,replay,4000,0.0887,1.000,0.0369,0.69
9036,replay,4000,0.0771,1.000,0.0370,0.69
9037,replay,4000,0.0846,1.000,0.0370,0.69
9038,replay,4000,0.0693,1.000,0.0370,0.69
9039,es_step,4000,0.0487,1.000,0.0370,1.24
9040,replay,4000,0.0680,1.000,0.0371,0.68
9041,replay,4000,0.0755,1.000,0.0371,0.68
9042,es_step,4000,0.0582,1.000,0.0371,1.24
9043,replay,4000,0.0813,1.000,0.0372,0.68
9044,replay,4000,0.0474,1.000,0.0372,0.69
9045,es_step,4000,0.0524,1.000,0.0372,1.23
9046,es_step,4000,0.0507,1.000,0.0372,1.22
9047,replay,4000,0.0604,1.000,0.0372,0.68
9048,replay,4000,0.0575,1.000,0.0373,0.68
9049,replay,4000,0.0598,1.000,0.0373,0.69
9050,replay,4000,0.0587,1.000,0.0372,0.69
9051,replay,4000,0.0183,1.000,0.0372,0.70
9052,es_step,4000,0.0717,1.000,0.0372,1.26
9053,replay,4000,0.0519,1.000,0.0372,0.69
9054,es_step,4000,0.0843,1.000,0.0372,1.24
9055,es_step,4000,0.0875,1.000,0.0373,1.24
9056,replay,4000,0.0900,1.000,0.0373,0.69
9057,replay,4000,0.0978,1.000,0.0375,0.69
9058,es_step,4000,0.0866,1.000,0.0375,1.23
9059,replay,4000,0.0794,1.000,0.0376,0.68
9060,replay,4000,0.0982,1.000,0.0376,0.68
9061,replay,4000,0.0752,1.000,0.0377,0.68
9062,replay,4000,0.0365,1.000,0.0376,0.68
9063,es_step,4000,0.0331,1.000,0.0376,1.23
9064,replay,4000,0.0383,1.000,0.0375,0.68
9065,es_step,4000,0.0305,1.000,0.0375,1.22
9066,replay,4000,-0.0115,1.000,0.0375,0.68
9067,replay,4000,0.0406,1.000,0.0374,0.69
9068,es_step,4000,0.0606,1.000,0.0374,1.25
9069,replay,4000,0.0509,1.000,0.0374,0.69
9070,replay,4000,0.0799,1.000,0.0374,0.69
9071,replay,4000,0.0725,1.000,0.0374,0.69
9072,replay,4000,0.0509,1.000,0.0373,0.69
9073,replay,4000,0.0669,1.000,0.0373,0.84
9074,replay,4000,0.0737,1.000,0.0374,0.69
9075,es_step,4000,0.0564,1.000,0.0374,1.25
9076,replay,4000,0.0605,1.000,0.0373,0.69
9077,replay,4000,0.0669,1.000,0.0374,0.69
9078,replay,4000,0.0651,1.000,0.0374,0.69
9079,es_step,4000,0.0550,1.000,0.0374,1.26
9080,replay,4000,0.0738,1.000,0.0373,0.69
9081,replay,4000,0.0554,1.000,0.0373,0.69
9082,replay,4000,0.0481,1.000,0.0373,0.69
9083,replay,4000,0.0380,1.000,0.0372,0.69
9084,es_step,4000,0.0346,1.000,0.0372,1.24
9085,es_step,4000,0.0343,1.000,0.0372,1.23
9086,replay,4000,0.0529,1.000,0.0372,0.68
9087,replay,4000,0.0405,1.000,0.0371,0.68
9088,replay,4000,0.0625,1.000,0.0371,0.69
9089,replay,4000,0.0585,1.000,0.0370,0.69
9090,replay,4000,0.0598,1.000,0.0370,0.69
9091,replay,4000,0.0356,1.000,0.0368,0.69
9092,replay,4000,0.0837,1.000,0.0368,0.69
9093,replay,4000,0.0678,1.000,0.0368,0.69
9094,es_step,4000,0.0577,1.000,0.0368,1.25
9095,replay,4000,0.0598,1.000,0.0368,0.69
9096,replay,4000,0.0516,1.000,0.0367,0.69
9097,es_step,4000,0.0401,1.000,0.0367,1.24
9098,replay,4000,0.0193,1.000,0.0367,0.68
9099,replay,4000,0.0589,1.000,0.0367,0.69
9100,replay,4000,0.0182,1.000,0.0365,0.69
9101,replay,4000,0.0466,1.000,0.0365,0.69
9102,es_step,4000,0.0415,1.000,0.0365,1.25
9103,replay,4000,0.0770,1.000,0.0365,0.69
9104,replay,4000,0.0619,1.000,0.0365,0.70
9105,replay,4000,0.0610,1.000,0.0366,0.69
9106,replay,4000,0.0896,1.000,0.0367,0.69
9107,es_step,4000,0.0644,1.000,0.0368,1.24
9108,replay,4000,0.0715,1.000,0.0368,0.69
9109,es_step,4000,0.0576,1.000,0.0368,1.25
9110,replay,4000,0.0929,1.000,0.0368,0.69
9111,replay,4000,0.0705,1.000,0.0368,0.69
9112,replay,4000,0.0569,1.000,0.0368,0.69
9113,replay,4000,0.0536,1.000,0.0367,0.69
9114,replay,4000,0.0585,1.000,0.0366,0.69
9115,replay,4000,0.0431,1.000,0.0366,0.69
9116,es_step,4000,0.0245,1.000,0.0366,1.25
9117,replay,4000,0.0448,1.000,0.0365,0.69
9118,es_step,4000,0.0280,1.000,0.0365,1.25
9119,replay,4000,0.0439,1.000,0.0365,0.68
9120,replay,4000,0.0407,1.000,0.0364,0.69
9121,replay,4000,0.0445,1.000,0.0364,0.69
9122,replay,4000,0.0485,1.000,0.0363,0.69
9123,es_step,4000,0.0503,1.000,0.0363,1.25
9124,replay,4000,0.0533,1.000,0.0364,0.68
9125,replay,4000,0.0591,1.000,0.0364,0.69
9126,es_step,4000,0.0392,1.000,0.0364,1.24
9127,replay,4000,0.0557,1.000,0.0363,0.68
9128,replay,4000,0.0631,1.000,0.0363,0.68
9129,replay,4000,-0.0567,1.000,0.0361,0.72
9130,replay,4000,0.0556,1.000,0.0361,0.68
9131,replay,4000,0.0767,1.000,0.0361,0.68
9132,replay,4000,0.0411,1.000,0.0361,0.69
9133,es_step,4000,0.0661,1.000,0.0362,1.26
9134,replay,4000,0.1186,1.000,0.0362,0.69
9135,replay,4000,0.0914,1.000,0.0362,0.69
9136,replay,4000,0.0753,1.000,0.0363,0.69
9137,replay,4000,0.1067,1.000,0.0363,0.69
9138,es_step,4000,0.0665,1.000,0.0364,1.24
9139,replay,4000,0.1062,1.000,0.0364,0.69
9140,es_step,4000,0.0639,1.000,0.0365,1.25
9141,replay,4000,0.1328,1.000,0.0366,0.69
9142,replay,4000,0.1323,1.000,0.0366,0.69
9143,replay,4000,0.1164,1.000,0.0367,0.69
9144,es_step,4000,0.0941,1.000,0.0369,1.24
9145,replay,4000,0.1418,1.000,0.0370,0.68
9146,replay,4000,0.1438,1.000,0.0371,0.69
9147,replay,4000,0.1147,1.000,0.0372,0.69
9148,replay,4000,0.1138,1.000,0.0373,0.69
9149,replay,4000,0.0930,1.000,0.0374,0.69
9150,replay,4000,0.0826,1.000,0.0374,0.69
9151,replay,4000,0.0757,1.000,0.0374,0.69
9152,replay,4000,0.0897,1.000,0.0375,0.69
9153,replay,4000,0.0701,1.000,0.0374,0.69
9154,replay,4000,0.0990,1.000,0.0375,0.69
9155,es_step,4000,0.0712,1.000,0.0375,1.25
9156,es_step,4000,0.0766,1.000,0.0375,1.23
9157,es_step,4000,0.0716,1.000,0.0376,1.23
9158,replay,4000,0.1003,1.000,0.0376,0.69
9159,replay,4000,0.0973,1.000,0.0377,0.69
9160,replay,4000,0.0628,1.000,0.0377,0.69
9161,es_step,4000,0.0504,1.000,0.0377,1.24
9162,es_step,4000,0.0430,1.000,0.0377,1.23
9163,replay,4000,0.0737,1.000,0.0377,0.69
9164,replay,4000,0.0733,1.000,0.0377,0.69
9165,replay,4000,0.0589,1.000,0.0377,0.69
9166,replay,4000,0.0777,1.000,0.0378,0.69
9167,replay,4000,0.0687,1.000,0.0378,0.70
9168,replay,4000,0.0519,1.000,0.0378,0.70
9169,replay,4000,0.0520,1.000,0.0377,0.69
9170,replay,4000,0.0519,1.000,0.0377,0.70
9171,replay,4000,0.0462,1.000,0.0377,0.69
9172,es_step,4000,0.0336,1.000,0.0377,1.25
9173,es_step,4000,0.0273,1.000,0.0377,1.24
9174,replay,4000,0.0528,1.000,0.0377,0.68
9175,es_step,4000,0.0301,1.000,0.0377,1.23
9176,replay,4000,-0.0112,1.000,0.0377,0.68
9177,replay,4000,0.0653,1.000,0.0377,0.68
9178,replay,4000,0.0622,1.000,0.0377,0.68
9179,es_step,4000,0.0607,1.000,0.0377,1.23
9180,replay,4000,0.0763,1.000,0.0378,0.68
9181,replay,4000,0.1142,1.000,0.0379,0.69
9182,replay,4000,0.1297,1.000,0.0379,0.68
9183,replay,4000,0.0830,1.000,0.0379,0.69
9184,replay,4000,0.0856,1.000,0.0379,0.69
9185,replay,4000,0.0877,1.000,0.0379,0.69
9186,replay,4000,0.0392,1.000,0.0379,0.69
9187,replay,4000,0.0518,1.000,0.0379,0.69
9188,es_step,4000,0.0344,1.000,0.0379,1.24
9189,replay,4000,0.0640,1.000,0.0379,0.69
9190,replay,4000,0.1060,1.000,0.0378,0.69
9191,replay,4000,0.1211,1.000,0.0378,0.69
9192,replay,4000,0.1032,1.000,0.0377,0.69
9193,es_step,4000,0.0935,1.000,0.0381,1.23
9194,replay,4000,0.0985,1.000,0.0382,0.69
9195,replay,4000,0.0989,1.000,0.0385,0.68
9196,replay,4000,0.0883,1.000,0.0385,0.68
9197,replay,4000,0.0760,1.000,0.0385,0.68
9198,replay,4000,0.0560,1.000,0.0385,0.69
9199,replay,4000,0.0597,1.000,0.0385,0.69
9200,es_step,4000,0.0307,1.000,0.0385,1.23
9201,replay,4000,0.0456,1.000,0.0384,0.68
9202,replay,4000,0.0536,1.000,0.0384,0.69
9203,replay,4000,0.0428,1.000,0.0383,0.69
9204,replay,4000,0.0467,1.000,0.0383,0.70
9205,es_step,4000,0.0316,1.000,0.0383,1.24
9206,replay,4000,0.0293,1.000,0.0382,0.69
9207,replay,4000,0.0612,1.000,0.0382,0.70
9208,es_step,4000,0.0306,1.000,0.0382,1.25
9209,es_step,4000,0.0450,1.000,0.0382,1.24
9210,replay,4000,0.0917,1.000,0.0382,0.69
9211,replay,4000,0.0968,1.000,0.0383,0.69
9212,replay,4000,0.1142,1.000,0.0384,0.69
9213,replay,4000,0.1194,1.000,0.0384,0.69
9214,es_step,4000,0.0359,1.000,0.0384,1.23
9215,replay,4000,0.0874,1.000,0.0384,0.69
9216,es_step,4000,0.0132,1.000,0.0384,1.25
9217,replay,4000,0.0493,1.000,0.0384,0.70
9218,es_step,4000,-0.0097,1.000,0.0384,1.24
9219,replay,4000,0.0019,1.000,0.0382,0.69
9220,replay,4000,0.0109,1.000,0.0382,0.69
9221,replay,4000,0.0236,1.000,0.0380,0.69
9222,replay,4000,0.0283,1.000,0.0380,0.70
9223,replay,4000,0.0423,1.000,0.0380,0.69
9224,replay,4000,0.0289,1.000,0.0380,0.70
9225,replay,4000,0.0402,1.000,0.0380,0.70
9226,es_step,4000,0.0331,1.000,0.0380,1.25
9227,replay,4000,0.0487,1.000,0.0379,0.69
9228,replay,4000,0.0561,1.000,0.0379,0.69
9229,replay,4000,0.0424,1.000,0.0379,0.69
9230,es_step,4000,0.0300,1.000,0.0379,1.25
9231,replay,4000,0.0560,1.000,0.0379,0.68
9232,replay,4000,0.0387,1.000,0.0378,0.69
9233,replay,4000,0.0342,1.000,0.0378,0.69
9234,replay,4000,0.0309,1.000,0.0377,0.69
9235,replay,4000,0.0339,1.000,0.0376,0.69
9236,replay,4000,0.0427,1.000,0.0376,0.69
9237,replay,4000,0.0486,1.000,0.0376,0.70
9238,replay,4000,0.0597,1.000,0.0376,0.69
9239,replay,4000,0.0599,1.000,0.0376,0.69
9240,replay,4000,0.0318,1.000,0.0376,0.69
9241,es_step,4000,0.0213,1.000,0.0376,1.24
9242,replay,4000,0.0412,1.000,0.0375,0.68
9243,es_step,4000,0.0206,1.000,0.0375,1.23
9244,replay,4000,0.0331,1.000,0.0374,0.68
9245,replay,4000,0.0405,1.000,0.0374,0.68
9246,replay,4000,0.0429,1.000,0.0373,0.68
9247,replay,4000,0.0455,1.000,0.0373,0.68
9248,es_step,4000,0.0300,1.000,0.0373,1.23
9249,replay,4000,0.0518,1.000,0.0373,0.69
9250,replay,4000,0.0421,1.000,0.0373,0.69
9251,replay,4000,0.0330,1.000,0.0372,0.70
9252,replay,4000,0.0387,1.000,0.0372,0.69
9253,replay,4000,0.0542,1.000,0.0372,0.69
9254,replay,4000,0.0451,1.000,0.0371,0.69
9255,replay,4000,0.0616,1.000,0.0371,0.69
9256,replay,4000,0.0260,1.000,0.0370,0.69
9257,replay,4000,0.0117,1.000,0.0370,0.69
9258,replay,4000,0.0457,1.000,0.0369,0.69
9259,replay,4000,0.0688,1.000,0.0370,0.69
9260,replay,4000,0.0738,1.000,0.0370,0.69
9261,replay,4000,0.0730,1.000,0.0370,0.69
9262,replay,4000,0.0387,1.000,0.0370,0.69
9263,replay,4000,0.0456,1.000,0.0370,0.70
9264,replay,4000,0.0407,1.000,0.0369,0.69
9265,replay,4000,0.0135,1.000,0.0367,0.70
9266,replay,4000,0.0200,1.000,0.0366,0.69
9267,replay,4000,0.0291,1.000,0.0365,0.70
9268,replay,4000,0.0279,1.000,0.0364,0.69
9269,replay,4000,0.0443,1.000,0.0364,0.70
9270,replay,4000,0.0326,1.000,0.0364,0.69
9271,es_step,4000,0.0208,1.000,0.0364,1.26
9272,replay,4000,0.0142,1.000,0.0364,0.69
9273,es_step,4000,0.0205,1.000,0.0364,1.24
9274,replay,4000,0.0514,1.000,0.0364,0.69
9275,replay,4000,0.0352,1.000,0.0363,0.69
9276,es_step,4000,0.0353,1.000,0.0363,1.23
9277,replay,4000,0.0328,1.000,0.0363,0.68
9278,replay,4000,0.0511,1.000,0.0363,0.69
9279,replay,4000,0.0606,1.000,0.0363,0.69
9280,replay,4000,0.0565,1.000,0.0363,0.69
9281,replay,4000,0.0492,1.000,0.0362,0.69
9282,replay,4000,0.0400,1.000,0.0362,0.69
9283,es_step,4000,0.0309,1.000,0.0362,1.25
9284,replay,4000,0.0316,1.000,0.0361,0.69
9285,replay,4000,0.0228,1.000,0.0361,0.69
9286,replay,4000,0.0659,1.000,0.0361,0.69
9287,es_step,4000,0.0470,1.000,0.0361,3.46
9288,replay,4000,0.0328,1.000,0.0361,0.69
9289,es_step,4000,0.0477,1.000,0.0361,1.23
9290,replay,4000,0.0525,1.000,0.0361,0.69
9291,es_step,4000,0.0502,1.000,0.0361,1.23
9292,es_step,4000,0.0466,1.000,0.0361,1.25
9293,replay,4000,0.0687,1.000,0.0361,0.69
9294,replay,4000,0.0780,1.000,0.0362,0.69
9295,replay,4000,0.0736,1.000,0.0362,0.69
9296,replay,4000,0.0384,1.000,0.0361,0.69
9297,replay,4000,0.0377,1.000,0.0361,0.70
9298,replay,4000,0.0258,1.000,0.0360,0.70
9299,replay,4000,0.0133,1.000,0.0359,0.70
9300,replay,4000,-0.0123,1.000,0.0358,0.70
9301,replay,4000,0.0569,1.000,0.0359,0.70
9302,es_step,4000,0.0495,1.000,0.0359,1.26
9303,replay,4000,0.0732,1.000,0.0359,0.69
9304,es_step,4000,0.0510,1.000,0.0360,1.26
9305,es_step,4000,0.0520,1.000,0.0360,1.24
9306,replay,4000,0.0872,1.000,0.0360,0.68
9307,replay,4000,0.0843,1.000,0.0361,0.69
9308,replay,4000,0.0716,1.000,0.0361,0.69
9309,es_step,4000,0.0281,1.000,0.0361,1.23
9310,replay,4000,0.0452,1.000,0.0360,0.68
9311,replay,4000,0.0149,1.000,0.0360,0.68
9312,replay,4000,0.0380,1.000,0.0359,0.68
9313,es_step,4000,0.0082,1.000,0.0359,1.23
9314,replay,4000,0.0431,1.000,0.0358,0.68
9315,es_step,4000,0.0245,1.000,0.0358,1.23
9316,replay,4000,0.0425,1.000,0.0358,0.68
9317,replay,4000,0.0474,1.000,0.0358,0.69
9318,replay,4000,0.0445,1.000,0.0358,0.69
9319,replay,4000,0.0453,1.000,0.0357,0.69
9320,replay,4000,0.0521,1.000,0.0357,0.69
9321,es_step,4000,0.0110,1.000,0.0357,1.24
9322,replay,4000,0.0374,1.000,0.0357,0.69
9323,replay,4000,0.0366,1.000,0.0356,0.68
9324,replay,4000,0.0311,1.000,0.0356,0.69
9325,replay,4000,0.0344,1.000,0.0356,0.69
9326,replay,4000,0.0357,1.000,0.0356,0.69
9327,replay,4000,0.0465,1.000,0.0355,0.69
9328,replay,4000,0.0546,1.000,0.0355,0.69
9329,replay,4000,0.0736,1.000,0.0355,0.69
9330,replay,4000,0.0645,1.000,0.0357,0.69
9331,replay,4000,0.0836,1.000,0.0357,0.69
9332,replay,4000,0.0801,1.000,0.0359,0.69
9333,replay,4000,0.0761,1.000,0.0359,0.69
9334,replay,4000,0.0810,1.000,0.0360,0.69
9335,replay,4000,0.0832,1.000,0.0361,0.69
9336,es_step,4000,0.0587,1.000,0.0361,1.26
9337,replay,4000,0.0659,1.000,0.0362,0.69
9338,replay,4000,0.0915,1.000,0.0362,0.69
9339,replay,4000,0.0729,1.000,0.0362,0.69
9340,replay,4000,0.0541,1.000,0.0361,0.70
9341,replay,4000,0.0906,1.000,0.0361,0.70
9342,replay,4000,0.0757,1.000,0.0361,0.70
9343,replay,4000,0.0564,1.000,0.0360,0.70
9344,replay,4000,0.0670,1.000,0.0360,0.70
9345,replay,4000,0.0623,1.000,0.0359,0.69
9346,replay,4000,0.0602,1.000,0.0359,0.70
9347,replay,4000,0.0492,1.000,0.0360,0.70
9348,replay,4000,0.0503,1.000,0.0360,0.70
9349,replay,4000,0.0941,1.000,0.0360,0.70
9350,es_step,4000,0.0365,1.000,0.0360,1.26
9351,replay,4000,0.0910,1.000,0.0360,0.69
9352,replay,4000,0.0890,1.000,0.0360,0.70
9353,replay,4000,0.0879,1.000,0.0361,0.69
9354,replay,4000,0.0780,1.000,0.0361,0.70
9355,replay,4000,0.0840,1.000,0.0361,0.69
9356,replay,4000,0.0720,1.000,0.0361,0.69
9357,replay,4000,0.0698,1.000,0.0362,0.69
9358,replay,4000,0.0319,1.000,0.0362,0.70
9359,replay,4000,0.0665,1.000,0.0362,0.70
9360,replay,4000,0.0569,1.000,0.0362,0.70
9361,replay,4000,0.0677,1.000,0.0362,0.70
9362,replay,4000,0.0492,1.000,0.0361,0.69
9363,replay,4000,0.0392,1.000,0.0360,0.70
9364,replay,4000,0.0144,1.000,0.0360,0.70
9365,es_step,4000,0.0065,1.000,0.0360,1.27
9366,es_step,4000,0.0038,1.000,0.0360,1.25
9367,replay,4000,0.0190,1.000,0.0359,0.69
9368,replay,4000,0.0323,1.000,0.0358,0.69
9369,es_step,4000,0.0107,1.000,0.0358,1.25
9370,replay,4000,0.0392,1.000,0.0358,0.69
9371,replay,4000,0.0198,1.000,0.0357,0.69
9372,replay,4000,0.0398,1.000,0.0356,0.69
9373,replay,4000,0.0408,1.000,0.0356,0.69
9374,es_step,4000,0.0266,1.000,0.0356,1.24
9375,replay,4000,0.0288,1.000,0.0357,0.69
9376,es_step,4000,0.0179,1.000,0.0357,1.23
9377,es_step,4000,0.0245,1.000,0.0357,1.24
9378,replay,4000,0.0515,1.000,0.0357,0.69
9379,es_step,4000,0.0375,1.000,0.0357,1.24
9380,replay,4000,0.0326,1.000,0.0356,0.69
9381,es_step,4000,0.0255,1.000,0.0356,1.24
9382,replay,4000,0.0431,1.000,0.0356,0.69
9383,es_step,4000,0.0271,1.000,0.0356,1.24
9384,es_step,4000,0.0227,1.000,0.0356,1.24
9385,es_step,4000,0.0165,1.000,0.0356,1.23
9386,replay,4000,0.0400,1.000,0.0356,0.68
9387,replay,4000,0.0369,1.000,0.0355,0.68
9388,es_step,4000,0.0329,1.000,0.0356,1.24
9389,es_step,4000,0.0356,1.000,0.0356,1.24
9390,es_step,4000,0.0360,1.000,0.0356,1.23
9391,replay,4000,0.0708,1.000,0.0356,0.68
9392,replay,4000,0.0734,1.000,0.0356,0.68
9393,replay,4000,0.0712,1.000,0.0356,0.68
9394,replay,4000,0.0643,1.000,0.0357,0.69
9395,replay,4000,-0.0025,1.000,0.0357,0.68
9396,replay,4000,0.0306,1.000,0.0356,0.69
9397,replay,4000,0.0526,1.000,0.0356,0.69
9398,replay,4000,0.0640,1.000,0.0356,0.69
9399,replay,4000,0.0396,1.000,0.0356,0.69
9400,replay,4000,0.0582,1.000,0.0356,0.69
9401,replay,4000,0.0543,1.000,0.0356,0.69
9402,replay,4000,0.0341,1.000,0.0355,0.69
9403,replay,4000,0.0486,1.000,0.0355,0.69
9404,replay,4000,0.0159,1.000,0.0354,0.69
9405,es_step,4000,0.0159,1.000,0.0354,1.25
9406,replay,4000,0.0325,1.000,0.0354,0.69
9407,replay,4000,0.0319,1.000,0.0353,0.69
9408,replay,4000,0.0271,1.000,0.0353,0.69
9409,es_step,4000,0.0310,1.000,0.0353,1.25
9410,replay,4000,0.0540,1.000,0.0353,0.69
9411,replay,4000,0.0379,1.000,0.0353,0.69
9412,replay,4000,0.0581,1.000,0.0352,0.69
9413,replay,4000,0.0335,1.000,0.0352,0.69
9414,es_step,4000,0.0186,1.000,0.0352,1.25
9415,es_step,4000,0.0312,1.000,0.0352,1.23
9416,replay,4000,0.0330,1.000,0.0351,0.68
9417,es_step,4000,0.0276,1.000,0.0351,1.23
9418,replay,4000,0.0305,1.000,0.0351,0.68
9419,es_step,4000,0.0241,1.000,0.0351,1.22
9420,replay,4000,0.0319,1.000,0.0350,0.68
9421,replay,4000,0.0640,1.000,0.0350,0.69
9422,replay,4000,0.0502,1.000,0.0350,0.69
9423,replay,4000,0.0323,1.000,0.0349,0.69
9424,replay,4000,0.0385,1.000,0.0348,0.69
9425,replay,4000,0.0580,1.000,0.0348,0.69
9426,es_step,4000,0.0502,1.000,0.0348,1.25
9427,replay,4000,0.0912,1.000,0.0350,0.69
9428,replay,4000,0.1055,1.000,0.0350,0.69
9429,replay,4000,0.1180,1.000,0.0351,0.69
9430,replay,4000,0.1244,1.000,0.0353,0.69
9431,replay,4000,0.1124,1.000,0.0353,0.69
9432,replay,4000,0.0956,1.000,0.0354,0.69
9433,es_step,4000,0.1002,1.000,0.0358,1.25
9434,es_step,4000,0.0997,1.000,0.0360,1.23
9435,replay,4000,0.1205,1.000,0.0361,0.69
9436,replay,4000,0.1451,1.000,0.0363,0.69
9437,replay,4000,0.1183,1.000,0.0364,0.69
9438,replay,4000,0.0944,1.000,0.0364,0.69
9439,es_step,4000,0.0707,1.000,0.0364,1.31
9440,replay,4000,0.0951,1.000,0.0365,0.69
9441,replay,4000,0.0790,1.000,0.0365,0.69
9442,es_step,4000,0.0455,1.000,0.0365,1.24
9443,replay,4000,0.0531,1.000,0.0364,0.69
9444,es_step,4000,0.0373,1.000,0.0364,1.24
9445,replay,4000,0.0679,1.000,0.0364,0.68
9446,replay,4000,0.0762,1.000,0.0365,0.68
9447,es_step,4000,0.0405,1.000,0.0365,1.22
9448,replay,4000,0.0579,1.000,0.0364,0.68
9449,es_step,4000,0.0470,1.000,0.0364,1.23
9450,replay,4000,0.0597,1.000,0.0364,0.69
9451,es_step,4000,0.0509,1.000,0.0364,1.24
9452,es_step,4000,0.0461,1.000,0.0364,1.22
9453,replay,4000,0.0680,1.000,0.0365,0.68
9454,replay,4000,0.0789,1.000,0.0364,0.68
9455,replay,4000,0.0757,1.000,0.0365,0.68
9456,replay,4000,0.0658,1.000,0.0365,0.68
9457,replay,4000,0.0471,1.000,0.0364,0.69
9458,es_step,4000,0.0539,1.000,0.0364,1.23
9459,replay,4000,0.0598,1.000,0.0364,0.68
9460,replay,4000,0.0614,1.000,0.0364,0.69
9461,replay,4000,0.0556,1.000,0.0364,0.69
9462,replay,4000,0.0441,1.000,0.0363,0.69
9463,replay,4000,0.0702,1.000,0.0363,0.69
9464,replay,4000,0.0705,1.000,0.0363,0.69
9465,es_step,4000,0.0439,1.000,0.0364,1.24
9466,replay,4000,0.0473,1.000,0.0364,0.69
9467,replay,4000,0.0404,1.000,0.0363,0.69
9468,replay,4000,0.0540,1.000,0.0363,0.69
9469,replay,4000,0.0680,1.000,0.0363,0.69
9470,replay,4000,0.0730,1.000,0.0363,0.70
9471,replay,4000,0.0557,1.000,0.0363,0.69
9472,es_step,4000,0.0601,1.000,0.0363,1.26
9473,replay,4000,0.0463,1.000,0.0364,0.69
9474,replay,4000,0.0784,1.000,0.0364,0.69
9475,es_step,4000,0.0559,1.000,0.0364,1.24
9476,replay,4000,0.0686,1.000,0.0364,0.69
9477,replay,4000,0.0471,1.000,0.0364,0.69
9478,replay,4000,0.0786,1.000,0.0365,0.69
9479,replay,4000,0.0657,1.000,0.0365,0.69
9480,replay,4000,0.0463,1.000,0.0365,0.69
9481,replay,4000,0.0502,1.000,0.0364,0.69
9482,replay,4000,0.0567,1.000,0.0364,0.69
9483,replay,4000,0.0434,1.000,0.0364,0.69
9484,replay,4000,0.0421,1.000,0.0363,0.69
9485,replay,4000,0.0606,1.000,0.0364,0.69
9486,replay,4000,0.0890,1.000,0.0364,0.69
9487,replay,4000,0.0777,1.000,0.0364,0.69
9488,replay,4000,0.0604,1.000,0.0363,0.69
9489,replay,4000,-0.0342,1.000,0.0363,0.69
9490,es_step,4000,0.0496,1.000,0.0363,1.25
9491,es_step,4000,0.0420,1.000,0.0363,1.24
9492,replay,4000,0.0650,1.000,0.0364,0.68
9493,replay,4000,-0.0486,1.000,0.0363,0.68
9494,es_step,4000,0.0783,1.000,0.0365,1.23
9495,es_step,4000,0.0712,1.000,0.0366,1.22
9496,replay,4000,0.0861,1.000,0.0366,0.68
9497,replay,4000,0.0814,1.000,0.0366,0.68
9498,replay,4000,0.0804,1.000,0.0366,0.68
9499,replay,4000,0.0742,1.000,0.0366,0.69
9500,replay,4000,0.0516,1.000,0.0368,0.69
9501,es_step,4000,0.0277,1.000,0.0368,1.24
9502,replay,4000,0.0318,1.000,0.0366,0.68
9503,es_step,4000,0.0264,1.000,0.0366,1.23
9504,replay,4000,0.0391,1.000,0.0366,0.68
9505,es_step,4000,0.0198,1.000,0.0366,1.22
9506,replay,4000,0.0583,1.000,0.0365,0.68
9507,replay,4000,0.0276,1.000,0.0365,0.68
9508,replay,4000,0.0224,1.000,0.0363,0.68
9509,replay,4000,0.0324,1.000,0.0364,0.69
9510,replay,4000,0.0350,1.000,0.0363,0.68
9511,replay,4000,0.0365,1.000,0.0362,0.68
9512,replay,4000,0.0371,1.000,0.0364,0.69
9513,replay,4000,0.0469,1.000,0.0363,0.69
9514,es_step,4000,0.0408,1.000,0.0363,1.24
9515,replay,4000,0.0431,1.000,0.0362,0.68
9516,replay,4000,0.0640,1.000,0.0362,0.69
9517,replay,4000,-0.0111,1.000,0.0360,0.69
9518,replay,4000,0.0631,1.000,0.0360,0.69
9519,replay,4000,0.0909,1.000,0.0361,0.69
9520,replay,4000,0.1052,1.000,0.0362,0.69
9521,replay,4000,0.0969,1.000,0.0362,0.69
9522,es_step,4000,0.0693,1.000,0.0363,1.24
9523,replay,4000,0.0931,1.000,0.0364,0.68
9524,replay,4000,0.0964,1.000,0.0364,0.69
9525,replay,4000,0.0795,1.000,0.0364,0.69
9526,es_step,4000,0.0485,1.000,0.0364,1.24
9527,replay,4000,0.0741,1.000,0.0364,0.69
9528,replay,4000,0.0930,1.000,0.0365,0.69
9529,replay,4000,0.0646,1.000,0.0364,0.69
9530,replay,4000,0.0763,1.000,0.0363,0.69
9531,replay,4000,0.0946,1.000,0.0363,0.69
9532,replay,4000,0.0764,1.000,0.0363,0.69
9533,replay,4000,0.0706,1.000,0.0364,0.69
9534,es_step,4000,0.0411,1.000,0.0364,1.24
9535,es_step,4000,0.0414,1.000,0.0364,1.23
9536,es_step,4000,0.0451,1.000,0.0364,1.22
9537,replay,4000,0.0530,1.000,0.0363,0.68
9538,es_step,4000,0.0392,1.000,0.0363,1.22
9539,replay,4000,0.0536,1.000,0.0363,0.68
9540,replay,4000,0.0475,1.000,0.0363,0.69
9541,replay,4000,0.0249,1.000,0.0362,0.69
9542,replay,4000,0.0320,1.000,0.0361,0.69
9543,es_step,4000,0.0233,1.000,0.0361,1.23
9544,replay,4000,0.0335,1.000,0.0360,0.68
9545,replay,4000,0.0306,1.000,0.0360,0.68
9546,replay,4000,0.0468,1.000,0.0359,0.69
9547,replay,4000,0.0306,1.000,0.0358,0.68
9548,es_step,4000,0.0412,1.000,0.0359,1.23
9549,replay,4000,0.0590,1.000,0.0358,0.68
9550,es_step,4000,0.0396,1.000,0.0358,1.22
9551,replay,4000,0.0435,1.000,0.0358,0.68
9552,es_step,4000,0.0226,1.000,0.0358,1.22
9553,es_step,4000,0.0315,1.000,0.0358,1.21
9554,replay,4000,0.0280,1.000,0.0357,0.68
9555,replay,4000,0.0505,1.000,0.0357,0.68
9556,replay,4000,0.0797,1.000,0.0356,0.69
9557,replay,4000,0.0644,1.000,0.0357,0.69
9558,replay,4000,0.0248,1.000,0.0356,0.69
9559,replay,4000,0.0613,1.000,0.0356,0.69
9560,replay,4000,0.0741,1.000,0.0356,0.69
9561,replay,4000,0.0473,1.000,0.0356,0.69
9562,replay,4000,0.0674,1.000,0.0356,0.69
9563,replay,4000,0.0782,1.000,0.0357,0.69
9564,replay,4000,0.0825,1.000,0.0357,0.69
9565,replay,4000,0.0761,1.000,0.0357,0.69
9566,replay,4000,0.0740,1.000,0.0357,0.70
9567,replay,4000,0.0675,1.000,0.0357,0.69
9568,replay,4000,0.0616,1.000,0.0357,0.69
9569,replay,4000,0.0586,1.000,0.0356,0.69
9570,replay,4000,0.0361,1.000,0.0355,0.69
9571,replay,4000,0.0717,1.000,0.0355,0.69
9572,replay,4000,0.0566,1.000,0.0355,0.69
9573,replay,4000,0.0100,1.000,0.0354,0.69
9574,replay,4000,0.0130,1.000,0.0353,0.69
9575,replay,4000,0.0210,1.000,0.0350,0.69
9576,replay,4000,-0.1239,1.000,0.0347,0.69
9577,replay,4000,0.0329,1.000,0.0347,0.69
9578,replay,4000,0.0788,1.000,0.0348,0.69
9579,replay,4000,0.0878,1.000,0.0349,0.69
9580,replay,4000,0.0669,1.000,0.0349,0.70
9581,replay,4000,0.0807,1.000,0.0348,0.69
9582,replay,4000,0.0482,1.000,0.0348,0.70
9583,replay,4000,0.0378,1.000,0.0348,0.69
9584,replay,4000,0.0502,1.000,0.0347,0.70
9585,replay,4000,0.0419,1.000,0.0347,0.70
9586,replay,4000,0.0430,1.000,0.0346,2.92
9587,replay,4000,0.0766,1.000,0.0346,0.69
9588,replay,4000,0.0741,1.000,0.0346,0.69
9589,replay,4000,0.0753,1.000,0.0346,0.70
9590,replay,4000,0.0651,1.000,0.0347,0.69
9591,replay,4000,0.1085,1.000,0.0347,0.69
9592,replay,4000,0.0743,1.000,0.0347,0.69
9593,replay,4000,0.0681,1.000,0.0347,0.69
9594,replay,4000,0.0995,1.000,0.0348,0.69
9595,replay,4000,0.0966,1.000,0.0348,0.69
9596,replay,4000,0.0846,1.000,0.0348,0.69
9597,replay,4000,0.0615,1.000,0.0348,0.69
9598,replay,4000,0.0480,1.000,0.0347,0.69
9599,es_step,4000,-0.0005,1.000,0.0347,1.27
9600,es_step,4000,0.0038,1.000,0.0347,1.26
9601,replay,4000,0.0192,1.000,0.0346,0.69
9602,es_step,4000,-0.0048,1.000,0.0346,1.25
9603,replay,4000,0.0294,1.000,0.0346,0.69
9604,replay,4000,0.0208,1.000,0.0344,0.69
9605,replay,4000,0.0101,1.000,0.0343,0.69
9606,replay,4000,0.0431,1.000,0.0343,0.69
9607,replay,4000,0.0344,1.000,0.0343,0.70
9608,es_step,4000,0.0273,1.000,0.0343,1.25
9609,replay,4000,0.0560,1.000,0.0342,0.69
9610,es_step,4000,0.0217,1.000,0.0342,1.25
9611,replay,4000,0.0559,1.000,0.0343,0.69
9612,replay,4000,0.0456,1.000,0.0342,0.69
9613,replay,4000,0.0706,1.000,0.0342,0.68
9614,replay,4000,0.0585,1.000,0.0343,0.69
9615,es_step,4000,0.0241,1.000,0.0343,1.25
9616,es_step,4000,0.0289,1.000,0.0343,1.24
9617,replay,4000,0.0664,1.000,0.0343,0.69
9618,replay,4000,0.0480,1.000,0.0341,0.69
9619,es_step,4000,0.0159,1.000,0.0341,1.24
9620,replay,4000,0.0443,1.000,0.0341,0.68
9621,replay,4000,0.0285,1.000,0.0341,0.68
9622,es_step,4000,0.0030,1.000,0.0341,1.23
9623,es_step,4000,-0.0101,1.000,0.0341,1.24
9624,es_step,4000,-0.0095,1.000,0.0341,1.23
9625,replay,4000,0.0327,1.000,0.0340,0.69
9626,replay,4000,-0.2110,1.000,0.0338,0.69
9627,replay,4000,0.0471,1.000,0.0337,0.69
9628,es_step,4000,0.0359,1.000,0.0338,1.23
9629,replay,4000,0.0961,1.000,0.0338,0.69
9630,replay,4000,0.1084,1.000,0.0338,0.68
9631,replay,4000,0.1013,1.000,0.0338,0.68
9632,replay,4000,0.0670,1.000,0.0339,0.69
9633,es_step,4000,0.0369,1.000,0.0339,1.23
9634,replay,4000,0.0687,1.000,0.0339,0.69
9635,es_step,4000,0.0236,1.000,0.0339,1.23
9636,replay,4000,0.0643,1.000,0.0339,0.68
9637,replay,4000,0.0625,1.000,0.0339,0.68
9638,replay,4000,0.0445,1.000,0.0340,0.69
9639,replay,4000,0.0705,1.000,0.0340,0.69
9640,replay,4000,0.0611,1.000,0.0340,0.69
9641,replay,4000,0.0300,1.000,0.0339,0.69
9642,replay,4000,-0.0671,1.000,0.0339,0.69
9643,replay,4000,0.0709,1.000,0.0339,0.69
9644,replay,4000,0.0911,1.000,0.0339,0.69
9645,replay,4000,0.0872,1.000,0.0340,0.69
9646,replay,4000,0.1024,1.000,0.0340,0.69
9647,replay,4000,0.0887,1.000,0.0340,0.69
9648,replay,4000,0.0623,1.000,0.0340,0.69
9649,replay,4000,0.0462,1.000,0.0339,0.69
9650,es_step,4000,0.0208,1.000,0.0339,1.25
9651,replay,4000,0.0654,1.000,0.0339,0.69
9652,replay,4000,0.0480,1.000,0.0339,0.69
9653,replay,4000,0.0799,1.000,0.0338,0.69
9654,replay,4000,0.0599,1.000,0.0338,0.69
9655,replay,4000,0.0543,1.000,0.0338,0.69
9656,es_step,4000,0.0277,1.000,0.0339,1.26
9657,replay,4000,0.0820,1.000,0.0339,0.69
9658,replay,4000,0.0648,1.000,0.0339,0.69
9659,es_step,4000,0.0247,1.000,0.0339,1.25
9660,es_step,4000,0.0248,1.000,0.0339,1.24
9661,es_step,4000,0.0200,1.000,0.0339,1.23
9662,replay,4000,0.0611,1.000,0.0339,0.68
9663,replay,4000,0.0529,1.000,0.0339,0.68
9664,replay,4000,0.0472,1.000,0.0339,0.69
9665,replay,4000,0.0391,1.000,0.0338,0.70
9666,replay,4000,0.0484,1.000,0.0338,0.69
9667,replay,4000,0.0172,1.000,0.0338,0.70
9668,replay,4000,0.0371,1.000,0.0338,0.69
9669,replay,4000,0.0546,1.000,0.0338,0.69
9670,es_step,4000,0.0363,1.000,0.0338,1.25
9671,replay,4000,0.0751,1.000,0.0338,0.69
9672,replay,4000,0.0744,1.000,0.0338,0.69
9673,es_step,4000,0.0348,1.000,0.0339,1.24
9674,replay,4000,0.0716,1.000,0.0339,0.69
9675,replay,4000,0.0431,1.000,0.0337,0.68
9676,replay,4000,0.0439,1.000,0.0338,0.69
9677,es_step,4000,-0.0046,1.000,0.0338,1.25
9678,replay,4000,0.0249,1.000,0.0337,0.68
9679,replay,4000,0.0254,1.000,0.0336,0.69
9680,replay,4000,0.0051,1.000,0.0335,0.69
9681,replay,4000,0.0304,1.000,0.0335,0.69
9682,replay,4000,0.0601,1.000,0.0335,0.69
9683,replay,4000,0.1263,1.000,0.0335,0.69
9684,replay,4000,0.0852,1.000,0.0334,0.69
9685,replay,4000,0.0458,1.000,0.0334,0.69
9686,replay,4000,0.0413,1.000,0.0334,0.69
9687,replay,4000,0.0505,1.000,0.0333,0.69
9688,replay,4000,0.0487,1.000,0.0333,0.69
9689,es_step,4000,0.0260,1.000,0.0333,1.25
9690,es_step,4000,0.0139,1.000,0.0333,1.25
9691,replay,4000,0.0580,1.000,0.0333,0.69
9692,replay,4000,0.0483,1.000,0.0333,0.69
9693,es_step,4000,0.0098,1.000,0.0333,1.24
9694,replay,4000,0.0405,1.000,0.0332,0.69
9695,replay,4000,0.0243,1.000,0.0331,0.68
9696,es_step,4000,-0.0012,1.000,0.0331,1.23
9697,replay,4000,0.0050,1.000,0.0330,0.68
9698,replay,4000,0.0381,1.000,0.0329,0.68
9699,replay,4000,0.0365,1.000,0.0329,0.69
9700,replay,4000,-0.0375,1.000,0.0329,0.69
9701,replay,4000,0.0487,1.000,0.0329,0.69
9702,replay,4000,0.0880,1.000,0.0329,0.69
9703,replay,4000,0.0841,1.000,0.0330,0.69
9704,es_step,4000,0.0552,1.000,0.0331,1.25
9705,replay,4000,0.1007,1.000,0.0332,0.68
9706,replay,4000,0.0714,1.000,0.0332,0.69
9707,es_step,4000,0.0505,1.000,0.0332,1.24
9708,replay,4000,0.0933,1.000,0.0333,0.69
9709,replay,4000,0.1060,1.000,0.0333,0.69
9710,es_step,4000,0.0434,0.938,0.0333,1.24
9711,es_step,4000,0.0339,1.000,0.0333,1.23
9712,replay,4000,0.0989,1.000,0.0333,0.68
9713,replay,4000,0.0738,1.000,0.0333,0.69
9714,replay,4000,0.0472,1.000,0.0333,0.69
9715,replay,4000,0.0545,1.000,0.0333,0.69
9716,replay,4000,0.0462,1.000,0.0332,0.69
9717,es_step,4000,0.0188,0.938,0.0332,1.24
9718,replay,4000,0.0397,1.000,0.0332,0.68
9719,replay,4000,0.0446,1.000,0.0331,0.68
9720,replay,4000,0.0469,1.000,0.0331,0.69
9721,replay,4000,0.0650,1.000,0.0331,0.70
9722,replay,4000,0.0465,1.000,0.0331,0.69
9723,replay,4000,0.0658,1.000,0.0331,0.70
9724,replay,4000,0.0665,1.000,0.0332,0.70
9725,es_step,4000,0.0319,1.000,0.0332,1.27
9726,es_step,4000,0.0359,0.938,0.0332,1.25
9727,replay,4000,0.0216,1.000,0.0331,0.69
9728,replay,4000,0.1076,1.000,0.0331,0.69
9729,replay,4000,0.1083,1.000,0.0332,0.69
9730,replay,4000,0.1086,1.000,0.0333,0.70
9731,replay,4000,0.0868,1.000,0.0333,0.69
9732,es_step,4000,0.0337,0.938,0.0333,1.25
9733,replay,4000,0.0764,1.000,0.0333,0.69
9734,replay,4000,0.0754,1.000,0.0333,0.70
9735,replay,4000,0.0964,1.000,0.0333,0.70
9736,replay,4000,-0.0412,1.000,0.0332,0.70
9737,replay,4000,0.0689,1.000,0.0332,0.70
9738,replay,4000,0.0834,1.000,0.0332,0.69
9739,replay,4000,0.0925,1.000,0.0333,0.70
9740,es_step,4000,0.0542,1.000,0.0334,1.26
9741,es_step,4000,0.0408,0.875,0.0334,1.24
9742,replay,4000,0.1129,1.000,0.0335,0.69
9743,replay,4000,0.0817,1.000,0.0335,0.69
9744,replay,4000,0.0819,1.000,0.0335,0.69
9745,replay,4000,0.1160,1.000,0.0336,0.69
9746,replay,4000,0.0802,1.000,0.0337,0.69
9747,replay,4000,0.1084,1.000,0.0337,0.69
9748,replay,4000,0.1021,1.000,0.0338,0.69
9749,replay,4000,0.0812,1.000,0.0338,0.69
9750,replay,4000,0.0577,1.000,0.0338,0.69
9751,replay,4000,0.0786,1.000,0.0339,0.69
9752,replay,4000,0.0895,1.000,0.0339,0.69
9753,replay,4000,0.0857,1.000,0.0340,0.69
9754,replay,4000,0.0686,1.000,0.0340,0.69
9755,replay,4000,0.1007,1.000,0.0340,0.69
9756,replay,4000,0.0756,1.000,0.0340,0.69
9757,es_step,4000,0.0390,1.000,0.0340,1.24
9758,replay,4000,0.0729,1.000,0.0341,0.69
9759,replay,4000,0.0655,1.000,0.0342,0.69
9760,replay,4000,0.0588,1.000,0.0342,0.69
9761,replay,4000,0.0832,1.000,0.0342,0.69
9762,es_step,4000,0.0598,0.875,0.0343,1.24
9763,replay,4000,0.0989,1.000,0.0343,0.68
9764,replay,4000,0.1130,1.000,0.0344,0.69
9765,es_step,4000,0.0720,0.875,0.0345,1.24
9766,replay,4000,0.0977,1.000,0.0347,0.69
9767,replay,4000,0.0996,1.000,0.0347,0.69
9768,replay,4000,0.0935,1.000,0.0348,0.69
9769,es_step,4000,0.0527,1.000,0.0348,1.24
9770,replay,4000,0.0864,1.000,0.0348,0.69
9771,replay,4000,0.1114,1.000,0.0349,0.69
9772,replay,4000,0.0792,1.000,0.0349,0.69
9773,replay,4000,0.0661,1.000,0.0349,0.70
9774,replay,4000,0.0750,1.000,0.0349,0.70
9775,replay,4000,0.0668,1.000,0.0349,0.70
9776,es_step,4000,0.0503,1.000,0.0350,1.25
9777,replay,4000,0.0705,1.000,0.0350,0.69
9778,replay,4000,0.0609,1.000,0.0351,0.69
9779,replay,4000,0.0739,1.000,0.0351,0.70
9780,replay,4000,0.0618,1.000,0.0350,0.70
9781,replay,4000,0.0365,1.000,0.0350,0.69
9782,replay,4000,0.0321,1.000,0.0349,0.70
9783,replay,4000,0.0342,1.000,0.0348,0.69
9784,replay,4000,0.0327,1.000,0.0348,0.70
9785,replay,4000,0.0861,1.000,0.0348,0.70
9786,replay,4000,0.0480,1.000,0.0347,0.70
9787,replay,4000,0.0678,1.000,0.0347,0.70
9788,replay,4000,0.0626,1.000,0.0347,0.70
9789,replay,4000,0.0589,1.000,0.0346,0.70
9790,replay,4000,0.0536,1.000,0.0347,0.70
9791,replay,4000,0.0797,1.000,0.0346,0.70
9792,replay,4000,0.0633,1.000,0.0346,0.70
9793,replay,4000,0.0426,1.000,0.0346,0.70
9794,replay,4000,0.0565,1.000,0.0346,0.70
9795,replay,4000,0.0678,1.000,0.0346,0.69
9796,replay,4000,0.0505,1.000,0.0345,0.69
9797,replay,4000,0.0598,1.000,0.0345,0.69
9798,replay,4000,0.0602,1.000,0.0345,0.70
9799,replay,4000,0.0492,1.000,0.0345,0.69
9800,replay,4000,0.0650,1.000,0.0345,0.69
9801,replay,4000,0.0544,1.000,0.0345,0.70
9802,es_step,4000,0.0328,0.938,0.0345,1.27
9803,es_step,4000,0.0258,1.000,0.0345,1.27
9804,es_step,4000,0.0358,1.000,0.0345,1.25
9805,replay,4000,0.0468,1.000,0.0345,0.69
9806,replay,4000,0.0525,1.000,0.0345,0.69
9807,replay,4000,0.0588,1.000,0.0344,0.69
9808,es_step,4000,0.0459,1.000,0.0344,1.24
9809,replay,4000,0.0627,1.000,0.0345,0.69
9810,replay,4000,0.0506,1.000,0.0345,0.69
9811,replay,4000,0.1227,1.000,0.0346,0.70
9812,replay,4000,0.1276,1.000,0.0348,0.69
9813,replay,4000,0.1280,1.000,0.0349,0.69
9814,replay,4000,0.1092,1.000,0.0350,0.69
9815,replay,4000,0.0992,1.000,0.0351,0.69
9816,replay,4000,0.0887,1.000,0.0351,0.70
9817,replay,4000,0.0603,1.000,0.0350,0.70
9818,replay,4000,0.0786,1.000,0.0350,0.70
9819,replay,4000,0.0593,1.000,0.0350,0.70
9820,replay,4000,0.0461,1.000,0.0349,0.70
9821,es_step,4000,0.0139,1.000,0.0349,1.27
9822,replay,4000,0.0369,1.000,0.0348,0.69
9823,replay,4000,0.0381,1.000,0.0347,0.70
9824,replay,4000,0.0358,1.000,0.0347,0.69
9825,replay,4000,0.0441,1.000,0.0346,0.69
9826,replay,4000,0.0445,1.000,0.0346,0.69
9827,replay,4000,0.0649,1.000,0.0345,0.70
9828,replay,4000,0.0761,1.000,0.0346,0.69
9829,replay,4000,0.0758,1.000,0.0345,0.69
9830,replay,4000,0.0642,1.000,0.0345,0.70
9831,replay,4000,0.0529,1.000,0.0344,0.69
9832,replay,4000,0.0568,1.000,0.0344,0.69
9833,replay,4000,0.0473,1.000,0.0343,0.69
9834,replay,4000,0.0527,1.000,0.0342,0.69
9835,replay,4000,0.0548,1.000,0.0342,0.69
9836,replay,4000,0.0391,1.000,0.0342,0.69
9837,replay,4000,0.0284,1.000,0.0341,0.69
9838,es_step,4000,0.0118,1.000,0.0341,1.26
9839,replay,4000,0.0545,1.000,0.0341,0.69
9840,replay,4000,0.0562,1.000,0.0341,0.69
9841,replay,4000,0.0564,1.000,0.0340,0.69
9842,replay,4000,0.0575,1.000,0.0340,0.69
9843,replay,4000,0.0658,1.000,0.0340,0.69
9844,es_step,4000,0.0145,1.000,0.0340,1.26
9845,replay,4000,0.0588,1.000,0.0339,0.69
9846,es_step,4000,0.0128,1.000,0.0339,1.24
9847,replay,4000,0.0533,1.000,0.0339,0.69
9848,replay,4000,0.0579,1.000,0.0338,0.69
9849,replay,4000,0.0609,1.000,0.0338,0.69
9850,replay,4000,0.0507,1.000,0.0338,0.69
9851,replay,4000,0.0606,1.000,0.0338,0.69
9852,replay,4000,0.0595,1.000,0.0338,0.69
9853,es_step,4000,0.0297,1.000,0.0338,1.25
9854,replay,4000,0.0488,1.000,0.0339,0.69
9855,replay,4000,0.0454,1.000,0.0339,0.69
9856,replay,4000,0.0750,1.000,0.0340,0.69
9857,replay,4000,0.0467,1.000,0.0339,0.69
9858,replay,4000,0.0602,1.000,0.0339,0.69
9859,es_step,4000,0.0186,1.000,0.0339,1.24
9860,replay,4000,-0.0341,1.000,0.0339,0.68
9861,replay,4000,0.0786,1.000,0.0339,0.69
9862,replay,4000,0.0861,1.000,0.0339,0.69
9863,es_step,4000,0.0390,1.000,0.0339,1.24
9864,replay,4000,0.0753,1.000,0.0339,0.69
9865,replay,4000,0.0592,1.000,0.0338,0.69
9866,replay,4000,0.0262,1.000,0.0338,0.69
9867,replay,4000,0.0245,1.000,0.0337,0.69
9868,replay,4000,0.0312,1.000,0.0336,0.69
9869,replay,4000,0.0147,1.000,0.0336,0.69
9870,replay,4000,0.0308,1.000,0.0335,0.69
9871,replay,4000,0.0499,1.000,0.0335,0.68
9872,replay,4000,0.0557,1.000,0.0335,0.69
9873,replay,4000,0.0851,1.000,0.0335,0.69
9874,replay,4000,0.0859,1.000,0.0337,0.69
9875,es_step,4000,0.0450,1.000,0.0337,1.24
9876,es_step,4000,0.0480,1.000,0.0337,1.23
9877,replay,4000,0.0799,1.000,0.0337,0.69
9878,replay,4000,0.0732,1.000,0.0339,0.69
9879,replay,4000,0.0213,1.000,0.0338,0.69
9880,replay,4000,0.0582,1.000,0.0339,0.70
9881,replay,4000,0.1086,1.000,0.0339,0.69
9882,es_step,4000,0.0654,1.000,0.0340,1.25
9883,replay,4000,0.0913,1.000,0.0340,0.69
9884,replay,4000,0.0930,1.000,0.0342,0.69
9885,replay,4000,0.0924,1.000,0.0343,0.69
9886,replay,4000,0.0800,1.000,0.0345,0.69
9887,replay,4000,0.0897,1.000,0.0345,0.69
9888,replay,4000,0.0671,1.000,0.0345,0.69
9889,replay,4000,0.0457,1.000,0.0347,0.69
9890,replay,4000,0.0427,1.000,0.0346,0.69
9891,replay,4000,0.0329,1.000,0.0345,0.69
9892,replay,4000,0.0443,1.000,0.0345,0.69
9893,replay,4000,0.0239,1.000,0.0345,0.69
9894,replay,4000,0.0307,1.000,0.0344,0.69
9895,replay,4000,0.0560,1.000,0.0345,0.69
9896,replay,4000,0.0540,1.000,0.0345,0.69
9897,replay,4000,0.0637,1.000,0.0345,0.70
9898,replay,4000,0.0544,1.000,0.0344,0.69
9899,es_step,4000,0.0366,1.000,0.0344,1.26
9900,replay,4000,0.0445,1.000,0.0344,0.69
9901,replay,4000,0.0625,1.000,0.0344,0.70
9902,replay,4000,0.0283,1.000,0.0343,0.69
9903,replay,4000,0.0565,1.000,0.0343,0.69
9904,replay,4000,0.0751,1.000,0.0344,0.69
9905,replay,4000,0.0839,1.000,0.0344,2.90
9906,replay,4000,0.0502,1.000,0.0344,0.69
9907,replay,4000,0.0807,1.000,0.0344,0.69
9908,replay,4000,0.0923,1.000,0.0345,0.69
9909,replay,4000,0.1067,1.000,0.0345,0.69
9910,replay,4000,0.0742,1.000,0.0346,0.69
9911,replay,4000,0.0669,1.000,0.0345,0.69
9912,replay,4000,0.0235,1.000,0.0344,0.70
9913,es_step,4000,0.0007,1.000,0.0344,1.26
9914,es_step,4000,-0.0079,1.000,0.0344,1.25
9915,replay,4000,-0.0026,1.000,0.0343,0.69
9916,replay,4000,-0.0020,1.000,0.0342,0.69
9917,replay,4000,0.0420,1.000,0.0341,0.69
9918,replay,4000,0.0379,1.000,0.0341,0.69
9919,replay,4000,0.0378,1.000,0.0341,0.69
9920,es_step,4000,0.0260,1.000,0.0341,1.25
9921,es_step,4000,0.0263,1.000,0.0341,1.24
9922,replay,4000,0.0415,1.000,0.0341,0.68
9923,es_step,4000,0.0343,1.000,0.0341,1.24
9924,replay,4000,0.0607,1.000,0.0341,0.69
9925,replay,4000,0.0545,1.000,0.0341,0.68
9926,replay,4000,0.0636,1.000,0.0341,0.68
9927,replay,4000,0.0606,1.000,0.0340,0.69
9928,replay,4000,0.0330,1.000,0.0340,0.68
9929,es_step,4000,0.0198,1.000,0.0340,1.23
9930,replay,4000,0.0285,1.000,0.0339,0.69
9931,replay,4000,0.0248,1.000,0.0339,0.69
9932,es_step,4000,0.0326,1.000,0.0339,1.24
9933,replay,4000,0.0364,1.000,0.0338,0.68
9934,replay,4000,0.0599,1.000,0.0339,0.69
9935,replay,4000,0.0648,1.000,0.0339,0.69
9936,replay,4000,0.0530,1.000,0.0339,0.69
9937,replay,4000,0.0606,1.000,0.0340,0.69
9938,es_step,4000,0.0428,1.000,0.0340,1.24
9939,replay,4000,0.0868,1.000,0.0340,0.69
9940,replay,4000,0.0785,1.000,0.0340,0.69
9941,replay,4000,0.0605,1.000,0.0340,0.69
9942,replay,4000,0.0466,1.000,0.0340,0.69
9943,replay,4000,0.0359,1.000,0.0339,0.69
9944,replay,4000,0.0284,1.000,0.0338,0.69
9945,replay,4000,0.0343,1.000,0.0338,0.69
9946,replay,4000,0.0217,1.000,0.0337,0.69
9947,replay,4000,0.0468,1.000,0.0336,0.69
9948,replay,4000,0.0459,1.000,0.0336,0.69
9949,replay,4000,0.0470,1.000,0.0336,0.69
9950,es_step,4000,0.0481,1.000,0.0336,1.24
9951,replay,4000,0.0756,1.000,0.0337,0.68
9952,replay,4000,0.0926,1.000,0.0337,0.69
9953,replay,4000,0.0895,1.000,0.0338,0.69
9954,replay,4000,0.0850,1.000,0.0338,0.69
9955,replay,4000,0.0769,1.000,0.0338,0.69
9956,replay,4000,0.0711,1.000,0.0339,0.70
9957,es_step,4000,0.0427,1.000,0.0339,1.25
9958,replay,4000,0.0955,1.000,0.0339,0.69
9959,replay,4000,0.0749,1.000,0.0340,0.69
9960,replay,4000,0.0862,1.000,0.0339,0.69
9961,es_step,4000,0.0225,1.000,0.0339,1.26
9962,replay,4000,0.0778,1.000,0.0339,0.69
9963,replay,4000,0.0711,1.000,0.0339,0.69
9964,replay,4000,0.0455,1.000,0.0339,0.69
9965,replay,4000,0.0625,1.000,0.0338,0.69
9966,es_step,4000,0.0312,0.875,0.0338,1.25
9967,replay,4000,0.0609,1.000,0.0339,0.69
9968,replay,4000,0.0891,1.000,0.0339,0.69
9969,es_step,4000,0.0362,1.000,0.0339,1.23
9970,es_step,4000,0.0357,1.000,0.0339,1.24
9971,replay,4000,0.0808,1.000,0.0339,0.69
9972,replay,4000,0.0828,1.000,0.0339,0.69
9973,replay,4000,0.0515,1.000,0.0339,0.69
9974,replay,4000,0.0782,1.000,0.0338,0.69
9975,es_step,4000,0.0192,1.000,0.0338,1.25
9976,replay,4000,0.0563,1.000,0.0338,0.68
9977,es_step,4000,0.0056,1.000,0.0338,1.23
9978,replay,4000,0.0207,1.000,0.0337,0.68
9979,replay,4000,0.0174,1.000,0.0336,0.68
9980,es_step,4000,0.0177,1.000,0.0336,1.23
9981,replay,4000,0.0272,1.000,0.0335,0.68
9982,replay,4000,0.0326,1.000,0.0335,0.68
9983,replay,4000,0.0546,1.000,0.0335,0.69
9984,es_step,4000,0.0501,1.000,0.0335,1.23
9985,replay,4000,0.0890,1.000,0.0336,0.68
9986,replay,4000,0.0786,1.000,0.0336,0.68
9987,replay,4000,0.0882,1.000,0.0337,0.69
9988,es_step,4000,0.0628,1.000,0.0337,1.24
9989,replay,4000,0.0826,1.000,0.0338,0.68
9990,replay,4000,0.0673,1.000,0.0338,0.69
9991,es_step,4000,0.0568,1.000,0.0339,1.25
9992,replay,4000,0.0732,1.000,0.0339,0.68
9993,replay,4000,0.0716,1.000,0.0341,0.67
9994,es_step,4000,0.0510,1.000,0.0341,1.22
9995,replay,4000,0.0790,1.000,0.0341,0.67
9996,replay,4000,0.0883,1.000,0.0341,0.68
9997,replay,4000,0.0787,1.000,0.0342,0.68
9998,es_step,4000,0.0609,1.000,0.0342,1.23
9999,es_step,4000,0.0492,1.000,0.0343,1.23
10000,replay,4000,0.0771,1.000,0.0343,0.71
10001,replay,4000,0.0699,1.000,0.0343,0.71
10002,replay,4000,0.0666,1.000,0.0343,0.71
10003,replay,4000,0.0640,1.000,0.0343,0.71
10004,replay,4000,0.0487,1.000,0.0343,0.71
10005,replay,4000,0.0492,1.000,0.0342,0.70
10006,replay,4000,0.0412,1.000,0.0342,0.71
10007,es_step,4000,0.0183,1.000,0.0342,1.28
10008,replay,4000,0.0451,1.000,0.0342,0.70
10009,replay,4000,0.0327,1.000,0.0341,0.70
10010,replay,4000,0.0390,1.000,0.0341,0.70
10011,replay,4000,0.0335,1.000,0.0340,0.70
10012,replay,4000,0.0654,1.000,0.0339,0.69
10013,replay,4000,0.0598,1.000,0.0339,0.69
10014,replay,4000,0.0487,1.000,0.0339,0.69
10015,replay,4000,0.0245,1.000,0.0338,0.69
10016,es_step,4000,0.0178,1.000,0.0338,1.26
10017,replay,4000,0.0348,1.000,0.0338,0.69
10018,replay,4000,0.0323,1.000,0.0338,0.69
10019,replay,4000,0.0367,1.000,0.0337,0.69
10020,es_step,4000,0.0241,1.000,0.0337,1.26
10021,replay,4000,0.0494,1.000,0.0337,0.70
10022,replay,4000,0.0292,1.000,0.0336,0.70
10023,replay,4000,0.0450,1.000,0.0336,0.70
10024,replay,4000,0.0505,1.000,0.0336,0.69
10025,replay,4000,0.0553,1.000,0.0336,0.69
10026,replay,4000,0.0388,1.000,0.0335,0.69
10027,replay,4000,0.0575,1.000,0.0335,0.69
10028,replay,4000,0.0485,1.000,0.0334,0.69
10029,es_step,4000,0.0298,1.000,0.0334,1.41
10030,replay,4000,0.0539,1.000,0.0334,0.69
10031,replay,4000,0.0514,1.000,0.0334,0.69
10032,replay,4000,0.0470,1.000,0.0334,0.69
10033,replay,4000,0.0613,1.000,0.0334,0.69
10034,replay,4000,0.0508,1.000,0.0333,0.69
10035,replay,4000,0.0574,1.000,0.0333,0.70
10036,replay,4000,0.0298,1.000,0.0333,0.70
10037,replay,4000,0.0642,1.000,0.0333,0.70
10038,es_step,4000,0.0539,1.000,0.0333,1.27
10039,replay,4000,0.0697,1.000,0.0333,0.70
10040,replay,4000,0.0709,1.000,0.0334,0.70
10041,replay,4000,0.0699,1.000,0.0334,0.70
10042,es_step,4000,0.0443,1.000,0.0334,1.27
10043,replay,4000,0.0594,1.000,0.0334,0.70
10044,replay,4000,0.0446,1.000,0.0334,0.70
10045,es_step,4000,0.0369,1.000,0.0334,1.27
10046,es_step,4000,0.0320,1.000,0.0334,1.27
10047,replay,4000,0.0292,1.000,0.0333,0.70
10048,es_step,4000,0.0219,1.000,0.0333,1.26
10049,replay,4000,0.0437,1.000,0.0333,0.70
10050,replay,4000,0.0274,1.000,0.0332,0.69
10051,replay,4000,0.0296,1.000,0.0332,0.70
10052,replay,4000,0.0405,1.000,0.0332,0.69
10053,replay,4000,0.0684,1.000,0.0332,0.69
10054,es_step,4000,0.0472,1.000,0.0332,1.25
10055,es_step,4000,0.0424,1.000,0.0332,1.24
10056,replay,4000,0.0623,1.000,0.0332,0.69
10057,replay,4000,0.0728,1.000,0.0332,0.69
10058,es_step,4000,0.0414,1.000,0.0332,1.26
10059,replay,4000,0.0651,1.000,0.0332,0.69
10060,replay,4000,0.0574,1.000,0.0332,0.69
10061,es_step,4000,0.0290,1.000,0.0332,1.24
10062,replay,4000,0.0399,1.000,0.0332,0.69
10063,replay,4000,0.0420,1.000,0.0331,0.69
10064,replay,4000,0.0363,1.000,0.0331,0.70
10065,es_step,4000,0.0300,1.000,0.0331,1.25
10066,es_step,4000,0.0285,1.000,0.0331,1.22
10067,replay,4000,0.0444,1.000,0.0332,0.66
10068,replay,4000,0.0462,1.000,0.0332,0.66
10069,es_step,4000,0.0388,1.000,0.0332,1.18
10070,replay,4000,0.0415,1.000,0.0331,0.65
10071,es_step,4000,0.0448,1.000,0.0331,1.17
10072,replay,4000,-0.0056,1.000,0.0331,0.65
10073,replay,4000,0.0964,1.000,0.0333,0.64
10074,replay,4000,0.0966,1.000,0.0334,0.65
10075,es_step,4000,0.0907,1.000,0.0338,1.20
10076,replay,4000,0.1000,1.000,0.0339,0.68
10077,es_step,4000,0.0843,1.000,0.0340,1.22
10078,replay,4000,0.1010,1.000,0.0341,0.68
10079,replay,4000,0.0784,1.000,0.0342,0.68
10080,replay,4000,0.0766,1.000,0.0343,0.69
10081,replay,4000,0.0624,1.000,0.0343,0.69
10082,es_step,4000,0.0432,1.000,0.0343,1.23
10083,replay,4000,0.0495,1.000,0.0344,0.69
10084,es_step,4000,0.0310,1.000,0.0344,1.22
10085,es_step,4000,0.0279,1.000,0.0344,1.22
10086,replay,4000,0.0437,1.000,0.0343,0.69
10087,replay,4000,0.0272,1.000,0.0342,0.68
10088,replay,4000,0.0299,1.000,0.0341,0.69
10089,replay,4000,0.0283,1.000,0.0340,0.70
10090,replay,4000,0.0160,1.000,0.0338,0.69
10091,replay,4000,0.0315,1.000,0.0337,0.69
10092,replay,4000,0.0288,1.000,0.0338,0.70
10093,replay,4000,0.0095,1.000,0.0335,0.70
10094,replay,4000,0.0258,1.000,0.0334,0.70
10095,replay,4000,0.0297,1.000,0.0333,0.70
10096,replay,4000,0.0343,1.000,0.0333,0.70
10097,replay,4000,0.0449,1.000,0.0332,0.70
10098,replay,4000,0.0362,1.000,0.0333,0.70
10099,replay,4000,0.0358,1.000,0.0332,0.69
10100,replay,4000,0.0165,1.000,0.0332,0.70
10101,replay,4000,0.0576,1.000,0.0331,0.70
10102,replay,4000,0.0326,1.000,0.0331,0.70
10103,replay,4000,0.0283,1.000,0.0330,0.69
10104,replay,4000,0.0388,1.000,0.0329,0.70
10105,replay,4000,0.0271,1.000,0.0329,0.70
10106,es_step,4000,0.0425,1.000,0.0329,1.27
10107,replay,4000,0.0421,1.000,0.0329,0.69
10108,replay,4000,0.0468,1.000,0.0331,0.70
10109,es_step,4000,0.0309,1.000,0.0331,1.26
10110,replay,4000,0.1478,1.000,0.0331,0.69
10111,replay,4000,0.1380,1.000,0.0330,0.70
10112,replay,4000,0.1085,1.000,0.0331,0.69
10113,replay,4000,0.0839,1.000,0.0333,0.69
10114,es_step,4000,0.0846,1.000,0.0337,1.27
10115,replay,4000,0.0848,1.000,0.0337,0.70
10116,replay,4000,0.1078,1.000,0.0338,0.69
10117,es_step,4000,0.0747,1.000,0.0339,1.27
10118,replay,4000,0.1178,1.000,0.0340,0.81
10119,replay,4000,0.1072,1.000,0.0340,0.69
10120,replay,4000,0.0741,1.000,0.0340,0.70
10121,replay,4000,0.0617,1.000,0.0339,0.70
10122,replay,4000,0.0480,1.000,0.0339,0.69
10123,replay,4000,0.0407,1.000,0.0338,0.69
10124,es_step,4000,0.0197,1.000,0.0338,1.27
10125,replay,4000,0.0172,1.000,0.0337,0.69
10126,replay,4000,0.0212,1.000,0.0336,0.70
10127,replay,4000,0.0482,1.000,0.0335,0.70
10128,replay,4000,0.0445,1.000,0.0337,0.70
10129,replay,4000,0.0428,1.000,0.0337,0.69
10130,es_step,4000,0.0470,1.000,0.0337,1.26
10131,replay,4000,-0.0335,1.000,0.0337,0.69
10132,replay,4000,0.0695,1.000,0.0337,0.69
10133,replay,4000,0.0932,1.000,0.0339,0.69
10134,replay,4000,0.0940,1.000,0.0339,0.69
10135,es_step,4000,0.0384,1.000,0.0339,1.26
10136,replay,4000,0.0671,1.000,0.0339,0.69
10137,replay,4000,0.0604,1.000,0.0338,0.70
10138,replay,4000,0.0139,1.000,0.0337,0.70
10139,replay,4000,0.0206,1.000,0.0336,0.70
10140,replay,4000,0.0464,1.000,0.0336,0.69
10141,replay,4000,0.0311,1.000,0.0335,0.70
10142,es_step,4000,0.0311,1.000,0.0335,1.26
10143,replay,4000,0.0331,1.000,0.0335,0.70
10144,replay,4000,0.0316,1.000,0.0334,0.70
10145,es_step,4000,0.0275,1.000,0.0334,1.26
10146,replay,4000,0.0265,1.000,0.0334,0.69
10147,replay,4000,0.0322,1.000,0.0334,0.69
10148,replay,4000,0.0589,1.000,0.0334,0.69
10149,replay,4000,0.0432,1.000,0.0333,0.69
10150,replay,4000,0.0474,1.000,0.0333,0.69
10151,replay,4000,0.0470,1.000,0.0333,0.70
10152,replay,4000,0.0593,1.000,0.0333,0.70
10153,replay,4000,0.0374,1.000,0.0333,0.70
10154,es_step,4000,0.0438,1.000,0.0333,1.26
10155,es_step,4000,0.0416,1.000,0.0333,1.25
10156,replay,4000,0.0620,1.000,0.0333,0.69
10157,replay,4000,0.0542,1.000,0.0333,0.69
10158,replay,4000,0.0537,1.000,0.0333,0.69
10159,replay,4000,0.0372,1.000,0.0332,0.69
10160,es_step,4000,0.0239,1.000,0.0332,1.24
10161,replay,4000,0.0330,1.000,0.0332,0.68
10162,es_step,4000,0.0236,1.000,0.0332,1.23
10163,replay,4000,0.0048,1.000,0.0329,0.68
10164,es_step,4000,0.0258,1.000,0.0329,1.24
10165,replay,4000,0.0437,1.000,0.0328,0.70
10166,replay,4000,0.0527,1.000,0.0328,0.70
10167,replay,4000,0.0600,1.000,0.0328,0.69
10168,replay,4000,0.0458,1.000,0.0329,0.69
10169,replay,4000,0.0555,1.000,0.0329,0.69
10170,replay,4000,0.0541,1.000,0.0329,0.69
10171,replay,4000,0.0481,1.000,0.0329,0.69
10172,es_step,4000,0.0281,1.000,0.0329,1.25
10173,replay,4000,0.0532,1.000,0.0328,0.69
10174,replay,4000,0.0367,1.000,0.0328,0.69
10175,replay,4000,0.0317,1.000,0.0329,0.69
10176,es_step,4000,0.0257,1.000,0.0329,1.25
10177,replay,4000,0.0266,1.000,0.0328,0.69
10178,replay,4000,0.0625,1.000,0.0329,0.69
10179,replay,4000,0.1296,1.000,0.0329,0.69
10180,replay,4000,0.1685,1.000,0.0330,0.70
10181,replay,4000,0.1411,1.000,0.0331,0.70
10182,replay,4000,0.1601,1.000,0.0332,0.70
10183,replay,4000,0.1569,1.000,0.0333,0.69
10184,replay,4000,0.1276,1.000,0.0334,0.70
10185,replay,4000,0.1290,1.000,0.0335,0.69
10186,es_step,4000,0.0676,0.938,0.0336,1.26
10187,replay,4000,0.1091,1.000,0.0337,0.69
10188,es_step,4000,0.0584,1.000,0.0338,1.24
10189,es_step,4000,0.0586,0.938,0.0338,1.23
10190,replay,4000,0.1036,1.000,0.0338,0.69
10191,replay,4000,0.1006,1.000,0.0339,0.69
10192,replay,4000,0.1028,1.000,0.0339,0.69
10193,replay,4000,0.0895,1.000,0.0339,0.69
10194,replay,4000,0.0563,1.000,0.0338,0.70
10195,es_step,4000,0.0236,1.000,0.0339,1.26
10196,es_step,4000,0.0089,1.000,0.0339,1.24
10197,replay,4000,0.0421,1.000,0.0338,0.69
10198,es_step,4000,0.0181,1.000,0.0338,1.24
10199,replay,4000,0.0704,1.000,0.0338,0.69
10200,replay,4000,0.0456,1.000,0.0337,0.69
10201,replay,4000,0.0368,1.000,0.0336,2.95
10202,replay,4000,0.0323,1.000,0.0336,0.69
10203,replay,4000,0.0287,1.000,0.0335,0.69
10204,replay,4000,0.0382,1.000,0.0334,0.69
10205,replay,4000,0.0165,1.000,0.0332,0.69
10206,replay,4000,0.0328,1.000,0.0331,0.70
10207,replay,4000,0.0333,1.000,0.0331,0.69
10208,replay,4000,0.0287,1.000,0.0330,0.69
10209,replay,4000,0.0638,1.000,0.0329,0.69
10210,replay,4000,0.0509,1.000,0.0329,0.69
10211,replay,4000,0.0678,1.000,0.0329,0.69
10212,replay,4000,0.0352,1.000,0.0329,0.69
10213,replay,4000,0.0416,1.000,0.0327,0.69
10214,es_step,4000,0.0232,1.000,0.0328,1.25
10215,replay,4000,0.0401,1.000,0.0327,0.69
10216,replay,4000,0.0482,1.000,0.0327,0.69
10217,es_step,4000,0.0354,1.000,0.0327,1.25
10218,replay,4000,0.0439,1.000,0.0327,0.69
10219,replay,4000,0.0480,1.000,0.0327,0.69
10220,es_step,4000,0.0317,1.000,0.0327,1.24
10221,replay,4000,0.0565,1.000,0.0326,0.68
10222,replay,4000,0.0361,1.000,0.0326,0.69
10223,replay,4000,0.0401,1.000,0.0326,0.69
10224,es_step,4000,0.0308,1.000,0.0326,1.24
10225,es_step,4000,0.0328,1.000,0.0326,1.24
10226,replay,4000,0.0115,1.000,0.0326,0.69
10227,replay,4000,0.0541,1.000,0.0326,0.69
10228,replay,4000,0.0636,1.000,0.0326,0.69
10229,replay,4000,0.0566,1.000,0.0327,0.70
10230,replay,4000,0.0940,1.000,0.0327,0.70
10231,replay,4000,0.0922,1.000,0.0328,0.69
10232,replay,4000,0.0782,1.000,0.0328,0.70
10233,replay,4000,-0.0551,1.000,0.0328,0.69
10234,replay,4000,0.0731,1.000,0.0329,0.70
10235,replay,4000,0.0697,1.000,0.0328,0.70
10236,replay,4000,0.0982,1.000,0.0330,0.70
10237,replay,4000,0.1187,1.000,0.0330,0.70
10238,replay,4000,0.1013,1.000,0.0331,0.70
10239,replay,4000,0.1005,1.000,0.0331,0.70
10240,replay,4000,0.0886,1.000,0.0332,0.70
10241,es_step,4000,0.0493,1.000,0.0332,1.27
10242,replay,4000,0.0725,1.000,0.0332,0.69
10243,replay,4000,0.0685,1.000,0.0332,0.70
10244,es_step,4000,0.0404,1.000,0.0332,1.27
10245,replay,4000,0.0602,1.000,0.0332,0.69
10246,replay,4000,0.0567,1.000,0.0332,0.69
10247,replay,4000,0.0661,1.000,0.0331,0.69
10248,replay,4000,0.0528,1.000,0.0331,0.70
10249,replay,4000,0.0720,1.000,0.0331,0.69
10250,replay,4000,0.0466,1.000,0.0331,0.69
10251,replay,4000,0.0308,1.000,0.0331,0.69
10252,es_step,4000,0.0612,1.000,0.0333,1.25
10253,replay,4000,0.0728,1.000,0.0334,0.69
10254,replay,4000,0.1082,1.000,0.0335,0.70
10255,replay,4000,0.1245,1.000,0.0337,0.70
10256,replay,4000,0.1491,1.000,0.0338,0.70
10257,es_step,4000,0.1077,1.000,0.0341,1.27
10258,replay,4000,0.1308,1.000,0.0343,0.69
10259,replay,4000,0.1190,1.000,0.0344,0.70
10260,es_step,4000,0.0826,1.000,0.0344,1.26
10261,replay,4000,0.1053,1.000,0.0345,0.69
10262,es_step,4000,0.0601,1.000,0.0345,1.25
10263,replay,4000,0.0768,1.000,0.0346,0.69
10264,replay,4000,0.0667,1.000,0.0345,0.69
10265,replay,4000,0.0568,1.000,0.0345,0.70
10266,replay,4000,0.0354,1.000,0.0344,0.71
10267,replay,4000,0.0346,1.000,0.0343,0.70
10268,replay,4000,0.0514,1.000,0.0343,0.70
10269,replay,4000,0.0320,1.000,0.0342,0.70
10270,replay,4000,0.0298,1.000,0.0341,0.70
10271,es_step,4000,0.0280,1.000,0.0341,1.26
10272,replay,4000,0.0428,1.000,0.0341,0.69
10273,replay,4000,0.0481,1.000,0.0342,0.69
10274,es_step,4000,0.0324,1.000,0.0342,1.25
10275,replay,4000,0.0426,1.000,0.0341,0.69
10276,replay,4000,0.0806,1.000,0.0341,0.69
10277,replay,4000,0.0779,1.000,0.0341,0.69
10278,replay,4000,0.0596,1.000,0.0340,0.69
10279,replay,4000,0.1056,1.000,0.0340,0.70
10280,replay,4000,0.0928,1.000,0.0341,0.69
10281,replay,4000,0.0709,1.000,0.0341,0.70
10282,replay,4000,0.0546,1.000,0.0340,0.70
10283,replay,4000,0.0436,1.000,0.0340,0.70
10284,replay,4000,0.0252,1.000,0.0339,0.70
10285,es_step,4000,0.0270,1.000,0.0339,1.27
10286,replay,4000,0.0319,1.000,0.0339,0.69
10287,replay,4000,0.0453,1.000,0.0338,0.70
10288,replay,4000,0.0347,1.000,0.0338,0.70
10289,replay,4000,0.0401,1.000,0.0337,0.70
10290,es_step,4000,0.0369,1.000,0.0338,1.27
10291,replay,4000,0.0534,1.000,0.0338,0.69
10292,replay,4000,0.0374,1.000,0.0337,0.69
10293,es_step,4000,0.0333,1.000,0.0337,1.27
10294,replay,4000,0.0308,1.000,0.0337,0.70
10295,es_step,4000,0.0307,1.000,0.0337,1.26
10296,replay,4000,0.0425,1.000,0.0337,0.69
10297,replay,4000,0.0521,1.000,0.0336,0.69
10298,es_step,4000,0.0358,1.000,0.0336,1.26
10299,replay,4000,0.0445,1.000,0.0336,0.70
10300,replay,4000,0.0388,1.000,0.0335,0.70
10301,replay,4000,0.0551,1.000,0.0335,0.70
10302,replay,4000,0.0291,1.000,0.0335,0.70
10303,replay,4000,0.0412,1.000,0.0335,0.69
10304,replay,4000,0.0358,1.000,0.0334,0.70
10305,replay,4000,0.0435,1.000,0.0334,0.70
10306,replay,4000,0.0511,1.000,0.0334,0.70
10307,replay,4000,0.0359,1.000,0.0334,0.70
10308,replay,4000,0.0650,1.000,0.0335,0.70
10309,replay,4000,0.0467,1.000,0.0335,0.70
10310,replay,4000,0.0715,1.000,0.0335,0.70
10311,replay,4000,0.0762,1.000,0.0336,0.70
10312,es_step,4000,0.0301,1.000,0.0336,1.27
10313,replay,4000,0.0551,1.000,0.0336,0.69
10314,replay,4000,0.0639,1.000,0.0336,0.70
10315,replay,4000,0.0593,1.000,0.0336,0.70
10316,replay,4000,0.0487,1.000,0.0336,0.70
10317,replay,4000,0.0568,1.000,0.0336,0.70
10318,replay,4000,0.0415,1.000,0.0336,0.70
10319,replay,4000,0.0514,1.000,0.0335,0.70
10320,replay,4000,0.0614,1.000,0.0335,0.70
10321,replay,4000,0.0578,1.000,0.0335,0.70
10322,replay,4000,0.0313,1.000,0.0334,0.70
10323,replay,4000,0.0534,1.000,0.0334,0.70
10324,replay,4000,0.0478,1.000,0.0335,0.70
10325,replay,4000,0.0720,1.000,0.0334,0.70
10326,replay,4000,0.0552,1.000,0.0334,0.70
10327,replay,4000,0.0551,1.000,0.0334,0.70
10328,replay,4000,0.0644,1.000,0.0334,0.70
10329,replay,4000,0.0633,1.000,0.0334,0.70
10330,replay,4000,0.0554,1.000,0.0334,0.70
10331,es_step,4000,0.0214,1.000,0.0334,1.27
10332,replay,4000,0.0482,1.000,0.0334,0.70
10333,replay,4000,0.0347,1.000,0.0334,0.70
10334,replay,4000,0.0507,1.000,0.0333,0.70
10335,es_step,4000,0.0210,1.000,0.0333,1.27
10336,replay,4000,0.0701,1.000,0.0333,0.70
10337,es_step,4000,0.0252,1.000,0.0333,1.27
10338,replay,4000,0.0677,1.000,0.0333,0.70
10339,es_step,4000,0.0237,1.000,0.0333,1.27
10340,replay,4000,0.0569,1.000,0.0332,0.70
10341,replay,4000,0.0537,1.000,0.0332,0.70
10342,replay,4000,0.0390,1.000,0.0332,0.70
10343,replay,4000,0.0546,1.000,0.0332,0.71
10344,replay,4000,0.0554,1.000,0.0332,0.70
10345,replay,4000,0.0367,1.000,0.0331,0.70
10346,replay,4000,0.0512,1.000,0.0331,0.70
10347,replay,4000,0.0406,1.000,0.0331,0.70
10348,replay,4000,0.0411,1.000,0.0331,0.70
10349,replay,4000,0.0297,1.000,0.0330,0.70
10350,es_step,4000,0.0233,1.000,0.0330,1.26
10351,es_step,4000,0.0183,1.000,0.0330,1.26
10352,replay,4000,0.0482,1.000,0.0330,0.69
10353,replay,4000,0.0562,1.000,0.0330,0.69
10354,replay,4000,0.0397,1.000,0.0330,0.69
10355,replay,4000,0.0582,1.000,0.0330,0.69
10356,replay,4000,0.0574,1.000,0.0330,0.69
10357,replay,4000,0.0488,1.000,0.0330,0.70
10358,es_step,4000,0.0259,1.000,0.0330,1.26
10359,es_step,4000,0.0363,1.000,0.0330,1.25
10360,replay,4000,0.0717,1.000,0.0330,0.69
10361,es_step,4000,0.0380,1.000,0.0330,1.25
10362,es_step,4000,0.0252,1.000,0.0330,1.25
10363,replay,4000,0.0741,1.000,0.0330,0.69
10364,replay,4000,0.0583,1.000,0.0330,0.68
10365,replay,4000,0.0462,1.000,0.0329,0.69
10366,replay,4000,0.0136,1.000,0.0328,0.70
10367,replay,4000,0.0328,1.000,0.0328,0.70
10368,es_step,4000,0.0181,1.000,0.0328,1.27
10369,replay,4000,0.0252,1.000,0.0327,0.69
10370,replay,4000,0.0505,1.000,0.0327,0.69
10371,replay,4000,0.0541,1.000,0.0327,0.69
10372,replay,4000,0.0666,1.000,0.0327,0.69
10373,replay,4000,0.0595,1.000,0.0328,0.70
10374,replay,4000,0.0573,1.000,0.0328,0.69
10375,es_step,4000,0.0427,1.000,0.0328,1.26
10376,replay,4000,0.0633,1.000,0.0328,0.69
10377,replay,4000,0.0436,1.000,0.0328,0.69
10378,replay,4000,0.0461,1.000,0.0328,0.70
10379,es_step,4000,0.0364,0.875,0.0328,1.25
10380,replay,4000,0.0478,1.000,0.0328,0.69
10381,replay,4000,0.0347,1.000,0.0328,0.69
10382,replay,4000,0.0480,1.000,0.0328,0.69
10383,es_step,4000,0.0289,0.938,0.0328,1.26
10384,es_step,4000,0.0371,1.000,0.0328,1.25
10385,replay,4000,0.0559,1.000,0.0328,0.69
10386,replay,4000,0.0508,1.000,0.0327,0.69
10387,replay,4000,0.0584,1.000,0.0327,0.69
10388,replay,4000,0.0542,1.000,0.0327,0.69
10389,replay,4000,0.0330,1.000,0.0327,0.70
10390,es_step,4000,0.0097,1.000,0.0327,1.26
10391,replay,4000,0.0107,1.000,0.0326,0.69
10392,replay,4000,0.0473,1.000,0.0326,0.69
10393,es_step,4000,-0.0009,1.000,0.0326,1.25
10394,replay,4000,0.0182,1.000,0.0325,0.69
10395,replay,4000,0.0261,1.000,0.0324,0.69
10396,replay,4000,0.0377,1.000,0.0324,0.69
10397,replay,4000,0.0496,1.000,0.0324,0.69
10398,replay,4000,0.0474,1.000,0.0323,0.69
10399,replay,4000,0.0530,1.000,0.0323,0.70
10400,replay,4000,0.0455,1.000,0.0323,0.69
10401,es_step,4000,0.0329,0.938,0.0323,1.27
10402,replay,4000,0.0378,1.000,0.0323,0.70
10403,replay,4000,0.0537,1.000,0.0323,0.70
10404,replay,4000,0.0603,1.000,0.0323,0.70
10405,es_step,4000,0.0288,1.000,0.0323,1.27
10406,es_step,4000,0.0205,1.000,0.0323,1.26
10407,es_step,4000,0.0197,1.000,0.0323,1.24
10408,replay,4000,0.0547,1.000,0.0323,0.69
10409,es_step,4000,0.0206,1.000,0.0323,1.23
10410,es_step,4000,0.0150,1.000,0.0323,1.23
10411,es_step,4000,0.0225,0.812,0.0323,1.77
10412,replay,4000,0.0450,1.000,0.0323,0.75
10413,replay,4000,0.0269,1.000,0.0322,0.74
10414,replay,4000,0.0184,1.000,0.0321,0.73
10415,replay,4000,0.0329,1.000,0.0321,0.73
10416,replay,4000,0.0507,1.000,0.0320,0.73
10417,es_step,4000,0.0306,0.938,0.0321,1.33
10418,replay,4000,0.0407,1.000,0.0320,0.72
10419,replay,4000,0.0182,1.000,0.0320,0.72
10420,replay,4000,0.0713,1.000,0.0320,0.72
10421,replay,4000,0.0785,1.000,0.0321,0.72
10422,replay,4000,0.0702,1.000,0.0321,0.72
10423,replay,4000,0.0608,1.000,0.0321,0.71
10424,replay,4000,0.0569,1.000,0.0321,0.71
10425,replay,4000,0.0327,1.000,0.0321,0.71
10426,es_step,4000,0.0357,1.000,0.0321,1.31
10427,replay,4000,0.0328,1.000,0.0321,0.71
10428,replay,4000,0.0448,1.000,0.0320,0.71
10429,replay,4000,0.0557,1.000,0.0320,0.71
10430,replay,4000,0.0651,1.000,0.0321,0.71
10431,replay,4000,0.0697,1.000,0.0321,0.71
10432,replay,4000,0.0689,1.000,0.0321,0.70
10433,replay,4000,0.0619,1.000,0.0322,0.71
10434,replay,4000,0.0572,1.000,0.0321,0.71
10435,replay,4000,0.0503,1.000,0.0321,0.70
10436,replay,4000,0.0552,1.000,0.0321,0.71
10437,es_step,4000,0.0323,1.000,0.0321,1.28
10438,replay,4000,0.0406,1.000,0.0321,0.70
10439,replay,4000,0.0512,1.000,0.0321,0.71
10440,replay,4000,0.0626,1.000,0.0321,0.71
10441,es_step,4000,0.0531,1.000,0.0321,1.28
10442,replay,4000,0.0640,1.000,0.0321,0.70
10443,replay,4000,0.0681,1.000,0.0321,0.70
10444,es_step,4000,0.0378,0.938,0.0321,1.27
10445,es_step,4000,0.0400,1.000,0.0322,1.27
10446,replay,4000,0.0613,1.000,0.0321,0.70
10447,replay,4000,0.0782,1.000,0.0322,0.70
10448,replay,4000,0.0637,1.000,0.0321,0.71
10449,es_step,4000,0.0314,1.000,0.0321,1.28
10450,replay,4000,0.0548,1.000,0.0321,0.70
10451,replay,4000,0.0553,1.000,0.0321,0.70
10452,replay,4000,0.0577,1.000,0.0320,0.70
10453,es_step,4000,0.0284,1.000,0.0320,1.28
10454,replay,4000,0.0448,1.000,0.0320,0.70
10455,replay,4000,0.0611,1.000,0.0320,0.70
10456,replay,4000,0.0627,1.000,0.0320,0.70
10457,replay,4000,0.0603,1.000,0.0320,0.70
10458,es_step,4000,0.0460,0.875,0.0320,1.27
10459,replay,4000,0.0765,1.000,0.0320,0.69
10460,replay,4000,0.0989,1.000,0.0320,0.69
10461,replay,4000,0.0932,1.000,0.0321,0.70
10462,replay,4000,0.1160,1.000,0.0322,0.70
10463,replay,4000,0.1282,1.000,0.0324,0.69
10464,replay,4000,0.1120,1.000,0.0325,0.70
10465,replay,4000,0.1128,1.000,0.0327,0.70
10466,es_step,4000,0.0827,0.875,0.0329,1.27
10467,replay,4000,0.0975,1.000,0.0330,0.70
10468,replay,4000,0.0986,1.000,0.0331,0.70
10469,replay,4000,0.0722,1.000,0.0331,0.70
10470,es_step,4000,0.0551,0.938,0.0331,1.27
10471,replay,4000,0.0732,1.000,0.0332,0.69
10472,replay,4000,0.0644,1.000,0.0331,0.69
10473,replay,4000,0.0500,1.000,0.0331,0.69
10474,es_step,4000,0.0401,1.000,0.0331,1.26
10475,replay,4000,0.0202,1.000,0.0331,0.69
10476,replay,4000,0.0521,1.000,0.0331,0.69
10477,replay,4000,0.0719,1.000,0.0331,0.69
10478,replay,4000,0.0849,1.000,0.0332,0.69
10479,replay,4000,0.0802,1.000,0.0332,0.70
10480,replay,4000,0.1032,1.000,0.0332,0.70
10481,replay,4000,0.0790,1.000,0.0332,0.70
10482,replay,4000,0.0616,1.000,0.0332,0.70
10483,replay,4000,0.0612,1.000,0.0332,0.70
10484,replay,4000,0.0249,1.000,0.0331,0.70
10485,replay,4000,0.0343,1.000,0.0330,0.70
10486,replay,4000,0.0875,1.000,0.0330,0.70
10487,replay,4000,0.0345,1.000,0.0329,0.70
10488,replay,4000,0.0569,1.000,0.0328,0.73
10489,replay,4000,0.0477,1.000,0.0329,0.72
10490,replay,4000,0.0432,1.000,0.0328,0.71
10491,es_step,4000,0.0528,1.000,0.0329,1.26
10492,es_step,4000,0.0499,1.000,0.0329,1.26
10493,replay,4000,0.0478,1.000,0.0329,0.69
10494,replay,4000,0.0758,1.000,0.0329,0.70
10495,replay,4000,0.0519,1.000,0.0329,0.70
10496,replay,4000,0.0802,1.000,0.0329,0.71
10497,es_step,4000,0.0697,1.000,0.0331,1.33
10498,replay,4000,0.0735,1.000,0.0331,0.69
10499,replay,4000,0.0908,1.000,0.0332,0.70
10500,replay,4000,0.0952,1.000,0.0333,0.70
10501,replay,4000,0.1027,1.000,0.0333,0.71
10502,replay,4000,0.0842,1.000,0.0334,0.70
10503,replay,4000,0.0963,1.000,0.0335,0.70
10504,replay,4000,0.0923,1.000,0.0336,0.70
10505,replay,4000,0.0799,1.000,0.0336,0.70
10506,replay,4000,0.0634,1.000,0.0336,0.70
10507,replay,4000,0.0456,1.000,0.0336,0.70
10508,replay,4000,0.0293,1.000,0.0335,0.70
10509,replay,4000,0.0434,1.000,0.0335,0.69
10510,es_step,4000,0.0317,1.000,0.0335,1.27
10511,replay,4000,0.0513,1.000,0.0334,0.69
10512,replay,4000,0.0499,1.000,0.0334,0.70
10513,replay,4000,0.0391,1.000,0.0335,2.91
10514,replay,4000,0.0547,1.000,0.0334,0.70
10515,replay,4000,0.0413,1.000,0.0334,0.70
10516,es_step,4000,0.0311,0.938,0.0334,1.30
10517,replay,4000,0.0375,1.000,0.0334,0.70
10518,replay,4000,0.0271,1.000,0.0333,0.70
10519,es_step,4000,0.0263,0.938,0.0333,1.26
10520,es_step,4000,0.0263,0.875,0.0333,1.26
10521,replay,4000,0.0389,1.000,0.0333,0.69
10522,replay,4000,0.0484,1.000,0.0333,0.69
10523,es_step,4000,0.0256,0.938,0.0333,1.26
10524,replay,4000,0.0389,1.000,0.0332,0.69
10525,replay,4000,0.0495,1.000,0.0332,0.69
10526,replay,4000,0.0383,1.000,0.0332,0.69
10527,es_step,4000,0.0411,1.000,0.0332,1.26
10528,replay,4000,0.0420,1.000,0.0332,0.70
10529,replay,4000,0.0477,1.000,0.0332,0.69
10530,replay,4000,0.0463,1.000,0.0332,0.70
10531,replay,4000,0.0254,1.000,0.0331,0.70
10532,es_step,4000,0.0156,1.000,0.0331,1.27
10533,replay,4000,0.0444,1.000,0.0331,0.70
10534,replay,4000,0.0274,1.000,0.0330,0.70
10535,replay,4000,0.0255,1.000,0.0329,0.70
10536,replay,4000,0.0317,1.000,0.0329,0.70
10537,replay,4000,0.0168,1.000,0.0328,0.70
10538,replay,4000,0.0462,1.000,0.0328,0.70
10539,replay,4000,0.0849,1.000,0.0327,0.70
10540,replay,4000,0.0481,1.000,0.0327,0.70
10541,replay,4000,0.0743,1.000,0.0327,0.70
10542,es_step,4000,0.0604,1.000,0.0328,1.27
10543,replay,4000,0.0806,1.000,0.0328,0.70
10544,replay,4000,0.0732,1.000,0.0329,0.70
10545,replay,4000,0.0753,1.000,0.0330,0.70
10546,replay,4000,0.0689,1.000,0.0330,0.70
10547,es_step,4000,0.0443,1.000,0.0331,1.27
10548,replay,4000,0.0623,1.000,0.0331,0.70
10549,es_step,4000,0.0270,1.000,0.0331,1.27
10550,replay,4000,0.0545,1.000,0.0331,0.69
10551,es_step,4000,0.0297,1.000,0.0331,1.25
10552,replay,4000,0.0763,1.000,0.0332,0.69
10553,replay,4000,0.0715,1.000,0.0332,0.70
10554,replay,4000,0.0686,1.000,0.0333,0.70
10555,replay,4000,0.0584,1.000,0.0332,0.70
10556,replay,4000,0.0328,1.000,0.0332,0.70
10557,replay,4000,0.0181,1.000,0.0331,0.70
10558,replay,4000,0.0111,1.000,0.0330,0.71
10559,replay,4000,0.0356,1.000,0.0329,0.70
10560,replay,4000,0.0279,1.000,0.0328,0.70
10561,replay,4000,0.0405,1.000,0.0328,0.70
10562,replay,4000,0.0299,1.000,0.0327,0.70
10563,replay,4000,0.0381,1.000,0.0327,0.70
10564,replay,4000,0.0451,1.000,0.0326,0.69
10565,es_step,4000,0.0168,1.000,0.0326,1.27
10566,es_step,4000,0.0147,1.000,0.0326,1.26
10567,replay,4000,0.0381,1.000,0.0326,0.69
10568,replay,4000,0.0253,1.000,0.0326,0.69
10569,es_step,4000,0.0227,1.000,0.0326,1.26
10570,replay,4000,0.0569,1.000,0.0326,0.69
10571,replay,4000,0.0412,1.000,0.0326,0.69
10572,es_step,4000,0.0253,1.000,0.0326,1.25
10573,replay,4000,0.0354,1.000,0.0325,0.69
10574,replay,4000,0.0402,1.000,0.0325,0.69
10575,replay,4000,0.0385,1.000,0.0325,0.69
10576,es_step,4000,0.0192,1.000,0.0325,1.25
10577,es_step,4000,0.0110,1.000,0.0325,1.26
10578,es_step,4000,0.0146,1.000,0.0325,1.24
10579,replay,4000,0.0432,1.000,0.0324,0.69
10580,replay,4000,0.0320,1.000,0.0324,0.69
10581,replay,4000,0.0355,1.000,0.0324,0.69
10582,replay,4000,0.0417,1.000,0.0324,0.69
10583,replay,4000,0.0659,1.000,0.0323,0.69
10584,es_step,4000,0.0204,1.000,0.0323,1.25
10585,replay,4000,0.0617,1.000,0.0323,0.69
10586,es_step,4000,0.0101,1.000,0.0323,1.25
10587,replay,4000,0.0515,1.000,0.0324,0.69
10588,replay,4000,0.0632,1.000,0.0324,0.70
10589,replay,4000,0.0638,1.000,0.0323,0.69
10590,replay,4000,0.0499,1.000,0.0323,0.69
10591,replay,4000,0.0268,1.000,0.0321,0.70
10592,es_step,4000,0.0276,1.000,0.0321,1.25
10593,replay,4000,0.0444,1.000,0.0321,0.69
10594,es_step,4000,0.0305,1.000,0.0321,1.25
10595,replay,4000,0.0461,1.000,0.0321,0.70
10596,es_step,4000,0.0203,1.000,0.0321,1.24
10597,replay,4000,0.0205,1.000,0.0321,0.68
10598,replay,4000,0.0397,1.000,0.0320,0.69
10599,es_step,4000,0.0110,1.000,0.0320,1.24
10600,replay,4000,0.0394,1.000,0.0320,0.69
10601,replay,4000,0.0352,1.000,0.0319,0.70
10602,es_step,4000,0.0176,1.000,0.0319,1.25
10603,replay,4000,0.0308,1.000,0.0319,0.69
10604,es_step,4000,0.0227,1.000,0.0319,1.27
10605,replay,4000,0.0353,1.000,0.0318,0.70
10606,replay,4000,0.0116,1.000,0.0317,0.70
10607,replay,4000,0.0283,1.000,0.0316,0.70
10608,replay,4000,0.0521,1.000,0.0316,0.70
10609,replay,4000,0.0582,1.000,0.0316,0.70
10610,replay,4000,0.0508,1.000,0.0317,0.70
10611,replay,4000,0.0432,1.000,0.0316,0.70
10612,replay,4000,0.0343,1.000,0.0316,0.70
10613,es_step,4000,0.0336,1.000,0.0316,1.26
10614,es_step,4000,0.0186,1.000,0.0317,1.26
10615,replay,4000,0.0570,1.000,0.0316,0.70
10616,replay,4000,0.0536,1.000,0.0316,0.70
10617,es_step,4000,0.0224,1.000,0.0316,1.25
10618,replay,4000,0.0434,1.000,0.0316,0.70
10619,replay,4000,0.0487,1.000,0.0316,0.70
10620,replay,4000,0.0251,1.000,0.0316,0.70
10621,replay,4000,0.0346,1.000,0.0316,0.70
10622,es_step,4000,0.0175,1.000,0.0316,1.27
10623,replay,4000,0.0390,1.000,0.0315,0.70
10624,replay,4000,0.0653,1.000,0.0316,0.70
10625,replay,4000,0.0669,1.000,0.0316,0.70
10626,replay,4000,0.0635,1.000,0.0317,0.70
10627,replay,4000,0.0567,1.000,0.0317,0.70
10628,replay,4000,0.0369,1.000,0.0315,0.70
10629,es_step,4000,0.0135,1.000,0.0315,1.28
10630,replay,4000,0.0422,1.000,0.0315,0.70
10631,replay,4000,0.0120,1.000,0.0314,0.70
10632,replay,4000,0.0307,1.000,0.0315,0.71
10633,es_step,4000,0.0377,1.000,0.0315,1.29
10634,replay,4000,0.0256,1.000,0.0314,0.70
10635,replay,4000,0.0666,1.000,0.0314,0.70
10636,replay,4000,0.0640,1.000,0.0315,0.70
10637,replay,4000,0.0742,1.000,0.0315,0.70
10638,replay,4000,0.0742,1.000,0.0316,0.70
10639,es_step,4000,0.0517,1.000,0.0316,1.27
10640,es_step,4000,0.0603,1.000,0.0317,1.26
10641,replay,4000,0.0689,1.000,0.0318,0.69
10642,es_step,4000,0.0455,1.000,0.0318,1.25
10643,replay,4000,0.0592,1.000,0.0318,0.69
10644,replay,4000,0.0432,1.000,0.0318,0.69
10645,es_step,4000,0.0107,1.000,0.0318,1.25
10646,es_step,4000,0.0139,1.000,0.0318,1.25
10647,replay,4000,0.0255,1.000,0.0317,0.70
10648,replay,4000,0.0145,1.000,0.0316,0.70
10649,es_step,4000,0.0188,1.000,0.0316,1.25
10650,replay,4000,0.0173,1.000,0.0315,0.69
10651,replay,4000,0.0232,1.000,0.0316,0.69
10652,replay,4000,0.0347,1.000,0.0315,0.69
10653,replay,4000,0.0366,1.000,0.0315,0.70
10654,es_step,4000,0.0146,1.000,0.0315,1.26
10655,replay,4000,0.0596,1.000,0.0314,0.69
10656,replay,4000,0.0547,1.000,0.0314,0.69
10657,replay,4000,0.0417,1.000,0.0315,0.69
10658,replay,4000,0.0395,1.000,0.0313,0.69
10659,replay,4000,0.0572,1.000,0.0314,0.69
10660,replay,4000,0.0760,1.000,0.0314,0.69
10661,replay,4000,0.0577,1.000,0.0314,0.69
10662,replay,4000,0.0721,1.000,0.0315,0.70
10663,replay,4000,0.0719,1.000,0.0315,0.70
10664,replay,4000,0.0815,1.000,0.0316,0.70
10665,replay,4000,0.0805,1.000,0.0318,0.70
10666,es_step,4000,0.0415,1.000,0.0318,1.26
10667,replay,4000,0.0717,1.000,0.0318,0.69
10668,replay,4000,0.0624,1.000,0.0318,0.69
10669,replay,4000,0.0632,1.000,0.0318,0.70
10670,replay,4000,0.0308,1.000,0.0316,0.70
10671,es_step,4000,0.0293,1.000,0.0316,1.26
10672,replay,4000,0.0495,1.000,0.0316,0.69
10673,replay,4000,0.0445,1.000,0.0315,0.69
10674,replay,4000,0.0433,1.000,0.0315,0.69
10675,replay,4000,0.0506,1.000,0.0315,0.69
10676,replay,4000,0.0520,1.000,0.0315,0.69
10677,replay,4000,0.0382,1.000,0.0315,0.69
10678,replay,4000,0.0532,1.000,0.0315,0.69
10679,replay,4000,0.0408,1.000,0.0315,0.70
10680,replay,4000,0.0412,1.000,0.0314,0.70
10681,replay,4000,0.0314,1.000,0.0314,0.70
10682,es_step,4000,0.0259,1.000,0.0314,1.25
10683,es_step,4000,0.0257,1.000,0.0314,1.25
10684,replay,4000,0.0361,1.000,0.0314,0.69
10685,replay,4000,0.0398,1.000,0.0313,0.69
10686,replay,4000,0.0325,1.000,0.0312,0.69
10687,es_step,4000,0.0301,1.000,0.0312,1.24
10688,replay,4000,0.0329,1.000,0.0312,0.69
10689,replay,4000,0.0441,1.000,0.0312,0.69
10690,es_step,4000,0.0267,1.000,0.0312,1.26
10691,es_step,4000,0.0337,1.000,0.0312,1.26
10692,replay,4000,0.0479,1.000,0.0312,0.70
10693,replay,4000,0.0516,1.000,0.0312,0.70
10694,replay,4000,0.0349,1.000,0.0312,0.70
10695,replay,4000,0.0286,1.000,0.0312,0.70
10696,es_step,4000,0.0237,1.000,0.0312,1.27
10697,replay,4000,0.0392,1.000,0.0312,0.69
10698,replay,4000,0.0943,1.000,0.0312,0.70
10699,replay,4000,0.0527,1.000,0.0311,0.70
10700,replay,4000,0.0521,1.000,0.0312,0.70
10701,replay,4000,0.0608,1.000,0.0312,0.70
10702,es_step,4000,0.0434,1.000,0.0312,1.26
10703,replay,4000,0.0515,1.000,0.0312,0.69
10704,replay,4000,0.0578,1.000,0.0312,0.70
10705,es_step,4000,0.0258,1.000,0.0312,1.27
10706,replay,4000,0.0423,1.000,0.0312,0.69
10707,replay,4000,0.0509,1.000,0.0312,0.70
10708,es_step,4000,0.0305,1.000,0.0313,1.26
10709,replay,4000,0.0785,1.000,0.0313,0.69
10710,replay,4000,0.0431,1.000,0.0313,0.69
10711,replay,4000,0.0909,1.000,0.0313,0.70
10712,replay,4000,0.0983,1.000,0.0314,0.69
10713,replay,4000,0.1030,1.000,0.0315,0.69
10714,replay,4000,0.0829,1.000,0.0316,0.70
10715,replay,4000,0.0713,1.000,0.0316,0.70
10716,replay,4000,0.0596,1.000,0.0316,0.70
10717,replay,4000,0.0511,1.000,0.0316,0.70
10718,es_step,4000,0.0403,1.000,0.0317,1.25
10719,replay,4000,0.0502,1.000,0.0317,0.70
10720,replay,4000,0.0469,1.000,0.0316,0.69
10721,replay,4000,0.0565,1.000,0.0316,0.71
10722,replay,4000,0.0626,1.000,0.0316,0.70
10723,es_step,4000,0.0354,1.000,0.0316,1.25
10724,replay,4000,0.0555,1.000,0.0316,0.69
10725,replay,4000,0.0335,1.000,0.0316,0.69
10726,replay,4000,0.0265,1.000,0.0315,0.69
10727,replay,4000,0.0526,1.000,0.0315,0.70
10728,replay,4000,0.0404,1.000,0.0315,0.70
10729,replay,4000,0.0369,1.000,0.0315,0.70
10730,replay,4000,0.0240,1.000,0.0314,0.70
10731,replay,4000,0.0577,1.000,0.0314,0.70
10732,replay,4000,0.0859,1.000,0.0314,0.70
10733,es_step,4000,0.0459,1.000,0.0314,1.27
10734,replay,4000,0.0972,1.000,0.0314,0.70
10735,replay,4000,0.0877,1.000,0.0315,0.69
10736,replay,4000,0.0968,1.000,0.0315,0.70
10737,es_step,4000,0.0492,1.000,0.0315,1.26
10738,replay,4000,0.0820,1.000,0.0316,0.69
10739,replay,4000,0.0660,1.000,0.0316,0.69
10740,replay,4000,0.0456,1.000,0.0316,0.70
10741,es_step,4000,0.0300,1.000,0.0316,1.27
10742,replay,4000,0.0524,1.000,0.0316,0.70
10743,es_step,4000,0.0333,1.000,0.0316,1.25
10744,replay,4000,0.0634,1.000,0.0316,0.69
10745,replay,4000,0.0563,1.000,0.0316,0.70
10746,es_step,4000,0.0224,1.000,0.0316,1.26
10747,es_step,4000,0.0161,1.000,0.0316,1.25
10748,replay,4000,0.0413,1.000,0.0316,0.69
10749,replay,4000,0.0566,1.000,0.0316,0.69
10750,replay,4000,0.0565,1.000,0.0316,0.69
10751,replay,4000,0.0535,1.000,0.0316,0.69
10752,replay,4000,0.0351,1.000,0.0316,0.69
10753,replay,4000,0.0253,1.000,0.0315,0.70
10754,replay,4000,0.0295,1.000,0.0315,0.70
10755,replay,4000,0.0320,1.000,0.0314,0.70
10756,es_step,4000,0.0008,1.000,0.0314,1.26
10757,replay,4000,0.0333,1.000,0.0313,0.70
10758,replay,4000,0.0277,1.000,0.0313,0.70
10759,es_step,4000,0.0178,1.000,0.0313,1.25
10760,replay,4000,0.0462,1.000,0.0313,0.69
10761,replay,4000,0.0407,1.000,0.0313,0.70
10762,replay,4000,0.0650,1.000,0.0314,0.70
10763,replay,4000,0.0719,1.000,0.0314,0.70
10764,replay,4000,0.0582,1.000,0.0315,0.70
10765,replay,4000,0.0553,1.000,0.0315,0.70
10766,replay,4000,0.0580,1.000,0.0315,0.70
10767,replay,4000,0.0476,1.000,0.0315,0.70
10768,es_step,4000,0.0263,1.000,0.0315,1.27
10769,es_step,4000,0.0196,1.000,0.0315,1.40
10770,replay,4000,0.0528,1.000,0.0315,0.70
10771,replay,4000,0.0379,1.000,0.0315,0.70
10772,replay,4000,0.0478,1.000,0.0315,0.70
10773,replay,4000,0.0855,1.000,0.0315,0.70
10774,replay,4000,0.0693,1.000,0.0315,0.70
10775,replay,4000,0.0641,1.000,0.0316,0.70
10776,replay,4000,0.0688,1.000,0.0316,0.77
10777,es_step,4000,0.0301,1.000,0.0316,1.26
10778,replay,4000,0.0547,1.000,0.0316,0.69
10779,replay,4000,0.0275,1.000,0.0316,0.70
10780,replay,4000,0.0385,1.000,0.0315,0.70
10781,replay,4000,0.0356,1.000,0.0315,0.70
10782,replay,4000,0.0212,1.000,0.0314,0.70
10783,replay,4000,0.0498,1.000,0.0315,0.70
10784,replay,4000,0.0331,1.000,0.0314,0.71
10785,replay,4000,0.0616,1.000,0.0314,0.70
10786,replay,4000,0.0474,1.000,0.0313,0.70
10787,replay,4000,0.0562,1.000,0.0313,0.70
10788,replay,4000,0.0317,1.000,0.0313,0.70
10789,replay,4000,0.0471,1.000,0.0313,0.70
10790,replay,4000,0.0452,1.000,0.0313,0.70
10791,replay,4000,0.0702,1.000,0.0313,0.70
10792,replay,4000,0.0719,1.000,0.0314,0.70
10793,es_step,4000,0.0434,1.000,0.0314,1.27
10794,replay,4000,0.0556,1.000,0.0314,0.70
10795,replay,4000,0.0700,1.000,0.0314,0.70
10796,replay,4000,0.0610,1.000,0.0315,0.70
10797,replay,4000,0.0662,1.000,0.0315,0.70
10798,replay,4000,0.0527,1.000,0.0315,0.70
10799,replay,4000,0.0458,1.000,0.0314,0.70
10800,replay,4000,0.0185,1.000,0.0313,0.70
10801,replay,4000,0.0031,1.000,0.0311,0.70
10802,es_step,4000,0.0066,1.000,0.0311,1.27
10803,replay,4000,0.0223,1.000,0.0312,0.70
10804,replay,4000,0.0387,1.000,0.0312,0.69
10805,replay,4000,0.0359,1.000,0.0311,0.70
10806,replay,4000,0.0190,1.000,0.0311,0.70
10807,replay,4000,0.0329,1.000,0.0311,0.70
10808,replay,4000,0.0519,1.000,0.0311,0.70
10809,replay,4000,0.0526,1.000,0.0312,0.70
10810,replay,4000,0.0595,1.000,0.0312,0.70
10811,es_step,4000,0.0274,1.000,0.0312,1.28
10812,replay,4000,0.0599,1.000,0.0312,0.70
10813,replay,4000,0.0544,1.000,0.0312,0.70
10814,replay,4000,0.0600,1.000,0.0312,0.70
10815,replay,4000,0.0591,1.000,0.0312,2.93
10816,replay,4000,0.0723,1.000,0.0312,0.70
10817,replay,4000,0.0519,1.000,0.0312,0.70
10818,replay,4000,0.0342,1.000,0.0312,0.70
10819,replay,4000,0.0421,1.000,0.0311,0.70
10820,replay,4000,0.0471,1.000,0.0311,0.70
10821,replay,4000,0.0381,1.000,0.0311,0.70
10822,replay,4000,0.0487,1.000,0.0311,0.70
10823,replay,4000,0.0711,1.000,0.0312,0.70
10824,es_step,4000,0.0446,1.000,0.0312,1.27
10825,es_step,4000,0.0469,1.000,0.0313,1.26
10826,es_step,4000,0.0490,1.000,0.0313,1.25
10827,es_step,4000,0.0389,1.000,0.0314,1.25
10828,replay,4000,0.0777,1.000,0.0316,0.69
10829,es_step,4000,0.0413,1.000,0.0316,1.25
10830,replay,4000,0.0742,1.000,0.0316,0.69
10831,replay,4000,0.0626,1.000,0.0316,0.69
10832,replay,4000,0.0526,1.000,0.0316,0.69
10833,es_step,4000,-0.0071,1.000,0.0316,1.24
10834,replay,4000,0.0182,1.000,0.0314,0.69
10835,replay,4000,0.0161,1.000,0.0313,0.69
10836,replay,4000,0.0200,1.000,0.0312,0.70
10837,replay,4000,0.0166,1.000,0.0313,0.69
10838,replay,4000,0.0241,1.000,0.0312,0.70
10839,es_step,4000,0.0018,1.000,0.0312,1.26
10840,es_step,4000,0.0019,1.000,0.0312,1.24
10841,replay,4000,0.0287,1.000,0.0312,0.69
10842,replay,4000,0.0351,1.000,0.0311,0.69
10843,replay,4000,0.0514,1.000,0.0311,0.69
10844,replay,4000,0.0392,1.000,0.0311,0.69
10845,replay,4000,0.0352,1.000,0.0311,0.69
10846,replay,4000,0.0438,1.000,0.0311,0.70
10847,replay,4000,0.0313,1.000,0.0311,0.70
10848,replay,4000,0.0503,1.000,0.0311,0.70
10849,es_step,4000,0.0075,1.000,0.0311,1.26
10850,replay,4000,0.0516,1.000,0.0311,0.70
10851,es_step,4000,0.0059,1.000,0.0311,1.25
10852,replay,4000,0.0348,1.000,0.0310,0.69
10853,replay,4000,0.0317,1.000,0.0310,0.69
10854,es_step,4000,0.0165,1.000,0.0310,1.25
10855,replay,4000,0.0571,1.000,0.0310,0.69
10856,es_step,4000,0.0140,1.000,0.0310,1.24
10857,replay,4000,0.0414,1.000,0.0310,0.69
10858,es_step,4000,0.0162,1.000,0.0310,1.26
10859,es_step,4000,0.0142,1.000,0.0310,1.25
10860,replay,4000,0.0225,1.000,0.0310,0.69
10861,replay,4000,0.0430,1.000,0.0310,0.69
10862,replay,4000,0.0479,1.000,0.0309,0.70
10863,replay,4000,0.0373,1.000,0.0309,0.70
10864,es_step,4000,0.0145,1.000,0.0309,1.25
10865,replay,4000,0.0549,1.000,0.0309,0.69
10866,replay,4000,0.0741,1.000,0.0309,0.69
10867,replay,4000,0.0642,1.000,0.0310,0.70
10868,replay,4000,0.1134,1.000,0.0312,0.70
10869,replay,4000,0.0873,1.000,0.0312,0.69
10870,replay,4000,0.0842,1.000,0.0313,0.70
10871,replay,4000,0.0705,1.000,0.0315,0.69
10872,replay,4000,0.1033,1.000,0.0315,0.69
10873,replay,4000,0.0852,1.000,0.0316,0.69
10874,replay,4000,0.0810,1.000,0.0316,0.69
10875,replay,4000,0.0633,1.000,0.0316,0.69
10876,replay,4000,0.0422,1.000,0.0316,0.69
10877,es_step,4000,0.0261,1.000,0.0316,1.26
10878,replay,4000,0.0469,1.000,0.0316,0.69
10879,replay,4000,0.0467,1.000,0.0316,0.69
10880,replay,4000,0.0326,1.000,0.0315,0.70
10881,replay,4000,0.0428,1.000,0.0315,0.70
10882,es_step,4000,0.0179,1.000,0.0315,1.26
10883,replay,4000,0.0333,1.000,0.0314,0.69
10884,replay,4000,0.0369,1.000,0.0314,0.69
10885,replay,4000,0.0437,1.000,0.0314,0.69
10886,replay,4000,0.0588,1.000,0.0314,0.69
10887,replay,4000,0.0320,1.000,0.0314,0.69
10888,replay,4000,0.0436,1.000,0.0314,0.69
10889,replay,4000,0.0318,1.000,0.0315,0.69
10890,replay,4000,0.0481,1.000,0.0315,0.69
10891,replay,4000,0.0503,1.000,0.0315,0.69
10892,es_step,4000,0.0288,0.812,0.0315,1.25
10893,replay,4000,0.0518,1.000,0.0315,0.69
10894,replay,4000,0.0613,1.000,0.0315,0.69
10895,replay,4000,0.0681,1.000,0.0316,0.69
10896,replay,4000,0.0591,1.000,0.0316,0.69
10897,replay,4000,0.0647,1.000,0.0316,0.69
10898,replay,4000,0.0576,1.000,0.0316,0.69
10899,replay,4000,0.0471,1.000,0.0316,0.69
10900,replay,4000,0.0495,1.000,0.0316,0.69
10901,es_step,4000,0.0308,0.938,0.0316,1.26
10902,replay,4000,0.0538,1.000,0.0316,0.69
10903,replay,4000,0.0495,1.000,0.0317,0.69
10904,es_step,4000,0.0202,1.000,0.0317,1.26
10905,replay,4000,0.0584,1.000,0.0317,0.69
10906,es_step,4000,0.0155,1.000,0.0317,1.24
10907,replay,4000,-0.0126,1.000,0.0317,0.69
10908,es_step,4000,0.0110,1.000,0.0317,1.23
10909,es_step,4000,0.0096,0.938,0.0317,1.24
10910,replay,4000,0.0446,1.000,0.0317,0.68
10911,es_step,4000,0.0254,0.875,0.0317,1.23
10912,replay,4000,0.0486,1.000,0.0317,0.69
10913,replay,4000,0.0556,1.000,0.0317,0.69
10914,replay,4000,0.0620,1.000,0.0317,0.69
10915,replay,4000,0.0543,1.000,0.0317,0.70
10916,replay,4000,0.0614,1.000,0.0318,0.69
10917,replay,4000,0.0482,1.000,0.0319,0.69
10918,replay,4000,0.0655,1.000,0.0319,0.69
10919,replay,4000,0.0655,1.000,0.0319,0.70
10920,replay,4000,0.0554,1.000,0.0319,0.70
10921,replay,4000,0.0529,1.000,0.0318,0.69
10922,replay,4000,0.0625,1.000,0.0318,0.69
10923,replay,4000,0.0581,1.000,0.0319,0.70
10924,replay,4000,0.0800,1.000,0.0320,0.69
10925,replay,4000,0.0841,1.000,0.0320,0.70
10926,es_step,4000,0.0652,0.938,0.0322,1.27
10927,replay,4000,0.0998,1.000,0.0323,0.69
10928,replay,4000,0.0969,1.000,0.0324,0.70
10929,es_step,4000,0.0564,0.938,0.0324,1.27
10930,replay,4000,0.0721,1.000,0.0325,0.69
10931,replay,4000,0.0794,1.000,0.0326,0.69
10932,replay,4000,0.0741,1.000,0.0326,0.69
10933,replay,4000,0.0633,1.000,0.0326,0.69
10934,es_step,4000,0.0401,1.000,0.0326,1.26
10935,replay,4000,0.0596,1.000,0.0327,0.70
10936,es_step,4000,0.0400,1.000,0.0327,1.25
10937,es_step,4000,0.0369,1.000,0.0327,1.24
10938,es_step,4000,0.0437,1.000,0.0327,1.23
10939,es_step,4000,0.0353,1.000,0.0327,1.24
10940,replay,4000,0.0522,1.000,0.0327,0.70
10941,es_step,4000,0.0365,1.000,0.0327,1.25
10942,replay,4000,0.0470,1.000,0.0327,0.69
10943,replay,4000,0.0430,1.000,0.0326,0.69
10944,replay,4000,0.0382,1.000,0.0326,0.69
10945,replay,4000,0.0739,1.000,0.0326,0.69
10946,replay,4000,0.0826,1.000,0.0326,0.69
10947,replay,4000,0.0986,1.000,0.0326,0.69
10948,replay,4000,0.0768,1.000,0.0326,0.69
10949,replay,4000,0.0792,1.000,0.0327,0.69
10950,replay,4000,0.0455,1.000,0.0326,0.69
10951,replay,4000,0.0879,1.000,0.0326,0.69
10952,es_step,4000,0.0548,1.000,0.0328,1.27
10953,replay,4000,0.0893,1.000,0.0329,0.70
10954,replay,4000,0.0674,1.000,0.0329,0.70
10955,replay,4000,0.0690,1.000,0.0330,0.70
10956,replay,4000,0.0708,1.000,0.0330,0.70
10957,replay,4000,0.0638,1.000,0.0330,0.70
10958,replay,4000,0.0608,1.000,0.0330,0.69
10959,replay,4000,0.0586,1.000,0.0329,0.70
10960,replay,4000,0.0564,1.000,0.0329,0.70
10961,replay,4000,0.0446,1.000,0.0329,0.70
10962,es_step,4000,0.0237,1.000,0.0329,1.28
10963,replay,4000,0.0386,1.000,0.0329,0.70
10964,replay,4000,0.0496,1.000,0.0329,0.70
10965,replay,4000,0.0292,1.000,0.0328,0.70
10966,replay,4000,0.0394,1.000,0.0328,0.70
10967,es_step,4000,0.0137,1.000,0.0328,1.27
10968,es_step,4000,0.0183,1.000,0.0328,1.25
10969,replay,4000,0.0278,1.000,0.0327,0.69
10970,replay,4000,0.0518,1.000,0.0327,0.69
10971,replay,4000,0.0438,1.000,0.0327,0.69
10972,replay,4000,0.0506,1.000,0.0326,0.70
10973,replay,4000,0.0541,1.000,0.0326,0.70
10974,replay,4000,0.0416,1.000,0.0326,0.70
10975,replay,4000,0.0522,1.000,0.0326,0.70
10976,replay,4000,0.0591,1.000,0.0326,0.70
10977,replay,4000,0.0481,1.000,0.0326,0.70
10978,replay,4000,0.0264,1.000,0.0325,0.70
10979,replay,4000,0.0257,1.000,0.0325,0.70
10980,replay,4000,0.0415,1.000,0.0324,0.70
10981,replay,4000,0.0517,1.000,0.0325,0.70
10982,replay,4000,0.0645,1.000,0.0325,0.70
10983,replay,4000,0.0690,1.000,0.0325,0.70
10984,replay,4000,0.0494,1.000,0.0326,0.70
10985,replay,4000,0.0217,1.000,0.0326,0.70
10986,replay,4000,0.0178,1.000,0.0325,0.70
10987,replay,4000,0.0354,1.000,0.0324,0.70
10988,replay,4000,0.0030,1.000,0.0323,0.70
10989,replay,4000,0.0163,1.000,0.0322,0.70
10990,replay,4000,0.0358,1.000,0.0322,0.70
10991,replay,4000,0.0300,1.000,0.0321,0.70
10992,replay,4000,0.0492,1.000,0.0321,0.70
10993,replay,4000,0.0347,1.000,0.0321,0.70
10994,replay,4000,0.0389,1.000,0.0320,0.70
10995,replay,4000,0.0502,1.000,0.0319,0.70
10996,replay,4000,0.0571,1.000,0.0320,0.70
10997,replay,4000,0.0907,1.000,0.0321,0.70
10998,replay,4000,0.0825,1.000,0.0321,0.70
10999,replay,4000,0.0767,1.000,0.0322,0.71
11000,replay,4000,0.0724,1.000,0.0322,0.71
11001,replay,4000,0.0591,1.000,0.0322,0.71
11002,replay,4000,0.0568,1.000,0.0322,0.70
11003,replay,4000,0.0279,1.000,0.0322,0.70
11004,replay,4000,0.0613,1.000,0.0322,0.70
11005,es_step,4000,0.0379,1.000,0.0323,1.28
11006,replay,4000,0.0799,1.000,0.0323,0.70
11007,replay,4000,0.0751,1.000,0.0324,0.70
11008,replay,4000,0.0675,1.000,0.0323,0.70
11009,replay,4000,0.0626,1.000,0.0323,0.70
11010,replay,4000,0.0547,1.000,0.0323,0.70
11011,replay,4000,0.0657,1.000,0.0323,0.70
11012,replay,4000,0.0756,1.000,0.0323,0.70
11013,replay,4000,0.0756,1.000,0.0323,0.70
11014,replay,4000,0.0859,1.000,0.0323,0.70
11015,es_step,4000,0.0504,0.875,0.0324,1.28
11016,replay,4000,0.0874,1.000,0.0325,0.70
11017,replay,4000,0.0786,1.000,0.0325,0.70
11018,replay,4000,0.0721,1.000,0.0326,0.70
11019,replay,4000,0.0791,1.000,0.0326,0.70
11020,replay,4000,0.0710,1.000,0.0326,0.70
11021,replay,4000,0.0458,1.000,0.0326,0.70
11022,replay,4000,0.0334,1.000,0.0325,0.70
11023,replay,4000,0.0231,1.000,0.0324,0.70
11024,replay,4000,0.0328,1.000,0.0324,0.70
11025,replay,4000,0.0223,1.000,0.0323,0.70
11026,replay,4000,0.0312,1.000,0.0323,0.70
11027,replay,4000,0.0587,1.000,0.0322,0.70
11028,es_step,4000,0.0187,0.938,0.0322,1.28
11029,replay,4000,0.0331,1.000,0.0322,0.70
11030,replay,4000,0.0605,1.000,0.0322,0.70
11031,replay,4000,0.0572,1.000,0.0322,0.70
11032,replay,4000,0.0677,1.000,0.0322,0.70
11033,replay,4000,0.0354,1.000,0.0322,0.70
11034,replay,4000,0.0307,1.000,0.0322,0.70
11035,es_step,4000,0.0095,1.000,0.0322,1.28
11036,replay,4000,0.0233,1.000,0.0321,0.70
11037,replay,4000,0.0238,1.000,0.0321,0.70
11038,replay,4000,0.0549,1.000,0.0321,0.70
11039,replay,4000,0.0597,1.000,0.0321,0.70
11040,replay,4000,0.0586,1.000,0.0321,0.70
11041,replay,4000,0.0653,1.000,0.0321,0.71
11042,replay,4000,0.0600,1.000,0.0321,0.70
11043,replay,4000,0.0521,1.000,0.0321,0.70
11044,replay,4000,0.0532,1.000,0.0321,0.70
11045,replay,4000,0.0581,1.000,0.0321,0.70
11046,es_step,4000,0.0179,1.000,0.0321,1.28
11047,replay,4000,0.0474,1.000,0.0321,0.70
11048,es_step,4000,0.0181,1.000,0.0321,1.28
11049,replay,4000,0.0483,1.000,0.0320,0.70
11050,replay,4000,0.0062,1.000,0.0319,0.70
11051,es_step,4000,0.0034,1.000,0.0319,1.28
11052,replay,4000,0.0282,1.000,0.0319,0.70
11053,es_step,4000,0.0175,1.000,0.0319,1.27
11054,replay,4000,0.0473,1.000,0.0318,0.70
11055,es_step,4000,0.0087,1.000,0.0318,1.27
11056,replay,4000,0.0298,1.000,0.0318,0.70
11057,replay,4000,0.0448,1.000,0.0319,0.70
11058,replay,4000,0.0368,1.000,0.0319,0.70
11059,replay,4000,0.0427,1.000,0.0319,0.70
11060,replay,4000,0.0466,1.000,0.0319,0.71
11061,replay,4000,0.0542,1.000,0.0319,0.71
11062,replay,4000,0.0400,1.000,0.0319,0.71
11063,replay,4000,0.0439,1.000,0.0319,0.71
11064,replay,4000,0.0721,1.000,0.0319,0.71
11065,es_step,4000,0.0173,1.000,0.0319,1.28
11066,replay,4000,0.0543,1.000,0.0319,0.70
11067,replay,4000,0.0542,1.000,0.0319,0.70
11068,replay,4000,0.0438,1.000,0.0319,0.71
11069,replay,4000,0.0623,1.000,0.0321,0.71
11070,replay,4000,0.0647,1.000,0.0321,0.70
11071,replay,4000,0.0939,1.000,0.0322,0.71
11072,replay,4000,0.0879,1.000,0.0322,0.71
11073,replay,4000,0.1027,1.000,0.0323,0.71
11074,replay,4000,0.1027,1.000,0.0324,0.71
11075,replay,4000,0.1129,1.000,0.0325,0.71
11076,replay,4000,0.1016,1.000,0.0326,0.72
11077,replay,4000,0.1008,1.000,0.0327,0.71
11078,replay,4000,0.0769,1.000,0.0327,0.71
11079,replay,4000,0.0436,1.000,0.0327,0.71
11080,replay,4000,0.0364,1.000,0.0327,0.71
11081,replay,4000,0.0374,1.000,0.0327,0.71
11082,replay,4000,0.0281,1.000,0.0326,0.71
11083,replay,4000,0.0363,1.000,0.0325,0.71
11084,replay,4000,0.0407,1.000,0.0325,0.71
11085,es_step,4000,0.0148,1.000,0.0325,1.29
11086,replay,4000,0.0389,1.000,0.0324,0.71
11087,replay,4000,0.0358,1.000,0.0324,0.71
11088,replay,4000,0.0319,1.000,0.0324,0.71
11089,replay,4000,0.0490,1.000,0.0324,0.71
11090,replay,4000,0.0603,1.000,0.0324,0.71
11091,replay,4000,0.0481,1.000,0.0324,0.71
11092,replay,4000,0.0391,1.000,0.0324,0.71
11093,replay,4000,0.0504,1.000,0.0324,0.71
11094,replay,4000,0.0465,1.000,0.0324,0.71
11095,replay,4000,0.0518,1.000,0.0323,0.71
11096,es_step,4000,0.0123,1.000,0.0323,1.30
11097,replay,4000,0.0490,1.000,0.0323,0.71
11098,es_step,4000,0.0075,1.000,0.0323,1.29
11099,replay,4000,0.0468,1.000,0.0323,0.71
11100,replay,4000,0.0602,1.000,0.0323,0.71
11101,replay,4000,0.0663,1.000,0.0323,0.71
11102,replay,4000,0.0740,1.000,0.0323,0.71
11103,replay,4000,0.0983,1.000,0.0324,0.71
11104,replay,4000,0.0873,1.000,0.0324,0.71
11105,replay,4000,0.0899,1.000,0.0325,0.70
11106,replay,4000,0.0931,1.000,0.0326,0.70
11107,es_step,4000,0.0566,1.000,0.0327,1.29
11108,es_step,4000,0.0560,1.000,0.0328,1.28
11109,replay,4000,0.1216,1.000,0.0328,0.70
11110,replay,4000,0.1159,1.000,0.0329,0.71
11111,replay,4000,0.0640,1.000,0.0328,0.70
11112,replay,4000,0.0880,1.000,0.0329,0.70
11113,es_step,4000,0.0577,1.000,0.0331,1.27
11114,replay,4000,0.0836,1.000,0.0333,0.70
11115,replay,4000,0.0721,1.000,0.0333,0.70
11116,replay,4000,0.0582,1.000,0.0333,0.70
11117,replay,4000,0.0506,1.000,0.0333,0.70
11118,replay,4000,0.0390,1.000,0.0332,0.70
11119,es_step,4000,0.0179,1.000,0.0332,1.30
11120,es_step,4000,0.0197,1.000,0.0332,1.27
11121,replay,4000,0.0258,1.000,0.0331,0.70
11122,es_step,4000,0.0038,1.000,0.0331,1.26
11123,replay,4000,0.0381,1.000,0.0331,0.70
11124,replay,4000,0.0400,1.000,0.0330,0.70
11125,es_step,4000,0.0149,0.938,0.0330,3.51
11126,replay,4000,0.0305,1.000,0.0329,0.70
11127,replay,4000,0.0347,1.000,0.0329,0.70
11128,replay,4000,0.0394,1.000,0.0329,0.70
11129,replay,4000,0.0486,1.000,0.0329,0.70
11130,replay,4000,0.0263,1.000,0.0329,0.71
11131,replay,4000,0.0453,1.000,0.0329,0.71
11132,es_step,4000,0.0219,1.000,0.0329,1.29
11133,replay,4000,0.0537,1.000,0.0329,0.70
11134,replay,4000,0.0547,1.000,0.0329,0.70
11135,replay,4000,0.0634,1.000,0.0330,0.70
11136,replay,4000,0.0414,1.000,0.0330,0.70
11137,replay,4000,0.0414,1.000,0.0329,0.71
11138,replay,4000,0.0394,1.000,0.0329,0.70
11139,replay,4000,0.0443,1.000,0.0329,0.70
11140,replay,4000,0.0404,1.000,0.0329,0.70
11141,es_step,4000,0.0212,1.000,0.0329,1.28
11142,replay,4000,0.0502,1.000,0.0329,0.70
11143,replay,4000,0.0344,1.000,0.0329,0.70
11144,replay,4000,0.0664,1.000,0.0329,0.70
11145,replay,4000,0.0481,1.000,0.0329,0.70
11146,replay,4000,0.0547,1.000,0.0329,0.70
11147,replay,4000,0.0246,1.000,0.0328,0.71
11148,es_step,4000,0.0177,1.000,0.0328,1.29
11149,replay,4000,0.0480,1.000,0.0328,0.71
11150,es_step,4000,0.0320,1.000,0.0328,1.28
11151,replay,4000,0.0570,1.000,0.0329,0.70
11152,replay,4000,0.0738,1.000,0.0328,0.70
11153,replay,4000,0.0585,1.000,0.0329,0.70
11154,replay,4000,0.0485,1.000,0.0328,0.70
11155,replay,4000,0.0246,1.000,0.0328,0.70
11156,replay,4000,0.0134,1.000,0.0327,0.71
11157,replay,4000,0.0190,1.000,0.0326,0.70
11158,replay,4000,0.0172,1.000,0.0326,0.71
11159,replay,4000,0.0403,1.000,0.0325,0.70
11160,es_step,4000,0.0213,1.000,0.0325,1.28
11161,replay,4000,0.0139,1.000,0.0325,0.70
11162,replay,4000,0.0642,1.000,0.0325,0.70
11163,replay,4000,0.0568,1.000,0.0327,0.70
11164,replay,4000,0.0706,1.000,0.0327,0.71
11165,replay,4000,0.0767,1.000,0.0328,0.71
11166,replay,4000,0.0763,1.000,0.0328,0.70
11167,replay,4000,0.0758,1.000,0.0328,0.71
11168,replay,4000,0.0695,1.000,0.0329,0.71
11169,es_step,4000,0.0430,1.000,0.0329,1.28
11170,replay,4000,0.0724,1.000,0.0329,0.70
11171,replay,4000,0.0558,1.000,0.0329,0.70
11172,replay,4000,0.0383,1.000,0.0328,0.71
11173,replay,4000,0.0234,1.000,0.0327,0.70
11174,replay,4000,0.0185,1.000,0.0326,0.70
11175,replay,4000,0.0156,1.000,0.0326,0.70
11176,replay,4000,0.0153,1.000,0.0325,0.70
11177,es_step,4000,0.0104,1.000,0.0325,1.28
11178,replay,4000,0.0289,1.000,0.0324,0.70
11179,es_step,4000,0.0056,1.000,0.0324,1.27
11180,replay,4000,0.0292,1.000,0.0324,0.70
11181,replay,4000,0.0184,1.000,0.0323,0.70
11182,replay,4000,0.0248,1.000,0.0323,0.70
11183,replay,4000,0.0108,1.000,0.0322,0.70
11184,replay,4000,0.0484,1.000,0.0322,0.70
11185,replay,4000,0.0785,1.000,0.0323,0.70
11186,es_step,4000,0.0562,1.000,0.0324,1.27
11187,es_step,4000,0.0532,1.000,0.0324,1.27
11188,es_step,4000,0.0542,1.000,0.0325,1.26
11189,replay,4000,0.0859,1.000,0.0326,0.69
11190,replay,4000,0.0889,1.000,0.0327,0.70
11191,replay,4000,0.0922,1.000,0.0328,0.70
11192,replay,4000,0.0901,1.000,0.0329,0.70
11193,replay,4000,0.0868,1.000,0.0331,0.70
11194,replay,4000,0.0685,1.000,0.0331,0.70
11195,es_step,4000,0.0479,1.000,0.0331,1.26
11196,replay,4000,0.0653,1.000,0.0331,0.69
11197,replay,4000,0.0516,1.000,0.0331,0.70
11198,es_step,4000,0.0310,1.000,0.0331,1.28
11199,replay,4000,0.0577,1.000,0.0331,0.70
11200,replay,4000,0.0360,1.000,0.0331,0.70
11201,replay,4000,0.0404,1.000,0.0331,0.71
11202,replay,4000,0.0449,1.000,0.0330,0.71
11203,replay,4000,0.0367,1.000,0.0329,0.71
11204,replay,4000,0.0151,1.000,0.0329,0.71
11205,replay,4000,0.0368,1.000,0.0329,0.71
11206,replay,4000,0.0370,1.000,0.0328,0.71
11207,replay,4000,0.0362,1.000,0.0328,0.71
11208,es_step,4000,0.0360,0.938,0.0328,1.29
11209,replay,4000,0.0604,1.000,0.0328,0.71
11210,replay,4000,0.0488,1.000,0.0328,0.71
11211,replay,4000,0.0525,1.000,0.0328,0.71
11212,replay,4000,0.0379,1.000,0.0328,0.71
11213,es_step,4000,0.0307,1.000,0.0328,1.28
11214,es_step,4000,0.0175,0.812,0.0328,1.28
11215,replay,4000,0.0492,1.000,0.0328,0.70
11216,replay,4000,0.0392,1.000,0.0328,0.70
11217,replay,4000,0.0253,1.000,0.0327,0.70
11218,es_step,4000,0.0182,1.000,0.0327,1.28
11219,replay,4000,0.0290,1.000,0.0326,0.70
11220,replay,4000,0.0450,1.000,0.0326,0.70
11221,replay,4000,0.0372,1.000,0.0325,0.70
11222,replay,4000,0.0400,1.000,0.0325,0.71
11223,replay,4000,0.0576,1.000,0.0325,0.71
11224,replay,4000,0.0653,1.000,0.0325,0.70
11225,replay,4000,0.0613,1.000,0.0325,0.71
11226,replay,4000,0.0202,1.000,0.0325,0.70
11227,replay,4000,0.0469,1.000,0.0324,0.70
11228,es_step,4000,0.0371,0.875,0.0325,1.28
11229,replay,4000,0.0489,1.000,0.0325,0.70
11230,es_step,4000,0.0502,0.688,0.0325,1.99
11231,es_step,4000,0.0480,0.812,0.0325,1.36
11232,es_step,4000,0.0499,0.812,0.0326,1.34
11233,replay,4000,0.1156,1.000,0.0326,0.72
11234,es_step,4000,0.0467,0.938,0.0326,1.32
11235,es_step,4000,0.0412,0.938,0.0326,1.31
11236,replay,4000,0.0942,1.000,0.0327,0.71
11237,replay,4000,0.0935,1.000,0.0327,0.72
11238,replay,4000,0.0883,1.000,0.0328,0.71
11239,es_step,4000,0.0596,0.875,0.0328,1.29
11240,replay,4000,0.0674,1.000,0.0329,0.71
11241,replay,4000,0.0846,1.000,0.0330,0.71
11242,replay,4000,0.0721,1.000,0.0330,0.70
11243,replay,4000,0.0718,1.000,0.0331,0.71
11244,replay,4000,0.0929,1.000,0.0331,0.70
11245,es_step,4000,0.0549,1.000,0.0332,1.28
11246,replay,4000,0.0851,1.000,0.0332,0.70
11247,replay,4000,0.0722,1.000,0.0333,0.70
11248,replay,4000,0.1020,1.000,0.0333,0.71
11249,replay,4000,0.0940,1.000,0.0333,0.70
11250,replay,4000,0.0668,1.000,0.0333,0.70
11251,replay,4000,0.0473,1.000,0.0333,0.70
11252,replay,4000,0.0286,1.000,0.0332,0.70
11253,replay,4000,0.0279,1.000,0.0332,0.70
11254,replay,4000,0.0197,1.000,0.0331,0.71
11255,replay,4000,0.0288,1.000,0.0330,0.71
11256,replay,4000,0.0549,1.000,0.0330,0.71
11257,replay,4000,0.0525,1.000,0.0330,0.71
11258,replay,4000,0.0640,1.000,0.0330,0.71
11259,replay,4000,0.0696,1.000,0.0330,0.71
11260,replay,4000,0.0625,1.000,0.0330,0.71
11261,es_step,4000,0.0486,1.000,0.0331,1.28
11262,replay,4000,0.0774,1.000,0.0331,0.70
11263,replay,4000,0.0798,1.000,0.0332,0.70
11264,replay,4000,0.0764,1.000,0.0332,0.70
11265,replay,4000,0.0849,1.000,0.0333,0.70
11266,replay,4000,0.0800,1.000,0.0333,0.70
11267,replay,4000,0.0734,1.000,0.0334,0.70
11268,replay,4000,0.0595,1.000,0.0334,0.71
11269,replay,4000,0.0625,1.000,0.0336,0.71
11270,replay,4000,0.0689,1.000,0.0335,0.71
11271,replay,4000,0.0936,1.000,0.0335,0.71
11272,es_step,4000,0.0557,1.000,0.0336,1.28
11273,replay,4000,0.1395,1.000,0.0336,0.70
11274,es_step,4000,0.0736,1.000,0.0338,1.29
11275,replay,4000,0.1354,1.000,0.0339,0.71
11276,replay,4000,0.1279,1.000,0.0342,0.70
11277,replay,4000,0.1260,1.000,0.0343,0.71
11278,replay,4000,0.1251,1.000,0.0345,0.71
11279,replay,4000,0.1239,1.000,0.0348,0.70
11280,replay,4000,0.1162,1.000,0.0349,0.70
11281,replay,4000,0.1052,1.000,0.0350,0.70
11282,replay,4000,0.0894,1.000,0.0350,0.70
11283,replay,4000,0.0830,1.000,0.0350,0.70
11284,replay,4000,0.0451,1.000,0.0350,0.71
11285,replay,4000,0.0495,1.000,0.0350,0.71
11286,replay,4000,0.0651,1.000,0.0350,0.71
11287,replay,4000,0.0370,1.000,0.0350,0.71
11288,replay,4000,0.0560,1.000,0.0349,0.71
11289,replay,4000,0.0352,1.000,0.0349,0.71
11290,replay,4000,0.0460,1.000,0.0348,0.71
11291,replay,4000,0.0464,1.000,0.0348,0.71
11292,replay,4000,0.0399,1.000,0.0347,0.71
11293,replay,4000,0.0271,1.000,0.0346,0.71
11294,replay,4000,-0.1077,1.000,0.0344,0.70
11295,replay,4000,0.0334,1.000,0.0343,0.71
11296,replay,4000,0.0394,1.000,0.0343,0.71
11297,replay,4000,0.0532,1.000,0.0343,0.71
11298,replay,4000,0.0706,1.000,0.0344,0.71
11299,es_step,4000,0.0373,1.000,0.0344,1.28
11300,replay,4000,0.0767,1.000,0.0344,0.70
11301,replay,4000,0.0771,1.000,0.0344,0.70
11302,replay,4000,0.0662,1.000,0.0344,0.70
11303,replay,4000,0.0742,1.000,0.0344,0.71
11304,replay,4000,0.0403,1.000,0.0343,0.70
11305,es_step,4000,0.0370,1.000,0.0343,1.28
11306,replay,4000,0.0464,1.000,0.0343,0.70
11307,es_step,4000,0.0366,1.000,0.0343,1.28
11308,replay,4000,0.0438,1.000,0.0343,0.70
11309,es_step,4000,0.0309,1.000,0.0343,1.26
11310,replay,4000,0.0459,1.000,0.0343,0.70
11311,replay,4000,0.0399,1.000,0.0342,0.70
11312,es_step,4000,0.0171,1.000,0.0342,1.26
11313,replay,4000,0.0472,1.000,0.0342,0.69
11314,replay,4000,0.0303,1.000,0.0342,0.70
11315,replay,4000,0.0293,1.000,0.0341,0.70
11316,es_step,4000,0.0206,0.812,0.0341,1.26
11317,replay,4000,0.0423,1.000,0.0341,0.69
11318,replay,4000,0.0418,1.000,0.0340,0.70
11319,replay,4000,0.0235,1.000,0.0340,0.70
11320,es_step,4000,0.0295,1.000,0.0340,1.27
11321,replay,4000,0.0345,1.000,0.0339,0.70
11322,replay,4000,0.0378,1.000,0.0339,0.70
11323,replay,4000,0.0460,1.000,0.0339,0.70
11324,replay,4000,0.0242,1.000,0.0339,0.70
11325,replay,4000,0.0373,1.000,0.0338,0.70
11326,es_step,4000,0.0273,1.000,0.0338,1.26
11327,es_step,4000,0.0328,1.000,0.0338,1.25
11328,replay,4000,0.0587,1.000,0.0338,0.69
11329,replay,4000,0.0587,1.000,0.0338,0.70
11330,replay,4000,0.0512,1.000,0.0338,0.70
11331,replay,4000,0.0466,1.000,0.0338,0.70
11332,replay,4000,0.0343,1.000,0.0338,0.71
11333,replay,4000,0.0452,1.000,0.0338,0.71
11334,replay,4000,0.0615,1.000,0.0339,0.70
11335,replay,4000,0.0558,1.000,0.0339,0.70
11336,replay,4000,0.0706,1.000,0.0339,0.70
11337,replay,4000,0.0702,1.000,0.0340,0.70
11338,replay,4000,0.0784,1.000,0.0340,0.70
11339,replay,4000,0.0732,1.000,0.0341,0.70
11340,es_step,4000,0.0496,1.000,0.0341,1.27
11341,replay,4000,0.0709,1.000,0.0342,0.70
11342,replay,4000,0.0764,1.000,0.0342,0.70
11343,replay,4000,0.0620,1.000,0.0342,0.70
11344,replay,4000,0.0475,1.000,0.0343,0.70
11345,es_step,4000,0.0351,1.000,0.0343,1.27
11346,replay,4000,0.0748,1.000,0.0343,0.70
11347,replay,4000,0.0666,1.000,0.0343,0.70
11348,replay,4000,0.0723,1.000,0.0344,0.71
11349,replay,4000,0.0792,1.000,0.0345,0.71
11350,replay,4000,0.0938,1.000,0.0346,0.70
11351,replay,4000,0.0864,1.000,0.0347,0.70
11352,replay,4000,0.0774,1.000,0.0347,0.71
11353,replay,4000,0.0841,1.000,0.0348,0.70
11354,es_step,4000,0.0429,1.000,0.0348,1.28
11355,replay,4000,0.0696,1.000,0.0348,0.70
11356,replay,4000,0.0528,1.000,0.0349,0.70
11357,es_step,4000,0.0435,1.000,0.0349,1.28
11358,replay,4000,0.0572,1.000,0.0349,0.70
11359,replay,4000,0.0531,1.000,0.0349,0.71
11360,replay,4000,0.0556,1.000,0.0349,0.71
11361,replay,4000,0.0497,1.000,0.0349,0.71
11362,es_step,4000,0.0300,1.000,0.0349,1.28
11363,replay,4000,0.0409,1.000,0.0349,0.71
11364,replay,4000,0.0598,1.000,0.0348,0.71
11365,replay,4000,0.0394,1.000,0.0348,0.71
11366,replay,4000,0.0098,1.000,0.0348,0.71
11367,es_step,4000,0.0294,1.000,0.0349,1.29
11368,replay,4000,0.0444,1.000,0.0349,0.70
11369,replay,4000,0.0516,1.000,0.0349,0.70
11370,replay,4000,0.0570,1.000,0.0349,0.71
11371,replay,4000,0.0720,1.000,0.0349,0.71
11372,replay,4000,0.0657,1.000,0.0350,0.71
11373,replay,4000,0.0592,1.000,0.0350,0.71
11374,replay,4000,0.0895,1.000,0.0351,0.70
11375,replay,4000,0.0873,1.000,0.0351,0.70
11376,es_step,4000,0.0673,1.000,0.0352,1.28
11377,replay,4000,0.0889,1.000,0.0353,0.70
11378,replay,4000,0.0877,1.000,0.0354,0.70
11379,es_step,4000,0.0573,1.000,0.0354,1.27
11380,replay,4000,0.0581,1.000,0.0353,0.70
11381,replay,4000,0.0620,1.000,0.0353,0.70
11382,replay,4000,-0.0372,1.000,0.0354,0.70
11383,replay,4000,-0.0030,1.000,0.0353,0.70
11384,replay,4000,0.0823,1.000,0.0353,0.70
11385,replay,4000,0.0971,1.000,0.0354,0.70
11386,replay,4000,0.0981,1.000,0.0355,0.70
11387,replay,4000,0.1026,1.000,0.0356,0.70
11388,replay,4000,0.0953,1.000,0.0358,0.71
11389,replay,4000,0.0975,1.000,0.0358,0.70
11390,replay,4000,0.0813,1.000,0.0359,0.70
11391,replay,4000,0.0701,1.000,0.0359,0.71
11392,replay,4000,0.0629,1.000,0.0359,0.71
11393,replay,4000,0.0559,1.000,0.0360,0.71
11394,replay,4000,0.0519,1.000,0.0359,0.70
11395,replay,4000,0.0466,1.000,0.0359,0.70
11396,es_step,4000,0.0303,1.000,0.0359,1.28
11397,replay,4000,0.0387,1.000,0.0360,0.70
11398,replay,4000,0.0416,1.000,0.0359,0.70
11399,es_step,4000,0.0249,1.000,0.0359,1.29
11400,replay,4000,0.0308,1.000,0.0359,0.70
11401,replay,4000,0.0373,1.000,0.0359,0.71
11402,replay,4000,0.0485,1.000,0.0358,0.70
11403,es_step,4000,0.0380,1.000,0.0358,1.28
11404,replay,4000,0.0475,1.000,0.0358,0.70
11405,replay,4000,0.0698,1.000,0.0358,0.70
11406,es_step,4000,0.0461,1.000,0.0358,1.27
11407,es_step,4000,0.0497,1.000,0.0358,1.26
11408,replay,4000,0.0990,1.000,0.0359,0.70
11409,es_step,4000,0.0428,1.000,0.0359,1.27
11410,replay,4000,0.1136,1.000,0.0360,0.69
11411,es_step,4000,0.0398,1.000,0.0360,1.25
11412,replay,4000,0.0930,1.000,0.0360,0.68
11413,replay,4000,0.0829,1.000,0.0360,0.69
11414,es_step,4000,0.0248,1.000,0.0360,1.25
11415,es_step,4000,0.0302,1.000,0.0360,1.25
11416,es_step,4000,0.0227,0.875,0.0360,1.26
11417,es_step,4000,0.0315,1.000,0.0360,1.25
11418,es_step,4000,0.0292,1.000,0.0360,1.24
11419,replay,4000,0.0675,1.000,0.0360,0.70
11420,replay,4000,0.0381,1.000,0.0359,0.70
11421,replay,4000,0.0788,1.000,0.0359,0.70
11422,replay,4000,0.0311,1.000,0.0358,0.70
11423,replay,4000,0.0467,1.000,0.0358,0.70
11424,replay,4000,0.0480,1.000,0.0358,0.70
11425,replay,4000,0.0346,1.000,0.0357,0.70
11426,replay,4000,0.0385,1.000,0.0357,0.71
11427,es_step,4000,0.0133,1.000,0.0357,1.28
11428,replay,4000,0.0351,1.000,0.0357,0.70
11429,replay,4000,0.0428,1.000,0.0356,0.70
11430,es_step,4000,0.0143,1.000,0.0356,3.50
11431,es_step,4000,0.0040,0.938,0.0356,1.27
11432,replay,4000,0.0440,1.000,0.0356,0.70
11433,replay,4000,0.0584,1.000,0.0355,0.70
11434,replay,4000,0.0200,1.000,0.0354,0.70
11435,replay,4000,0.0315,1.000,0.0354,0.70
11436,replay,4000,0.0311,1.000,0.0353,0.70
11437,replay,4000,0.0341,1.000,0.0353,0.70
11438,replay,4000,0.0392,1.000,0.0353,0.70
11439,replay,4000,0.0608,1.000,0.0353,0.70
11440,replay,4000,0.0248,1.000,0.0353,0.70
11441,replay,4000,0.0418,1.000,0.0353,0.70
11442,replay,4000,0.0553,1.000,0.0353,0.70
11443,es_step,4000,0.0271,0.938,0.0353,1.27
11444,replay,4000,0.0524,1.000,0.0353,0.70
11445,replay,4000,0.0802,1.000,0.0353,0.70
11446,replay,4000,0.0857,1.000,0.0353,0.70
11447,replay,4000,0.0901,1.000,0.0354,0.70
11448,replay,4000,0.1176,1.000,0.0355,0.71
11449,replay,4000,0.0996,1.000,0.0356,0.70
11450,replay,4000,0.0943,1.000,0.0357,0.70
11451,es_step,4000,0.0275,0.875,0.0358,1.28
11452,replay,4000,0.0856,1.000,0.0358,0.70
11453,replay,4000,0.0631,1.000,0.0358,0.70
11454,replay,4000,0.0480,1.000,0.0358,0.71
11455,replay,4000,0.0570,1.000,0.0358,0.70
11456,replay,4000,0.0507,1.000,0.0358,0.70
11457,replay,4000,0.0419,1.000,0.0357,0.70
11458,replay,4000,0.0357,1.000,0.0357,0.70
11459,replay,4000,0.0421,1.000,0.0356,0.71
11460,es_step,4000,0.0189,1.000,0.0356,1.30
11461,replay,4000,0.0578,1.000,0.0356,0.70
11462,replay,4000,0.0427,1.000,0.0355,0.70
11463,replay,4000,0.0457,1.000,0.0355,0.70
11464,es_step,4000,0.0128,1.000,0.0355,1.27
11465,replay,4000,0.0502,1.000,0.0354,0.75
11466,replay,4000,0.0366,1.000,0.0354,0.70
11467,replay,4000,0.0487,1.000,0.0354,0.70
11468,replay,4000,0.0628,1.000,0.0354,0.70
11469,replay,4000,0.0556,1.000,0.0354,0.70
11470,replay,4000,0.0538,1.000,0.0355,0.70
11471,replay,4000,0.0641,1.000,0.0354,0.70
11472,es_step,4000,0.0181,0.875,0.0354,1.28
11473,replay,4000,0.0580,1.000,0.0354,0.71
11474,es_step,4000,0.0236,1.000,0.0354,1.27
11475,replay,4000,0.0607,1.000,0.0354,0.70
11476,replay,4000,0.0505,1.000,0.0354,0.70
11477,es_step,4000,0.0076,1.000,0.0354,1.28
11478,replay,4000,0.0467,1.000,0.0353,0.70
11479,replay,4000,0.0265,1.000,0.0352,0.71
11480,replay,4000,0.0128,1.000,0.0351,0.70
11481,replay,4000,0.0340,1.000,0.0350,0.70
11482,replay,4000,0.0418,1.000,0.0350,0.70
11483,replay,4000,0.0244,1.000,0.0349,0.70
11484,replay,4000,0.0346,1.000,0.0348,0.70
11485,replay,4000,0.0882,1.000,0.0349,0.70
11486,es_step,4000,0.0234,1.000,0.0349,1.28
11487,replay,4000,0.0807,1.000,0.0349,0.70
11488,replay,4000,0.0801,1.000,0.0349,0.70
11489,replay,4000,0.0695,1.000,0.0349,0.70
11490,replay,4000,0.0641,1.000,0.0350,0.70
11491,es_step,4000,0.0309,0.938,0.0350,1.27
11492,replay,4000,0.0604,1.000,0.0350,0.69
11493,replay,4000,0.0548,1.000,0.0350,0.69
11494,replay,4000,0.0532,1.000,0.0350,0.70
11495,replay,4000,0.0508,1.000,0.0350,0.70
11496,replay,4000,0.0671,1.000,0.0350,0.70
11497,replay,4000,0.0694,1.000,0.0350,0.70
11498,replay,4000,0.0609,1.000,0.0350,0.70
11499,es_step,4000,0.0150,1.000,0.0350,1.27
11500,replay,4000,0.0415,1.000,0.0350,0.70
11501,replay,4000,0.0217,1.000,0.0349,0.70
11502,es_step,4000,-0.0099,1.000,0.0349,1.26
11503,replay,4000,0.0395,1.000,0.0348,0.69
11504,replay,4000,0.0295,1.000,0.0347,0.70
11505,es_step,4000,-0.0000,1.000,0.0347,1.27
11506,replay,4000,0.0349,1.000,0.0347,0.70
11507,replay,4000,0.0346,1.000,0.0347,0.70
11508,replay,4000,0.0131,1.000,0.0346,0.70
11509,es_step,4000,0.0322,1.000,0.0346,1.27
11510,replay,4000,0.0596,1.000,0.0346,0.69
11511,replay,4000,0.0599,1.000,0.0347,0.70
11512,es_step,4000,0.0325,1.000,0.0347,1.25
11513,replay,4000,0.0656,1.000,0.0347,0.70
11514,es_step,4000,0.0246,0.938,0.0347,1.25
11515,replay,4000,0.0519,1.000,0.0347,0.69
11516,replay,4000,0.0466,1.000,0.0347,0.70
11517,replay,4000,0.0442,1.000,0.0346,0.70
11518,es_step,4000,0.0156,1.000,0.0346,1.27
11519,replay,4000,0.0306,1.000,0.0347,0.70
11520,es_step,4000,0.0115,1.000,0.0347,1.27
11521,replay,4000,-0.2091,1.000,0.0346,0.70
11522,replay,4000,0.0421,1.000,0.0346,0.70
11523,es_step,4000,0.0521,1.000,0.0347,1.25
11524,replay,4000,0.0995,1.000,0.0347,0.69
11525,replay,4000,0.1215,1.000,0.0349,0.70
11526,es_step,4000,0.0537,1.000,0.0352,1.26
11527,es_step,4000,0.0584,1.000,0.0354,1.25
11528,replay,4000,0.1020,1.000,0.0356,0.69
11529,es_step,4000,0.0530,1.000,0.0357,1.25
11530,es_step,4000,0.0447,1.000,0.0357,1.25
11531,es_step,4000,0.0567,1.000,0.0357,1.24
11532,replay,4000,0.0842,1.000,0.0358,0.69
11533,replay,4000,0.1102,1.000,0.0359,0.70
11534,replay,4000,0.1245,1.000,0.0360,0.70
11535,es_step,4000,0.0442,1.000,0.0360,1.27
11536,replay,4000,0.1200,1.000,0.0361,0.70
11537,replay,4000,0.0989,1.000,0.0361,0.70
11538,replay,4000,0.0848,1.000,0.0362,0.70
11539,replay,4000,0.0799,1.000,0.0362,0.70
11540,replay,4000,0.0585,1.000,0.0362,0.70
11541,replay,4000,0.0692,1.000,0.0361,0.70
11542,replay,4000,0.0504,1.000,0.0361,0.70
11543,es_step,4000,0.0398,1.000,0.0361,1.26
11544,replay,4000,0.0552,1.000,0.0361,0.70
11545,replay,4000,0.0493,1.000,0.0361,0.70
11546,replay,4000,0.0427,1.000,0.0361,0.70
11547,replay,4000,0.0585,1.000,0.0360,0.69
11548,es_step,4000,0.0321,1.000,0.0360,1.25
11549,es_step,4000,0.0381,1.000,0.0360,1.25
11550,replay,4000,0.0397,1.000,0.0360,0.69
11551,replay,4000,0.0446,1.000,0.0360,0.69
11552,replay,4000,0.0535,1.000,0.0360,0.69
11553,replay,4000,0.0473,1.000,0.0360,0.70
11554,es_step,4000,0.0292,1.000,0.0360,1.25
11555,replay,4000,0.0492,1.000,0.0359,0.69
11556,es_step,4000,0.0145,1.000,0.0359,1.25
11557,replay,4000,0.0365,1.000,0.0359,0.69
11558,replay,4000,0.0384,1.000,0.0358,0.70
11559,replay,4000,0.0393,1.000,0.0358,0.70
11560,replay,4000,0.0358,1.000,0.0357,0.70
11561,replay,4000,0.0353,1.000,0.0357,0.70
11562,replay,4000,0.0298,1.000,0.0356,0.70
11563,replay,4000,0.0326,1.000,0.0355,0.70
11564,replay,4000,0.0311,1.000,0.0354,0.70
11565,replay,4000,0.0266,1.000,0.0354,0.70
11566,replay,4000,0.0304,1.000,0.0354,0.70
11567,replay,4000,0.0579,1.000,0.0353,0.70
11568,replay,4000,0.0413,1.000,0.0353,0.70
11569,replay,4000,0.0482,1.000,0.0353,0.70
11570,replay,4000,0.0573,1.000,0.0352,0.70
11571,replay,4000,0.0411,1.000,0.0352,0.70
11572,replay,4000,0.0436,1.000,0.0352,0.70
11573,replay,4000,0.0405,1.000,0.0352,0.70
11574,replay,4000,0.0576,1.000,0.0352,0.70
11575,replay,4000,0.0307,1.000,0.0351,0.70
11576,replay,4000,0.0426,1.000,0.0351,0.70
11577,es_step,4000,0.0112,1.000,0.0351,1.27
11578,replay,4000,0.0428,1.000,0.0350,0.70
11579,replay,4000,0.0489,1.000,0.0350,0.70
11580,es_step,4000,0.0340,1.000,0.0350,1.27
11581,replay,4000,0.0192,1.000,0.0349,0.70
11582,replay,4000,0.0512,1.000,0.0350,0.70
11583,replay,4000,0.0417,1.000,0.0349,0.71
11584,replay,4000,0.0671,1.000,0.0349,0.71
11585,replay,4000,0.0517,1.000,0.0349,0.72
11586,replay,4000,0.0504,1.000,0.0349,0.71
11587,replay,4000,0.0649,1.000,0.0349,0.70
11588,replay,4000,0.0602,1.000,0.0349,0.71
11589,replay,4000,0.0590,1.000,0.0350,0.70
11590,replay,4000,0.0837,1.000,0.0350,0.71
11591,es_step,4000,0.0481,0.938,0.0350,1.29
11592,replay,4000,0.0917,1.000,0.0351,0.70
11593,replay,4000,0.0935,1.000,0.0352,0.70
11594,replay,4000,0.0749,1.000,0.0353,0.71
11595,replay,4000,0.0773,1.000,0.0353,0.70
11596,replay,4000,0.0699,1.000,0.0353,0.71
11597,replay,4000,0.0591,1.000,0.0353,0.71
11598,es_step,4000,0.0246,1.000,0.0353,1.29
11599,replay,4000,0.0465,1.000,0.0353,0.71
11600,es_step,4000,-0.0024,1.000,0.0353,1.28
11601,replay,4000,0.0226,1.000,0.0352,0.71
11602,replay,4000,0.0145,1.000,0.0350,0.71
11603,es_step,4000,-0.0004,1.000,0.0350,1.28
11604,replay,4000,0.0233,1.000,0.0349,0.71
11605,es_step,4000,0.0152,1.000,0.0349,1.29
11606,replay,4000,0.0374,1.000,0.0349,0.70
11607,replay,4000,0.0174,1.000,0.0348,0.71
11608,replay,4000,0.0578,1.000,0.0348,0.71
11609,replay,4000,0.0641,1.000,0.0348,0.71
11610,replay,4000,0.0731,1.000,0.0348,0.71
11611,es_step,4000,0.0306,1.000,0.0348,1.28
11612,replay,4000,0.0495,1.000,0.0348,0.70
11613,replay,4000,0.0476,1.000,0.0348,0.70
11614,replay,4000,0.0784,1.000,0.0348,0.70
11615,es_step,4000,0.0255,1.000,0.0348,1.28
11616,replay,4000,0.0758,1.000,0.0348,0.70
11617,replay,4000,0.0469,1.000,0.0349,0.70
11618,replay,4000,0.0615,1.000,0.0349,0.70
11619,es_step,4000,0.0277,1.000,0.0349,1.28
11620,replay,4000,0.0713,1.000,0.0348,0.70
11621,replay,4000,0.0618,1.000,0.0349,0.70
11622,es_step,4000,0.0248,0.938,0.0349,1.27
11623,replay,4000,0.0542,1.000,0.0349,0.70
11624,replay,4000,0.0564,1.000,0.0348,0.70
11625,replay,4000,0.0650,1.000,0.0348,0.70
11626,replay,4000,0.0615,1.000,0.0349,0.70
11627,replay,4000,0.0559,1.000,0.0349,0.70
11628,replay,4000,0.0560,1.000,0.0349,0.70
11629,replay,4000,0.0396,1.000,0.0349,0.70
11630,replay,4000,0.0438,1.000,0.0349,0.70
11631,replay,4000,0.0464,1.000,0.0348,0.70
11632,es_step,4000,0.0346,0.938,0.0348,1.28
11633,replay,4000,0.0217,1.000,0.0349,0.70
11634,replay,4000,0.0452,1.000,0.0349,0.70
11635,replay,4000,0.0528,1.000,0.0349,0.70
11636,replay,4000,0.0626,1.000,0.0350,0.70
11637,es_step,4000,0.0180,1.000,0.0350,1.26
11638,es_step,4000,0.0396,0.938,0.0350,1.27
11639,replay,4000,0.0600,1.000,0.0350,0.70
11640,replay,4000,0.0704,1.000,0.0351,0.70
11641,replay,4000,0.0441,1.000,0.0351,0.70
11642,es_step,4000,0.0318,1.000,0.0351,1.28
11643,replay,4000,0.0636,1.000,0.0351,0.70
11644,es_step,4000,0.0399,0.938,0.0351,1.27
11645,replay,4000,0.0649,1.000,0.0352,0.70
11646,replay,4000,0.0618,1.000,0.0352,0.70
11647,replay,4000,0.0630,1.000,0.0352,0.70
11648,replay,4000,0.0550,1.000,0.0352,0.70
11649,replay,4000,0.0501,1.000,0.0352,0.70
11650,replay,4000,0.0491,1.000,0.0351,0.70
11651,replay,4000,0.0475,1.000,0.0351,0.70
11652,replay,4000,0.0333,1.000,0.0350,0.70
11653,replay,4000,0.0412,1.000,0.0350,0.70
11654,replay,4000,0.0629,1.000,0.0350,0.70
11655,replay,4000,0.0672,1.000,0.0350,0.70
11656,replay,4000,0.0651,1.000,0.0351,0.71
11657,replay,4000,0.0650,1.000,0.0351,0.70
11658,replay,4000,0.0784,1.000,0.0351,0.70
11659,replay,4000,0.0532,1.000,0.0351,0.71
11660,replay,4000,0.0491,1.000,0.0351,0.70
11661,replay,4000,0.0551,1.000,0.0351,0.70
11662,replay,4000,0.0694,1.000,0.0351,0.70
11663,replay,4000,0.0626,1.000,0.0352,0.70
11664,replay,4000,0.0523,1.000,0.0352,0.70
11665,replay,4000,0.0098,1.000,0.0351,0.70
11666,replay,4000,0.0238,1.000,0.0350,0.71
11667,replay,4000,0.0190,1.000,0.0349,0.70
11668,replay,4000,0.0369,1.000,0.0348,0.70
11669,replay,4000,0.0141,1.000,0.0347,0.70
11670,replay,4000,0.0161,1.000,0.0347,0.70
11671,es_step,4000,0.0199,1.000,0.0347,1.28
11672,replay,4000,0.0518,1.000,0.0347,0.71
11673,replay,4000,0.0607,1.000,0.0347,0.71
11674,es_step,4000,0.0221,0.938,0.0347,1.28
11675,replay,4000,0.0656,1.000,0.0347,0.70
11676,es_step,4000,0.0261,1.000,0.0347,1.28
11677,replay,4000,0.0595,1.000,0.0347,0.70
11678,replay,4000,0.0630,1.000,0.0347,0.70
11679,replay,4000,0.0535,1.000,0.0347,0.70
11680,replay,4000,0.0390,1.000,0.0347,0.70
11681,replay,4000,0.0596,1.000,0.0347,0.70
11682,replay,4000,0.0537,1.000,0.0346,0.70
11683,replay,4000,0.0663,1.000,0.0346,0.70
11684,replay,4000,0.0543,1.000,0.0346,0.70
11685,replay,4000,0.0649,1.000,0.0346,0.70
11686,replay,4000,0.0660,1.000,0.0347,0.70
11687,es_step,4000,0.0318,1.000,0.0347,1.28
11688,replay,4000,0.0625,1.000,0.0347,0.70
11689,replay,4000,0.0616,1.000,0.0347,0.70
11690,replay,4000,0.0502,1.000,0.0347,0.70
11691,replay,4000,0.0634,1.000,0.0348,0.70
11692,replay,4000,0.0704,1.000,0.0349,0.71
11693,replay,4000,0.1037,1.000,0.0349,0.71
11694,replay,4000,0.0821,1.000,0.0349,0.71
11695,replay,4000,0.0356,1.000,0.0350,0.70
11696,replay,4000,0.0694,1.000,0.0350,0.70
11697,es_step,4000,0.0375,1.000,0.0350,1.28
11698,replay,4000,0.0500,1.000,0.0350,0.70
11699,es_step,4000,0.0285,1.000,0.0350,1.28
11700,replay,4000,0.0683,1.000,0.0351,0.70
11701,es_step,4000,0.0383,1.000,0.0351,1.27
11702,replay,4000,0.0810,1.000,0.0352,0.70
11703,replay,4000,0.1121,1.000,0.0352,0.70
11704,replay,4000,0.1139,1.000,0.0353,0.70
11705,replay,4000,0.0946,1.000,0.0353,0.70
11706,replay,4000,0.0793,1.000,0.0354,0.70
11707,es_step,4000,0.0528,0.938,0.0355,1.27
11708,replay,4000,0.0613,1.000,0.0355,0.70
11709,replay,4000,0.0638,1.000,0.0355,0.71
11710,replay,4000,0.0739,1.000,0.0356,0.70
11711,replay,4000,0.0772,1.000,0.0356,0.70
11712,replay,4000,0.0827,1.000,0.0357,0.70
11713,replay,4000,0.0801,1.000,0.0357,0.70
11714,replay,4000,0.0659,1.000,0.0357,0.71
11715,replay,4000,0.0679,1.000,0.0358,0.70
11716,es_step,4000,0.0352,1.000,0.0358,1.28
11717,replay,4000,0.0742,1.000,0.0358,0.70
11718,replay,4000,0.0640,1.000,0.0358,0.70
11719,replay,4000,0.0555,1.000,0.0358,0.70
11720,es_step,4000,0.0281,1.000,0.0358,1.27
11721,replay,4000,0.0522,1.000,0.0358,0.69
11722,replay,4000,0.0456,1.000,0.0358,0.70
11723,es_step,4000,0.0177,1.000,0.0358,1.27
11724,replay,4000,0.0505,1.000,0.0358,0.70
11725,replay,4000,0.0385,1.000,0.0358,0.70
11726,replay,4000,0.0637,1.000,0.0357,0.70
11727,replay,4000,0.0495,1.000,0.0358,0.70
11728,es_step,4000,0.0289,1.000,0.0358,1.26
11729,replay,4000,0.0369,1.000,0.0357,0.69
11730,replay,4000,0.0256,1.000,0.0357,0.70
11731,replay,4000,0.0460,1.000,0.0357,0.69
11732,es_step,4000,0.0092,1.000,0.0357,1.25
11733,replay,4000,0.0597,1.000,0.0357,0.69
11734,replay,4000,0.0582,1.000,0.0356,0.70
11735,es_step,4000,0.0349,1.000,0.0357,1.25
11736,replay,4000,0.0695,1.000,0.0356,0.69
11737,replay,4000,0.0523,1.000,0.0356,0.69
11738,replay,4000,0.0571,1.000,0.0356,2.92
11739,replay,4000,0.0564,1.000,0.0356,0.70
11740,replay,4000,0.0515,1.000,0.0356,0.70
11741,replay,4000,0.0621,1.000,0.0356,0.70
11742,replay,4000,0.0539,1.000,0.0356,0.70
11743,replay,4000,0.0599,1.000,0.0356,0.70
11744,replay,4000,0.0598,1.000,0.0356,0.70
11745,replay,4000,0.0593,1.000,0.0357,0.70
11746,replay,4000,0.0808,1.000,0.0357,0.70
11747,replay,4000,0.0600,1.000,0.0357,0.70
11748,replay,4000,0.0728,1.000,0.0358,0.70
11749,replay,4000,0.0579,1.000,0.0358,0.70
11750,replay,4000,0.0476,1.000,0.0358,0.70
11751,replay,4000,0.0479,1.000,0.0358,0.70
11752,replay,4000,0.0461,1.000,0.0357,0.70
11753,es_step,4000,0.0060,1.000,0.0358,1.27
11754,replay,4000,0.0344,1.000,0.0357,0.70
11755,replay,4000,0.0391,1.000,0.0357,0.70
11756,es_step,4000,0.0212,0.812,0.0357,1.26
11757,replay,4000,0.0442,1.000,0.0357,0.69
11758,replay,4000,0.0484,1.000,0.0357,0.70
11759,replay,4000,0.0679,1.000,0.0357,0.70
11760,replay,4000,0.0622,1.000,0.0357,0.70
11761,replay,4000,0.0600,1.000,0.0357,0.70
11762,replay,4000,0.0650,1.000,0.0357,0.70
11763,replay,4000,0.0603,1.000,0.0357,0.70
11764,replay,4000,0.0469,1.000,0.0356,0.70
11765,es_step,4000,0.0139,1.000,0.0356,1.26
11766,replay,4000,0.0329,1.000,0.0356,0.69
11767,replay,4000,0.0277,1.000,0.0355,0.70
11768,replay,4000,0.0280,1.000,0.0355,0.69
11769,replay,4000,0.0323,1.000,0.0354,0.69
11770,replay,4000,0.0839,1.000,0.0354,0.70
11771,es_step,4000,-0.0013,1.000,0.0354,1.25
11772,es_step,4000,0.0099,0.875,0.0354,1.24
11773,es_step,4000,0.0113,1.000,0.0354,1.24
11774,replay,4000,0.0644,1.000,0.0354,0.69
11775,replay,4000,0.0747,1.000,0.0354,0.69
11776,replay,4000,0.0707,1.000,0.0354,0.69
11777,es_step,4000,0.0312,0.812,0.0354,1.24
11778,replay,4000,0.0661,1.000,0.0354,0.69
11779,replay,4000,0.0766,1.000,0.0355,0.69
11780,replay,4000,0.0820,1.000,0.0355,0.69
11781,replay,4000,0.0738,1.000,0.0356,0.69
11782,es_step,4000,0.0455,0.938,0.0356,1.24
11783,replay,4000,0.0628,1.000,0.0356,0.69
11784,replay,4000,0.0625,1.000,0.0357,0.70
11785,replay,4000,0.0625,1.000,0.0357,0.70
11786,replay,4000,0.0321,1.000,0.0357,0.70
11787,es_step,4000,0.0264,0.875,0.0357,1.27
11788,replay,4000,0.0386,1.000,0.0357,0.70
11789,replay,4000,0.0326,1.000,0.0357,0.70
11790,replay,4000,0.0765,1.000,0.0357,0.70
11791,replay,4000,0.0627,1.000,0.0357,0.70
11792,replay,4000,0.0672,1.000,0.0358,0.70
11793,replay,4000,0.0722,1.000,0.0358,0.70
11794,replay,4000,0.0568,1.000,0.0358,0.70
11795,replay,4000,0.0532,1.000,0.0358,0.69
11796,replay,4000,0.0452,1.000,0.0358,0.70
11797,es_step,4000,0.0149,1.000,0.0358,1.26
11798,replay,4000,0.0615,1.000,0.0358,0.69
11799,replay,4000,0.0458,1.000,0.0357,0.69
11800,es_step,4000,0.0150,1.000,0.0357,1.25
11801,replay,4000,0.0386,1.000,0.0357,0.69
11802,replay,4000,0.0403,1.000,0.0357,0.69
11803,es_step,4000,0.0234,1.000,0.0357,1.25
11804,es_step,4000,0.0176,1.000,0.0357,1.25
11805,replay,4000,0.0548,1.000,0.0356,0.69
11806,replay,4000,0.0333,1.000,0.0356,0.70
11807,replay,4000,0.0306,1.000,0.0356,0.69
11808,es_step,4000,0.0240,1.000,0.0356,1.24
11809,replay,4000,0.0653,1.000,0.0356,0.69
11810,replay,4000,0.0689,1.000,0.0356,0.69
11811,replay,4000,0.0550,1.000,0.0356,0.69
11812,es_step,4000,0.0144,1.000,0.0356,1.24
11813,replay,4000,0.0460,1.000,0.0356,0.69
11814,replay,4000,0.0461,1.000,0.0356,0.69
11815,replay,4000,0.0434,1.000,0.0358,0.69
11816,replay,4000,0.0352,1.000,0.0357,0.69
11817,replay,4000,0.0652,1.000,0.0358,0.69
11818,replay,4000,0.0816,1.000,0.0359,0.69
11819,replay,4000,0.0825,1.000,0.0361,0.69
11820,replay,4000,0.0822,1.000,0.0361,0.69
11821,replay,4000,0.0125,1.000,0.0361,0.70
11822,replay,4000,0.0679,1.000,0.0361,0.70
11823,replay,4000,0.0903,1.000,0.0362,0.69
11824,replay,4000,0.0848,1.000,0.0363,0.69
11825,replay,4000,0.0646,1.000,0.0364,0.69
11826,es_step,4000,0.0298,1.000,0.0364,1.27
11827,replay,4000,0.0571,1.000,0.0364,0.69
11828,replay,4000,0.0498,1.000,0.0364,0.69
11829,es_step,4000,0.0309,1.000,0.0364,1.26
11830,es_step,4000,0.0411,1.000,0.0364,1.24
11831,es_step,4000,0.0399,0.938,0.0364,1.24
11832,replay,4000,0.0548,1.000,0.0365,0.69
11833,es_step,4000,0.0456,0.875,0.0365,1.24
11834,replay,4000,0.0603,1.000,0.0365,0.69
11835,replay,4000,0.0728,1.000,0.0365,0.69
11836,es_step,4000,0.0331,1.000,0.0365,1.25
11837,replay,4000,0.0554,1.000,0.0365,0.69
11838,es_step,4000,0.0339,1.000,0.0365,1.24
11839,replay,4000,0.0536,1.000,0.0365,0.68
11840,replay,4000,0.0365,1.000,0.0364,0.69
11841,replay,4000,0.0863,1.000,0.0365,0.69
11842,es_step,4000,0.0447,1.000,0.0365,1.25
11843,es_step,4000,0.0452,1.000,0.0365,1.24
11844,es_step,4000,0.0426,1.000,0.0365,1.23
11845,replay,4000,0.0802,1.000,0.0366,0.69
11846,replay,4000,0.1013,1.000,0.0366,0.69
11847,replay,4000,0.0867,1.000,0.0367,0.69
11848,es_step,4000,0.0620,1.000,0.0368,1.25
11849,es_step,4000,0.0720,1.000,0.0370,1.23
11850,replay,4000,0.0984,1.000,0.0371,0.68
11851,replay,4000,0.0892,1.000,0.0371,0.68
11852,replay,4000,0.0717,1.000,0.0372,0.69
11853,replay,4000,0.0498,1.000,0.0372,0.69
11854,replay,4000,0.0463,1.000,0.0371,0.70
11855,replay,4000,0.0278,1.000,0.0370,0.69
11856,replay,4000,0.0240,1.000,0.0370,0.69
11857,es_step,4000,0.0083,1.000,0.0370,1.25
11858,replay,4000,0.0194,1.000,0.0369,0.70
11859,replay,4000,0.0174,1.000,0.0367,0.69
11860,replay,4000,0.0224,1.000,0.0367,0.69
11861,replay,4000,0.0294,1.000,0.0366,0.69
11862,replay,4000,0.0355,1.000,0.0365,0.70
11863,replay,4000,0.0328,1.000,0.0365,0.69
11864,es_step,4000,0.0153,1.000,0.0365,1.26
11865,replay,4000,0.0380,1.000,0.0364,0.69
11866,es_step,4000,0.0184,1.000,0.0364,1.26
11867,replay,4000,0.0411,1.000,0.0364,0.69
11868,replay,4000,0.0346,1.000,0.0363,0.69
11869,replay,4000,0.0244,1.000,0.0363,0.69
11870,replay,4000,0.0115,1.000,0.0362,0.69
11871,replay,4000,0.0248,1.000,0.0361,0.69
11872,replay,4000,0.0345,1.000,0.0361,0.69
11873,replay,4000,0.0328,1.000,0.0360,0.69
11874,replay,4000,0.0233,1.000,0.0359,0.69
11875,replay,4000,0.0245,1.000,0.0359,0.69
11876,replay,4000,0.0350,1.000,0.0358,0.69
11877,replay,4000,0.0415,1.000,0.0358,0.69
11878,es_step,4000,0.0296,0.938,0.0358,1.25
11879,replay,4000,0.0518,1.000,0.0358,0.69
11880,replay,4000,0.0477,1.000,0.0358,0.69
11881,replay,4000,0.0530,1.000,0.0358,0.69
11882,es_step,4000,0.0249,1.000,0.0358,1.26
11883,replay,4000,0.0692,1.000,0.0358,0.69
11884,es_step,4000,0.0300,1.000,0.0358,1.24
11885,replay,4000,0.0656,1.000,0.0358,0.68
11886,replay,4000,0.0530,1.000,0.0358,0.69
11887,replay,4000,0.0478,1.000,0.0358,0.69
11888,replay,4000,0.0628,1.000,0.0358,0.69
11889,es_step,4000,0.0310,1.000,0.0358,1.24
11890,replay,4000,0.0709,1.000,0.0358,0.69
11891,replay,4000,0.0963,1.000,0.0358,0.69
11892,replay,4000,0.1028,1.000,0.0359,0.69
11893,replay,4000,0.1082,1.000,0.0360,0.69
11894,replay,4000,0.0916,1.000,0.0360,0.69
11895,replay,4000,0.0951,1.000,0.0361,0.70
11896,replay,4000,0.0575,1.000,0.0361,0.70
11897,replay,4000,0.0644,1.000,0.0361,0.70
11898,replay,4000,0.0523,1.000,0.0361,0.70
11899,replay,4000,0.0445,1.000,0.0361,0.70
11900,es_step,4000,0.0367,1.000,0.0361,1.26
11901,replay,4000,0.0319,1.000,0.0361,0.69
11902,replay,4000,0.0702,1.000,0.0361,0.70
11903,replay,4000,0.0855,1.000,0.0361,0.70
11904,replay,4000,0.0815,1.000,0.0362,0.70
11905,replay,4000,0.0743,1.000,0.0362,0.70
11906,replay,4000,0.0419,1.000,0.0361,0.70
11907,replay,4000,0.0385,1.000,0.0361,0.70
11908,replay,4000,0.0308,1.000,0.0360,0.69
11909,replay,4000,0.0137,1.000,0.0359,0.69
11910,replay,4000,0.0149,1.000,0.0358,0.70
11911,replay,4000,0.0235,1.000,0.0357,0.70
11912,replay,4000,0.0368,1.000,0.0357,0.70
11913,replay,4000,0.0282,1.000,0.0357,0.70
11914,replay,4000,0.0327,1.000,0.0356,0.70
11915,es_step,4000,0.0305,1.000,0.0356,1.27
11916,es_step,4000,0.0314,1.000,0.0356,1.26
11917,replay,4000,0.0314,1.000,0.0356,0.70
11918,replay,4000,0.0376,1.000,0.0356,0.70
11919,replay,4000,0.0556,1.000,0.0356,0.70
11920,replay,4000,0.0450,1.000,0.0356,0.70
11921,replay,4000,0.0487,1.000,0.0356,0.70
11922,replay,4000,0.0547,1.000,0.0356,0.70
11923,replay,4000,0.0439,1.000,0.0356,0.70
11924,replay,4000,0.0509,1.000,0.0356,0.70
11925,replay,4000,0.0538,1.000,0.0356,0.70
11926,replay,4000,0.0655,1.000,0.0357,0.70
11927,es_step,4000,0.0399,1.000,0.0357,1.26
11928,es_step,4000,0.0429,0.938,0.0357,1.26
11929,replay,4000,0.0416,1.000,0.0356,0.69
11930,replay,4000,0.0598,1.000,0.0356,0.69
11931,replay,4000,0.0654,1.000,0.0356,0.69
11932,replay,4000,0.0554,1.000,0.0356,0.70
11933,es_step,4000,0.0388,1.000,0.0356,1.26
11934,replay,4000,0.0603,1.000,0.0357,0.69
11935,replay,4000,0.0614,1.000,0.0357,0.69
11936,es_step,4000,0.0351,0.938,0.0357,1.25
11937,replay,4000,0.0582,1.000,0.0357,0.69
11938,es_step,4000,0.0280,1.000,0.0357,1.24
11939,replay,4000,0.0514,1.000,0.0358,0.69
11940,replay,4000,0.0441,1.000,0.0358,0.69
11941,replay,4000,0.0348,1.000,0.0358,0.70
11942,replay,4000,0.0315,1.000,0.0357,0.70
11943,es_step,4000,0.0105,0.938,0.0357,1.27
11944,replay,4000,0.0221,1.000,0.0357,0.70
11945,replay,4000,0.0263,1.000,0.0356,0.70
11946,replay,4000,0.0366,1.000,0.0355,0.69
11947,replay,4000,0.0360,1.000,0.0355,0.70
11948,replay,4000,0.0414,1.000,0.0355,0.70
11949,replay,4000,0.0723,1.000,0.0355,0.70
11950,replay,4000,0.0715,1.000,0.0355,0.70
11951,replay,4000,0.0640,1.000,0.0355,0.70
11952,replay,4000,0.0576,1.000,0.0355,0.70
11953,es_step,4000,0.0234,0.875,0.0355,1.28
11954,replay,4000,0.0429,1.000,0.0355,0.70
11955,replay,4000,0.0343,1.000,0.0354,0.70
11956,es_step,4000,0.0022,1.000,0.0354,1.27
11957,replay,4000,0.0729,1.000,0.0354,0.70
11958,replay,4000,0.0618,1.000,0.0354,0.70
11959,es_step,4000,0.0253,0.938,0.0354,1.27
11960,replay,4000,0.0563,1.000,0.0354,0.70
11961,replay,4000,0.0585,1.000,0.0354,0.70
11962,replay,4000,0.0549,1.000,0.0354,0.70
11963,replay,4000,0.0578,1.000,0.0354,0.70
11964,replay,4000,0.0557,1.000,0.0354,0.70
11965,es_step,4000,0.0287,0.938,0.0354,1.25
11966,replay,4000,0.0488,1.000,0.0354,0.69
11967,replay,4000,0.0591,1.000,0.0354,0.70
11968,replay,4000,0.0317,1.000,0.0354,0.70
11969,replay,4000,0.0353,1.000,0.0354,0.70
11970,replay,4000,0.0463,1.000,0.0353,0.70
11971,replay,4000,0.0379,1.000,0.0353,0.70
11972,es_step,4000,0.0192,0.812,0.0353,1.26
11973,replay,4000,0.0611,1.000,0.0353,0.70
11974,replay,4000,0.0564,1.000,0.0353,0.70
11975,es_step,4000,0.0280,0.938,0.0353,1.26
11976,replay,4000,0.0416,1.000,0.0353,0.70
11977,es_step,4000,0.0275,1.000,0.0353,1.24
11978,replay,4000,0.0585,1.000,0.0353,0.69
11979,es_step,4000,0.0121,1.000,0.0353,1.24
11980,replay,4000,0.0581,1.000,0.0353,0.69
11981,es_step,4000,0.0067,1.000,0.0353,1.26
11982,replay,4000,0.0444,1.000,0.0352,0.68
11983,es_step,4000,0.0043,1.000,0.0352,1.21
11984,replay,4000,0.0163,1.000,0.0352,0.66
11985,replay,4000,0.0114,1.000,0.0351,0.67
11986,replay,4000,0.0275,1.000,0.0350,0.69
11987,es_step,4000,0.0078,1.000,0.0350,1.25
11988,replay,4000,-0.0123,1.000,0.0350,0.68
11989,replay,4000,0.0459,1.000,0.0350,0.69
11990,replay,4000,0.0826,1.000,0.0350,0.69
11991,replay,4000,0.0509,1.000,0.0349,0.69
11992,es_step,4000,0.0257,1.000,0.0349,1.26
11993,replay,4000,0.0731,1.000,0.0349,0.70
11994,replay,4000,0.0703,1.000,0.0349,0.70
11995,replay,4000,0.0781,1.000,0.0350,0.70
11996,replay,4000,0.0671,1.000,0.0350,0.70
11997,replay,4000,0.0607,1.000,0.0350,0.70
11998,replay,4000,0.0631,1.000,0.0350,0.70
11999,replay,4000,0.0718,1.000,0.0351,0.69
12000,replay,4000,0.0631,1.000,0.0351,0.72
12001,replay,4000,0.0825,1.000,0.0351,0.72
12002,replay,4000,0.0665,1.000,0.0352,0.72
12003,replay,4000,0.0840,1.000,0.0352,0.72
12004,replay,4000,0.0691,1.000,0.0353,0.72
12005,es_step,4000,0.0207,1.000,0.0353,1.30
12006,replay,4000,0.0679,1.000,0.0353,0.71
12007,replay,4000,0.0590,1.000,0.0353,0.71
12008,replay,4000,0.0518,1.000,0.0353,0.71
12009,replay,4000,0.0608,1.000,0.0353,0.71
12010,replay,4000,0.0550,1.000,0.0352,0.71
12011,replay,4000,0.0418,1.000,0.0352,0.71
12012,replay,4000,0.0626,1.000,0.0352,0.71
12013,replay,4000,0.0823,1.000,0.0352,0.71
12014,replay,4000,0.0690,1.000,0.0352,0.71
12015,replay,4000,0.0617,1.000,0.0352,0.71
12016,es_step,4000,0.0181,1.000,0.0352,1.30
12017,replay,4000,0.0679,1.000,0.0352,0.70
12018,es_step,4000,0.0241,1.000,0.0352,1.28
12019,replay,4000,0.0688,1.000,0.0353,0.70
12020,replay,4000,0.0581,1.000,0.0353,0.71
12021,es_step,4000,0.0265,1.000,0.0353,1.29
12022,replay,4000,0.0679,1.000,0.0353,0.71
12023,es_step,4000,0.0190,1.000,0.0353,1.28
12024,replay,4000,0.0626,1.000,0.0353,0.71
12025,es_step,4000,0.0144,1.000,0.0353,1.29
12026,replay,4000,0.0683,1.000,0.0353,0.70
12027,replay,4000,0.0586,1.000,0.0353,0.71
12028,replay,4000,0.0447,1.000,0.0353,0.71
12029,replay,4000,0.0436,1.000,0.0353,0.71
12030,es_step,4000,0.0164,1.000,0.0353,1.30
12031,replay,4000,0.0537,1.000,0.0353,0.71
12032,replay,4000,-0.0067,1.000,0.0352,0.70
12033,replay,4000,0.0485,1.000,0.0352,0.71
12034,replay,4000,0.0758,1.000,0.0354,0.71
12035,replay,4000,0.1172,1.000,0.0355,0.70
12036,replay,4000,0.1575,1.000,0.0355,0.71
12037,replay,4000,0.1270,1.000,0.0355,0.71
12038,es_step,4000,0.0457,1.000,0.0356,3.51
12039,replay,4000,0.1198,1.000,0.0356,0.71
12040,replay,4000,0.1233,1.000,0.0356,0.71
12041,replay,4000,0.0718,1.000,0.0357,0.71
12042,replay,4000,0.0726,1.000,0.0357,0.71
12043,replay,4000,0.0969,1.000,0.0357,0.71
12044,es_step,4000,0.0399,1.000,0.0357,1.29
12045,replay,4000,0.0851,1.000,0.0358,0.70
12046,es_step,4000,0.0215,1.000,0.0358,1.28
12047,replay,4000,0.0716,1.000,0.0358,0.70
12048,replay,4000,0.0346,1.000,0.0358,0.71
12049,es_step,4000,0.0029,1.000,0.0358,1.27
12050,es_step,4000,0.0008,1.000,0.0358,1.25
12051,replay,4000,0.0180,1.000,0.0357,0.69
12052,replay,4000,0.0259,1.000,0.0357,0.69
12053,es_step,4000,0.0112,1.000,0.0357,1.26
12054,replay,4000,0.0417,1.000,0.0356,0.69
12055,replay,4000,0.0586,1.000,0.0356,0.69
12056,es_step,4000,0.0218,1.000,0.0356,1.24
12057,replay,4000,0.0349,1.000,0.0357,0.69
12058,replay,4000,0.0635,1.000,0.0357,0.69
12059,replay,4000,0.0428,1.000,0.0356,0.70
12060,es_step,4000,0.0077,1.000,0.0356,1.26
12061,replay,4000,0.0554,1.000,0.0356,0.69
12062,replay,4000,0.0303,1.000,0.0356,0.69
12063,es_step,4000,-0.0106,1.000,0.0356,1.25
12064,replay,4000,0.0149,1.000,0.0355,0.70
12065,replay,4000,0.0124,1.000,0.0353,0.70
12066,es_step,4000,0.0012,1.000,0.0353,1.26
12067,es_step,4000,-0.0004,1.000,0.0353,1.26
12068,es_step,4000,-0.0039,0.938,0.0353,1.25
12069,replay,4000,0.0219,1.000,0.0353,0.69
12070,replay,4000,0.0249,1.000,0.0352,0.70
12071,es_step,4000,0.0062,1.000,0.0352,1.25
12072,replay,4000,0.0368,1.000,0.0352,0.69
12073,replay,4000,0.0502,1.000,0.0351,0.70
12074,replay,4000,0.0352,1.000,0.0351,0.69
12075,replay,4000,0.0320,1.000,0.0351,0.70
12076,replay,4000,0.0380,1.000,0.0351,0.70
12077,replay,4000,0.0505,1.000,0.0350,0.70
12078,replay,4000,0.0641,1.000,0.0350,0.70
12079,replay,4000,0.0495,1.000,0.0350,0.70
12080,replay,4000,0.0070,1.000,0.0350,0.70
12081,replay,4000,0.0333,1.000,0.0350,0.70
12082,replay,4000,0.0493,1.000,0.0349,0.70
12083,replay,4000,0.0455,1.000,0.0349,0.70
12084,replay,4000,0.0632,1.000,0.0350,0.70
12085,replay,4000,0.0794,1.000,0.0350,0.70
12086,replay,4000,0.0983,1.000,0.0350,0.70
12087,es_step,4000,0.0454,1.000,0.0351,1.26
12088,es_step,4000,0.0407,1.000,0.0351,1.27
12089,replay,4000,0.0735,1.000,0.0351,0.70
12090,replay,4000,0.1242,1.000,0.0352,0.70
12091,replay,4000,0.1168,1.000,0.0354,0.71
12092,replay,4000,0.1157,1.000,0.0355,0.71
12093,replay,4000,0.1106,1.000,0.0356,0.71
12094,replay,4000,0.1139,1.000,0.0356,0.71
12095,replay,4000,0.0752,1.000,0.0357,0.71
12096,replay,4000,0.0898,1.000,0.0358,0.71
12097,replay,4000,0.0804,1.000,0.0359,0.71
12098,replay,4000,0.0640,1.000,0.0359,0.71
12099,replay,4000,0.0732,1.000,0.0359,0.72
12100,replay,4000,0.0405,1.000,0.0359,0.72
12101,replay,4000,0.0395,1.000,0.0358,0.72
12102,replay,4000,0.0469,1.000,0.0358,0.71
12103,es_step,4000,0.0129,1.000,0.0358,1.29
12104,replay,4000,0.0523,1.000,0.0357,0.71
12105,replay,4000,0.0352,1.000,0.0357,0.71
12106,es_step,4000,0.0126,1.000,0.0357,1.29
12107,replay,4000,0.0374,1.000,0.0356,0.71
12108,replay,4000,0.0372,1.000,0.0356,0.71
12109,replay,4000,0.0498,1.000,0.0356,0.71
12110,replay,4000,0.0499,1.000,0.0356,0.71
12111,replay,4000,0.0477,1.000,0.0356,0.71
12112,replay,4000,0.0539,1.000,0.0356,0.71
12113,replay,4000,0.0332,1.000,0.0356,0.72
12114,es_step,4000,0.0218,1.000,0.0356,1.29
12115,es_step,4000,0.0238,1.000,0.0356,1.28
12116,replay,4000,0.0439,1.000,0.0355,0.70
12117,replay,4000,0.0684,1.000,0.0355,0.71
12118,es_step,4000,0.0213,1.000,0.0355,1.28
12119,replay,4000,0.0639,1.000,0.0355,0.71
12120,es_step,4000,0.0255,1.000,0.0355,1.27
12121,replay,4000,0.0570,1.000,0.0355,0.70
12122,replay,4000,0.0463,1.000,0.0355,0.70
12123,es_step,4000,0.0425,1.000,0.0355,1.26
12124,replay,4000,0.0810,1.000,0.0355,0.70
12125,replay,4000,0.0804,1.000,0.0356,0.70
12126,replay,4000,0.0448,1.000,0.0356,0.71
12127,replay,4000,0.0770,1.000,0.0356,0.71
12128,replay,4000,0.0719,1.000,0.0357,0.71
12129,replay,4000,0.0846,1.000,0.0358,0.71
12130,replay,4000,0.0842,1.000,0.0358,0.71
12131,replay,4000,0.0799,1.000,0.0358,0.71
12132,replay,4000,0.0481,1.000,0.0358,0.71
12133,replay,4000,0.0437,1.000,0.0357,0.71
12134,es_step,4000,0.0099,1.000,0.0357,1.28
12135,replay,4000,0.0503,1.000,0.0357,0.70
12136,replay,4000,0.0577,1.000,0.0357,0.71
12137,replay,4000,0.0400,1.000,0.0357,0.71
12138,replay,4000,0.0312,1.000,0.0357,0.71
12139,es_step,4000,0.0058,1.000,0.0357,1.29
12140,replay,4000,0.0636,1.000,0.0357,0.70
12141,replay,4000,0.0604,1.000,0.0356,0.70
12142,replay,4000,0.0413,1.000,0.0356,0.71
12143,replay,4000,0.0532,1.000,0.0356,0.71
12144,replay,4000,0.0669,1.000,0.0356,0.71
12145,replay,4000,0.0810,1.000,0.0356,0.71
12146,replay,4000,0.0586,1.000,0.0355,0.71
12147,replay,4000,0.0385,1.000,0.0355,0.71
12148,replay,4000,0.0487,1.000,0.0355,0.71
12149,es_step,4000,0.0025,1.000,0.0355,1.29
12150,replay,4000,0.0567,1.000,0.0355,0.71
12151,replay,4000,0.0595,1.000,0.0355,0.70
12152,replay,4000,0.0644,1.000,0.0355,0.70
12153,replay,4000,0.0618,1.000,0.0355,0.71
12154,replay,4000,0.0745,1.000,0.0355,0.71
12155,es_step,4000,0.0143,1.000,0.0355,1.29
12156,es_step,4000,0.0107,1.000,0.0355,1.28
12157,replay,4000,0.0600,1.000,0.0356,0.70
12158,replay,4000,0.0801,1.000,0.0356,0.71
12159,replay,4000,0.0556,1.000,0.0356,0.71
12160,replay,4000,0.0645,1.000,0.0356,0.71
12161,replay,4000,0.0676,1.000,0.0356,0.71
12162,replay,4000,0.0618,1.000,0.0356,0.71
12163,replay,4000,0.0503,1.000,0.0356,0.71
12164,replay,4000,0.0420,1.000,0.0356,0.71
12165,replay,4000,0.0340,1.000,0.0355,0.71
12166,replay,4000,0.0318,1.000,0.0354,0.71
12167,replay,4000,0.0374,1.000,0.0354,0.71
12168,es_step,4000,0.0020,1.000,0.0354,1.28
12169,replay,4000,0.0426,1.000,0.0354,0.70
12170,replay,4000,0.0312,1.000,0.0353,0.71
12171,replay,4000,0.0358,1.000,0.0353,0.71
12172,replay,4000,0.0401,1.000,0.0353,0.71
12173,replay,4000,0.0606,1.000,0.0353,0.71
12174,replay,4000,0.0397,1.000,0.0352,0.71
12175,es_step,4000,0.0148,1.000,0.0354,1.28
12176,es_step,4000,0.0106,1.000,0.0354,1.27
12177,replay,4000,0.0440,1.000,0.0354,0.70
12178,replay,4000,0.0336,1.000,0.0353,0.71
12179,replay,4000,0.0448,1.000,0.0353,0.71
12180,es_step,4000,0.0044,1.000,0.0353,1.29
12181,replay,4000,0.0425,1.000,0.0353,0.71
12182,es_step,4000,0.0114,1.000,0.0353,1.28
12183,replay,4000,0.0520,1.000,0.0352,0.70
12184,replay,4000,0.0373,1.000,0.0352,0.71
12185,replay,4000,0.0164,1.000,0.0351,0.71
12186,replay,4000,0.0357,1.000,0.0351,0.70
12187,replay,4000,0.0590,1.000,0.0350,0.70
12188,replay,4000,0.0547,1.000,0.0350,0.73
12189,es_step,4000,0.0203,1.000,0.0350,1.28
12190,es_step,4000,0.0141,1.000,0.0350,1.26
12191,replay,4000,0.0423,1.000,0.0350,0.70
12192,replay,4000,0.0087,1.000,0.0350,0.70
12193,replay,4000,0.0731,1.000,0.0351,0.70
12194,replay,4000,0.0726,1.000,0.0351,0.70
12195,replay,4000,0.0738,1.000,0.0351,0.70
12196,replay,4000,0.0703,1.000,0.0352,0.70
12197,replay,4000,0.0633,1.000,0.0352,0.71
12198,replay,4000,0.0523,1.000,0.0353,0.71
12199,replay,4000,0.0618,1.000,0.0353,0.71
12200,replay,4000,0.0620,1.000,0.0353,0.71
12201,es_step,4000,0.0195,1.000,0.0353,1.28
12202,replay,4000,0.1025,1.000,0.0353,0.70
12203,replay,4000,0.0576,1.000,0.0353,0.71
12204,replay,4000,0.0205,1.000,0.0353,0.70
12205,replay,4000,0.0773,1.000,0.0353,0.70
12206,replay,4000,0.0664,1.000,0.0353,0.71
12207,replay,4000,0.0897,1.000,0.0354,0.71
12208,replay,4000,0.0710,1.000,0.0354,0.71
12209,es_step,4000,0.0460,1.000,0.0354,1.29
12210,replay,4000,0.0861,1.000,0.0355,0.71
12211,replay,4000,0.0690,1.000,0.0355,0.71
12212,replay,4000,0.0802,1.000,0.0356,0.70
12213,es_step,4000,0.0406,1.000,0.0356,1.27
12214,es_step,4000,0.0389,1.000,0.0356,1.26
12215,es_step,4000,0.0361,1.000,0.0356,1.25
12216,replay,4000,0.0787,1.000,0.0357,0.69
12217,replay,4000,0.0694,1.000,0.0357,0.70
12218,replay,4000,0.0709,1.000,0.0357,0.70
12219,replay,4000,0.0732,1.000,0.0358,0.70
12220,replay,4000,0.0687,1.000,0.0358,0.70
12221,replay,4000,0.0670,1.000,0.0358,0.70
12222,replay,4000,0.0511,1.000,0.0358,0.70
12223,replay,4000,0.0530,1.000,0.0358,0.71
12224,es_step,4000,0.0297,1.000,0.0358,1.28
12225,replay,4000,0.0519,1.000,0.0358,0.70
12226,replay,4000,0.0435,1.000,0.0358,0.71
12227,replay,4000,0.0526,1.000,0.0358,0.71
12228,replay,4000,0.0536,1.000,0.0358,0.71
12229,replay,4000,0.0597,1.000,0.0357,0.71
12230,replay,4000,0.0334,1.000,0.0356,0.71
12231,replay,4000,0.0568,1.000,0.0356,0.71
12232,replay,4000,0.0609,1.000,0.0356,0.71
12233,replay,4000,0.0767,1.000,0.0356,0.71
12234,es_step,4000,0.0366,1.000,0.0356,1.28
12235,es_step,4000,0.0376,1.000,0.0356,1.27
12236,replay,4000,0.0675,1.000,0.0357,0.70
12237,replay,4000,0.0786,1.000,0.0357,0.70
12238,replay,4000,0.0656,1.000,0.0358,0.70
12239,replay,4000,0.0825,1.000,0.0358,0.70
12240,es_step,4000,0.0384,1.000,0.0358,1.27
12241,replay,4000,0.0811,1.000,0.0358,0.70
12242,es_step,4000,0.0354,1.000,0.0358,1.26
12243,es_step,4000,0.0365,1.000,0.0359,1.25
12244,replay,4000,0.0681,1.000,0.0359,0.70
12245,es_step,4000,0.0402,0.938,0.0359,1.27
12246,replay,4000,0.0763,1.000,0.0360,0.70
12247,replay,4000,0.0749,1.000,0.0360,0.69
12248,replay,4000,0.0690,1.000,0.0361,0.70
12249,replay,4000,0.0598,1.000,0.0361,0.70
12250,replay,4000,0.0802,1.000,0.0361,0.70
12251,replay,4000,0.0778,1.000,0.0362,0.71
12252,replay,4000,0.0770,1.000,0.0362,0.71
12253,replay,4000,0.0734,1.000,0.0362,0.70
12254,replay,4000,0.0699,1.000,0.0363,0.70
12255,es_step,4000,0.0230,1.000,0.0363,1.28
12256,replay,4000,0.0622,1.000,0.0363,0.71
12257,replay,4000,0.0591,1.000,0.0363,0.71
12258,replay,4000,0.0532,1.000,0.0363,0.70
12259,replay,4000,0.0493,1.000,0.0363,0.70
12260,replay,4000,0.0355,1.000,0.0362,0.71
12261,replay,4000,0.0163,1.000,0.0362,0.71
12262,replay,4000,0.0151,1.000,0.0361,0.71
12263,replay,4000,0.0498,1.000,0.0361,0.71
12264,replay,4000,0.0299,1.000,0.0360,0.71
12265,replay,4000,0.0371,1.000,0.0360,0.70
12266,es_step,4000,0.0240,1.000,0.0360,1.27
12267,replay,4000,0.0662,1.000,0.0360,0.71
12268,replay,4000,0.0562,1.000,0.0360,0.71
12269,replay,4000,0.0517,1.000,0.0360,0.70
12270,replay,4000,0.0644,1.000,0.0361,0.71
12271,replay,4000,0.0650,1.000,0.0361,0.70
12272,es_step,4000,0.0447,1.000,0.0361,1.29
12273,replay,4000,0.0720,1.000,0.0362,0.71
12274,replay,4000,0.0658,1.000,0.0362,0.71
12275,replay,4000,0.0678,1.000,0.0362,0.71
12276,replay,4000,0.0564,1.000,0.0362,0.71
12277,es_step,4000,0.0094,1.000,0.0362,1.30
12278,replay,4000,0.0408,1.000,0.0362,0.71
12279,replay,4000,0.0449,1.000,0.0362,0.71
12280,replay,4000,0.0586,1.000,0.0361,0.71
12281,replay,4000,0.0395,1.000,0.0361,0.71
12282,replay,4000,0.0361,1.000,0.0360,0.71
12283,replay,4000,0.0397,1.000,0.0360,0.72
12284,replay,4000,0.0160,1.000,0.0360,0.71
12285,replay,4000,0.0313,1.000,0.0359,0.71
12286,replay,4000,0.0396,1.000,0.0359,0.71
12287,replay,4000,0.0547,1.000,0.0359,0.71
12288,replay,4000,0.0591,1.000,0.0359,0.71
12289,replay,4000,0.0513,1.000,0.0359,0.71
12290,replay,4000,0.0419,1.000,0.0359,0.70
12291,replay,4000,0.0471,1.000,0.0359,0.71
12292,replay,4000,0.0288,1.000,0.0359,0.71
12293,replay,4000,0.0249,1.000,0.0358,0.71
12294,replay,4000,0.0162,1.000,0.0357,0.71
12295,es_step,4000,0.0027,1.000,0.0357,1.29
12296,replay,4000,0.0213,1.000,0.0356,0.70
12297,replay,4000,0.0189,1.000,0.0356,0.71
12298,es_step,4000,0.0079,0.938,0.0356,1.28
12299,replay,4000,0.0337,1.000,0.0355,0.71
12300,replay,4000,0.0386,1.000,0.0355,0.71
12301,replay,4000,0.0260,1.000,0.0354,0.70
12302,es_step,4000,0.0134,1.000,0.0354,1.27
12303,es_step,4000,0.0166,0.938,0.0354,1.26
12304,replay,4000,0.0484,1.000,0.0354,0.70
12305,es_step,4000,0.0189,1.000,0.0354,1.26
12306,replay,4000,0.0257,1.000,0.0354,0.70
12307,replay,4000,0.0558,1.000,0.0354,0.70
12308,replay,4000,0.0512,1.000,0.0353,0.70
12309,es_step,4000,0.0194,1.000,0.0353,1.25
12310,replay,4000,0.0367,1.000,0.0353,0.69
12311,replay,4000,0.0254,1.000,0.0353,0.70
12312,replay,4000,0.0347,1.000,0.0352,0.70
12313,replay,4000,0.0935,1.000,0.0352,0.70
12314,replay,4000,0.0796,1.000,0.0352,0.70
12315,replay,4000,0.0750,1.000,0.0351,0.71
12316,replay,4000,0.0652,1.000,0.0351,0.71
12317,es_step,4000,0.0288,1.000,0.0351,1.29
12318,es_step,4000,0.0303,1.000,0.0352,1.27
12319,es_step,4000,0.0351,1.000,0.0352,1.27
12320,replay,4000,0.0647,1.000,0.0352,0.70
12321,replay,4000,0.0668,1.000,0.0352,0.71
12322,es_step,4000,0.0256,0.938,0.0352,1.28
12323,replay,4000,0.0610,1.000,0.0352,0.70
12324,replay,4000,0.0533,1.000,0.0351,0.71
12325,replay,4000,0.0460,1.000,0.0351,0.71
12326,replay,4000,0.0256,1.000,0.0350,0.70
12327,replay,4000,0.0270,1.000,0.0349,0.70
12328,replay,4000,0.0200,1.000,0.0349,0.71
12329,replay,4000,0.0480,1.000,0.0349,0.71
12330,replay,4000,0.0578,1.000,0.0349,0.70
12331,es_step,4000,0.0345,0.938,0.0349,1.27
12332,es_step,4000,0.0349,1.000,0.0349,1.27
12333,replay,4000,0.0744,1.000,0.0350,0.71
12334,replay,4000,0.0647,1.000,0.0350,0.71
12335,replay,4000,0.0596,1.000,0.0350,0.71
12336,replay,4000,0.0542,1.000,0.0350,0.71
12337,replay,4000,0.0449,1.000,0.0349,0.71
12338,replay,4000,0.0246,1.000,0.0349,0.71
12339,replay,4000,0.0498,1.000,0.0349,2.93
12340,replay,4000,0.0302,1.000,0.0349,0.71
12341,replay,4000,0.0476,1.000,0.0348,0.71
12342,replay,4000,0.0273,1.000,0.0348,0.71
12343,replay,4000,0.0537,1.000,0.0348,0.71
12344,replay,4000,0.0496,1.000,0.0348,0.71
12345,replay,4000,0.0360,1.000,0.0348,0.72
12346,replay,4000,0.0591,1.000,0.0348,0.71
12347,replay,4000,0.0536,1.000,0.0348,0.71
12348,replay,4000,0.0492,1.000,0.0348,0.71
12349,replay,4000,0.0550,1.000,0.0349,0.71
12350,replay,4000,0.0598,1.000,0.0348,0.71
12351,es_step,4000,0.0352,1.000,0.0348,1.30
12352,replay,4000,0.0579,1.000,0.0349,0.71
12353,es_step,4000,0.0345,1.000,0.0349,1.29
12354,replay,4000,0.0545,1.000,0.0349,0.71
12355,replay,4000,0.0528,1.000,0.0349,0.71
12356,replay,4000,0.0382,1.000,0.0349,0.71
12357,replay,4000,0.0341,1.000,0.0348,0.71
12358,es_step,4000,0.0302,1.000,0.0348,1.28
12359,es_step,4000,0.0211,1.000,0.0348,1.27
12360,replay,4000,0.0331,1.000,0.0348,0.70
12361,replay,4000,0.0456,1.000,0.0348,0.71
12362,replay,4000,0.0536,1.000,0.0348,0.71
12363,replay,4000,0.0830,1.000,0.0349,0.71
12364,replay,4000,0.0660,1.000,0.0349,0.71
12365,replay,4000,0.0978,1.000,0.0350,0.71
12366,replay,4000,0.0884,1.000,0.0351,0.71
12367,replay,4000,0.1057,1.000,0.0351,0.71
12368,es_step,4000,0.0699,1.000,0.0353,1.29
12369,replay,4000,0.0821,1.000,0.0354,0.71
12370,replay,4000,0.0954,1.000,0.0355,0.71
12371,replay,4000,0.0883,1.000,0.0356,0.70
12372,replay,4000,0.0722,1.000,0.0356,0.71
12373,replay,4000,0.0520,1.000,0.0356,0.71
12374,replay,4000,0.0326,1.000,0.0355,0.71
12375,es_step,4000,-0.0032,1.000,0.0355,1.30
12376,replay,4000,0.0199,1.000,0.0354,0.71
12377,es_step,4000,-0.0029,1.000,0.0354,1.28
12378,replay,4000,0.0197,1.000,0.0353,0.71
12379,es_step,4000,-0.0043,0.875,0.0353,1.27
12380,replay,4000,0.0207,1.000,0.0353,0.70
12381,replay,4000,0.0376,1.000,0.0352,0.70
12382,replay,4000,0.0407,1.000,0.0352,0.70
12383,replay,4000,0.0366,1.000,0.0351,0.71
12384,replay,4000,0.0349,1.000,0.0351,0.71
12385,replay,4000,0.0427,1.000,0.0350,0.71
12386,replay,4000,0.0374,1.000,0.0350,0.71
12387,replay,4000,0.0664,1.000,0.0350,0.71
12388,replay,4000,0.0066,1.000,0.0350,0.71
12389,replay,4000,0.0501,1.000,0.0351,0.71
12390,es_step,4000,0.0420,0.875,0.0351,1.30
12391,replay,4000,0.0896,1.000,0.0351,0.71
12392,replay,4000,0.0773,1.000,0.0351,0.71
12393,replay,4000,0.0802,1.000,0.0353,0.71
12394,replay,4000,0.0806,1.000,0.0354,0.72
12395,replay,4000,0.0687,1.000,0.0355,0.72
12396,replay,4000,0.0567,1.000,0.0355,0.72
12397,replay,4000,0.0487,1.000,0.0355,0.72
12398,replay,4000,0.0339,1.000,0.0354,0.72
12399,es_step,4000,0.0185,1.000,0.0355,1.31
12400,es_step,4000,0.0291,0.812,0.0355,1.30
12401,replay,4000,0.0642,1.000,0.0354,0.71
12402,replay,4000,0.0649,1.000,0.0355,0.71
12403,replay,4000,0.0354,1.000,0.0354,0.71
12404,replay,4000,0.0374,1.000,0.0354,0.71
12405,replay,4000,0.0518,1.000,0.0354,0.71
12406,replay,4000,0.0435,1.000,0.0353,0.71
12407,replay,4000,0.0175,1.000,0.0353,0.71
12408,replay,4000,0.0443,1.000,0.0353,0.71
12409,es_step,4000,0.0238,1.000,0.0353,1.31
12410,es_step,4000,0.0235,1.000,0.0353,1.28
12411,replay,4000,0.0267,1.000,0.0352,0.70
12412,replay,4000,0.0347,1.000,0.0352,0.70
12413,replay,4000,0.0593,1.000,0.0353,0.70
12414,replay,4000,0.0580,1.000,0.0353,0.70
12415,replay,4000,0.0651,1.000,0.0353,0.70
12416,es_step,4000,0.0379,1.000,0.0353,1.28
12417,replay,4000,0.0592,1.000,0.0353,0.70
12418,replay,4000,0.0577,1.000,0.0353,0.71
12419,replay,4000,0.0497,1.000,0.0353,0.71
12420,es_step,4000,0.0175,1.000,0.0353,1.29
12421,replay,4000,0.0333,1.000,0.0353,0.70
12422,replay,4000,0.0737,1.000,0.0352,0.70
12423,replay,4000,0.0389,1.000,0.0351,0.71
12424,replay,4000,0.0418,1.000,0.0351,0.71
12425,replay,4000,0.0592,1.000,0.0352,0.71
12426,replay,4000,0.0632,1.000,0.0352,0.71
12427,replay,4000,0.0644,1.000,0.0352,0.72
12428,es_step,4000,0.0430,0.938,0.0352,1.30
12429,replay,4000,0.0650,1.000,0.0352,0.71
12430,replay,4000,0.0635,1.000,0.0353,0.71
12431,replay,4000,0.0471,1.000,0.0353,0.71
12432,replay,4000,0.0496,1.000,0.0352,0.72
12433,replay,4000,0.0473,1.000,0.0352,0.72
12434,replay,4000,0.0462,1.000,0.0352,0.72
12435,replay,4000,0.0486,1.000,0.0352,0.72
12436,es_step,4000,0.0289,1.000,0.0352,1.31
12437,replay,4000,0.0329,1.000,0.0352,0.72
12438,replay,4000,0.0401,1.000,0.0352,0.71
12439,replay,4000,0.0323,1.000,0.0352,0.71
12440,replay,4000,0.0356,1.000,0.0351,0.71
12441,replay,4000,0.0468,1.000,0.0351,0.72
12442,replay,4000,0.0564,1.000,0.0351,0.71
12443,replay,4000,0.0273,1.000,0.0351,0.72
12444,replay,4000,0.0530,1.000,0.0351,0.71
12445,replay,4000,0.0634,1.000,0.0351,0.71
12446,replay,4000,0.0565,1.000,0.0351,0.72
12447,replay,4000,0.0531,1.000,0.0351,0.71
12448,replay,4000,0.0557,1.000,0.0351,0.72
12449,es_step,4000,0.0293,1.000,0.0351,1.31
12450,replay,4000,0.0534,1.000,0.0351,0.72
12451,replay,4000,0.0374,1.000,0.0350,0.71
12452,es_step,4000,0.0077,1.000,0.0350,1.30
12453,replay,4000,0.0347,1.000,0.0350,0.71
12454,es_step,4000,0.0111,1.000,0.0350,1.29
12455,replay,4000,0.0358,1.000,0.0349,0.71
12456,es_step,4000,0.0126,1.000,0.0349,1.29
12457,replay,4000,0.0234,1.000,0.0348,0.71
12458,replay,4000,0.0458,1.000,0.0347,0.71
12459,replay,4000,0.0279,1.000,0.0347,0.71
12460,replay,4000,0.0212,1.000,0.0346,0.71
12461,replay,4000,0.0718,1.000,0.0346,0.71
12462,replay,4000,0.0671,1.000,0.0346,0.71
12463,replay,4000,0.0602,1.000,0.0346,0.71
12464,replay,4000,0.0429,1.000,0.0346,0.71
12465,es_step,4000,0.0307,1.000,0.0346,1.29
12466,replay,4000,0.0724,1.000,0.0347,0.70
12467,replay,4000,0.0724,1.000,0.0347,0.71
12468,replay,4000,0.0628,1.000,0.0347,0.71
12469,replay,4000,0.0673,1.000,0.0348,0.71
12470,replay,4000,0.0679,1.000,0.0348,0.71
12471,replay,4000,0.0693,1.000,0.0348,0.71
12472,es_step,4000,0.0365,1.000,0.0348,1.28
12473,replay,4000,0.0599,1.000,0.0348,0.71
12474,replay,4000,0.0651,1.000,0.0348,0.71
12475,es_step,4000,0.0239,1.000,0.0348,1.29
12476,replay,4000,0.0531,1.000,0.0348,0.70
12477,replay,4000,0.0189,1.000,0.0347,0.71
12478,replay,4000,0.0312,1.000,0.0347,0.71
12479,replay,4000,0.0314,1.000,0.0346,0.71
12480,es_step,4000,0.0077,1.000,0.0346,1.29
12481,es_step,4000,0.0043,1.000,0.0346,1.29
12482,replay,4000,0.0230,1.000,0.0345,0.70
12483,replay,4000,0.0422,1.000,0.0345,0.71
12484,replay,4000,0.0409,1.000,0.0344,0.70
12485,replay,4000,0.0455,1.000,0.0345,0.71
12486,replay,4000,0.0408,1.000,0.0345,0.70
12487,replay,4000,0.0521,1.000,0.0344,0.70
12488,replay,4000,0.0524,1.000,0.0344,0.70
12489,replay,4000,0.0346,1.000,0.0344,0.70
12490,replay,4000,0.0301,1.000,0.0343,0.70
12491,replay,4000,0.0467,1.000,0.0343,0.71
12492,replay,4000,0.0421,1.000,0.0343,0.71
12493,es_step,4000,0.0158,1.000,0.0343,1.29
12494,es_step,4000,0.0107,1.000,0.0343,1.28
12495,replay,4000,0.0303,1.000,0.0343,0.70
12496,replay,4000,0.0233,1.000,0.0342,0.70
12497,es_step,4000,0.0060,1.000,0.0342,1.27
12498,es_step,4000,0.0036,1.000,0.0342,1.28
12499,replay,4000,0.0425,1.000,0.0342,0.71
12500,replay,4000,0.0372,1.000,0.0342,0.70
12501,replay,4000,0.0411,1.000,0.0341,0.71
12502,replay,4000,0.0373,1.000,0.0341,0.71
12503,replay,4000,0.0637,1.000,0.0340,0.71
12504,replay,4000,0.0632,1.000,0.0340,0.71
12505,replay,4000,0.0545,1.000,0.0340,0.72
12506,replay,4000,0.0551,1.000,0.0340,0.71
12507,es_step,4000,0.0117,1.000,0.0340,1.29
12508,replay,4000,0.0496,1.000,0.0340,0.71
12509,replay,4000,0.0524,1.000,0.0340,0.71
12510,replay,4000,0.0550,1.000,0.0340,0.71
12511,es_step,4000,0.0102,1.000,0.0340,1.29
12512,replay,4000,0.0541,1.000,0.0340,0.71
12513,es_step,4000,0.0055,1.000,0.0340,1.29
12514,es_step,4000,0.0088,1.000,0.0340,1.28
12515,replay,4000,0.0393,1.000,0.0339,0.71
12516,replay,4000,0.0372,1.000,0.0339,0.70
12517,replay,4000,0.0477,1.000,0.0339,0.70
12518,es_step,4000,0.0090,1.000,0.0339,1.27
12519,replay,4000,0.0528,1.000,0.0338,0.70
12520,es_step,4000,0.0030,1.000,0.0338,1.27
12521,replay,4000,0.0445,1.000,0.0338,0.70
12522,replay,4000,0.0345,1.000,0.0338,0.70
12523,replay,4000,0.0609,1.000,0.0338,0.70
12524,replay,4000,0.0420,1.000,0.0337,0.71
12525,replay,4000,0.0292,1.000,0.0337,0.71
12526,es_step,4000,0.0254,1.000,0.0337,1.28
12527,replay,4000,0.0601,1.000,0.0337,0.70
12528,replay,4000,0.0672,1.000,0.0337,0.70
12529,replay,4000,0.0583,1.000,0.0338,0.71
12530,replay,4000,0.0748,1.000,0.0338,0.71
12531,es_step,4000,0.0215,1.000,0.0338,1.31
12532,replay,4000,0.0609,1.000,0.0338,0.71
12533,es_step,4000,0.0159,1.000,0.0338,1.29
12534,replay,4000,0.0590,1.000,0.0338,0.71
12535,replay,4000,0.0558,1.000,0.0338,0.71
12536,replay,4000,0.0557,1.000,0.0338,0.71
12537,replay,4000,0.0528,1.000,0.0338,0.71
12538,replay,4000,0.0426,1.000,0.0338,0.71
12539,replay,4000,0.0307,1.000,0.0337,0.71
12540,replay,4000,0.0191,1.000,0.0336,0.71
12541,es_step,4000,-0.0083,1.000,0.0336,1.28
12542,replay,4000,0.0256,1.000,0.0336,0.70
12543,replay,4000,0.0295,1.000,0.0335,0.71
12544,es_step,4000,-0.0083,1.000,0.0335,1.27
12545,replay,4000,0.0178,1.000,0.0334,0.70
12546,replay,4000,0.0409,1.000,0.0334,0.70
12547,replay,4000,0.0504,1.000,0.0334,0.71
12548,replay,4000,0.0560,1.000,0.0334,0.72
12549,replay,4000,0.0581,1.000,0.0334,0.71
12550,es_step,4000,0.0212,0.938,0.0334,1.29
12551,replay,4000,0.0575,1.000,0.0334,0.71
12552,es_step,4000,0.0151,1.000,0.0334,1.28
12553,replay,4000,0.0618,1.000,0.0334,0.71
12554,es_step,4000,0.0162,1.000,0.0334,1.29
12555,es_step,4000,0.0076,1.000,0.0334,1.28
12556,replay,4000,0.0608,1.000,0.0334,0.71
12557,replay,4000,0.0578,1.000,0.0334,0.70
12558,replay,4000,0.0413,1.000,0.0334,0.71
12559,replay,4000,0.0544,1.000,0.0334,0.71
12560,replay,4000,0.0519,1.000,0.0334,0.71
12561,replay,4000,0.0433,1.000,0.0334,0.71
12562,replay,4000,0.0421,1.000,0.0333,0.71
12563,replay,4000,0.0506,1.000,0.0333,0.71
12564,replay,4000,0.0602,1.000,0.0333,0.71
12565,replay,4000,0.0560,1.000,0.0333,0.71
12566,es_step,4000,0.0044,1.000,0.0333,1.29
12567,replay,4000,0.0533,1.000,0.0333,0.71
12568,replay,4000,0.0488,1.000,0.0333,0.71
12569,replay,4000,0.0553,1.000,0.0333,0.71
12570,replay,4000,0.0410,1.000,0.0332,0.71
12571,replay,4000,0.0513,1.000,0.0332,0.71
12572,replay,4000,0.0161,1.000,0.0332,0.71
12573,replay,4000,0.0243,1.000,0.0331,0.71
12574,es_step,4000,-0.0001,1.000,0.0331,1.30
12575,replay,4000,0.0417,1.000,0.0331,0.71
12576,replay,4000,0.0420,1.000,0.0331,0.71
12577,es_step,4000,0.0077,0.938,0.0331,1.29
12578,replay,4000,0.0372,1.000,0.0330,0.71
12579,es_step,4000,0.0145,1.000,0.0330,1.29
12580,replay,4000,0.0455,1.000,0.0330,0.71
12581,replay,4000,0.0441,1.000,0.0330,0.71
12582,es_step,4000,0.0159,0.938,0.0330,1.29
12583,replay,4000,0.0392,1.000,0.0330,0.70
12584,replay,4000,0.0268,1.000,0.0329,0.71
12585,replay,4000,0.0218,1.000,0.0328,0.71
12586,replay,4000,0.0358,1.000,0.0328,0.71
12587,replay,4000,0.0299,1.000,0.0328,0.71
12588,replay,4000,0.0463,1.000,0.0329,0.71
12589,replay,4000,0.0390,1.000,0.0329,0.71
12590,replay,4000,0.0460,1.000,0.0328,0.71
12591,replay,4000,0.0390,1.000,0.0328,0.71
12592,replay,4000,0.0114,1.000,0.0328,0.71
12593,es_step,4000,0.0273,0.938,0.0328,1.29
12594,replay,4000,0.0600,1.000,0.0329,0.70
12595,replay,4000,0.0760,1.000,0.0330,0.71
12596,es_step,4000,0.0367,1.000,0.0330,1.29
12597,replay,4000,0.0731,1.000,0.0330,0.71
12598,replay,4000,0.0803,1.000,0.0331,0.71
12599,replay,4000,0.0727,1.000,0.0331,0.71
12600,replay,4000,0.0721,1.000,0.0332,0.71
12601,replay,4000,0.0489,1.000,0.0332,0.71
12602,replay,4000,0.0869,1.000,0.0333,0.72
12603,replay,4000,0.0781,1.000,0.0333,0.71
12604,replay,4000,0.0723,1.000,0.0334,0.71
12605,replay,4000,0.0729,1.000,0.0334,0.71
12606,replay,4000,0.0724,1.000,0.0335,0.71
12607,replay,4000,0.0702,1.000,0.0335,0.71
12608,replay,4000,0.0804,1.000,0.0336,0.71
12609,replay,4000,0.0825,1.000,0.0337,0.71
12610,replay,4000,0.0642,1.000,0.0337,0.72
12611,replay,4000,0.0584,1.000,0.0337,0.71
12612,es_step,4000,0.0050,0.875,0.0337,1.30
12613,es_step,4000,0.0119,1.000,0.0337,1.29
12614,replay,4000,0.0398,1.000,0.0336,0.71
12615,replay,4000,0.0457,1.000,0.0336,0.71
12616,es_step,4000,-0.0038,1.000,0.0336,1.29
12617,replay,4000,0.0346,1.000,0.0335,0.71
12618,replay,4000,0.0255,1.000,0.0335,0.71
12619,replay,4000,0.0291,1.000,0.0334,0.71
12620,replay,4000,0.0371,1.000,0.0334,0.71
12621,replay,4000,0.0301,1.000,0.0333,0.71
12622,replay,4000,0.0374,1.000,0.0333,0.71
12623,replay,4000,0.0240,1.000,0.0332,0.72
12624,replay,4000,0.0240,1.000,0.0331,0.72
12625,replay,4000,0.0343,1.000,0.0331,0.72
12626,es_step,4000,-0.0008,1.000,0.0331,1.29
12627,replay,4000,0.0385,1.000,0.0331,0.71
12628,replay,4000,0.0374,1.000,0.0330,0.72
12629,replay,4000,0.0572,1.000,0.0330,0.71
12630,es_step,4000,0.0039,1.000,0.0330,1.30
12631,replay,4000,0.0498,1.000,0.0330,0.71
12632,replay,4000,0.0508,1.000,0.0330,0.71
12633,replay,4000,0.0327,1.000,0.0330,0.71
12634,replay,4000,0.0533,1.000,0.0330,0.71
12635,es_step,4000,0.0023,1.000,0.0330,1.29
12636,replay,4000,0.0572,1.000,0.0330,0.71
12637,replay,4000,0.0613,1.000,0.0330,0.71
12638,replay,4000,0.0580,1.000,0.0329,0.71
12639,replay,4000,0.0576,1.000,0.0329,0.71
12640,es_step,4000,0.0045,1.000,0.0329,1.29
12641,replay,4000,0.0624,1.000,0.0329,0.71
12642,replay,4000,0.0620,1.000,0.0329,0.71
12643,replay,4000,0.0542,1.000,0.0329,2.93
12644,replay,4000,0.0609,1.000,0.0329,0.71
12645,replay,4000,0.0610,1.000,0.0329,0.71
12646,replay,4000,0.0531,1.000,0.0329,0.71
12647,replay,4000,0.0585,1.000,0.0328,0.71
12648,replay,4000,0.0657,1.000,0.0328,0.71
12649,replay,4000,0.0450,1.000,0.0328,0.71
12650,replay,4000,0.0690,1.000,0.0328,0.71
12651,replay,4000,0.0599,1.000,0.0329,0.71
12652,es_step,4000,0.0045,0.938,0.0329,1.28
12653,replay,4000,0.0494,1.000,0.0328,0.71
12654,es_step,4000,-0.0099,1.000,0.0328,1.29
12655,replay,4000,0.0368,1.000,0.0328,0.71
12656,replay,4000,0.0297,1.000,0.0327,0.70
12657,replay,4000,0.0318,1.000,0.0326,0.70
12658,replay,4000,0.0319,1.000,0.0325,0.70
12659,replay,4000,0.0249,1.000,0.0325,0.70
12660,replay,4000,0.0366,1.000,0.0324,0.71
12661,replay,4000,0.0591,1.000,0.0324,0.71
12662,replay,4000,0.0542,1.000,0.0324,0.71
12663,replay,4000,0.0519,1.000,0.0324,0.70
12664,replay,4000,0.0516,1.000,0.0323,0.71
12665,replay,4000,0.0438,1.000,0.0323,0.71
12666,es_step,4000,0.0042,1.000,0.0323,1.29
12667,replay,4000,0.0377,1.000,0.0322,0.70
12668,es_step,4000,0.0121,1.000,0.0322,1.28
12669,replay,4000,0.0279,1.000,0.0322,0.71
12670,replay,4000,0.0587,1.000,0.0322,0.71
12671,replay,4000,0.0668,1.000,0.0322,0.71
12672,es_step,4000,0.0218,0.938,0.0322,1.29
12673,es_step,4000,0.0269,0.875,0.0322,1.29
12674,es_step,4000,0.0222,1.000,0.0322,1.28
12675,replay,4000,0.0563,1.000,0.0322,0.70
12676,es_step,4000,0.0319,0.938,0.0322,1.28
12677,replay,4000,0.0536,1.000,0.0322,0.70
12678,replay,4000,0.0549,1.000,0.0322,0.70
12679,replay,4000,0.0471,1.000,0.0322,0.71
12680,replay,4000,0.0300,1.000,0.0321,0.71
12681,replay,4000,0.0374,1.000,0.0321,0.71
12682,es_step,4000,0.0115,1.000,0.0321,1.28
12683,es_step,4000,0.0109,0.812,0.0321,1.27
12684,replay,4000,0.0326,1.000,0.0320,0.71
12685,replay,4000,0.0500,1.000,0.0319,0.71
12686,replay,4000,0.0421,1.000,0.0319,0.71
12687,replay,4000,0.0379,1.000,0.0319,0.71
12688,es_step,4000,0.0141,0.875,0.0319,1.29
12689,replay,4000,0.0255,1.000,0.0318,0.70
12690,replay,4000,0.0155,1.000,0.0318,0.71
12691,es_step,4000,0.0278,0.938,0.0318,1.30
12692,replay,4000,0.0699,1.000,0.0319,0.71
12693,es_step,4000,0.0549,1.000,0.0319,1.27
12694,replay,4000,0.0813,1.000,0.0320,0.70
12695,es_step,4000,0.0562,1.000,0.0321,1.26
12696,replay,4000,0.0841,1.000,0.0321,0.69
12697,replay,4000,0.0749,1.000,0.0321,0.69
12698,replay,4000,0.0634,1.000,0.0322,0.70
12699,replay,4000,0.0587,1.000,0.0322,0.70
12700,replay,4000,0.0597,1.000,0.0322,0.70
12701,replay,4000,0.0552,1.000,0.0322,0.71
12702,replay,4000,0.0627,1.000,0.0321,0.70
12703,replay,4000,0.0556,1.000,0.0322,0.71
12704,replay,4000,0.0645,1.000,0.0322,0.71
12705,replay,4000,0.0610,1.000,0.0322,0.71
12706,replay,4000,0.0454,1.000,0.0322,0.71
12707,es_step,4000,0.0124,1.000,0.0322,1.28
12708,es_step,4000,0.0076,1.000,0.0322,1.27
12709,es_step,4000,0.0085,1.000,0.0322,1.24
12710,es_step,4000,0.0085,1.000,0.0322,1.24
12711,replay,4000,0.0341,1.000,0.0322,0.69
12712,es_step,4000,0.0020,1.000,0.0322,1.25
12713,replay,4000,0.0145,1.000,0.0321,0.69
12714,replay,4000,0.0328,1.000,0.0321,0.69
12715,replay,4000,0.0023,1.000,0.0320,0.70
12716,replay,4000,0.0237,1.000,0.0319,0.70
12717,replay,4000,0.0405,1.000,0.0319,0.71
12718,replay,4000,0.0646,1.000,0.0319,0.71
12719,es_step,4000,0.0298,1.000,0.0319,1.28
12720,replay,4000,0.0548,1.000,0.0319,0.70
12721,replay,4000,0.0514,1.000,0.0319,0.70
12722,replay,4000,0.0614,1.000,0.0319,0.70
12723,replay,4000,0.0524,1.000,0.0319,0.70
12724,es_step,4000,0.0182,1.000,0.0319,1.28
12725,replay,4000,0.0502,1.000,0.0319,0.71
12726,replay,4000,0.0259,1.000,0.0319,0.71
12727,replay,4000,0.0370,1.000,0.0318,0.71
12728,replay,4000,0.0321,1.000,0.0318,0.70
12729,replay,4000,0.0254,1.000,0.0318,0.71
12730,replay,4000,0.0542,1.000,0.0318,0.71
12731,replay,4000,0.0862,1.000,0.0318,0.71
12732,replay,4000,0.0759,1.000,0.0318,0.71
12733,replay,4000,0.0669,1.000,0.0319,0.71
12734,replay,4000,0.0706,1.000,0.0319,0.71
12735,replay,4000,0.0566,1.000,0.0321,0.81
12736,replay,4000,0.0474,1.000,0.0321,0.70
12737,es_step,4000,0.0210,0.938,0.0321,1.29
12738,es_step,4000,0.0169,0.938,0.0321,1.28
12739,replay,4000,0.0485,1.000,0.0321,0.70
12740,replay,4000,0.0407,1.000,0.0320,0.71
12741,replay,4000,0.0467,1.000,0.0320,0.71
12742,replay,4000,0.0567,1.000,0.0320,0.70
12743,es_step,4000,0.0218,1.000,0.0320,1.27
12744,replay,4000,0.0488,1.000,0.0319,0.70
12745,replay,4000,0.0690,1.000,0.0319,0.71
12746,replay,4000,0.0698,1.000,0.0319,0.70
12747,es_step,4000,0.0247,1.000,0.0319,1.27
12748,replay,4000,0.0539,1.000,0.0319,0.70
12749,replay,4000,0.0563,1.000,0.0319,0.70
12750,es_step,4000,0.0230,1.000,0.0319,1.27
12751,replay,4000,0.0567,1.000,0.0319,0.70
12752,replay,4000,0.0596,1.000,0.0319,0.71
12753,replay,4000,0.0605,1.000,0.0320,0.70
12754,replay,4000,0.0573,1.000,0.0320,0.70
12755,replay,4000,0.0676,1.000,0.0320,0.71
12756,es_step,4000,0.0286,1.000,0.0320,1.27
12757,replay,4000,0.0721,1.000,0.0321,0.70
12758,replay,4000,0.0705,1.000,0.0321,0.70
12759,replay,4000,0.0601,1.000,0.0321,0.70
12760,replay,4000,0.0559,1.000,0.0321,0.70
12761,replay,4000,0.0279,1.000,0.0320,0.70
12762,replay,4000,0.0374,1.000,0.0319,0.70
12763,es_step,4000,-0.0096,1.000,0.0319,1.27
12764,replay,4000,0.0205,1.000,0.0318,0.70
12765,es_step,4000,-0.0055,1.000,0.0318,1.26
12766,replay,4000,0.0005,1.000,0.0318,0.69
12767,replay,4000,0.0217,1.000,0.0317,0.69
12768,replay,4000,0.0344,1.000,0.0317,0.70
12769,es_step,4000,0.0151,1.000,0.0317,1.25
12770,replay,4000,0.0330,1.000,0.0316,0.69
12771,replay,4000,0.0369,1.000,0.0316,0.69
12772,replay,4000,0.0434,1.000,0.0316,0.69
12773,replay,4000,0.0475,1.000,0.0316,0.69
12774,replay,4000,0.0426,1.000,0.0315,0.70
12775,es_step,4000,0.0361,1.000,0.0315,1.27
12776,es_step,4000,0.0362,1.000,0.0315,1.25
12777,replay,4000,0.0496,1.000,0.0316,0.69
12778,replay,4000,0.0729,1.000,0.0316,0.69
12779,replay,4000,0.0658,1.000,0.0316,0.69
12780,replay,4000,0.0556,1.000,0.0316,0.69
12781,replay,4000,0.0453,1.000,0.0316,0.70
12782,replay,4000,0.0345,1.000,0.0316,0.69
12783,replay,4000,0.0319,1.000,0.0315,0.70
12784,replay,4000,0.0206,1.000,0.0315,0.70
12785,replay,4000,0.0208,1.000,0.0314,0.70
12786,replay,4000,0.0308,1.000,0.0314,0.70
12787,replay,4000,0.0285,1.000,0.0313,0.70
12788,replay,4000,0.0365,1.000,0.0313,0.70
12789,replay,4000,0.0516,1.000,0.0313,0.70
12790,es_step,4000,0.0226,1.000,0.0313,1.27
12791,replay,4000,0.0297,1.000,0.0313,0.70
12792,replay,4000,0.0456,1.000,0.0313,0.70
12793,replay,4000,0.0649,1.000,0.0313,0.70
12794,replay,4000,0.0710,1.000,0.0313,0.71
12795,replay,4000,0.0724,1.000,0.0314,0.70
12796,replay,4000,0.0690,1.000,0.0314,0.70
12797,replay,4000,0.0659,1.000,0.0314,0.70
12798,replay,4000,0.0611,1.000,0.0314,0.70
12799,replay,4000,0.0582,1.000,0.0315,0.71
12800,replay,4000,0.0521,1.000,0.0315,0.70
12801,es_step,4000,0.0177,1.000,0.0315,1.28
12802,es_step,4000,0.0209,1.000,0.0315,1.26
12803,replay,4000,0.0466,1.000,0.0315,0.69
12804,replay,4000,0.0453,1.000,0.0315,0.69
12805,replay,4000,0.0226,1.000,0.0314,0.69
12806,replay,4000,0.0239,1.000,0.0314,0.70
12807,replay,4000,0.0230,1.000,0.0314,0.70
12808,replay,4000,0.0348,1.000,0.0313,0.71
12809,es_step,4000,0.0080,1.000,0.0313,1.28
12810,replay,4000,0.0182,1.000,0.0313,0.70
12811,replay,4000,0.0324,1.000,0.0313,0.70
12812,es_step,4000,0.0269,1.000,0.0313,1.27
12813,replay,4000,0.1024,1.000,0.0313,0.70
12814,replay,4000,0.0556,1.000,0.0313,0.70
12815,replay,4000,0.0788,1.000,0.0313,0.70
12816,es_step,4000,0.0304,0.938,0.0313,1.27
12817,replay,4000,0.0727,1.000,0.0313,0.70
12818,replay,4000,0.0552,1.000,0.0314,0.70
12819,replay,4000,0.0609,1.000,0.0314,0.70
12820,replay,4000,0.0808,1.000,0.0314,0.70
12821,replay,4000,0.0627,1.000,0.0314,0.70
12822,replay,4000,0.0462,1.000,0.0314,0.70
12823,replay,4000,0.0580,1.000,0.0314,0.70
12824,replay,4000,0.0455,1.000,0.0314,0.70
12825,replay,4000,0.0500,1.000,0.0314,0.70
12826,replay,4000,0.0552,1.000,0.0314,0.70
12827,replay,4000,0.0489,1.000,0.0314,0.70
12828,replay,4000,0.0332,1.000,0.0314,0.70
12829,replay,4000,0.0081,1.000,0.0313,0.70
12830,replay,4000,-0.0102,1.000,0.0312,0.70
12831,replay,4000,0.0157,1.000,0.0311,0.70
12832,replay,4000,0.0423,1.000,0.0311,0.70
12833,replay,4000,0.0441,1.000,0.0311,0.71
12834,replay,4000,0.0595,1.000,0.0311,0.70
12835,es_step,4000,0.0413,1.000,0.0311,1.28
12836,replay,4000,0.0500,1.000,0.0311,0.70
12837,replay,4000,0.0717,1.000,0.0312,0.70
12838,replay,4000,0.0712,1.000,0.0312,0.71
12839,replay,4000,0.0706,1.000,0.0313,0.71
12840,es_step,4000,0.0502,1.000,0.0313,1.29
12841,replay,4000,0.0665,1.000,0.0313,0.71
12842,replay,4000,0.0711,1.000,0.0314,0.71
12843,replay,4000,0.0655,1.000,0.0314,0.71
12844,es_step,4000,0.0783,1.000,0.0317,1.28
12845,replay,4000,0.0961,1.000,0.0318,0.70
12846,es_step,4000,0.0824,0.938,0.0319,1.28
12847,replay,4000,0.1024,1.000,0.0319,0.70
12848,replay,4000,0.0979,1.000,0.0320,0.70
12849,replay,4000,0.0901,1.000,0.0321,0.70
12850,replay,4000,0.0788,1.000,0.0321,0.70
12851,replay,4000,0.0588,1.000,0.0321,0.70
12852,replay,4000,0.0459,1.000,0.0321,0.70
12853,replay,4000,0.0251,1.000,0.0320,0.70
12854,replay,4000,0.0171,1.000,0.0319,0.70
12855,es_step,4000,0.0093,0.938,0.0319,1.27
12856,es_step,4000,0.0059,1.000,0.0319,1.27
12857,replay,4000,0.0198,1.000,0.0318,0.70
12858,replay,4000,0.0211,1.000,0.0317,0.70
12859,replay,4000,0.0236,1.000,0.0317,0.70
12860,replay,4000,0.0293,1.000,0.0316,0.70
12861,replay,4000,0.0312,1.000,0.0316,0.70
12862,replay,4000,0.0416,1.000,0.0316,0.70
12863,es_step,4000,0.0333,0.875,0.0316,1.27
12864,replay,4000,0.0445,1.000,0.0316,0.70
12865,replay,4000,0.0367,1.000,0.0315,0.70
12866,replay,4000,0.0488,1.000,0.0315,0.70
12867,replay,4000,0.0380,1.000,0.0315,0.70
12868,replay,4000,0.0655,1.000,0.0316,0.70
12869,replay,4000,0.0402,1.000,0.0315,0.70
12870,es_step,4000,0.0392,0.875,0.0315,1.26
12871,replay,4000,0.0547,1.000,0.0316,0.70
12872,replay,4000,0.0641,1.000,0.0316,0.69
12873,replay,4000,0.0423,1.000,0.0316,0.69
12874,replay,4000,0.0454,1.000,0.0316,0.70
12875,replay,4000,0.0528,1.000,0.0316,0.70
12876,replay,4000,0.0533,1.000,0.0316,0.70
12877,replay,4000,0.0386,1.000,0.0316,0.70
12878,replay,4000,0.0332,1.000,0.0316,0.70
12879,replay,4000,0.0411,1.000,0.0316,0.70
12880,replay,4000,0.0473,1.000,0.0316,0.70
12881,replay,4000,0.0469,1.000,0.0316,0.70
12882,replay,4000,0.0542,1.000,0.0316,0.70
12883,replay,4000,0.0707,1.000,0.0316,0.70
12884,es_step,4000,0.0321,1.000,0.0316,1.27
12885,replay,4000,0.0663,1.000,0.0317,0.70
12886,replay,4000,0.0421,1.000,0.0317,0.70
12887,replay,4000,0.0569,1.000,0.0317,0.70
12888,replay,4000,0.0605,1.000,0.0317,0.70
12889,es_step,4000,0.0251,1.000,0.0317,1.27
12890,es_step,4000,0.0228,0.875,0.0317,1.27
12891,es_step,4000,0.0246,0.875,0.0317,1.28
12892,replay,4000,0.0553,1.000,0.0317,0.70
12893,es_step,4000,0.0219,0.938,0.0317,1.27
12894,replay,4000,0.0561,1.000,0.0317,0.70
12895,replay,4000,0.0625,1.000,0.0317,0.70
12896,replay,4000,0.0555,1.000,0.0317,0.70
12897,replay,4000,0.0519,1.000,0.0317,0.70
12898,replay,4000,0.0605,1.000,0.0317,0.69
12899,replay,4000,0.0569,1.000,0.0317,0.69
12900,es_step,4000,0.0132,0.938,0.0317,1.26
12901,replay,4000,0.0571,1.000,0.0318,0.69
12902,replay,4000,0.0625,1.000,0.0318,0.69
12903,es_step,4000,0.0236,0.875,0.0318,1.26
12904,replay,4000,0.0609,1.000,0.0318,0.69
12905,replay,4000,0.0610,1.000,0.0318,0.69
12906,replay,4000,0.0647,1.000,0.0318,0.69
12907,replay,4000,0.0749,1.000,0.0318,0.69
12908,replay,4000,0.0600,1.000,0.0318,0.70
12909,replay,4000,0.0532,1.000,0.0318,0.70
12910,es_step,4000,0.0255,0.812,0.0318,1.26
12911,replay,4000,0.0583,1.000,0.0319,0.70
12912,replay,4000,0.0580,1.000,0.0319,0.70
12913,replay,4000,0.0590,1.000,0.0319,0.70
12914,replay,4000,0.0396,1.000,0.0319,0.70
12915,replay,4000,0.0588,1.000,0.0319,0.71
12916,replay,4000,0.0541,1.000,0.0319,0.71
12917,es_step,4000,0.0277,0.938,0.0319,1.27
12918,replay,4000,0.0577,1.000,0.0319,0.70
12919,replay,4000,0.0526,1.000,0.0319,0.70
12920,replay,4000,0.0466,1.000,0.0319,0.70
12921,replay,4000,0.0435,1.000,0.0318,0.70
12922,es_step,4000,0.0282,1.000,0.0318,1.27
12923,replay,4000,0.0568,1.000,0.0318,0.70
12924,es_step,4000,0.0224,1.000,0.0318,1.27
12925,replay,4000,0.0462,1.000,0.0318,0.70
12926,es_step,4000,0.0118,0.938,0.0318,1.26
12927,replay,4000,0.0388,1.000,0.0318,0.69
12928,es_step,4000,0.0165,1.000,0.0318,1.25
12929,es_step,4000,0.0122,0.875,0.0318,1.24
12930,replay,4000,0.0418,1.000,0.0317,0.69
12931,replay,4000,0.0373,1.000,0.0317,0.69
12932,replay,4000,0.0486,1.000,0.0317,0.69
12933,replay,4000,0.0524,1.000,0.0317,0.69
12934,replay,4000,0.0618,1.000,0.0317,0.70
12935,es_step,4000,0.0301,1.000,0.0317,1.26
12936,replay,4000,0.0691,1.000,0.0317,0.69
12937,es_step,4000,0.0300,1.000,0.0317,1.25
12938,replay,4000,0.0496,1.000,0.0317,0.69
12939,replay,4000,0.0681,1.000,0.0317,0.69
12940,es_step,4000,0.0373,1.000,0.0317,3.47
12941,replay,4000,0.0599,1.000,0.0318,0.69
12942,replay,4000,0.0684,1.000,0.0318,0.69
12943,replay,4000,0.0585,1.000,0.0318,0.69
12944,es_step,4000,0.0220,0.875,0.0318,1.26
12945,replay,4000,0.0476,1.000,0.0318,0.70
12946,replay,4000,0.0594,1.000,0.0318,0.82
12947,replay,4000,0.0502,1.000,0.0318,0.70
12948,es_step,4000,0.0151,1.000,0.0318,1.26
12949,replay,4000,0.0262,1.000,0.0318,0.70
12950,replay,4000,0.0251,1.000,0.0317,0.71
12951,replay,4000,-0.0056,1.000,0.0316,0.70
12952,replay,4000,0.0277,1.000,0.0316,0.70
12953,es_step,4000,0.0146,0.938,0.0316,1.27
12954,replay,4000,0.0397,1.000,0.0316,0.70
12955,replay,4000,0.0398,1.000,0.0316,0.69
12956,replay,4000,0.0475,1.000,0.0316,0.70
12957,es_step,4000,0.0167,0.938,0.0316,1.26
12958,replay,4000,0.0400,1.000,0.0316,0.69
12959,replay,4000,0.0503,1.000,0.0316,0.69
12960,es_step,4000,0.0140,1.000,0.0316,1.24
12961,replay,4000,0.0553,1.000,0.0316,0.69
12962,es_step,4000,0.0118,1.000,0.0316,1.24
12963,es_step,4000,0.0120,0.875,0.0316,1.24
12964,replay,4000,0.0491,1.000,0.0316,0.68
12965,replay,4000,0.0526,1.000,0.0316,0.68
12966,replay,4000,0.0620,1.000,0.0317,0.69
12967,es_step,4000,0.0197,1.000,0.0317,1.24
12968,replay,4000,0.0714,1.000,0.0317,0.68
12969,replay,4000,0.0653,1.000,0.0317,0.69
12970,replay,4000,0.0588,1.000,0.0317,0.69
12971,replay,4000,0.0469,1.000,0.0316,0.69
12972,replay,4000,0.0345,1.000,0.0316,0.69
12973,replay,4000,0.0244,1.000,0.0315,0.69
12974,replay,4000,0.0155,1.000,0.0314,0.69
12975,replay,4000,0.0274,1.000,0.0314,0.69
12976,replay,4000,0.0392,1.000,0.0313,0.69
12977,es_step,4000,0.0036,1.000,0.0313,1.25
12978,es_step,4000,-0.0057,1.000,0.0313,1.24
12979,replay,4000,0.0222,1.000,0.0313,0.68
12980,es_step,4000,-0.0051,0.938,0.0313,1.23
12981,replay,4000,0.0379,1.000,0.0313,0.68
12982,replay,4000,0.0389,1.000,0.0313,0.69
12983,es_step,4000,0.0133,1.000,0.0313,1.24
12984,replay,4000,0.0461,1.000,0.0312,0.68
12985,replay,4000,0.0275,1.000,0.0312,0.69
12986,replay,4000,0.0425,1.000,0.0312,0.69
12987,replay,4000,0.0555,1.000,0.0312,0.69
12988,replay,4000,0.0734,1.000,0.0313,0.70
12989,replay,4000,0.0756,1.000,0.0313,0.70
12990,replay,4000,0.0756,1.000,0.0314,0.69
12991,replay,4000,0.0815,1.000,0.0315,0.70
12992,replay,4000,0.0889,1.000,0.0316,0.69
12993,replay,4000,0.0825,1.000,0.0316,0.69
12994,replay,4000,0.0657,1.000,0.0316,0.70
12995,replay,4000,0.0728,1.000,0.0316,0.69
12996,es_step,4000,0.0236,1.000,0.0316,1.25
12997,es_step,4000,0.0148,0.938,0.0316,1.27
12998,replay,4000,0.0755,1.000,0.0316,0.70
12999,es_step,4000,0.0074,0.875,0.0316,1.25
13000,es_step,4000,0.0202,0.812,0.0316,1.27
13001,replay,4000,0.0528,1.000,0.0316,0.69
13002,replay,4000,0.0575,1.000,0.0316,0.69
13003,replay,4000,0.0338,1.000,0.0315,0.69
13004,replay,4000,0.0334,1.000,0.0315,0.69
13005,replay,4000,0.0323,1.000,0.0314,0.69
13006,replay,4000,-0.0006,1.000,0.0313,0.69
13007,replay,4000,0.0310,1.000,0.0312,0.69
13008,replay,4000,0.0273,1.000,0.0312,0.69
13009,replay,4000,0.0597,1.000,0.0312,0.70
13010,es_step,4000,0.0301,0.938,0.0312,1.27
13011,replay,4000,0.0672,1.000,0.0312,0.70
13012,replay,4000,0.0774,1.000,0.0313,0.69
13013,replay,4000,0.0744,1.000,0.0313,0.69
13014,es_step,4000,0.0272,0.938,0.0313,1.25
13015,replay,4000,0.0683,1.000,0.0314,0.69
13016,replay,4000,0.0662,1.000,0.0315,0.69
13017,replay,4000,0.0566,1.000,0.0315,0.69
13018,replay,4000,0.0663,1.000,0.0315,0.69
13019,es_step,4000,0.0167,0.938,0.0315,1.25
13020,replay,4000,0.0455,1.000,0.0315,0.69
13021,replay,4000,0.0445,1.000,0.0315,0.69
13022,replay,4000,0.0387,1.000,0.0315,0.69
13023,replay,4000,0.0324,1.000,0.0314,0.69
13024,replay,4000,0.0390,1.000,0.0314,0.69
13025,replay,4000,0.0307,1.000,0.0313,0.69
13026,replay,4000,0.0271,1.000,0.0313,0.69
13027,replay,4000,0.0420,1.000,0.0313,0.69
13028,replay,4000,0.0324,1.000,0.0312,0.70
13029,replay,4000,0.0424,1.000,0.0312,0.70
13030,replay,4000,0.0377,1.000,0.0311,0.70
13031,replay,4000,0.0338,1.000,0.0311,0.70
13032,es_step,4000,0.0102,0.938,0.0311,1.27
13033,replay,4000,0.0303,1.000,0.0310,0.70
13034,replay,4000,0.0441,1.000,0.0310,0.70
13035,replay,4000,0.0264,1.000,0.0310,0.70
13036,replay,4000,0.0320,1.000,0.0309,0.71
13037,replay,4000,0.0148,1.000,0.0309,0.71
13038,replay,4000,0.0380,1.000,0.0309,0.71
13039,es_step,4000,0.0192,0.938,0.0309,1.28
13040,replay,4000,0.0522,1.000,0.0308,0.70
13041,replay,4000,0.0521,1.000,0.0309,0.70
13042,replay,4000,0.0520,1.000,0.0309,0.71
13043,replay,4000,0.0544,1.000,0.0309,0.70
13044,replay,4000,0.0510,1.000,0.0309,0.70
13045,replay,4000,0.0338,1.000,0.0309,0.70
13046,replay,4000,0.0669,1.000,0.0310,0.71
13047,replay,4000,0.0644,1.000,0.0311,0.71
13048,replay,4000,0.0769,1.000,0.0310,0.71
13049,replay,4000,0.0868,1.000,0.0311,0.71
13050,replay,4000,0.0912,1.000,0.0312,0.71
13051,replay,4000,0.0832,1.000,0.0313,0.71
13052,replay,4000,0.0893,1.000,0.0314,0.71
13053,replay,4000,0.0850,1.000,0.0314,0.70
13054,replay,4000,0.0631,1.000,0.0314,0.70
13055,replay,4000,0.0374,1.000,0.0314,0.70
13056,replay,4000,0.0375,1.000,0.0313,0.70
13057,replay,4000,0.0299,1.000,0.0313,0.70
13058,replay,4000,0.0178,1.000,0.0311,0.70
13059,replay,4000,0.0153,1.000,0.0311,0.70
13060,replay,4000,0.0280,1.000,0.0310,0.70
13061,replay,4000,0.0284,1.000,0.0310,0.70
13062,replay,4000,0.0264,1.000,0.0309,0.70
13063,es_step,4000,0.0183,0.938,0.0309,1.28
13064,es_step,4000,0.0087,1.000,0.0309,1.27
13065,replay,4000,0.0224,1.000,0.0309,0.70
13066,replay,4000,0.0484,1.000,0.0308,0.70
13067,replay,4000,0.0490,1.000,0.0308,0.70
13068,replay,4000,0.0410,1.000,0.0308,0.71
13069,replay,4000,0.0347,1.000,0.0308,0.71
13070,replay,4000,0.0551,1.000,0.0308,0.71
13071,replay,4000,0.0501,1.000,0.0307,0.71
13072,replay,4000,0.0514,1.000,0.0308,0.71
13073,replay,4000,0.0501,1.000,0.0308,0.71
13074,replay,4000,0.0469,1.000,0.0308,0.71
13075,replay,4000,0.0652,1.000,0.0308,0.71
13076,es_step,4000,0.0318,1.000,0.0308,1.28
13077,replay,4000,0.0572,1.000,0.0309,0.70
13078,es_step,4000,0.0233,1.000,0.0309,1.29
13079,replay,4000,0.0589,1.000,0.0309,0.71
13080,replay,4000,0.0447,1.000,0.0309,0.71
13081,replay,4000,0.0430,1.000,0.0308,0.72
13082,replay,4000,0.0437,1.000,0.0308,0.71
13083,replay,4000,0.0189,1.000,0.0307,0.71
13084,replay,4000,0.0494,1.000,0.0306,0.71
13085,replay,4000,0.0344,1.000,0.0307,0.71
13086,replay,4000,0.0396,1.000,0.0307,0.71
13087,es_step,4000,0.0256,1.000,0.0307,1.29
13088,replay,4000,0.0266,1.000,0.0307,0.71
13089,replay,4000,0.0617,1.000,0.0307,0.71
13090,es_step,4000,0.0496,1.000,0.0308,1.30
13091,replay,4000,0.0704,1.000,0.0309,0.71
13092,es_step,4000,0.0489,1.000,0.0309,1.29
13093,es_step,4000,0.0435,1.000,0.0310,1.28
13094,replay,4000,0.0816,1.000,0.0310,0.71
13095,replay,4000,0.0778,1.000,0.0311,0.71
13096,replay,4000,0.0635,1.000,0.0311,0.71
13097,replay,4000,0.0734,1.000,0.0312,0.71
13098,es_step,4000,0.0306,1.000,0.0312,1.29
13099,replay,4000,-0.1047,1.000,0.0311,0.70
13100,replay,4000,0.0751,1.000,0.0312,0.70
13101,es_step,4000,0.0557,1.000,0.0314,1.45
13102,es_step,4000,0.0497,1.000,0.0314,1.29
13103,replay,4000,0.1151,1.000,0.0314,0.71
13104,replay,4000,0.1057,1.000,0.0315,0.71
13105,replay,4000,0.0799,1.000,0.0315,0.71
13106,replay,4000,0.0634,1.000,0.0316,0.71
13107,replay,4000,0.0734,1.000,0.0316,0.71
13108,replay,4000,0.0777,1.000,0.0317,0.71
13109,replay,4000,0.0700,1.000,0.0317,0.71
13110,replay,4000,0.0919,1.000,0.0317,0.72
13111,replay,4000,0.1142,1.000,0.0318,0.71
13112,es_step,4000,0.0378,1.000,0.0318,1.29
13113,replay,4000,0.0881,1.000,0.0318,0.71
13114,replay,4000,0.0862,1.000,0.0319,0.71
13115,replay,4000,0.0705,1.000,0.0319,0.71
13116,replay,4000,0.0505,1.000,0.0318,0.71
13117,replay,4000,0.0051,1.000,0.0317,0.71
13118,replay,4000,0.0368,1.000,0.0316,0.71
13119,replay,4000,0.0112,1.000,0.0316,0.71
13120,replay,4000,0.0145,1.000,0.0315,0.71
13121,replay,4000,0.0333,1.000,0.0314,0.71
13122,replay,4000,0.0432,1.000,0.0314,0.71
13123,replay,4000,0.0288,1.000,0.0314,0.71
13124,replay,4000,0.0628,1.000,0.0313,0.72
13125,replay,4000,0.0678,1.000,0.0314,0.71
13126,es_step,4000,0.0276,1.000,0.0314,1.29
13127,replay,4000,0.0532,1.000,0.0314,0.71
13128,replay,4000,0.0640,1.000,0.0315,0.71
13129,replay,4000,0.0620,1.000,0.0315,0.71
13130,replay,4000,0.0624,1.000,0.0315,0.71
13131,replay,4000,0.0588,1.000,0.0316,0.72
13132,replay,4000,0.0581,1.000,0.0316,0.72
13133,replay,4000,0.0672,1.000,0.0317,0.72
13134,replay,4000,0.0698,1.000,0.0317,0.72
13135,replay,4000,0.0626,1.000,0.0317,0.72
13136,replay,4000,0.0605,1.000,0.0317,0.71
13137,replay,4000,0.0540,1.000,0.0317,0.71
13138,replay,4000,0.0431,1.000,0.0318,0.71
13139,replay,4000,0.0421,1.000,0.0317,0.72
13140,es_step,4000,0.0163,1.000,0.0317,1.30
13141,replay,4000,0.0133,1.000,0.0317,0.71
13142,replay,4000,0.0413,1.000,0.0317,0.71
13143,es_step,4000,0.0333,1.000,0.0317,1.30
13144,es_step,4000,0.0155,1.000,0.0317,1.29
13145,replay,4000,0.0452,1.000,0.0318,0.71
13146,replay,4000,0.0737,1.000,0.0318,0.71
13147,es_step,4000,0.0444,1.000,0.0319,1.29
13148,es_step,4000,0.0411,1.000,0.0319,1.28
13149,replay,4000,0.0779,1.000,0.0319,0.70
13150,replay,4000,0.0993,1.000,0.0320,0.71
13151,replay,4000,0.1013,1.000,0.0321,0.71
13152,replay,4000,0.1068,1.000,0.0323,0.71
13153,replay,4000,0.1074,1.000,0.0324,0.71
13154,es_step,4000,0.0637,1.000,0.0325,1.29
13155,replay,4000,0.0992,1.000,0.0326,0.70
13156,replay,4000,0.0999,1.000,0.0327,0.70
13157,es_step,4000,0.0491,1.000,0.0327,1.27
13158,replay,4000,0.1082,1.000,0.0328,0.70
13159,es_step,4000,0.0519,1.000,0.0328,1.28
13160,replay,4000,0.0807,1.000,0.0329,0.70
13161,replay,4000,0.0857,1.000,0.0330,0.71
13162,replay,4000,0.0842,1.000,0.0331,0.71
13163,replay,4000,0.0730,1.000,0.0331,0.71
13164,replay,4000,-0.0323,1.000,0.0332,0.71
13165,es_step,4000,0.0252,1.000,0.0332,1.28
13166,replay,4000,0.0987,1.000,0.0332,0.70
13167,replay,4000,0.0844,1.000,0.0333,0.70
13168,replay,4000,0.1437,1.000,0.0334,0.71
13169,es_step,4000,0.0608,1.000,0.0335,1.29
13170,replay,4000,0.1088,1.000,0.0336,0.71
13171,replay,4000,0.1239,1.000,0.0336,0.71
13172,replay,4000,0.0935,1.000,0.0338,0.71
13173,es_step,4000,0.0818,1.000,0.0339,1.29
13174,replay,4000,0.1077,1.000,0.0340,0.71
13175,replay,4000,0.0975,1.000,0.0341,0.71
13176,es_step,4000,0.0409,0.938,0.0341,1.28
13177,es_step,4000,0.0349,1.000,0.0341,1.28
13178,replay,4000,0.0681,1.000,0.0340,0.71
13179,es_step,4000,0.0237,1.000,0.0340,1.27
13180,replay,4000,0.0570,1.000,0.0341,0.71
13181,replay,4000,0.0415,1.000,0.0340,0.72
13182,replay,4000,0.0285,1.000,0.0340,0.71
13183,es_step,4000,0.0197,1.000,0.0340,1.29
13184,replay,4000,0.0336,1.000,0.0339,0.71
13185,replay,4000,0.0440,1.000,0.0339,0.71
13186,replay,4000,0.0390,1.000,0.0338,0.71
13187,replay,4000,0.0260,1.000,0.0338,0.71
13188,replay,4000,0.0380,1.000,0.0337,0.71
13189,replay,4000,0.0397,1.000,0.0337,0.71
13190,replay,4000,0.0350,1.000,0.0337,0.71
13191,replay,4000,0.0465,1.000,0.0337,0.72
13192,replay,4000,0.0525,1.000,0.0337,0.72
13193,replay,4000,0.0409,1.000,0.0337,0.72
13194,replay,4000,0.0445,1.000,0.0337,0.72
13195,replay,4000,0.0573,1.000,0.0336,0.72
13196,es_step,4000,0.0477,1.000,0.0336,1.31
13197,replay,4000,0.0336,1.000,0.0336,0.72
13198,es_step,4000,0.0413,1.000,0.0336,1.30
13199,replay,4000,0.0575,1.000,0.0337,0.71
13200,replay,4000,0.0670,1.000,0.0337,0.71
13201,es_step,4000,0.0458,1.000,0.0337,1.30
13202,replay,4000,0.0476,1.000,0.0337,0.71
13203,replay,4000,0.0466,1.000,0.0337,0.71
13204,replay,4000,0.0415,1.000,0.0337,0.71
13205,replay,4000,0.0373,1.000,0.0337,0.71
13206,replay,4000,0.0562,1.000,0.0336,0.71
13207,es_step,4000,0.0343,1.000,0.0336,1.29
13208,es_step,4000,0.0363,1.000,0.0336,1.28
13209,replay,4000,0.0349,1.000,0.0335,0.70
13210,replay,4000,0.0550,1.000,0.0335,0.71
13211,replay,4000,0.0649,1.000,0.0335,0.71
13212,replay,4000,0.0571,1.000,0.0335,0.71
13213,replay,4000,0.0677,1.000,0.0335,0.69
13214,replay,4000,0.0494,1.000,0.0335,0.68
13215,es_step,4000,0.0372,1.000,0.0335,1.22
13216,es_step,4000,0.0359,1.000,0.0335,1.20
13217,replay,4000,0.0495,1.000,0.0335,0.65
13218,es_step,4000,0.0379,0.938,0.0336,1.18
13219,es_step,4000,0.0350,1.000,0.0336,1.18
13220,es_step,4000,0.0386,1.000,0.0336,1.18
13221,replay,4000,0.0329,1.000,0.0336,0.66
13222,replay,4000,0.0460,1.000,0.0335,0.66
13223,replay,4000,0.0745,1.000,0.0335,0.71
13224,replay,4000,0.0691,1.000,0.0334,0.73
13225,replay,4000,0.1192,1.000,0.0335,0.73
13226,replay,4000,0.1019,1.000,0.0336,0.74
13227,replay,4000,0.1242,1.000,0.0336,0.74
13228,replay,4000,0.1063,1.000,0.0336,0.74
13229,replay,4000,0.1158,1.000,0.0337,0.74
13230,replay,4000,0.0933,1.000,0.0338,0.74
13231,replay,4000,0.0897,1.000,0.0338,0.74
13232,replay,4000,0.0695,1.000,0.0339,0.74
13233,replay,4000,0.0723,1.000,0.0339,0.74
13234,replay,4000,0.0547,1.000,0.0339,0.74
13235,es_step,4000,0.0272,1.000,0.0339,1.33
13236,replay,4000,0.0476,1.000,0.0338,0.72
13237,replay,4000,0.0477,1.000,0.0338,0.72
13238,es_step,4000,0.0202,1.000,0.0338,1.32
13239,es_step,4000,0.0238,1.000,0.0338,1.31
13240,replay,4000,0.0500,1.000,0.0338,0.72
13241,replay,4000,0.0337,1.000,0.0337,0.71
13242,replay,4000,0.0686,1.000,0.0337,2.94
13243,replay,4000,0.0566,1.000,0.0337,0.71
13244,es_step,4000,0.0319,1.000,0.0337,1.29
13245,es_step,4000,0.0280,0.938,0.0337,1.28
13246,es_step,4000,0.0372,1.000,0.0337,1.27
13247,replay,4000,0.0528,1.000,0.0337,0.70
13248,replay,4000,0.0715,1.000,0.0337,0.71
13249,replay,4000,0.0665,1.000,0.0337,0.70
13250,replay,4000,0.0676,1.000,0.0337,0.71
13251,replay,4000,0.0580,1.000,0.0337,0.70
13252,es_step,4000,0.0302,1.000,0.0337,1.44
13253,replay,4000,0.0317,1.000,0.0337,0.70
13254,replay,4000,0.0361,1.000,0.0337,0.71
13255,replay,4000,0.0357,1.000,0.0337,0.71
13256,replay,4000,0.0453,1.000,0.0337,0.71
13257,replay,4000,0.0497,1.000,0.0337,0.71
13258,replay,4000,0.0711,1.000,0.0337,0.71
13259,replay,4000,0.0590,1.000,0.0338,0.72
13260,replay,4000,0.0414,1.000,0.0338,0.71
13261,replay,4000,0.0433,1.000,0.0338,0.71
13262,replay,4000,0.0601,1.000,0.0338,0.71
13263,replay,4000,0.0599,1.000,0.0339,0.72
13264,replay,4000,0.0382,1.000,0.0339,0.71
13265,es_step,4000,0.0422,0.875,0.0339,1.30
13266,replay,4000,0.0587,1.000,0.0339,0.71
13267,replay,4000,0.0490,1.000,0.0339,0.72
13268,replay,4000,0.0433,1.000,0.0339,0.74
13269,replay,4000,0.0419,1.000,0.0340,0.71
13270,replay,4000,0.0656,1.000,0.0340,0.72
13271,replay,4000,0.0555,1.000,0.0340,0.72
13272,replay,4000,0.0036,1.000,0.0340,0.71
13273,es_step,4000,0.0238,1.000,0.0340,1.29
13274,replay,4000,0.0096,1.000,0.0339,0.73
13275,es_step,4000,0.0164,0.938,0.0339,1.28
13276,replay,4000,0.0110,1.000,0.0338,0.71
13277,replay,4000,0.0253,1.000,0.0338,0.71
13278,replay,4000,0.0648,1.000,0.0338,0.71
13279,replay,4000,0.0509,1.000,0.0338,0.71
13280,replay,4000,0.0629,1.000,0.0338,0.71
13281,replay,4000,0.0578,1.000,0.0338,0.71
13282,replay,4000,0.0521,1.000,0.0339,0.73
13283,replay,4000,0.0784,1.000,0.0339,0.71
13284,replay,4000,0.0770,1.000,0.0340,0.71
13285,replay,4000,0.0778,1.000,0.0340,0.71
13286,es_step,4000,0.0556,0.875,0.0340,1.89
13287,es_step,4000,0.0521,1.000,0.0341,1.26
13288,replay,4000,0.0780,1.000,0.0341,0.70
13289,es_step,4000,0.0477,0.938,0.0341,1.25
13290,replay,4000,0.0735,1.000,0.0341,0.70
13291,es_step,4000,0.0411,0.875,0.0341,1.28
13292,replay,4000,0.0612,1.000,0.0342,0.70
13293,replay,4000,0.0647,1.000,0.0342,0.70
13294,replay,4000,0.0624,1.000,0.0342,0.70
13295,replay,4000,0.0550,1.000,0.0342,0.70
13296,replay,4000,0.0502,1.000,0.0342,0.71
13297,replay,4000,0.0504,1.000,0.0342,0.71
13298,replay,4000,0.0535,1.000,0.0342,0.71
13299,es_step,4000,0.0352,0.812,0.0342,1.29
13300,replay,4000,0.0485,1.000,0.0341,0.71
13301,es_step,4000,0.0253,0.812,0.0341,1.29
13302,replay,4000,0.0436,1.000,0.0341,0.72
13303,replay,4000,0.0251,1.000,0.0341,0.71
13304,replay,4000,0.0394,1.000,0.0340,0.71
13305,replay,4000,0.0227,1.000,0.0340,0.72
13306,replay,4000,0.0495,1.000,0.0340,0.71
13307,replay,4000,0.0587,1.000,0.0340,0.71
13308,replay,4000,0.0419,1.000,0.0340,0.71
13309,replay,4000,0.0571,1.000,0.0340,0.71
13310,replay,4000,0.0373,1.000,0.0340,0.71
13311,es_step,4000,0.0333,0.688,0.0340,1.85
13312,replay,4000,0.0489,1.000,0.0340,0.77
13313,replay,4000,0.0638,1.000,0.0339,0.77
13314,replay,4000,0.0699,1.000,0.0339,0.76
13315,replay,4000,0.0635,1.000,0.0340,0.76
13316,es_step,4000,0.0477,0.688,0.0340,1.42
13317,replay,4000,0.0737,1.000,0.0340,0.76
13318,replay,4000,0.0707,1.000,0.0341,0.76
13319,es_step,4000,0.0492,0.812,0.0341,1.38
13320,replay,4000,0.0835,1.000,0.0342,0.74
13321,replay,4000,0.0710,1.000,0.0342,0.74
13322,es_step,4000,0.0419,0.625,0.0342,2.09
13323,replay,4000,0.0681,1.000,0.0343,0.77
13324,replay,4000,0.0728,1.000,0.0343,0.77
13325,es_step,4000,0.0385,0.938,0.0343,1.42
13326,replay,4000,0.0731,1.000,0.0343,0.76
13327,replay,4000,0.0636,1.000,0.0343,0.76
13328,replay,4000,0.0702,1.000,0.0344,0.75
13329,replay,4000,0.0732,1.000,0.0344,0.75
13330,replay,4000,0.0630,1.000,0.0345,0.75
13331,replay,4000,0.0553,1.000,0.0344,0.74
13332,es_step,4000,0.0341,0.875,0.0344,1.38
13333,replay,4000,0.0528,1.000,0.0344,0.74
13334,replay,4000,0.0784,1.000,0.0344,0.74
13335,replay,4000,0.0574,1.000,0.0344,0.74
13336,replay,4000,0.0783,1.000,0.0345,0.74
13337,replay,4000,0.0753,1.000,0.0345,0.74
13338,es_step,4000,0.0430,0.688,0.0345,1.37
13339,replay,4000,0.0768,1.000,0.0345,0.74
13340,replay,4000,0.0650,1.000,0.0346,0.74
13341,replay,4000,0.0804,1.000,0.0347,0.74
13342,replay,4000,0.0893,1.000,0.0347,0.74
13343,replay,4000,0.0686,1.000,0.0347,0.73
13344,replay,4000,0.0673,1.000,0.0347,0.73
13345,es_step,4000,0.0365,0.625,0.0347,1.35
13346,replay,4000,0.0608,1.000,0.0347,0.73
13347,replay,4000,0.0492,1.000,0.0347,0.73
13348,replay,4000,0.0410,1.000,0.0347,0.73
13349,replay,4000,0.0501,1.000,0.0347,0.73
13350,es_step,4000,0.0317,0.938,0.0347,1.34
13351,es_step,4000,0.0334,0.938,0.0347,1.35
13352,replay,4000,0.0407,1.000,0.0346,0.73
13353,replay,4000,0.0483,1.000,0.0346,0.73
13354,replay,4000,0.0478,1.000,0.0346,0.73
13355,replay,4000,0.0444,1.000,0.0346,0.73
13356,replay,4000,0.0371,1.000,0.0345,0.73
13357,es_step,4000,0.0211,0.688,0.0346,1.34
13358,replay,4000,0.0295,1.000,0.0345,0.73
13359,replay,4000,0.0448,1.000,0.0345,0.72
13360,replay,4000,0.0409,1.000,0.0344,0.72
13361,replay,4000,0.0339,1.000,0.0344,0.72
13362,replay,4000,0.0474,1.000,0.0344,0.72
13363,replay,4000,0.0613,1.000,0.0344,0.72
13364,replay,4000,0.0574,1.000,0.0344,0.72
13365,replay,4000,0.0483,1.000,0.0344,0.72
13366,es_step,4000,0.0483,0.875,0.0345,1.32
13367,replay,4000,0.1090,1.000,0.0345,0.72
13368,replay,4000,0.0885,1.000,0.0346,0.72
13369,es_step,4000,0.0595,0.812,0.0347,1.32
13370,es_step,4000,0.0608,0.938,0.0347,1.31
13371,es_step,4000,0.0532,0.938,0.0347,1.31
13372,replay,4000,0.0988,1.000,0.0348,0.72
13373,replay,4000,0.0829,1.000,0.0348,0.72
13374,replay,4000,0.0768,1.000,0.0349,0.72
13375,replay,4000,0.0954,1.000,0.0350,0.72
13376,replay,4000,0.0862,1.000,0.0351,0.72
13377,replay,4000,0.0753,1.000,0.0351,0.72
13378,replay,4000,0.0534,1.000,0.0351,0.72
13379,replay,4000,0.0565,1.000,0.0351,0.72
13380,replay,4000,0.0334,1.000,0.0351,0.72
13381,replay,4000,0.0574,1.000,0.0351,0.72
13382,replay,4000,0.0372,1.000,0.0350,0.73
13383,replay,4000,0.0492,1.000,0.0350,0.72
13384,es_step,4000,0.0239,1.000,0.0350,1.33
13385,replay,4000,0.0391,1.000,0.0349,0.71
13386,es_step,4000,0.0295,0.750,0.0349,2.06
13387,replay,4000,0.0459,1.000,0.0349,0.77
13388,replay,4000,0.0391,1.000,0.0348,0.78
13389,replay,4000,0.0347,1.000,0.0348,0.78
13390,es_step,4000,0.0206,0.938,0.0348,1.44
13391,replay,4000,0.0283,1.000,0.0347,0.76
13392,replay,4000,0.0285,1.000,0.0346,0.75
13393,replay,4000,0.0371,1.000,0.0346,0.75
13394,replay,4000,0.0412,1.000,0.0346,0.75
13395,replay,4000,0.0275,1.000,0.0345,0.75
13396,replay,4000,0.0245,1.000,0.0345,1.58
13397,replay,4000,0.0290,1.000,0.0344,0.74
13398,replay,4000,0.0473,1.000,0.0344,0.73
13399,replay,4000,0.0206,1.000,0.0344,0.74
13400,replay,4000,0.0574,1.000,0.0343,0.74
13401,es_step,4000,0.0301,1.000,0.0343,1.36
13402,es_step,4000,0.0319,0.750,0.0343,1.34
13403,replay,4000,0.0499,1.000,0.0344,0.73
13404,replay,4000,0.0539,1.000,0.0344,0.75
13405,replay,4000,0.0623,1.000,0.0344,0.72
13406,replay,4000,0.0113,1.000,0.0344,0.73
13407,replay,4000,0.0422,1.000,0.0344,0.73
13408,replay,4000,0.0437,1.000,0.0344,0.72
13409,es_step,4000,0.0320,0.875,0.0344,1.33
13410,replay,4000,0.0432,1.000,0.0344,0.72
13411,replay,4000,0.0464,1.000,0.0343,0.72
13412,replay,4000,0.0296,1.000,0.0343,0.72
13413,replay,4000,0.0312,1.000,0.0343,0.72
13414,replay,4000,0.0406,1.000,0.0342,0.73
13415,replay,4000,0.0541,1.000,0.0342,0.72
13416,replay,4000,0.0364,1.000,0.0342,0.72
13417,replay,4000,0.0438,1.000,0.0342,0.72
13418,es_step,4000,0.0392,1.000,0.0342,1.31
13419,es_step,4000,0.0396,0.938,0.0342,1.36
13420,es_step,4000,0.0415,0.812,0.0342,1.32
13421,replay,4000,0.0643,1.000,0.0342,0.72
13422,replay,4000,0.0682,1.000,0.0343,0.72
13423,replay,4000,0.0647,1.000,0.0343,0.72
13424,replay,4000,0.0638,1.000,0.0343,0.72
13425,replay,4000,0.0581,1.000,0.0343,0.71
13426,replay,4000,0.0520,1.000,0.0343,0.72
13427,replay,4000,0.0416,1.000,0.0343,0.72
13428,replay,4000,0.0365,1.000,0.0343,0.72
13429,replay,4000,0.0214,1.000,0.0342,0.72
13430,es_step,4000,0.0131,0.938,0.0342,1.59
13431,es_step,4000,0.0061,0.812,0.0342,1.31
13432,replay,4000,0.0321,1.000,0.0341,0.71
13433,replay,4000,0.0060,1.000,0.0341,0.71
13434,replay,4000,0.0122,1.000,0.0340,0.72
13435,es_step,4000,0.0253,0.875,0.0340,1.31
13436,replay,4000,0.0179,1.000,0.0339,0.72
13437,es_step,4000,0.0245,1.000,0.0339,1.30
13438,replay,4000,0.0439,1.000,0.0339,0.71
13439,replay,4000,0.0518,1.000,0.0339,0.72
13440,replay,4000,0.0497,1.000,0.0339,0.72
13441,replay,4000,0.0543,1.000,0.0339,0.71
13442,replay,4000,0.0539,1.000,0.0339,0.71
13443,es_step,4000,0.0196,0.938,0.0340,1.30
13444,replay,4000,0.0378,1.000,0.0339,0.75
13445,replay,4000,0.0229,1.000,0.0339,0.71
13446,replay,4000,0.0407,1.000,0.0339,0.71
13447,replay,4000,0.0330,1.000,0.0338,0.71
13448,replay,4000,0.0374,1.000,0.0338,0.71
13449,es_step,4000,0.0233,1.000,0.0338,1.44
13450,replay,4000,0.0298,1.000,0.0337,0.71
13451,replay,4000,0.0410,1.000,0.0337,0.71
13452,replay,4000,0.0428,1.000,0.0337,0.71
13453,replay,4000,0.0485,1.000,0.0337,0.71
13454,es_step,4000,0.0297,1.000,0.0337,1.30
13455,es_step,4000,0.0286,0.938,0.0337,1.29
13456,replay,4000,0.0384,1.000,0.0336,0.71
13457,replay,4000,0.0618,1.000,0.0336,0.71
13458,replay,4000,0.0936,1.000,0.0336,0.71
13459,es_step,4000,0.0304,1.000,0.0336,1.29
13460,replay,4000,0.0759,1.000,0.0336,0.71
13461,replay,4000,0.0569,1.000,0.0336,0.73
13462,replay,4000,0.0665,1.000,0.0336,0.73
13463,replay,4000,0.0709,1.000,0.0337,0.71
13464,replay,4000,0.0468,1.000,0.0336,0.71
13465,es_step,4000,0.0344,1.000,0.0336,1.30
13466,es_step,4000,0.0269,0.875,0.0336,1.28
13467,es_step,4000,0.0258,1.000,0.0336,1.30
13468,replay,4000,0.0566,1.000,0.0335,0.71
13469,replay,4000,0.0548,1.000,0.0335,0.71
13470,replay,4000,0.0545,1.000,0.0335,0.71
13471,replay,4000,0.0207,1.000,0.0335,0.71
13472,replay,4000,0.0252,1.000,0.0334,0.71
13473,replay,4000,0.0169,1.000,0.0334,0.71
13474,replay,4000,0.0419,1.000,0.0333,0.72
13475,replay,4000,0.0529,1.000,0.0334,0.71
13476,replay,4000,0.0428,1.000,0.0335,0.72
13477,replay,4000,0.0388,1.000,0.0335,0.72
13478,replay,4000,0.0444,1.000,0.0334,0.71
13479,replay,4000,0.0307,1.000,0.0334,0.71
13480,replay,4000,0.0446,1.000,0.0334,0.71
13481,replay,4000,0.0516,1.000,0.0334,0.72
13482,replay,4000,0.0694,1.000,0.0334,0.72
13483,es_step,4000,0.0293,0.875,0.0334,1.31
13484,replay,4000,0.0696,1.000,0.0334,0.71
13485,replay,4000,0.0593,1.000,0.0334,0.71
13486,replay,4000,0.0572,1.000,0.0334,0.71
13487,replay,4000,0.0591,1.000,0.0335,0.71
13488,replay,4000,0.0525,1.000,0.0335,0.71
13489,es_step,4000,0.0256,0.875,0.0335,1.31
13490,replay,4000,0.0561,1.000,0.0335,0.78
13491,replay,4000,0.0419,1.000,0.0336,0.71
13492,replay,4000,0.0040,1.000,0.0337,0.72
13493,replay,4000,0.0615,1.000,0.0337,0.72
13494,es_step,4000,0.0363,0.938,0.0337,1.31
13495,replay,4000,0.0472,1.000,0.0338,0.77
13496,replay,4000,0.0764,1.000,0.0338,0.71
13497,es_step,4000,0.0362,1.000,0.0338,1.30
13498,replay,4000,0.0743,1.000,0.0339,0.71
13499,es_step,4000,0.0236,1.000,0.0339,1.29
13500,es_step,4000,0.0457,1.000,0.0339,1.29
13501,replay,4000,0.0710,1.000,0.0340,0.71
13502,replay,4000,0.0630,1.000,0.0341,0.71
13503,replay,4000,0.0660,1.000,0.0341,1.05
13504,replay,4000,0.0644,1.000,0.0341,0.71
13505,replay,4000,0.0582,1.000,0.0342,0.71
13506,replay,4000,0.0626,1.000,0.0341,0.71
13507,replay,4000,0.0487,1.000,0.0341,1.13
13508,replay,4000,0.0239,1.000,0.0341,1.15
13509,replay,4000,0.0359,1.000,0.0341,0.71
13510,replay,4000,0.0476,1.000,0.0341,0.72
13511,replay,4000,0.0558,1.000,0.0340,0.72
13512,replay,4000,0.0383,1.000,0.0340,0.72
13513,replay,4000,0.0447,1.000,0.0340,0.71
13514,replay,4000,0.0432,1.000,0.0340,0.71
13515,replay,4000,0.0465,1.000,0.0340,0.71
13516,replay,4000,0.0616,1.000,0.0340,0.71
13517,es_step,4000,0.0342,0.812,0.0340,1.30
13518,replay,4000,0.0601,1.000,0.0341,0.71
13519,replay,4000,0.0577,1.000,0.0341,0.71
13520,es_step,4000,0.0168,1.000,0.0341,2.62
13521,replay,4000,0.0641,1.000,0.0341,0.74
13522,es_step,4000,0.0082,0.812,0.0341,1.29
13523,replay,4000,0.0575,1.000,0.0341,0.71
13524,replay,4000,0.0559,1.000,0.0341,0.71
13525,replay,4000,0.0388,1.000,0.0340,0.70
13526,replay,4000,0.0284,1.000,0.0340,0.71
13527,replay,4000,0.0540,1.000,0.0340,0.71
13528,replay,4000,0.0642,1.000,0.0340,0.71
13529,replay,4000,0.0419,1.000,0.0340,0.71
13530,replay,4000,0.0794,1.000,0.0341,0.71
13531,es_step,4000,0.0266,1.000,0.0341,3.41
13532,replay,4000,0.0704,1.000,0.0341,0.73
13533,es_step,4000,0.0401,0.938,0.0341,3.99
13534,replay,4000,0.0799,1.000,0.0341,0.76
13535,es_step,4000,0.0372,1.000,0.0341,2.25
13536,es_step,4000,0.0483,0.812,0.0342,1.28
13537,replay,4000,0.0753,1.000,0.0342,0.70
13538,replay,4000,0.0787,1.000,0.0343,0.70
13539,replay,4000,0.0836,1.000,0.0343,0.74
13540,replay,4000,0.0875,1.000,0.0343,0.71
13541,replay,4000,0.0764,1.000,0.0343,2.93
13542,replay,4000,0.0704,1.000,0.0344,0.71
13543,es_step,4000,0.0418,0.938,0.0344,1.42
13544,es_step,4000,0.0460,1.000,0.0344,1.29
13545,replay,4000,0.0731,1.000,0.0344,0.71
13546,replay,4000,0.0704,1.000,0.0344,0.71
13547,replay,4000,0.0522,1.000,0.0345,0.70
13548,replay,4000,0.0580,1.000,0.0345,0.70
13549,replay,4000,0.0531,1.000,0.0345,0.73
13550,es_step,4000,0.0262,1.000,0.0345,1.28
13551,replay,4000,0.0399,1.000,0.0345,1.10
13552,replay,4000,0.0565,1.000,0.0345,0.94
13553,replay,4000,0.0499,1.000,0.0345,0.71
13554,es_step,4000,0.0163,1.000,0.0345,1.30
13555,replay,4000,0.0586,1.000,0.0345,0.71
13556,es_step,4000,0.0090,1.000,0.0345,1.30
13557,replay,4000,0.0277,1.000,0.0344,0.71
13558,es_step,4000,0.0170,1.000,0.0344,1.27
13559,replay,4000,0.0402,1.000,0.0344,0.70
13560,es_step,4000,0.0217,1.000,0.0344,1.29
13561,replay,4000,0.0346,1.000,0.0344,0.71
13562,replay,4000,0.0334,1.000,0.0344,0.71
13563,replay,4000,0.0432,1.000,0.0343,0.71
13564,replay,4000,0.0383,1.000,0.0343,0.71
13565,es_step,4000,0.0189,0.875,0.0343,1.30
13566,replay,4000,0.0387,1.000,0.0343,0.71
13567,replay,4000,0.0437,1.000,0.0342,0.71
13568,replay,4000,0.0165,1.000,0.0342,0.71
13569,es_step,4000,0.0172,0.938,0.0342,1.30
13570,replay,4000,0.0422,1.000,0.0342,0.71
13571,es_step,4000,0.0166,0.938,0.0342,1.29
13572,replay,4000,0.0540,1.000,0.0341,0.71
13573,es_step,4000,0.0202,1.000,0.0341,1.29
13574,replay,4000,0.0373,1.000,0.0341,0.71
13575,replay,4000,0.0454,1.000,0.0340,0.71
13576,replay,4000,0.0587,1.000,0.0340,0.71
13577,replay,4000,0.0592,1.000,0.0340,0.71
13578,es_step,4000,0.0384,1.000,0.0340,1.29
13579,replay,4000,0.0619,1.000,0.0342,0.71
13580,es_step,4000,0.0316,1.000,0.0342,1.27
13581,replay,4000,0.0604,1.000,0.0342,0.71
13582,es_step,4000,0.0257,1.000,0.0342,1.28
13583,replay,4000,0.0528,1.000,0.0342,0.70
13584,replay,4000,0.0538,1.000,0.0342,0.71
13585,replay,4000,0.0329,1.000,0.0341,0.71
13586,replay,4000,0.0436,1.000,0.0341,0.71
13587,replay,4000,0.0491,1.000,0.0342,0.71
13588,replay,4000,0.0658,1.000,0.0342,0.73
13589,replay,4000,0.0591,1.000,0.0342,0.71
13590,es_step,4000,0.0185,1.000,0.0342,1.29
13591,es_step,4000,0.0207,1.000,0.0342,1.27
13592,replay,4000,0.0616,1.000,0.0342,0.70
13593,replay,4000,0.0482,1.000,0.0341,0.70
13594,replay,4000,0.0403,1.000,0.0341,0.71
13595,replay,4000,0.0319,1.000,0.0341,0.71
13596,replay,4000,0.0401,1.000,0.0340,0.71
13597,replay,4000,0.0313,1.000,0.0340,0.71
13598,replay,4000,0.0315,1.000,0.0339,0.71
13599,replay,4000,0.0226,1.000,0.0339,0.71
13600,es_step,4000,0.0139,1.000,0.0339,1.31
13601,replay,4000,0.0371,1.000,0.0339,0.71
13602,replay,4000,0.0588,1.000,0.0339,0.71
13603,replay,4000,0.0548,1.000,0.0339,0.71
13604,replay,4000,0.0455,1.000,0.0338,0.72
13605,replay,4000,0.0187,1.000,0.0338,0.72
13606,replay,4000,0.0272,1.000,0.0337,0.72
13607,replay,4000,0.0343,1.000,0.0336,0.73
13608,replay,4000,0.0266,1.000,0.0336,0.73
13609,replay,4000,0.0242,1.000,0.0335,0.71
13610,replay,4000,0.0302,1.000,0.0334,0.72
13611,replay,4000,0.0321,1.000,0.0334,0.71
13612,replay,4000,0.0451,1.000,0.0334,0.71
13613,replay,4000,0.0513,1.000,0.0334,0.72
13614,replay,4000,0.0546,1.000,0.0334,0.71
13615,replay,4000,0.0534,1.000,0.0334,0.76
13616,replay,4000,0.0532,1.000,0.0334,0.71
13617,replay,4000,0.0637,1.000,0.0334,0.71
13618,replay,4000,0.0594,1.000,0.0334,0.71
13619,replay,4000,0.0527,1.000,0.0334,0.72
13620,replay,4000,0.0427,1.000,0.0334,0.72
13621,replay,4000,0.0343,1.000,0.0333,0.71
13622,replay,4000,0.0301,1.000,0.0333,0.71
13623,replay,4000,0.0214,1.000,0.0331,0.72
13624,replay,4000,0.0279,1.000,0.0331,0.72
13625,replay,4000,0.0320,1.000,0.0330,0.71
13626,replay,4000,0.0421,1.000,0.0330,0.71
13627,replay,4000,0.0351,1.000,0.0330,0.71
13628,es_step,4000,0.0100,1.000,0.0330,1.31
13629,es_step,4000,0.0055,1.000,0.0330,1.29
13630,replay,4000,0.0407,1.000,0.0329,0.70
13631,replay,4000,0.0298,1.000,0.0329,0.70
13632,replay,4000,0.0270,1.000,0.0328,0.71
13633,replay,4000,0.0295,1.000,0.0328,0.71
13634,es_step,4000,0.0161,1.000,0.0328,1.29
13635,replay,4000,0.0276,1.000,0.0327,0.71
13636,replay,4000,0.0332,1.000,0.0327,0.71
13637,replay,4000,0.0554,1.000,0.0327,0.71
13638,replay,4000,0.0586,1.000,0.0326,0.71
13639,replay,4000,0.0535,1.000,0.0326,0.72
13640,es_step,4000,0.0243,1.000,0.0326,1.30
13641,replay,4000,0.0514,1.000,0.0326,0.71
13642,es_step,4000,0.0211,1.000,0.0326,1.29
13643,replay,4000,0.0434,1.000,0.0326,0.71
13644,es_step,4000,0.0240,1.000,0.0326,1.31
13645,replay,4000,0.0549,1.000,0.0326,0.71
13646,es_step,4000,0.0281,1.000,0.0326,1.27
13647,replay,4000,0.0523,1.000,0.0326,0.70
13648,replay,4000,0.0472,1.000,0.0325,0.70
13649,replay,4000,0.0400,1.000,0.0325,0.71
13650,replay,4000,0.0426,1.000,0.0324,0.72
13651,replay,4000,0.0329,1.000,0.0324,0.71
13652,replay,4000,0.0338,1.000,0.0324,0.71
13653,replay,4000,0.0354,1.000,0.0323,0.71
13654,replay,4000,-0.0745,1.000,0.0323,0.71
13655,replay,4000,0.0276,1.000,0.0322,0.71
13656,replay,4000,0.0507,1.000,0.0323,0.71
13657,es_step,4000,0.0523,1.000,0.0324,1.29
13658,replay,4000,0.0810,1.000,0.0324,0.72
13659,replay,4000,0.0796,1.000,0.0324,0.71
13660,replay,4000,0.0719,1.000,0.0324,0.71
13661,replay,4000,0.0644,1.000,0.0325,0.71
13662,es_step,4000,0.0327,1.000,0.0325,1.30
13663,replay,4000,0.0535,1.000,0.0325,0.72
13664,es_step,4000,0.0351,1.000,0.0325,1.31
13665,replay,4000,0.0504,1.000,0.0325,0.71
13666,replay,4000,0.0544,1.000,0.0325,0.71
13667,replay,4000,0.0506,1.000,0.0325,0.70
13668,replay,4000,0.0530,1.000,0.0325,0.71
13669,replay,4000,0.0572,1.000,0.0325,0.72
13670,replay,4000,0.0521,1.000,0.0325,0.72
13671,es_step,4000,0.0312,1.000,0.0325,1.30
13672,replay,4000,0.0738,1.000,0.0325,0.71
13673,replay,4000,0.0572,1.000,0.0325,0.71
13674,replay,4000,0.0642,1.000,0.0325,0.71
13675,replay,4000,0.0860,1.000,0.0326,0.71
13676,es_step,4000,0.0526,1.000,0.0326,1.29
13677,replay,4000,0.0899,1.000,0.0327,0.71
13678,replay,4000,0.0814,1.000,0.0328,0.71
13679,replay,4000,0.0815,1.000,0.0328,0.71
13680,replay,4000,0.0837,1.000,0.0329,0.71
13681,replay,4000,0.0693,1.000,0.0329,0.71
13682,replay,4000,0.0614,1.000,0.0329,0.71
13683,replay,4000,0.0560,1.000,0.0329,0.71
13684,replay,4000,0.0453,1.000,0.0329,0.71
13685,replay,4000,0.0967,1.000,0.0329,0.72
13686,replay,4000,0.0849,1.000,0.0329,0.72
13687,replay,4000,0.0917,1.000,0.0329,0.72
13688,replay,4000,0.0608,1.000,0.0328,0.72
13689,replay,4000,0.0866,1.000,0.0328,0.71
13690,es_step,4000,0.0450,0.938,0.0329,1.31
13691,es_step,4000,0.0504,0.875,0.0331,1.30
13692,replay,4000,0.0811,1.000,0.0331,0.87
13693,replay,4000,0.0745,1.000,0.0332,0.71
13694,replay,4000,0.0692,1.000,0.0333,0.71
13695,es_step,4000,0.0394,1.000,0.0333,1.29
13696,replay,4000,0.0725,1.000,0.0334,0.71
13697,es_step,4000,0.0477,1.000,0.0334,1.29
13698,replay,4000,0.0769,1.000,0.0334,0.71
13699,replay,4000,0.0722,1.000,0.0335,0.71
13700,replay,4000,0.0672,1.000,0.0335,0.71
13701,replay,4000,0.0428,1.000,0.0335,0.71
13702,replay,4000,0.0437,1.000,0.0335,0.71
13703,replay,4000,0.0334,1.000,0.0334,0.71
13704,replay,4000,0.0265,1.000,0.0334,0.71
13705,replay,4000,0.0464,1.000,0.0333,0.71
13706,replay,4000,0.0405,1.000,0.0333,0.70
13707,replay,4000,0.0460,1.000,0.0333,0.71
13708,replay,4000,0.0505,1.000,0.0333,0.71
13709,es_step,4000,0.0277,1.000,0.0333,1.28
13710,replay,4000,0.0678,1.000,0.0334,0.71
13711,replay,4000,0.0549,1.000,0.0334,0.71
13712,es_step,4000,0.0338,1.000,0.0334,1.37
13713,replay,4000,0.0632,1.000,0.0334,0.70
13714,replay,4000,0.0678,1.000,0.0334,0.71
13715,es_step,4000,0.0300,0.938,0.0334,1.29
13716,replay,4000,0.0659,1.000,0.0335,0.71
13717,es_step,4000,0.0394,0.875,0.0335,1.28
13718,es_step,4000,0.0348,1.000,0.0335,1.28
13719,replay,4000,0.0634,1.000,0.0335,0.70
13720,replay,4000,0.0550,1.000,0.0335,0.71
13721,es_step,4000,0.0393,1.000,0.0335,1.26
13722,replay,4000,0.0636,1.000,0.0336,0.70
13723,replay,4000,0.0538,1.000,0.0336,0.70
13724,es_step,4000,0.0280,1.000,0.0336,1.27
13725,replay,4000,0.0664,1.000,0.0336,0.70
13726,replay,4000,0.0599,1.000,0.0336,0.70
13727,replay,4000,0.0621,1.000,0.0336,0.71
13728,replay,4000,0.0604,1.000,0.0336,0.71
13729,es_step,4000,0.0223,1.000,0.0336,1.28
13730,replay,4000,0.0489,1.000,0.0336,0.70
13731,replay,4000,0.0358,1.000,0.0336,0.71
13732,replay,4000,0.0493,1.000,0.0336,0.70
13733,es_step,4000,0.0139,1.000,0.0336,1.28
13734,replay,4000,0.0452,1.000,0.0336,0.71
13735,replay,4000,0.0421,1.000,0.0336,0.71
13736,replay,4000,0.0207,1.000,0.0334,0.71
13737,replay,4000,0.0296,1.000,0.0333,0.71
13738,es_step,4000,0.0115,1.000,0.0333,1.28
13739,replay,4000,0.0337,1.000,0.0333,0.71
13740,replay,4000,0.0326,1.000,0.0332,0.71
13741,replay,4000,0.0317,1.000,0.0332,0.71
13742,replay,4000,0.0456,1.000,0.0332,0.71
13743,es_step,4000,0.0231,0.875,0.0332,1.28
13744,replay,4000,0.0617,1.000,0.0332,0.70
13745,replay,4000,0.0481,1.000,0.0331,0.71
13746,replay,4000,0.0471,1.000,0.0332,0.70
13747,es_step,4000,0.0286,0.875,0.0332,1.27
13748,replay,4000,0.0583,1.000,0.0331,0.70
13749,replay,4000,0.0519,1.000,0.0331,0.71
13750,replay,4000,0.0511,1.000,0.0332,0.72
13751,replay,4000,0.0628,1.000,0.0332,0.71
13752,replay,4000,0.0612,1.000,0.0332,0.71
13753,replay,4000,0.0672,1.000,0.0332,0.71
13754,replay,4000,0.0571,1.000,0.0332,0.71
13755,replay,4000,0.0427,1.000,0.0332,0.71
13756,replay,4000,0.0362,1.000,0.0332,0.71
13757,es_step,4000,0.0021,0.875,0.0332,1.29
13758,es_step,4000,0.0116,0.750,0.0332,1.27
13759,replay,4000,0.0212,1.000,0.0331,0.70
13760,es_step,4000,-0.0099,0.875,0.0331,1.28
13761,es_step,4000,0.0100,1.000,0.0331,1.26
13762,replay,4000,0.0296,1.000,0.0331,0.70
13763,replay,4000,0.0414,1.000,0.0330,0.71
13764,replay,4000,0.0219,1.000,0.0330,0.70
13765,replay,4000,0.0357,1.000,0.0329,0.71
13766,replay,4000,0.0542,1.000,0.0329,0.72
13767,es_step,4000,0.0260,1.000,0.0329,1.29
13768,replay,4000,0.0509,1.000,0.0329,0.71
13769,es_step,4000,0.0330,1.000,0.0330,1.28
13770,replay,4000,0.0657,1.000,0.0330,0.71
13771,replay,4000,0.0610,1.000,0.0331,0.71
13772,replay,4000,0.0515,1.000,0.0331,0.70
13773,replay,4000,0.0566,1.000,0.0331,0.70
13774,es_step,4000,0.0206,0.938,0.0331,1.29
13775,replay,4000,0.0531,1.000,0.0331,0.70
13776,es_step,4000,0.0202,1.000,0.0331,1.27
13777,replay,4000,0.0469,1.000,0.0331,0.70
13778,es_step,4000,0.0220,1.000,0.0331,1.26
13779,replay,4000,0.0476,1.000,0.0331,0.70
13780,replay,4000,0.0393,1.000,0.0331,0.70
13781,replay,4000,0.0392,1.000,0.0331,0.70
13782,replay,4000,0.0461,1.000,0.0331,0.71
13783,replay,4000,0.0594,1.000,0.0331,0.70
13784,replay,4000,0.0467,1.000,0.0331,0.70
13785,replay,4000,0.0587,1.000,0.0330,0.70
13786,replay,4000,0.0535,1.000,0.0331,0.70
13787,replay,4000,0.0554,1.000,0.0330,0.70
13788,replay,4000,0.0317,1.000,0.0329,0.81
13789,replay,4000,0.0325,1.000,0.0329,1.28
13790,replay,4000,0.0343,1.000,0.0328,2.77
13791,replay,4000,0.0244,1.000,0.0327,0.75
13792,es_step,4000,0.0001,1.000,0.0327,1.29
13793,es_step,4000,0.0133,1.000,0.0327,1.30
13794,es_step,4000,0.0052,1.000,0.0327,1.31
13795,replay,4000,0.0284,1.000,0.0327,0.71
13796,replay,4000,0.0186,1.000,0.0326,0.71
13797,es_step,4000,0.0167,1.000,0.0326,1.28
13798,replay,4000,0.0346,1.000,0.0326,0.70
13799,replay,4000,0.0240,1.000,0.0325,0.71
13800,replay,4000,0.0481,1.000,0.0325,0.71
13801,replay,4000,0.0470,1.000,0.0325,0.71
13802,replay,4000,0.0460,1.000,0.0325,0.71
13803,es_step,4000,0.0173,1.000,0.0325,1.28
13804,es_step,4000,0.0150,1.000,0.0325,1.28
13805,replay,4000,0.0406,1.000,0.0325,0.71
13806,replay,4000,0.0428,1.000,0.0324,0.71
13807,replay,4000,0.0357,1.000,0.0324,0.71
13808,es_step,4000,0.0146,1.000,0.0324,1.28
13809,es_step,4000,0.0145,0.938,0.0324,1.28
13810,es_step,4000,0.0179,1.000,0.0324,1.27
13811,replay,4000,0.0502,1.000,0.0324,0.71
13812,es_step,4000,0.0174,0.875,0.0324,1.27
13813,es_step,4000,0.0166,0.875,0.0324,1.26
13814,replay,4000,0.0543,1.000,0.0324,0.69
13815,replay,4000,0.0560,1.000,0.0324,0.70
13816,replay,4000,0.0495,1.000,0.0324,0.70
13817,replay,4000,0.0525,1.000,0.0324,0.70
13818,replay,4000,0.0565,1.000,0.0324,0.70
13819,replay,4000,0.0997,1.000,0.0324,0.70
13820,replay,4000,0.0567,1.000,0.0324,0.71
13821,replay,4000,0.0676,1.000,0.0325,0.71
13822,replay,4000,0.0722,1.000,0.0325,0.71
13823,es_step,4000,0.0423,0.812,0.0325,1.28
13824,replay,4000,0.0774,1.000,0.0325,0.70
13825,replay,4000,0.0701,1.000,0.0326,0.70
13826,replay,4000,0.0667,1.000,0.0326,0.71
13827,replay,4000,0.0480,1.000,0.0327,0.71
13828,replay,4000,0.0682,1.000,0.0327,0.71
13829,replay,4000,0.0475,1.000,0.0326,0.71
13830,replay,4000,0.0604,1.000,0.0326,0.71
13831,replay,4000,0.0629,1.000,0.0326,0.71
13832,replay,4000,0.0632,1.000,0.0326,0.71
13833,replay,4000,0.0453,1.000,0.0326,0.71
13834,replay,4000,0.0424,1.000,0.0326,0.70
13835,es_step,4000,0.0149,1.000,0.0326,1.28
13836,replay,4000,0.0363,1.000,0.0326,0.70
13837,replay,4000,0.0299,1.000,0.0325,2.95
13838,replay,4000,0.0299,1.000,0.0324,0.70
13839,es_step,4000,0.0128,0.875,0.0324,1.27
13840,replay,4000,0.0318,1.000,0.0324,0.70
13841,es_step,4000,0.0077,0.875,0.0324,1.28
13842,replay,4000,0.0411,1.000,0.0324,0.70
13843,replay,4000,0.0345,1.000,0.0323,0.70
13844,replay,4000,0.0286,1.000,0.0323,0.71
13845,replay,4000,0.0472,1.000,0.0322,0.71
13846,replay,4000,0.0429,1.000,0.0322,0.71
13847,replay,4000,0.0391,1.000,0.0322,0.71
13848,replay,4000,0.0500,1.000,0.0322,0.71
13849,es_step,4000,0.0185,0.812,0.0322,1.28
13850,replay,4000,0.0561,1.000,0.0322,0.70
13851,replay,4000,0.0485,1.000,0.0322,0.71
13852,replay,4000,0.0631,1.000,0.0322,0.70
13853,replay,4000,0.0670,1.000,0.0322,0.70
13854,replay,4000,0.0575,1.000,0.0323,0.70
13855,replay,4000,0.0683,1.000,0.0323,0.70
13856,replay,4000,0.0704,1.000,0.0324,0.70
13857,replay,4000,0.0751,1.000,0.0324,0.70
13858,es_step,4000,0.0301,0.875,0.0324,1.27
13859,replay,4000,0.0616,1.000,0.0325,0.70
13860,replay,4000,0.0657,1.000,0.0325,0.70
13861,replay,4000,0.0569,1.000,0.0325,0.70
13862,replay,4000,0.0510,1.000,0.0325,0.71
13863,es_step,4000,0.0163,1.000,0.0325,1.28
13864,replay,4000,0.0448,1.000,0.0325,0.70
13865,replay,4000,0.0319,1.000,0.0324,0.71
13866,replay,4000,0.0300,1.000,0.0324,0.70
13867,replay,4000,0.0248,1.000,0.0324,0.71
13868,replay,4000,0.0349,1.000,0.0323,0.71
13869,replay,4000,0.0326,1.000,0.0323,0.71
13870,es_step,4000,0.0178,0.688,0.0323,1.28
13871,replay,4000,0.0279,1.000,0.0323,0.70
13872,es_step,4000,0.0196,0.688,0.0323,1.27
13873,replay,4000,0.0409,1.000,0.0323,0.70
13874,replay,4000,0.0321,1.000,0.0323,0.70
13875,replay,4000,0.0337,1.000,0.0323,0.70
13876,replay,4000,0.0528,1.000,0.0323,0.70
13877,es_step,4000,0.0193,0.938,0.0323,1.28
13878,replay,4000,0.0502,1.000,0.0323,0.70
13879,es_step,4000,0.0215,0.625,0.0323,1.28
13880,replay,4000,0.0457,1.000,0.0324,0.71
13881,replay,4000,0.0504,1.000,0.0323,0.70
13882,es_step,4000,0.0191,0.812,0.0323,1.27
13883,replay,4000,0.0559,1.000,0.0323,0.70
13884,replay,4000,0.0531,1.000,0.0323,0.70
13885,replay,4000,0.0602,1.000,0.0323,0.70
13886,replay,4000,0.0606,1.000,0.0324,0.70
13887,es_step,4000,0.0319,0.938,0.0324,1.26
13888,es_step,4000,0.0304,1.000,0.0324,1.24
13889,replay,4000,0.0697,1.000,0.0324,0.70
13890,replay,4000,0.0620,1.000,0.0325,0.71
13891,replay,4000,0.0545,1.000,0.0324,0.71
13892,es_step,4000,0.0105,1.000,0.0324,1.28
13893,es_step,4000,0.0065,0.875,0.0324,1.26
13894,replay,4000,0.0448,1.000,0.0324,0.70
13895,replay,4000,0.0316,1.000,0.0324,0.70
13896,replay,4000,0.0320,1.000,0.0324,0.70
13897,replay,4000,0.0348,1.000,0.0324,0.70
13898,replay,4000,0.0348,1.000,0.0323,0.71
13899,replay,4000,0.0040,1.000,0.0321,0.71
13900,replay,4000,0.0357,1.000,0.0321,0.71
13901,replay,4000,0.0402,1.000,0.0321,0.71
13902,replay,4000,0.0435,1.000,0.0321,0.71
13903,es_step,4000,0.0124,1.000,0.0321,1.29
13904,replay,4000,0.0399,1.000,0.0321,0.70
13905,replay,4000,0.0455,1.000,0.0320,0.71
13906,es_step,4000,0.0265,1.000,0.0320,1.29
13907,replay,4000,0.0703,1.000,0.0320,0.71
13908,es_step,4000,0.0295,0.875,0.0321,1.28
13909,replay,4000,0.0632,1.000,0.0321,0.70
13910,es_step,4000,0.0239,1.000,0.0321,1.27
13911,es_step,4000,0.0289,0.938,0.0321,1.26
13912,replay,4000,0.0638,1.000,0.0321,0.70
13913,replay,4000,0.0833,1.000,0.0322,0.70
13914,replay,4000,0.0728,1.000,0.0322,0.70
13915,es_step,4000,0.0312,1.000,0.0322,1.27
13916,replay,4000,0.0593,1.000,0.0322,0.70
13917,replay,4000,0.0608,1.000,0.0323,0.70
13918,replay,4000,0.0503,1.000,0.0323,0.71
13919,replay,4000,0.0476,1.000,0.0323,0.71
13920,replay,4000,0.0493,1.000,0.0323,0.71
13921,replay,4000,0.0476,1.000,0.0323,0.71
13922,replay,4000,0.0435,1.000,0.0322,0.71
13923,replay,4000,0.0384,1.000,0.0322,0.71
13924,replay,4000,0.0344,1.000,0.0322,0.71
13925,replay,4000,0.0399,1.000,0.0322,0.71
13926,es_step,4000,0.0110,1.000,0.0322,1.29
13927,replay,4000,0.0189,1.000,0.0322,0.71
13928,replay,4000,0.0768,1.000,0.0322,0.71
13929,es_step,4000,0.0272,1.000,0.0322,1.28
13930,replay,4000,0.0663,1.000,0.0322,0.70
13931,replay,4000,0.0897,1.000,0.0323,0.70
13932,es_step,4000,0.0387,0.938,0.0323,1.27
13933,replay,4000,0.0983,1.000,0.0324,0.70
13934,replay,4000,0.0706,1.000,0.0324,0.71
13935,es_step,4000,0.0468,0.938,0.0325,1.28
13936,es_step,4000,0.0471,0.938,0.0325,1.27
13937,replay,4000,0.0834,1.000,0.0326,0.71
13938,replay,4000,0.0913,1.000,0.0327,0.71
13939,replay,4000,0.1149,1.000,0.0328,0.71
13940,replay,4000,0.0904,1.000,0.0328,0.72
13941,replay,4000,0.0737,1.000,0.0328,0.71
13942,replay,4000,0.0706,1.000,0.0329,0.73
13943,replay,4000,0.0717,1.000,0.0329,0.73
13944,replay,4000,0.0979,1.000,0.0330,0.71
13945,replay,4000,0.0985,1.000,0.0330,0.71
13946,replay,4000,0.0748,1.000,0.0330,0.70
13947,replay,4000,0.0601,1.000,0.0330,0.70
13948,replay,4000,0.0647,1.000,0.0330,0.71
13949,es_step,4000,0.0293,0.875,0.0330,1.28
13950,replay,4000,-0.0263,1.000,0.0329,0.71
13951,replay,4000,0.0816,1.000,0.0330,0.70
13952,replay,4000,0.0959,1.000,0.0330,0.70
13953,es_step,4000,0.0515,0.938,0.0331,1.27
13954,replay,4000,0.0887,1.000,0.0330,0.71
13955,replay,4000,0.0726,1.000,0.0331,0.71
13956,es_step,4000,0.0493,0.812,0.0332,1.28
13957,es_step,4000,0.0617,0.938,0.0333,1.27
13958,replay,4000,0.0883,1.000,0.0334,0.70
13959,replay,4000,0.0810,1.000,0.0334,0.70
13960,replay,4000,0.0606,1.000,0.0334,0.70
13961,replay,4000,0.0366,1.000,0.0333,0.70
13962,replay,4000,0.0390,1.000,0.0332,0.68
13963,es_step,4000,0.0073,0.750,0.0332,1.22
13964,replay,4000,0.0207,1.000,0.0332,0.67
13965,replay,4000,0.0292,1.000,0.0331,0.68
13966,replay,4000,0.0362,1.000,0.0330,0.69
13967,replay,4000,0.0227,1.000,0.0330,0.69
13968,replay,4000,0.0235,1.000,0.0329,0.70
13969,replay,4000,0.0322,1.000,0.0328,0.70
13970,replay,4000,0.0236,1.000,0.0328,0.70
13971,replay,4000,0.0485,1.000,0.0328,0.71
13972,replay,4000,0.0480,1.000,0.0328,0.71
13973,replay,4000,0.0452,1.000,0.0328,0.70
13974,es_step,4000,0.0290,0.938,0.0328,1.29
13975,replay,4000,0.0478,1.000,0.0328,0.71
13976,replay,4000,0.0605,1.000,0.0328,0.70
13977,replay,4000,0.0535,1.000,0.0328,0.70
13978,es_step,4000,0.0377,0.938,0.0329,1.28
13979,replay,4000,0.0673,1.000,0.0329,0.70
13980,replay,4000,0.0835,1.000,0.0329,0.70
13981,replay,4000,0.0676,1.000,0.0329,0.70
13982,replay,4000,0.0527,1.000,0.0329,0.71
13983,replay,4000,0.0492,1.000,0.0329,0.70
13984,replay,4000,0.0639,1.000,0.0330,0.71
13985,replay,4000,0.0657,1.000,0.0331,0.70
13986,replay,4000,0.0631,1.000,0.0331,0.71
13987,replay,4000,0.0625,1.000,0.0331,1.05
13988,replay,4000,0.0569,1.000,0.0332,0.71
13989,replay,4000,0.0543,1.000,0.0332,0.72
13990,replay,4000,0.0575,1.000,0.0332,0.72
13991,replay,4000,0.0690,1.000,0.0332,0.73
13992,replay,4000,0.0533,1.000,0.0333,0.72
13993,es_step,4000,0.0445,0.938,0.0333,1.32
13994,replay,4000,0.0623,1.000,0.0333,0.71
13995,replay,4000,0.0609,1.000,0.0333,0.72
13996,replay,4000,0.0452,1.000,0.0333,0.72
13997,replay,4000,0.0678,1.000,0.0334,0.72
13998,es_step,4000,0.0318,0.750,0.0334,1.31
13999,es_step,4000,0.0282,0.875,0.0334,1.30
14000,replay,4000,0.0585,1.000,0.0334,0.75
14001,es_step,4000,0.0294,0.875,0.0334,1.35
14002,es_step,4000,0.0306,1.000,0.0334,1.32
14003,replay,4000,0.0548,1.000,0.0334,0.72
14004,es_step,4000,0.0210,1.000,0.0334,1.31
14005,replay,4000,0.0402,1.000,0.0334,0.71
14006,replay,4000,0.0461,1.000,0.0333,0.72
14007,replay,4000,0.0374,1.000,0.0333,0.72
14008,es_step,4000,0.0200,0.938,0.0333,1.32
14009,replay,4000,0.0393,1.000,0.0333,0.72
14010,replay,4000,0.0250,1.000,0.0333,0.72
14011,replay,4000,0.0465,1.000,0.0335,0.72
14012,es_step,4000,0.0251,1.000,0.0335,1.31
14013,es_step,4000,0.0248,1.000,0.0335,1.30
14014,replay,4000,-0.0975,1.000,0.0335,0.71
14015,replay,4000,0.0873,1.000,0.0335,0.71
14016,replay,4000,0.0988,1.000,0.0336,0.71
14017,replay,4000,0.1185,1.000,0.0336,0.70
14018,replay,4000,0.1036,1.000,0.0336,0.71
14019,es_step,4000,0.0643,1.000,0.0338,1.29
14020,replay,4000,0.0800,1.000,0.0338,0.71
14021,replay,4000,0.0597,1.000,0.0338,0.71
14022,replay,4000,0.0826,1.000,0.0340,0.71
14023,es_step,4000,0.0560,0.938,0.0340,1.29
14024,replay,4000,0.0810,1.000,0.0341,0.71
14025,replay,4000,0.0669,1.000,0.0341,0.71
14026,es_step,4000,0.0475,0.938,0.0342,1.28
14027,replay,4000,0.0753,1.000,0.0342,0.70
14028,replay,4000,0.0632,1.000,0.0342,0.71
14029,replay,4000,0.0483,1.000,0.0343,0.71
14030,replay,4000,0.0258,1.000,0.0341,0.72
14031,replay,4000,0.0473,1.000,0.0341,0.72
14032,replay,4000,0.0549,1.000,0.0341,0.71
14033,replay,4000,0.0439,1.000,0.0342,0.72
14034,es_step,4000,0.0286,1.000,0.0342,1.30
14035,es_step,4000,0.0227,1.000,0.0342,1.29
14036,es_step,4000,0.0353,1.000,0.0342,1.28
14037,es_step,4000,0.0274,1.000,0.0342,1.27
14038,replay,4000,0.0715,1.000,0.0342,0.70
14039,replay,4000,0.0591,1.000,0.0342,0.70
14040,es_step,4000,0.0278,1.000,0.0343,1.27
14041,replay,4000,0.0482,1.000,0.0342,0.70
14042,replay,4000,0.0231,1.000,0.0341,0.70
14043,replay,4000,0.0319,1.000,0.0340,0.70
14044,replay,4000,0.0278,1.000,0.0340,0.70
14045,es_step,4000,0.0128,1.000,0.0340,1.27
14046,replay,4000,0.0324,1.000,0.0339,0.70
14047,replay,4000,0.0265,1.000,0.0339,0.70
14048,replay,4000,0.0762,1.000,0.0339,0.70
14049,replay,4000,0.0411,1.000,0.0338,0.71
14050,replay,4000,0.0454,1.000,0.0338,0.72
14051,es_step,4000,0.0206,0.875,0.0338,1.29
14052,es_step,4000,0.0256,0.938,0.0338,1.28
14053,replay,4000,0.0442,1.000,0.0338,0.70
14054,replay,4000,0.0545,1.000,0.0338,0.71
14055,es_step,4000,0.0247,0.875,0.0338,1.27
14056,replay,4000,0.0365,1.000,0.0337,0.70
14057,replay,4000,0.0718,1.000,0.0337,0.70
14058,replay,4000,0.0535,1.000,0.0337,0.71
14059,es_step,4000,0.0213,0.938,0.0337,1.28
14060,replay,4000,0.0509,1.000,0.0337,0.70
14061,replay,4000,0.0486,1.000,0.0337,0.71
14062,replay,4000,0.0541,1.000,0.0337,0.71
14063,es_step,4000,0.0207,0.938,0.0337,1.29
14064,es_step,4000,0.0235,1.000,0.0337,1.26
14065,replay,4000,0.0163,1.000,0.0335,0.71
14066,replay,4000,0.0483,1.000,0.0335,0.71
14067,replay,4000,0.0566,1.000,0.0336,0.71
14068,replay,4000,0.0609,1.000,0.0336,0.72
14069,replay,4000,0.0531,1.000,0.0335,0.72
14070,replay,4000,0.0598,1.000,0.0335,0.72
14071,replay,4000,0.0596,1.000,0.0335,0.72
14072,replay,4000,0.0501,1.000,0.0335,0.72
14073,replay,4000,0.0511,1.000,0.0336,0.72
14074,es_step,4000,0.0317,1.000,0.0336,1.30
14075,replay,4000,0.0549,1.000,0.0336,0.71
14076,replay,4000,0.0410,1.000,0.0335,0.72
14077,replay,4000,0.0322,1.000,0.0335,0.72
14078,replay,4000,0.0438,1.000,0.0335,0.72
14079,es_step,4000,0.0238,0.938,0.0335,1.31
14080,replay,4000,0.0504,1.000,0.0335,0.72
14081,es_step,4000,0.0206,0.875,0.0335,1.31
14082,replay,4000,0.0515,1.000,0.0335,0.72
14083,replay,4000,0.0332,1.000,0.0334,0.72
14084,replay,4000,0.0365,1.000,0.0334,0.72
14085,replay,4000,0.0384,1.000,0.0334,0.72
14086,replay,4000,0.0571,1.000,0.0334,0.72
14087,replay,4000,0.0420,1.000,0.0333,0.72
14088,replay,4000,0.0515,1.000,0.0333,0.72
14089,replay,4000,0.0384,1.000,0.0333,0.72
14090,replay,4000,0.0524,1.000,0.0333,0.72
14091,replay,4000,0.0468,1.000,0.0333,0.72
14092,es_step,4000,0.0341,1.000,0.0333,1.30
14093,es_step,4000,0.0353,0.938,0.0333,1.29
14094,replay,4000,0.0610,1.000,0.0334,0.71
14095,replay,4000,0.0584,1.000,0.0334,0.71
14096,es_step,4000,0.0306,0.812,0.0334,1.29
14097,replay,4000,0.0591,1.000,0.0334,0.71
14098,es_step,4000,0.0222,0.938,0.0334,1.29
14099,replay,4000,0.0394,1.000,0.0334,0.71
14100,replay,4000,0.0293,1.000,0.0333,0.71
14101,replay,4000,0.0405,1.000,0.0333,0.71
14102,replay,4000,0.0464,1.000,0.0334,0.71
14103,replay,4000,0.0502,1.000,0.0334,0.72
14104,replay,4000,0.0600,1.000,0.0334,0.72
14105,es_step,4000,0.0340,0.938,0.0334,1.29
14106,replay,4000,0.0535,1.000,0.0334,0.71
14107,es_step,4000,0.0219,0.875,0.0334,1.27
14108,replay,4000,0.0622,1.000,0.0334,0.70
14109,replay,4000,0.0610,1.000,0.0334,1.21
14110,replay,4000,0.0423,1.000,0.0334,0.76
14111,replay,4000,0.0455,1.000,0.0334,0.71
14112,replay,4000,0.0371,1.000,0.0333,0.72
14113,replay,4000,0.0372,1.000,0.0333,0.72
14114,es_step,4000,0.0170,1.000,0.0333,1.30
14115,es_step,4000,0.0173,0.938,0.0333,1.28
14116,es_step,4000,0.0119,0.812,0.0333,1.26
14117,replay,4000,0.0479,1.000,0.0333,0.71
14118,replay,4000,0.0524,1.000,0.0333,0.72
14119,replay,4000,0.0496,1.000,0.0333,0.72
14120,replay,4000,0.0378,1.000,0.0333,0.72
14121,es_step,4000,0.0267,0.812,0.0333,1.30
14122,es_step,4000,0.0264,0.812,0.0333,1.28
14123,es_step,4000,0.0288,1.000,0.0333,1.26
14124,es_step,4000,0.0269,0.875,0.0333,1.26
14125,es_step,4000,0.0193,0.938,0.0333,1.26
14126,replay,4000,0.0471,1.000,0.0333,0.70
14127,replay,4000,0.0539,1.000,0.0333,0.70
14128,replay,4000,0.0507,1.000,0.0333,0.70
14129,es_step,4000,0.0298,0.875,0.0333,3.50
14130,replay,4000,0.0502,1.000,0.0333,0.71
14131,replay,4000,0.0259,1.000,0.0333,0.71
14132,es_step,4000,0.0214,0.938,0.0333,1.28
14133,replay,4000,0.0492,1.000,0.0333,0.71
14134,replay,4000,0.0444,1.000,0.0332,0.71
14135,replay,4000,0.0295,1.000,0.0331,0.71
14136,replay,4000,0.0249,1.000,0.0331,0.75
14137,es_step,4000,0.0240,0.938,0.0331,1.29
14138,es_step,4000,0.0204,0.875,0.0331,1.29
14139,replay,4000,0.0344,1.000,0.0331,0.71
14140,replay,4000,0.0441,1.000,0.0330,0.71
14141,replay,4000,0.0327,1.000,0.0330,0.71
14142,es_step,4000,0.0247,0.938,0.0330,1.29
14143,replay,4000,0.0391,1.000,0.0330,0.72
14144,replay,4000,0.0349,1.000,0.0330,0.71
14145,replay,4000,0.0249,1.000,0.0329,0.72
14146,replay,4000,0.0430,1.000,0.0328,0.72
14147,replay,4000,0.0412,1.000,0.0328,0.72
14148,replay,4000,0.0428,1.000,0.0328,0.78
14149,replay,4000,0.0335,1.000,0.0328,0.72
14150,replay,4000,0.0328,1.000,0.0328,0.72
14151,replay,4000,0.0551,1.000,0.0327,0.72
14152,replay,4000,0.0478,1.000,0.0327,0.73
14153,replay,4000,0.0698,1.000,0.0327,0.73
14154,replay,4000,0.0483,1.000,0.0327,0.73
14155,replay,4000,0.0509,1.000,0.0327,0.73
14156,replay,4000,0.0530,1.000,0.0327,0.73
14157,replay,4000,0.0573,1.000,0.0327,0.72
14158,replay,4000,0.0512,1.000,0.0327,0.73
14159,replay,4000,0.0472,1.000,0.0327,0.73
14160,replay,4000,0.0460,1.000,0.0327,0.73
14161,replay,4000,0.0384,1.000,0.0326,0.72
14162,replay,4000,0.0139,1.000,0.0325,0.73
14163,replay,4000,0.0366,1.000,0.0325,0.73
14164,replay,4000,0.0227,1.000,0.0324,0.73
14165,replay,4000,0.0315,1.000,0.0324,0.73
14166,replay,4000,0.0367,1.000,0.0323,0.72
14167,replay,4000,0.0333,1.000,0.0323,0.73
14168,es_step,4000,0.0097,1.000,0.0323,1.32
14169,es_step,4000,0.0074,0.938,0.0323,1.31
14170,replay,4000,0.0314,1.000,0.0322,0.71
14171,replay,4000,0.0436,1.000,0.0322,0.72
14172,replay,4000,0.0572,1.000,0.0322,0.72
14173,replay,4000,0.0519,1.000,0.0322,0.72
14174,replay,4000,0.0613,1.000,0.0322,0.72
14175,es_step,4000,0.0236,1.000,0.0322,1.31
14176,replay,4000,0.0424,1.000,0.0322,0.72
14177,replay,4000,0.0156,1.000,0.0321,0.73
14178,es_step,4000,0.0400,0.938,0.0322,1.32
14179,replay,4000,0.0580,1.000,0.0322,0.72
14180,es_step,4000,0.0409,0.875,0.0322,1.31
14181,replay,4000,0.0660,1.000,0.0323,0.71
14182,es_step,4000,0.0357,0.938,0.0323,1.30
14183,replay,4000,0.0675,1.000,0.0323,0.71
14184,replay,4000,0.0616,1.000,0.0324,0.71
14185,replay,4000,0.0568,1.000,0.0324,0.71
14186,replay,4000,0.0555,1.000,0.0324,0.72
14187,replay,4000,0.0431,1.000,0.0324,0.73
14188,replay,4000,0.0531,1.000,0.0324,0.72
14189,replay,4000,0.0370,1.000,0.0323,0.72
14190,replay,4000,0.0385,1.000,0.0323,0.72
14191,es_step,4000,0.0051,1.000,0.0323,1.31
14192,replay,4000,0.0309,1.000,0.0322,0.72
14193,replay,4000,0.0349,1.000,0.0322,0.72
14194,replay,4000,0.0187,1.000,0.0321,0.72
14195,es_step,4000,-0.0040,0.938,0.0321,1.30
14196,replay,4000,0.0234,1.000,0.0321,0.72
14197,replay,4000,0.0275,1.000,0.0321,0.72
14198,es_step,4000,0.0053,0.812,0.0321,1.31
14199,replay,4000,0.0322,1.000,0.0321,0.72
14200,replay,4000,0.0373,1.000,0.0321,0.71
14201,replay,4000,0.0492,1.000,0.0321,0.71
14202,replay,4000,0.0538,1.000,0.0321,0.72
14203,replay,4000,0.0465,1.000,0.0321,0.72
14204,replay,4000,0.0459,1.000,0.0322,0.72
14205,replay,4000,0.0512,1.000,0.0322,0.73
14206,replay,4000,0.0668,1.000,0.0322,0.73
14207,replay,4000,0.0757,1.000,0.0323,0.73
14208,replay,4000,0.0694,1.000,0.0323,0.73
14209,replay,4000,0.0658,1.000,0.0323,0.73
14210,replay,4000,0.0572,1.000,0.0324,0.72
14211,replay,4000,0.0613,1.000,0.0324,0.72
14212,replay,4000,0.0531,1.000,0.0324,0.72
14213,replay,4000,0.0396,1.000,0.0323,0.72
14214,replay,4000,0.0279,1.000,0.0323,0.72
14215,replay,4000,0.0321,1.000,0.0322,0.72
14216,replay,4000,0.0244,1.000,0.0321,0.72
14217,replay,4000,0.0240,1.000,0.0321,0.72
14218,replay,4000,0.0262,1.000,0.0320,0.72
14219,replay,4000,0.0293,1.000,0.0320,0.72
14220,replay,4000,0.0239,1.000,0.0319,0.72
14221,es_step,4000,0.0104,0.938,0.0319,1.34
14222,replay,4000,0.0420,1.000,0.0319,0.72
14223,replay,4000,0.0661,1.000,0.0319,0.72
14224,replay,4000,0.0670,1.000,0.0318,0.72
14225,replay,4000,0.0686,1.000,0.0319,0.72
14226,replay,4000,0.0625,1.000,0.0319,0.72
14227,replay,4000,0.0748,1.000,0.0319,0.72
14228,replay,4000,0.0776,1.000,0.0320,0.72
14229,es_step,4000,0.0545,1.000,0.0321,1.32
14230,replay,4000,0.0752,1.000,0.0321,0.72
14231,replay,4000,0.0688,1.000,0.0322,0.72
14232,replay,4000,0.0624,1.000,0.0322,0.72
14233,replay,4000,0.0581,1.000,0.0322,0.72
14234,es_step,4000,0.0373,0.875,0.0322,1.32
14235,es_step,4000,0.0292,0.938,0.0322,1.31
14236,es_step,4000,0.0303,1.000,0.0322,1.30
14237,replay,4000,0.0429,1.000,0.0323,0.71
14238,replay,4000,0.0763,1.000,0.0323,0.71
14239,replay,4000,0.0263,1.000,0.0321,0.72
14240,replay,4000,0.0611,1.000,0.0321,0.72
14241,replay,4000,0.0583,1.000,0.0321,0.72
14242,replay,4000,0.0548,1.000,0.0322,0.72
14243,replay,4000,0.0612,1.000,0.0322,0.72
14244,replay,4000,0.0808,1.000,0.0322,0.72
14245,replay,4000,0.0615,1.000,0.0323,0.72
14246,replay,4000,0.0612,1.000,0.0323,0.72
14247,replay,4000,0.0529,1.000,0.0323,0.72
14248,replay,4000,0.0584,1.000,0.0323,0.72
14249,replay,4000,0.0486,1.000,0.0323,0.72
14250,replay,4000,0.0491,1.000,0.0323,0.72
14251,replay,4000,0.0343,1.000,0.0323,0.82
14252,replay,4000,0.0297,1.000,0.0322,0.71
14253,replay,4000,0.0287,1.000,0.0322,0.72
14254,replay,4000,0.0271,1.000,0.0322,0.72
14255,replay,4000,0.0276,1.000,0.0321,0.71
14256,replay,4000,0.0205,1.000,0.0321,0.72
14257,replay,4000,0.0380,1.000,0.0321,0.72
14258,es_step,4000,0.0181,1.000,0.0321,1.32
14259,replay,4000,0.0384,1.000,0.0320,0.72
14260,replay,4000,0.0328,1.000,0.0320,0.72
14261,replay,4000,0.0190,1.000,0.0319,0.72
14262,replay,4000,0.0266,1.000,0.0319,0.72
14263,es_step,4000,0.0176,1.000,0.0319,1.31
14264,replay,4000,0.0298,1.000,0.0319,0.72
14265,replay,4000,0.0304,1.000,0.0318,0.72
14266,replay,4000,0.0427,1.000,0.0318,0.72
14267,replay,4000,0.0313,1.000,0.0318,0.72
14268,es_step,4000,0.0244,1.000,0.0318,1.32
14269,replay,4000,0.0457,1.000,0.0318,0.72
14270,replay,4000,0.0575,1.000,0.0318,0.72
14271,replay,4000,0.0604,1.000,0.0318,0.73
14272,replay,4000,0.0602,1.000,0.0318,0.72
14273,replay,4000,0.0596,1.000,0.0318,0.72
14274,replay,4000,0.0519,1.000,0.0318,0.72
14275,es_step,4000,0.0159,1.000,0.0318,1.32
14276,replay,4000,0.0416,1.000,0.0318,0.75
14277,es_step,4000,0.0132,0.938,0.0318,1.32
14278,replay,4000,0.0423,1.000,0.0317,0.71
14279,replay,4000,0.0371,1.000,0.0317,0.72
14280,replay,4000,0.0495,1.000,0.0317,0.72
14281,replay,4000,0.0550,1.000,0.0317,0.73
14282,replay,4000,0.0459,1.000,0.0316,0.73
14283,replay,4000,0.0292,1.000,0.0316,0.73
14284,replay,4000,0.0338,1.000,0.0315,0.73
14285,replay,4000,0.0098,1.000,0.0314,0.73
14286,replay,4000,0.0238,1.000,0.0314,0.73
14287,replay,4000,0.0222,1.000,0.0314,0.73
14288,replay,4000,0.0276,1.000,0.0314,0.73
14289,es_step,4000,0.0165,1.000,0.0314,1.31
14290,replay,4000,0.0302,1.000,0.0314,0.72
14291,es_step,4000,0.0205,1.000,0.0314,1.30
14292,replay,4000,0.0569,1.000,0.0313,0.71
14293,es_step,4000,0.0137,1.000,0.0313,1.31
14294,replay,4000,0.0444,1.000,0.0313,0.73
14295,replay,4000,0.0421,1.000,0.0313,0.72
14296,replay,4000,0.0472,1.000,0.0313,0.72
14297,replay,4000,0.0420,1.000,0.0313,0.72
14298,replay,4000,0.0333,1.000,0.0312,0.72
14299,replay,4000,0.0315,1.000,0.0312,0.72
14300,replay,4000,0.0312,1.000,0.0312,0.72
14301,es_step,4000,0.0237,0.938,0.0312,1.30
14302,replay,4000,0.0520,1.000,0.0312,0.71
14303,replay,4000,0.0505,1.000,0.0312,0.71
14304,replay,4000,0.0464,1.000,0.0312,0.71
14305,replay,4000,0.0467,1.000,0.0311,0.72
14306,es_step,4000,0.0189,1.000,0.0311,1.30
14307,replay,4000,0.0096,1.000,0.0310,0.71
14308,replay,4000,0.0424,1.000,0.0310,0.71
14309,replay,4000,0.0335,1.000,0.0309,0.71
14310,es_step,4000,0.0158,1.000,0.0309,1.28
14311,replay,4000,-0.0055,1.000,0.0309,0.71
14312,es_step,4000,0.0257,1.000,0.0309,1.28
14313,replay,4000,0.0450,1.000,0.0309,0.72
14314,replay,4000,0.0564,1.000,0.0309,0.72
14315,replay,4000,0.0740,1.000,0.0309,0.72
14316,replay,4000,0.0674,1.000,0.0309,0.72
14317,replay,4000,0.0576,1.000,0.0309,0.72
14318,es_step,4000,0.0279,1.000,0.0309,1.30
14319,replay,4000,0.0531,1.000,0.0309,0.71
14320,replay,4000,0.0504,1.000,0.0309,0.72
14321,replay,4000,0.0442,1.000,0.0310,0.72
14322,replay,4000,0.0119,1.000,0.0310,0.72
14323,replay,4000,0.0270,1.000,0.0309,0.72
14324,es_step,4000,0.0164,1.000,0.0309,1.31
14325,es_step,4000,0.0221,1.000,0.0309,1.29
14326,replay,4000,0.0298,1.000,0.0309,0.71
14327,replay,4000,0.0370,1.000,0.0309,0.71
14328,replay,4000,0.0391,1.000,0.0308,0.71
14329,es_step,4000,0.0213,1.000,0.0308,1.28
14330,replay,4000,0.0590,1.000,0.0308,0.71
14331,replay,4000,0.0504,1.000,0.0308,0.72
14332,replay,4000,0.0478,1.000,0.0308,0.72
14333,replay,4000,0.0429,1.000,0.0307,0.72
14334,es_step,4000,0.0073,1.000,0.0307,1.29
14335,es_step,4000,0.0024,0.812,0.0307,1.28
14336,replay,4000,0.0426,1.000,0.0307,0.71
14337,replay,4000,0.0087,1.000,0.0307,0.71
14338,replay,4000,0.0414,1.000,0.0306,0.72
14339,replay,4000,0.0407,1.000,0.0306,0.72
14340,es_step,4000,0.0174,0.938,0.0306,1.32
14341,es_step,4000,0.0168,0.875,0.0306,1.30
14342,replay,4000,0.0216,1.000,0.0306,0.71
14343,es_step,4000,0.0190,0.875,0.0306,1.29
14344,replay,4000,0.0471,1.000,0.0305,0.71
14345,es_step,4000,0.0162,0.938,0.0305,1.28
14346,replay,4000,0.0453,1.000,0.0306,0.70
14347,replay,4000,0.0602,1.000,0.0306,0.71
14348,replay,4000,0.0814,1.000,0.0306,0.71
14349,replay,4000,0.0584,1.000,0.0306,0.71
14350,replay,4000,0.0667,1.000,0.0307,0.71
14351,replay,4000,0.0713,1.000,0.0307,0.71
14352,es_step,4000,0.0325,0.875,0.0307,1.29
14353,es_step,4000,0.0314,1.000,0.0307,1.28
14354,replay,4000,0.0590,1.000,0.0307,0.71
14355,replay,4000,0.0510,1.000,0.0307,0.71
14356,replay,4000,0.0296,1.000,0.0306,0.71
14357,replay,4000,0.0343,1.000,0.0306,0.71
14358,replay,4000,0.0415,1.000,0.0306,0.71
14359,replay,4000,0.0338,1.000,0.0305,0.72
14360,replay,4000,0.0272,1.000,0.0305,0.71
14361,replay,4000,0.0403,1.000,0.0304,0.72
14362,replay,4000,0.0293,1.000,0.0304,0.73
14363,replay,4000,0.0391,1.000,0.0304,0.73
14364,es_step,4000,0.0076,1.000,0.0304,1.32
14365,replay,4000,0.0242,1.000,0.0303,0.72
14366,replay,4000,0.0233,1.000,0.0303,0.72
14367,replay,4000,0.0198,1.000,0.0302,0.72
14368,replay,4000,0.0336,1.000,0.0301,0.72
14369,es_step,4000,0.0147,0.938,0.0301,1.30
14370,replay,4000,0.0248,1.000,0.0301,0.71
14371,replay,4000,0.0437,1.000,0.0301,0.72
14372,replay,4000,0.0361,1.000,0.0301,0.73
14373,replay,4000,0.0424,1.000,0.0301,0.72
14374,replay,4000,0.0265,1.000,0.0301,0.72
14375,es_step,4000,0.0218,1.000,0.0301,1.31
14376,es_step,4000,0.0239,0.938,0.0301,1.29
14377,replay,4000,0.0519,1.000,0.0301,0.71
14378,replay,4000,0.0498,1.000,0.0301,0.71
14379,replay,4000,0.0603,1.000,0.0301,0.71
14380,replay,4000,0.0788,1.000,0.0301,0.71
14381,replay,4000,0.0676,1.000,0.0301,0.71
14382,replay,4000,0.0686,1.000,0.0301,0.72
14383,replay,4000,0.0626,1.000,0.0302,0.72
14384,es_step,4000,0.0484,0.938,0.0302,1.31
14385,replay,4000,0.0666,1.000,0.0302,0.72
14386,replay,4000,0.0623,1.000,0.0303,0.72
14387,replay,4000,0.0539,1.000,0.0303,0.72
14388,replay,4000,0.0392,1.000,0.0303,0.72
14389,replay,4000,0.0278,1.000,0.0303,0.72
14390,replay,4000,0.0368,1.000,0.0303,0.72
14391,replay,4000,0.0528,1.000,0.0303,0.73
14392,replay,4000,0.0672,1.000,0.0303,0.75
14393,replay,4000,0.0557,1.000,0.0303,0.72
14394,replay,4000,0.0605,1.000,0.0303,0.72
14395,replay,4000,0.0592,1.000,0.0304,0.72
14396,replay,4000,0.0518,1.000,0.0304,0.72
14397,replay,4000,0.0429,1.000,0.0303,0.72
14398,replay,4000,0.0468,1.000,0.0303,0.72
14399,replay,4000,0.0382,1.000,0.0303,0.73
14400,es_step,4000,0.0124,0.938,0.0303,1.31
14401,replay,4000,0.0318,1.000,0.0303,0.72
14402,replay,4000,0.0300,1.000,0.0302,0.72
14403,replay,4000,0.0247,1.000,0.0302,0.72
14404,replay,4000,0.0326,1.000,0.0302,0.72
14405,replay,4000,0.0252,1.000,0.0301,0.72
14406,replay,4000,0.0322,1.000,0.0301,0.71
14407,replay,4000,0.0454,1.000,0.0300,0.72
14408,replay,4000,0.0324,1.000,0.0300,0.72
14409,replay,4000,0.0257,1.000,0.0300,0.72
14410,es_step,4000,0.0181,0.875,0.0300,1.30
14411,replay,4000,0.0389,1.000,0.0300,0.72
14412,es_step,4000,0.0214,0.938,0.0300,1.31
14413,replay,4000,0.0445,1.000,0.0300,0.71
14414,replay,4000,0.0469,1.000,0.0300,0.72
14415,replay,4000,0.0535,1.000,0.0300,0.72
14416,replay,4000,0.0503,1.000,0.0300,0.72
14417,replay,4000,0.0467,1.000,0.0300,0.73
14418,replay,4000,0.0251,1.000,0.0299,0.72
14419,replay,4000,0.0266,1.000,0.0299,0.73
14420,replay,4000,0.0161,1.000,0.0298,0.73
14421,replay,4000,0.0236,1.000,0.0298,0.73
14422,replay,4000,0.0354,1.000,0.0297,0.72
14423,replay,4000,0.0301,1.000,0.0297,0.72
14424,replay,4000,0.0357,1.000,0.0297,0.72
14425,es_step,4000,0.0229,0.812,0.0297,1.31
14426,replay,4000,0.0472,1.000,0.0297,0.71
14427,replay,4000,0.0483,1.000,0.0297,0.72
14428,replay,4000,0.0392,1.000,0.0297,0.72
14429,replay,4000,0.0516,1.000,0.0297,0.72
14430,replay,4000,0.0525,1.000,0.0297,0.72
14431,replay,4000,0.0529,1.000,0.0297,0.74
14432,replay,4000,0.0554,1.000,0.0297,0.72
14433,replay,4000,0.0504,1.000,0.0297,0.72
14434,es_step,4000,0.0253,0.875,0.0297,1.32
14435,replay,4000,0.0495,1.000,0.0297,0.72
14436,replay,4000,0.0383,1.000,0.0297,0.72
14437,replay,4000,0.0189,1.000,0.0296,0.73
14438,replay,4000,0.0198,1.000,0.0296,0.74
14439,replay,4000,0.0370,1.000,0.0295,0.72
14440,replay,4000,0.0349,1.000,0.0295,0.73
14441,es_step,4000,0.0141,1.000,0.0295,1.31
14442,replay,4000,0.0301,1.000,0.0295,0.72
14443,replay,4000,0.0378,1.000,0.0295,0.72
14444,replay,4000,0.0415,1.000,0.0295,0.73
14445,replay,4000,0.0309,1.000,0.0295,2.95
14446,es_step,4000,0.0272,0.812,0.0295,1.31
14447,replay,4000,0.0476,1.000,0.0295,0.72
14448,es_step,4000,0.0030,0.812,0.0295,1.31
14449,replay,4000,0.0354,1.000,0.0294,0.72
14450,es_step,4000,0.0133,0.750,0.0294,1.30
14451,es_step,4000,0.0189,0.875,0.0294,1.29
14452,replay,4000,0.0470,1.000,0.0294,0.71
14453,es_step,4000,0.0198,0.875,0.0294,1.29
14454,replay,4000,0.0441,1.000,0.0294,0.71
14455,replay,4000,0.0390,1.000,0.0294,0.71
14456,replay,4000,0.0430,1.000,0.0293,0.72
14457,replay,4000,0.0335,1.000,0.0293,0.72
14458,replay,4000,0.0247,1.000,0.0292,0.72
14459,replay,4000,0.0219,1.000,0.0292,0.72
14460,es_step,4000,-0.0014,0.938,0.0292,1.32
14461,replay,4000,0.0396,1.000,0.0292,0.72
14462,replay,4000,0.0351,1.000,0.0291,0.72
14463,replay,4000,0.0385,1.000,0.0291,0.72
14464,replay,4000,0.0334,1.000,0.0291,0.72
14465,replay,4000,0.0369,1.000,0.0291,0.72
14466,replay,4000,0.0487,1.000,0.0291,0.72
14467,replay,4000,0.0485,1.000,0.0291,0.72
14468,replay,4000,0.0375,1.000,0.0290,0.72
14469,replay,4000,0.0405,1.000,0.0290,0.72
14470,replay,4000,0.0446,1.000,0.0290,0.73
14471,replay,4000,0.0448,1.000,0.0290,0.72
14472,replay,4000,0.0409,1.000,0.0289,0.72
14473,replay,4000,0.0427,1.000,0.0289,0.73
14474,replay,4000,0.0401,1.000,0.0289,0.73
14475,replay,4000,0.0238,1.000,0.0288,0.73
14476,replay,4000,0.0137,1.000,0.0287,0.73
14477,es_step,4000,0.0121,0.938,0.0287,1.34
14478,replay,4000,0.0333,1.000,0.0286,0.72
14479,replay,4000,0.0399,1.000,0.0286,0.72
14480,replay,4000,0.0520,1.000,0.0286,0.72
14481,replay,4000,0.0478,1.000,0.0287,0.72
14482,replay,4000,0.0345,1.000,0.0287,0.72
14483,replay,4000,0.0412,1.000,0.0286,0.72
14484,es_step,4000,0.0149,0.750,0.0286,1.33
14485,replay,4000,0.0314,1.000,0.0286,0.72
14486,replay,4000,0.0385,1.000,0.0286,0.72
14487,replay,4000,0.0212,1.000,0.0286,0.73
14488,replay,4000,0.0291,1.000,0.0285,0.73
14489,replay,4000,0.0322,1.000,0.0285,0.73
14490,es_step,4000,0.0187,0.812,0.0285,1.32
14491,replay,4000,0.0294,1.000,0.0285,0.72
14492,replay,4000,0.0211,1.000,0.0284,0.71
14493,es_step,4000,0.0080,0.438,0.0284,2.30
14494,replay,4000,0.0316,1.000,0.0284,0.78
14495,replay,4000,0.0215,1.000,0.0283,0.77
14496,replay,4000,0.0269,1.000,0.0283,0.77
14497,replay,4000,0.0412,1.000,0.0283,0.85
14498,es_step,4000,0.0299,0.812,0.0283,1.44
14499,replay,4000,0.0505,1.000,0.0283,0.77
14500,replay,4000,0.0503,1.000,0.0283,0.76
14501,replay,4000,0.0493,1.000,0.0283,0.76
14502,replay,4000,0.0444,1.000,0.0283,0.76
14503,replay,4000,0.0356,1.000,0.0283,0.76
14504,replay,4000,0.0091,1.000,0.0282,0.75
14505,replay,4000,0.0294,1.000,0.0282,0.76
14506,replay,4000,0.0418,1.000,0.0282,0.75
14507,es_step,4000,0.0189,0.875,0.0282,1.39
14508,replay,4000,0.0412,1.000,0.0282,0.76
14509,replay,4000,0.0428,1.000,0.0282,0.80
14510,replay,4000,0.0357,1.000,0.0282,0.75
14511,replay,4000,0.0289,1.000,0.0281,0.74
14512,replay,4000,0.0104,1.000,0.0281,0.74
14513,replay,4000,0.0292,1.000,0.0280,0.74
14514,replay,4000,0.0112,1.000,0.0280,0.74
14515,replay,4000,0.0334,1.000,0.0279,0.75
14516,replay,4000,0.0309,1.000,0.0278,0.74
14517,replay,4000,0.0359,1.000,0.0278,0.86
14518,replay,4000,0.0352,1.000,0.0278,0.74
14519,es_step,4000,0.0237,0.875,0.0278,1.35
14520,replay,4000,0.0355,1.000,0.0278,0.73
14521,es_step,4000,0.0171,1.000,0.0278,2.30
14522,replay,4000,0.0284,1.000,0.0278,0.73
14523,replay,4000,0.0339,1.000,0.0278,0.73
14524,es_step,4000,0.0303,0.750,0.0278,1.34
14525,es_step,4000,0.0263,0.812,0.0278,1.34
14526,replay,4000,0.0558,1.000,0.0278,0.74
14527,replay,4000,0.0596,1.000,0.0278,0.73
14528,replay,4000,0.0458,1.000,0.0278,0.73
14529,replay,4000,0.0438,1.000,0.0278,0.73
14530,replay,4000,0.0385,1.000,0.0277,0.73
14531,es_step,4000,0.0066,0.812,0.0277,1.35
14532,replay,4000,0.0343,1.000,0.0277,0.73
14533,es_step,4000,0.0076,0.875,0.0277,1.34
14534,replay,4000,0.0244,1.000,0.0276,0.73
14535,replay,4000,0.0324,1.000,0.0276,0.73
14536,es_step,4000,0.0120,1.000,0.0276,1.33
14537,replay,4000,0.0157,1.000,0.0276,0.72
14538,replay,4000,0.0353,1.000,0.0275,0.72
14539,replay,4000,0.0412,1.000,0.0275,0.72
14540,replay,4000,0.0463,1.000,0.0275,0.72
14541,es_step,4000,0.0135,0.938,0.0275,1.32
14542,replay,4000,0.0445,1.000,0.0275,0.72
14543,replay,4000,0.0399,1.000,0.0275,0.72
14544,replay,4000,0.0287,1.000,0.0274,0.72
14545,replay,4000,0.0308,1.000,0.0274,0.72
14546,replay,4000,0.0265,1.000,0.0273,0.72
14547,replay,4000,0.0411,1.000,0.0273,0.72
14548,replay,4000,0.0324,1.000,0.0274,0.72
14549,replay,4000,0.0393,1.000,0.0274,0.73
14550,es_step,4000,0.0169,1.000,0.0274,1.32
14551,es_step,4000,0.0298,1.000,0.0274,1.31
14552,es_step,4000,0.0182,1.000,0.0274,1.32
14553,replay,4000,0.0342,1.000,0.0273,0.73
14554,es_step,4000,0.0121,1.000,0.0273,1.31
14555,replay,4000,0.0393,1.000,0.0273,0.72
14556,replay,4000,0.0452,1.000,0.0273,0.72
14557,es_step,4000,0.0241,0.938,0.0273,1.31
14558,replay,4000,0.0390,1.000,0.0273,0.71
14559,replay,4000,0.0397,1.000,0.0272,0.71
14560,replay,4000,0.0444,1.000,0.0272,0.71
14561,replay,4000,0.0400,1.000,0.0272,0.71
14562,replay,4000,0.0238,1.000,0.0271,0.71
14563,es_step,4000,0.0109,1.000,0.0272,1.30
14564,replay,4000,0.0292,1.000,0.0271,0.72
14565,replay,4000,0.0203,1.000,0.0270,0.72
14566,replay,4000,0.0245,1.000,0.0270,0.72
14567,replay,4000,0.0163,1.000,0.0270,0.72
14568,replay,4000,0.0322,1.000,0.0270,0.73
14569,replay,4000,0.0443,1.000,0.0270,0.73
14570,replay,4000,0.0488,1.000,0.0270,0.72
14571,replay,4000,0.0493,1.000,0.0270,0.73
14572,replay,4000,0.0717,1.000,0.0271,0.73
14573,replay,4000,0.0755,1.000,0.0272,0.72
14574,replay,4000,0.0807,1.000,0.0273,0.73
14575,replay,4000,0.0832,1.000,0.0273,0.73
14576,replay,4000,0.0628,1.000,0.0274,0.73
14577,replay,4000,0.0553,1.000,0.0275,0.73
14578,replay,4000,0.0531,1.000,0.0276,0.73
14579,replay,4000,0.0760,1.000,0.0276,0.73
14580,replay,4000,0.0645,1.000,0.0276,0.73
14581,replay,4000,0.0532,1.000,0.0276,0.73
14582,replay,4000,0.0290,1.000,0.0276,0.73
14583,replay,4000,0.0519,1.000,0.0276,0.73
14584,replay,4000,0.0321,1.000,0.0277,0.73
14585,replay,4000,0.0593,1.000,0.0277,0.73
14586,replay,4000,0.0393,1.000,0.0277,0.73
14587,replay,4000,0.0475,1.000,0.0277,0.73
14588,es_step,4000,0.0196,1.000,0.0277,1.34
14589,es_step,4000,0.0297,1.000,0.0277,1.32
14590,replay,4000,0.0258,1.000,0.0276,0.72
14591,replay,4000,0.0352,1.000,0.0276,0.72
14592,replay,4000,0.0193,1.000,0.0276,0.73
14593,es_step,4000,0.0172,1.000,0.0276,1.32
14594,replay,4000,0.0190,1.000,0.0276,0.72
14595,replay,4000,0.0294,1.000,0.0275,0.72
14596,replay,4000,0.0389,1.000,0.0275,0.72
14597,es_step,4000,0.0375,1.000,0.0275,1.31
14598,replay,4000,0.0736,1.000,0.0276,0.71
14599,replay,4000,0.0655,1.000,0.0276,0.71
14600,replay,4000,0.0548,1.000,0.0276,0.71
14601,es_step,4000,0.0367,1.000,0.0276,1.30
14602,replay,4000,0.0544,1.000,0.0277,0.71
14603,es_step,4000,0.0416,1.000,0.0278,1.30
14604,replay,4000,0.1125,1.000,0.0278,0.72
14605,es_step,4000,0.0348,1.000,0.0278,4.58
14606,replay,4000,0.0857,1.000,0.0278,7.07
14607,replay,4000,0.0718,1.000,0.0278,3.26
14608,es_step,4000,0.0116,0.938,0.0278,4.94
14609,replay,4000,0.0600,1.000,0.0278,0.78
14610,replay,4000,0.0094,1.000,0.0278,0.71
14611,replay,4000,0.0403,1.000,0.0277,0.71
14612,replay,4000,-0.0123,1.000,0.0274,0.71
14613,es_step,4000,0.0051,1.000,0.0275,1.28
14614,replay,4000,-0.1589,1.000,0.0274,0.71
14615,replay,4000,0.0677,1.000,0.0274,0.71
14616,replay,4000,0.0974,1.000,0.0275,0.71
14617,replay,4000,0.0847,1.000,0.0276,0.71
14618,replay,4000,0.0728,1.000,0.0276,0.71
14619,replay,4000,0.0531,1.000,0.0276,0.72
14620,replay,4000,0.0580,1.000,0.0276,0.72
14621,replay,4000,0.0442,1.000,0.0276,0.72
14622,replay,4000,0.0346,1.000,0.0275,0.72
14623,replay,4000,0.0305,1.000,0.0275,0.72
14624,replay,4000,-0.0090,1.000,0.0273,0.72
14625,es_step,4000,0.0188,1.000,0.0275,1.32
14626,replay,4000,0.0324,1.000,0.0274,0.72
14627,replay,4000,0.0603,1.000,0.0274,0.73
14628,replay,4000,0.0560,1.000,0.0275,0.72
14629,replay,4000,0.0573,1.000,0.0276,0.73
14630,es_step,4000,0.0295,1.000,0.0276,1.32
14631,replay,4000,0.1051,1.000,0.0276,0.72
14632,replay,4000,0.0804,1.000,0.0276,0.72
14633,replay,4000,0.0759,1.000,0.0276,0.72
14634,replay,4000,0.0711,1.000,0.0276,0.72
14635,replay,4000,0.0686,1.000,0.0278,0.72
14636,es_step,4000,0.0433,1.000,0.0278,1.31
14637,es_step,4000,0.0517,1.000,0.0279,1.30
14638,replay,4000,0.0823,1.000,0.0279,0.71
14639,replay,4000,0.0838,1.000,0.0280,0.71
14640,replay,4000,0.0505,1.000,0.0280,0.72
14641,replay,4000,0.0476,1.000,0.0280,0.73
14642,replay,4000,0.0633,1.000,0.0281,0.72
14643,es_step,4000,0.0238,1.000,0.0281,1.31
14644,replay,4000,0.0957,1.000,0.0281,0.72
14645,replay,4000,0.0676,1.000,0.0282,0.72
14646,es_step,4000,0.0343,0.938,0.0282,1.31
14647,replay,4000,0.0498,1.000,0.0282,0.72
14648,replay,4000,0.0547,1.000,0.0282,0.72
14649,replay,4000,0.0716,1.000,0.0283,0.72
14650,replay,4000,0.0671,1.000,0.0284,0.72
14651,replay,4000,0.0686,1.000,0.0286,0.72
14652,replay,4000,0.0666,1.000,0.0286,0.72
14653,replay,4000,0.0538,1.000,0.0286,0.72
14654,es_step,4000,0.0218,1.000,0.0286,1.30
14655,replay,4000,0.0426,1.000,0.0286,0.71
14656,replay,4000,0.0533,1.000,0.0286,0.71
14657,replay,4000,0.0785,1.000,0.0286,0.71
14658,es_step,4000,0.0355,1.000,0.0287,1.29
14659,replay,4000,0.0738,1.000,0.0286,0.72
14660,replay,4000,0.0742,1.000,0.0286,0.71
14661,es_step,4000,0.0478,1.000,0.0287,1.31
14662,replay,4000,0.0992,1.000,0.0288,0.73
14663,replay,4000,0.0610,1.000,0.0288,0.72
14664,es_step,4000,0.0482,1.000,0.0289,1.30
14665,es_step,4000,0.0486,1.000,0.0289,1.30
14666,es_step,4000,0.0546,1.000,0.0290,1.29
14667,replay,4000,0.1047,1.000,0.0290,0.71
14668,replay,4000,0.1054,1.000,0.0291,0.71
14669,es_step,4000,0.0496,1.000,0.0291,1.29
14670,replay,4000,0.0858,1.000,0.0292,0.71
14671,replay,4000,0.0700,1.000,0.0292,0.72
14672,replay,4000,0.0666,1.000,0.0292,0.72
14673,replay,4000,0.0689,1.000,0.0293,0.71
14674,replay,4000,0.0901,1.000,0.0294,0.71
14675,es_step,4000,0.0424,1.000,0.0294,1.30
14676,replay,4000,0.0758,1.000,0.0295,0.71
14677,replay,4000,0.0742,1.000,0.0295,0.71
14678,replay,4000,0.0463,1.000,0.0294,0.71
14679,es_step,4000,0.0235,0.938,0.0294,1.30
14680,es_step,4000,0.0250,1.000,0.0294,1.28
14681,replay,4000,0.0625,1.000,0.0294,0.70
14682,replay,4000,0.0444,1.000,0.0294,0.70
14683,es_step,4000,0.0210,1.000,0.0294,1.28
14684,replay,4000,0.0528,1.000,0.0295,0.70
14685,replay,4000,0.0640,1.000,0.0295,0.71
14686,replay,4000,0.0505,1.000,0.0296,0.71
14687,es_step,4000,0.0330,1.000,0.0296,1.28
14688,es_step,4000,0.0406,1.000,0.0296,1.28
14689,es_step,4000,0.0339,1.000,0.0296,1.29
14690,replay,4000,0.0710,1.000,0.0297,0.71
14691,replay,4000,0.0913,1.000,0.0297,0.72
14692,replay,4000,0.0727,1.000,0.0297,0.72
14693,replay,4000,0.0637,1.000,0.0298,0.72
14694,replay,4000,0.0583,1.000,0.0298,0.71
14695,replay,4000,0.0564,1.000,0.0299,0.72
14696,replay,4000,0.0431,1.000,0.0298,0.72
14697,replay,4000,0.0475,1.000,0.0299,0.72
14698,es_step,4000,0.0148,0.875,0.0299,1.42
14699,es_step,4000,0.0247,0.938,0.0299,1.32
14700,replay,4000,0.0332,1.000,0.0299,0.71
14701,es_step,4000,0.0191,0.875,0.0299,1.29
14702,replay,4000,0.0442,1.000,0.0299,0.71
14703,replay,4000,0.0386,1.000,0.0299,0.71
14704,replay,4000,0.0423,1.000,0.0299,0.71
14705,replay,4000,0.0465,1.000,0.0299,0.71
14706,replay,4000,0.0224,1.000,0.0299,0.71
14707,replay,4000,0.0509,1.000,0.0299,0.72
14708,es_step,4000,0.0237,1.000,0.0299,1.31
14709,replay,4000,0.0610,1.000,0.0299,0.72
14710,es_step,4000,0.0339,1.000,0.0299,1.29
14711,replay,4000,0.0563,1.000,0.0299,0.71
14712,replay,4000,0.0486,1.000,0.0300,0.71
14713,replay,4000,0.0624,1.000,0.0300,0.71
14714,replay,4000,0.0554,1.000,0.0300,0.71
14715,replay,4000,0.0565,1.000,0.0300,0.72
14716,replay,4000,0.0413,1.000,0.0300,0.72
14717,replay,4000,0.0458,1.000,0.0300,0.72
14718,replay,4000,0.0686,1.000,0.0300,0.72
14719,replay,4000,0.0536,1.000,0.0300,0.72
14720,es_step,4000,0.0333,1.000,0.0300,1.30
14721,replay,4000,0.0582,1.000,0.0300,0.71
14722,replay,4000,0.0543,1.000,0.0300,0.72
14723,replay,4000,0.0685,1.000,0.0300,0.71
14724,replay,4000,0.0534,1.000,0.0300,0.71
14725,replay,4000,0.0446,1.000,0.0301,0.71
14726,replay,4000,0.0573,1.000,0.0301,0.72
14727,es_step,4000,0.0267,1.000,0.0301,1.30
14728,replay,4000,0.0508,1.000,0.0301,0.72
14729,replay,4000,0.0671,1.000,0.0301,0.72
14730,replay,4000,0.0650,1.000,0.0301,0.72
14731,replay,4000,0.0482,1.000,0.0301,0.72
14732,replay,4000,0.0363,1.000,0.0300,0.72
14733,es_step,4000,0.0138,0.812,0.0300,1.30
14734,replay,4000,0.0422,1.000,0.0301,0.71
14735,replay,4000,0.0295,1.000,0.0301,0.71
14736,replay,4000,0.0289,1.000,0.0300,0.71
14737,replay,4000,0.0167,1.000,0.0300,0.71
14738,replay,4000,0.0315,1.000,0.0300,0.71
14739,replay,4000,0.0206,1.000,0.0299,0.71
14740,replay,4000,0.0435,1.000,0.0299,0.71
14741,replay,4000,0.0710,1.000,0.0300,0.71
14742,replay,4000,0.0731,1.000,0.0300,0.71
14743,replay,4000,0.0624,1.000,0.0300,0.72
14744,replay,4000,0.0467,1.000,0.0300,0.72
14745,replay,4000,0.0337,1.000,0.0299,0.72
14746,replay,4000,0.0245,1.000,0.0298,0.71
14747,replay,4000,0.0208,1.000,0.0297,0.71
14748,es_step,4000,0.0011,1.000,0.0297,1.29
14749,replay,4000,0.0222,1.000,0.0297,0.71
14750,replay,4000,0.0136,1.000,0.0296,2.97
14751,es_step,4000,0.0004,0.938,0.0296,1.29
14752,replay,4000,0.0259,1.000,0.0296,0.71
14753,replay,4000,0.0305,1.000,0.0295,0.71
14754,es_step,4000,0.0131,0.938,0.0295,1.30
14755,es_step,4000,0.0113,1.000,0.0295,1.29
14756,es_step,4000,0.0047,1.000,0.0295,1.28
14757,es_step,4000,0.0103,0.750,0.0295,1.27
14758,replay,4000,0.0363,1.000,0.0295,0.70
14759,replay,4000,0.0273,1.000,0.0294,0.71
14760,es_step,4000,0.0144,0.938,0.0294,1.28
14761,replay,4000,0.0265,1.000,0.0294,0.71
14762,replay,4000,0.0360,1.000,0.0294,0.71
14763,es_step,4000,0.0162,1.000,0.0294,1.29
14764,es_step,4000,0.0140,0.938,0.0294,1.29
14765,replay,4000,0.0271,1.000,0.0294,0.74
14766,replay,4000,0.0278,1.000,0.0294,0.74
14767,replay,4000,0.0377,1.000,0.0293,0.75
14768,replay,4000,0.0324,1.000,0.0293,0.72
14769,replay,4000,0.0055,1.000,0.0291,0.74
14770,replay,4000,0.0403,1.000,0.0290,0.77
14771,es_step,4000,0.0200,0.938,0.0290,1.43
14772,replay,4000,0.0395,1.000,0.0290,0.72
14773,replay,4000,0.0320,1.000,0.0290,0.71
14774,replay,4000,0.0386,1.000,0.0290,0.71
14775,replay,4000,0.0465,1.000,0.0290,0.71
14776,replay,4000,0.0409,1.000,0.0290,0.71
14777,replay,4000,0.0584,1.000,0.0290,0.71
14778,replay,4000,0.0549,1.000,0.0291,0.71
14779,replay,4000,0.0521,1.000,0.0291,0.71
14780,replay,4000,0.0381,1.000,0.0290,0.71
14781,replay,4000,0.0248,1.000,0.0290,0.71
14782,es_step,4000,0.0160,1.000,0.0290,1.28
14783,replay,4000,0.0181,1.000,0.0289,0.71
14784,es_step,4000,0.0160,0.938,0.0289,1.28
14785,replay,4000,0.0377,1.000,0.0289,0.70
14786,replay,4000,0.0580,1.000,0.0289,0.70
14787,replay,4000,0.0564,1.000,0.0289,0.71
14788,es_step,4000,0.0234,1.000,0.0290,1.29
14789,replay,4000,0.0327,1.000,0.0288,0.71
14790,replay,4000,0.0461,1.000,0.0288,0.71
14791,replay,4000,0.0291,1.000,0.0287,0.71
14792,replay,4000,0.0426,1.000,0.0287,0.71
14793,replay,4000,0.0300,1.000,0.0287,0.72
14794,es_step,4000,0.0173,0.938,0.0287,1.30
14795,replay,4000,0.0291,1.000,0.0287,0.71
14796,replay,4000,0.0322,1.000,0.0286,0.71
14797,replay,4000,0.0242,1.000,0.0286,0.72
14798,replay,4000,0.0367,1.000,0.0286,0.72
14799,replay,4000,0.0485,1.000,0.0286,0.72
14800,replay,4000,0.0242,1.000,0.0286,0.72
14801,replay,4000,0.0439,1.000,0.0285,0.72
14802,replay,4000,0.0497,1.000,0.0285,0.72
14803,replay,4000,0.0480,1.000,0.0285,0.72
14804,replay,4000,0.0447,1.000,0.0285,0.71
14805,replay,4000,0.0458,1.000,0.0285,0.72
14806,replay,4000,0.0393,1.000,0.0285,0.72
14807,replay,4000,0.0390,1.000,0.0285,0.72
14808,replay,4000,0.0358,1.000,0.0285,0.72
14809,replay,4000,0.0288,1.000,0.0285,0.72
14810,replay,4000,0.0269,1.000,0.0284,0.73
14811,replay,4000,0.0415,1.000,0.0284,0.72
14812,replay,4000,0.0572,1.000,0.0285,0.72
14813,replay,4000,0.0479,1.000,0.0285,0.72
14814,replay,4000,0.0560,1.000,0.0285,0.72
14815,replay,4000,0.0535,1.000,0.0285,0.72
14816,replay,4000,0.0508,1.000,0.0285,0.72
14817,replay,4000,0.0412,1.000,0.0285,0.72
14818,replay,4000,0.0363,1.000,0.0285,0.72
14819,replay,4000,0.0075,1.000,0.0284,0.72
14820,replay,4000,0.0352,1.000,0.0284,0.72
14821,replay,4000,0.0286,1.000,0.0284,0.72
14822,replay,4000,0.0357,1.000,0.0284,0.72
14823,es_step,4000,0.0171,0.938,0.0284,1.32
14824,replay,4000,0.0478,1.000,0.0284,0.72
14825,es_step,4000,0.0173,1.000,0.0284,1.31
14826,replay,4000,0.0452,1.000,0.0284,0.72
14827,replay,4000,0.0364,1.000,0.0283,0.71
14828,es_step,4000,-0.0006,0.875,0.0283,1.30
14829,replay,4000,0.0401,1.000,0.0283,0.83
14830,replay,4000,0.0033,1.000,0.0281,0.71
14831,es_step,4000,0.0092,0.938,0.0281,1.29
14832,replay,4000,0.0269,1.000,0.0281,0.71
14833,es_step,4000,0.0094,0.875,0.0281,1.29
14834,es_step,4000,0.0118,0.875,0.0281,1.29
14835,replay,4000,0.0204,1.000,0.0281,0.71
14836,replay,4000,0.0573,1.000,0.0280,0.71
14837,replay,4000,0.0540,1.000,0.0281,0.71
14838,es_step,4000,0.0418,0.875,0.0281,1.30
14839,es_step,4000,0.0440,0.750,0.0282,1.29
14840,replay,4000,0.0653,1.000,0.0282,0.71
14841,replay,4000,0.0633,1.000,0.0282,0.71
14842,replay,4000,0.0778,1.000,0.0282,0.72
14843,replay,4000,0.0687,1.000,0.0283,0.72
14844,replay,4000,0.1009,1.000,0.0283,0.72
14845,replay,4000,0.0678,1.000,0.0283,0.72
14846,replay,4000,0.0651,1.000,0.0283,0.72
14847,replay,4000,0.0665,1.000,0.0283,0.72
14848,replay,4000,0.0451,1.000,0.0283,0.72
14849,es_step,4000,0.0295,0.938,0.0283,1.30
14850,replay,4000,0.0625,1.000,0.0284,0.71
14851,replay,4000,0.0582,1.000,0.0284,0.71
14852,replay,4000,0.0565,1.000,0.0284,0.72
14853,replay,4000,0.0558,1.000,0.0284,0.72
14854,replay,4000,0.0461,1.000,0.0284,0.72
14855,replay,4000,0.0493,1.000,0.0284,0.71
14856,replay,4000,0.0408,1.000,0.0283,0.72
14857,replay,4000,0.0389,1.000,0.0283,0.71
14858,replay,4000,0.0320,1.000,0.0283,0.71
14859,es_step,4000,0.0264,1.000,0.0283,1.30
14860,replay,4000,0.0483,1.000,0.0283,0.71
14861,replay,4000,0.0483,1.000,0.0283,0.71
14862,replay,4000,0.0506,1.000,0.0283,0.71
14863,replay,4000,0.0501,1.000,0.0283,0.72
14864,es_step,4000,0.0266,0.812,0.0283,1.30
14865,replay,4000,0.0463,1.000,0.0283,0.71
14866,replay,4000,0.0331,1.000,0.0283,0.71
14867,replay,4000,0.0301,1.000,0.0283,0.71
14868,replay,4000,0.0247,1.000,0.0282,0.71
14869,es_step,4000,0.0169,0.938,0.0282,1.30
14870,replay,4000,0.0393,1.000,0.0282,0.71
14871,replay,4000,0.0394,1.000,0.0282,0.71
14872,es_step,4000,0.0210,0.875,0.0282,1.29
14873,replay,4000,0.0397,1.000,0.0282,0.71
14874,es_step,4000,0.0322,0.812,0.0282,1.30
14875,replay,4000,0.0449,1.000,0.0282,0.71
14876,replay,4000,0.0472,1.000,0.0282,0.72
14877,replay,4000,0.0466,1.000,0.0282,0.72
14878,es_step,4000,0.0245,0.812,0.0282,1.30
14879,replay,4000,0.0506,1.000,0.0282,0.71
14880,replay,4000,0.0503,1.000,0.0282,0.71
14881,replay,4000,0.0419,1.000,0.0282,0.72
14882,replay,4000,0.0437,1.000,0.0282,0.72
14883,replay,4000,0.0315,1.000,0.0282,0.72
14884,replay,4000,0.0177,1.000,0.0281,0.71
14885,replay,4000,0.0321,1.000,0.0280,0.71
14886,replay,4000,0.0321,1.000,0.0280,0.71
14887,replay,4000,0.0423,1.000,0.0280,0.72
14888,es_step,4000,0.0157,0.875,0.0280,1.30
14889,replay,4000,0.0481,1.000,0.0280,0.71
14890,replay,4000,0.0382,1.000,0.0280,0.72
14891,replay,4000,0.0528,1.000,0.0280,0.72
14892,replay,4000,0.0593,1.000,0.0280,0.72
14893,replay,4000,0.0457,1.000,0.0280,0.72
14894,replay,4000,0.0475,1.000,0.0280,0.72
14895,replay,4000,0.0453,1.000,0.0280,0.72
14896,replay,4000,0.0307,1.000,0.0280,0.72
14897,replay,4000,0.0335,1.000,0.0280,0.72
14898,replay,4000,0.0343,1.000,0.0279,0.72
14899,replay,4000,0.0393,1.000,0.0279,0.72
14900,replay,4000,0.0554,1.000,0.0279,0.72
14901,es_step,4000,0.0236,0.875,0.0279,1.31
14902,es_step,4000,0.0260,1.000,0.0279,1.30
14903,es_step,4000,0.0219,0.938,0.0279,1.29
14904,replay,4000,0.0475,1.000,0.0280,1.35
14905,replay,4000,0.0546,1.000,0.0280,0.71
14906,replay,4000,0.0517,1.000,0.0280,0.72
14907,replay,4000,0.0458,1.000,0.0280,0.72
14908,replay,4000,0.0389,1.000,0.0280,0.72
14909,es_step,4000,-0.0015,0.750,0.0280,1.30
14910,replay,4000,0.0089,1.000,0.0279,0.72
14911,es_step,4000,0.0005,0.812,0.0279,1.30
14912,replay,4000,0.0331,1.000,0.0279,0.71
14913,replay,4000,0.0333,1.000,0.0279,0.71
14914,replay,4000,0.0309,1.000,0.0278,0.71
14915,replay,4000,0.0315,1.000,0.0278,0.71
14916,replay,4000,0.0267,1.000,0.0278,0.72
14917,es_step,4000,0.0014,0.562,0.0278,2.05
14918,replay,4000,0.0232,1.000,0.0277,0.76
14919,es_step,4000,-0.0021,0.688,0.0277,1.39
14920,replay,4000,0.0247,1.000,0.0277,0.74
14921,es_step,4000,-0.0156,0.562,0.0277,1.35
14922,replay,4000,0.0279,1.000,0.0276,0.73
14923,replay,4000,0.0278,1.000,0.0276,0.73
14924,es_step,4000,0.0089,0.688,0.0276,1.33
14925,replay,4000,0.0599,1.000,0.0276,0.73
14926,es_step,4000,0.0070,0.938,0.0276,1.33
14927,es_step,4000,0.0096,1.000,0.0276,1.31
14928,replay,4000,0.0393,1.000,0.0275,0.72
14929,replay,4000,0.0396,1.000,0.0275,0.72
14930,replay,4000,0.0469,1.000,0.0275,0.71
14931,es_step,4000,0.0241,1.000,0.0275,1.30
14932,replay,4000,0.0320,1.000,0.0275,0.71
14933,replay,4000,0.0544,1.000,0.0275,0.71
14934,es_step,4000,0.0240,0.938,0.0275,1.30
14935,replay,4000,0.0534,1.000,0.0275,0.71
14936,replay,4000,0.0553,1.000,0.0276,0.71
14937,replay,4000,0.0452,1.000,0.0275,0.71
14938,replay,4000,0.0556,1.000,0.0275,0.71
14939,replay,4000,0.0499,1.000,0.0275,0.71
14940,replay,4000,0.0455,1.000,0.0276,0.71
14941,es_step,4000,0.0119,0.750,0.0276,1.30
14942,replay,4000,0.0432,1.000,0.0276,0.71
14943,replay,4000,0.0426,1.000,0.0276,0.72
14944,replay,4000,0.0620,1.000,0.0276,0.72
14945,replay,4000,0.0677,1.000,0.0277,0.73
14946,replay,4000,0.0658,1.000,0.0277,0.72
14947,replay,4000,0.0640,1.000,0.0277,0.72
14948,replay,4000,0.0574,1.000,0.0278,0.72
14949,replay,4000,0.0621,1.000,0.0278,0.72
14950,replay,4000,0.0479,1.000,0.0278,0.72
14951,replay,4000,0.0505,1.000,0.0278,0.72
14952,replay,4000,0.0511,1.000,0.0278,0.72
14953,replay,4000,0.0414,1.000,0.0278,0.71
14954,replay,4000,0.0353,1.000,0.0278,0.72
14955,replay,4000,0.0299,1.000,0.0278,0.72
14956,replay,4000,0.0289,1.000,0.0277,0.72
14957,replay,4000,0.0275,1.000,0.0277,0.72
14958,replay,4000,0.0306,1.000,0.0277,0.72
14959,replay,4000,0.0392,1.000,0.0276,0.73
14960,replay,4000,0.0345,1.000,0.0276,0.72
14961,replay,4000,0.0370,1.000,0.0276,0.72
14962,replay,4000,0.0238,1.000,0.0276,0.72
14963,replay,4000,0.0451,1.000,0.0276,0.72
14964,replay,4000,0.0549,1.000,0.0276,0.73
14965,replay,4000,0.0593,1.000,0.0276,0.72
14966,replay,4000,0.0520,1.000,0.0276,0.72
14967,es_step,4000,0.0180,0.938,0.0276,1.30
14968,replay,4000,0.0383,1.000,0.0276,0.71
14969,replay,4000,0.0352,1.000,0.0276,0.71
14970,replay,4000,0.0325,1.000,0.0276,0.71
14971,replay,4000,0.0263,1.000,0.0275,0.71
14972,replay,4000,-0.0425,1.000,0.0276,0.71
14973,replay,4000,0.0585,1.000,0.0276,0.71
14974,replay,4000,0.0555,1.000,0.0277,0.71
14975,replay,4000,0.0592,1.000,0.0277,0.71
14976,es_step,4000,0.0389,0.750,0.0277,1.30
14977,replay,4000,0.0832,1.000,0.0278,0.72
14978,replay,4000,0.0728,1.000,0.0279,0.71
14979,replay,4000,0.0636,1.000,0.0280,0.71
14980,replay,4000,0.0690,1.000,0.0280,0.72
14981,replay,4000,0.0595,1.000,0.0280,0.72
14982,replay,4000,0.0603,1.000,0.0281,0.72
14983,replay,4000,0.0420,1.000,0.0280,0.72
14984,replay,4000,0.0381,1.000,0.0280,0.73
14985,es_step,4000,-0.0053,0.750,0.0280,1.31
14986,replay,4000,0.0285,1.000,0.0280,0.71
14987,es_step,4000,-0.0164,0.625,0.0280,1.30
14988,replay,4000,0.0240,1.000,0.0279,0.71
14989,es_step,4000,0.0006,0.625,0.0279,1.30
14990,replay,4000,0.0196,1.000,0.0279,0.71
14991,es_step,4000,0.0029,0.812,0.0279,1.30
14992,replay,4000,0.0198,1.000,0.0278,0.71
14993,es_step,4000,-0.0060,0.938,0.0278,1.29
14994,es_step,4000,0.0006,0.875,0.0278,1.30
14995,es_step,4000,0.0048,1.000,0.0278,1.29
14996,replay,4000,0.0300,1.000,0.0277,0.71
14997,replay,4000,0.0308,1.000,0.0277,0.70
14998,replay,4000,0.0227,1.000,0.0276,0.71
14999,replay,4000,0.0212,1.000,0.0276,0.71
15000,replay,4000,0.0323,1.000,0.0276,0.71
15001,replay,4000,0.0335,1.000,0.0276,0.71
15002,replay,4000,0.0372,1.000,0.0275,0.71
15003,replay,4000,0.0287,1.000,0.0275,0.71
15004,replay,4000,0.0329,1.000,0.0275,0.71
15005,replay,4000,0.0339,1.000,0.0275,0.71
15006,replay,4000,0.0434,1.000,0.0275,0.71
15007,replay,4000,0.0322,1.000,0.0274,0.71
15008,replay,4000,0.0392,1.000,0.0274,0.72
15009,replay,4000,0.0482,1.000,0.0275,0.72
15010,replay,4000,0.0549,1.000,0.0275,0.72
15011,replay,4000,0.0516,1.000,0.0275,0.72
15012,es_step,4000,0.0334,1.000,0.0275,1.31
15013,replay,4000,0.0199,1.000,0.0275,0.71
15014,replay,4000,0.0644,1.000,0.0276,0.71
15015,replay,4000,0.0704,1.000,0.0276,0.71
15016,es_step,4000,0.0435,0.938,0.0277,1.30
15017,es_step,4000,0.0496,1.000,0.0277,1.29
15018,replay,4000,0.0682,1.000,0.0278,0.72
15019,replay,4000,0.0648,1.000,0.0278,0.71
15020,replay,4000,0.0690,1.000,0.0279,0.71
15021,replay,4000,0.0627,1.000,0.0280,0.72
15022,es_step,4000,0.0415,1.000,0.0280,1.30
15023,replay,4000,0.0739,1.000,0.0280,0.72
15024,replay,4000,0.0547,1.000,0.0280,0.73
15025,replay,4000,0.0550,1.000,0.0281,0.72
15026,replay,4000,0.0566,1.000,0.0281,0.72
15027,replay,4000,0.0496,1.000,0.0281,0.72
15028,es_step,4000,0.0309,1.000,0.0281,1.31
15029,replay,4000,0.0596,1.000,0.0281,0.71
15030,es_step,4000,0.0275,1.000,0.0281,1.36
15031,es_step,4000,0.0295,1.000,0.0281,1.29
15032,replay,4000,0.0513,1.000,0.0281,0.72
15033,replay,4000,0.0501,1.000,0.0281,0.72
15034,replay,4000,0.0397,1.000,0.0281,0.72
15035,es_step,4000,0.0156,1.000,0.0281,1.32
15036,replay,4000,0.0539,1.000,0.0281,0.71
15037,replay,4000,0.0370,1.000,0.0281,0.72
15038,replay,4000,0.0487,1.000,0.0281,0.72
15039,replay,4000,0.0551,1.000,0.0281,0.73
15040,replay,4000,0.0519,1.000,0.0281,0.72
15041,es_step,4000,0.0188,0.938,0.0281,1.31
15042,replay,4000,0.0376,1.000,0.0281,0.71
15043,replay,4000,0.0372,1.000,0.0281,0.72
15044,es_step,4000,0.0204,0.938,0.0281,1.31
15045,replay,4000,0.0824,1.000,0.0282,0.72
15046,replay,4000,0.1132,1.000,0.0281,0.72
15047,replay,4000,0.0932,1.000,0.0281,0.73
15048,replay,4000,0.0882,1.000,0.0283,0.73
15049,replay,4000,0.1030,1.000,0.0285,0.72
15050,replay,4000,0.1003,1.000,0.0286,0.72
15051,replay,4000,0.1093,1.000,0.0286,0.72
15052,replay,4000,0.0842,1.000,0.0287,3.16
15053,replay,4000,0.0423,1.000,0.0286,0.72
15054,replay,4000,0.0493,1.000,0.0286,0.72
15055,replay,4000,0.0241,1.000,0.0285,0.72
15056,replay,4000,0.0300,1.000,0.0285,0.72
15057,replay,4000,0.0242,1.000,0.0285,0.73
15058,es_step,4000,0.0019,1.000,0.0285,1.32
15059,replay,4000,0.0247,1.000,0.0284,0.72
15060,replay,4000,0.0158,1.000,0.0284,0.72
15061,es_step,4000,0.0048,0.812,0.0284,1.32
15062,replay,4000,0.0448,1.000,0.0283,0.72
15063,replay,4000,0.0418,1.000,0.0283,0.71
15064,es_step,4000,0.0138,1.000,0.0283,1.31
15065,replay,4000,0.0305,1.000,0.0283,0.71
15066,replay,4000,0.0335,1.000,0.0282,0.71
15067,replay,4000,0.0422,1.000,0.0282,0.71
15068,es_step,4000,0.0134,0.938,0.0282,1.30
15069,replay,4000,0.0364,1.000,0.0283,0.71
15070,replay,4000,0.0604,1.000,0.0283,0.71
15071,replay,4000,0.0590,1.000,0.0283,0.72
15072,replay,4000,0.0354,1.000,0.0283,0.72
15073,replay,4000,0.0370,1.000,0.0283,0.71
15074,replay,4000,0.0583,1.000,0.0284,0.71
15075,replay,4000,0.0446,1.000,0.0284,0.71
15076,replay,4000,0.0546,1.000,0.0284,0.71
15077,es_step,4000,0.0301,0.938,0.0285,1.30
15078,replay,4000,0.0397,1.000,0.0284,0.72
15079,replay,4000,0.0595,1.000,0.0285,0.71
15080,replay,4000,0.0702,1.000,0.0285,0.71
15081,replay,4000,0.0640,1.000,0.0285,0.71
15082,replay,4000,0.0624,1.000,0.0286,0.71
15083,replay,4000,0.0660,1.000,0.0286,0.71
15084,replay,4000,0.0575,1.000,0.0286,0.72
15085,replay,4000,0.0463,1.000,0.0287,0.72
15086,replay,4000,0.0630,1.000,0.0287,0.72
15087,replay,4000,0.0593,1.000,0.0287,0.73
15088,replay,4000,0.0475,1.000,0.0286,0.73
15089,es_step,4000,0.0057,0.875,0.0286,1.33
15090,replay,4000,0.0333,1.000,0.0286,0.72
15091,replay,4000,0.0202,1.000,0.0286,0.72
15092,es_step,4000,0.0041,0.938,0.0286,1.32
15093,replay,4000,0.0379,1.000,0.0286,0.72
15094,es_step,4000,0.0031,0.625,0.0286,1.32
15095,replay,4000,0.0321,1.000,0.0285,0.72
15096,replay,4000,0.0190,1.000,0.0285,0.72
15097,replay,4000,0.0318,1.000,0.0285,0.72
15098,replay,4000,0.0419,1.000,0.0285,0.72
15099,replay,4000,0.0347,1.000,0.0285,0.73
15100,replay,4000,0.0520,1.000,0.0285,0.72
15101,replay,4000,0.0316,1.000,0.0284,0.72
15102,replay,4000,0.0420,1.000,0.0284,0.73
15103,replay,4000,0.0554,1.000,0.0285,0.72
15104,replay,4000,0.0642,1.000,0.0285,0.73
15105,replay,4000,0.0518,1.000,0.0285,0.72
15106,replay,4000,0.0476,1.000,0.0285,0.72
15107,replay,4000,0.0474,1.000,0.0286,0.72
15108,replay,4000,0.0497,1.000,0.0285,0.72
15109,replay,4000,0.0592,1.000,0.0285,0.73
15110,replay,4000,0.0528,1.000,0.0286,0.73
15111,replay,4000,0.0579,1.000,0.0286,0.72
15112,replay,4000,0.0611,1.000,0.0287,0.73
15113,replay,4000,0.0621,1.000,0.0287,0.72
15114,replay,4000,0.0577,1.000,0.0288,0.73
15115,es_step,4000,0.0340,0.938,0.0288,1.33
15116,replay,4000,0.0686,1.000,0.0288,0.72
15117,replay,4000,0.0633,1.000,0.0289,0.73
15118,es_step,4000,0.0354,0.938,0.0289,1.34
15119,replay,4000,0.0564,1.000,0.0289,0.73
15120,replay,4000,0.0562,1.000,0.0290,0.74
15121,replay,4000,0.0663,1.000,0.0290,0.74
15122,es_step,4000,0.0304,1.000,0.0291,1.34
15123,replay,4000,0.1006,1.000,0.0291,0.72
15124,es_step,4000,0.0248,1.000,0.0291,1.46
15125,replay,4000,0.0804,1.000,0.0291,0.74
15126,es_step,4000,0.0390,1.000,0.0291,1.32
15127,replay,4000,0.0729,1.000,0.0291,0.72
15128,replay,4000,0.0755,1.000,0.0292,0.73
15129,replay,4000,0.0706,1.000,0.0292,0.72
15130,replay,4000,0.0663,1.000,0.0292,0.72
15131,replay,4000,0.0551,1.000,0.0292,0.73
15132,replay,4000,0.0511,1.000,0.0292,0.72
15133,replay,4000,0.0528,1.000,0.0292,0.72
15134,replay,4000,0.0414,1.000,0.0292,0.72
15135,replay,4000,0.0444,1.000,0.0292,0.72
15136,replay,4000,0.0428,1.000,0.0291,0.72
15137,es_step,4000,0.0092,1.000,0.0291,1.32
15138,replay,4000,0.0362,1.000,0.0291,0.72
15139,replay,4000,0.0223,1.000,0.0291,0.72
15140,replay,4000,0.0305,1.000,0.0289,0.72
15141,replay,4000,0.0331,1.000,0.0288,0.73
15142,replay,4000,0.0516,1.000,0.0288,0.72
15143,replay,4000,0.0394,1.000,0.0288,0.73
15144,replay,4000,0.0537,1.000,0.0288,0.73
15145,replay,4000,0.0464,1.000,0.0288,0.73
15146,replay,4000,0.0169,1.000,0.0286,0.73
15147,replay,4000,0.0157,1.000,0.0286,0.73
15148,es_step,4000,0.0186,1.000,0.0286,1.32
15149,replay,4000,0.0366,1.000,0.0286,0.72
15150,replay,4000,0.0371,1.000,0.0286,0.73
15151,replay,4000,0.0350,1.000,0.0286,0.72
15152,replay,4000,0.0373,1.000,0.0285,0.73
15153,replay,4000,0.0395,1.000,0.0285,0.73
15154,replay,4000,0.0305,1.000,0.0285,0.73
15155,replay,4000,0.0363,1.000,0.0285,0.73
15156,replay,4000,0.0386,1.000,0.0285,0.73
15157,replay,4000,0.0408,1.000,0.0285,0.73
15158,replay,4000,0.0602,1.000,0.0285,0.72
15159,replay,4000,0.0633,1.000,0.0286,0.72
15160,replay,4000,0.0573,1.000,0.0286,0.71
15161,es_step,4000,0.0371,1.000,0.0286,1.30
15162,replay,4000,0.0579,1.000,0.0286,0.71
15163,replay,4000,0.0627,1.000,0.0287,0.71
15164,replay,4000,0.0480,1.000,0.0287,0.71
15165,es_step,4000,0.0194,0.938,0.0287,1.30
15166,replay,4000,0.0335,1.000,0.0286,0.71
15167,replay,4000,0.0448,1.000,0.0287,0.71
15168,replay,4000,0.0480,1.000,0.0286,0.71
15169,replay,4000,0.0579,1.000,0.0286,0.71
15170,replay,4000,0.0698,1.000,0.0286,0.71
15171,replay,4000,0.0542,1.000,0.0286,0.71
15172,replay,4000,0.0439,1.000,0.0286,0.72
15173,replay,4000,0.0779,1.000,0.0287,0.72
15174,es_step,4000,0.0609,1.000,0.0289,1.30
15175,es_step,4000,0.0414,1.000,0.0290,1.29
15176,replay,4000,0.0883,1.000,0.0290,0.71
15177,replay,4000,0.0979,1.000,0.0291,0.71
15178,replay,4000,0.0835,1.000,0.0292,0.71
15179,replay,4000,0.0763,1.000,0.0293,0.71
15180,replay,4000,0.0911,1.000,0.0294,0.73
15181,es_step,4000,0.0412,1.000,0.0296,1.31
15182,replay,4000,0.0852,1.000,0.0297,0.73
15183,replay,4000,0.0767,1.000,0.0298,0.73
15184,replay,4000,0.0757,1.000,0.0299,0.74
15185,replay,4000,0.0507,1.000,0.0299,1.32
15186,replay,4000,0.0566,1.000,0.0299,0.73
15187,replay,4000,0.0425,1.000,0.0299,0.73
15188,es_step,4000,0.0157,1.000,0.0299,1.33
15189,es_step,4000,0.0219,0.938,0.0299,1.32
15190,es_step,4000,0.0191,1.000,0.0299,1.31
15191,replay,4000,0.0344,1.000,0.0299,0.72
15192,replay,4000,0.0601,1.000,0.0299,0.72
15193,replay,4000,0.0502,1.000,0.0300,0.73
15194,replay,4000,0.0600,1.000,0.0300,0.72
15195,replay,4000,0.0272,1.000,0.0300,0.72
15196,replay,4000,-0.0879,1.000,0.0298,0.72
15197,replay,4000,0.0529,1.000,0.0299,0.79
15198,replay,4000,0.0543,1.000,0.0300,0.72
15199,replay,4000,0.0800,1.000,0.0300,0.72
15200,replay,4000,0.0899,1.000,0.0301,0.73
15201,replay,4000,0.0764,1.000,0.0302,0.72
15202,replay,4000,0.0921,1.000,0.0302,0.72
15203,replay,4000,0.0781,1.000,0.0303,0.72
15204,es_step,4000,0.0623,1.000,0.0304,1.32
15205,replay,4000,0.0695,1.000,0.0305,0.72
15206,replay,4000,0.0766,1.000,0.0306,0.72
15207,replay,4000,0.0571,1.000,0.0306,0.72
15208,replay,4000,0.1095,1.000,0.0307,0.71
15209,replay,4000,0.0473,1.000,0.0307,0.72
15210,replay,4000,0.0445,1.000,0.0306,0.72
15211,replay,4000,0.0523,1.000,0.0307,0.72
15212,replay,4000,0.0638,1.000,0.0307,0.72
15213,replay,4000,0.0610,1.000,0.0307,0.72
15214,es_step,4000,0.0315,1.000,0.0307,1.31
15215,replay,4000,0.0532,1.000,0.0308,0.71
15216,es_step,4000,0.0270,0.938,0.0308,1.30
15217,replay,4000,0.0862,1.000,0.0309,0.71
15218,replay,4000,0.0869,1.000,0.0309,0.72
15219,replay,4000,0.0885,1.000,0.0310,0.72
15220,es_step,4000,0.0598,1.000,0.0311,1.31
15221,replay,4000,0.1025,1.000,0.0312,0.72
15222,replay,4000,0.0918,1.000,0.0313,0.71
15223,replay,4000,0.0958,1.000,0.0314,0.72
15224,es_step,4000,0.0666,1.000,0.0315,1.31
15225,replay,4000,0.1118,1.000,0.0316,0.72
15226,es_step,4000,0.0609,1.000,0.0316,1.29
15227,es_step,4000,0.0659,0.938,0.0316,1.30
15228,replay,4000,0.0997,1.000,0.0317,0.71
15229,replay,4000,0.0865,1.000,0.0318,0.71
15230,replay,4000,0.0833,1.000,0.0319,0.72
15231,es_step,4000,0.0468,0.938,0.0319,1.31
15232,es_step,4000,0.0522,0.875,0.0320,1.30
15233,replay,4000,0.0788,1.000,0.0320,0.71
15234,replay,4000,0.0559,1.000,0.0321,0.72
15235,replay,4000,0.0582,1.000,0.0321,0.72
15236,es_step,4000,0.0204,0.938,0.0321,1.31
15237,es_step,4000,0.0203,0.938,0.0321,1.30
15238,replay,4000,0.0481,1.000,0.0321,0.71
15239,replay,4000,0.0404,1.000,0.0321,0.71
15240,replay,4000,0.0969,1.000,0.0321,0.71
15241,replay,4000,0.0520,1.000,0.0321,0.71
15242,replay,4000,0.0443,1.000,0.0321,0.71
15243,replay,4000,0.0484,1.000,0.0321,0.72
15244,replay,4000,0.0625,1.000,0.0321,0.72
15245,replay,4000,0.0490,1.000,0.0321,0.72
15246,replay,4000,0.0492,1.000,0.0321,0.72
15247,replay,4000,0.0303,1.000,0.0321,0.72
15248,replay,4000,0.0630,1.000,0.0321,0.72
15249,replay,4000,0.0554,1.000,0.0321,0.72
15250,replay,4000,0.0445,1.000,0.0321,0.72
15251,replay,4000,0.0469,1.000,0.0321,0.72
15252,replay,4000,0.0461,1.000,0.0321,0.72
15253,replay,4000,0.0399,1.000,0.0320,0.72
15254,replay,4000,0.0448,1.000,0.0320,0.72
15255,replay,4000,0.0324,1.000,0.0319,0.72
15256,es_step,4000,0.0111,0.812,0.0319,1.32
15257,replay,4000,0.0390,1.000,0.0319,0.72
15258,replay,4000,0.0513,1.000,0.0319,0.72
15259,replay,4000,0.0708,1.000,0.0319,0.73
15260,replay,4000,0.0827,1.000,0.0319,0.73
15261,replay,4000,0.0729,1.000,0.0320,0.74
15262,es_step,4000,0.0302,1.000,0.0320,1.33
15263,replay,4000,0.0782,1.000,0.0320,0.73
15264,es_step,4000,0.0327,1.000,0.0320,1.34
15265,replay,4000,0.0710,1.000,0.0321,0.72
15266,replay,4000,0.1123,1.000,0.0322,0.73
15267,replay,4000,0.0808,1.000,0.0322,0.74
15268,replay,4000,0.0760,1.000,0.0323,0.74
15269,replay,4000,0.0734,1.000,0.0323,0.74
15270,replay,4000,0.0609,1.000,0.0324,0.75
15271,replay,4000,0.0688,1.000,0.0324,0.75
15272,replay,4000,0.0511,1.000,0.0324,0.75
15273,replay,4000,0.0503,1.000,0.0325,0.75
15274,replay,4000,0.0472,1.000,0.0325,0.75
15275,replay,4000,0.0574,1.000,0.0325,0.75
15276,replay,4000,0.0607,1.000,0.0326,0.75
15277,replay,4000,0.0622,1.000,0.0326,0.75
15278,replay,4000,0.0601,1.000,0.0326,0.74
15279,replay,4000,0.0093,1.000,0.0326,0.74
15280,replay,4000,0.0515,1.000,0.0327,0.74
15281,replay,4000,0.0706,1.000,0.0327,0.74
15282,replay,4000,0.0640,1.000,0.0328,0.74
15283,replay,4000,0.0667,1.000,0.0328,0.75
15284,es_step,4000,0.0354,0.938,0.0328,1.36
15285,es_step,4000,0.0161,0.875,0.0328,1.36
15286,replay,4000,0.0707,1.000,0.0329,0.73
15287,replay,4000,0.0663,1.000,0.0329,0.73
15288,es_step,4000,0.0234,1.000,0.0329,1.34
15289,es_step,4000,0.0166,1.000,0.0329,1.32
15290,replay,4000,0.0559,1.000,0.0329,0.73
15291,replay,4000,0.0434,1.000,0.0329,0.73
15292,replay,4000,0.0529,1.000,0.0328,0.73
15293,replay,4000,0.0405,1.000,0.0328,0.73
15294,replay,4000,0.0822,1.000,0.0328,0.73
15295,replay,4000,0.0578,1.000,0.0328,0.74
15296,es_step,4000,0.0347,1.000,0.0328,1.35
15297,replay,4000,0.0537,1.000,0.0329,0.73
15298,replay,4000,0.0522,1.000,0.0329,0.73
15299,es_step,4000,0.0315,1.000,0.0329,1.33
15300,replay,4000,0.0635,1.000,0.0330,0.72
15301,replay,4000,0.0643,1.000,0.0330,0.73
15302,replay,4000,0.0647,1.000,0.0330,0.73
15303,replay,4000,0.0805,1.000,0.0330,0.73
15304,es_step,4000,0.0585,1.000,0.0331,1.35
15305,es_step,4000,0.0589,0.812,0.0331,1.32
15306,es_step,4000,0.0514,0.875,0.0332,1.31
15307,replay,4000,0.0692,1.000,0.0332,0.72
15308,replay,4000,0.0954,1.000,0.0333,0.72
15309,es_step,4000,0.0476,0.875,0.0333,1.31
15310,replay,4000,0.0726,1.000,0.0334,0.71
15311,replay,4000,0.0786,1.000,0.0335,0.72
15312,replay,4000,0.0833,1.000,0.0335,0.72
15313,replay,4000,0.0809,1.000,0.0335,0.72
15314,replay,4000,0.1071,1.000,0.0337,0.73
15315,replay,4000,0.1168,1.000,0.0338,0.73
15316,es_step,4000,0.0736,0.688,0.0341,1.34
15317,replay,4000,0.1035,1.000,0.0343,0.73
15318,replay,4000,0.0962,1.000,0.0344,0.73
15319,replay,4000,0.0971,1.000,0.0345,0.73
15320,replay,4000,0.0933,1.000,0.0346,0.73
15321,replay,4000,0.0903,1.000,0.0346,0.73
15322,replay,4000,0.0769,1.000,0.0347,0.73
15323,replay,4000,0.0530,1.000,0.0347,0.73
15324,replay,4000,0.0667,1.000,0.0347,0.72
15325,replay,4000,0.0490,1.000,0.0347,0.72
15326,replay,4000,0.0540,1.000,0.0347,0.73
15327,es_step,4000,0.0223,1.000,0.0347,1.33
15328,replay,4000,0.0532,1.000,0.0347,0.72
15329,replay,4000,0.0512,1.000,0.0347,0.73
15330,es_step,4000,0.0253,0.938,0.0347,1.33
15331,es_step,4000,0.0181,0.812,0.0347,1.33
15332,replay,4000,0.0583,1.000,0.0347,0.72
15333,replay,4000,0.0409,1.000,0.0346,0.73
15334,replay,4000,0.0441,1.000,0.0346,0.73
15335,replay,4000,0.0389,1.000,0.0346,0.74
15336,replay,4000,0.0381,1.000,0.0345,0.75
15337,replay,4000,0.0275,1.000,0.0345,0.74
15338,es_step,4000,0.0146,1.000,0.0345,1.35
15339,replay,4000,0.0293,1.000,0.0344,0.73
15340,replay,4000,0.0323,1.000,0.0344,0.72
15341,replay,4000,0.0197,1.000,0.0343,0.73
15342,replay,4000,0.0288,1.000,0.0343,0.73
15343,replay,4000,0.0301,1.000,0.0343,0.73
15344,es_step,4000,0.0147,1.000,0.0343,1.33
15345,replay,4000,0.0314,1.000,0.0343,0.72
15346,replay,4000,0.0316,1.000,0.0342,0.73
15347,replay,4000,0.0321,1.000,0.0342,0.74
15348,replay,4000,0.0446,1.000,0.0342,0.74
15349,replay,4000,0.0687,1.000,0.0341,0.73
15350,replay,4000,0.0616,1.000,0.0342,0.73
15351,replay,4000,0.0896,1.000,0.0342,0.73
15352,es_step,4000,0.0487,0.812,0.0343,1.33
15353,replay,4000,0.1041,1.000,0.0344,0.72
15354,replay,4000,0.1182,1.000,0.0345,0.73
15355,replay,4000,0.1236,1.000,0.0346,0.73
15356,replay,4000,0.1192,1.000,0.0348,0.73
15357,replay,4000,0.1205,1.000,0.0349,0.73
15358,replay,4000,0.1194,1.000,0.0350,0.74
15359,replay,4000,0.1001,1.000,0.0352,0.73
15360,es_step,4000,0.0708,0.812,0.0353,1.33
15361,replay,4000,0.0738,1.000,0.0353,0.72
15362,replay,4000,0.0919,1.000,0.0354,0.72
15363,replay,4000,0.1123,1.000,0.0355,0.72
15364,es_step,4000,0.0713,1.000,0.0355,3.55
15365,replay,4000,0.1004,1.000,0.0357,0.73
15366,replay,4000,0.0884,1.000,0.0357,0.73
15367,replay,4000,0.0640,1.000,0.0357,0.73
15368,replay,4000,0.0671,1.000,0.0357,0.73
15369,es_step,4000,0.0228,1.000,0.0357,1.33
15370,es_step,4000,0.0187,0.875,0.0357,1.32
15371,replay,4000,0.0532,1.000,0.0357,0.72
15372,es_step,4000,0.0232,1.000,0.0357,1.31
15373,replay,4000,0.0173,1.000,0.0355,0.72
15374,replay,4000,0.0484,1.000,0.0355,0.72
15375,replay,4000,0.0505,1.000,0.0354,0.73
15376,replay,4000,0.0474,1.000,0.0354,0.73
15377,replay,4000,0.0416,1.000,0.0354,0.72
15378,replay,4000,0.0423,1.000,0.0353,0.72
15379,replay,4000,0.0357,1.000,0.0353,0.72
15380,replay,4000,0.0293,1.000,0.0352,0.73
15381,replay,4000,0.0245,1.000,0.0351,0.73
15382,replay,4000,0.0254,1.000,0.0351,0.73
15383,replay,4000,0.0375,1.000,0.0350,0.73
15384,es_step,4000,0.0189,0.750,0.0350,1.33
15385,replay,4000,0.0370,1.000,0.0350,0.72
15386,replay,4000,0.0372,1.000,0.0349,0.72
15387,es_step,4000,0.0123,0.812,0.0349,1.32
15388,replay,4000,0.0361,1.000,0.0349,0.73
15389,es_step,4000,0.0162,1.000,0.0349,1.32
15390,replay,4000,0.0315,1.000,0.0348,0.72
15391,replay,4000,0.0416,1.000,0.0348,0.72
15392,replay,4000,0.0332,1.000,0.0347,0.73
15393,replay,4000,0.0323,1.000,0.0347,0.73
15394,replay,4000,0.0424,1.000,0.0347,0.73
15395,replay,4000,0.0406,1.000,0.0347,0.73
15396,replay,4000,0.0442,1.000,0.0347,0.73
15397,replay,4000,0.0432,1.000,0.0346,0.73
15398,es_step,4000,0.0164,0.938,0.0346,1.32
15399,replay,4000,0.0282,1.000,0.0346,0.73
15400,replay,4000,-0.0352,1.000,0.0345,0.75
15401,replay,4000,0.0411,1.000,0.0346,0.73
15402,es_step,4000,0.0375,0.875,0.0346,1.32
15403,replay,4000,0.0407,1.000,0.0346,0.72
15404,replay,4000,0.0541,1.000,0.0348,0.73
15405,replay,4000,0.0694,1.000,0.0348,0.72
15406,replay,4000,0.0669,1.000,0.0348,0.72
15407,replay,4000,0.0637,1.000,0.0349,0.73
15408,replay,4000,0.0759,1.000,0.0349,0.72
15409,replay,4000,0.0593,1.000,0.0349,0.72
15410,replay,4000,0.0677,1.000,0.0350,0.73
15411,es_step,4000,0.0401,0.875,0.0350,1.33
15412,es_step,4000,0.0368,0.938,0.0350,1.33
15413,es_step,4000,0.0387,0.750,0.0350,1.31
15414,replay,4000,0.0655,1.000,0.0350,0.72
15415,replay,4000,0.0595,1.000,0.0350,0.72
15416,replay,4000,0.0771,1.000,0.0350,0.72
15417,replay,4000,0.0531,1.000,0.0350,0.72
15418,replay,4000,0.0394,1.000,0.0350,0.72
15419,es_step,4000,0.0272,1.000,0.0350,1.31
15420,replay,4000,0.0376,1.000,0.0350,0.72
15421,es_step,4000,0.0082,0.875,0.0350,1.31
15422,replay,4000,0.0397,1.000,0.0349,0.71
15423,es_step,4000,0.0251,1.000,0.0349,1.30
15424,replay,4000,0.0315,1.000,0.0349,0.72
15425,replay,4000,0.0670,1.000,0.0349,0.72
15426,replay,4000,0.0352,1.000,0.0349,0.72
15427,replay,4000,0.0439,1.000,0.0348,0.71
15428,es_step,4000,0.0152,1.000,0.0349,1.32
15429,replay,4000,0.0263,1.000,0.0348,0.72
15430,replay,4000,0.0520,1.000,0.0348,0.72
15431,es_step,4000,0.0239,1.000,0.0348,1.30
15432,replay,4000,0.0295,1.000,0.0348,0.71
15433,es_step,4000,0.0304,0.875,0.0348,1.31
15434,replay,4000,0.0393,1.000,0.0348,0.72
15435,replay,4000,0.0279,1.000,0.0348,0.72
15436,replay,4000,0.0285,1.000,0.0347,0.72
15437,replay,4000,0.0394,1.000,0.0347,0.72
15438,es_step,4000,0.0218,0.875,0.0347,1.31
15439,replay,4000,0.0314,1.000,0.0346,0.72
15440,replay,4000,0.0477,1.000,0.0346,0.72
15441,replay,4000,0.0383,1.000,0.0346,0.72
15442,replay,4000,0.0343,1.000,0.0346,0.73
15443,replay,4000,0.0339,1.000,0.0345,0.72
15444,es_step,4000,0.0203,0.875,0.0345,1.32
15445,replay,4000,0.0405,1.000,0.0345,0.73
15446,replay,4000,0.0254,1.000,0.0345,0.72
15447,replay,4000,0.0443,1.000,0.0345,0.72
15448,replay,4000,0.0315,1.000,0.0344,0.72
15449,es_step,4000,0.0237,0.875,0.0345,1.32
15450,es_step,4000,0.0325,0.875,0.0345,1.30
15451,replay,4000,0.0826,1.000,0.0345,0.71
15452,replay,4000,0.0992,1.000,0.0345,0.71
15453,replay,4000,0.1033,1.000,0.0346,0.72
15454,replay,4000,0.1211,1.000,0.0346,0.71
15455,replay,4000,0.1276,1.000,0.0347,0.72
15456,replay,4000,0.1188,1.000,0.0348,0.72
15457,replay,4000,0.1361,1.000,0.0348,0.71
15458,replay,4000,0.1245,1.000,0.0349,0.72
15459,replay,4000,0.1131,1.000,0.0350,0.71
15460,replay,4000,0.1001,1.000,0.0351,0.72
15461,replay,4000,0.0599,1.000,0.0351,0.72
15462,replay,4000,0.0973,1.000,0.0352,0.73
15463,replay,4000,0.0925,1.000,0.0353,0.72
15464,replay,4000,0.0886,1.000,0.0353,0.73
15465,replay,4000,0.0864,1.000,0.0353,0.72
15466,replay,4000,0.0864,1.000,0.0354,0.72
15467,replay,4000,0.0720,1.000,0.0354,0.73
15468,es_step,4000,0.0337,0.875,0.0354,1.32
15469,replay,4000,0.0817,1.000,0.0354,0.72
15470,replay,4000,0.0670,1.000,0.0354,0.72
15471,replay,4000,0.0496,1.000,0.0354,0.72
15472,replay,4000,0.0517,1.000,0.0354,0.72
15473,replay,4000,0.0569,1.000,0.0353,0.72
15474,replay,4000,0.0794,1.000,0.0353,0.72
15475,replay,4000,0.0635,1.000,0.0353,0.72
15476,es_step,4000,0.0187,0.875,0.0353,1.33
15477,replay,4000,0.0548,1.000,0.0353,0.72
15478,replay,4000,0.0500,1.000,0.0353,0.72
15479,replay,4000,0.0628,1.000,0.0353,0.72
15480,replay,4000,0.0514,1.000,0.0355,0.74
15481,replay,4000,0.0421,1.000,0.0355,0.74
15482,es_step,4000,0.0330,0.812,0.0355,1.32
15483,replay,4000,0.0468,1.000,0.0355,0.72
15484,replay,4000,0.0421,1.000,0.0354,0.71
15485,replay,4000,0.0647,1.000,0.0354,0.72
15486,replay,4000,0.0359,1.000,0.0354,0.72
15487,replay,4000,0.0615,1.000,0.0354,0.71
15488,replay,4000,0.0642,1.000,0.0354,0.72
15489,es_step,4000,0.0296,0.750,0.0354,1.31
15490,replay,4000,0.0448,1.000,0.0354,0.72
15491,replay,4000,0.0379,1.000,0.0353,0.72
15492,replay,4000,0.0103,1.000,0.0353,0.71
15493,replay,4000,0.0347,1.000,0.0353,0.72
15494,es_step,4000,0.0044,0.812,0.0353,1.31
15495,replay,4000,0.0372,1.000,0.0352,0.72
15496,es_step,4000,0.0227,0.812,0.0352,1.30
15497,replay,4000,0.0307,1.000,0.0352,0.71
15498,replay,4000,0.0741,1.000,0.0353,0.71
15499,replay,4000,0.0421,1.000,0.0353,0.75
15500,es_step,4000,0.0420,0.875,0.0353,1.32
15501,replay,4000,0.0787,1.000,0.0354,0.73
15502,replay,4000,0.0775,1.000,0.0354,0.72
15503,replay,4000,0.0569,1.000,0.0353,0.73
15504,replay,4000,0.0693,1.000,0.0354,0.73
15505,replay,4000,0.0710,1.000,0.0354,0.73
15506,replay,4000,0.0691,1.000,0.0355,0.73
15507,replay,4000,0.0694,1.000,0.0355,0.73
15508,replay,4000,0.0512,1.000,0.0355,0.72
15509,replay,4000,0.0494,1.000,0.0354,0.73
15510,es_step,4000,0.0174,0.938,0.0354,1.33
15511,replay,4000,0.0438,1.000,0.0354,0.72
15512,replay,4000,0.0574,1.000,0.0354,0.72
15513,replay,4000,0.0433,1.000,0.0353,0.72
15514,replay,4000,0.0339,1.000,0.0353,0.73
15515,replay,4000,0.0310,1.000,0.0353,0.73
15516,replay,4000,0.0380,1.000,0.0352,0.73
15517,replay,4000,0.0340,1.000,0.0352,0.73
15518,replay,4000,0.0248,1.000,0.0353,0.74
15519,replay,4000,0.0435,1.000,0.0352,0.73
15520,replay,4000,0.0312,1.000,0.0353,0.74
15521,replay,4000,0.0373,1.000,0.0353,0.72
15522,replay,4000,0.0338,1.000,0.0353,0.72
15523,replay,4000,0.0486,1.000,0.0353,0.73
15524,replay,4000,0.0393,1.000,0.0353,0.73
15525,replay,4000,0.0393,1.000,0.0352,0.73
15526,replay,4000,0.0347,1.000,0.0352,0.73
15527,es_step,4000,0.0203,0.875,0.0352,1.34
15528,replay,4000,0.0363,1.000,0.0352,0.73
15529,replay,4000,0.0240,1.000,0.0352,0.73
15530,replay,4000,0.0626,1.000,0.0352,0.73
15531,replay,4000,0.0501,1.000,0.0352,0.73
15532,replay,4000,0.0515,1.000,0.0352,0.73
15533,es_step,4000,0.0347,0.875,0.0352,1.34
15534,es_step,4000,0.0151,0.562,0.0352,1.33
15535,replay,4000,0.0599,1.000,0.0352,0.73
15536,es_step,4000,0.0053,0.688,0.0352,1.34
15537,replay,4000,0.0544,1.000,0.0352,0.72
15538,replay,4000,0.0308,1.000,0.0351,0.72
15539,replay,4000,0.0352,1.000,0.0351,0.72
15540,replay,4000,-0.0013,1.000,0.0348,0.72
15541,replay,4000,0.0286,1.000,0.0348,0.72
15542,replay,4000,0.0257,1.000,0.0348,0.72
15543,replay,4000,0.0318,1.000,0.0347,0.72
15544,replay,4000,0.0479,1.000,0.0347,0.72
15545,replay,4000,0.0491,1.000,0.0347,0.73
15546,replay,4000,0.0362,1.000,0.0346,0.73
15547,replay,4000,0.0385,1.000,0.0346,0.73
15548,replay,4000,0.0425,1.000,0.0346,0.72
15549,replay,4000,0.0514,1.000,0.0346,0.73
15550,replay,4000,0.0552,1.000,0.0346,0.73
15551,replay,4000,0.0939,1.000,0.0346,0.73
15552,replay,4000,0.0904,1.000,0.0347,0.73
15553,replay,4000,0.0786,1.000,0.0347,0.73
15554,replay,4000,0.0604,1.000,0.0347,0.72
15555,es_step,4000,0.0091,0.688,0.0347,1.33
15556,replay,4000,0.0525,1.000,0.0346,0.72
15557,es_step,4000,-0.0091,0.562,0.0346,1.32
15558,replay,4000,0.0267,1.000,0.0345,0.72
15559,es_step,4000,-0.0028,0.875,0.0345,1.32
15560,es_step,4000,0.0056,0.750,0.0345,1.31
15561,replay,4000,0.0222,1.000,0.0345,0.72
15562,replay,4000,0.0284,1.000,0.0344,0.72
15563,replay,4000,0.0321,1.000,0.0344,0.72
15564,replay,4000,0.0255,1.000,0.0343,0.72
15565,es_step,4000,0.0122,0.938,0.0343,1.31
15566,replay,4000,0.0456,1.000,0.0343,0.71
15567,replay,4000,0.0169,1.000,0.0341,0.71
15568,replay,4000,0.0266,1.000,0.0340,0.72
15569,replay,4000,0.0219,1.000,0.0340,0.72
15570,es_step,4000,0.0245,0.812,0.0340,1.30
15571,es_step,4000,0.0082,1.000,0.0340,1.29
15572,replay,4000,0.0442,1.000,0.0340,0.71
15573,replay,4000,0.0392,1.000,0.0340,0.72
15574,replay,4000,0.0335,1.000,0.0339,0.72
15575,replay,4000,0.0452,1.000,0.0340,0.72
15576,es_step,4000,0.0216,0.812,0.0340,1.31
15577,replay,4000,0.0394,1.000,0.0340,0.72
15578,replay,4000,0.0459,1.000,0.0340,0.71
15579,replay,4000,0.0412,1.000,0.0339,0.73
15580,replay,4000,0.0370,1.000,0.0339,0.72
15581,replay,4000,0.0182,1.000,0.0339,0.72
15582,es_step,4000,0.0068,0.812,0.0339,1.31
15583,replay,4000,0.0428,1.000,0.0338,0.72
15584,replay,4000,0.0457,1.000,0.0339,0.72
15585,replay,4000,0.0313,1.000,0.0339,0.72
15586,replay,4000,0.0454,1.000,0.0339,0.72
15587,es_step,4000,0.0013,0.812,0.0339,1.32
15588,replay,4000,0.0388,1.000,0.0339,0.72
15589,es_step,4000,0.0058,0.750,0.0339,1.32
15590,replay,4000,0.0324,1.000,0.0338,0.72
15591,replay,4000,0.0335,1.000,0.0338,0.72
15592,replay,4000,0.0354,1.000,0.0338,0.72
15593,replay,4000,0.0317,1.000,0.0337,0.72
15594,replay,4000,0.0398,1.000,0.0337,0.72
15595,replay,4000,0.0296,1.000,0.0336,0.72
15596,replay,4000,0.0426,1.000,0.0336,0.72
15597,replay,4000,0.0366,1.000,0.0336,0.72
15598,es_step,4000,0.0178,0.750,0.0336,1.32
15599,replay,4000,0.0347,1.000,0.0336,0.72
15600,replay,4000,0.0373,1.000,0.0336,0.72
15601,replay,4000,0.0394,1.000,0.0336,0.72
15602,replay,4000,-0.0093,1.000,0.0334,0.73
15603,replay,4000,0.0594,1.000,0.0334,0.72
15604,es_step,4000,0.0267,0.812,0.0334,1.31
15605,replay,4000,0.0592,1.000,0.0335,0.72
15606,replay,4000,0.0595,1.000,0.0335,0.72
15607,replay,4000,0.0649,1.000,0.0335,0.72
15608,replay,4000,0.0599,1.000,0.0336,0.72
15609,replay,4000,0.0632,1.000,0.0336,0.72
15610,es_step,4000,0.0074,0.688,0.0336,1.32
15611,replay,4000,0.0584,1.000,0.0336,0.72
15612,replay,4000,0.0552,1.000,0.0336,0.72
15613,replay,4000,0.0555,1.000,0.0336,0.72
15614,replay,4000,0.0520,1.000,0.0336,0.72
15615,es_step,4000,0.0112,0.688,0.0336,1.31
15616,replay,4000,0.0294,1.000,0.0336,0.72
15617,es_step,4000,0.0125,0.750,0.0336,1.32
15618,replay,4000,0.0455,1.000,0.0335,0.71
15619,es_step,4000,0.0020,0.875,0.0335,1.31
15620,replay,4000,0.0422,1.000,0.0336,0.72
15621,replay,4000,0.0546,1.000,0.0335,0.72
15622,replay,4000,0.0512,1.000,0.0335,0.72
15623,replay,4000,0.0468,1.000,0.0336,0.75
15624,replay,4000,0.0622,1.000,0.0336,0.73
15625,replay,4000,0.0501,1.000,0.0336,0.72
15626,es_step,4000,0.0168,0.812,0.0336,1.31
15627,replay,4000,0.0530,1.000,0.0336,0.71
15628,replay,4000,0.0523,1.000,0.0336,0.71
15629,es_step,4000,0.0053,0.875,0.0336,1.29
15630,replay,4000,0.0560,1.000,0.0336,0.71
15631,replay,4000,0.0527,1.000,0.0335,0.72
15632,replay,4000,0.0514,1.000,0.0335,0.71
15633,es_step,4000,0.0134,0.688,0.0335,1.30
15634,replay,4000,0.0426,1.000,0.0335,0.71
15635,replay,4000,0.0472,1.000,0.0335,0.72
15636,replay,4000,0.0142,1.000,0.0334,0.73
15637,replay,4000,0.0243,1.000,0.0334,0.72
15638,es_step,4000,0.0181,0.812,0.0334,1.32
15639,replay,4000,0.0293,1.000,0.0334,0.72
15640,replay,4000,0.0461,1.000,0.0334,0.73
15641,replay,4000,0.0559,1.000,0.0335,0.73
15642,replay,4000,0.0614,1.000,0.0335,0.73
15643,replay,4000,0.0688,1.000,0.0336,0.72
15644,replay,4000,0.0590,1.000,0.0336,0.72
15645,replay,4000,0.0520,1.000,0.0336,0.72
15646,replay,4000,0.0323,1.000,0.0335,0.72
15647,replay,4000,0.0183,1.000,0.0335,0.72
15648,es_step,4000,0.0037,1.000,0.0335,1.32
15649,replay,4000,0.0240,1.000,0.0334,0.72
15650,replay,4000,0.0310,1.000,0.0334,0.72
15651,replay,4000,0.0395,1.000,0.0333,0.72
15652,es_step,4000,0.0084,0.812,0.0333,1.32
15653,replay,4000,0.0099,1.000,0.0331,0.72
15654,es_step,4000,-0.0024,0.875,0.0331,1.32
15655,replay,4000,0.0307,1.000,0.0331,0.71
15656,replay,4000,0.0248,1.000,0.0330,0.71
15657,replay,4000,0.0231,1.000,0.0330,0.72
15658,replay,4000,-0.1081,1.000,0.0328,0.72
15659,replay,4000,0.0500,1.000,0.0328,0.72
15660,replay,4000,0.0618,1.000,0.0329,0.73
15661,replay,4000,0.0724,1.000,0.0329,0.72
15662,replay,4000,0.0748,1.000,0.0329,0.73
15663,replay,4000,0.0721,1.000,0.0330,0.73
15664,replay,4000,0.0639,1.000,0.0330,0.73
15665,replay,4000,0.0610,1.000,0.0330,0.73
15666,replay,4000,0.0585,1.000,0.0330,0.74
15667,replay,4000,0.0561,1.000,0.0330,0.73
15668,es_step,4000,0.0253,0.875,0.0330,3.57
15669,replay,4000,0.0465,1.000,0.0330,0.73
15670,replay,4000,0.0362,1.000,0.0330,0.73
15671,replay,4000,0.0457,1.000,0.0330,0.73
15672,replay,4000,0.0266,1.000,0.0329,0.73
15673,replay,4000,0.0440,1.000,0.0329,0.73
15674,replay,4000,0.0469,1.000,0.0329,0.73
15675,replay,4000,0.0557,1.000,0.0329,0.73
15676,replay,4000,0.0675,1.000,0.0329,0.73
15677,es_step,4000,0.0331,0.750,0.0329,1.33
15678,es_step,4000,0.0291,0.875,0.0329,1.32
15679,replay,4000,0.0691,1.000,0.0330,0.72
15680,replay,4000,0.0618,1.000,0.0330,0.72
15681,replay,4000,0.0757,1.000,0.0330,0.72
15682,es_step,4000,0.0371,0.938,0.0330,1.31
15683,replay,4000,0.0684,1.000,0.0330,0.73
15684,replay,4000,0.0636,1.000,0.0330,0.72
15685,replay,4000,0.0480,1.000,0.0330,0.73
15686,replay,4000,0.0581,1.000,0.0330,0.72
15687,replay,4000,0.0544,1.000,0.0330,0.73
15688,replay,4000,0.0577,1.000,0.0330,0.73
15689,es_step,4000,0.0324,0.938,0.0330,1.32
15690,replay,4000,0.0523,1.000,0.0331,0.73
15691,replay,4000,0.0675,1.000,0.0331,0.72
15692,replay,4000,0.0680,1.000,0.0331,0.73
15693,es_step,4000,0.0324,0.938,0.0331,1.32
15694,replay,4000,0.0685,1.000,0.0332,0.72
15695,replay,4000,0.0788,1.000,0.0332,0.72
15696,replay,4000,0.0692,1.000,0.0333,0.72
15697,replay,4000,0.0583,1.000,0.0333,0.72
15698,replay,4000,0.0635,1.000,0.0333,0.72
15699,replay,4000,0.0660,1.000,0.0334,0.72
15700,replay,4000,0.0651,1.000,0.0334,0.72
15701,replay,4000,0.0625,1.000,0.0335,0.72
15702,replay,4000,0.0563,1.000,0.0335,0.73
15703,replay,4000,0.0573,1.000,0.0335,0.73
15704,replay,4000,0.0905,1.000,0.0335,0.73
15705,replay,4000,0.0505,1.000,0.0334,0.73
15706,es_step,4000,0.0156,0.812,0.0334,1.34
15707,replay,4000,0.0406,1.000,0.0334,0.72
15708,es_step,4000,0.0142,1.000,0.0334,1.32
15709,replay,4000,0.0371,1.000,0.0334,0.72
15710,replay,4000,0.0338,1.000,0.0333,0.72
15711,es_step,4000,0.0146,0.938,0.0333,1.32
15712,replay,4000,0.0487,1.000,0.0334,0.72
15713,replay,4000,0.0411,1.000,0.0333,0.72
15714,es_step,4000,0.0131,0.875,0.0333,1.32
15715,replay,4000,0.0409,1.000,0.0334,0.72
15716,replay,4000,0.0183,1.000,0.0333,0.84
15717,es_step,4000,0.0063,0.875,0.0333,1.32
15718,es_step,4000,0.0266,0.812,0.0333,1.30
15719,replay,4000,0.0542,1.000,0.0333,0.72
15720,replay,4000,0.0523,1.000,0.0333,0.72
15721,es_step,4000,0.0403,0.938,0.0333,1.32
15722,replay,4000,0.0796,1.000,0.0334,0.71
15723,replay,4000,0.0824,1.000,0.0334,0.75
15724,replay,4000,0.0791,1.000,0.0335,0.72
15725,replay,4000,0.0809,1.000,0.0335,0.72
15726,replay,4000,0.0864,1.000,0.0336,0.72
15727,replay,4000,0.0994,1.000,0.0336,0.72
15728,replay,4000,0.0972,1.000,0.0337,0.72
15729,replay,4000,0.0850,1.000,0.0337,0.71
15730,replay,4000,0.0816,1.000,0.0338,0.72
15731,replay,4000,0.0741,1.000,0.0338,0.72
15732,replay,4000,0.0611,1.000,0.0338,0.71
15733,replay,4000,0.0307,1.000,0.0338,0.71
15734,replay,4000,0.0380,1.000,0.0338,0.71
15735,es_step,4000,0.0293,1.000,0.0338,1.31
15736,replay,4000,0.0381,1.000,0.0337,0.71
15737,replay,4000,0.0510,1.000,0.0337,0.72
15738,replay,4000,0.0548,1.000,0.0337,0.73
15739,replay,4000,0.0468,1.000,0.0337,0.73
15740,replay,4000,0.0294,1.000,0.0337,0.73
15741,replay,4000,0.0496,1.000,0.0337,0.73
15742,replay,4000,0.0518,1.000,0.0337,0.73
15743,replay,4000,0.0602,1.000,0.0337,0.72
15744,replay,4000,0.0391,1.000,0.0337,0.72
15745,replay,4000,0.0573,1.000,0.0337,0.73
15746,replay,4000,0.0425,1.000,0.0336,0.72
15747,replay,4000,0.0490,1.000,0.0336,0.73
15748,replay,4000,0.0374,1.000,0.0336,0.73
15749,replay,4000,0.0452,1.000,0.0335,0.73
15750,es_step,4000,0.0204,0.812,0.0335,1.33
15751,replay,4000,0.0378,1.000,0.0335,0.72
15752,es_step,4000,0.0191,1.000,0.0335,1.32
15753,replay,4000,0.0458,1.000,0.0335,0.73
15754,replay,4000,0.0399,1.000,0.0335,0.73
15755,es_step,4000,0.0141,0.938,0.0335,1.33
15756,replay,4000,0.0416,1.000,0.0334,0.73
15757,replay,4000,0.0488,1.000,0.0334,0.73
15758,replay,4000,0.0338,1.000,0.0334,0.73
15759,es_step,4000,0.0151,0.938,0.0334,1.33
15760,es_step,4000,0.0201,0.938,0.0334,1.32
15761,es_step,4000,0.0169,1.000,0.0334,1.31
15762,replay,4000,0.0194,1.000,0.0333,0.72
15763,replay,4000,0.0352,1.000,0.0333,0.72
15764,es_step,4000,0.0191,1.000,0.0333,1.31
15765,replay,4000,0.0562,1.000,0.0332,0.71
15766,replay,4000,0.0555,1.000,0.0332,0.71
15767,replay,4000,0.0572,1.000,0.0332,0.72
15768,es_step,4000,0.0358,0.938,0.0333,1.31
15769,replay,4000,0.0596,1.000,0.0333,0.72
15770,es_step,4000,0.0393,0.938,0.0333,1.30
15771,replay,4000,0.0680,1.000,0.0334,0.71
15772,replay,4000,0.0678,1.000,0.0334,0.72
15773,replay,4000,0.0645,1.000,0.0334,0.71
15774,replay,4000,0.0548,1.000,0.0334,0.71
15775,replay,4000,0.0446,1.000,0.0334,0.71
15776,replay,4000,0.0353,1.000,0.0333,0.71
15777,replay,4000,0.0239,1.000,0.0334,0.71
15778,es_step,4000,0.0229,1.000,0.0334,1.30
15779,replay,4000,0.0410,1.000,0.0334,0.71
15780,replay,4000,0.0383,1.000,0.0334,0.72
15781,replay,4000,0.0522,1.000,0.0334,0.71
15782,replay,4000,0.0377,1.000,0.0333,0.72
15783,replay,4000,0.0554,1.000,0.0333,0.71
15784,es_step,4000,0.0188,0.938,0.0333,1.31
15785,replay,4000,0.0512,1.000,0.0333,0.72
15786,es_step,4000,0.0201,1.000,0.0333,1.30
15787,replay,4000,0.0469,1.000,0.0333,0.71
15788,replay,4000,0.0358,1.000,0.0332,0.71
15789,replay,4000,0.0408,1.000,0.0332,0.71
15790,replay,4000,0.0411,1.000,0.0332,0.71
15791,replay,4000,0.0320,1.000,0.0331,0.72
15792,es_step,4000,0.0039,1.000,0.0331,1.30
15793,replay,4000,0.0208,1.000,0.0330,0.71
15794,replay,4000,0.0050,1.000,0.0329,0.72
15795,replay,4000,0.0246,1.000,0.0328,0.72
15796,replay,4000,0.0256,1.000,0.0328,0.72
15797,replay,4000,0.0322,1.000,0.0328,0.72
15798,replay,4000,0.0544,1.000,0.0327,0.72
15799,es_step,4000,0.0167,1.000,0.0327,1.30
15800,replay,4000,0.0545,1.000,0.0327,0.71
15801,replay,4000,0.0496,1.000,0.0327,0.71
15802,replay,4000,0.0331,1.000,0.0327,0.71
15803,replay,4000,0.0507,1.000,0.0327,0.72
15804,es_step,4000,0.0235,1.000,0.0327,1.30
15805,replay,4000,0.0476,1.000,0.0327,0.71
15806,replay,4000,0.0644,1.000,0.0327,0.71
15807,replay,4000,0.0497,1.000,0.0327,0.72
15808,replay,4000,0.0514,1.000,0.0327,0.73
15809,replay,4000,0.0274,1.000,0.0327,0.72
15810,es_step,4000,0.0257,1.000,0.0327,1.31
15811,replay,4000,0.0491,1.000,0.0327,0.71
15812,replay,4000,0.0475,1.000,0.0327,0.71
15813,replay,4000,0.0464,1.000,0.0327,0.71
15814,replay,4000,0.0519,1.000,0.0326,0.71
15815,replay,4000,0.0387,1.000,0.0326,0.72
15816,replay,4000,0.0574,1.000,0.0326,0.72
15817,replay,4000,0.0633,1.000,0.0327,0.73
15818,replay,4000,0.0814,1.000,0.0327,0.72
15819,replay,4000,0.0776,1.000,0.0327,0.72
15820,replay,4000,0.0595,1.000,0.0327,0.72
15821,replay,4000,0.0497,1.000,0.0326,0.72
15822,es_step,4000,0.0244,1.000,0.0326,1.31
15823,replay,4000,0.0460,1.000,0.0326,0.72
15824,es_step,4000,0.0178,1.000,0.0326,1.31
15825,replay,4000,0.0176,1.000,0.0326,0.71
15826,replay,4000,0.0349,1.000,0.0326,0.71
15827,replay,4000,0.0585,1.000,0.0326,0.72
15828,es_step,4000,0.0291,1.000,0.0326,1.31
15829,replay,4000,0.0565,1.000,0.0326,0.71
15830,replay,4000,0.0479,1.000,0.0325,0.71
15831,es_step,4000,0.0146,1.000,0.0325,1.29
15832,replay,4000,0.0592,1.000,0.0326,0.72
15833,es_step,4000,0.0219,1.000,0.0326,1.31
15834,replay,4000,0.0564,1.000,0.0326,0.72
15835,replay,4000,0.0517,1.000,0.0326,0.71
15836,es_step,4000,0.0107,1.000,0.0326,1.30
15837,replay,4000,0.0444,1.000,0.0325,0.72
15838,replay,4000,0.0364,1.000,0.0325,0.72
15839,replay,4000,0.0302,1.000,0.0324,0.72
15840,replay,4000,0.0254,1.000,0.0324,0.72
15841,es_step,4000,0.0069,1.000,0.0324,1.30
15842,es_step,4000,0.0038,1.000,0.0324,1.29
15843,es_step,4000,0.0102,0.875,0.0324,1.28
15844,es_step,4000,-0.0025,0.938,0.0324,1.28
15845,es_step,4000,0.0006,0.938,0.0324,1.29
15846,replay,4000,0.0415,1.000,0.0323,0.71
15847,replay,4000,0.0429,1.000,0.0323,0.71
15848,replay,4000,0.0452,1.000,0.0323,0.72
15849,es_step,4000,0.0152,1.000,0.0323,1.30
15850,es_step,4000,0.0182,1.000,0.0323,1.30
15851,es_step,4000,0.0199,0.875,0.0323,1.31
15852,replay,4000,0.0385,1.000,0.0323,0.71
15853,es_step,4000,0.0198,1.000,0.0323,1.31
15854,replay,4000,0.0911,1.000,0.0323,0.71
15855,replay,4000,0.0568,1.000,0.0323,0.72
15856,replay,4000,0.0584,1.000,0.0323,0.72
15857,replay,4000,0.0573,1.000,0.0323,0.72
15858,replay,4000,0.0624,1.000,0.0323,0.72
15859,replay,4000,0.0536,1.000,0.0323,0.72
15860,replay,4000,0.0645,1.000,0.0324,0.73
15861,replay,4000,0.0593,1.000,0.0324,0.72
15862,replay,4000,0.0543,1.000,0.0324,0.72
15863,replay,4000,0.0490,1.000,0.0323,0.72
15864,replay,4000,0.0469,1.000,0.0323,0.72
15865,replay,4000,0.0418,1.000,0.0323,0.72
15866,replay,4000,0.0290,1.000,0.0323,0.72
15867,es_step,4000,0.0052,0.875,0.0323,1.31
15868,replay,4000,0.0277,1.000,0.0322,0.71
15869,replay,4000,0.0272,1.000,0.0322,0.72
15870,replay,4000,0.0186,1.000,0.0321,0.72
15871,es_step,4000,0.0195,1.000,0.0321,1.31
15872,replay,4000,0.0301,1.000,0.0320,0.71
15873,replay,4000,0.0231,1.000,0.0320,0.71
15874,replay,4000,0.0408,1.000,0.0320,0.72
15875,replay,4000,0.0531,1.000,0.0320,0.72
15876,replay,4000,0.0441,1.000,0.0320,0.72
15877,replay,4000,0.0482,1.000,0.0320,0.72
15878,replay,4000,0.0366,1.000,0.0319,0.72
15879,replay,4000,0.0247,1.000,0.0319,0.72
15880,replay,4000,0.0581,1.000,0.0320,0.73
15881,replay,4000,0.0660,1.000,0.0320,0.73
15882,replay,4000,0.0611,1.000,0.0320,0.72
15883,replay,4000,0.0671,1.000,0.0321,0.73
15884,replay,4000,0.0665,1.000,0.0321,0.72
15885,replay,4000,0.0653,1.000,0.0322,0.72
15886,replay,4000,0.0612,1.000,0.0322,0.72
15887,replay,4000,0.0721,1.000,0.0324,0.72
15888,replay,4000,0.1189,1.000,0.0325,0.72
15889,replay,4000,0.1007,1.000,0.0326,0.72
15890,replay,4000,0.1152,1.000,0.0328,0.72
15891,replay,4000,0.1089,1.000,0.0329,0.72
15892,replay,4000,0.0934,1.000,0.0330,0.72
15893,replay,4000,0.0675,1.000,0.0330,0.72
15894,es_step,4000,0.0279,1.000,0.0330,1.35
15895,replay,4000,0.0442,1.000,0.0331,0.72
15896,es_step,4000,0.0292,0.938,0.0331,1.31
15897,es_step,4000,0.0225,0.875,0.0331,1.30
15898,es_step,4000,0.0223,1.000,0.0331,1.30
15899,replay,4000,0.0345,1.000,0.0330,0.71
15900,replay,4000,0.0354,1.000,0.0330,0.71
15901,replay,4000,0.0374,1.000,0.0329,0.72
15902,replay,4000,0.0472,1.000,0.0329,0.72
15903,replay,4000,0.0192,1.000,0.0328,0.72
15904,replay,4000,0.0404,1.000,0.0328,0.72
15905,es_step,4000,0.0348,0.875,0.0328,1.30
15906,replay,4000,0.0445,1.000,0.0328,0.71
15907,replay,4000,0.0602,1.000,0.0328,0.71
15908,replay,4000,0.0725,1.000,0.0328,0.71
15909,replay,4000,0.0679,1.000,0.0329,0.70
15910,replay,4000,0.0615,1.000,0.0329,0.70
15911,replay,4000,0.0518,1.000,0.0329,0.71
15912,replay,4000,0.1095,1.000,0.0329,0.70
15913,replay,4000,0.0761,1.000,0.0329,0.71
15914,replay,4000,0.0750,1.000,0.0330,0.71
15915,es_step,4000,0.0382,0.875,0.0330,1.29
15916,replay,4000,0.0717,1.000,0.0330,0.71
15917,es_step,4000,0.0477,0.812,0.0331,1.28
15918,es_step,4000,0.0395,0.938,0.0331,1.28
15919,replay,4000,0.0690,1.000,0.0331,0.71
15920,es_step,4000,0.0321,1.000,0.0331,1.28
15921,replay,4000,0.0645,1.000,0.0331,0.70
15922,replay,4000,0.0498,1.000,0.0331,0.70
15923,replay,4000,0.0564,1.000,0.0331,0.71
15924,es_step,4000,0.0269,0.938,0.0331,1.28
15925,replay,4000,0.0246,1.000,0.0331,0.70
15926,replay,4000,0.0388,1.000,0.0330,0.70
15927,replay,4000,0.0238,1.000,0.0330,0.70
15928,replay,4000,0.0420,1.000,0.0330,0.70
15929,replay,4000,0.0285,1.000,0.0330,0.70
15930,replay,4000,0.0730,1.000,0.0330,0.70
15931,replay,4000,0.0627,1.000,0.0330,0.70
15932,replay,4000,0.0557,1.000,0.0330,0.70
15933,replay,4000,0.0315,1.000,0.0329,0.69
15934,replay,4000,0.0423,1.000,0.0329,0.70
15935,replay,4000,0.0147,1.000,0.0328,0.70
15936,replay,4000,0.0661,1.000,0.0328,0.70
15937,es_step,4000,0.0365,0.938,0.0328,1.28
15938,replay,4000,0.0537,1.000,0.0328,0.70
15939,replay,4000,0.0587,1.000,0.0328,0.70
15940,replay,4000,0.0466,1.000,0.0328,0.70
15941,replay,4000,0.0247,1.000,0.0328,0.70
15942,es_step,4000,0.0258,0.938,0.0328,1.28
15943,es_step,4000,0.0247,0.938,0.0328,1.29
15944,replay,4000,0.0459,1.000,0.0328,0.70
15945,replay,4000,0.0256,1.000,0.0326,0.69
15946,es_step,4000,0.0190,1.000,0.0326,1.24
15947,replay,4000,0.0090,1.000,0.0325,0.68
15948,es_step,4000,0.0237,1.000,0.0325,1.26
15949,es_step,4000,0.0279,0.875,0.0325,1.27
15950,replay,4000,0.0372,1.000,0.0325,0.72
15951,replay,4000,0.0419,1.000,0.0325,0.72
15952,replay,4000,0.0447,1.000,0.0325,0.72
15953,replay,4000,0.0303,1.000,0.0324,0.73
15954,replay,4000,0.0308,1.000,0.0325,0.72
15955,replay,4000,0.0407,1.000,0.0325,0.73
15956,replay,4000,0.0262,1.000,0.0325,0.72
15957,replay,4000,0.0487,1.000,0.0325,0.73
15958,replay,4000,0.0505,1.000,0.0325,0.73
15959,replay,4000,0.0563,1.000,0.0325,0.72
15960,replay,4000,0.0581,1.000,0.0325,0.72
15961,replay,4000,0.0629,1.000,0.0325,0.73
15962,replay,4000,0.0645,1.000,0.0325,0.73
15963,replay,4000,0.0546,1.000,0.0325,0.73
15964,es_step,4000,0.0239,1.000,0.0325,1.32
15965,replay,4000,0.0529,1.000,0.0325,0.72
15966,replay,4000,0.0246,1.000,0.0325,2.96
15967,replay,4000,0.0303,1.000,0.0325,0.72
15968,replay,4000,0.0266,1.000,0.0324,0.71
15969,replay,4000,0.0312,1.000,0.0324,0.71
15970,replay,4000,0.0476,1.000,0.0323,0.71
15971,replay,4000,0.0543,1.000,0.0324,0.71
15972,replay,4000,0.0529,1.000,0.0323,0.72
15973,replay,4000,0.0629,1.000,0.0324,0.71
15974,replay,4000,0.0591,1.000,0.0324,0.72
15975,replay,4000,0.0534,1.000,0.0324,0.72
15976,replay,4000,0.0723,1.000,0.0325,0.72
15977,replay,4000,0.0510,1.000,0.0325,0.71
15978,replay,4000,0.0650,1.000,0.0325,0.72
15979,replay,4000,0.0525,1.000,0.0327,0.72
15980,replay,4000,0.0349,1.000,0.0327,0.71
15981,es_step,4000,0.0479,1.000,0.0327,1.30
15982,es_step,4000,0.0495,1.000,0.0328,1.30
15983,es_step,4000,0.0433,0.938,0.0328,1.30
15984,replay,4000,0.0652,1.000,0.0328,0.71
15985,replay,4000,0.0903,1.000,0.0328,0.72
15986,es_step,4000,0.0545,1.000,0.0329,1.30
15987,replay,4000,0.0832,1.000,0.0330,0.71
15988,replay,4000,0.0782,1.000,0.0331,0.71
15989,replay,4000,0.0777,1.000,0.0331,0.71
15990,replay,4000,0.0659,1.000,0.0331,0.71
15991,replay,4000,0.0604,1.000,0.0331,0.71
15992,replay,4000,0.0200,1.000,0.0331,0.71
15993,es_step,4000,0.0212,0.875,0.0331,1.30
15994,replay,4000,0.0405,1.000,0.0330,0.71
15995,replay,4000,0.0391,1.000,0.0330,0.71
15996,replay,4000,0.0416,1.000,0.0330,0.70
15997,replay,4000,0.0523,1.000,0.0330,0.71
15998,replay,4000,0.0403,1.000,0.0329,0.71
15999,replay,4000,0.0379,1.000,0.0329,0.71
16000,replay,4000,0.0388,1.000,0.0329,0.75
16001,es_step,4000,0.0079,0.750,0.0329,1.38
16002,es_step,4000,0.0116,0.750,0.0329,1.35
16003,replay,4000,0.0410,1.000,0.0329,0.72
16004,es_step,4000,0.0193,1.000,0.0329,1.32
16005,replay,4000,0.0405,1.000,0.0328,0.71
16006,replay,4000,0.0023,1.000,0.0326,0.72
16007,replay,4000,0.0347,1.000,0.0326,0.72
16008,replay,4000,0.0221,1.000,0.0325,0.72
16009,replay,4000,0.0359,1.000,0.0324,0.72
16010,es_step,4000,-0.0114,0.812,0.0324,1.32
16011,es_step,4000,0.0075,0.938,0.0324,1.31
16012,es_step,4000,0.0134,0.938,0.0324,1.30
16013,replay,4000,0.0331,1.000,0.0324,0.71
16014,replay,4000,0.0254,1.000,0.0323,0.71
16015,replay,4000,-0.0141,1.000,0.0323,0.71
16016,replay,4000,0.0277,1.000,0.0322,0.71
16017,replay,4000,0.0364,1.000,0.0322,0.70
16018,replay,4000,0.0581,1.000,0.0322,0.71
16019,replay,4000,0.0607,1.000,0.0322,0.72
16020,replay,4000,0.0578,1.000,0.0322,0.72
16021,replay,4000,0.0602,1.000,0.0323,0.72
16022,replay,4000,0.0581,1.000,0.0323,0.72
16023,es_step,4000,0.0286,0.938,0.0323,1.30
16024,replay,4000,0.0592,1.000,0.0323,0.72
16025,replay,4000,0.0597,1.000,0.0323,0.72
16026,replay,4000,0.0560,1.000,0.0323,0.73
16027,replay,4000,0.0532,1.000,0.0323,0.73
16028,replay,4000,0.0332,1.000,0.0323,0.73
16029,replay,4000,0.0479,1.000,0.0323,0.72
16030,es_step,4000,0.0143,0.938,0.0323,1.31
16031,es_step,4000,0.0220,1.000,0.0323,1.30
16032,es_step,4000,0.0197,0.938,0.0323,1.29
16033,replay,4000,0.0488,1.000,0.0323,0.71
16034,replay,4000,0.0239,1.000,0.0323,0.70
16035,replay,4000,0.0404,1.000,0.0323,0.71
16036,replay,4000,0.0352,1.000,0.0322,0.71
16037,replay,4000,0.0314,1.000,0.0321,0.72
16038,replay,4000,0.0482,1.000,0.0321,0.72
16039,replay,4000,0.0287,1.000,0.0320,0.72
16040,replay,4000,0.0403,1.000,0.0320,0.72
16041,replay,4000,0.0456,1.000,0.0320,0.72
16042,replay,4000,0.0396,1.000,0.0320,0.72
16043,replay,4000,0.0434,1.000,0.0321,0.73
16044,replay,4000,0.0559,1.000,0.0321,0.72
16045,replay,4000,0.0463,1.000,0.0321,0.74
16046,replay,4000,0.0448,1.000,0.0321,0.72
16047,replay,4000,0.0502,1.000,0.0321,0.73
16048,replay,4000,0.0524,1.000,0.0321,0.72
16049,replay,4000,0.0541,1.000,0.0321,0.73
16050,replay,4000,0.0544,1.000,0.0321,0.73
16051,replay,4000,0.0505,1.000,0.0321,0.73
16052,replay,4000,0.0545,1.000,0.0321,0.73
16053,replay,4000,0.0622,1.000,0.0321,0.73
16054,es_step,4000,0.0334,0.938,0.0321,1.33
16055,replay,4000,0.0618,1.000,0.0321,0.72
16056,replay,4000,0.0735,1.000,0.0321,0.72
16057,replay,4000,0.0577,1.000,0.0322,0.72
16058,replay,4000,0.0592,1.000,0.0322,0.72
16059,es_step,4000,0.0456,0.875,0.0323,1.33
16060,replay,4000,0.0689,1.000,0.0323,0.72
16061,replay,4000,0.0779,1.000,0.0326,0.72
16062,replay,4000,0.0709,1.000,0.0326,0.72
16063,replay,4000,0.0581,1.000,0.0327,0.72
16064,replay,4000,0.0533,1.000,0.0327,0.72
16065,replay,4000,-0.0013,1.000,0.0327,0.72
16066,replay,4000,0.0496,1.000,0.0327,0.73
16067,es_step,4000,0.0250,1.000,0.0327,1.32
16068,replay,4000,0.1459,1.000,0.0328,0.72
16069,replay,4000,0.1706,1.000,0.0329,0.72
16070,replay,4000,0.1561,1.000,0.0329,0.73
16071,replay,4000,0.1678,1.000,0.0330,0.72
16072,es_step,4000,0.0474,1.000,0.0331,1.32
16073,replay,4000,0.1332,1.000,0.0331,0.72
16074,replay,4000,0.1432,1.000,0.0332,0.73
16075,es_step,4000,0.0478,0.938,0.0332,1.32
16076,es_step,4000,0.0595,0.750,0.0333,1.31
16077,replay,4000,0.1210,1.000,0.0333,0.72
16078,replay,4000,0.1013,1.000,0.0334,0.72
16079,replay,4000,0.0957,1.000,0.0334,0.72
16080,replay,4000,0.0824,1.000,0.0334,0.72
16081,replay,4000,0.0685,1.000,0.0334,0.72
16082,replay,4000,0.0501,1.000,0.0334,0.73
16083,es_step,4000,0.0051,0.562,0.0334,1.34
16084,es_step,4000,-0.0062,0.812,0.0334,1.31
16085,es_step,4000,0.0000,0.875,0.0334,1.30
16086,es_step,4000,0.0013,0.875,0.0334,1.31
16087,replay,4000,0.0276,1.000,0.0334,0.72
16088,replay,4000,0.0304,1.000,0.0333,0.72
16089,replay,4000,0.0380,1.000,0.0332,0.72
16090,replay,4000,0.0264,1.000,0.0332,0.72
16091,replay,4000,0.0264,1.000,0.0331,0.72
16092,replay,4000,0.0452,1.000,0.0331,0.72
16093,replay,4000,0.0414,1.000,0.0331,0.72
16094,replay,4000,0.0390,1.000,0.0330,0.72
16095,replay,4000,0.0401,1.000,0.0330,0.72
16096,replay,4000,0.0370,1.000,0.0330,0.72
16097,replay,4000,0.0415,1.000,0.0330,0.72
16098,replay,4000,0.0350,1.000,0.0329,0.72
16099,replay,4000,0.0502,1.000,0.0329,0.72
16100,replay,4000,0.0296,1.000,0.0329,0.72
16101,replay,4000,0.0096,1.000,0.0327,0.72
16102,replay,4000,0.0227,1.000,0.0327,0.72
16103,replay,4000,0.0270,1.000,0.0326,0.72
16104,replay,4000,0.0312,1.000,0.0326,0.71
16105,es_step,4000,0.0109,0.875,0.0326,1.31
16106,replay,4000,0.0319,1.000,0.0326,0.71
16107,replay,4000,0.0379,1.000,0.0326,0.71
16108,replay,4000,0.0380,1.000,0.0326,0.72
16109,replay,4000,0.0606,1.000,0.0326,0.72
16110,replay,4000,0.0664,1.000,0.0326,0.72
16111,replay,4000,0.0614,1.000,0.0326,0.72
16112,replay,4000,0.0596,1.000,0.0327,0.72
16113,replay,4000,0.0576,1.000,0.0327,0.73
16114,es_step,4000,0.0106,0.938,0.0327,1.33
16115,replay,4000,0.0568,1.000,0.0327,0.71
16116,es_step,4000,0.0111,0.938,0.0327,1.31
16117,replay,4000,0.0569,1.000,0.0327,0.71
16118,replay,4000,0.0312,1.000,0.0327,0.71
16119,replay,4000,0.0409,1.000,0.0327,0.72
16120,es_step,4000,0.0069,0.875,0.0327,1.31
16121,replay,4000,0.0775,1.000,0.0327,0.72
16122,replay,4000,0.0720,1.000,0.0327,0.72
16123,es_step,4000,0.0097,0.750,0.0327,1.32
16124,es_step,4000,0.0124,1.000,0.0327,1.30
16125,es_step,4000,0.0100,1.000,0.0327,1.30
16126,es_step,4000,0.0156,1.000,0.0327,1.30
16127,replay,4000,0.0643,1.000,0.0327,0.72
16128,replay,4000,0.0640,1.000,0.0327,0.72
16129,replay,4000,0.0771,1.000,0.0328,0.72
16130,replay,4000,0.0647,1.000,0.0328,0.72
16131,replay,4000,0.0766,1.000,0.0329,0.72
16132,replay,4000,0.0784,1.000,0.0330,0.71
16133,replay,4000,0.0634,1.000,0.0330,0.72
16134,replay,4000,0.0664,1.000,0.0331,0.72
16135,replay,4000,0.0627,1.000,0.0331,0.72
16136,es_step,4000,0.0141,0.812,0.0331,1.32
16137,replay,4000,0.0595,1.000,0.0331,0.71
16138,replay,4000,0.0617,1.000,0.0331,0.72
16139,replay,4000,0.0515,1.000,0.0331,0.72
16140,es_step,4000,0.0117,0.875,0.0331,1.31
16141,replay,4000,0.0499,1.000,0.0331,0.71
16142,replay,4000,0.0388,1.000,0.0330,0.72
16143,replay,4000,0.0317,1.000,0.0330,0.73
16144,replay,4000,0.0403,1.000,0.0330,0.72
16145,es_step,4000,0.0037,0.938,0.0330,1.31
16146,replay,4000,0.0396,1.000,0.0330,0.72
16147,replay,4000,0.0284,1.000,0.0329,0.72
16148,replay,4000,0.0394,1.000,0.0329,0.72
16149,replay,4000,0.0382,1.000,0.0329,0.72
16150,replay,4000,0.0391,1.000,0.0330,0.72
16151,replay,4000,0.0850,1.000,0.0330,0.72
16152,replay,4000,0.0875,1.000,0.0330,0.72
16153,replay,4000,0.0841,1.000,0.0331,0.72
16154,es_step,4000,0.0490,0.812,0.0332,1.31
16155,replay,4000,0.0918,1.000,0.0333,0.72
16156,es_step,4000,0.0459,0.875,0.0333,1.30
16157,replay,4000,0.1085,1.000,0.0333,0.71
16158,replay,4000,0.0860,1.000,0.0334,0.71
16159,replay,4000,0.0844,1.000,0.0335,0.72
16160,replay,4000,0.0781,1.000,0.0335,0.71
16161,replay,4000,0.0800,1.000,0.0336,0.71
16162,replay,4000,0.0745,1.000,0.0336,0.71
16163,replay,4000,0.0554,1.000,0.0337,0.71
16164,replay,4000,0.0599,1.000,0.0337,0.71
16165,replay,4000,0.0649,1.000,0.0338,0.71
16166,replay,4000,0.0740,1.000,0.0338,0.72
16167,replay,4000,0.0500,1.000,0.0338,0.72
16168,replay,4000,0.0485,1.000,0.0338,0.72
16169,replay,4000,0.0564,1.000,0.0338,0.72
16170,replay,4000,0.0405,1.000,0.0338,0.72
16171,replay,4000,0.0489,1.000,0.0337,0.72
16172,replay,4000,0.0349,1.000,0.0337,0.72
16173,replay,4000,0.0302,1.000,0.0336,0.72
16174,es_step,4000,0.0053,0.875,0.0336,1.32
16175,replay,4000,0.0312,1.000,0.0336,0.72
16176,es_step,4000,0.0123,0.812,0.0336,1.32
16177,replay,4000,0.0415,1.000,0.0336,0.71
16178,es_step,4000,0.0117,0.938,0.0336,1.30
16179,replay,4000,0.0426,1.000,0.0337,0.72
16180,replay,4000,0.0600,1.000,0.0337,0.73
16181,replay,4000,0.0615,1.000,0.0337,0.73
16182,replay,4000,0.0617,1.000,0.0338,0.73
16183,es_step,4000,0.0192,0.938,0.0338,1.32
16184,es_step,4000,0.0267,1.000,0.0338,1.31
16185,es_step,4000,0.0185,0.812,0.0338,1.30
16186,replay,4000,0.0533,1.000,0.0336,0.71
16187,replay,4000,0.0632,1.000,0.0337,0.72
16188,es_step,4000,0.0237,0.812,0.0337,1.30
16189,replay,4000,0.0681,1.000,0.0337,0.71
16190,replay,4000,0.0707,1.000,0.0337,0.71
16191,replay,4000,0.0615,1.000,0.0338,0.72
16192,replay,4000,0.0602,1.000,0.0338,0.72
16193,replay,4000,0.0542,1.000,0.0338,0.72
16194,replay,4000,0.0553,1.000,0.0338,0.72
16195,replay,4000,0.0315,1.000,0.0337,0.72
16196,es_step,4000,0.0133,0.875,0.0337,1.30
16197,replay,4000,0.0375,1.000,0.0337,0.71
16198,replay,4000,0.0477,1.000,0.0337,0.71
16199,replay,4000,0.0414,1.000,0.0337,0.72
16200,replay,4000,0.0417,1.000,0.0336,0.72
16201,replay,4000,0.0370,1.000,0.0336,0.72
16202,replay,4000,0.0385,1.000,0.0336,0.71
16203,replay,4000,0.0822,1.000,0.0336,0.73
16204,replay,4000,0.0506,1.000,0.0335,0.72
16205,replay,4000,0.0624,1.000,0.0335,0.72
16206,replay,4000,0.0546,1.000,0.0335,0.73
16207,es_step,4000,0.0145,0.625,0.0335,1.32
16208,replay,4000,0.0559,1.000,0.0334,0.73
16209,replay,4000,0.0403,1.000,0.0334,0.73
16210,es_step,4000,0.0073,0.875,0.0334,1.31
16211,replay,4000,0.0522,1.000,0.0335,0.72
16212,replay,4000,0.0698,1.000,0.0335,0.72
16213,replay,4000,0.0479,1.000,0.0335,0.73
16214,replay,4000,0.0432,1.000,0.0335,0.73
16215,es_step,4000,0.0237,1.000,0.0335,1.31
16216,replay,4000,0.0410,1.000,0.0335,0.72
16217,replay,4000,0.0439,1.000,0.0335,0.72
16218,es_step,4000,0.0191,0.938,0.0335,1.31
16219,replay,4000,0.0467,1.000,0.0335,0.71
16220,replay,4000,0.0558,1.000,0.0335,0.72
16221,replay,4000,0.0354,1.000,0.0335,0.72
16222,es_step,4000,0.0213,0.875,0.0335,1.32
16223,es_step,4000,0.0136,0.875,0.0335,1.30
16224,es_step,4000,0.0222,0.875,0.0335,1.29
16225,replay,4000,0.0555,1.000,0.0335,0.72
16226,replay,4000,0.0583,1.000,0.0335,0.71
16227,replay,4000,0.0542,1.000,0.0335,0.71
16228,replay,4000,0.0468,1.000,0.0335,0.71
16229,replay,4000,0.0308,1.000,0.0334,0.72
16230,replay,4000,0.0365,1.000,0.0334,0.71
16231,replay,4000,0.0313,1.000,0.0333,0.72
16232,es_step,4000,0.0056,0.875,0.0333,1.30
16233,es_step,4000,-0.0074,1.000,0.0333,1.29
16234,replay,4000,0.0341,1.000,0.0333,0.72
16235,replay,4000,0.0162,1.000,0.0332,0.73
16236,replay,4000,0.0213,1.000,0.0331,0.74
16237,replay,4000,0.0219,1.000,0.0330,0.73
16238,es_step,4000,0.0071,0.875,0.0330,1.34
16239,replay,4000,0.0356,1.000,0.0330,0.72
16240,es_step,4000,-0.0139,0.875,0.0330,1.32
16241,replay,4000,0.0279,1.000,0.0329,0.72
16242,replay,4000,0.0319,1.000,0.0329,0.72
16243,es_step,4000,-0.0120,0.875,0.0329,1.30
16244,replay,4000,0.0329,1.000,0.0328,0.71
16245,replay,4000,0.0323,1.000,0.0328,0.72
16246,replay,4000,0.0401,1.000,0.0328,0.73
16247,replay,4000,0.0485,1.000,0.0328,0.73
16248,replay,4000,0.0460,1.000,0.0328,0.73
16249,es_step,4000,0.0291,1.000,0.0328,1.31
16250,es_step,4000,0.0208,0.938,0.0328,1.30
16251,replay,4000,0.0447,1.000,0.0327,0.72
16252,replay,4000,0.0356,1.000,0.0327,0.72
16253,replay,4000,0.0317,1.000,0.0327,0.72
16254,replay,4000,0.0440,1.000,0.0327,0.72
16255,replay,4000,0.0340,1.000,0.0327,0.73
16256,replay,4000,0.0371,1.000,0.0327,0.72
16257,replay,4000,0.0392,1.000,0.0328,0.73
16258,replay,4000,0.0484,1.000,0.0328,0.73
16259,replay,4000,0.0424,1.000,0.0328,0.73
16260,replay,4000,0.0421,1.000,0.0328,0.73
16261,replay,4000,0.0351,1.000,0.0328,0.73
16262,replay,4000,0.0590,1.000,0.0328,0.73
16263,replay,4000,0.0588,1.000,0.0329,0.74
16264,es_step,4000,0.0167,1.000,0.0329,3.55
16265,replay,4000,0.0657,1.000,0.0329,0.73
16266,es_step,4000,0.0285,0.875,0.0329,1.32
16267,replay,4000,0.0678,1.000,0.0329,0.72
16268,replay,4000,0.0650,1.000,0.0329,0.72
16269,es_step,4000,0.0094,0.812,0.0329,1.32
16270,es_step,4000,0.0239,1.000,0.0329,1.31
16271,replay,4000,0.0652,1.000,0.0330,0.72
16272,replay,4000,0.0656,1.000,0.0330,0.72
16273,es_step,4000,0.0208,0.875,0.0330,1.30
16274,replay,4000,0.0636,1.000,0.0330,0.72
16275,replay,4000,0.0719,1.000,0.0330,0.72
16276,replay,4000,0.0667,1.000,0.0331,0.72
16277,replay,4000,0.0610,1.000,0.0331,0.72
16278,replay,4000,0.0603,1.000,0.0331,0.72
16279,replay,4000,0.0586,1.000,0.0331,0.73
16280,replay,4000,0.0561,1.000,0.0331,0.73
16281,replay,4000,0.0542,1.000,0.0331,0.73
16282,es_step,4000,0.0022,1.000,0.0331,1.32
16283,replay,4000,0.0458,1.000,0.0332,0.72
16284,replay,4000,0.0200,1.000,0.0332,0.72
16285,replay,4000,0.0359,1.000,0.0331,0.74
16286,replay,4000,0.0237,1.000,0.0330,0.74
16287,replay,4000,0.0290,1.000,0.0330,0.73
16288,es_step,4000,-0.0116,0.875,0.0330,1.35
16289,replay,4000,0.0394,1.000,0.0329,0.73
16290,replay,4000,0.0339,1.000,0.0329,0.73
16291,replay,4000,0.0406,1.000,0.0328,0.73
16292,replay,4000,0.0302,1.000,0.0329,0.73
16293,es_step,4000,0.0240,0.938,0.0329,1.33
16294,es_step,4000,0.0341,0.812,0.0329,1.31
16295,es_step,4000,0.0242,0.875,0.0329,1.30
16296,replay,4000,0.0581,1.000,0.0329,0.72
16297,replay,4000,0.0559,1.000,0.0329,0.73
16298,es_step,4000,0.0205,0.688,0.0329,1.32
16299,replay,4000,0.0684,1.000,0.0330,0.72
16300,es_step,4000,0.0291,0.812,0.0330,1.30
16301,replay,4000,0.0677,1.000,0.0330,0.71
16302,es_step,4000,0.0144,0.812,0.0330,1.30
16303,replay,4000,0.0618,1.000,0.0330,0.71
16304,replay,4000,0.0389,1.000,0.0330,0.71
16305,replay,4000,0.0370,1.000,0.0329,0.72
16306,replay,4000,0.0386,1.000,0.0329,0.72
16307,replay,4000,0.0375,1.000,0.0329,0.72
16308,replay,4000,0.0571,1.000,0.0329,0.72
16309,es_step,4000,0.0062,0.750,0.0329,1.33
16310,replay,4000,0.0349,1.000,0.0328,0.72
16311,replay,4000,0.0311,1.000,0.0328,0.72
16312,replay,4000,0.0230,1.000,0.0328,0.71
16313,es_step,4000,0.0099,0.812,0.0328,1.30
16314,replay,4000,0.0345,1.000,0.0328,0.72
16315,es_step,4000,0.0203,0.938,0.0328,1.30
16316,replay,4000,0.0434,1.000,0.0328,0.72
16317,replay,4000,0.0473,1.000,0.0328,0.72
16318,replay,4000,0.0453,1.000,0.0328,0.72
16319,es_step,4000,0.0323,0.875,0.0328,1.30
16320,replay,4000,0.0443,1.000,0.0328,0.72
16321,es_step,4000,0.0145,0.938,0.0328,1.32
16322,replay,4000,0.0475,1.000,0.0328,0.72
16323,replay,4000,0.0514,1.000,0.0328,0.73
16324,replay,4000,0.0513,1.000,0.0328,0.72
16325,replay,4000,0.0559,1.000,0.0328,0.72
16326,replay,4000,0.0604,1.000,0.0328,0.72
16327,replay,4000,0.0497,1.000,0.0328,0.72
16328,replay,4000,0.0469,1.000,0.0328,0.72
16329,replay,4000,0.0694,1.000,0.0328,0.73
16330,replay,4000,0.0632,1.000,0.0329,0.73
16331,replay,4000,0.0811,1.000,0.0330,0.73
16332,es_step,4000,0.0392,0.750,0.0330,1.32
16333,es_step,4000,0.0434,0.812,0.0331,1.31
16334,replay,4000,0.0789,1.000,0.0332,0.71
16335,replay,4000,0.0791,1.000,0.0333,0.72
16336,replay,4000,0.0739,1.000,0.0334,0.72
16337,es_step,4000,0.0353,0.688,0.0334,1.30
16338,replay,4000,0.0608,1.000,0.0334,0.71
16339,replay,4000,0.0592,1.000,0.0334,0.71
16340,replay,4000,0.0505,1.000,0.0334,0.72
16341,replay,4000,0.0418,1.000,0.0334,0.72
16342,replay,4000,0.0410,1.000,0.0333,0.71
16343,replay,4000,0.0352,1.000,0.0333,0.72
16344,replay,4000,0.0288,1.000,0.0332,0.72
16345,es_step,4000,0.0057,0.875,0.0332,1.32
16346,es_step,4000,-0.0234,0.875,0.0332,1.29
16347,replay,4000,0.0246,1.000,0.0332,0.71
16348,replay,4000,0.0224,1.000,0.0331,0.71
16349,replay,4000,0.0180,1.000,0.0332,0.71
16350,replay,4000,0.0357,1.000,0.0331,0.72
16351,replay,4000,0.0256,1.000,0.0331,0.71
16352,replay,4000,0.0335,1.000,0.0330,0.72
16353,replay,4000,0.0273,1.000,0.0330,0.72
16354,replay,4000,0.0276,1.000,0.0330,0.72
16355,es_step,4000,0.0031,0.875,0.0330,1.31
16356,replay,4000,0.0296,1.000,0.0329,0.72
16357,replay,4000,0.0326,1.000,0.0329,0.73
16358,replay,4000,0.0578,1.000,0.0329,0.73
16359,replay,4000,0.0656,1.000,0.0329,0.73
16360,replay,4000,0.0539,1.000,0.0329,0.73
16361,replay,4000,0.0524,1.000,0.0330,0.73
16362,es_step,4000,0.0133,0.812,0.0330,1.31
16363,replay,4000,0.0517,1.000,0.0330,0.72
16364,replay,4000,0.0757,1.000,0.0330,0.72
16365,replay,4000,0.0715,1.000,0.0331,0.72
16366,replay,4000,0.0705,1.000,0.0331,0.72
16367,replay,4000,0.0723,1.000,0.0332,0.72
16368,replay,4000,0.0709,1.000,0.0332,0.72
16369,replay,4000,0.0470,1.000,0.0332,0.72
16370,replay,4000,0.0523,1.000,0.0332,0.73
16371,es_step,4000,0.0172,0.938,0.0332,1.32
16372,replay,4000,0.0484,1.000,0.0332,0.72
16373,es_step,4000,0.0115,0.938,0.0332,1.30
16374,replay,4000,0.0386,1.000,0.0331,0.71
16375,replay,4000,0.0358,1.000,0.0331,0.71
16376,replay,4000,0.0386,1.000,0.0331,0.71
16377,replay,4000,0.0168,1.000,0.0331,0.72
16378,replay,4000,0.0391,1.000,0.0330,0.72
16379,replay,4000,0.0409,1.000,0.0330,0.73
16380,replay,4000,0.0903,1.000,0.0331,0.72
16381,replay,4000,0.0886,1.000,0.0331,0.72
16382,replay,4000,0.1044,1.000,0.0332,0.72
16383,replay,4000,0.0859,1.000,0.0332,0.72
16384,es_step,4000,0.0525,0.875,0.0333,1.31
16385,replay,4000,0.0845,1.000,0.0333,0.72
16386,es_step,4000,0.0444,0.875,0.0334,1.32
16387,es_step,4000,0.0446,0.750,0.0335,1.29
16388,es_step,4000,0.0451,1.000,0.0335,1.28
16389,replay,4000,0.0864,1.000,0.0337,0.71
16390,replay,4000,0.1216,1.000,0.0338,0.72
16391,replay,4000,0.1091,1.000,0.0339,0.73
16392,replay,4000,0.1186,1.000,0.0340,0.73
16393,replay,4000,0.0939,1.000,0.0341,0.73
16394,replay,4000,0.0807,1.000,0.0342,0.73
16395,replay,4000,0.0756,1.000,0.0343,0.74
16396,replay,4000,0.0511,1.000,0.0343,0.75
16397,replay,4000,0.0691,1.000,0.0343,0.73
16398,replay,4000,0.0713,1.000,0.0343,0.74
16399,replay,4000,0.0580,1.000,0.0343,0.73
16400,replay,4000,0.0554,1.000,0.0343,0.73
16401,replay,4000,0.0487,1.000,0.0343,0.73
16402,replay,4000,0.0366,1.000,0.0343,0.74
16403,replay,4000,0.0426,1.000,0.0343,0.74
16404,replay,4000,0.0355,1.000,0.0342,0.74
16405,replay,4000,0.0418,1.000,0.0342,0.74
16406,replay,4000,0.0374,1.000,0.0342,0.74
16407,replay,4000,0.0356,1.000,0.0341,0.74
16408,es_step,4000,0.0229,1.000,0.0341,1.34
16409,es_step,4000,0.0191,0.938,0.0341,1.33
16410,replay,4000,0.0510,1.000,0.0341,0.72
16411,replay,4000,0.0668,1.000,0.0341,0.73
16412,replay,4000,0.0440,1.000,0.0341,0.73
16413,es_step,4000,0.0281,0.938,0.0341,1.32
16414,es_step,4000,0.0265,1.000,0.0341,1.31
16415,replay,4000,0.0101,1.000,0.0341,0.72
16416,es_step,4000,0.0321,1.000,0.0341,1.31
16417,replay,4000,0.0316,1.000,0.0340,0.72
16418,replay,4000,0.0710,1.000,0.0341,0.72
16419,replay,4000,0.0916,1.000,0.0341,0.72
16420,es_step,4000,0.0398,0.938,0.0341,1.30
16421,replay,4000,0.0913,1.000,0.0341,0.71
16422,replay,4000,0.0826,1.000,0.0342,0.73
16423,replay,4000,0.0803,1.000,0.0342,0.73
16424,es_step,4000,0.0406,0.875,0.0342,1.31
16425,replay,4000,-0.1450,1.000,0.0342,0.72
16426,replay,4000,0.0810,1.000,0.0344,0.72
16427,replay,4000,0.0882,1.000,0.0345,0.72
16428,replay,4000,0.0959,1.000,0.0346,0.72
16429,replay,4000,0.0961,1.000,0.0347,0.74
16430,es_step,4000,0.0532,0.938,0.0347,1.33
16431,replay,4000,0.0682,1.000,0.0347,0.72
16432,replay,4000,0.0745,1.000,0.0348,0.72
16433,replay,4000,0.0744,1.000,0.0347,0.72
16434,es_step,4000,0.0339,0.875,0.0347,1.31
16435,replay,4000,0.0639,1.000,0.0347,0.73
16436,replay,4000,0.0951,1.000,0.0347,0.72
16437,replay,4000,0.0926,1.000,0.0348,0.73
16438,replay,4000,0.0743,1.000,0.0348,0.71
16439,replay,4000,0.0942,1.000,0.0348,0.70
16440,replay,4000,0.0658,1.000,0.0348,0.69
16441,replay,4000,0.0564,1.000,0.0348,0.68
16442,replay,4000,0.0475,1.000,0.0347,0.68
16443,replay,4000,0.0498,1.000,0.0347,0.67
16444,replay,4000,0.0754,1.000,0.0348,0.66
16445,replay,4000,0.0685,1.000,0.0348,0.66
16446,es_step,4000,0.0250,0.812,0.0348,1.24
16447,replay,4000,0.0718,1.000,0.0348,0.67
16448,es_step,4000,0.0209,0.938,0.0348,1.26
16449,replay,4000,0.0311,1.000,0.0348,0.70
16450,replay,4000,0.0684,1.000,0.0348,0.71
16451,replay,4000,0.0726,1.000,0.0348,0.71
16452,replay,4000,0.0518,1.000,0.0348,0.71
16453,replay,4000,0.0646,1.000,0.0348,0.73
16454,replay,4000,0.0576,1.000,0.0349,0.73
16455,replay,4000,0.0393,1.000,0.0349,0.73
16456,replay,4000,0.0444,1.000,0.0349,0.73
16457,replay,4000,0.0459,1.000,0.0349,0.74
16458,replay,4000,0.0479,1.000,0.0349,0.74
16459,es_step,4000,0.0258,1.000,0.0349,1.32
16460,es_step,4000,0.0252,0.938,0.0349,1.29
16461,replay,4000,0.0517,1.000,0.0349,0.71
16462,replay,4000,0.0719,1.000,0.0349,0.73
16463,replay,4000,0.0398,1.000,0.0348,0.73
16464,replay,4000,0.0613,1.000,0.0349,0.73
16465,replay,4000,0.0610,1.000,0.0349,0.72
16466,replay,4000,0.0497,1.000,0.0349,0.73
16467,replay,4000,0.0435,1.000,0.0349,0.72
16468,replay,4000,0.0530,1.000,0.0349,0.73
16469,replay,4000,0.0809,1.000,0.0349,0.73
16470,replay,4000,0.0508,1.000,0.0349,0.74
16471,replay,4000,0.0742,1.000,0.0349,0.75
16472,es_step,4000,0.0401,1.000,0.0349,1.31
16473,replay,4000,0.0753,1.000,0.0350,0.72
16474,replay,4000,0.0746,1.000,0.0350,0.73
16475,replay,4000,0.0681,1.000,0.0351,0.73
16476,replay,4000,0.0543,1.000,0.0351,0.74
16477,es_step,4000,0.0249,0.812,0.0351,1.34
16478,replay,4000,0.0516,1.000,0.0351,0.73
16479,replay,4000,0.0463,1.000,0.0350,0.75
16480,replay,4000,0.0312,1.000,0.0350,0.74
16481,es_step,4000,0.0180,0.875,0.0350,1.34
16482,es_step,4000,0.0239,1.000,0.0350,1.32
16483,replay,4000,0.0452,1.000,0.0350,0.72
16484,replay,4000,0.0311,1.000,0.0350,0.72
16485,replay,4000,0.0348,1.000,0.0349,0.73
16486,replay,4000,0.0480,1.000,0.0349,0.73
16487,es_step,4000,0.0319,0.938,0.0349,1.33
16488,es_step,4000,0.0275,1.000,0.0349,1.32
16489,replay,4000,0.0433,1.000,0.0349,0.72
16490,replay,4000,0.0560,1.000,0.0349,0.72
16491,es_step,4000,0.0308,1.000,0.0349,1.32
16492,replay,4000,0.0538,1.000,0.0349,0.72
16493,replay,4000,0.0552,1.000,0.0349,0.72
16494,replay,4000,0.0536,1.000,0.0349,0.73
16495,replay,4000,0.0501,1.000,0.0349,0.72
16496,replay,4000,0.0287,1.000,0.0349,0.73
16497,replay,4000,0.0487,1.000,0.0348,0.73
16498,replay,4000,0.0534,1.000,0.0348,0.73
16499,replay,4000,0.0573,1.000,0.0348,0.73
16500,replay,4000,0.0350,1.000,0.0348,0.73
16501,replay,4000,0.0404,1.000,0.0348,0.73
16502,replay,4000,0.0358,1.000,0.0347,0.73
16503,replay,4000,0.0455,1.000,0.0347,0.73
16504,replay,4000,0.0324,1.000,0.0347,0.73
16505,replay,4000,0.0485,1.000,0.0347,0.73
16506,replay,4000,0.0584,1.000,0.0347,0.74
16507,replay,4000,0.0380,1.000,0.0347,0.74
16508,replay,4000,0.0351,1.000,0.0346,0.74
16509,replay,4000,0.0344,1.000,0.0346,0.74
16510,replay,4000,0.0425,1.000,0.0346,0.74
16511,es_step,4000,0.0146,1.000,0.0346,1.34
16512,es_step,4000,0.0219,0.812,0.0346,1.35
16513,replay,4000,0.0304,1.000,0.0346,0.73
16514,replay,4000,0.0398,1.000,0.0345,0.73
16515,replay,4000,0.0332,1.000,0.0345,0.73
16516,es_step,4000,0.0107,0.875,0.0345,1.34
16517,replay,4000,0.0281,1.000,0.0344,0.72
16518,replay,4000,0.0403,1.000,0.0344,0.73
16519,replay,4000,0.0504,1.000,0.0344,0.73
16520,es_step,4000,0.0237,1.000,0.0344,1.33
16521,replay,4000,0.0533,1.000,0.0344,0.72
16522,es_step,4000,0.0304,0.938,0.0344,1.33
16523,replay,4000,0.0442,1.000,0.0344,0.72
16524,replay,4000,0.0543,1.000,0.0343,0.72
16525,replay,4000,0.0399,1.000,0.0344,0.72
16526,replay,4000,0.0709,1.000,0.0344,0.72
16527,replay,4000,0.0738,1.000,0.0346,0.72
16528,replay,4000,0.0905,1.000,0.0346,0.73
16529,replay,4000,0.0740,1.000,0.0346,0.72
16530,replay,4000,0.0726,1.000,0.0347,0.72
16531,replay,4000,0.0632,1.000,0.0347,0.73
16532,replay,4000,0.0531,1.000,0.0347,0.72
16533,replay,4000,0.0259,1.000,0.0346,0.73
16534,replay,4000,0.0428,1.000,0.0346,0.72
16535,replay,4000,0.0329,1.000,0.0346,0.72
16536,replay,4000,0.0363,1.000,0.0345,0.73
16537,replay,4000,0.0315,1.000,0.0345,0.72
16538,es_step,4000,0.0209,0.938,0.0345,1.32
16539,replay,4000,0.0407,1.000,0.0345,0.72
16540,replay,4000,0.0468,1.000,0.0344,0.72
16541,replay,4000,0.0358,1.000,0.0344,0.72
16542,replay,4000,0.0497,1.000,0.0344,0.72
16543,replay,4000,0.0423,1.000,0.0344,0.73
16544,replay,4000,0.0765,1.000,0.0345,0.74
16545,replay,4000,0.0523,1.000,0.0344,0.74
16546,replay,4000,0.0687,1.000,0.0344,0.74
16547,replay,4000,0.0637,1.000,0.0344,0.74
16548,replay,4000,0.0658,1.000,0.0345,0.75
16549,replay,4000,0.0663,1.000,0.0345,0.74
16550,es_step,4000,0.0234,1.000,0.0345,1.34
16551,replay,4000,0.0637,1.000,0.0345,0.73
16552,replay,4000,0.0663,1.000,0.0345,0.74
16553,replay,4000,0.0505,1.000,0.0345,0.74
16554,replay,4000,0.0676,1.000,0.0345,0.73
16555,replay,4000,0.0664,1.000,0.0345,0.74
16556,replay,4000,0.0690,1.000,0.0345,0.73
16557,replay,4000,0.0613,1.000,0.0345,0.73
16558,replay,4000,0.0542,1.000,0.0345,0.74
16559,replay,4000,0.0440,1.000,0.0345,0.73
16560,replay,4000,0.0391,1.000,0.0345,0.74
16561,replay,4000,0.0395,1.000,0.0344,0.74
16562,replay,4000,0.0403,1.000,0.0344,0.74
16563,es_step,4000,0.0192,0.938,0.0344,1.37
16564,es_step,4000,0.0141,1.000,0.0344,1.34
16565,replay,4000,0.0286,1.000,0.0344,0.73
16566,es_step,4000,0.0133,0.875,0.0344,3.60
16567,replay,4000,0.0179,1.000,0.0343,0.73
16568,replay,4000,0.0172,1.000,0.0343,0.74
16569,replay,4000,0.0438,1.000,0.0343,0.73
16570,replay,4000,0.0659,1.000,0.0343,0.73
16571,es_step,4000,0.0128,0.875,0.0343,1.33
16572,es_step,4000,0.0284,0.875,0.0343,1.31
16573,es_step,4000,0.0292,0.875,0.0343,1.31
16574,replay,4000,0.0605,1.000,0.0343,0.72
16575,replay,4000,0.0544,1.000,0.0343,0.72
16576,replay,4000,0.0609,1.000,0.0343,0.72
16577,es_step,4000,0.0345,0.938,0.0344,1.31
16578,es_step,4000,0.0373,1.000,0.0344,1.31
16579,replay,4000,0.0665,1.000,0.0344,0.72
16580,replay,4000,0.0773,1.000,0.0345,0.73
16581,replay,4000,0.0737,1.000,0.0345,0.73
16582,replay,4000,0.0727,1.000,0.0345,0.73
16583,es_step,4000,0.0410,1.000,0.0345,1.33
16584,replay,4000,0.0710,1.000,0.0346,0.72
16585,replay,4000,0.0523,1.000,0.0346,0.74
16586,es_step,4000,0.0395,0.938,0.0346,1.32
16587,replay,4000,0.0584,1.000,0.0346,0.72
16588,replay,4000,0.0621,1.000,0.0346,0.73
16589,replay,4000,0.0534,1.000,0.0346,0.72
16590,replay,4000,0.0463,1.000,0.0346,0.72
16591,replay,4000,0.0524,1.000,0.0346,0.74
16592,replay,4000,0.0451,1.000,0.0345,0.74
16593,replay,4000,0.0408,1.000,0.0345,0.73
16594,es_step,4000,0.0266,0.938,0.0345,1.33
16595,replay,4000,0.0449,1.000,0.0345,0.72
16596,es_step,4000,0.0260,0.812,0.0345,1.31
16597,replay,4000,0.0375,1.000,0.0345,0.72
16598,replay,4000,0.0453,1.000,0.0344,0.73
16599,replay,4000,0.0587,1.000,0.0344,0.73
16600,replay,4000,0.0540,1.000,0.0344,0.72
16601,es_step,4000,0.0279,0.938,0.0344,1.33
16602,replay,4000,0.0423,1.000,0.0344,0.72
16603,replay,4000,0.0541,1.000,0.0344,0.73
16604,es_step,4000,0.0049,1.000,0.0344,1.32
16605,replay,4000,0.0564,1.000,0.0344,0.72
16606,replay,4000,0.0403,1.000,0.0344,0.72
16607,replay,4000,0.0753,1.000,0.0343,0.72
16608,replay,4000,0.0654,1.000,0.0343,0.72
16609,replay,4000,0.0501,1.000,0.0343,0.73
16610,es_step,4000,0.0200,0.625,0.0343,1.32
16611,replay,4000,0.0523,1.000,0.0343,0.72
16612,replay,4000,0.0369,1.000,0.0343,0.72
16613,replay,4000,0.0622,1.000,0.0342,0.73
16614,replay,4000,0.0542,1.000,0.0342,0.73
16615,replay,4000,0.0377,1.000,0.0342,0.72
16616,es_step,4000,0.0048,0.875,0.0342,1.33
16617,replay,4000,0.0416,1.000,0.0341,0.72
16618,replay,4000,0.0135,1.000,0.0340,0.72
16619,replay,4000,0.0167,1.000,0.0340,0.73
16620,replay,4000,0.0269,1.000,0.0339,0.74
16621,replay,4000,0.0310,1.000,0.0339,0.74
16622,es_step,4000,0.0117,0.812,0.0339,1.34
16623,es_step,4000,0.0011,0.875,0.0339,1.31
16624,replay,4000,0.0306,1.000,0.0338,0.72
16625,replay,4000,0.0468,1.000,0.0337,0.72
16626,replay,4000,0.0337,1.000,0.0337,0.72
16627,replay,4000,0.0326,1.000,0.0336,0.72
16628,replay,4000,0.0364,1.000,0.0336,0.72
16629,replay,4000,0.0507,1.000,0.0336,0.72
16630,replay,4000,0.0583,1.000,0.0336,0.73
16631,replay,4000,0.0427,1.000,0.0336,0.73
16632,es_step,4000,0.0204,0.750,0.0336,1.32
16633,replay,4000,0.0416,1.000,0.0336,0.72
16634,replay,4000,0.0246,1.000,0.0335,0.73
16635,replay,4000,0.0479,1.000,0.0335,0.73
16636,es_step,4000,0.0159,0.688,0.0335,1.32
16637,replay,4000,0.0380,1.000,0.0335,0.72
16638,replay,4000,0.0434,1.000,0.0334,0.73
16639,replay,4000,0.0583,1.000,0.0334,0.72
16640,replay,4000,0.0573,1.000,0.0334,0.72
16641,es_step,4000,0.0137,0.562,0.0334,1.32
16642,replay,4000,0.0552,1.000,0.0334,0.73
16643,replay,4000,0.0497,1.000,0.0336,0.73
16644,replay,4000,0.0640,1.000,0.0336,0.73
16645,replay,4000,0.0657,1.000,0.0336,0.73
16646,replay,4000,0.0525,1.000,0.0336,0.73
16647,replay,4000,0.0829,1.000,0.0336,0.73
16648,es_step,4000,0.0283,0.938,0.0336,1.32
16649,es_step,4000,0.0196,0.875,0.0336,1.31
16650,replay,4000,0.0714,1.000,0.0337,0.72
16651,replay,4000,0.0615,1.000,0.0337,0.72
16652,es_step,4000,0.0180,0.812,0.0337,1.31
16653,replay,4000,0.0681,1.000,0.0337,0.73
16654,replay,4000,0.0615,1.000,0.0338,0.73
16655,replay,4000,0.0718,1.000,0.0338,0.73
16656,replay,4000,0.0488,1.000,0.0338,0.73
16657,replay,4000,0.0689,1.000,0.0338,0.73
16658,replay,4000,0.0678,1.000,0.0338,0.73
16659,replay,4000,0.0678,1.000,0.0338,0.73
16660,replay,4000,0.0596,1.000,0.0338,0.73
16661,es_step,4000,0.0217,0.812,0.0338,1.33
16662,replay,4000,0.0552,1.000,0.0338,0.72
16663,replay,4000,0.0443,1.000,0.0338,0.73
16664,replay,4000,0.0653,1.000,0.0338,0.73
16665,replay,4000,0.0309,1.000,0.0338,0.73
16666,replay,4000,0.0310,1.000,0.0337,0.73
16667,replay,4000,0.0329,1.000,0.0337,0.73
16668,replay,4000,0.0341,1.000,0.0336,0.73
16669,replay,4000,0.0330,1.000,0.0336,0.73
16670,replay,4000,0.0332,1.000,0.0336,0.73
16671,es_step,4000,0.0019,0.938,0.0336,1.33
16672,replay,4000,0.0276,1.000,0.0335,0.72
16673,replay,4000,0.0310,1.000,0.0335,0.72
16674,es_step,4000,-0.0019,0.938,0.0335,1.32
16675,es_step,4000,0.0023,0.938,0.0335,1.31
16676,replay,4000,0.0286,1.000,0.0334,0.72
16677,replay,4000,0.0428,1.000,0.0334,0.71
16678,es_step,4000,0.0071,1.000,0.0334,1.30
16679,replay,4000,0.0243,1.000,0.0333,0.72
16680,replay,4000,0.0315,1.000,0.0333,0.71
16681,es_step,4000,0.0162,0.875,0.0333,1.30
16682,replay,4000,0.0367,1.000,0.0333,0.72
16683,replay,4000,0.0499,1.000,0.0333,0.72
16684,replay,4000,0.0552,1.000,0.0333,0.72
16685,replay,4000,0.0509,1.000,0.0333,0.72
16686,es_step,4000,0.0092,0.938,0.0333,1.31
16687,replay,4000,0.0508,1.000,0.0333,0.72
16688,replay,4000,0.0505,1.000,0.0332,0.72
16689,replay,4000,0.0468,1.000,0.0332,0.72
16690,replay,4000,0.0336,1.000,0.0332,0.72
16691,replay,4000,0.0302,1.000,0.0331,0.72
16692,replay,4000,0.0499,1.000,0.0331,0.72
16693,replay,4000,0.0494,1.000,0.0331,0.72
16694,es_step,4000,0.0078,0.938,0.0331,1.30
16695,es_step,4000,0.0186,0.750,0.0331,1.30
16696,replay,4000,0.0398,1.000,0.0331,0.71
16697,replay,4000,0.0301,1.000,0.0330,0.71
16698,replay,4000,0.0530,1.000,0.0330,0.71
16699,replay,4000,0.0404,1.000,0.0330,0.72
16700,replay,4000,0.0378,1.000,0.0330,0.71
16701,es_step,4000,0.0241,0.938,0.0330,1.31
16702,es_step,4000,0.0231,0.875,0.0330,1.29
16703,replay,4000,0.0794,1.000,0.0330,0.72
16704,es_step,4000,0.0246,0.938,0.0330,1.30
16705,replay,4000,0.0939,1.000,0.0330,0.71
16706,replay,4000,0.0844,1.000,0.0331,0.72
16707,replay,4000,0.0918,1.000,0.0331,0.72
16708,replay,4000,0.0874,1.000,0.0332,0.72
16709,replay,4000,0.0765,1.000,0.0333,0.73
16710,replay,4000,0.0730,1.000,0.0333,0.73
16711,replay,4000,0.0747,1.000,0.0334,0.74
16712,replay,4000,0.0738,1.000,0.0334,0.74
16713,es_step,4000,0.0286,1.000,0.0334,1.33
16714,replay,4000,0.0662,1.000,0.0335,0.72
16715,replay,4000,0.0616,1.000,0.0335,0.73
16716,es_step,4000,0.0228,0.875,0.0335,1.32
16717,replay,4000,0.0464,1.000,0.0335,0.72
16718,replay,4000,0.0461,1.000,0.0334,0.73
16719,replay,4000,0.0437,1.000,0.0336,0.73
16720,replay,4000,0.0479,1.000,0.0336,0.72
16721,replay,4000,0.0485,1.000,0.0336,0.73
16722,replay,4000,0.0556,1.000,0.0336,0.72
16723,replay,4000,0.0478,1.000,0.0336,0.72
16724,es_step,4000,0.0238,0.938,0.0336,1.32
16725,replay,4000,0.0467,1.000,0.0336,0.72
16726,replay,4000,0.0729,1.000,0.0336,0.73
16727,replay,4000,0.0482,1.000,0.0336,0.73
16728,replay,4000,0.0496,1.000,0.0336,0.72
16729,replay,4000,0.0408,1.000,0.0336,0.72
16730,replay,4000,0.0605,1.000,0.0336,0.73
16731,replay,4000,0.0281,1.000,0.0336,0.72
16732,replay,4000,0.0698,1.000,0.0337,0.72
16733,replay,4000,0.0759,1.000,0.0337,0.72
16734,replay,4000,0.0767,1.000,0.0338,0.72
16735,replay,4000,0.0755,1.000,0.0338,0.72
16736,replay,4000,0.0697,1.000,0.0339,0.72
16737,replay,4000,0.0727,1.000,0.0339,0.73
16738,replay,4000,0.0484,1.000,0.0339,0.73
16739,es_step,4000,0.0310,1.000,0.0339,1.33
16740,replay,4000,0.0593,1.000,0.0340,0.72
16741,es_step,4000,0.0324,0.938,0.0340,1.32
16742,es_step,4000,0.0244,0.938,0.0340,1.31
16743,replay,4000,0.0579,1.000,0.0340,0.72
16744,replay,4000,0.0593,1.000,0.0340,0.72
16745,replay,4000,0.0496,1.000,0.0340,0.72
16746,replay,4000,0.0410,1.000,0.0340,0.72
16747,es_step,4000,0.0123,0.812,0.0340,1.31
16748,replay,4000,0.0386,1.000,0.0340,0.72
16749,replay,4000,0.0596,1.000,0.0340,0.73
16750,replay,4000,0.0896,1.000,0.0340,0.72
16751,es_step,4000,0.0177,1.000,0.0340,1.31
16752,replay,4000,0.0789,1.000,0.0340,0.71
16753,replay,4000,0.0710,1.000,0.0341,0.72
16754,replay,4000,0.0799,1.000,0.0341,0.72
16755,replay,4000,0.0497,1.000,0.0341,0.71
16756,replay,4000,0.0821,1.000,0.0342,0.72
16757,es_step,4000,0.0329,1.000,0.0342,1.30
16758,replay,4000,0.0626,1.000,0.0342,0.72
16759,replay,4000,0.0782,1.000,0.0343,0.72
16760,es_step,4000,0.0282,0.938,0.0343,1.31
16761,replay,4000,0.0621,1.000,0.0343,0.71
16762,replay,4000,0.0537,1.000,0.0343,0.71
16763,replay,4000,0.0562,1.000,0.0343,0.71
16764,replay,4000,0.0370,1.000,0.0343,0.71
16765,replay,4000,0.0527,1.000,0.0343,0.71
16766,replay,4000,0.0823,1.000,0.0344,0.71
16767,replay,4000,0.0714,1.000,0.0344,0.71
16768,replay,4000,0.0695,1.000,0.0344,0.71
16769,replay,4000,0.0511,1.000,0.0343,0.72
16770,replay,4000,0.0699,1.000,0.0343,0.72
16771,replay,4000,0.0655,1.000,0.0343,0.72
16772,replay,4000,0.0619,1.000,0.0343,0.72
16773,replay,4000,0.0619,1.000,0.0343,0.71
16774,replay,4000,0.0546,1.000,0.0343,0.72
16775,replay,4000,0.0371,1.000,0.0343,0.72
16776,replay,4000,0.0328,1.000,0.0343,0.72
16777,replay,4000,0.0307,1.000,0.0342,0.72
16778,replay,4000,0.0267,1.000,0.0342,0.73
16779,replay,4000,0.0140,1.000,0.0341,0.73
16780,replay,4000,0.0239,1.000,0.0341,0.73
16781,replay,4000,0.0330,1.000,0.0340,0.74
16782,es_step,4000,-0.0149,0.812,0.0340,1.32
16783,replay,4000,0.0265,1.000,0.0340,0.73
16784,replay,4000,0.0223,1.000,0.0339,0.73
16785,es_step,4000,0.0034,0.750,0.0339,1.31
16786,replay,4000,0.0303,1.000,0.0338,0.73
16787,replay,4000,0.0341,1.000,0.0338,0.73
16788,replay,4000,0.0307,1.000,0.0337,0.73
16789,replay,4000,0.0234,1.000,0.0337,0.73
16790,replay,4000,0.0325,1.000,0.0336,0.73
16791,replay,4000,0.0473,1.000,0.0336,0.73
16792,replay,4000,0.0181,1.000,0.0335,0.73
16793,replay,4000,0.0298,1.000,0.0335,0.73
16794,replay,4000,0.0545,1.000,0.0335,0.74
16795,replay,4000,-0.0109,1.000,0.0335,0.73
16796,replay,4000,0.0705,1.000,0.0335,0.73
16797,replay,4000,0.0620,1.000,0.0335,0.73
16798,replay,4000,0.0672,1.000,0.0335,0.73
16799,replay,4000,0.0631,1.000,0.0336,0.73
16800,replay,4000,0.0672,1.000,0.0336,0.73
16801,replay,4000,0.0664,1.000,0.0336,0.73
16802,replay,4000,0.0567,1.000,0.0336,0.73
16803,es_step,4000,0.0259,0.938,0.0336,1.34
16804,replay,4000,0.0500,1.000,0.0336,0.74
16805,replay,4000,0.0725,1.000,0.0336,0.74
16806,replay,4000,0.0743,1.000,0.0337,0.73
16807,es_step,4000,0.0351,0.812,0.0337,1.34
16808,replay,4000,0.0683,1.000,0.0338,0.72
16809,replay,4000,0.0788,1.000,0.0338,0.72
16810,replay,4000,0.0623,1.000,0.0338,0.72
16811,es_step,4000,0.0249,0.812,0.0338,1.33
16812,replay,4000,0.0479,1.000,0.0338,0.72
16813,replay,4000,0.0619,1.000,0.0339,0.73
16814,replay,4000,0.0534,1.000,0.0339,0.73
16815,replay,4000,0.0623,1.000,0.0339,0.73
16816,replay,4000,0.0490,1.000,0.0339,0.72
16817,replay,4000,0.0669,1.000,0.0339,0.72
16818,replay,4000,0.0483,1.000,0.0339,0.72
16819,replay,4000,0.0612,1.000,0.0339,0.73
16820,es_step,4000,0.0265,0.938,0.0339,1.33
16821,es_step,4000,0.0288,0.875,0.0339,1.33
16822,es_step,4000,0.0249,1.000,0.0339,1.32
16823,replay,4000,0.0545,1.000,0.0339,0.72
16824,replay,4000,0.0483,1.000,0.0339,0.74
16825,replay,4000,0.0345,1.000,0.0339,0.74
16826,replay,4000,0.0655,1.000,0.0339,0.72
16827,es_step,4000,0.0442,0.750,0.0339,1.33
16828,replay,4000,0.0654,1.000,0.0339,0.72
16829,replay,4000,0.0650,1.000,0.0340,0.73
16830,replay,4000,0.0771,1.000,0.0341,0.73
16831,es_step,4000,0.0193,1.000,0.0341,1.32
16832,es_step,4000,0.0250,0.938,0.0341,1.32
16833,replay,4000,0.0661,1.000,0.0341,0.73
16834,replay,4000,0.0610,1.000,0.0341,0.73
16835,replay,4000,0.0554,1.000,0.0343,0.72
16836,replay,4000,0.0615,1.000,0.0343,0.72
16837,replay,4000,0.0335,1.000,0.0341,0.72
16838,replay,4000,0.0458,1.000,0.0341,0.72
16839,es_step,4000,0.0201,1.000,0.0341,1.32
16840,replay,4000,0.0522,1.000,0.0341,0.72
16841,replay,4000,0.0525,1.000,0.0341,0.72
16842,es_step,4000,0.0177,0.938,0.0341,1.31
16843,es_step,4000,0.0158,1.000,0.0341,1.31
16844,replay,4000,0.0517,1.000,0.0341,0.72
16845,replay,4000,0.0526,1.000,0.0341,0.72
16846,replay,4000,0.0384,1.000,0.0340,0.72
16847,replay,4000,0.0411,1.000,0.0340,0.72
16848,es_step,4000,0.0119,0.938,0.0340,1.31
16849,replay,4000,0.0374,1.000,0.0340,0.71
16850,es_step,4000,-0.0084,0.812,0.0340,1.30
16851,replay,4000,0.0350,1.000,0.0340,0.72
16852,es_step,4000,0.0142,0.875,0.0340,1.29
16853,replay,4000,0.0385,1.000,0.0339,0.71
16854,replay,4000,0.0358,1.000,0.0339,0.71
16855,es_step,4000,0.0218,1.000,0.0339,1.29
16856,replay,4000,0.0361,1.000,0.0339,0.73
16857,es_step,4000,0.0215,0.938,0.0339,1.32
16858,replay,4000,0.0459,1.000,0.0339,0.73
16859,es_step,4000,0.0199,0.938,0.0339,1.31
16860,es_step,4000,0.0188,0.875,0.0339,1.30
16861,replay,4000,0.0427,1.000,0.0339,0.71
16862,replay,4000,0.0396,1.000,0.0338,0.71
16863,replay,4000,0.0477,1.000,0.0339,2.97
16864,replay,4000,0.0556,1.000,0.0339,0.73
16865,es_step,4000,0.0262,1.000,0.0339,1.31
16866,es_step,4000,0.0253,1.000,0.0339,1.31
16867,replay,4000,0.0656,1.000,0.0339,0.71
16868,replay,4000,0.0823,1.000,0.0340,0.73
16869,replay,4000,0.0816,1.000,0.0341,0.71
16870,replay,4000,0.0852,1.000,0.0341,0.71
16871,replay,4000,0.0766,1.000,0.0342,0.72
16872,es_step,4000,0.0492,1.000,0.0342,1.32
16873,replay,4000,0.0691,1.000,0.0343,0.72
16874,replay,4000,0.0842,1.000,0.0344,0.73
16875,replay,4000,0.0880,1.000,0.0345,0.74
16876,es_step,4000,0.0461,1.000,0.0346,1.35
16877,replay,4000,0.0844,1.000,0.0347,0.73
16878,replay,4000,0.0754,1.000,0.0347,0.73
16879,es_step,4000,0.0360,0.938,0.0347,1.33
16880,replay,4000,0.0734,1.000,0.0347,0.72
16881,replay,4000,0.0648,1.000,0.0348,0.73
16882,replay,4000,0.0706,1.000,0.0348,0.74
16883,replay,4000,0.0498,1.000,0.0347,0.73
16884,replay,4000,0.0583,1.000,0.0347,0.73
16885,replay,4000,0.0365,1.000,0.0347,0.73
16886,replay,4000,0.0442,1.000,0.0347,0.74
16887,replay,4000,0.0427,1.000,0.0346,0.73
16888,replay,4000,0.0356,1.000,0.0346,0.73
16889,replay,4000,0.0343,1.000,0.0345,0.74
16890,replay,4000,0.0388,1.000,0.0345,0.73
16891,replay,4000,0.0287,1.000,0.0345,0.73
16892,replay,4000,0.0354,1.000,0.0344,0.73
16893,replay,4000,0.0260,1.000,0.0343,0.73
16894,replay,4000,0.0379,1.000,0.0343,0.73
16895,replay,4000,0.0267,1.000,0.0343,0.73
16896,es_step,4000,0.0096,0.938,0.0343,1.35
16897,replay,4000,0.0330,1.000,0.0342,0.73
16898,es_step,4000,0.0001,0.938,0.0342,1.33
16899,replay,4000,0.0385,1.000,0.0342,0.73
16900,replay,4000,0.0334,1.000,0.0341,0.72
16901,es_step,4000,0.0015,0.875,0.0341,1.32
16902,replay,4000,0.0461,1.000,0.0341,0.72
16903,replay,4000,0.0317,1.000,0.0341,0.72
16904,replay,4000,0.0390,1.000,0.0340,0.71
16905,replay,4000,0.0372,1.000,0.0340,0.71
16906,replay,4000,0.0439,1.000,0.0340,0.71
16907,replay,4000,0.0413,1.000,0.0340,0.72
16908,es_step,4000,0.0189,1.000,0.0340,1.30
16909,es_step,4000,0.0152,0.875,0.0340,1.29
16910,replay,4000,0.0470,1.000,0.0340,0.71
16911,replay,4000,0.0332,1.000,0.0340,0.71
16912,replay,4000,0.0214,1.000,0.0338,0.71
16913,replay,4000,0.0365,1.000,0.0338,0.71
16914,replay,4000,0.0500,1.000,0.0337,0.71
16915,replay,4000,0.0310,1.000,0.0338,0.71
16916,replay,4000,0.0379,1.000,0.0338,0.71
16917,replay,4000,0.0517,1.000,0.0338,0.71
16918,es_step,4000,0.0081,1.000,0.0338,1.29
16919,replay,4000,0.0305,1.000,0.0337,0.71
16920,es_step,4000,0.0112,0.938,0.0337,1.29
16921,es_step,4000,-0.0002,0.938,0.0337,1.28
16922,replay,4000,0.0202,1.000,0.0336,0.72
16923,replay,4000,0.0318,1.000,0.0335,0.71
16924,replay,4000,0.0458,1.000,0.0335,0.71
16925,replay,4000,0.0529,1.000,0.0335,0.71
16926,replay,4000,0.0369,1.000,0.0335,0.71
16927,replay,4000,0.0340,1.000,0.0336,0.71
16928,replay,4000,0.0540,1.000,0.0336,0.71
16929,replay,4000,0.0562,1.000,0.0336,0.70
16930,replay,4000,0.0626,1.000,0.0336,0.71
16931,replay,4000,0.0580,1.000,0.0336,0.72
16932,es_step,4000,0.0154,0.875,0.0336,1.30
16933,es_step,4000,0.0227,1.000,0.0336,1.28
16934,replay,4000,0.0479,1.000,0.0336,0.71
16935,replay,4000,0.0373,1.000,0.0336,0.70
16936,es_step,4000,0.0111,1.000,0.0336,1.28
16937,es_step,4000,0.0033,0.875,0.0336,1.27
16938,es_step,4000,0.0025,0.875,0.0336,1.27
16939,replay,4000,0.0676,1.000,0.0336,0.70
16940,es_step,4000,0.0176,1.000,0.0336,1.28
16941,replay,4000,0.0505,1.000,0.0336,0.70
16942,replay,4000,0.0617,1.000,0.0336,0.71
16943,replay,4000,0.0480,1.000,0.0336,0.71
16944,es_step,4000,0.0106,0.875,0.0336,1.29
16945,replay,4000,0.0673,1.000,0.0337,0.70
16946,replay,4000,0.0730,1.000,0.0337,0.72
16947,replay,4000,0.0519,1.000,0.0337,0.83
16948,es_step,4000,0.0004,0.938,0.0337,1.29
16949,replay,4000,0.0621,1.000,0.0337,0.71
16950,replay,4000,0.0618,1.000,0.0338,0.71
16951,es_step,4000,0.0145,0.938,0.0338,1.29
16952,es_step,4000,0.0171,0.938,0.0338,1.28
16953,es_step,4000,0.0138,0.938,0.0338,1.27
16954,replay,4000,0.0406,1.000,0.0338,0.70
16955,replay,4000,0.0650,1.000,0.0338,0.70
16956,replay,4000,0.0558,1.000,0.0338,0.70
16957,replay,4000,0.0564,1.000,0.0338,0.70
16958,replay,4000,0.0566,1.000,0.0338,0.70
16959,replay,4000,0.0481,1.000,0.0337,0.70
16960,replay,4000,0.0488,1.000,0.0337,0.70
16961,replay,4000,0.0429,1.000,0.0337,0.70
16962,replay,4000,0.0428,1.000,0.0337,0.70
16963,replay,4000,0.0432,1.000,0.0337,0.70
16964,replay,4000,0.0390,1.000,0.0337,0.70
16965,replay,4000,0.0318,1.000,0.0336,0.70
16966,es_step,4000,0.0083,1.000,0.0337,1.28
16967,replay,4000,0.0344,1.000,0.0336,0.71
16968,replay,4000,0.0394,1.000,0.0336,0.71
16969,replay,4000,0.0528,1.000,0.0336,0.71
16970,replay,4000,0.0480,1.000,0.0336,0.71
16971,es_step,4000,0.0007,1.000,0.0336,1.30
16972,replay,4000,0.0441,1.000,0.0336,0.71
16973,replay,4000,0.0253,1.000,0.0335,0.71
16974,es_step,4000,-0.0102,0.938,0.0335,1.28
16975,replay,4000,0.0176,1.000,0.0335,0.70
16976,replay,4000,0.0233,1.000,0.0334,0.70
16977,replay,4000,0.0273,1.000,0.0334,0.71
16978,replay,4000,0.0295,1.000,0.0334,0.71
16979,replay,4000,0.0580,1.000,0.0334,0.71
16980,replay,4000,0.0581,1.000,0.0333,0.71
16981,es_step,4000,-0.0085,0.938,0.0333,1.28
16982,replay,4000,0.0399,1.000,0.0333,0.70
16983,replay,4000,0.0415,1.000,0.0333,0.71
16984,replay,4000,0.0479,1.000,0.0333,0.71
16985,replay,4000,0.0453,1.000,0.0332,0.72
16986,es_step,4000,0.0134,0.938,0.0332,1.30
16987,replay,4000,0.0307,1.000,0.0332,0.71
16988,replay,4000,0.0466,1.000,0.0332,0.71
16989,replay,4000,0.0349,1.000,0.0332,0.70
16990,replay,4000,0.0312,1.000,0.0330,0.72
16991,replay,4000,0.0561,1.000,0.0331,0.72
16992,replay,4000,0.0827,1.000,0.0331,0.72
16993,replay,4000,0.0726,1.000,0.0331,0.72
16994,replay,4000,0.0605,1.000,0.0331,0.72
16995,replay,4000,0.0564,1.000,0.0331,0.71
16996,replay,4000,0.0612,1.000,0.0331,0.72
16997,replay,4000,0.0703,1.000,0.0332,0.72
16998,replay,4000,0.0663,1.000,0.0332,0.73
16999,es_step,4000,0.0138,0.812,0.0332,1.32
17000,replay,4000,0.0986,1.000,0.0333,0.72
17001,replay,4000,0.0862,1.000,0.0333,0.71
17002,es_step,4000,0.0284,0.938,0.0333,1.30
17003,replay,4000,0.0658,1.000,0.0332,0.71
17004,replay,4000,0.0822,1.000,0.0333,0.71
17005,replay,4000,0.0713,1.000,0.0333,0.71
17006,replay,4000,0.0917,1.000,0.0335,0.71
17007,es_step,4000,0.0354,1.000,0.0336,1.30
17008,replay,4000,0.0945,1.000,0.0337,0.70
17009,es_step,4000,0.0243,1.000,0.0337,1.29
17010,replay,4000,0.0928,1.000,0.0337,0.71
17011,replay,4000,0.1027,1.000,0.0337,0.71
17012,replay,4000,0.0764,1.000,0.0338,0.71
17013,replay,4000,0.0432,1.000,0.0337,0.72
17014,replay,4000,0.0708,1.000,0.0337,0.72
17015,es_step,4000,0.0295,0.938,0.0337,1.29
17016,es_step,4000,0.0099,1.000,0.0337,1.29
17017,replay,4000,0.0692,1.000,0.0339,0.71
17018,replay,4000,0.0635,1.000,0.0340,0.71
17019,es_step,4000,0.0285,1.000,0.0340,1.29
17020,replay,4000,0.0397,1.000,0.0340,0.71
17021,replay,4000,0.0681,1.000,0.0340,0.71
17022,es_step,4000,0.0225,0.875,0.0340,1.28
17023,replay,4000,0.0569,1.000,0.0340,0.71
17024,replay,4000,0.0580,1.000,0.0340,0.71
17025,replay,4000,0.0525,1.000,0.0340,0.71
17026,replay,4000,0.0493,1.000,0.0340,0.71
17027,replay,4000,0.0571,1.000,0.0340,0.71
17028,replay,4000,0.0420,1.000,0.0340,0.71
17029,replay,4000,0.0454,1.000,0.0340,0.71
17030,replay,4000,0.0506,1.000,0.0340,0.71
17031,replay,4000,0.0381,1.000,0.0339,0.71
17032,replay,4000,0.0373,1.000,0.0339,0.72
17033,replay,4000,0.0375,1.000,0.0339,0.72
17034,replay,4000,0.0483,1.000,0.0339,0.72
17035,replay,4000,0.0422,1.000,0.0338,0.72
17036,replay,4000,0.0425,1.000,0.0338,0.71
17037,replay,4000,0.0488,1.000,0.0338,0.71
17038,replay,4000,0.0436,1.000,0.0338,0.72
17039,replay,4000,-0.0112,1.000,0.0336,0.71
17040,replay,4000,0.0528,1.000,0.0336,0.71
17041,replay,4000,0.0261,1.000,0.0334,0.71
17042,replay,4000,-0.0081,1.000,0.0334,0.72
17043,es_step,4000,0.0131,0.750,0.0334,1.30
17044,replay,4000,0.0399,1.000,0.0334,0.72
17045,replay,4000,0.0476,1.000,0.0334,0.72
17046,replay,4000,0.0572,1.000,0.0334,0.72
17047,replay,4000,0.0566,1.000,0.0334,0.73
17048,replay,4000,0.0587,1.000,0.0334,0.72
17049,es_step,4000,0.0044,0.938,0.0334,1.32
17050,es_step,4000,-0.0115,0.938,0.0334,1.31
17051,replay,4000,0.0510,1.000,0.0334,0.71
17052,es_step,4000,-0.0059,0.812,0.0334,1.30
17053,replay,4000,0.0161,1.000,0.0334,0.71
17054,es_step,4000,-0.0140,1.000,0.0334,1.29
17055,replay,4000,0.0383,1.000,0.0333,0.70
17056,es_step,4000,-0.0009,1.000,0.0333,1.29
17057,replay,4000,0.0499,1.000,0.0334,0.71
17058,replay,4000,0.0467,1.000,0.0334,0.71
17059,replay,4000,0.0446,1.000,0.0334,0.71
17060,replay,4000,0.0537,1.000,0.0334,0.71
17061,replay,4000,0.0630,1.000,0.0334,0.71
17062,replay,4000,0.0679,1.000,0.0335,0.71
17063,es_step,4000,0.0210,0.938,0.0335,1.28
17064,es_step,4000,0.0201,1.000,0.0335,1.27
17065,replay,4000,0.0728,1.000,0.0335,0.70
17066,replay,4000,0.0645,1.000,0.0336,0.71
17067,replay,4000,0.0570,1.000,0.0336,0.71
17068,replay,4000,0.0613,1.000,0.0336,0.71
17069,es_step,4000,0.0093,1.000,0.0336,1.29
17070,es_step,4000,0.0109,1.000,0.0336,1.29
17071,replay,4000,0.0507,1.000,0.0336,0.71
17072,replay,4000,0.0491,1.000,0.0338,0.71
17073,replay,4000,0.0422,1.000,0.0338,0.73
17074,replay,4000,0.0388,1.000,0.0337,0.72
17075,replay,4000,0.0261,1.000,0.0337,0.72
17076,replay,4000,0.0301,1.000,0.0336,0.72
17077,replay,4000,0.0207,1.000,0.0336,0.73
17078,es_step,4000,-0.0056,1.000,0.0336,1.33
17079,replay,4000,0.0359,1.000,0.0336,0.73
17080,replay,4000,0.0407,1.000,0.0336,0.73
17081,replay,4000,0.0180,1.000,0.0335,0.74
17082,replay,4000,0.0301,1.000,0.0335,0.73
17083,replay,4000,0.0229,1.000,0.0334,0.73
17084,replay,4000,0.0195,1.000,0.0334,0.73
17085,es_step,4000,-0.0085,1.000,0.0334,1.33
17086,es_step,4000,0.0024,1.000,0.0334,1.31
17087,replay,4000,0.0160,1.000,0.0333,0.71
17088,replay,4000,0.0349,1.000,0.0333,0.71
17089,es_step,4000,0.0051,0.875,0.0333,1.29
17090,replay,4000,0.0387,1.000,0.0333,0.71
17091,replay,4000,0.0497,1.000,0.0333,0.71
17092,replay,4000,0.0349,1.000,0.0333,0.72
17093,replay,4000,0.0313,1.000,0.0332,0.72
17094,replay,4000,0.0144,1.000,0.0332,0.72
17095,replay,4000,0.0256,1.000,0.0332,0.72
17096,replay,4000,0.0417,1.000,0.0331,0.72
17097,es_step,4000,0.0108,1.000,0.0331,1.31
17098,replay,4000,0.0413,1.000,0.0331,0.71
17099,replay,4000,0.0531,1.000,0.0331,0.71
17100,replay,4000,0.0455,1.000,0.0331,0.72
17101,replay,4000,0.0278,1.000,0.0331,0.72
17102,replay,4000,0.0545,1.000,0.0330,0.73
17103,replay,4000,0.0452,1.000,0.0330,0.73
17104,es_step,4000,0.0075,0.938,0.0330,1.31
17105,es_step,4000,-0.0030,0.938,0.0330,1.30
17106,replay,4000,0.0196,1.000,0.0330,0.71
17107,es_step,4000,0.0102,0.875,0.0330,1.29
17108,replay,4000,0.0318,1.000,0.0329,0.72
17109,replay,4000,0.0507,1.000,0.0329,0.72
17110,replay,4000,0.0399,1.000,0.0329,0.71
17111,es_step,4000,-0.0094,0.812,0.0329,1.30
17112,es_step,4000,0.0070,0.938,0.0329,1.28
17113,replay,4000,0.0420,1.000,0.0329,0.70
17114,replay,4000,0.0225,1.000,0.0328,0.71
17115,es_step,4000,0.0048,0.812,0.0328,1.28
17116,replay,4000,0.0230,1.000,0.0327,0.71
17117,replay,4000,0.0326,1.000,0.0327,0.71
17118,replay,4000,0.0290,1.000,0.0327,0.70
17119,replay,4000,0.0424,1.000,0.0327,0.70
17120,replay,4000,0.0457,1.000,0.0326,0.71
17121,replay,4000,0.0422,1.000,0.0326,0.71
17122,replay,4000,0.0459,1.000,0.0326,0.71
17123,replay,4000,0.0532,1.000,0.0325,0.71
17124,replay,4000,0.0297,1.000,0.0324,0.71
17125,es_step,4000,0.0092,1.000,0.0324,1.43
17126,replay,4000,0.0507,1.000,0.0324,0.71
17127,replay,4000,0.0573,1.000,0.0324,0.71
17128,es_step,4000,0.0140,0.938,0.0324,1.29
17129,replay,4000,0.0837,1.000,0.0324,0.72
17130,replay,4000,0.0743,1.000,0.0325,0.73
17131,replay,4000,0.0646,1.000,0.0325,0.72
17132,replay,4000,0.0640,1.000,0.0325,0.72
17133,replay,4000,0.0682,1.000,0.0325,0.72
17134,es_step,4000,0.0130,0.938,0.0325,1.33
17135,es_step,4000,0.0127,1.000,0.0325,1.29
17136,replay,4000,0.0673,1.000,0.0325,0.73
17137,es_step,4000,0.0168,0.812,0.0325,1.30
17138,replay,4000,0.0752,1.000,0.0325,0.71
17139,replay,4000,0.0621,1.000,0.0325,0.71
17140,replay,4000,0.0746,1.000,0.0326,0.72
17141,es_step,4000,0.0137,0.938,0.0326,1.30
17142,replay,4000,0.0593,1.000,0.0326,0.71
17143,replay,4000,0.0528,1.000,0.0326,0.73
17144,replay,4000,0.0533,1.000,0.0326,0.74
17145,replay,4000,0.0627,1.000,0.0326,0.75
17146,replay,4000,0.0430,1.000,0.0325,0.74
17147,es_step,4000,-0.0118,0.875,0.0325,1.35
17148,replay,4000,0.0365,1.000,0.0326,0.73
17149,es_step,4000,0.0078,0.875,0.0326,1.46
17150,replay,4000,0.0407,1.000,0.0326,0.73
17151,replay,4000,0.0481,1.000,0.0326,0.72
17152,replay,4000,0.0356,1.000,0.0326,0.72
17153,replay,4000,0.0331,1.000,0.0325,0.72
17154,es_step,4000,0.0077,0.938,0.0325,1.31
17155,replay,4000,0.0456,1.000,0.0325,0.74
17156,replay,4000,0.0492,1.000,0.0325,0.72
17157,es_step,4000,0.0080,0.812,0.0325,1.29
17158,replay,4000,0.0565,1.000,0.0325,2.97
17159,replay,4000,0.0547,1.000,0.0325,0.73
17160,replay,4000,0.0563,1.000,0.0325,0.72
17161,replay,4000,0.0246,1.000,0.0325,0.72
17162,replay,4000,0.0635,1.000,0.0325,0.72
17163,es_step,4000,0.0337,1.000,0.0325,1.31
17164,replay,4000,0.0671,1.000,0.0325,0.71
17165,replay,4000,0.0664,1.000,0.0326,0.71
17166,replay,4000,0.0749,1.000,0.0326,0.72
17167,replay,4000,0.0603,1.000,0.0326,0.72
17168,replay,4000,0.0619,1.000,0.0326,0.72
17169,replay,4000,0.0592,1.000,0.0327,0.72
17170,replay,4000,0.0546,1.000,0.0327,0.73
17171,replay,4000,0.0509,1.000,0.0328,0.73
17172,es_step,4000,0.0386,1.000,0.0328,1.32
17173,replay,4000,0.0645,1.000,0.0328,0.72
17174,replay,4000,0.0730,1.000,0.0329,0.72
17175,replay,4000,0.0742,1.000,0.0329,0.73
17176,replay,4000,0.0695,1.000,0.0329,0.73
17177,es_step,4000,0.0272,1.000,0.0329,1.36
17178,es_step,4000,0.0316,1.000,0.0330,1.31
17179,replay,4000,0.0591,1.000,0.0330,0.72
17180,es_step,4000,0.0222,1.000,0.0330,1.31
17181,es_step,4000,0.0149,1.000,0.0330,1.31
17182,replay,4000,0.0422,1.000,0.0330,0.73
17183,replay,4000,0.0371,1.000,0.0330,0.72
17184,replay,4000,0.0412,1.000,0.0329,0.72
17185,replay,4000,0.0320,1.000,0.0329,0.72
17186,replay,4000,0.0351,1.000,0.0329,0.73
17187,replay,4000,0.0397,1.000,0.0329,0.74
17188,replay,4000,0.0439,1.000,0.0328,0.74
17189,replay,4000,0.0623,1.000,0.0328,0.73
17190,replay,4000,0.0428,1.000,0.0328,0.74
17191,replay,4000,0.0645,1.000,0.0329,0.74
17192,replay,4000,0.0656,1.000,0.0329,0.74
17193,es_step,4000,0.0349,1.000,0.0329,1.34
17194,replay,4000,0.0714,1.000,0.0329,0.72
17195,replay,4000,0.0758,1.000,0.0330,0.72
17196,es_step,4000,0.0442,0.938,0.0331,1.32
17197,es_step,4000,0.0396,0.875,0.0331,1.31
17198,replay,4000,0.1124,1.000,0.0332,0.72
17199,replay,4000,0.0943,1.000,0.0333,0.72
17200,replay,4000,0.0835,1.000,0.0334,0.72
17201,replay,4000,0.0886,1.000,0.0334,0.72
17202,replay,4000,0.0793,1.000,0.0335,0.72
17203,es_step,4000,0.0323,0.938,0.0335,1.31
17204,replay,4000,0.0662,1.000,0.0336,0.72
17205,replay,4000,0.0665,1.000,0.0336,0.72
17206,replay,4000,0.0753,1.000,0.0336,0.72
17207,replay,4000,0.0531,1.000,0.0336,0.72
17208,replay,4000,0.0614,1.000,0.0336,0.72
17209,es_step,4000,0.0088,0.812,0.0336,1.30
17210,replay,4000,0.0447,1.000,0.0335,0.72
17211,replay,4000,0.0411,1.000,0.0335,0.73
17212,replay,4000,0.0443,1.000,0.0335,0.73
17213,replay,4000,0.0493,1.000,0.0335,0.73
17214,replay,4000,0.0390,1.000,0.0334,0.73
17215,es_step,4000,0.0002,0.812,0.0334,1.32
17216,replay,4000,0.0261,1.000,0.0334,0.72
17217,replay,4000,0.0227,1.000,0.0333,0.74
17218,es_step,4000,0.0047,1.000,0.0333,1.33
17219,replay,4000,0.0485,1.000,0.0332,0.74
17220,replay,4000,0.0478,1.000,0.0332,0.74
17221,es_step,4000,0.0184,1.000,0.0332,1.33
17222,replay,4000,0.0401,1.000,0.0332,0.72
17223,es_step,4000,0.0149,1.000,0.0332,1.30
17224,replay,4000,0.0549,1.000,0.0332,0.71
17225,replay,4000,0.0781,1.000,0.0333,0.72
17226,replay,4000,0.0877,1.000,0.0333,0.72
17227,replay,4000,0.0956,1.000,0.0333,0.72
17228,replay,4000,0.0874,1.000,0.0334,0.72
17229,es_step,4000,0.0546,1.000,0.0335,1.29
17230,replay,4000,0.0823,1.000,0.0335,0.71
17231,replay,4000,0.0776,1.000,0.0336,0.72
17232,replay,4000,0.0751,1.000,0.0337,0.72
17233,replay,4000,0.0775,1.000,0.0337,0.72
17234,replay,4000,0.0666,1.000,0.0337,0.72
17235,es_step,4000,0.0490,1.000,0.0338,1.30
17236,replay,4000,0.0736,1.000,0.0338,0.71
17237,replay,4000,0.0782,1.000,0.0339,0.72
17238,replay,4000,0.0907,1.000,0.0339,0.72
17239,replay,4000,0.0683,1.000,0.0339,0.74
17240,replay,4000,0.0641,1.000,0.0339,0.75
17241,replay,4000,0.0558,1.000,0.0339,0.74
17242,replay,4000,0.0559,1.000,0.0339,0.74
17243,replay,4000,0.0407,1.000,0.0338,0.75
17244,replay,4000,0.0580,1.000,0.0338,0.75
17245,replay,4000,0.0559,1.000,0.0338,0.74
17246,replay,4000,0.0579,1.000,0.0338,0.75
17247,replay,4000,0.0530,1.000,0.0338,0.74
17248,replay,4000,0.0510,1.000,0.0337,0.75
17249,replay,4000,0.0479,1.000,0.0337,0.74
17250,replay,4000,0.0507,1.000,0.0338,0.74
17251,es_step,4000,0.0127,1.000,0.0338,1.35
17252,replay,4000,0.0661,1.000,0.0337,0.73
17253,replay,4000,0.0560,1.000,0.0337,0.74
17254,replay,4000,0.0607,1.000,0.0337,0.74
17255,es_step,4000,0.0285,1.000,0.0338,1.37
17256,replay,4000,0.0658,1.000,0.0338,0.74
17257,replay,4000,0.0720,1.000,0.0338,0.74
17258,replay,4000,0.0656,1.000,0.0338,0.74
17259,replay,4000,0.0672,1.000,0.0338,0.75
17260,es_step,4000,0.0401,1.000,0.0339,1.36
17261,replay,4000,0.0719,1.000,0.0339,0.74
17262,replay,4000,0.0674,1.000,0.0339,0.74
17263,es_step,4000,0.0423,1.000,0.0339,1.36
17264,replay,4000,0.0645,1.000,0.0340,0.75
17265,replay,4000,0.0693,1.000,0.0340,0.74
17266,es_step,4000,0.0429,1.000,0.0340,1.34
17267,replay,4000,0.0620,1.000,0.0340,0.73
17268,replay,4000,0.0629,1.000,0.0341,0.73
17269,es_step,4000,0.0260,1.000,0.0341,1.34
17270,replay,4000,0.0697,1.000,0.0341,0.73
17271,replay,4000,0.0251,1.000,0.0340,0.74
17272,replay,4000,0.0524,1.000,0.0340,0.73
17273,replay,4000,0.0633,1.000,0.0340,0.74
17274,es_step,4000,0.0231,1.000,0.0340,1.34
17275,replay,4000,0.0714,1.000,0.0340,0.73
17276,replay,4000,0.0583,1.000,0.0340,0.73
17277,replay,4000,0.0652,1.000,0.0340,0.73
17278,replay,4000,0.0618,1.000,0.0340,0.73
17279,replay,4000,0.0469,1.000,0.0340,0.73
17280,replay,4000,0.0521,1.000,0.0340,0.73
17281,replay,4000,0.0545,1.000,0.0340,0.73
17282,replay,4000,0.0743,1.000,0.0339,0.74
17283,es_step,4000,0.0265,0.938,0.0339,1.34
17284,es_step,4000,0.0275,0.938,0.0339,1.33
17285,replay,4000,0.0600,1.000,0.0339,0.74
17286,replay,4000,0.0699,1.000,0.0339,0.74
17287,es_step,4000,0.0301,1.000,0.0339,1.34
17288,replay,4000,0.0607,1.000,0.0339,0.73
17289,replay,4000,0.0553,1.000,0.0341,0.73
17290,replay,4000,0.0640,1.000,0.0341,0.73
17291,replay,4000,0.0775,1.000,0.0342,0.73
17292,replay,4000,0.0719,1.000,0.0342,0.73
17293,replay,4000,0.0820,1.000,0.0342,0.75
17294,replay,4000,0.0731,1.000,0.0343,0.74
17295,replay,4000,0.0677,1.000,0.0343,0.74
17296,replay,4000,0.0675,1.000,0.0344,0.75
17297,replay,4000,0.0712,1.000,0.0344,0.75
17298,replay,4000,0.0676,1.000,0.0344,0.74
17299,replay,4000,0.0617,1.000,0.0344,0.75
17300,replay,4000,0.0527,1.000,0.0345,0.75
17301,replay,4000,0.0864,1.000,0.0345,0.75
17302,replay,4000,0.0859,1.000,0.0345,0.75
17303,es_step,4000,0.0415,1.000,0.0345,1.36
17304,replay,4000,-0.0229,1.000,0.0345,0.74
17305,es_step,4000,0.0436,0.938,0.0345,1.34
17306,replay,4000,0.0772,1.000,0.0346,0.73
17307,replay,4000,0.0902,1.000,0.0346,0.74
17308,replay,4000,0.0891,1.000,0.0347,0.74
17309,replay,4000,0.0812,1.000,0.0347,0.74
17310,es_step,4000,0.0394,0.875,0.0347,1.35
17311,es_step,4000,0.0304,0.750,0.0347,1.34
17312,replay,4000,0.0745,1.000,0.0348,0.73
17313,es_step,4000,0.0261,0.875,0.0348,1.33
17314,replay,4000,0.0632,1.000,0.0348,0.72
17315,replay,4000,0.0369,1.000,0.0347,0.74
17316,es_step,4000,0.0209,0.938,0.0348,1.33
17317,replay,4000,0.0407,1.000,0.0347,0.73
17318,es_step,4000,0.0172,0.875,0.0347,1.33
17319,replay,4000,0.0365,1.000,0.0347,0.73
17320,replay,4000,0.0337,1.000,0.0346,0.73
17321,es_step,4000,0.0160,0.562,0.0346,1.32
17322,replay,4000,0.0428,1.000,0.0346,0.72
17323,es_step,4000,0.0225,0.938,0.0346,1.32
17324,replay,4000,0.0454,1.000,0.0346,0.73
17325,replay,4000,0.0384,1.000,0.0346,0.74
17326,replay,4000,0.0360,1.000,0.0345,0.74
17327,es_step,4000,0.0079,0.688,0.0345,1.34
17328,replay,4000,0.0386,1.000,0.0345,0.73
17329,replay,4000,0.0287,1.000,0.0344,0.73
17330,replay,4000,0.0353,1.000,0.0345,0.73
17331,replay,4000,0.0431,1.000,0.0344,0.73
17332,es_step,4000,0.0140,1.000,0.0344,1.33
17333,es_step,4000,0.0169,1.000,0.0344,1.32
17334,replay,4000,0.0354,1.000,0.0344,0.72
17335,es_step,4000,0.0049,1.000,0.0344,1.31
17336,replay,4000,0.0154,1.000,0.0343,0.72
17337,replay,4000,0.0258,1.000,0.0343,0.72
17338,replay,4000,0.0416,1.000,0.0343,0.72
17339,replay,4000,0.0277,1.000,0.0342,0.74
17340,replay,4000,0.0675,1.000,0.0342,0.73
17341,es_step,4000,0.0082,1.000,0.0342,1.32
17342,es_step,4000,0.0057,0.938,0.0342,1.32
17343,replay,4000,0.0616,1.000,0.0342,0.72
17344,replay,4000,0.0439,1.000,0.0341,0.73
17345,es_step,4000,0.0079,0.875,0.0341,1.32
17346,es_step,4000,0.0152,1.000,0.0341,1.30
17347,replay,4000,0.0466,1.000,0.0341,0.72
17348,es_step,4000,0.0236,0.875,0.0341,1.29
17349,replay,4000,0.0168,1.000,0.0339,0.71
17350,replay,4000,0.0432,1.000,0.0339,0.72
17351,replay,4000,0.0334,1.000,0.0339,0.72
17352,replay,4000,0.0331,1.000,0.0339,0.72
17353,replay,4000,0.0632,1.000,0.0339,0.73
17354,replay,4000,0.0569,1.000,0.0338,0.73
17355,replay,4000,0.0537,1.000,0.0338,0.73
17356,replay,4000,0.0664,1.000,0.0339,0.73
17357,replay,4000,0.0625,1.000,0.0339,0.74
17358,replay,4000,0.0605,1.000,0.0339,0.74
17359,replay,4000,0.0673,1.000,0.0340,0.74
17360,replay,4000,0.0844,1.000,0.0340,0.73
17361,es_step,4000,0.0427,0.688,0.0340,1.34
17362,replay,4000,0.0738,1.000,0.0340,0.73
17363,es_step,4000,0.0395,0.750,0.0341,1.31
17364,es_step,4000,0.0409,0.875,0.0341,1.31
17365,replay,4000,0.0751,1.000,0.0341,0.72
17366,replay,4000,0.0714,1.000,0.0341,0.73
17367,replay,4000,0.0628,1.000,0.0341,0.74
17368,replay,4000,0.0680,1.000,0.0342,0.74
17369,replay,4000,0.0689,1.000,0.0342,0.74
17370,replay,4000,0.0699,1.000,0.0342,0.74
17371,es_step,4000,0.0412,0.938,0.0342,1.34
17372,es_step,4000,0.0327,1.000,0.0342,1.32
17373,es_step,4000,0.0458,0.688,0.0342,1.30
17374,replay,4000,0.0593,1.000,0.0343,0.72
17375,replay,4000,0.0568,1.000,0.0343,0.73
17376,replay,4000,0.0548,1.000,0.0343,0.73
17377,replay,4000,0.0452,1.000,0.0343,0.73
17378,replay,4000,0.0391,1.000,0.0342,0.74
17379,replay,4000,0.0396,1.000,0.0342,0.73
17380,replay,4000,0.0297,1.000,0.0341,0.73
17381,replay,4000,0.0370,1.000,0.0341,0.73
17382,replay,4000,0.0537,1.000,0.0340,0.73
17383,replay,4000,0.0149,1.000,0.0338,0.74
17384,es_step,4000,0.0004,0.938,0.0338,1.35
17385,es_step,4000,0.0195,0.750,0.0338,1.32
17386,replay,4000,0.0390,1.000,0.0338,0.73
17387,replay,4000,0.0228,1.000,0.0338,0.73
17388,replay,4000,0.0671,1.000,0.0338,0.74
17389,replay,4000,0.0753,1.000,0.0338,0.73
17390,replay,4000,0.0716,1.000,0.0338,0.73
17391,replay,4000,0.0674,1.000,0.0339,0.73
17392,replay,4000,0.0821,1.000,0.0339,0.73
17393,replay,4000,0.0713,1.000,0.0340,0.74
17394,replay,4000,0.0780,1.000,0.0341,0.73
17395,replay,4000,0.0746,1.000,0.0341,0.74
17396,replay,4000,0.0687,1.000,0.0342,0.73
17397,es_step,4000,0.0215,0.875,0.0342,1.35
17398,replay,4000,0.0552,1.000,0.0342,0.73
17399,replay,4000,0.0250,1.000,0.0342,0.74
17400,replay,4000,0.0460,1.000,0.0341,0.74
17401,es_step,4000,0.0204,1.000,0.0341,1.33
17402,replay,4000,0.0413,1.000,0.0341,0.73
17403,replay,4000,0.0426,1.000,0.0341,0.73
17404,replay,4000,0.0339,1.000,0.0340,0.73
17405,replay,4000,0.0401,1.000,0.0340,0.74
17406,es_step,4000,0.0118,0.812,0.0340,1.34
17407,es_step,4000,-0.0079,0.625,0.0340,1.33
17408,replay,4000,0.0288,1.000,0.0339,0.73
17409,es_step,4000,0.0151,0.938,0.0339,1.32
17410,es_step,4000,0.0099,0.688,0.0339,1.31
17411,replay,4000,0.0291,1.000,0.0339,0.72
17412,es_step,4000,0.0080,0.625,0.0339,1.31
17413,es_step,4000,0.0122,0.750,0.0339,1.30
17414,replay,4000,0.0539,1.000,0.0338,0.72
17415,replay,4000,0.0488,1.000,0.0338,0.72
17416,replay,4000,0.0391,1.000,0.0337,0.72
17417,replay,4000,0.0332,1.000,0.0337,0.72
17418,replay,4000,0.0574,1.000,0.0337,0.72
17419,replay,4000,0.0548,1.000,0.0336,0.72
17420,replay,4000,0.0543,1.000,0.0336,0.72
17421,replay,4000,0.0508,1.000,0.0336,0.72
17422,replay,4000,0.0621,1.000,0.0336,0.72
17423,es_step,4000,0.0274,0.625,0.0336,1.32
17424,replay,4000,0.0687,1.000,0.0337,0.72
17425,replay,4000,0.1008,1.000,0.0337,0.72
17426,replay,4000,0.0664,1.000,0.0337,0.72
17427,replay,4000,0.0649,1.000,0.0337,0.72
17428,replay,4000,0.0714,1.000,0.0337,0.72
17429,replay,4000,0.0758,1.000,0.0337,0.72
17430,replay,4000,0.0724,1.000,0.0337,0.72
17431,replay,4000,0.0638,1.000,0.0338,0.73
17432,replay,4000,0.0685,1.000,0.0338,0.74
17433,replay,4000,0.0735,1.000,0.0338,0.73
17434,es_step,4000,0.0207,0.438,0.0338,1.90
17435,replay,4000,0.0695,1.000,0.0339,0.79
17436,replay,4000,0.0619,1.000,0.0339,0.79
17437,es_step,4000,0.0285,0.750,0.0339,1.46
17438,es_step,4000,0.0411,0.688,0.0339,1.46
17439,replay,4000,0.0618,1.000,0.0339,0.78
17440,es_step,4000,0.0395,0.625,0.0339,1.48
17441,replay,4000,0.0544,1.000,0.0339,0.79
17442,replay,4000,0.0548,1.000,0.0339,0.78
17443,es_step,4000,0.0259,0.625,0.0339,1.48
17444,replay,4000,0.0537,1.000,0.0339,0.78
17445,replay,4000,0.0489,1.000,0.0339,0.78
17446,replay,4000,0.0501,1.000,0.0339,0.78
17447,replay,4000,0.0399,1.000,0.0338,0.78
17448,replay,4000,0.0493,1.000,0.0338,0.78
17449,es_step,4000,0.0240,0.562,0.0338,1.44
17450,replay,4000,0.0411,1.000,0.0337,0.77
17451,es_step,4000,0.0162,0.875,0.0337,3.66
17452,replay,4000,0.0364,1.000,0.0337,0.75
17453,replay,4000,0.0473,1.000,0.0337,0.75
17454,replay,4000,0.0667,1.000,0.0337,0.75
17455,replay,4000,0.0678,1.000,0.0337,0.75
17456,es_step,4000,0.0299,1.000,0.0337,1.38
17457,replay,4000,0.0615,1.000,0.0337,0.75
17458,replay,4000,0.0800,1.000,0.0337,0.75
17459,replay,4000,0.0777,1.000,0.0338,0.75
17460,replay,4000,0.0787,1.000,0.0338,0.75
17461,replay,4000,0.0713,1.000,0.0339,0.74
17462,replay,4000,0.0791,1.000,0.0340,0.75
17463,replay,4000,0.0776,1.000,0.0340,0.74
17464,replay,4000,0.0741,1.000,0.0341,0.74
17465,replay,4000,0.0632,1.000,0.0341,0.74
17466,replay,4000,0.0572,1.000,0.0341,0.74
17467,replay,4000,0.0478,1.000,0.0341,0.74
17468,replay,4000,0.0418,1.000,0.0340,0.74
17469,replay,4000,0.0337,1.000,0.0340,0.74
17470,replay,4000,0.0236,1.000,0.0339,0.74
17471,replay,4000,0.0316,1.000,0.0339,0.74
17472,es_step,4000,0.0179,0.938,0.0339,1.39
17473,replay,4000,0.0372,1.000,0.0339,0.74
17474,replay,4000,0.0395,1.000,0.0338,0.74
17475,replay,4000,0.0401,1.000,0.0338,0.74
17476,es_step,4000,0.0289,1.000,0.0338,1.36
17477,replay,4000,0.0546,1.000,0.0338,0.74
17478,replay,4000,0.0578,1.000,0.0338,0.75
17479,replay,4000,0.0416,1.000,0.0338,0.75
17480,replay,4000,0.0330,1.000,0.0338,0.75
17481,replay,4000,0.0440,1.000,0.0337,0.76
17482,replay,4000,0.0370,1.000,0.0337,0.75
17483,replay,4000,0.0372,1.000,0.0337,0.75
17484,es_step,4000,0.0174,1.000,0.0337,1.36
17485,replay,4000,0.0421,1.000,0.0336,0.74
17486,replay,4000,0.0516,1.000,0.0336,0.74
17487,replay,4000,0.0287,1.000,0.0336,0.74
17488,replay,4000,0.0474,1.000,0.0336,0.74
17489,es_step,4000,0.0228,0.875,0.0336,1.35
17490,replay,4000,0.0352,1.000,0.0336,0.73
17491,replay,4000,0.0394,1.000,0.0336,0.73
17492,replay,4000,0.0390,1.000,0.0335,0.73
17493,replay,4000,0.0559,1.000,0.0335,0.73
17494,replay,4000,0.0527,1.000,0.0335,0.73
17495,replay,4000,0.0467,1.000,0.0335,0.73
17496,replay,4000,0.0502,1.000,0.0335,0.73
17497,replay,4000,0.0374,1.000,0.0335,0.73
17498,replay,4000,0.0441,1.000,0.0335,0.74
17499,replay,4000,0.0233,1.000,0.0335,0.73
17500,replay,4000,0.0516,1.000,0.0335,0.74
17501,replay,4000,0.0446,1.000,0.0334,0.74
17502,replay,4000,0.0565,1.000,0.0334,0.74
17503,replay,4000,0.0517,1.000,0.0334,0.74
17504,replay,4000,0.0436,1.000,0.0334,0.74
17505,replay,4000,0.0420,1.000,0.0336,0.75
17506,replay,4000,0.0461,1.000,0.0335,0.75
17507,es_step,4000,0.0138,0.812,0.0335,1.36
17508,es_step,4000,0.0182,1.000,0.0335,1.35
17509,replay,4000,0.0347,1.000,0.0335,0.74
17510,es_step,4000,0.0273,0.812,0.0335,1.36
17511,es_step,4000,0.0218,0.812,0.0335,1.35
17512,replay,4000,0.0608,1.000,0.0335,0.73
17513,replay,4000,0.0506,1.000,0.0335,0.74
17514,replay,4000,0.0459,1.000,0.0335,0.73
17515,replay,4000,0.0446,1.000,0.0335,0.74
17516,replay,4000,0.0391,1.000,0.0335,0.74
17517,replay,4000,0.0595,1.000,0.0335,0.74
17518,replay,4000,0.0464,1.000,0.0335,0.74
17519,replay,4000,0.0495,1.000,0.0335,0.73
17520,replay,4000,0.0503,1.000,0.0334,0.74
17521,replay,4000,0.0386,1.000,0.0334,0.74
17522,es_step,4000,0.0166,0.625,0.0334,1.36
17523,replay,4000,0.0340,1.000,0.0334,0.73
17524,es_step,4000,0.0218,0.812,0.0334,1.35
17525,replay,4000,0.0381,1.000,0.0334,0.73
17526,replay,4000,-0.1099,1.000,0.0333,0.73
17527,replay,4000,0.0660,1.000,0.0333,0.74
17528,replay,4000,0.0762,1.000,0.0335,0.74
17529,replay,4000,0.0830,1.000,0.0336,0.73
17530,replay,4000,0.0772,1.000,0.0336,0.74
17531,replay,4000,0.0797,1.000,0.0336,0.73
17532,replay,4000,0.0698,1.000,0.0337,0.74
17533,replay,4000,0.0688,1.000,0.0338,0.74
17534,replay,4000,0.0611,1.000,0.0338,0.75
17535,replay,4000,0.0602,1.000,0.0338,0.75
17536,replay,4000,0.0505,1.000,0.0338,0.74
17537,replay,4000,0.0360,1.000,0.0337,0.74
17538,replay,4000,0.0252,1.000,0.0337,0.74
17539,replay,4000,0.0528,1.000,0.0337,0.74
17540,replay,4000,0.0534,1.000,0.0337,0.74
17541,replay,4000,0.0697,1.000,0.0336,0.74
17542,replay,4000,0.0723,1.000,0.0338,0.74
17543,replay,4000,0.0140,1.000,0.0337,0.75
17544,es_step,4000,0.0353,0.875,0.0338,1.36
17545,replay,4000,0.0622,1.000,0.0338,0.73
17546,replay,4000,0.0516,1.000,0.0339,0.73
17547,es_step,4000,0.0273,0.750,0.0339,1.35
17548,replay,4000,0.0595,1.000,0.0340,0.73
17549,replay,4000,0.0571,1.000,0.0340,0.74
17550,replay,4000,0.0525,1.000,0.0340,0.73
17551,replay,4000,0.0571,1.000,0.0340,0.73
17552,replay,4000,0.0407,1.000,0.0340,0.73
17553,replay,4000,0.0233,1.000,0.0340,0.73
17554,replay,4000,0.0484,1.000,0.0339,0.73
17555,replay,4000,0.0428,1.000,0.0339,0.74
17556,replay,4000,0.0570,1.000,0.0339,0.74
17557,es_step,4000,0.0258,0.938,0.0339,1.34
17558,replay,4000,0.0584,1.000,0.0339,0.73
17559,replay,4000,0.0526,1.000,0.0339,0.73
17560,replay,4000,0.0444,1.000,0.0339,0.74
17561,replay,4000,0.0400,1.000,0.0339,0.74
17562,replay,4000,0.0378,1.000,0.0339,0.74
17563,replay,4000,0.0396,1.000,0.0338,0.74
17564,replay,4000,0.0308,1.000,0.0338,0.74
17565,replay,4000,0.0403,1.000,0.0337,0.74
17566,replay,4000,0.0166,1.000,0.0337,0.74
17567,es_step,4000,0.0150,1.000,0.0337,1.35
17568,replay,4000,0.0302,1.000,0.0337,0.73
17569,replay,4000,0.0338,1.000,0.0336,0.73
17570,es_step,4000,0.0004,0.875,0.0336,1.35
17571,replay,4000,0.0309,1.000,0.0336,0.74
17572,replay,4000,0.0339,1.000,0.0336,0.73
17573,replay,4000,0.0488,1.000,0.0336,0.73
17574,es_step,4000,0.0240,0.875,0.0336,1.36
17575,replay,4000,0.0500,1.000,0.0335,0.74
17576,replay,4000,0.0350,1.000,0.0335,0.73
17577,replay,4000,0.0381,1.000,0.0335,0.73
17578,replay,4000,0.0256,1.000,0.0334,0.74
17579,replay,4000,0.0274,1.000,0.0334,0.73
17580,replay,4000,0.0472,1.000,0.0334,0.73
17581,replay,4000,0.0560,1.000,0.0334,0.73
17582,es_step,4000,0.0235,0.812,0.0334,1.35
17583,replay,4000,0.0514,1.000,0.0334,0.74
17584,replay,4000,0.0216,1.000,0.0334,0.74
17585,replay,4000,0.0533,1.000,0.0334,0.73
17586,replay,4000,0.0526,1.000,0.0334,0.74
17587,replay,4000,0.0640,1.000,0.0334,0.74
17588,es_step,4000,0.0233,0.812,0.0334,1.35
17589,replay,4000,0.0604,1.000,0.0334,0.73
17590,replay,4000,0.0519,1.000,0.0334,0.73
17591,replay,4000,0.0562,1.000,0.0334,0.73
17592,replay,4000,0.0541,1.000,0.0333,0.73
17593,replay,4000,0.0520,1.000,0.0333,0.74
17594,replay,4000,0.0331,1.000,0.0333,0.74
17595,replay,4000,0.0505,1.000,0.0333,0.74
17596,replay,4000,0.0281,1.000,0.0332,0.74
17597,replay,4000,0.0398,1.000,0.0332,0.74
17598,replay,4000,0.0233,1.000,0.0332,0.74
17599,replay,4000,0.0413,1.000,0.0331,0.75
17600,replay,4000,0.0441,1.000,0.0331,0.74
17601,es_step,4000,0.0180,0.750,0.0331,1.36
17602,replay,4000,0.0369,1.000,0.0331,0.74
17603,replay,4000,0.0376,1.000,0.0331,0.73
17604,replay,4000,0.0290,1.000,0.0331,0.74
17605,replay,4000,0.0426,1.000,0.0330,0.74
17606,es_step,4000,0.0159,1.000,0.0330,1.35
17607,replay,4000,0.0434,1.000,0.0330,0.73
17608,replay,4000,0.0551,1.000,0.0330,0.73
17609,replay,4000,0.0455,1.000,0.0330,0.73
17610,replay,4000,0.0453,1.000,0.0330,0.73
17611,es_step,4000,0.0258,0.938,0.0330,1.34
17612,es_step,4000,0.0267,0.938,0.0330,1.35
17613,replay,4000,0.0520,1.000,0.0329,0.74
17614,replay,4000,0.0408,1.000,0.0330,0.74
17615,replay,4000,0.0605,1.000,0.0330,0.74
17616,replay,4000,0.0588,1.000,0.0329,0.74
17617,replay,4000,0.0703,1.000,0.0331,0.74
17618,replay,4000,0.0699,1.000,0.0332,0.74
17619,es_step,4000,0.0433,0.875,0.0332,1.34
17620,replay,4000,0.0649,1.000,0.0332,0.73
17621,replay,4000,0.0659,1.000,0.0332,0.73
17622,replay,4000,0.0715,1.000,0.0333,0.74
17623,replay,4000,0.0668,1.000,0.0333,0.74
17624,replay,4000,0.0637,1.000,0.0333,0.74
17625,replay,4000,0.0539,1.000,0.0333,0.74
17626,replay,4000,0.0543,1.000,0.0333,0.74
17627,replay,4000,0.0310,1.000,0.0333,0.75
17628,es_step,4000,0.0214,0.938,0.0333,1.35
17629,replay,4000,0.0424,1.000,0.0333,0.73
17630,replay,4000,0.0548,1.000,0.0333,0.73
17631,replay,4000,0.0521,1.000,0.0333,0.73
17632,replay,4000,0.0312,1.000,0.0333,0.74
17633,replay,4000,0.0392,1.000,0.0332,0.74
17634,replay,4000,0.0483,1.000,0.0332,0.74
17635,replay,4000,0.0536,1.000,0.0332,0.74
17636,replay,4000,0.0354,1.000,0.0332,0.74
17637,replay,4000,0.0432,1.000,0.0332,0.74
17638,replay,4000,0.0443,1.000,0.0332,0.75
17639,replay,4000,0.0324,1.000,0.0332,0.74
17640,replay,4000,0.0236,1.000,0.0331,0.74
17641,replay,4000,0.0315,1.000,0.0331,0.74
17642,replay,4000,0.0251,1.000,0.0331,0.74
17643,es_step,4000,0.0241,1.000,0.0331,1.35
17644,replay,4000,0.0358,1.000,0.0331,0.73
17645,es_step,4000,0.0267,1.000,0.0331,1.34
17646,replay,4000,0.0413,1.000,0.0330,0.73
17647,replay,4000,0.0465,1.000,0.0330,0.73
17648,replay,4000,0.0468,1.000,0.0330,0.73
17649,es_step,4000,0.0253,1.000,0.0330,1.34
17650,replay,4000,0.0627,1.000,0.0330,0.73
17651,replay,4000,0.0694,1.000,0.0330,0.74
17652,replay,4000,-0.0633,1.000,0.0329,0.74
17653,es_step,4000,0.0457,1.000,0.0331,1.35
17654,replay,4000,0.0737,1.000,0.0331,0.74
17655,replay,4000,0.0760,1.000,0.0332,0.73
17656,es_step,4000,0.0531,0.938,0.0333,1.35
17657,replay,4000,0.0870,1.000,0.0333,0.73
17658,replay,4000,0.1155,1.000,0.0334,0.73
17659,replay,4000,0.0861,1.000,0.0336,0.75
17660,replay,4000,0.0757,1.000,0.0336,0.74
17661,es_step,4000,0.0366,0.938,0.0336,1.34
17662,es_step,4000,0.0498,1.000,0.0337,1.34
17663,replay,4000,0.0784,1.000,0.0337,0.74
17664,replay,4000,0.0795,1.000,0.0338,0.73
17665,es_step,4000,0.0216,0.938,0.0338,1.34
17666,replay,4000,0.0724,1.000,0.0338,0.74
17667,replay,4000,0.0525,1.000,0.0339,0.73
17668,replay,4000,0.0633,1.000,0.0339,0.73
17669,replay,4000,0.0577,1.000,0.0338,0.73
17670,es_step,4000,-0.0286,0.812,0.0338,1.34
17671,replay,4000,0.0467,1.000,0.0338,0.73
17672,replay,4000,0.0559,1.000,0.0338,0.73
17673,replay,4000,0.0113,1.000,0.0338,0.73
17674,es_step,4000,-0.0159,0.875,0.0338,1.33
17675,replay,4000,0.0291,1.000,0.0337,0.73
17676,replay,4000,0.0282,1.000,0.0337,0.73
17677,replay,4000,0.0342,1.000,0.0337,0.73
17678,replay,4000,0.0402,1.000,0.0336,0.73
17679,replay,4000,0.0431,1.000,0.0336,0.73
17680,replay,4000,0.0350,1.000,0.0335,0.75
17681,replay,4000,0.0281,1.000,0.0335,0.73
17682,replay,4000,0.0298,1.000,0.0334,0.74
17683,replay,4000,0.0322,1.000,0.0334,0.73
17684,es_step,4000,0.0036,0.812,0.0334,1.34
17685,replay,4000,0.0326,1.000,0.0334,0.73
17686,replay,4000,0.0372,1.000,0.0334,0.73
17687,replay,4000,0.0489,1.000,0.0334,0.73
17688,replay,4000,0.0500,1.000,0.0334,0.73
17689,replay,4000,0.0641,1.000,0.0334,0.73
17690,replay,4000,0.0676,1.000,0.0334,0.73
17691,replay,4000,0.0634,1.000,0.0334,0.73
17692,replay,4000,0.0598,1.000,0.0334,0.73
17693,replay,4000,0.0600,1.000,0.0334,0.73
17694,replay,4000,0.0493,1.000,0.0334,0.73
17695,replay,4000,0.0632,1.000,0.0334,0.74
17696,es_step,4000,0.0188,0.812,0.0334,1.35
17697,replay,4000,0.0552,1.000,0.0334,0.74
17698,es_step,4000,0.0185,0.688,0.0334,1.34
17699,replay,4000,0.0357,1.000,0.0333,0.73
17700,replay,4000,0.0549,1.000,0.0333,0.74
17701,replay,4000,0.0422,1.000,0.0333,0.74
17702,es_step,4000,0.0117,0.812,0.0333,1.35
17703,es_step,4000,0.0104,0.875,0.0333,1.34
17704,es_step,4000,-0.0044,0.875,0.0333,1.34
17705,replay,4000,0.0428,1.000,0.0333,0.74
17706,replay,4000,0.0316,1.000,0.0333,0.74
17707,replay,4000,0.0399,1.000,0.0333,0.74
17708,replay,4000,0.0506,1.000,0.0333,0.74
17709,replay,4000,0.0547,1.000,0.0333,0.74
17710,replay,4000,0.0532,1.000,0.0333,0.74
17711,replay,4000,0.0558,1.000,0.0333,0.74
17712,replay,4000,0.0471,1.000,0.0333,0.73
17713,replay,4000,0.0355,1.000,0.0333,0.75
17714,replay,4000,0.0429,1.000,0.0333,0.75
17715,replay,4000,0.0376,1.000,0.0333,0.75
17716,replay,4000,0.0442,1.000,0.0333,0.75
17717,es_step,4000,-0.0020,0.625,0.0333,1.36
17718,replay,4000,0.0468,1.000,0.0333,0.73
17719,replay,4000,0.0462,1.000,0.0334,0.73
17720,replay,4000,0.0418,1.000,0.0334,0.73
17721,replay,4000,0.0382,1.000,0.0334,0.73
17722,replay,4000,0.0406,1.000,0.0334,0.74
17723,replay,4000,0.0502,1.000,0.0334,0.74
17724,replay,4000,0.0540,1.000,0.0334,0.74
17725,es_step,4000,-0.0220,0.812,0.0334,1.35
17726,replay,4000,0.0507,1.000,0.0334,0.73
17727,replay,4000,0.0298,1.000,0.0334,0.73
17728,replay,4000,0.0332,1.000,0.0334,0.73
17729,replay,4000,0.0448,1.000,0.0334,0.74
17730,replay,4000,0.0456,1.000,0.0333,0.74
17731,replay,4000,0.0427,1.000,0.0333,0.75
17732,es_step,4000,0.0189,0.875,0.0333,1.36
17733,replay,4000,0.0631,1.000,0.0334,0.73
17734,replay,4000,0.0658,1.000,0.0334,0.73
17735,replay,4000,0.0685,1.000,0.0334,0.73
17736,replay,4000,0.0637,1.000,0.0336,0.74
17737,es_step,4000,0.0116,0.688,0.0336,1.35
17738,replay,4000,0.0543,1.000,0.0337,0.73
17739,replay,4000,0.0564,1.000,0.0337,0.73
17740,replay,4000,0.0585,1.000,0.0337,0.73
17741,replay,4000,0.0601,1.000,0.0337,0.73
17742,replay,4000,0.0519,1.000,0.0337,0.73
17743,es_step,4000,0.0053,0.875,0.0337,1.34
17744,replay,4000,0.0434,1.000,0.0337,0.74
17745,es_step,4000,0.0189,0.938,0.0337,1.34
17746,replay,4000,0.0687,1.000,0.0337,0.73
17747,es_step,4000,-0.0022,0.750,0.0337,1.33
17748,replay,4000,0.0707,1.000,0.0337,0.73
17749,replay,4000,0.0598,1.000,0.0339,0.74
17750,replay,4000,0.0579,1.000,0.0339,0.73
17751,replay,4000,0.0543,1.000,0.0339,0.73
17752,replay,4000,0.0694,1.000,0.0339,0.73
17753,replay,4000,0.0597,1.000,0.0341,0.73
17754,replay,4000,-0.1748,1.000,0.0341,0.74
17755,replay,4000,0.0548,1.000,0.0341,0.75
17756,replay,4000,0.0760,1.000,0.0342,0.74
17757,es_step,4000,0.0321,0.875,0.0342,1.35
17758,replay,4000,0.0789,1.000,0.0343,0.73
17759,replay,4000,0.0780,1.000,0.0343,0.73
17760,es_step,4000,0.0359,0.938,0.0343,1.33
17761,replay,4000,0.0785,1.000,0.0344,0.73
17762,replay,4000,0.0654,1.000,0.0344,0.73
17763,replay,4000,0.0732,1.000,0.0344,3.00
17764,replay,4000,0.0669,1.000,0.0345,0.73
17765,replay,4000,0.0538,1.000,0.0344,0.73
17766,replay,4000,0.0687,1.000,0.0344,0.73
17767,replay,4000,0.0655,1.000,0.0344,0.74
17768,es_step,4000,0.0288,0.812,0.0345,1.34
17769,replay,4000,0.0577,1.000,0.0345,0.74
17770,replay,4000,0.0819,1.000,0.0345,0.73
17771,replay,4000,0.0605,1.000,0.0345,0.74
17772,replay,4000,0.0553,1.000,0.0346,0.74
17773,replay,4000,0.0521,1.000,0.0346,0.74
17774,replay,4000,0.0627,1.000,0.0346,0.74
17775,replay,4000,0.0650,1.000,0.0346,0.74
17776,replay,4000,0.0532,1.000,0.0346,0.75
17777,replay,4000,0.0457,1.000,0.0346,0.74
17778,es_step,4000,0.0193,0.938,0.0346,1.36
17779,replay,4000,0.0559,1.000,0.0346,0.73
17780,replay,4000,0.0554,1.000,0.0346,0.73
17781,replay,4000,0.0466,1.000,0.0346,0.74
17782,replay,4000,0.0391,1.000,0.0346,0.74
17783,es_step,4000,0.0002,0.625,0.0346,1.34
17784,replay,4000,0.0326,1.000,0.0345,0.73
17785,es_step,4000,0.0078,0.688,0.0345,1.34
17786,replay,4000,0.0337,1.000,0.0345,0.74
17787,replay,4000,0.0340,1.000,0.0344,0.74
17788,replay,4000,0.0363,1.000,0.0344,0.74
17789,replay,4000,0.0351,1.000,0.0344,0.75
17790,replay,4000,0.0360,1.000,0.0345,0.75
17791,replay,4000,0.0398,1.000,0.0344,0.74
17792,replay,4000,0.0260,1.000,0.0344,0.74
17793,es_step,4000,-0.0215,0.938,0.0344,1.36
17794,es_step,4000,0.0002,0.875,0.0344,1.35
17795,es_step,4000,-0.0238,0.750,0.0344,1.34
17796,replay,4000,0.0400,1.000,0.0344,0.74
17797,replay,4000,0.0300,1.000,0.0343,0.74
17798,replay,4000,0.0482,1.000,0.0343,0.74
17799,replay,4000,0.0210,1.000,0.0343,0.74
17800,replay,4000,0.0761,1.000,0.0343,0.74
17801,replay,4000,0.0861,1.000,0.0344,0.74
17802,replay,4000,0.0888,1.000,0.0345,0.74
17803,replay,4000,0.0821,1.000,0.0345,0.74
17804,es_step,4000,0.0416,0.625,0.0346,1.34
17805,replay,4000,0.0751,1.000,0.0346,0.73
17806,replay,4000,0.0760,1.000,0.0347,0.73
17807,es_step,4000,0.0238,0.625,0.0347,1.33
17808,replay,4000,0.0707,1.000,0.0347,0.72
17809,replay,4000,0.0688,1.000,0.0347,0.73
17810,replay,4000,0.0778,1.000,0.0348,0.73
17811,replay,4000,0.0750,1.000,0.0348,0.73
17812,replay,4000,0.0636,1.000,0.0348,0.74
17813,replay,4000,0.0592,1.000,0.0348,0.73
17814,es_step,4000,-0.0093,0.562,0.0348,1.34
17815,replay,4000,0.0501,1.000,0.0348,0.73
17816,replay,4000,0.0342,1.000,0.0347,0.74
17817,es_step,4000,0.0014,0.625,0.0347,1.41
17818,replay,4000,0.0566,1.000,0.0347,0.73
17819,replay,4000,0.0581,1.000,0.0347,0.72
17820,replay,4000,0.0430,1.000,0.0347,0.73
17821,replay,4000,0.0272,1.000,0.0347,0.73
17822,replay,4000,0.0438,1.000,0.0346,0.73
17823,es_step,4000,0.0030,0.688,0.0346,1.33
17824,replay,4000,0.0342,1.000,0.0346,0.72
17825,replay,4000,0.0349,1.000,0.0345,0.74
17826,replay,4000,0.0368,1.000,0.0345,0.73
17827,replay,4000,0.0373,1.000,0.0345,0.73
17828,replay,4000,0.0188,1.000,0.0345,0.73
17829,replay,4000,0.0481,1.000,0.0344,0.72
17830,replay,4000,0.0633,1.000,0.0344,0.73
17831,replay,4000,0.0519,1.000,0.0345,0.73
17832,replay,4000,0.0276,1.000,0.0344,0.73
17833,replay,4000,0.0290,1.000,0.0344,0.73
17834,replay,4000,0.0268,1.000,0.0344,0.73
17835,replay,4000,0.0398,1.000,0.0343,0.73
17836,replay,4000,0.0317,1.000,0.0343,0.73
17837,replay,4000,0.0193,1.000,0.0342,0.73
17838,replay,4000,0.0132,1.000,0.0341,0.73
17839,es_step,4000,0.0001,0.938,0.0341,1.34
17840,replay,4000,0.0346,1.000,0.0341,0.73
17841,replay,4000,0.0401,1.000,0.0340,0.74
17842,replay,4000,0.0310,1.000,0.0340,0.74
17843,replay,4000,0.0648,1.000,0.0340,0.74
17844,replay,4000,0.0518,1.000,0.0339,0.74
17845,replay,4000,0.0535,1.000,0.0339,0.74
17846,replay,4000,0.0525,1.000,0.0339,0.73
17847,replay,4000,0.0471,1.000,0.0338,0.74
17848,replay,4000,0.0517,1.000,0.0338,0.73
17849,replay,4000,0.0508,1.000,0.0338,0.74
17850,replay,4000,0.0396,1.000,0.0338,0.75
17851,replay,4000,0.0919,1.000,0.0338,0.74
17852,replay,4000,0.0785,1.000,0.0338,0.74
17853,replay,4000,0.0708,1.000,0.0338,0.74
17854,replay,4000,0.0598,1.000,0.0338,0.74
17855,replay,4000,0.0648,1.000,0.0338,0.73
17856,replay,4000,0.0617,1.000,0.0338,0.73
17857,replay,4000,0.0656,1.000,0.0339,0.73
17858,replay,4000,0.0649,1.000,0.0339,0.73
17859,replay,4000,0.0646,1.000,0.0339,0.73
17860,replay,4000,0.0589,1.000,0.0339,0.74
17861,replay,4000,0.0564,1.000,0.0339,0.74
17862,es_step,4000,0.0026,0.875,0.0339,1.35
17863,replay,4000,0.0550,1.000,0.0339,0.74
17864,replay,4000,0.0579,1.000,0.0339,0.73
17865,replay,4000,0.0454,1.000,0.0339,0.74
17866,es_step,4000,0.0043,0.938,0.0339,1.36
17867,replay,4000,0.0416,1.000,0.0339,0.74
17868,replay,4000,0.0456,1.000,0.0338,0.73
17869,replay,4000,0.0483,1.000,0.0339,0.74
17870,es_step,4000,-0.0013,0.500,0.0339,2.12
17871,replay,4000,0.0493,1.000,0.0338,0.78
17872,replay,4000,0.0221,1.000,0.0338,0.79
17873,replay,4000,0.0364,1.000,0.0337,0.78
17874,es_step,4000,0.0197,0.938,0.0338,1.46
17875,replay,4000,0.0364,1.000,0.0337,0.78
17876,replay,4000,0.0514,1.000,0.0337,0.78
17877,replay,4000,0.0580,1.000,0.0337,0.79
17878,replay,4000,0.0512,1.000,0.0337,0.78
17879,es_step,4000,0.0075,0.875,0.0337,1.43
17880,replay,4000,0.0956,1.000,0.0337,0.78
17881,replay,4000,0.0819,1.000,0.0337,0.78
17882,es_step,4000,0.0231,0.750,0.0337,1.40
17883,replay,4000,0.0908,1.000,0.0338,0.77
17884,replay,4000,0.1000,1.000,0.0338,0.75
17885,replay,4000,0.0858,1.000,0.0338,0.75
17886,replay,4000,0.0754,1.000,0.0339,0.75
17887,replay,4000,0.0929,1.000,0.0340,0.76
17888,replay,4000,0.0888,1.000,0.0341,0.76
17889,replay,4000,0.0916,1.000,0.0341,0.75
17890,replay,4000,0.0846,1.000,0.0342,0.75
17891,replay,4000,0.0751,1.000,0.0343,0.76
17892,replay,4000,0.0706,1.000,0.0343,0.76
17893,replay,4000,0.0592,1.000,0.0343,0.75
17894,replay,4000,0.0559,1.000,0.0343,0.75
17895,es_step,4000,-0.0027,0.750,0.0343,1.38
17896,replay,4000,0.0448,1.000,0.0343,0.74
17897,es_step,4000,-0.0057,0.688,0.0344,1.36
17898,replay,4000,0.0497,1.000,0.0343,0.73
17899,replay,4000,0.0508,1.000,0.0343,0.73
17900,replay,4000,0.0847,1.000,0.0343,0.73
17901,replay,4000,0.0578,1.000,0.0343,0.74
17902,replay,4000,0.0303,1.000,0.0343,0.75
17903,replay,4000,0.0523,1.000,0.0343,0.74
17904,replay,4000,0.0784,1.000,0.0343,0.74
17905,replay,4000,0.0617,1.000,0.0343,0.74
17906,replay,4000,0.0634,1.000,0.0343,0.74
17907,replay,4000,0.0780,1.000,0.0343,0.74
17908,es_step,4000,0.0287,0.688,0.0343,1.37
17909,replay,4000,0.0759,1.000,0.0344,0.74
17910,replay,4000,0.0720,1.000,0.0344,0.74
17911,replay,4000,0.0762,1.000,0.0344,0.74
17912,replay,4000,0.0635,1.000,0.0344,0.74
17913,replay,4000,0.0862,1.000,0.0345,0.74
17914,es_step,4000,0.0086,0.500,0.0345,1.36
17915,es_step,4000,0.0232,0.875,0.0345,1.35
17916,replay,4000,0.0842,1.000,0.0345,0.73
17917,replay,4000,0.0692,1.000,0.0345,0.74
17918,replay,4000,0.0663,1.000,0.0346,0.74
17919,es_step,4000,0.0241,0.625,0.0346,1.37
17920,es_step,4000,0.0360,0.875,0.0348,1.35
17921,es_step,4000,0.0288,0.875,0.0348,1.34
17922,replay,4000,0.0804,1.000,0.0348,0.73
17923,es_step,4000,0.0312,0.812,0.0348,1.35
17924,replay,4000,0.0822,1.000,0.0349,0.74
17925,replay,4000,0.0767,1.000,0.0349,0.74
17926,es_step,4000,0.0317,0.875,0.0349,1.33
17927,replay,4000,0.0770,1.000,0.0350,0.73
17928,replay,4000,0.0668,1.000,0.0349,0.73
17929,es_step,4000,0.0218,1.000,0.0350,1.33
17930,replay,4000,0.0667,1.000,0.0349,0.73
17931,replay,4000,0.0526,1.000,0.0349,0.74
17932,replay,4000,0.0579,1.000,0.0349,0.73
17933,replay,4000,0.0424,1.000,0.0349,0.74
17934,replay,4000,0.0341,1.000,0.0348,0.74
17935,replay,4000,0.0619,1.000,0.0348,0.74
17936,replay,4000,0.0460,1.000,0.0348,0.73
17937,replay,4000,0.0476,1.000,0.0348,0.72
17938,es_step,4000,0.0146,0.812,0.0348,1.31
17939,es_step,4000,0.0247,0.750,0.0348,1.30
17940,replay,4000,0.0514,1.000,0.0348,0.72
17941,replay,4000,0.0538,1.000,0.0347,0.72
17942,replay,4000,0.0608,1.000,0.0347,0.74
17943,replay,4000,0.0617,1.000,0.0347,0.76
17944,es_step,4000,0.0262,0.625,0.0347,1.37
17945,replay,4000,0.0665,1.000,0.0348,0.76
17946,replay,4000,0.0676,1.000,0.0348,0.75
17947,replay,4000,0.0657,1.000,0.0348,0.76
17948,es_step,4000,0.0294,0.812,0.0348,1.35
17949,replay,4000,0.0676,1.000,0.0349,0.73
17950,es_step,4000,0.0132,0.625,0.0349,1.33
17951,es_step,4000,0.0248,0.812,0.0349,1.34
17952,replay,4000,0.0708,1.000,0.0349,0.74
17953,replay,4000,0.0698,1.000,0.0349,0.74
17954,replay,4000,0.0668,1.000,0.0349,0.74
17955,replay,4000,0.0652,1.000,0.0349,0.74
17956,replay,4000,0.0683,1.000,0.0349,0.74
17957,replay,4000,0.0589,1.000,0.0349,0.74
17958,es_step,4000,0.0180,0.875,0.0349,1.34
17959,replay,4000,0.0613,1.000,0.0349,0.73
17960,replay,4000,0.0596,1.000,0.0349,0.72
17961,replay,4000,0.0520,1.000,0.0349,0.73
17962,replay,4000,0.0543,1.000,0.0349,0.73
17963,replay,4000,0.0516,1.000,0.0349,0.73
17964,replay,4000,0.0381,1.000,0.0349,0.74
17965,replay,4000,0.0523,1.000,0.0348,0.74
17966,es_step,4000,0.0057,0.688,0.0348,1.34
17967,replay,4000,0.0545,1.000,0.0348,0.73
17968,replay,4000,0.0519,1.000,0.0348,0.72
17969,replay,4000,0.0266,1.000,0.0348,0.73
17970,replay,4000,0.0626,1.000,0.0348,0.73
17971,replay,4000,0.0592,1.000,0.0348,0.74
17972,replay,4000,0.0372,1.000,0.0348,0.75
17973,replay,4000,0.0400,1.000,0.0348,0.76
17974,replay,4000,0.0567,1.000,0.0347,0.75
17975,replay,4000,0.0548,1.000,0.0347,0.75
17976,es_step,4000,0.0072,1.000,0.0347,1.36
17977,replay,4000,0.0333,1.000,0.0347,0.74
17978,replay,4000,0.0338,1.000,0.0346,0.74
17979,replay,4000,0.0352,1.000,0.0346,0.74
17980,replay,4000,0.0533,1.000,0.0346,0.74
17981,replay,4000,0.0413,1.000,0.0346,0.74
17982,replay,4000,0.0553,1.000,0.0345,0.73
17983,es_step,4000,0.0135,0.938,0.0345,1.33
17984,es_step,4000,0.0173,0.938,0.0345,1.32
17985,replay,4000,0.0498,1.000,0.0345,0.72
17986,replay,4000,0.0574,1.000,0.0345,0.73
17987,replay,4000,0.0726,1.000,0.0345,0.72
17988,replay,4000,0.0724,1.000,0.0345,0.73
17989,replay,4000,0.0569,1.000,0.0345,0.73
17990,replay,4000,0.0766,1.000,0.0345,0.73
17991,replay,4000,0.0784,1.000,0.0346,0.73
17992,replay,4000,0.0737,1.000,0.0346,0.73
17993,replay,4000,0.0673,1.000,0.0346,0.73
17994,replay,4000,0.0711,1.000,0.0347,0.73
17995,replay,4000,0.0633,1.000,0.0347,0.74
17996,replay,4000,0.0587,1.000,0.0347,0.74
17997,es_step,4000,0.0077,1.000,0.0347,1.33
17998,es_step,4000,-0.0030,0.812,0.0347,1.32
17999,replay,4000,0.0499,1.000,0.0347,0.73
18000,replay,4000,0.0672,1.000,0.0347,0.77
18001,replay,4000,0.0512,1.000,0.0347,0.77
18002,es_step,4000,0.0080,0.875,0.0347,1.42
18003,replay,4000,0.0262,1.000,0.0346,0.77
18004,replay,4000,0.0321,1.000,0.0346,0.77
18005,replay,4000,0.0364,1.000,0.0346,0.77
18006,replay,4000,0.0424,1.000,0.0345,0.77
18007,replay,4000,0.0350,1.000,0.0345,0.77
18008,replay,4000,0.0431,1.000,0.0345,0.77
18009,replay,4000,0.0328,1.000,0.0344,0.77
18010,replay,4000,0.0377,1.000,0.0344,0.77
18011,es_step,4000,0.0035,1.000,0.0344,1.40
18012,replay,4000,0.0451,1.000,0.0343,0.76
18013,es_step,4000,0.0040,1.000,0.0343,1.40
18014,es_step,4000,-0.0021,1.000,0.0343,1.38
18015,replay,4000,0.0358,1.000,0.0343,0.75
18016,replay,4000,0.0410,1.000,0.0343,0.74
18017,es_step,4000,0.0025,0.875,0.0343,1.34
18018,replay,4000,0.0314,1.000,0.0342,0.73
18019,replay,4000,0.0396,1.000,0.0342,0.74
18020,es_step,4000,0.0070,0.938,0.0342,1.34
18021,es_step,4000,-0.0003,0.938,0.0342,1.34
18022,es_step,4000,0.0084,0.938,0.0342,1.34
18023,replay,4000,0.0417,1.000,0.0342,0.74
18024,replay,4000,0.0424,1.000,0.0341,0.74
18025,replay,4000,0.0460,1.000,0.0340,0.74
18026,es_step,4000,-0.0018,1.000,0.0340,1.34
18027,replay,4000,0.0335,1.000,0.0340,0.73
18028,es_step,4000,0.0007,1.000,0.0340,1.32
18029,replay,4000,0.0353,1.000,0.0340,0.72
18030,es_step,4000,0.0024,0.875,0.0340,1.32
18031,es_step,4000,-0.0136,0.938,0.0340,1.32
18032,es_step,4000,-0.0074,1.000,0.0340,1.31
18033,replay,4000,0.0249,1.000,0.0339,0.73
18034,es_step,4000,-0.0039,0.750,0.0339,1.31
18035,replay,4000,0.0341,1.000,0.0339,0.72
18036,es_step,4000,0.0098,0.875,0.0339,1.31
18037,replay,4000,0.0317,1.000,0.0338,0.72
18038,replay,4000,0.0256,1.000,0.0338,0.72
18039,replay,4000,0.0503,1.000,0.0338,0.72
18040,replay,4000,0.0496,1.000,0.0338,0.76
18041,replay,4000,0.0591,1.000,0.0338,0.72
18042,replay,4000,0.0555,1.000,0.0338,0.73
18043,replay,4000,0.1167,1.000,0.0338,0.73
18044,replay,4000,0.1011,1.000,0.0338,0.73
18045,replay,4000,0.0933,1.000,0.0339,0.73
18046,replay,4000,0.0860,1.000,0.0340,0.73
18047,replay,4000,0.0800,1.000,0.0341,0.73
18048,es_step,4000,0.0455,0.938,0.0342,1.31
18049,replay,4000,0.0730,1.000,0.0342,0.73
18050,replay,4000,0.0779,1.000,0.0343,0.73
18051,replay,4000,0.0729,1.000,0.0344,0.73
18052,replay,4000,0.0706,1.000,0.0344,0.74
18053,replay,4000,0.0701,1.000,0.0345,0.74
18054,replay,4000,0.0601,1.000,0.0345,0.75
18055,replay,4000,0.0556,1.000,0.0345,0.75
18056,replay,4000,0.0522,1.000,0.0345,3.02
18057,replay,4000,0.0484,1.000,0.0345,0.75
18058,es_step,4000,0.0260,0.750,0.0345,1.35
18059,replay,4000,0.0530,1.000,0.0345,0.74
18060,replay,4000,0.0474,1.000,0.0345,0.74
18061,replay,4000,0.0698,1.000,0.0345,0.75
18062,replay,4000,0.0474,1.000,0.0344,0.75
18063,replay,4000,0.0469,1.000,0.0344,0.75
18064,replay,4000,0.0543,1.000,0.0344,0.76
18065,replay,4000,0.0434,1.000,0.0344,0.76
18066,es_step,4000,0.0171,0.938,0.0344,1.36
18067,replay,4000,0.0371,1.000,0.0343,0.74
18068,es_step,4000,0.0181,0.875,0.0343,1.34
18069,replay,4000,0.0434,1.000,0.0343,0.73
18070,replay,4000,0.0405,1.000,0.0344,0.73
18071,replay,4000,0.0145,1.000,0.0344,0.73
18072,replay,4000,0.0415,1.000,0.0344,0.73
18073,es_step,4000,0.0202,0.875,0.0344,1.35
18074,replay,4000,0.0394,1.000,0.0343,0.74
18075,replay,4000,0.0412,1.000,0.0343,0.73
18076,replay,4000,0.0346,1.000,0.0343,0.73
18077,replay,4000,0.0403,1.000,0.0343,0.74
18078,replay,4000,0.0376,1.000,0.0343,0.74
18079,replay,4000,0.0382,1.000,0.0343,0.74
18080,replay,4000,0.0544,1.000,0.0342,0.74
18081,es_step,4000,0.0177,0.812,0.0342,1.35
18082,replay,4000,0.0498,1.000,0.0342,0.74
18083,replay,4000,0.0387,1.000,0.0342,0.74
18084,replay,4000,0.0487,1.000,0.0342,0.74
18085,replay,4000,0.0473,1.000,0.0342,0.74
18086,replay,4000,0.0535,1.000,0.0342,0.74
18087,replay,4000,0.0284,1.000,0.0341,0.74
18088,replay,4000,0.0690,1.000,0.0341,0.74
18089,replay,4000,0.0665,1.000,0.0341,0.73
18090,replay,4000,0.0519,1.000,0.0341,0.74
18091,es_step,4000,0.0199,0.625,0.0341,1.35
18092,es_step,4000,0.0218,0.688,0.0341,1.34
18093,replay,4000,0.0541,1.000,0.0341,0.73
18094,replay,4000,0.0572,1.000,0.0341,0.74
18095,replay,4000,0.0588,1.000,0.0341,0.74
18096,replay,4000,0.0580,1.000,0.0341,0.73
18097,es_step,4000,0.0283,0.688,0.0341,1.34
18098,replay,4000,0.0684,1.000,0.0341,0.73
18099,es_step,4000,0.0129,0.688,0.0341,1.33
18100,replay,4000,0.0663,1.000,0.0341,0.72
18101,replay,4000,0.0661,1.000,0.0341,0.73
18102,es_step,4000,0.0267,0.750,0.0341,1.31
18103,replay,4000,0.0540,1.000,0.0341,0.72
18104,replay,4000,0.0564,1.000,0.0341,0.72
18105,replay,4000,0.0359,1.000,0.0340,0.73
18106,replay,4000,0.0514,1.000,0.0340,0.72
18107,es_step,4000,0.0121,0.938,0.0340,1.32
18108,replay,4000,0.0469,1.000,0.0339,0.72
18109,es_step,4000,0.0178,0.875,0.0339,1.31
18110,es_step,4000,0.0079,0.875,0.0339,1.31
18111,replay,4000,0.0511,1.000,0.0339,0.73
18112,replay,4000,0.0527,1.000,0.0339,0.73
18113,replay,4000,0.0363,1.000,0.0339,0.73
18114,replay,4000,0.0441,1.000,0.0339,0.74
18115,replay,4000,0.0492,1.000,0.0339,0.74
18116,replay,4000,0.0536,1.000,0.0339,0.74
18117,replay,4000,0.0480,1.000,0.0339,0.75
18118,replay,4000,0.0398,1.000,0.0339,0.74
18119,replay,4000,0.0515,1.000,0.0339,0.74
18120,replay,4000,0.0498,1.000,0.0339,0.75
18121,replay,4000,0.0248,1.000,0.0339,0.75
18122,replay,4000,0.0350,1.000,0.0338,0.76
18123,replay,4000,0.0430,1.000,0.0338,0.75
18124,replay,4000,0.0242,1.000,0.0337,0.75
18125,es_step,4000,-0.0001,0.938,0.0337,1.37
18126,replay,4000,0.0339,1.000,0.0337,0.75
18127,replay,4000,0.0302,1.000,0.0336,0.75
18128,replay,4000,0.0227,1.000,0.0336,0.74
18129,es_step,4000,0.0030,0.812,0.0336,1.35
18130,replay,4000,0.0320,1.000,0.0336,0.73
18131,replay,4000,0.0235,1.000,0.0335,0.73
18132,replay,4000,0.0493,1.000,0.0335,0.73
18133,replay,4000,0.0475,1.000,0.0335,0.74
18134,replay,4000,0.0323,1.000,0.0334,0.75
18135,replay,4000,0.0532,1.000,0.0334,0.74
18136,replay,4000,0.0407,1.000,0.0334,0.75
18137,replay,4000,0.0464,1.000,0.0334,0.75
18138,replay,4000,0.0348,1.000,0.0334,0.74
18139,replay,4000,0.0434,1.000,0.0334,0.74
18140,es_step,4000,0.0131,0.750,0.0334,1.34
18141,es_step,4000,-0.0133,0.625,0.0334,1.33
18142,replay,4000,0.0409,1.000,0.0334,0.73
18143,replay,4000,0.0506,1.000,0.0334,0.73
18144,replay,4000,0.0627,1.000,0.0334,0.73
18145,replay,4000,0.0589,1.000,0.0334,0.74
18146,es_step,4000,0.0140,0.562,0.0334,1.35
18147,replay,4000,0.0568,1.000,0.0334,0.73
18148,replay,4000,0.0541,1.000,0.0334,0.74
18149,replay,4000,0.0438,1.000,0.0334,0.74
18150,replay,4000,0.0411,1.000,0.0334,0.74
18151,replay,4000,0.0289,1.000,0.0334,0.74
18152,replay,4000,0.0312,1.000,0.0333,0.74
18153,replay,4000,-0.0130,1.000,0.0332,0.74
18154,replay,4000,0.0210,1.000,0.0331,0.74
18155,replay,4000,0.0397,1.000,0.0331,0.74
18156,replay,4000,0.0396,1.000,0.0331,0.75
18157,es_step,4000,0.0185,0.750,0.0331,1.35
18158,replay,4000,0.0614,1.000,0.0331,0.73
18159,replay,4000,0.0527,1.000,0.0331,0.74
18160,replay,4000,0.0589,1.000,0.0331,0.74
18161,es_step,4000,0.0216,0.688,0.0331,1.35
18162,replay,4000,0.0490,1.000,0.0331,0.75
18163,replay,4000,0.0543,1.000,0.0331,0.74
18164,es_step,4000,0.0253,0.750,0.0331,1.36
18165,replay,4000,0.0524,1.000,0.0331,0.73
18166,replay,4000,0.0409,1.000,0.0331,0.73
18167,replay,4000,0.0507,1.000,0.0331,0.73
18168,replay,4000,0.0524,1.000,0.0331,0.73
18169,replay,4000,0.0503,1.000,0.0331,0.74
18170,es_step,4000,0.0087,0.562,0.0331,1.36
18171,es_step,4000,0.0065,0.875,0.0331,1.35
18172,es_step,4000,0.0239,0.688,0.0331,1.33
18173,replay,4000,0.0413,1.000,0.0330,0.72
18174,es_step,4000,0.0051,0.875,0.0331,1.32
18175,replay,4000,0.0293,1.000,0.0330,0.73
18176,replay,4000,0.0409,1.000,0.0330,0.74
18177,replay,4000,0.0451,1.000,0.0330,0.74
18178,replay,4000,0.0538,1.000,0.0330,0.75
18179,es_step,4000,0.0161,0.750,0.0330,1.35
18180,replay,4000,0.0460,1.000,0.0330,0.74
18181,replay,4000,0.0438,1.000,0.0330,0.74
18182,replay,4000,0.0417,1.000,0.0329,0.74
18183,replay,4000,0.0332,1.000,0.0329,0.74
18184,replay,4000,0.0327,1.000,0.0329,0.74
18185,es_step,4000,0.0086,0.812,0.0329,1.34
18186,es_step,4000,0.0100,0.875,0.0329,1.33
18187,es_step,4000,0.0251,0.500,0.0329,1.33
18188,es_step,4000,0.0066,0.625,0.0329,1.33
18189,replay,4000,0.0366,1.000,0.0328,0.72
18190,replay,4000,0.0421,1.000,0.0328,0.72
18191,es_step,4000,0.0117,0.875,0.0328,1.32
18192,replay,4000,0.0374,1.000,0.0328,0.72
18193,replay,4000,0.0532,1.000,0.0328,0.72
18194,es_step,4000,0.0151,0.750,0.0328,1.33
18195,replay,4000,0.0522,1.000,0.0328,0.72
18196,replay,4000,0.0487,1.000,0.0328,0.72
18197,replay,4000,0.0434,1.000,0.0327,0.72
18198,replay,4000,0.0543,1.000,0.0327,0.72
18199,replay,4000,0.0467,1.000,0.0327,0.72
18200,replay,4000,0.0508,1.000,0.0327,0.72
18201,replay,4000,0.0537,1.000,0.0327,0.74
18202,replay,4000,0.0509,1.000,0.0327,0.74
18203,replay,4000,0.0474,1.000,0.0327,0.74
18204,es_step,4000,0.0220,0.688,0.0327,1.35
18205,replay,4000,0.0509,1.000,0.0327,0.73
18206,replay,4000,0.0492,1.000,0.0327,0.74
18207,es_step,4000,0.0191,0.875,0.0327,1.37
18208,replay,4000,0.0458,1.000,0.0327,0.74
18209,replay,4000,0.0494,1.000,0.0327,0.74
18210,es_step,4000,0.0154,0.812,0.0327,1.34
18211,es_step,4000,0.0117,0.750,0.0327,1.33
18212,replay,4000,0.0427,1.000,0.0327,0.73
18213,replay,4000,0.0484,1.000,0.0327,0.73
18214,replay,4000,0.0497,1.000,0.0327,0.73
18215,replay,4000,0.0374,1.000,0.0327,0.73
18216,replay,4000,0.0451,1.000,0.0326,0.73
18217,replay,4000,0.0470,1.000,0.0326,0.73
18218,replay,4000,0.0386,1.000,0.0326,0.73
18219,replay,4000,0.0241,1.000,0.0326,0.74
18220,replay,4000,0.0608,1.000,0.0326,0.74
18221,replay,4000,0.0636,1.000,0.0326,0.74
18222,replay,4000,0.0602,1.000,0.0327,0.74
18223,replay,4000,0.0733,1.000,0.0327,0.74
18224,replay,4000,0.0758,1.000,0.0327,0.74
18225,replay,4000,0.0627,1.000,0.0328,0.75
18226,replay,4000,0.0407,1.000,0.0329,0.75
18227,replay,4000,0.0637,1.000,0.0329,0.75
18228,replay,4000,0.0706,1.000,0.0329,0.75
18229,replay,4000,0.0643,1.000,0.0330,0.75
18230,replay,4000,0.0649,1.000,0.0330,0.75
18231,replay,4000,0.0634,1.000,0.0331,0.75
18232,replay,4000,0.0564,1.000,0.0331,0.76
18233,replay,4000,0.0515,1.000,0.0331,0.76
18234,replay,4000,0.0377,1.000,0.0331,0.76
18235,es_step,4000,0.0248,0.750,0.0331,1.40
18236,replay,4000,0.0448,1.000,0.0331,0.75
18237,replay,4000,0.0451,1.000,0.0331,0.75
18238,es_step,4000,0.0203,0.812,0.0331,1.38
18239,replay,4000,0.0522,1.000,0.0331,0.75
18240,replay,4000,0.0494,1.000,0.0330,0.75
18241,replay,4000,0.0442,1.000,0.0331,0.75
18242,replay,4000,0.0517,1.000,0.0331,0.75
18243,replay,4000,0.0457,1.000,0.0331,0.75
18244,replay,4000,0.0396,1.000,0.0331,0.75
18245,replay,4000,0.0354,1.000,0.0331,0.75
18246,replay,4000,0.0371,1.000,0.0331,0.76
18247,replay,4000,0.0410,1.000,0.0330,0.76
18248,replay,4000,0.0458,1.000,0.0331,0.76
18249,es_step,4000,0.0084,0.812,0.0331,1.38
18250,replay,4000,0.0556,1.000,0.0330,0.75
18251,replay,4000,0.0431,1.000,0.0330,0.76
18252,es_step,4000,0.0068,0.812,0.0330,1.38
18253,replay,4000,0.0457,1.000,0.0330,0.75
18254,replay,4000,0.0333,1.000,0.0330,0.75
18255,replay,4000,0.0388,1.000,0.0330,0.75
18256,replay,4000,0.0647,1.000,0.0330,0.75
18257,replay,4000,0.0466,1.000,0.0329,0.75
18258,es_step,4000,0.0097,0.812,0.0329,1.38
18259,replay,4000,0.0569,1.000,0.0329,0.76
18260,es_step,4000,0.0220,0.750,0.0329,1.35
18261,replay,4000,0.0569,1.000,0.0329,0.74
18262,replay,4000,0.0552,1.000,0.0329,0.74
18263,replay,4000,0.0566,1.000,0.0329,0.74
18264,replay,4000,0.0569,1.000,0.0329,0.74
18265,replay,4000,0.0651,1.000,0.0331,0.74
18266,replay,4000,0.0603,1.000,0.0330,0.74
18267,replay,4000,0.0591,1.000,0.0330,0.74
18268,es_step,4000,0.0355,0.812,0.0330,1.34
18269,replay,4000,0.0573,1.000,0.0331,0.74
18270,replay,4000,0.0678,1.000,0.0331,0.74
18271,replay,4000,0.0877,1.000,0.0332,0.75
18272,replay,4000,0.0607,1.000,0.0332,0.74
18273,replay,4000,0.0743,1.000,0.0332,0.75
18274,replay,4000,0.0747,1.000,0.0333,0.74
18275,es_step,4000,0.0383,0.438,0.0333,1.35
18276,replay,4000,0.0726,1.000,0.0333,0.74
18277,replay,4000,0.0804,1.000,0.0333,0.73
18278,replay,4000,0.0692,1.000,0.0334,0.74
18279,replay,4000,0.0742,1.000,0.0334,0.73
18280,replay,4000,0.0928,1.000,0.0334,0.73
18281,es_step,4000,0.0203,0.750,0.0334,1.34
18282,replay,4000,0.0805,1.000,0.0335,0.74
18283,replay,4000,0.0781,1.000,0.0335,0.75
18284,replay,4000,0.0668,1.000,0.0336,0.76
18285,replay,4000,0.0546,1.000,0.0335,0.74
18286,replay,4000,0.0668,1.000,0.0336,0.75
18287,replay,4000,0.0779,1.000,0.0336,0.75
18288,replay,4000,0.0681,1.000,0.0336,0.74
18289,replay,4000,0.0713,1.000,0.0337,0.74
18290,replay,4000,0.0740,1.000,0.0337,0.74
18291,replay,4000,0.0633,1.000,0.0338,0.74
18292,replay,4000,0.0593,1.000,0.0338,0.74
18293,replay,4000,0.0622,1.000,0.0338,0.75
18294,replay,4000,0.0628,1.000,0.0339,0.74
18295,replay,4000,0.0719,1.000,0.0339,0.75
18296,replay,4000,0.0614,1.000,0.0339,0.75
18297,replay,4000,0.0536,1.000,0.0339,0.75
18298,replay,4000,0.0522,1.000,0.0339,0.75
18299,replay,4000,0.0544,1.000,0.0339,0.75
18300,es_step,4000,-0.0047,0.750,0.0339,1.37
18301,replay,4000,0.0522,1.000,0.0339,0.74
18302,replay,4000,0.0504,1.000,0.0339,0.74
18303,replay,4000,0.0598,1.000,0.0339,0.74
18304,replay,4000,0.0652,1.000,0.0339,0.74
18305,replay,4000,0.0432,1.000,0.0339,0.74
18306,es_step,4000,0.0208,0.625,0.0339,1.35
18307,replay,4000,0.0453,1.000,0.0339,0.74
18308,replay,4000,0.0710,1.000,0.0339,0.74
18309,es_step,4000,0.0076,0.562,0.0339,1.35
18310,replay,4000,0.0274,1.000,0.0340,0.74
18311,replay,4000,0.0631,1.000,0.0339,0.74
18312,replay,4000,0.0707,1.000,0.0340,0.75
18313,replay,4000,0.0663,1.000,0.0340,0.74
18314,replay,4000,0.0640,1.000,0.0341,0.74
18315,replay,4000,0.0650,1.000,0.0341,0.74
18316,replay,4000,0.0550,1.000,0.0341,0.74
18317,replay,4000,0.0617,1.000,0.0341,0.74
18318,replay,4000,0.0550,1.000,0.0341,0.74
18319,replay,4000,0.0428,1.000,0.0341,0.73
18320,replay,4000,0.0405,1.000,0.0341,0.74
18321,replay,4000,0.0373,1.000,0.0341,0.74
18322,replay,4000,0.0289,1.000,0.0340,0.75
18323,replay,4000,0.0483,1.000,0.0339,0.75
18324,replay,4000,0.0159,1.000,0.0340,0.75
18325,replay,4000,0.0407,1.000,0.0340,0.75
18326,replay,4000,0.0290,1.000,0.0339,0.75
18327,replay,4000,0.0380,1.000,0.0339,0.76
18328,replay,4000,0.0258,1.000,0.0339,0.75
18329,replay,4000,0.0665,1.000,0.0339,0.76
18330,es_step,4000,0.0137,0.438,0.0339,1.37
18331,replay,4000,0.0637,1.000,0.0339,0.75
18332,replay,4000,0.0754,1.000,0.0340,0.74
18333,replay,4000,0.0744,1.000,0.0340,0.74
18334,replay,4000,0.0752,1.000,0.0340,0.74
18335,es_step,4000,0.0309,0.812,0.0340,1.36
18336,replay,4000,0.0651,1.000,0.0341,0.74
18337,replay,4000,0.0525,1.000,0.0341,0.73
18338,replay,4000,0.0535,1.000,0.0341,0.73
18339,replay,4000,0.0435,1.000,0.0341,0.73
18340,replay,4000,0.0419,1.000,0.0340,0.74
18341,replay,4000,0.0382,1.000,0.0340,0.73
18342,es_step,4000,0.0068,0.625,0.0340,1.34
18343,replay,4000,0.0313,1.000,0.0340,0.74
18344,replay,4000,0.0430,1.000,0.0340,0.73
18345,replay,4000,0.0332,1.000,0.0339,0.74
18346,replay,4000,0.0329,1.000,0.0339,0.75
18347,replay,4000,0.0442,1.000,0.0339,0.75
18348,replay,4000,0.0539,1.000,0.0339,0.76
18349,replay,4000,0.0382,1.000,0.0338,0.75
18350,replay,4000,0.0439,1.000,0.0338,0.75
18351,replay,4000,0.0126,1.000,0.0338,0.76
18352,replay,4000,0.0474,1.000,0.0338,0.76
18353,es_step,4000,0.0047,0.438,0.0338,1.37
18354,replay,4000,0.0612,1.000,0.0338,0.75
18355,es_step,4000,0.0135,0.562,0.0338,1.36
18356,replay,4000,0.0425,1.000,0.0338,0.74
18357,replay,4000,0.0583,1.000,0.0338,0.74
18358,replay,4000,0.0504,1.000,0.0338,0.75
18359,replay,4000,0.0424,1.000,0.0338,0.74
18360,es_step,4000,0.0047,0.812,0.0338,1.35
18361,replay,4000,0.0551,1.000,0.0338,0.74
18362,es_step,4000,0.0229,0.438,0.0338,1.35
18363,replay,4000,0.0514,1.000,0.0338,0.74
18364,replay,4000,0.0485,1.000,0.0338,2.96
18365,replay,4000,0.0480,1.000,0.0338,0.73
18366,replay,4000,0.0331,1.000,0.0338,0.73
18367,replay,4000,0.0418,1.000,0.0337,0.74
18368,replay,4000,0.0257,1.000,0.0337,0.74
18369,replay,4000,0.0303,1.000,0.0337,0.74
18370,replay,4000,0.0264,1.000,0.0336,0.74
18371,replay,4000,0.0355,1.000,0.0336,0.74
18372,replay,4000,0.0406,1.000,0.0335,0.75
18373,replay,4000,0.0423,1.000,0.0335,0.75
18374,es_step,4000,0.0014,0.812,0.0335,1.36
18375,replay,4000,0.0347,1.000,0.0335,0.74
18376,replay,4000,0.0213,1.000,0.0334,0.73
18377,replay,4000,0.0360,1.000,0.0334,0.73
18378,replay,4000,0.0311,1.000,0.0333,0.72
18379,replay,4000,0.0261,1.000,0.0333,0.72
18380,es_step,4000,-0.0144,0.625,0.0333,1.32
18381,replay,4000,0.0344,1.000,0.0333,0.72
18382,es_step,4000,0.0121,0.750,0.0333,1.31
18383,replay,4000,0.0426,1.000,0.0333,0.72
18384,replay,4000,0.0422,1.000,0.0333,0.72
18385,es_step,4000,0.0061,0.562,0.0333,1.33
18386,replay,4000,0.0300,1.000,0.0333,0.72
18387,replay,4000,0.0483,1.000,0.0333,0.72
18388,es_step,4000,0.0125,0.625,0.0333,1.33
18389,replay,4000,0.0596,1.000,0.0333,0.72
18390,replay,4000,0.0520,1.000,0.0333,0.73
18391,replay,4000,0.0579,1.000,0.0333,0.73
18392,replay,4000,0.0568,1.000,0.0333,0.72
18393,es_step,4000,0.0164,0.438,0.0333,1.32
18394,replay,4000,0.0503,1.000,0.0333,0.72
18395,replay,4000,0.0590,1.000,0.0333,0.73
18396,es_step,4000,0.0147,0.750,0.0333,1.33
18397,replay,4000,0.0481,1.000,0.0333,0.74
18398,replay,4000,0.0536,1.000,0.0333,0.74
18399,replay,4000,0.0591,1.000,0.0333,0.74
18400,replay,4000,0.0555,1.000,0.0334,0.74
18401,replay,4000,0.0470,1.000,0.0334,0.74
18402,es_step,4000,0.0104,0.562,0.0334,1.33
18403,replay,4000,0.0527,1.000,0.0333,0.72
18404,replay,4000,0.0542,1.000,0.0334,0.72
18405,replay,4000,0.0479,1.000,0.0334,0.72
18406,replay,4000,0.0432,1.000,0.0333,0.72
18407,replay,4000,0.0545,1.000,0.0333,0.72
18408,replay,4000,0.0454,1.000,0.0333,0.73
18409,replay,4000,0.0549,1.000,0.0333,0.73
18410,replay,4000,0.0577,1.000,0.0334,0.74
18411,es_step,4000,-0.0025,0.750,0.0334,1.33
18412,replay,4000,0.0565,1.000,0.0334,0.73
18413,replay,4000,0.0604,1.000,0.0334,0.73
18414,replay,4000,0.0533,1.000,0.0334,0.73
18415,replay,4000,0.0646,1.000,0.0334,0.74
18416,replay,4000,0.0621,1.000,0.0334,0.73
18417,replay,4000,0.0657,1.000,0.0334,0.74
18418,replay,4000,0.0607,1.000,0.0334,0.75
18419,replay,4000,0.0614,1.000,0.0334,0.76
18420,replay,4000,0.0593,1.000,0.0335,0.76
18421,replay,4000,0.0554,1.000,0.0335,0.75
18422,replay,4000,0.0564,1.000,0.0335,0.76
18423,replay,4000,0.0380,1.000,0.0334,0.75
18424,replay,4000,0.0418,1.000,0.0334,0.75
18425,replay,4000,0.0314,1.000,0.0334,0.76
18426,es_step,4000,0.0200,0.750,0.0334,1.40
18427,replay,4000,0.0443,1.000,0.0334,0.75
18428,replay,4000,0.0458,1.000,0.0334,0.75
18429,replay,4000,0.0564,1.000,0.0334,0.75
18430,replay,4000,0.0654,1.000,0.0334,0.75
18431,es_step,4000,0.0247,0.750,0.0334,1.38
18432,replay,4000,0.0596,1.000,0.0334,0.74
18433,replay,4000,0.0508,1.000,0.0334,0.74
18434,replay,4000,0.0736,1.000,0.0334,0.75
18435,replay,4000,0.0566,1.000,0.0334,0.75
18436,replay,4000,0.0311,1.000,0.0334,0.75
18437,replay,4000,0.0586,1.000,0.0334,0.75
18438,replay,4000,0.0577,1.000,0.0334,0.75
18439,replay,4000,0.0538,1.000,0.0335,0.74
18440,es_step,4000,0.0084,0.688,0.0335,1.34
18441,replay,4000,0.0565,1.000,0.0334,0.74
18442,replay,4000,0.0424,1.000,0.0334,0.74
18443,replay,4000,0.0335,1.000,0.0334,0.73
18444,replay,4000,0.0300,1.000,0.0333,0.73
18445,replay,4000,0.0328,1.000,0.0333,0.73
18446,es_step,4000,0.0018,0.812,0.0333,1.33
18447,es_step,4000,-0.0003,0.500,0.0333,1.32
18448,replay,4000,0.0339,1.000,0.0332,0.73
18449,replay,4000,0.0341,1.000,0.0332,0.74
18450,es_step,4000,0.0039,0.625,0.0332,1.35
18451,replay,4000,0.0408,1.000,0.0331,0.74
18452,replay,4000,0.0412,1.000,0.0331,0.73
18453,es_step,4000,0.0060,0.562,0.0331,1.33
18454,replay,4000,0.0483,1.000,0.0331,0.73
18455,es_step,4000,0.0076,0.625,0.0331,1.32
18456,replay,4000,0.0458,1.000,0.0331,0.72
18457,replay,4000,0.0537,1.000,0.0331,0.73
18458,replay,4000,0.0537,1.000,0.0331,0.74
18459,replay,4000,0.0530,1.000,0.0331,0.74
18460,replay,4000,0.0537,1.000,0.0331,0.74
18461,replay,4000,0.0524,1.000,0.0331,0.74
18462,replay,4000,0.0567,1.000,0.0331,0.74
18463,replay,4000,0.0538,1.000,0.0331,0.74
18464,replay,4000,0.0411,1.000,0.0331,0.74
18465,es_step,4000,0.0237,0.562,0.0331,1.32
18466,replay,4000,0.0560,1.000,0.0331,0.72
18467,replay,4000,0.0515,1.000,0.0331,0.72
18468,replay,4000,0.0546,1.000,0.0331,0.73
18469,replay,4000,0.0386,1.000,0.0330,0.72
18470,es_step,4000,0.0082,0.562,0.0330,1.32
18471,es_step,4000,0.0145,0.688,0.0330,1.31
18472,replay,4000,0.0495,1.000,0.0330,0.72
18473,es_step,4000,0.0073,0.750,0.0330,1.31
18474,replay,4000,0.0448,1.000,0.0330,0.72
18475,replay,4000,0.0367,1.000,0.0330,0.73
18476,replay,4000,0.0435,1.000,0.0330,0.73
18477,replay,4000,0.0449,1.000,0.0329,0.73
18478,replay,4000,0.0321,1.000,0.0329,0.73
18479,es_step,4000,0.0017,0.812,0.0329,1.32
18480,replay,4000,0.0446,1.000,0.0329,0.72
18481,replay,4000,0.0697,1.000,0.0329,0.72
18482,replay,4000,0.0585,1.000,0.0328,0.72
18483,replay,4000,0.0494,1.000,0.0328,0.72
18484,replay,4000,0.0526,1.000,0.0328,0.72
18485,replay,4000,0.0567,1.000,0.0328,0.72
18486,replay,4000,0.0556,1.000,0.0329,0.73
18487,es_step,4000,0.0271,0.750,0.0329,1.33
18488,replay,4000,0.0657,1.000,0.0329,0.73
18489,replay,4000,0.0624,1.000,0.0329,0.74
18490,replay,4000,0.0690,1.000,0.0330,0.73
18491,replay,4000,0.0622,1.000,0.0330,0.73
18492,es_step,4000,0.0274,0.750,0.0330,1.31
18493,replay,4000,0.0634,1.000,0.0330,0.72
18494,replay,4000,0.0574,1.000,0.0330,0.72
18495,es_step,4000,0.0153,0.812,0.0330,1.30
18496,es_step,4000,0.0153,0.562,0.0330,1.31
18497,replay,4000,0.0519,1.000,0.0331,0.72
18498,es_step,4000,0.0039,0.812,0.0331,1.32
18499,es_step,4000,0.0158,0.812,0.0331,1.30
18500,replay,4000,0.0525,1.000,0.0331,0.73
18501,replay,4000,0.0469,1.000,0.0331,0.74
18502,replay,4000,0.0508,1.000,0.0331,0.75
18503,replay,4000,0.0466,1.000,0.0330,0.74
18504,replay,4000,0.0479,1.000,0.0331,0.75
18505,replay,4000,0.0447,1.000,0.0330,0.75
18506,replay,4000,0.0397,1.000,0.0330,0.75
18507,replay,4000,0.0118,1.000,0.0329,0.75
18508,es_step,4000,-0.0019,0.875,0.0329,1.35
18509,es_step,4000,0.0060,0.750,0.0329,1.35
18510,replay,4000,0.0322,1.000,0.0329,0.74
18511,replay,4000,0.0302,1.000,0.0329,0.75
18512,es_step,4000,0.0072,0.625,0.0329,1.35
18513,replay,4000,0.0325,1.000,0.0329,0.74
18514,replay,4000,0.0346,1.000,0.0328,0.73
18515,replay,4000,0.0350,1.000,0.0328,0.74
18516,replay,4000,0.0439,1.000,0.0328,0.75
18517,es_step,4000,0.0026,0.750,0.0328,1.35
18518,replay,4000,0.0445,1.000,0.0327,0.73
18519,replay,4000,0.0291,1.000,0.0327,0.73
18520,replay,4000,0.0261,1.000,0.0327,0.74
18521,replay,4000,0.0382,1.000,0.0326,0.76
18522,replay,4000,0.0387,1.000,0.0326,0.74
18523,replay,4000,0.0438,1.000,0.0326,0.75
18524,replay,4000,0.0485,1.000,0.0326,0.75
18525,replay,4000,0.0499,1.000,0.0326,0.75
18526,replay,4000,0.0475,1.000,0.0325,0.75
18527,es_step,4000,0.0105,0.625,0.0325,1.35
18528,replay,4000,0.0436,1.000,0.0325,0.74
18529,replay,4000,0.0456,1.000,0.0325,0.73
18530,replay,4000,0.0334,1.000,0.0325,0.74
18531,es_step,4000,0.0107,0.812,0.0325,1.35
18532,es_step,4000,0.0091,0.750,0.0325,1.33
18533,replay,4000,0.0290,1.000,0.0324,0.73
18534,es_step,4000,0.0091,0.812,0.0324,1.35
18535,replay,4000,0.0215,1.000,0.0324,0.73
18536,replay,4000,0.0420,1.000,0.0324,0.73
18537,replay,4000,0.0532,1.000,0.0324,0.73
18538,replay,4000,0.0524,1.000,0.0324,0.74
18539,replay,4000,0.0531,1.000,0.0324,0.74
18540,replay,4000,0.0579,1.000,0.0324,0.74
18541,replay,4000,0.0615,1.000,0.0324,0.74
18542,replay,4000,0.0545,1.000,0.0324,0.75
18543,replay,4000,0.0577,1.000,0.0325,0.75
18544,es_step,4000,0.0209,0.938,0.0325,1.35
18545,replay,4000,0.0683,1.000,0.0325,0.74
18546,es_step,4000,0.0261,0.875,0.0325,1.32
18547,replay,4000,0.0655,1.000,0.0325,0.73
18548,es_step,4000,0.0244,0.812,0.0325,1.33
18549,es_step,4000,0.0229,0.812,0.0325,1.31
18550,replay,4000,0.0632,1.000,0.0326,0.72
18551,replay,4000,0.0580,1.000,0.0326,0.72
18552,replay,4000,0.0511,1.000,0.0326,0.72
18553,es_step,4000,0.0182,0.625,0.0326,1.32
18554,replay,4000,0.0482,1.000,0.0326,0.73
18555,replay,4000,0.0407,1.000,0.0325,0.73
18556,es_step,4000,0.0142,0.750,0.0325,1.32
18557,replay,4000,0.0382,1.000,0.0325,0.72
18558,replay,4000,0.0466,1.000,0.0325,0.72
18559,replay,4000,0.0631,1.000,0.0324,0.74
18560,es_step,4000,0.0113,0.812,0.0324,1.33
18561,replay,4000,0.0538,1.000,0.0324,0.73
18562,replay,4000,0.0514,1.000,0.0324,0.73
18563,es_step,4000,0.0098,0.938,0.0324,1.32
18564,replay,4000,0.0666,1.000,0.0324,0.72
18565,replay,4000,0.0709,1.000,0.0324,0.72
18566,es_step,4000,0.0112,0.938,0.0324,1.31
18567,replay,4000,0.0618,1.000,0.0323,0.72
18568,replay,4000,0.0628,1.000,0.0323,0.72
18569,replay,4000,0.0664,1.000,0.0323,0.73
18570,replay,4000,0.0582,1.000,0.0324,0.74
18571,es_step,4000,0.0359,0.812,0.0324,1.32
18572,replay,4000,0.0719,1.000,0.0324,0.72
18573,replay,4000,0.0628,1.000,0.0324,0.73
18574,es_step,4000,0.0230,0.750,0.0325,1.32
18575,replay,4000,0.0437,1.000,0.0323,0.72
18576,replay,4000,0.0323,1.000,0.0322,0.72
18577,replay,4000,0.0435,1.000,0.0322,0.72
18578,replay,4000,0.0429,1.000,0.0322,0.73
18579,es_step,4000,0.0062,0.938,0.0322,1.32
18580,es_step,4000,0.0069,0.750,0.0322,1.31
18581,es_step,4000,0.0085,0.625,0.0322,1.30
18582,replay,4000,0.0524,1.000,0.0322,0.72
18583,replay,4000,0.0376,1.000,0.0322,0.72
18584,replay,4000,0.0319,1.000,0.0322,0.72
18585,replay,4000,0.0384,1.000,0.0321,0.72
18586,replay,4000,0.0343,1.000,0.0321,0.73
18587,replay,4000,0.0391,1.000,0.0321,0.74
18588,replay,4000,0.0322,1.000,0.0321,0.74
18589,replay,4000,0.0332,1.000,0.0321,0.74
18590,replay,4000,0.0436,1.000,0.0321,0.74
18591,replay,4000,0.0415,1.000,0.0320,0.74
18592,es_step,4000,0.0093,0.938,0.0320,1.33
18593,replay,4000,0.0464,1.000,0.0320,0.73
18594,replay,4000,0.0208,1.000,0.0320,0.73
18595,replay,4000,0.0475,1.000,0.0320,0.72
18596,replay,4000,0.0439,1.000,0.0320,0.72
18597,replay,4000,0.0255,1.000,0.0319,0.73
18598,replay,4000,0.0339,1.000,0.0319,0.73
18599,replay,4000,0.0338,1.000,0.0319,0.74
18600,replay,4000,0.0457,1.000,0.0319,0.74
18601,replay,4000,0.0469,1.000,0.0318,0.74
18602,replay,4000,0.0466,1.000,0.0318,0.74
18603,replay,4000,0.0423,1.000,0.0318,0.74
18604,replay,4000,0.0343,1.000,0.0318,0.74
18605,es_step,4000,0.0079,0.750,0.0318,1.34
18606,replay,4000,0.0298,1.000,0.0317,0.73
18607,replay,4000,0.0425,1.000,0.0317,0.73
18608,replay,4000,0.0413,1.000,0.0317,0.74
18609,replay,4000,0.0290,1.000,0.0316,0.74
18610,replay,4000,0.0318,1.000,0.0316,0.74
18611,replay,4000,0.0439,1.000,0.0316,0.74
18612,replay,4000,0.0467,1.000,0.0316,0.75
18613,replay,4000,0.0418,1.000,0.0316,0.75
18614,replay,4000,0.0463,1.000,0.0316,0.75
18615,replay,4000,0.0529,1.000,0.0316,0.75
18616,es_step,4000,0.0056,0.688,0.0316,1.37
18617,replay,4000,0.0503,1.000,0.0316,0.74
18618,replay,4000,0.0483,1.000,0.0316,0.74
18619,es_step,4000,0.0168,0.812,0.0316,1.35
18620,replay,4000,0.0431,1.000,0.0316,0.73
18621,es_step,4000,0.0077,0.688,0.0316,1.34
18622,replay,4000,0.0374,1.000,0.0315,0.73
18623,es_step,4000,0.0036,0.500,0.0315,1.33
18624,es_step,4000,0.0105,0.750,0.0315,1.33
18625,es_step,4000,-0.0047,0.938,0.0315,1.32
18626,replay,4000,0.0318,1.000,0.0315,0.73
18627,replay,4000,0.0206,1.000,0.0314,0.72
18628,replay,4000,0.0298,1.000,0.0314,0.72
18629,replay,4000,0.0257,1.000,0.0313,0.72
18630,replay,4000,0.0190,1.000,0.0313,0.72
18631,replay,4000,0.0373,1.000,0.0312,0.73
18632,replay,4000,0.0399,1.000,0.0312,0.74
18633,replay,4000,0.0456,1.000,0.0312,0.74
18634,replay,4000,0.0432,1.000,0.0312,0.74
18635,replay,4000,0.0408,1.000,0.0312,0.73
18636,replay,4000,0.0447,1.000,0.0312,0.73
18637,replay,4000,0.0427,1.000,0.0312,0.73
18638,replay,4000,0.0344,1.000,0.0312,0.74
18639,es_step,4000,0.0221,0.812,0.0312,1.34
18640,replay,4000,0.0694,1.000,0.0312,0.73
18641,replay,4000,0.0610,1.000,0.0312,0.74
18642,replay,4000,0.0522,1.000,0.0312,0.74
18643,es_step,4000,0.0168,0.875,0.0312,1.34
18644,replay,4000,0.0492,1.000,0.0312,0.73
18645,replay,4000,0.0518,1.000,0.0312,0.73
18646,replay,4000,0.0514,1.000,0.0312,0.73
18647,es_step,4000,0.0197,0.875,0.0312,1.32
18648,replay,4000,0.0462,1.000,0.0312,0.72
18649,replay,4000,0.0478,1.000,0.0312,0.72
18650,es_step,4000,0.0156,0.875,0.0312,1.33
18651,replay,4000,0.0413,1.000,0.0312,0.73
18652,replay,4000,0.0497,1.000,0.0312,0.73
18653,replay,4000,0.0472,1.000,0.0312,0.73
18654,replay,4000,0.0457,1.000,0.0312,0.74
18655,replay,4000,-0.0776,1.000,0.0311,0.74
18656,replay,4000,0.0430,1.000,0.0311,0.74
18657,es_step,4000,0.0168,0.750,0.0311,1.32
18658,replay,4000,0.0584,1.000,0.0312,0.72
18659,replay,4000,0.0522,1.000,0.0312,0.72
18660,es_step,4000,0.0208,0.875,0.0312,3.58
18661,replay,4000,0.0553,1.000,0.0312,0.72
18662,replay,4000,0.0343,1.000,0.0311,0.73
18663,replay,4000,0.0520,1.000,0.0311,0.73
18664,es_step,4000,0.0176,0.875,0.0311,1.32
18665,replay,4000,0.0471,1.000,0.0311,0.72
18666,replay,4000,0.0425,1.000,0.0310,0.72
18667,es_step,4000,0.0054,0.938,0.0310,1.32
18668,replay,4000,0.0297,1.000,0.0310,0.72
18669,es_step,4000,0.0023,0.875,0.0310,1.31
18670,replay,4000,0.0410,1.000,0.0310,0.71
18671,replay,4000,0.0488,1.000,0.0310,0.71
18672,es_step,4000,0.0123,0.875,0.0310,1.30
18673,es_step,4000,0.0112,0.938,0.0310,1.30
18674,replay,4000,0.0325,1.000,0.0309,0.71
18675,replay,4000,0.0432,1.000,0.0309,0.71
18676,es_step,4000,0.0100,0.750,0.0309,1.31
18677,replay,4000,0.0611,1.000,0.0310,0.72
18678,replay,4000,0.0688,1.000,0.0310,0.72
18679,replay,4000,0.0541,1.000,0.0310,0.73
18680,replay,4000,0.0449,1.000,0.0310,0.74
18681,replay,4000,0.0558,1.000,0.0310,0.74
18682,replay,4000,0.0379,1.000,0.0309,0.74
18683,replay,4000,0.0578,1.000,0.0309,0.74
18684,es_step,4000,0.0201,1.000,0.0309,1.33
18685,replay,4000,0.0591,1.000,0.0309,0.73
18686,replay,4000,0.0460,1.000,0.0309,0.73
18687,replay,4000,0.0569,1.000,0.0309,0.73
18688,es_step,4000,0.0219,0.875,0.0309,1.33
18689,es_step,4000,0.0285,0.938,0.0309,1.31
18690,replay,4000,0.0554,1.000,0.0309,0.72
18691,replay,4000,0.0521,1.000,0.0309,0.72
18692,replay,4000,0.0400,1.000,0.0309,0.72
18693,replay,4000,0.0468,1.000,0.0309,0.72
18694,es_step,4000,0.0161,0.938,0.0309,1.31
18695,replay,4000,0.0320,1.000,0.0308,0.72
18696,replay,4000,0.0378,1.000,0.0308,0.72
18697,replay,4000,0.0451,1.000,0.0308,0.73
18698,replay,4000,0.0436,1.000,0.0308,0.73
18699,replay,4000,0.0355,1.000,0.0307,0.73
18700,replay,4000,0.0330,1.000,0.0307,0.73
18701,es_step,4000,0.0182,0.938,0.0307,1.31
18702,replay,4000,0.0346,1.000,0.0307,0.72
18703,es_step,4000,0.0151,0.875,0.0307,1.31
18704,replay,4000,0.0297,1.000,0.0307,0.72
18705,replay,4000,0.0285,1.000,0.0306,0.72
18706,replay,4000,0.0352,1.000,0.0306,0.72
18707,replay,4000,0.0555,1.000,0.0307,0.72
18708,replay,4000,0.0560,1.000,0.0307,0.72
18709,replay,4000,0.0575,1.000,0.0307,0.72
18710,replay,4000,0.0540,1.000,0.0307,0.72
18711,es_step,4000,0.0217,0.875,0.0307,1.31
18712,replay,4000,0.0504,1.000,0.0307,0.71
18713,replay,4000,0.0489,1.000,0.0307,0.72
18714,replay,4000,0.0496,1.000,0.0307,0.71
18715,replay,4000,0.0523,1.000,0.0307,0.72
18716,replay,4000,0.0403,1.000,0.0307,0.72
18717,es_step,4000,0.0069,1.000,0.0307,1.30
18718,replay,4000,0.0204,1.000,0.0305,0.71
18719,replay,4000,0.0515,1.000,0.0305,0.72
18720,replay,4000,0.0477,1.000,0.0304,0.73
18721,replay,4000,0.0307,1.000,0.0304,0.73
18722,replay,4000,0.0388,1.000,0.0304,0.73
18723,replay,4000,0.0486,1.000,0.0304,0.74
18724,replay,4000,0.0453,1.000,0.0304,0.74
18725,replay,4000,0.0494,1.000,0.0304,0.74
18726,replay,4000,0.0446,1.000,0.0304,0.74
18727,replay,4000,0.0423,1.000,0.0303,0.74
18728,replay,4000,0.0353,1.000,0.0303,0.74
18729,replay,4000,0.0309,1.000,0.0302,0.73
18730,replay,4000,0.0239,1.000,0.0302,0.74
18731,es_step,4000,0.0066,1.000,0.0302,1.33
18732,replay,4000,0.0236,1.000,0.0301,0.73
18733,es_step,4000,0.0033,1.000,0.0301,1.31
18734,replay,4000,0.0229,1.000,0.0301,0.72
18735,replay,4000,0.0342,1.000,0.0300,0.72
18736,replay,4000,0.0204,1.000,0.0300,0.72
18737,replay,4000,0.0241,1.000,0.0299,0.72
18738,replay,4000,0.0415,1.000,0.0299,0.72
18739,replay,4000,0.0372,1.000,0.0298,0.72
18740,replay,4000,0.0384,1.000,0.0298,0.73
18741,replay,4000,0.0411,1.000,0.0298,0.74
18742,replay,4000,0.0348,1.000,0.0298,0.74
18743,replay,4000,0.0343,1.000,0.0297,0.74
18744,es_step,4000,0.0185,0.875,0.0297,1.35
18745,es_step,4000,0.0201,1.000,0.0297,1.33
18746,replay,4000,0.0553,1.000,0.0297,0.73
18747,replay,4000,0.0461,1.000,0.0297,0.73
18748,replay,4000,0.0522,1.000,0.0296,0.73
18749,replay,4000,0.0454,1.000,0.0296,0.73
18750,es_step,4000,0.0138,1.000,0.0296,1.32
18751,replay,4000,0.0432,1.000,0.0296,0.72
18752,replay,4000,0.0382,1.000,0.0296,0.73
18753,replay,4000,0.0272,1.000,0.0296,0.73
18754,es_step,4000,0.0152,1.000,0.0296,1.31
18755,replay,4000,0.0398,1.000,0.0295,0.72
18756,replay,4000,0.0346,1.000,0.0295,0.72
18757,replay,4000,0.0477,1.000,0.0295,0.73
18758,replay,4000,0.0456,1.000,0.0295,0.74
18759,replay,4000,0.0248,1.000,0.0294,0.74
18760,es_step,4000,0.0112,1.000,0.0294,1.34
18761,replay,4000,0.0445,1.000,0.0294,0.73
18762,replay,4000,0.0413,1.000,0.0294,0.73
18763,replay,4000,0.0520,1.000,0.0294,0.73
18764,replay,4000,0.0740,1.000,0.0294,0.74
18765,replay,4000,0.0636,1.000,0.0294,0.75
18766,es_step,4000,0.0255,1.000,0.0294,1.34
18767,es_step,4000,0.0221,0.938,0.0294,1.32
18768,replay,4000,0.0678,1.000,0.0294,0.73
18769,es_step,4000,0.0327,0.875,0.0294,1.33
18770,replay,4000,0.0613,1.000,0.0295,0.73
18771,replay,4000,0.0673,1.000,0.0295,0.73
18772,replay,4000,0.0742,1.000,0.0296,0.73
18773,replay,4000,0.0702,1.000,0.0296,0.73
18774,replay,4000,0.0708,1.000,0.0297,0.73
18775,es_step,4000,0.0363,0.938,0.0297,1.32
18776,replay,4000,0.0636,1.000,0.0297,0.73
18777,replay,4000,0.0617,1.000,0.0297,0.73
18778,replay,4000,0.0544,1.000,0.0298,0.73
18779,replay,4000,0.0580,1.000,0.0298,0.73
18780,replay,4000,0.0403,1.000,0.0298,0.75
18781,replay,4000,0.0433,1.000,0.0298,0.75
18782,replay,4000,0.0513,1.000,0.0298,0.75
18783,replay,4000,0.0477,1.000,0.0298,0.75
18784,replay,4000,0.0343,1.000,0.0298,0.74
18785,replay,4000,0.0309,1.000,0.0297,0.75
18786,es_step,4000,0.0141,0.875,0.0297,1.36
18787,es_step,4000,0.0154,0.812,0.0297,1.34
18788,es_step,4000,0.0123,0.875,0.0297,1.32
18789,replay,4000,0.0350,1.000,0.0297,0.73
18790,replay,4000,0.0271,1.000,0.0297,0.74
18791,replay,4000,-0.0001,1.000,0.0295,0.73
18792,replay,4000,0.0333,1.000,0.0295,0.74
18793,replay,4000,0.0522,1.000,0.0295,0.74
18794,replay,4000,0.0483,1.000,0.0295,0.75
18795,replay,4000,0.0475,1.000,0.0295,0.75
18796,replay,4000,0.0405,1.000,0.0295,0.75
18797,replay,4000,0.0241,1.000,0.0295,0.75
18798,replay,4000,0.0439,1.000,0.0295,0.75
18799,replay,4000,0.0488,1.000,0.0296,0.76
18800,replay,4000,0.0506,1.000,0.0296,0.76
18801,es_step,4000,0.0234,1.000,0.0296,1.37
18802,replay,4000,0.0482,1.000,0.0296,0.74
18803,replay,4000,0.0535,1.000,0.0296,0.75
18804,es_step,4000,0.0182,0.938,0.0296,1.38
18805,replay,4000,0.0499,1.000,0.0296,0.76
18806,replay,4000,0.0437,1.000,0.0296,0.75
18807,es_step,4000,0.0116,1.000,0.0296,1.35
18808,replay,4000,0.0448,1.000,0.0296,0.74
18809,replay,4000,0.0389,1.000,0.0295,0.75
18810,replay,4000,0.0417,1.000,0.0295,0.75
18811,replay,4000,0.0326,1.000,0.0295,0.75
18812,es_step,4000,0.0113,0.875,0.0295,1.36
18813,es_step,4000,0.0029,1.000,0.0295,1.37
18814,replay,4000,0.0277,1.000,0.0295,0.74
18815,replay,4000,0.0304,1.000,0.0294,0.74
18816,replay,4000,0.0300,1.000,0.0294,0.75
18817,replay,4000,0.0315,1.000,0.0294,0.75
18818,replay,4000,0.0153,1.000,0.0292,0.76
18819,replay,4000,0.0402,1.000,0.0292,0.76
18820,replay,4000,0.0443,1.000,0.0292,0.75
18821,replay,4000,0.0303,1.000,0.0292,0.76
18822,replay,4000,0.0436,1.000,0.0292,0.75
18823,replay,4000,0.0374,1.000,0.0292,0.75
18824,replay,4000,0.0515,1.000,0.0292,0.76
18825,replay,4000,0.0510,1.000,0.0293,0.75
18826,es_step,4000,0.0249,1.000,0.0293,1.36
18827,replay,4000,0.0467,1.000,0.0293,0.73
18828,replay,4000,0.0538,1.000,0.0293,0.74
18829,replay,4000,0.0446,1.000,0.0292,0.73
18830,replay,4000,0.0461,1.000,0.0292,0.73
18831,replay,4000,0.0365,1.000,0.0292,0.74
18832,replay,4000,0.0400,1.000,0.0292,0.74
18833,replay,4000,-0.1243,1.000,0.0292,0.75
18834,replay,4000,-0.0161,1.000,0.0291,0.76
18835,es_step,4000,0.0285,1.000,0.0291,1.36
18836,replay,4000,0.0562,1.000,0.0291,0.74
18837,replay,4000,0.0621,1.000,0.0292,0.74
18838,replay,4000,0.0655,1.000,0.0292,0.74
18839,replay,4000,0.0783,1.000,0.0293,0.75
18840,replay,4000,0.0544,1.000,0.0294,0.74
18841,replay,4000,0.0855,1.000,0.0294,0.75
18842,es_step,4000,0.0565,1.000,0.0297,1.35
18843,replay,4000,0.0875,1.000,0.0298,0.74
18844,es_step,4000,0.0509,1.000,0.0298,1.34
18845,replay,4000,0.0789,1.000,0.0298,0.73
18846,replay,4000,0.0825,1.000,0.0299,0.74
18847,replay,4000,0.0817,1.000,0.0300,0.75
18848,es_step,4000,0.0474,1.000,0.0300,1.35
18849,replay,4000,0.0802,1.000,0.0301,0.73
18850,replay,4000,0.0690,1.000,0.0302,0.73
18851,replay,4000,0.0833,1.000,0.0302,0.73
18852,replay,4000,0.0790,1.000,0.0303,0.73
18853,replay,4000,0.0596,1.000,0.0304,0.73
18854,replay,4000,0.0541,1.000,0.0303,0.73
18855,replay,4000,0.0513,1.000,0.0304,0.74
18856,replay,4000,0.0549,1.000,0.0304,0.74
18857,replay,4000,0.0481,1.000,0.0303,0.74
18858,replay,4000,0.0548,1.000,0.0303,0.75
18859,replay,4000,0.0511,1.000,0.0303,0.75
18860,replay,4000,0.0468,1.000,0.0303,0.75
18861,replay,4000,0.0464,1.000,0.0303,0.76
18862,es_step,4000,0.0239,1.000,0.0303,1.35
18863,es_step,4000,0.0173,1.000,0.0303,1.34
18864,replay,4000,0.0590,1.000,0.0303,0.73
18865,replay,4000,0.0520,1.000,0.0303,0.73
18866,replay,4000,0.0504,1.000,0.0303,0.73
18867,replay,4000,0.0513,1.000,0.0303,0.73
18868,replay,4000,0.0469,1.000,0.0303,0.73
18869,replay,4000,0.0424,1.000,0.0303,0.74
18870,replay,4000,0.0432,1.000,0.0303,0.74
18871,replay,4000,0.0432,1.000,0.0302,0.74
18872,replay,4000,0.0331,1.000,0.0302,0.75
18873,replay,4000,0.0342,1.000,0.0302,0.75
18874,replay,4000,0.0397,1.000,0.0302,0.74
18875,replay,4000,0.0343,1.000,0.0302,0.75
18876,replay,4000,0.0264,1.000,0.0301,0.75
18877,replay,4000,0.0587,1.000,0.0301,0.77
18878,replay,4000,0.0525,1.000,0.0301,0.76
18879,replay,4000,0.0516,1.000,0.0301,0.76
18880,replay,4000,0.0533,1.000,0.0301,0.76
18881,replay,4000,0.0567,1.000,0.0301,0.76
18882,replay,4000,0.0533,1.000,0.0301,0.76
18883,replay,4000,0.0370,1.000,0.0301,0.77
18884,replay,4000,0.0330,1.000,0.0301,0.76
18885,replay,4000,0.0548,1.000,0.0301,0.77
18886,replay,4000,0.0713,1.000,0.0301,0.77
18887,replay,4000,0.0665,1.000,0.0302,0.77
18888,replay,4000,0.0833,1.000,0.0302,0.77
18889,replay,4000,0.0684,1.000,0.0302,0.77
18890,replay,4000,0.0538,1.000,0.0302,0.77
18891,es_step,4000,0.0354,0.875,0.0302,1.42
18892,replay,4000,0.0626,1.000,0.0303,0.76
18893,replay,4000,0.0566,1.000,0.0303,0.75
18894,replay,4000,0.0522,1.000,0.0303,0.76
18895,replay,4000,0.0408,1.000,0.0303,0.75
18896,replay,4000,0.0430,1.000,0.0303,0.76
18897,replay,4000,0.0447,1.000,0.0303,0.75
18898,replay,4000,0.0282,1.000,0.0302,0.76
18899,es_step,4000,0.0143,0.938,0.0302,1.38
18900,replay,4000,0.0285,1.000,0.0302,0.75
18901,replay,4000,0.0268,1.000,0.0302,0.74
18902,replay,4000,0.0260,1.000,0.0301,0.74
18903,replay,4000,0.0403,1.000,0.0301,0.75
18904,replay,4000,0.0490,1.000,0.0302,0.76
18905,replay,4000,0.0657,1.000,0.0302,0.76
18906,replay,4000,0.0428,1.000,0.0301,0.76
18907,es_step,4000,0.0172,1.000,0.0301,1.36
18908,replay,4000,0.0459,1.000,0.0301,0.75
18909,replay,4000,0.0455,1.000,0.0301,0.75
18910,replay,4000,0.0613,1.000,0.0301,0.75
18911,replay,4000,0.0541,1.000,0.0301,0.76
18912,replay,4000,0.0609,1.000,0.0301,0.76
18913,replay,4000,0.0582,1.000,0.0302,0.76
18914,replay,4000,0.0581,1.000,0.0302,0.76
18915,replay,4000,0.0973,1.000,0.0302,0.76
18916,replay,4000,0.0699,1.000,0.0302,0.76
18917,replay,4000,0.0458,1.000,0.0302,0.75
18918,replay,4000,0.0611,1.000,0.0302,0.76
18919,replay,4000,0.0567,1.000,0.0303,0.76
18920,replay,4000,0.0617,1.000,0.0303,0.76
18921,es_step,4000,0.0317,1.000,0.0303,1.38
18922,replay,4000,0.0592,1.000,0.0303,0.75
18923,es_step,4000,0.0344,1.000,0.0303,1.37
18924,replay,4000,0.0602,1.000,0.0304,0.75
18925,replay,4000,0.0670,1.000,0.0304,0.75
18926,replay,4000,0.0637,1.000,0.0304,0.74
18927,replay,4000,0.0549,1.000,0.0304,0.74
18928,replay,4000,0.0495,1.000,0.0304,0.74
18929,replay,4000,0.0445,1.000,0.0303,0.74
18930,es_step,4000,0.0170,1.000,0.0303,1.35
18931,replay,4000,0.0140,1.000,0.0303,0.74
18932,replay,4000,0.0404,1.000,0.0303,0.74
18933,replay,4000,0.0086,1.000,0.0302,0.74
18934,replay,4000,0.0407,1.000,0.0302,0.74
18935,es_step,4000,0.0097,1.000,0.0302,1.34
18936,es_step,4000,0.0191,1.000,0.0302,1.35
18937,replay,4000,0.0366,1.000,0.0301,0.74
18938,replay,4000,0.0346,1.000,0.0301,0.74
18939,replay,4000,0.0368,1.000,0.0301,0.74
18940,replay,4000,0.0411,1.000,0.0301,0.75
18941,replay,4000,0.0313,1.000,0.0300,0.75
18942,replay,4000,0.0373,1.000,0.0300,0.75
18943,replay,4000,0.0162,1.000,0.0300,0.74
18944,replay,4000,0.0222,1.000,0.0299,0.74
18945,replay,4000,0.0419,1.000,0.0299,0.75
18946,replay,4000,0.0463,1.000,0.0299,0.75
18947,replay,4000,0.0345,1.000,0.0299,0.76
18948,replay,4000,0.0437,1.000,0.0299,0.75
18949,replay,4000,0.0536,1.000,0.0299,0.75
18950,replay,4000,0.0477,1.000,0.0299,0.75
18951,replay,4000,0.0502,1.000,0.0299,0.74
18952,es_step,4000,0.0180,1.000,0.0299,1.37
18953,replay,4000,0.0519,1.000,0.0299,0.75
18954,replay,4000,0.0477,1.000,0.0299,0.76
18955,replay,4000,0.0485,1.000,0.0299,0.76
18956,es_step,4000,0.0096,1.000,0.0299,1.37
18957,replay,4000,0.0441,1.000,0.0299,0.75
18958,replay,4000,0.0423,1.000,0.0299,0.75
18959,replay,4000,0.0354,1.000,0.0299,0.75
18960,replay,4000,0.0442,1.000,0.0298,0.75
18961,replay,4000,0.0336,1.000,0.0298,0.75
18962,es_step,4000,0.0140,0.938,0.0298,1.36
18963,replay,4000,0.0371,1.000,0.0298,0.74
18964,replay,4000,0.0420,1.000,0.0298,0.74
18965,replay,4000,0.0454,1.000,0.0297,0.73
18966,replay,4000,0.0410,1.000,0.0297,0.73
18967,replay,4000,0.0498,1.000,0.0297,0.73
18968,es_step,4000,0.0119,1.000,0.0297,1.35
18969,replay,4000,0.0442,1.000,0.0297,0.73
18970,replay,4000,0.0457,1.000,0.0297,0.73
18971,replay,4000,0.0417,1.000,0.0297,2.96
18972,replay,4000,0.0480,1.000,0.0297,0.73
18973,replay,4000,0.0420,1.000,0.0297,0.74
18974,replay,4000,0.0366,1.000,0.0297,0.73
18975,replay,4000,0.0512,1.000,0.0297,0.73
18976,replay,4000,0.0464,1.000,0.0297,0.75
18977,es_step,4000,0.0220,1.000,0.0297,1.35
18978,es_step,4000,0.0210,1.000,0.0297,1.35
18979,replay,4000,0.0407,1.000,0.0297,0.73
18980,replay,4000,0.0473,1.000,0.0297,0.74
18981,replay,4000,0.0550,1.000,0.0297,0.74
18982,replay,4000,0.0580,1.000,0.0298,0.74
18983,replay,4000,0.0685,1.000,0.0298,0.75
18984,es_step,4000,0.0263,1.000,0.0298,1.35
18985,replay,4000,0.0551,1.000,0.0298,0.73
18986,replay,4000,0.0671,1.000,0.0298,0.75
18987,replay,4000,0.0610,1.000,0.0300,0.75
18988,replay,4000,0.0588,1.000,0.0300,0.75
18989,replay,4000,0.0625,1.000,0.0300,0.76
18990,replay,4000,0.0559,1.000,0.0300,0.76
18991,es_step,4000,0.0341,1.000,0.0300,1.37
18992,replay,4000,0.0579,1.000,0.0301,0.75
18993,replay,4000,0.0548,1.000,0.0301,0.75
18994,es_step,4000,0.0256,1.000,0.0301,1.37
18995,replay,4000,0.0554,1.000,0.0301,0.73
18996,replay,4000,0.0488,1.000,0.0301,0.74
18997,replay,4000,0.0420,1.000,0.0301,0.74
18998,replay,4000,0.0373,1.000,0.0301,0.75
18999,replay,4000,0.0449,1.000,0.0301,0.74
19000,replay,4000,0.0404,1.000,0.0301,0.74
19001,replay,4000,0.0328,1.000,0.0300,0.75
19002,replay,4000,0.0184,1.000,0.0300,0.75
19003,replay,4000,0.0384,1.000,0.0300,0.75
19004,es_step,4000,0.0162,1.000,0.0300,1.37
19005,replay,4000,0.0479,1.000,0.0300,0.73
19006,replay,4000,0.0415,1.000,0.0300,0.74
19007,replay,4000,0.0358,1.000,0.0300,0.75
19008,replay,4000,0.0502,1.000,0.0300,0.75
19009,replay,4000,0.0515,1.000,0.0300,0.76
19010,replay,4000,0.0605,1.000,0.0301,0.75
19011,replay,4000,0.0893,1.000,0.0301,0.75
19012,es_step,4000,0.0294,0.938,0.0301,1.36
19013,replay,4000,0.0961,1.000,0.0301,0.74
19014,es_step,4000,0.0312,0.938,0.0301,1.34
19015,es_step,4000,0.0341,0.875,0.0302,1.35
19016,replay,4000,0.0776,1.000,0.0302,0.74
19017,replay,4000,0.0774,1.000,0.0302,0.74
19018,replay,4000,0.0755,1.000,0.0303,0.73
19019,replay,4000,0.0734,1.000,0.0303,0.73
19020,replay,4000,0.0671,1.000,0.0304,0.73
19021,replay,4000,0.0581,1.000,0.0304,0.74
19022,replay,4000,0.0606,1.000,0.0304,0.74
19023,replay,4000,0.0629,1.000,0.0305,0.75
19024,replay,4000,0.0630,1.000,0.0305,0.76
19025,replay,4000,0.0476,1.000,0.0305,0.76
19026,es_step,4000,0.0325,1.000,0.0305,1.37
19027,replay,4000,0.0587,1.000,0.0305,0.75
19028,replay,4000,0.0599,1.000,0.0305,0.75
19029,replay,4000,0.0622,1.000,0.0305,0.75
19030,replay,4000,0.0445,1.000,0.0306,0.74
19031,es_step,4000,0.0232,0.938,0.0306,1.35
19032,replay,4000,0.0436,1.000,0.0306,0.74
19033,replay,4000,0.0375,1.000,0.0306,0.74
19034,replay,4000,0.0479,1.000,0.0306,0.75
19035,replay,4000,0.0387,1.000,0.0305,0.76
19036,replay,4000,0.0506,1.000,0.0305,0.75
19037,replay,4000,0.0252,1.000,0.0304,0.76
19038,replay,4000,0.0467,1.000,0.0304,0.75
19039,es_step,4000,0.0138,0.875,0.0304,1.34
19040,replay,4000,0.0359,1.000,0.0304,0.73
19041,replay,4000,0.0373,1.000,0.0304,0.74
19042,replay,4000,0.0292,1.000,0.0303,0.75
19043,replay,4000,0.0464,1.000,0.0303,0.77
19044,replay,4000,0.0383,1.000,0.0303,0.75
19045,replay,4000,0.0489,1.000,0.0303,0.75
19046,replay,4000,0.0460,1.000,0.0303,0.76
19047,es_step,4000,0.0165,0.938,0.0303,1.36
19048,replay,4000,0.0509,1.000,0.0303,0.74
19049,replay,4000,0.0373,1.000,0.0303,0.74
19050,replay,4000,0.0337,1.000,0.0303,0.75
19051,replay,4000,0.0371,1.000,0.0302,0.74
19052,replay,4000,0.0359,1.000,0.0302,0.75
19053,es_step,4000,0.0154,0.938,0.0302,1.35
19054,replay,4000,0.0288,1.000,0.0303,0.73
19055,replay,4000,0.0459,1.000,0.0303,0.73
19056,replay,4000,0.0452,1.000,0.0303,0.73
19057,replay,4000,0.0217,1.000,0.0302,0.73
19058,es_step,4000,0.0033,0.875,0.0302,1.33
19059,replay,4000,0.0210,1.000,0.0302,0.73
19060,replay,4000,0.0238,1.000,0.0301,0.73
19061,replay,4000,0.0462,1.000,0.0301,0.73
19062,es_step,4000,0.0052,1.000,0.0301,1.34
19063,es_step,4000,0.0113,0.938,0.0301,1.34
19064,replay,4000,0.0361,1.000,0.0300,0.73
19065,replay,4000,0.0269,1.000,0.0300,0.73
19066,replay,4000,0.0302,1.000,0.0300,0.73
19067,replay,4000,0.0451,1.000,0.0299,0.74
19068,replay,4000,0.0461,1.000,0.0299,0.73
19069,es_step,4000,0.0220,0.938,0.0299,1.34
19070,replay,4000,0.0494,1.000,0.0299,0.73
19071,replay,4000,0.0454,1.000,0.0299,0.74
19072,replay,4000,0.0416,1.000,0.0299,0.75
19073,replay,4000,0.0485,1.000,0.0299,0.75
19074,es_step,4000,0.0211,1.000,0.0299,1.36
19075,replay,4000,0.0449,1.000,0.0299,0.74
19076,replay,4000,0.0430,1.000,0.0299,0.74
19077,replay,4000,0.0307,1.000,0.0298,0.73
19078,replay,4000,0.0399,1.000,0.0298,0.74
19079,replay,4000,0.0284,1.000,0.0298,0.74
19080,replay,4000,0.0278,1.000,0.0298,0.74
19081,replay,4000,0.0463,1.000,0.0297,0.74
19082,replay,4000,0.0407,1.000,0.0297,0.74
19083,es_step,4000,0.0249,1.000,0.0297,1.34
19084,replay,4000,0.0374,1.000,0.0297,0.74
19085,replay,4000,0.0428,1.000,0.0297,0.75
19086,replay,4000,0.0476,1.000,0.0297,0.75
19087,replay,4000,0.0447,1.000,0.0297,0.76
19088,replay,4000,0.0450,1.000,0.0297,0.75
19089,replay,4000,0.0337,1.000,0.0297,0.75
19090,replay,4000,0.0194,1.000,0.0297,0.76
19091,replay,4000,0.0208,1.000,0.0296,0.76
19092,replay,4000,0.0232,1.000,0.0296,0.76
19093,replay,4000,0.0380,1.000,0.0296,0.76
19094,es_step,4000,0.0103,1.000,0.0296,1.38
19095,replay,4000,0.0308,1.000,0.0295,0.75
19096,replay,4000,0.0255,1.000,0.0295,0.75
19097,replay,4000,0.0250,1.000,0.0295,0.75
19098,replay,4000,0.0171,1.000,0.0294,0.75
19099,replay,4000,0.0359,1.000,0.0294,0.74
19100,replay,4000,0.0363,1.000,0.0294,0.75
19101,replay,4000,0.0227,1.000,0.0293,0.75
19102,replay,4000,0.0346,1.000,0.0293,0.75
19103,replay,4000,0.0272,1.000,0.0293,0.75
19104,replay,4000,0.0308,1.000,0.0293,0.75
19105,replay,4000,0.0382,1.000,0.0293,0.75
19106,es_step,4000,0.0189,0.938,0.0293,1.35
19107,replay,4000,0.0466,1.000,0.0293,0.74
19108,replay,4000,0.0339,1.000,0.0294,0.73
19109,replay,4000,0.0450,1.000,0.0294,0.74
19110,replay,4000,0.0500,1.000,0.0294,0.75
19111,replay,4000,0.0547,1.000,0.0294,0.75
19112,replay,4000,0.0755,1.000,0.0294,0.75
19113,replay,4000,0.0603,1.000,0.0294,0.75
19114,replay,4000,0.0668,1.000,0.0294,0.76
19115,replay,4000,0.0544,1.000,0.0295,0.76
19116,replay,4000,0.0654,1.000,0.0295,0.77
19117,replay,4000,0.0606,1.000,0.0296,0.76
19118,replay,4000,0.0585,1.000,0.0297,0.77
19119,replay,4000,0.0647,1.000,0.0297,0.77
19120,replay,4000,0.0647,1.000,0.0297,0.77
19121,replay,4000,0.0590,1.000,0.0297,0.77
19122,replay,4000,0.0507,1.000,0.0297,0.76
19123,replay,4000,0.0488,1.000,0.0297,0.76
19124,replay,4000,0.0451,1.000,0.0298,0.76
19125,replay,4000,0.0476,1.000,0.0298,0.76
19126,replay,4000,0.0471,1.000,0.0297,0.76
19127,es_step,4000,0.0170,0.750,0.0297,1.38
19128,es_step,4000,0.0174,0.688,0.0297,1.37
19129,replay,4000,0.0376,1.000,0.0297,0.74
19130,replay,4000,0.0383,1.000,0.0297,0.74
19131,es_step,4000,0.0149,0.938,0.0297,1.36
19132,replay,4000,0.0267,1.000,0.0297,0.74
19133,replay,4000,0.0347,1.000,0.0297,0.75
19134,replay,4000,0.0471,1.000,0.0296,0.75
19135,replay,4000,0.0473,1.000,0.0296,0.75
19136,replay,4000,0.0497,1.000,0.0296,0.75
19137,replay,4000,0.0438,1.000,0.0296,0.75
19138,es_step,4000,0.0252,1.000,0.0296,1.36
19139,replay,4000,0.0519,1.000,0.0297,0.74
19140,replay,4000,0.0621,1.000,0.0296,0.74
19141,es_step,4000,0.0211,0.875,0.0296,1.36
19142,replay,4000,0.0545,1.000,0.0297,0.74
19143,es_step,4000,0.0197,1.000,0.0297,1.35
19144,replay,4000,0.0540,1.000,0.0297,0.74
19145,es_step,4000,0.0147,0.938,0.0297,1.35
19146,replay,4000,0.0464,1.000,0.0297,0.74
19147,replay,4000,0.0416,1.000,0.0297,0.74
19148,replay,4000,0.0446,1.000,0.0297,0.74
19149,replay,4000,0.0438,1.000,0.0297,0.74
19150,es_step,4000,0.0083,0.938,0.0297,1.34
19151,replay,4000,0.0416,1.000,0.0297,0.73
19152,replay,4000,0.0428,1.000,0.0296,0.74
19153,replay,4000,0.0429,1.000,0.0297,0.75
19154,es_step,4000,0.0113,1.000,0.0298,1.34
19155,es_step,4000,0.0107,1.000,0.0298,1.35
19156,replay,4000,0.0426,1.000,0.0297,0.74
19157,replay,4000,0.0361,1.000,0.0297,0.74
19158,es_step,4000,0.0048,1.000,0.0297,1.36
19159,replay,4000,0.0371,1.000,0.0297,0.75
19160,es_step,4000,0.0066,0.938,0.0297,1.35
19161,replay,4000,0.0281,1.000,0.0297,0.74
19162,replay,4000,0.0202,1.000,0.0296,0.74
19163,replay,4000,0.0296,1.000,0.0296,0.73
19164,replay,4000,0.0360,1.000,0.0296,0.74
19165,replay,4000,0.0187,1.000,0.0295,0.73
19166,replay,4000,0.0419,1.000,0.0295,0.74
19167,replay,4000,0.0498,1.000,0.0295,0.75
19168,es_step,4000,0.0064,1.000,0.0295,1.35
19169,replay,4000,0.0440,1.000,0.0294,0.73
19170,replay,4000,0.0411,1.000,0.0294,0.73
19171,replay,4000,0.0491,1.000,0.0294,0.73
19172,replay,4000,0.0464,1.000,0.0294,0.74
19173,es_step,4000,0.0140,0.812,0.0294,1.35
19174,replay,4000,0.0473,1.000,0.0294,0.73
19175,replay,4000,0.0407,1.000,0.0294,0.74
19176,es_step,4000,0.0074,0.938,0.0294,1.34
19177,es_step,4000,0.0089,0.938,0.0294,1.34
19178,replay,4000,0.0301,1.000,0.0294,0.73
19179,replay,4000,0.0320,1.000,0.0294,0.73
19180,replay,4000,0.0529,1.000,0.0294,0.73
19181,replay,4000,0.0464,1.000,0.0294,0.73
19182,es_step,4000,0.0109,0.938,0.0294,1.33
19183,replay,4000,0.0469,1.000,0.0293,0.73
19184,replay,4000,0.0529,1.000,0.0294,0.73
19185,replay,4000,0.0518,1.000,0.0294,0.74
19186,replay,4000,0.0233,1.000,0.0294,0.74
19187,replay,4000,0.0434,1.000,0.0293,0.73
19188,replay,4000,0.0408,1.000,0.0294,0.74
19189,replay,4000,0.0284,1.000,0.0294,0.75
19190,replay,4000,0.0387,1.000,0.0294,0.75
19191,replay,4000,0.0631,1.000,0.0294,0.75
19192,replay,4000,0.0482,1.000,0.0294,0.75
19193,replay,4000,0.0669,1.000,0.0294,0.75
19194,replay,4000,0.0707,1.000,0.0295,0.75
19195,replay,4000,0.0631,1.000,0.0295,0.75
19196,replay,4000,0.0589,1.000,0.0296,0.75
19197,replay,4000,0.0696,1.000,0.0296,0.76
19198,replay,4000,0.0557,1.000,0.0296,0.76
19199,replay,4000,0.0580,1.000,0.0297,0.76
19200,es_step,4000,0.0148,1.000,0.0297,1.38
19201,replay,4000,0.0562,1.000,0.0297,0.75
19202,replay,4000,0.0663,1.000,0.0297,0.75
19203,replay,4000,0.0491,1.000,0.0297,0.75
19204,es_step,4000,0.0125,0.938,0.0297,1.37
19205,es_step,4000,0.0124,0.875,0.0297,1.36
19206,es_step,4000,0.0110,0.938,0.0297,1.36
19207,replay,4000,0.0460,1.000,0.0297,0.74
19208,replay,4000,0.0409,1.000,0.0297,0.74
19209,replay,4000,0.0341,1.000,0.0297,0.74
19210,replay,4000,0.0335,1.000,0.0297,0.74
19211,replay,4000,0.0413,1.000,0.0297,0.75
19212,replay,4000,0.0469,1.000,0.0297,0.76
19213,replay,4000,0.0532,1.000,0.0297,0.75
19214,es_step,4000,0.0055,0.875,0.0297,1.36
19215,replay,4000,0.0488,1.000,0.0297,0.74
19216,es_step,4000,0.0131,0.938,0.0297,1.35
19217,replay,4000,0.0423,1.000,0.0297,0.73
19218,es_step,4000,0.0020,1.000,0.0297,1.36
19219,replay,4000,0.0466,1.000,0.0298,0.73
19220,es_step,4000,0.0131,1.000,0.0298,1.35
19221,es_step,4000,0.0029,1.000,0.0298,1.34
19222,replay,4000,0.0421,1.000,0.0298,0.74
19223,replay,4000,0.0346,1.000,0.0298,0.74
19224,replay,4000,0.0365,1.000,0.0297,0.74
19225,replay,4000,0.0421,1.000,0.0297,0.75
19226,replay,4000,0.0324,1.000,0.0297,0.74
19227,replay,4000,0.0209,1.000,0.0296,0.75
19228,replay,4000,-0.0056,1.000,0.0296,0.75
19229,replay,4000,0.0492,1.000,0.0296,0.75
19230,replay,4000,0.0395,1.000,0.0296,0.81
19231,replay,4000,0.0433,1.000,0.0296,0.75
19232,replay,4000,0.0372,1.000,0.0296,0.74
19233,replay,4000,0.0464,1.000,0.0296,0.74
19234,replay,4000,0.0535,1.000,0.0296,0.74
19235,replay,4000,0.0487,1.000,0.0296,0.75
19236,replay,4000,0.0465,1.000,0.0296,0.74
19237,replay,4000,0.0411,1.000,0.0296,0.74
19238,es_step,4000,0.0099,0.875,0.0296,1.34
19239,replay,4000,0.0458,1.000,0.0296,0.73
19240,replay,4000,0.0344,1.000,0.0296,0.74
19241,replay,4000,0.0412,1.000,0.0296,0.75
19242,replay,4000,0.0443,1.000,0.0296,0.75
19243,replay,4000,0.0464,1.000,0.0296,0.76
19244,replay,4000,0.0445,1.000,0.0296,0.76
19245,replay,4000,0.0438,1.000,0.0296,0.75
19246,es_step,4000,0.0067,1.000,0.0296,1.37
19247,replay,4000,0.0414,1.000,0.0295,0.74
19248,replay,4000,0.0430,1.000,0.0295,0.75
19249,replay,4000,0.0473,1.000,0.0296,0.75
19250,replay,4000,0.0461,1.000,0.0295,0.76
19251,replay,4000,0.0463,1.000,0.0295,0.76
19252,es_step,4000,-0.0000,0.938,0.0295,1.37
19253,replay,4000,0.0343,1.000,0.0295,0.75
19254,replay,4000,0.0386,1.000,0.0295,0.75
19255,es_step,4000,0.0004,0.750,0.0295,1.38
19256,replay,4000,0.0582,1.000,0.0296,0.75
19257,replay,4000,0.0113,1.000,0.0296,0.75
19258,replay,4000,0.0417,1.000,0.0296,0.75
19259,replay,4000,0.0580,1.000,0.0296,0.75
19260,replay,4000,0.0482,1.000,0.0296,0.75
19261,replay,4000,0.0657,1.000,0.0298,0.76
19262,replay,4000,0.0684,1.000,0.0298,0.76
19263,replay,4000,0.0630,1.000,0.0298,0.76
19264,replay,4000,0.0591,1.000,0.0298,0.76
19265,replay,4000,0.0664,1.000,0.0298,0.77
19266,replay,4000,0.0526,1.000,0.0298,0.77
19267,es_step,4000,0.0172,0.812,0.0298,1.39
19268,replay,4000,0.0611,1.000,0.0299,0.75
19269,replay,4000,0.0656,1.000,0.0299,0.75
19270,replay,4000,0.0663,1.000,0.0300,0.75
19271,replay,4000,0.0917,1.000,0.0300,0.76
19272,replay,4000,0.0854,1.000,0.0301,0.76
19273,replay,4000,0.0975,1.000,0.0301,0.76
19274,replay,4000,0.0781,1.000,0.0301,0.76
19275,replay,4000,0.0693,1.000,0.0302,0.76
19276,es_step,4000,0.0143,0.938,0.0302,1.38
19277,replay,4000,0.0807,1.000,0.0303,0.74
19278,replay,4000,0.0735,1.000,0.0303,0.75
19279,replay,4000,0.0688,1.000,0.0304,0.76
19280,replay,4000,0.0796,1.000,0.0305,3.01
19281,replay,4000,0.0621,1.000,0.0305,0.76
19282,replay,4000,0.0720,1.000,0.0305,0.76
19283,replay,4000,0.0711,1.000,0.0306,0.77
19284,replay,4000,0.0725,1.000,0.0306,0.77
19285,replay,4000,0.0618,1.000,0.0307,0.77
19286,replay,4000,0.0757,1.000,0.0307,0.77
19287,replay,4000,0.0649,1.000,0.0307,0.77
19288,replay,4000,0.0637,1.000,0.0308,0.77
19289,replay,4000,0.0643,1.000,0.0308,0.77
19290,replay,4000,0.0561,1.000,0.0308,0.76
19291,replay,4000,0.0439,1.000,0.0308,0.77
19292,replay,4000,0.0549,1.000,0.0309,0.76
19293,replay,4000,0.0569,1.000,0.0308,0.76
19294,replay,4000,0.0523,1.000,0.0309,0.76
19295,replay,4000,0.0488,1.000,0.0309,0.76
19296,replay,4000,0.0537,1.000,0.0309,0.76
19297,replay,4000,0.0622,1.000,0.0309,0.76
19298,replay,4000,0.0696,1.000,0.0309,0.76
19299,replay,4000,0.0870,1.000,0.0309,0.77
19300,es_step,4000,0.0076,0.875,0.0309,1.41
19301,replay,4000,0.0727,1.000,0.0309,0.76
19302,replay,4000,0.0792,1.000,0.0310,0.77
19303,es_step,4000,0.0263,0.750,0.0310,1.39
19304,es_step,4000,0.0221,0.875,0.0310,1.37
19305,replay,4000,0.0801,1.000,0.0310,0.74
19306,es_step,4000,0.0282,1.000,0.0311,1.36
19307,replay,4000,0.0827,1.000,0.0311,0.74
19308,replay,4000,0.0731,1.000,0.0312,0.74
19309,replay,4000,0.0904,1.000,0.0313,0.75
19310,replay,4000,0.0733,1.000,0.0314,0.76
19311,replay,4000,0.1187,1.000,0.0315,0.76
19312,replay,4000,0.0841,1.000,0.0315,0.75
19313,replay,4000,0.0805,1.000,0.0316,0.76
19314,replay,4000,0.0712,1.000,0.0315,0.75
19315,es_step,4000,0.0297,0.750,0.0317,1.37
19316,replay,4000,0.0757,1.000,0.0317,0.74
19317,replay,4000,0.0689,1.000,0.0318,0.74
19318,es_step,4000,0.0142,0.750,0.0318,1.37
19319,replay,4000,0.0568,1.000,0.0318,0.75
19320,replay,4000,0.0553,1.000,0.0318,0.74
19321,replay,4000,0.0542,1.000,0.0318,0.75
19322,es_step,4000,0.0148,0.938,0.0318,1.38
19323,es_step,4000,0.0160,0.938,0.0318,1.38
19324,es_step,4000,0.0096,0.938,0.0318,1.38
19325,es_step,4000,0.0164,0.875,0.0318,1.36
19326,replay,4000,0.0459,1.000,0.0318,0.74
19327,replay,4000,0.0473,1.000,0.0318,0.74
19328,es_step,4000,0.0147,0.812,0.0318,1.35
19329,replay,4000,0.0558,1.000,0.0318,0.73
19330,replay,4000,0.0295,1.000,0.0318,0.74
19331,replay,4000,0.0620,1.000,0.0318,0.73
19332,replay,4000,0.0371,1.000,0.0317,0.73
19333,replay,4000,0.0548,1.000,0.0317,0.73
19334,replay,4000,0.0408,1.000,0.0318,0.74
19335,replay,4000,0.0732,1.000,0.0318,0.74
19336,replay,4000,0.0445,1.000,0.0318,0.75
19337,replay,4000,0.0507,1.000,0.0318,0.75
19338,replay,4000,0.0580,1.000,0.0318,0.75
19339,es_step,4000,0.0157,0.875,0.0318,1.36
19340,replay,4000,0.0621,1.000,0.0318,0.74
19341,es_step,4000,0.0098,0.812,0.0318,1.35
19342,replay,4000,0.0819,1.000,0.0319,0.73
19343,es_step,4000,0.0198,0.875,0.0319,1.35
19344,replay,4000,0.0748,1.000,0.0319,0.74
19345,replay,4000,0.0702,1.000,0.0319,0.75
19346,replay,4000,0.0687,1.000,0.0320,0.75
19347,replay,4000,0.0898,1.000,0.0320,0.75
19348,replay,4000,0.0710,1.000,0.0320,0.75
19349,es_step,4000,0.0250,0.812,0.0320,1.36
19350,replay,4000,0.0707,1.000,0.0321,0.75
19351,replay,4000,0.1155,1.000,0.0323,0.75
19352,replay,4000,0.1190,1.000,0.0324,0.75
19353,es_step,4000,0.0264,0.875,0.0324,1.35
19354,es_step,4000,0.0231,1.000,0.0324,1.34
19355,replay,4000,0.0458,1.000,0.0324,0.73
19356,replay,4000,0.0930,1.000,0.0325,0.74
19357,replay,4000,0.0896,1.000,0.0325,0.73
19358,replay,4000,0.0844,1.000,0.0326,0.73
19359,replay,4000,0.0821,1.000,0.0326,0.73
19360,replay,4000,0.1002,1.000,0.0327,0.74
19361,replay,4000,0.0904,1.000,0.0329,0.75
19362,es_step,4000,0.0401,0.812,0.0329,1.35
19363,es_step,4000,0.0301,0.938,0.0329,1.34
19364,replay,4000,0.0932,1.000,0.0329,0.73
19365,replay,4000,0.0739,1.000,0.0330,0.73
19366,es_step,4000,0.0241,0.875,0.0330,1.34
19367,replay,4000,0.0766,1.000,0.0330,0.73
19368,replay,4000,0.0645,1.000,0.0331,0.73
19369,replay,4000,0.0614,1.000,0.0331,0.73
19370,replay,4000,0.0513,1.000,0.0331,0.73
19371,replay,4000,0.0334,1.000,0.0331,0.74
19372,replay,4000,0.0450,1.000,0.0331,0.75
19373,es_step,4000,0.0071,0.875,0.0331,1.34
19374,replay,4000,0.0390,1.000,0.0331,0.75
19375,replay,4000,0.0448,1.000,0.0330,0.77
19376,es_step,4000,0.0053,0.938,0.0330,1.38
19377,replay,4000,0.0415,1.000,0.0330,0.76
19378,es_step,4000,0.0054,0.812,0.0330,1.38
19379,replay,4000,0.0481,1.000,0.0330,0.75
19380,es_step,4000,0.0075,0.938,0.0330,1.37
19381,replay,4000,0.0421,1.000,0.0330,0.75
19382,es_step,4000,0.0037,0.812,0.0330,1.35
19383,replay,4000,0.0434,1.000,0.0330,0.73
19384,replay,4000,0.0281,1.000,0.0330,0.73
19385,replay,4000,0.0344,1.000,0.0329,0.73
19386,replay,4000,0.0350,1.000,0.0329,0.75
19387,replay,4000,0.0326,1.000,0.0329,0.75
19388,es_step,4000,0.0052,0.875,0.0329,1.38
19389,replay,4000,0.0426,1.000,0.0329,0.79
19390,replay,4000,0.0338,1.000,0.0328,0.81
19391,replay,4000,0.0362,1.000,0.0328,0.75
19392,replay,4000,0.0522,1.000,0.0328,0.75
19393,replay,4000,0.0500,1.000,0.0328,0.76
19394,replay,4000,0.0400,1.000,0.0328,1.53
19395,replay,4000,0.0454,1.000,0.0328,0.76
19396,replay,4000,0.0456,1.000,0.0328,0.76
19397,replay,4000,0.0471,1.000,0.0328,0.76
19398,replay,4000,0.0651,1.000,0.0328,0.76
19399,replay,4000,0.0591,1.000,0.0328,0.76
19400,replay,4000,0.0479,1.000,0.0328,0.76
19401,replay,4000,0.0334,1.000,0.0328,0.75
19402,replay,4000,0.0382,1.000,0.0327,0.75
19403,replay,4000,0.0422,1.000,0.0328,0.75
19404,es_step,4000,0.0105,0.875,0.0328,1.36
19405,replay,4000,0.0434,1.000,0.0328,0.73
19406,replay,4000,0.0572,1.000,0.0328,1.78
19407,replay,4000,0.0325,1.000,0.0328,0.74
19408,replay,4000,0.0475,1.000,0.0328,0.74
19409,es_step,4000,0.0165,0.750,0.0328,1.35
19410,replay,4000,0.0656,1.000,0.0328,0.74
19411,replay,4000,0.0444,1.000,0.0328,0.74
19412,replay,4000,0.0579,1.000,0.0328,0.74
19413,replay,4000,0.0604,1.000,0.0329,0.74
19414,replay,4000,0.0618,1.000,0.0329,0.75
19415,es_step,4000,0.0191,0.875,0.0329,1.36
19416,replay,4000,0.0741,1.000,0.0329,0.73
19417,replay,4000,0.0649,1.000,0.0329,0.73
19418,es_step,4000,0.0251,0.875,0.0329,1.34
19419,replay,4000,0.0661,1.000,0.0329,1.26
19420,replay,4000,0.0621,1.000,0.0329,0.73
19421,replay,4000,0.0579,1.000,0.0330,0.74
19422,replay,4000,0.0562,1.000,0.0330,0.74
19423,es_step,4000,0.0082,0.938,0.0330,1.34
19424,replay,4000,0.0474,1.000,0.0329,0.73
19425,es_step,4000,0.0093,0.938,0.0329,1.33
19426,replay,4000,0.0360,1.000,0.0329,0.73
19427,replay,4000,0.0208,1.000,0.0329,0.74
19428,replay,4000,0.0432,1.000,0.0329,0.74
19429,replay,4000,0.0520,1.000,0.0329,0.74
19430,es_step,4000,0.0074,0.938,0.0329,1.33
19431,replay,4000,0.0484,1.000,0.0329,0.72
19432,es_step,4000,0.0028,0.938,0.0329,1.32
19433,replay,4000,0.0439,1.000,0.0328,0.72
19434,es_step,4000,0.0048,0.938,0.0328,1.32
19435,replay,4000,0.0415,1.000,0.0328,0.72
19436,replay,4000,0.0359,1.000,0.0328,0.72
19437,es_step,4000,0.0087,1.000,0.0328,1.32
19438,replay,4000,0.0467,1.000,0.0328,0.72
19439,replay,4000,0.0359,1.000,0.0328,0.72
19440,es_step,4000,0.0111,0.938,0.0328,1.31
19441,replay,4000,0.0289,1.000,0.0327,0.72
19442,replay,4000,0.0400,1.000,0.0327,0.72
19443,replay,4000,0.0196,1.000,0.0326,0.72
19444,replay,4000,0.0582,1.000,0.0326,0.73
19445,es_step,4000,0.0082,0.938,0.0326,1.34
19446,replay,4000,0.0544,1.000,0.0326,0.74
19447,replay,4000,0.0473,1.000,0.0326,0.74
19448,replay,4000,0.0562,1.000,0.0327,0.75
19449,replay,4000,0.0598,1.000,0.0327,0.75
19450,es_step,4000,0.0168,0.938,0.0327,1.35
19451,replay,4000,0.0572,1.000,0.0327,0.73
19452,replay,4000,0.0576,1.000,0.0327,0.73
19453,es_step,4000,0.0134,0.875,0.0327,1.33
19454,replay,4000,0.0498,1.000,0.0327,0.73
19455,replay,4000,0.0627,1.000,0.0327,0.74
19456,es_step,4000,0.0057,1.000,0.0327,1.32
19457,replay,4000,0.0699,1.000,0.0327,0.72
19458,replay,4000,0.0688,1.000,0.0327,0.72
19459,es_step,4000,0.0188,1.000,0.0327,1.33
19460,replay,4000,0.0480,1.000,0.0327,0.73
19461,replay,4000,0.0600,1.000,0.0327,0.73
19462,replay,4000,0.0525,1.000,0.0327,0.74
19463,es_step,4000,0.0242,0.938,0.0327,1.62
19464,replay,4000,0.0539,1.000,0.0327,0.72
19465,replay,4000,0.0562,1.000,0.0328,0.72
19466,es_step,4000,0.0142,0.812,0.0328,1.82
19467,replay,4000,0.0573,1.000,0.0328,0.72
19468,es_step,4000,0.0212,0.938,0.0328,1.31
19469,replay,4000,0.0583,1.000,0.0328,0.72
19470,es_step,4000,0.0124,0.938,0.0328,1.31
19471,replay,4000,0.0539,1.000,0.0328,0.72
19472,replay,4000,0.0464,1.000,0.0328,0.73
19473,replay,4000,0.0681,1.000,0.0328,0.72
19474,replay,4000,0.0574,1.000,0.0328,0.72
19475,replay,4000,0.0573,1.000,0.0329,0.73
19476,es_step,4000,0.0158,0.938,0.0329,1.31
19477,replay,4000,0.0505,1.000,0.0329,0.72
19478,replay,4000,0.0549,1.000,0.0330,0.72
19479,replay,4000,0.0538,1.000,0.0330,1.05
19480,replay,4000,0.0615,1.000,0.0330,0.72
19481,replay,4000,0.0435,1.000,0.0330,0.74
19482,replay,4000,0.0561,1.000,0.0330,0.74
19483,replay,4000,0.0545,1.000,0.0331,0.74
19484,replay,4000,0.0517,1.000,0.0331,0.74
19485,replay,4000,0.0494,1.000,0.0331,0.75
19486,replay,4000,0.0413,1.000,0.0330,0.75
19487,replay,4000,0.0357,1.000,0.0330,0.75
19488,replay,4000,0.0446,1.000,0.0330,0.75
19489,replay,4000,0.0606,1.000,0.0330,0.75
19490,replay,4000,0.0504,1.000,0.0330,0.75
19491,replay,4000,0.0501,1.000,0.0330,0.75
19492,es_step,4000,0.0168,0.812,0.0330,1.34
19493,replay,4000,0.0402,1.000,0.0330,0.73
19494,replay,4000,0.0437,1.000,0.0330,0.74
19495,replay,4000,0.0439,1.000,0.0330,0.75
19496,replay,4000,0.0593,1.000,0.0330,0.74
19497,replay,4000,0.0591,1.000,0.0331,0.74
19498,replay,4000,0.0688,1.000,0.0331,0.74
19499,replay,4000,0.0693,1.000,0.0331,0.74
19500,replay,4000,0.0776,1.000,0.0331,0.74
19501,replay,4000,0.0699,1.000,0.0331,0.74
19502,replay,4000,0.0692,1.000,0.0332,0.74
19503,replay,4000,0.0652,1.000,0.0332,0.74
19504,replay,4000,0.0551,1.000,0.0332,0.75
19505,es_step,4000,0.0236,0.750,0.0332,1.36
19506,replay,4000,0.0606,1.000,0.0332,0.74
19507,replay,4000,0.0591,1.000,0.0332,0.74
19508,replay,4000,0.0546,1.000,0.0332,0.74
19509,es_step,4000,0.0196,0.938,0.0332,1.35
19510,replay,4000,0.0504,1.000,0.0332,0.73
19511,es_step,4000,0.0148,0.875,0.0333,1.35
19512,replay,4000,0.0327,1.000,0.0332,0.74
19513,replay,4000,0.0440,1.000,0.0332,0.74
19514,replay,4000,0.0289,1.000,0.0332,0.74
19515,replay,4000,0.0390,1.000,0.0332,0.73
19516,replay,4000,0.0181,1.000,0.0331,0.74
19517,replay,4000,0.0395,1.000,0.0331,0.74
19518,es_step,4000,-0.0011,0.875,0.0331,1.33
19519,replay,4000,0.0317,1.000,0.0331,0.73
19520,replay,4000,0.0245,1.000,0.0330,0.74
19521,replay,4000,0.0275,1.000,0.0330,0.74
19522,replay,4000,0.0352,1.000,0.0330,0.74
19523,es_step,4000,-0.0024,0.812,0.0330,1.34
19524,es_step,4000,0.0002,0.938,0.0330,1.33
19525,replay,4000,0.0347,1.000,0.0330,0.74
19526,es_step,4000,0.0059,0.875,0.0330,1.33
19527,replay,4000,0.0335,1.000,0.0329,0.73
19528,replay,4000,0.0298,1.000,0.0329,0.73
19529,replay,4000,0.0372,1.000,0.0328,0.73
19530,replay,4000,0.0317,1.000,0.0328,0.73
19531,replay,4000,0.0323,1.000,0.0328,0.73
19532,replay,4000,0.0233,1.000,0.0327,0.73
19533,es_step,4000,0.0084,1.000,0.0327,1.32
19534,replay,4000,0.0407,1.000,0.0327,0.73
19535,replay,4000,0.0308,1.000,0.0326,0.73
19536,replay,4000,0.0243,1.000,0.0326,0.73
19537,replay,4000,0.0342,1.000,0.0325,0.73
19538,es_step,4000,0.0096,1.000,0.0325,1.33
19539,replay,4000,0.0311,1.000,0.0325,0.73
19540,replay,4000,0.0228,1.000,0.0324,0.73
19541,replay,4000,0.0284,1.000,0.0324,0.73
19542,replay,4000,0.0322,1.000,0.0324,0.73
19543,replay,4000,0.0422,1.000,0.0324,0.74
19544,replay,4000,0.0506,1.000,0.0324,0.74
19545,replay,4000,0.0547,1.000,0.0323,0.74
19546,es_step,4000,-0.0040,0.938,0.0323,1.35
19547,replay,4000,0.0500,1.000,0.0324,0.72
19548,replay,4000,0.0543,1.000,0.0324,0.73
19549,replay,4000,0.0506,1.000,0.0324,0.74
19550,es_step,4000,0.0078,1.000,0.0324,1.39
19551,replay,4000,0.0474,1.000,0.0324,0.73
19552,replay,4000,0.0565,1.000,0.0324,0.73
19553,es_step,4000,0.0220,0.875,0.0324,1.33
19554,replay,4000,0.0452,1.000,0.0324,0.72
19555,es_step,4000,0.0127,1.000,0.0324,1.32
19556,es_step,4000,0.0171,0.938,0.0324,1.32
19557,replay,4000,0.0370,1.000,0.0324,0.73
19558,replay,4000,0.0514,1.000,0.0324,0.73
19559,es_step,4000,0.0106,0.875,0.0324,1.31
19560,replay,4000,0.0532,1.000,0.0324,0.73
19561,replay,4000,0.0517,1.000,0.0324,0.72
19562,replay,4000,0.0513,1.000,0.0324,0.72
19563,replay,4000,-0.0283,1.000,0.0323,0.72
19564,replay,4000,0.0553,1.000,0.0323,0.72
19565,replay,4000,0.0586,1.000,0.0323,0.73
19566,replay,4000,0.0563,1.000,0.0323,0.74
19567,replay,4000,0.0537,1.000,0.0323,0.73
19568,es_step,4000,0.0177,0.938,0.0323,1.33
19569,replay,4000,0.0506,1.000,0.0323,0.73
19570,replay,4000,0.0410,1.000,0.0323,0.73
19571,replay,4000,0.0426,1.000,0.0325,0.73
19572,replay,4000,0.0398,1.000,0.0324,0.73
19573,replay,4000,0.0389,1.000,0.0324,0.73
19574,es_step,4000,0.0037,1.000,0.0324,1.32
19575,es_step,4000,-0.0014,0.938,0.0324,3.53
19576,replay,4000,0.0185,1.000,0.0323,0.72
19577,es_step,4000,-0.0050,1.000,0.0323,1.31
19578,replay,4000,0.0246,1.000,0.0323,0.72
19579,replay,4000,0.0315,1.000,0.0323,0.72
19580,replay,4000,0.0299,1.000,0.0322,0.73
19581,replay,4000,0.0349,1.000,0.0322,0.74
19582,replay,4000,0.0367,1.000,0.0322,0.73
19583,replay,4000,0.0309,1.000,0.0321,0.74
19584,replay,4000,0.0509,1.000,0.0321,0.74
19585,es_step,4000,0.0080,0.938,0.0321,1.33
19586,replay,4000,0.0487,1.000,0.0321,0.73
19587,replay,4000,0.0498,1.000,0.0321,0.74
19588,replay,4000,0.0417,1.000,0.0321,0.74
19589,replay,4000,0.0469,1.000,0.0321,0.73
19590,replay,4000,0.0533,1.000,0.0321,0.75
19591,replay,4000,0.0419,1.000,0.0321,0.76
19592,replay,4000,0.0432,1.000,0.0321,0.75
19593,replay,4000,0.0428,1.000,0.0320,0.76
19594,es_step,4000,0.0168,1.000,0.0320,1.37
19595,es_step,4000,0.0168,1.000,0.0320,1.34
19596,es_step,4000,0.0149,0.938,0.0320,1.33
19597,replay,4000,0.0522,1.000,0.0320,0.73
19598,es_step,4000,0.0275,1.000,0.0320,1.33
19599,replay,4000,0.0577,1.000,0.0320,0.74
19600,replay,4000,0.0537,1.000,0.0321,0.74
19601,es_step,4000,0.0243,0.938,0.0321,1.33
19602,replay,4000,0.0579,1.000,0.0321,0.73
19603,es_step,4000,0.0266,0.938,0.0321,1.33
19604,replay,4000,0.0618,1.000,0.0321,0.73
19605,replay,4000,0.0631,1.000,0.0322,0.73
19606,es_step,4000,0.0228,1.000,0.0322,1.32
19607,replay,4000,0.0525,1.000,0.0322,0.73
19608,replay,4000,0.0525,1.000,0.0322,0.73
19609,replay,4000,0.0490,1.000,0.0322,0.73
19610,replay,4000,0.0565,1.000,0.0322,0.73
19611,replay,4000,0.0497,1.000,0.0323,0.74
19612,replay,4000,0.0637,1.000,0.0323,0.74
19613,es_step,4000,0.0212,0.938,0.0323,1.34
19614,replay,4000,0.0482,1.000,0.0323,0.72
19615,replay,4000,0.0597,1.000,0.0323,0.73
19616,replay,4000,0.0595,1.000,0.0323,0.73
19617,replay,4000,0.0632,1.000,0.0324,0.73
19618,replay,4000,0.0554,1.000,0.0324,0.73
19619,replay,4000,0.0606,1.000,0.0324,0.73
19620,replay,4000,0.0448,1.000,0.0323,0.73
19621,replay,4000,0.0656,1.000,0.0324,0.73
19622,replay,4000,0.0703,1.000,0.0324,0.74
19623,replay,4000,0.0582,1.000,0.0324,0.74
19624,replay,4000,0.0605,1.000,0.0325,0.74
19625,replay,4000,0.0543,1.000,0.0325,0.74
19626,replay,4000,0.0564,1.000,0.0325,0.73
19627,replay,4000,0.0473,1.000,0.0325,0.73
19628,replay,4000,0.0488,1.000,0.0325,0.74
19629,es_step,4000,0.0124,1.000,0.0325,1.33
19630,replay,4000,0.0521,1.000,0.0325,0.72
19631,replay,4000,0.0492,1.000,0.0324,0.72
19632,replay,4000,0.0420,1.000,0.0324,0.72
19633,replay,4000,0.0399,1.000,0.0324,0.73
19634,es_step,4000,0.0053,1.000,0.0324,1.33
19635,es_step,4000,0.0016,0.938,0.0324,1.33
19636,replay,4000,0.0327,1.000,0.0324,0.73
19637,replay,4000,0.0350,1.000,0.0323,0.73
19638,replay,4000,0.0319,1.000,0.0323,0.73
19639,replay,4000,0.0315,1.000,0.0322,0.74
19640,replay,4000,0.0154,1.000,0.0322,0.75
19641,replay,4000,0.0297,1.000,0.0321,0.75
19642,replay,4000,0.0320,1.000,0.0321,0.75
19643,replay,4000,0.0351,1.000,0.0321,0.76
19644,es_step,4000,-0.0110,1.000,0.0321,1.37
19645,replay,4000,0.0467,1.000,0.0320,0.74
19646,replay,4000,0.0341,1.000,0.0320,0.74
19647,replay,4000,0.0286,1.000,0.0319,0.74
19648,es_step,4000,0.0031,1.000,0.0319,1.34
19649,replay,4000,0.0268,1.000,0.0319,0.73
19650,replay,4000,0.0351,1.000,0.0319,0.73
19651,replay,4000,0.0189,1.000,0.0319,0.73
19652,replay,4000,0.0307,1.000,0.0318,0.73
19653,es_step,4000,0.0015,0.812,0.0318,1.32
19654,replay,4000,0.0337,1.000,0.0318,0.73
19655,es_step,4000,0.0041,1.000,0.0318,1.33
19656,replay,4000,0.0515,1.000,0.0318,0.72
19657,replay,4000,0.0514,1.000,0.0318,0.72
19658,replay,4000,0.0614,1.000,0.0318,0.72
19659,replay,4000,0.0470,1.000,0.0317,0.73
19660,es_step,4000,0.0030,1.000,0.0317,1.32
19661,replay,4000,0.0446,1.000,0.0317,0.72
19662,replay,4000,0.0356,1.000,0.0317,0.73
19663,replay,4000,0.0355,1.000,0.0317,0.73
19664,es_step,4000,0.0112,0.875,0.0317,1.31
19665,es_step,4000,0.0113,0.812,0.0317,1.31
19666,replay,4000,0.0341,1.000,0.0317,0.72
19667,replay,4000,0.0385,1.000,0.0317,0.72
19668,replay,4000,0.0267,1.000,0.0316,0.72
19669,replay,4000,0.0378,1.000,0.0316,0.73
19670,replay,4000,0.0467,1.000,0.0316,0.73
19671,es_step,4000,0.0052,0.812,0.0316,1.32
19672,es_step,4000,0.0039,0.875,0.0316,1.31
19673,replay,4000,0.0440,1.000,0.0316,0.72
19674,replay,4000,0.0510,1.000,0.0316,0.73
19675,replay,4000,0.0444,1.000,0.0316,0.73
19676,replay,4000,0.0431,1.000,0.0316,0.73
19677,replay,4000,0.0475,1.000,0.0316,0.73
19678,replay,4000,0.0328,1.000,0.0316,0.73
19679,replay,4000,0.0324,1.000,0.0315,0.73
19680,replay,4000,0.0416,1.000,0.0315,0.73
19681,es_step,4000,0.0047,0.875,0.0315,1.33
19682,replay,4000,0.0373,1.000,0.0315,0.73
19683,replay,4000,0.0283,1.000,0.0314,0.73
19684,replay,4000,0.0426,1.000,0.0314,0.73
19685,replay,4000,0.0407,1.000,0.0314,0.74
19686,es_step,4000,0.0079,0.938,0.0314,1.33
19687,es_step,4000,0.0098,1.000,0.0314,1.32
19688,replay,4000,0.0465,1.000,0.0314,0.72
19689,es_step,4000,0.0041,0.875,0.0314,1.31
19690,es_step,4000,0.0018,0.938,0.0314,1.30
19691,replay,4000,0.0445,1.000,0.0314,0.71
19692,replay,4000,0.0434,1.000,0.0314,0.72
19693,es_step,4000,0.0067,0.938,0.0314,1.30
19694,es_step,4000,0.0059,1.000,0.0314,1.31
19695,es_step,4000,0.0001,1.000,0.0314,1.31
19696,replay,4000,0.0434,1.000,0.0313,0.71
19697,replay,4000,0.0285,1.000,0.0313,0.72
19698,replay,4000,0.0395,1.000,0.0313,0.73
19699,es_step,4000,0.0068,0.938,0.0313,1.31
19700,replay,4000,0.0327,1.000,0.0312,0.72
19701,replay,4000,0.0196,1.000,0.0312,0.72
19702,replay,4000,0.0367,1.000,0.0312,0.72
19703,replay,4000,0.0392,1.000,0.0312,0.72
19704,replay,4000,0.0483,1.000,0.0311,0.72
19705,replay,4000,0.0439,1.000,0.0311,0.73
19706,replay,4000,0.0407,1.000,0.0311,0.74
19707,replay,4000,0.0494,1.000,0.0311,0.73
19708,replay,4000,0.0462,1.000,0.0311,0.74
19709,replay,4000,0.0485,1.000,0.0311,0.73
19710,replay,4000,0.0442,1.000,0.0311,0.74
19711,es_step,4000,0.0064,0.875,0.0311,1.32
19712,replay,4000,0.0489,1.000,0.0311,0.72
19713,replay,4000,0.0418,1.000,0.0311,0.72
19714,replay,4000,0.0459,1.000,0.0311,0.72
19715,replay,4000,0.0470,1.000,0.0311,0.74
19716,replay,4000,0.0496,1.000,0.0311,0.74
19717,replay,4000,0.0392,1.000,0.0310,0.74
19718,replay,4000,0.0310,1.000,0.0310,0.74
19719,replay,4000,0.0341,1.000,0.0310,0.74
19720,replay,4000,0.0389,1.000,0.0309,0.75
19721,replay,4000,0.0364,1.000,0.0309,0.75
19722,es_step,4000,0.0059,0.688,0.0309,1.36
19723,es_step,4000,-0.0088,0.875,0.0309,1.33
19724,replay,4000,0.0389,1.000,0.0309,0.73
19725,replay,4000,0.0200,1.000,0.0308,0.73
19726,replay,4000,0.0355,1.000,0.0308,0.73
19727,es_step,4000,0.0087,0.812,0.0308,1.32
19728,replay,4000,0.0335,1.000,0.0308,0.72
19729,es_step,4000,0.0029,0.688,0.0308,1.31
19730,replay,4000,0.0300,1.000,0.0308,0.73
19731,replay,4000,0.0255,1.000,0.0307,0.74
19732,replay,4000,0.0303,1.000,0.0307,0.75
19733,es_step,4000,0.0081,0.938,0.0307,1.35
19734,replay,4000,0.0254,1.000,0.0307,0.73
19735,replay,4000,0.0300,1.000,0.0306,0.73
19736,replay,4000,0.0392,1.000,0.0306,0.73
19737,replay,4000,0.0334,1.000,0.0306,0.73
19738,es_step,4000,0.0060,0.750,0.0306,1.32
19739,replay,4000,0.0327,1.000,0.0306,0.72
19740,replay,4000,0.0376,1.000,0.0305,0.73
19741,replay,4000,0.0293,1.000,0.0305,0.73
19742,replay,4000,0.0362,1.000,0.0305,0.74
19743,es_step,4000,0.0059,0.812,0.0305,1.32
19744,replay,4000,0.0256,1.000,0.0304,0.73
19745,replay,4000,0.0325,1.000,0.0304,0.73
19746,replay,4000,0.0417,1.000,0.0304,0.73
19747,replay,4000,0.0381,1.000,0.0304,0.73
19748,es_step,4000,0.0070,0.875,0.0304,1.31
19749,replay,4000,0.0305,1.000,0.0304,0.72
19750,replay,4000,0.0216,1.000,0.0303,0.72
19751,replay,4000,0.0422,1.000,0.0303,0.73
19752,replay,4000,0.0267,1.000,0.0303,0.73
19753,replay,4000,0.0444,1.000,0.0303,0.73
19754,replay,4000,0.0492,1.000,0.0303,0.74
19755,replay,4000,0.0317,1.000,0.0302,0.75
19756,replay,4000,0.0384,1.000,0.0302,0.74
19757,es_step,4000,0.0127,0.750,0.0302,1.34
19758,replay,4000,0.0418,1.000,0.0302,0.73
19759,replay,4000,0.0491,1.000,0.0302,0.73
19760,replay,4000,0.0430,1.000,0.0302,0.73
19761,replay,4000,0.0420,1.000,0.0302,0.74
19762,replay,4000,0.0454,1.000,0.0302,0.74
19763,replay,4000,0.0442,1.000,0.0302,0.74
19764,replay,4000,0.0336,1.000,0.0302,0.73
19765,replay,4000,0.0461,1.000,0.0302,0.74
19766,replay,4000,0.0250,1.000,0.0301,0.73
19767,es_step,4000,0.0168,0.500,0.0301,1.33
19768,replay,4000,0.0442,1.000,0.0301,0.73
19769,replay,4000,0.0499,1.000,0.0301,0.72
19770,replay,4000,0.0382,1.000,0.0301,0.72
19771,replay,4000,0.0465,1.000,0.0301,0.72
19772,replay,4000,0.0469,1.000,0.0301,0.73
19773,replay,4000,0.0402,1.000,0.0301,0.72
19774,replay,4000,0.0361,1.000,0.0301,0.73
19775,replay,4000,0.0324,1.000,0.0300,0.72
19776,es_step,4000,0.0012,0.875,0.0300,1.33
19777,replay,4000,0.0402,1.000,0.0300,0.73
19778,replay,4000,0.0372,1.000,0.0300,0.73
19779,es_step,4000,0.0038,0.875,0.0300,1.32
19780,es_step,4000,0.0075,0.750,0.0300,1.32
19781,replay,4000,0.0375,1.000,0.0299,0.72
19782,replay,4000,0.0318,1.000,0.0299,0.72
19783,replay,4000,0.0431,1.000,0.0299,0.72
19784,replay,4000,0.0394,1.000,0.0299,0.72
19785,es_step,4000,0.0000,0.812,0.0299,1.31
19786,replay,4000,0.0491,1.000,0.0298,0.71
19787,es_step,4000,0.0148,0.688,0.0298,1.29
19788,es_step,4000,0.0190,0.938,0.0298,1.30
19789,replay,4000,0.0447,1.000,0.0298,0.71
19790,replay,4000,0.0322,1.000,0.0298,0.72
19791,replay,4000,0.0389,1.000,0.0298,0.72
19792,replay,4000,0.0421,1.000,0.0298,0.72
19793,replay,4000,0.0482,1.000,0.0298,0.72
19794,replay,4000,0.0525,1.000,0.0298,0.72
19795,replay,4000,0.0446,1.000,0.0298,0.72
19796,replay,4000,0.0412,1.000,0.0297,0.72
19797,replay,4000,0.0421,1.000,0.0297,0.72
19798,replay,4000,0.0451,1.000,0.0297,0.72
19799,replay,4000,0.0376,1.000,0.0297,0.73
19800,replay,4000,0.0290,1.000,0.0297,0.74
19801,es_step,4000,-0.0003,0.875,0.0297,1.33
19802,replay,4000,0.0242,1.000,0.0296,0.72
19803,replay,4000,0.0278,1.000,0.0296,0.73
19804,es_step,4000,0.0087,0.688,0.0296,1.32
19805,replay,4000,0.0418,1.000,0.0296,0.72
19806,replay,4000,0.0324,1.000,0.0295,0.72
19807,replay,4000,0.0318,1.000,0.0295,0.73
19808,replay,4000,0.0250,1.000,0.0295,0.74
19809,replay,4000,0.0342,1.000,0.0294,0.74
19810,replay,4000,0.0323,1.000,0.0294,0.74
19811,replay,4000,0.0241,1.000,0.0294,0.75
19812,replay,4000,0.0429,1.000,0.0294,0.76
19813,es_step,4000,0.0110,1.000,0.0294,1.38
19814,replay,4000,0.0387,1.000,0.0293,0.74
19815,replay,4000,0.0330,1.000,0.0293,0.74
19816,replay,4000,0.0309,1.000,0.0293,0.75
19817,replay,4000,0.0389,1.000,0.0293,0.76
19818,replay,4000,0.0497,1.000,0.0293,0.76
19819,es_step,4000,0.0168,0.938,0.0293,1.39
19820,replay,4000,0.0467,1.000,0.0293,0.75
19821,replay,4000,0.0537,1.000,0.0293,0.75
19822,replay,4000,0.0434,1.000,0.0293,0.75
19823,replay,4000,0.0399,1.000,0.0293,0.75
19824,replay,4000,0.0334,1.000,0.0293,0.75
19825,replay,4000,0.0393,1.000,0.0293,0.75
19826,replay,4000,0.0410,1.000,0.0292,0.74
19827,replay,4000,0.0322,1.000,0.0292,0.75
19828,replay,4000,0.0373,1.000,0.0292,0.75
19829,replay,4000,0.0290,1.000,0.0292,0.75
19830,es_step,4000,0.0079,0.812,0.0292,1.35
19831,replay,4000,0.0482,1.000,0.0292,0.74
19832,replay,4000,0.0500,1.000,0.0292,0.74
19833,replay,4000,0.0498,1.000,0.0292,0.75
19834,replay,4000,0.0409,1.000,0.0291,0.75
19835,es_step,4000,0.0132,0.938,0.0291,1.36
19836,replay,4000,0.0445,1.000,0.0291,0.74
19837,replay,4000,0.0441,1.000,0.0291,0.74
19838,replay,4000,0.0426,1.000,0.0291,0.74
19839,replay,4000,0.0360,1.000,0.0291,0.74
19840,es_step,4000,0.0100,0.875,0.0291,1.35
19841,es_step,4000,0.0114,1.000,0.0291,1.33
19842,es_step,4000,-0.0017,1.000,0.0291,1.32
19843,replay,4000,0.0277,1.000,0.0291,0.72
19844,replay,4000,0.0327,1.000,0.0290,0.72
19845,replay,4000,0.0368,1.000,0.0290,0.74
19846,es_step,4000,-0.0006,1.000,0.0290,1.33
19847,replay,4000,0.0345,1.000,0.0289,0.72
19848,replay,4000,0.0384,1.000,0.0289,0.73
19849,replay,4000,0.0240,1.000,0.0289,0.73
19850,replay,4000,0.0414,1.000,0.0288,0.73
19851,replay,4000,0.0310,1.000,0.0288,0.75
19852,replay,4000,0.0446,1.000,0.0288,0.75
19853,replay,4000,0.0561,1.000,0.0288,0.75
19854,replay,4000,0.0468,1.000,0.0288,0.75
19855,replay,4000,0.0437,1.000,0.0288,0.75
19856,replay,4000,0.0478,1.000,0.0288,0.75
19857,es_step,4000,0.0141,1.000,0.0288,1.38
19858,replay,4000,0.0464,1.000,0.0288,0.75
19859,replay,4000,0.0414,1.000,0.0288,0.76
19860,replay,4000,0.0150,1.000,0.0287,0.76
19861,replay,4000,0.0413,1.000,0.0287,0.76
19862,replay,4000,0.0494,1.000,0.0287,0.77
19863,replay,4000,0.0531,1.000,0.0287,0.77
19864,es_step,4000,0.0087,1.000,0.0287,1.39
19865,es_step,4000,0.0052,1.000,0.0287,1.36
19866,replay,4000,0.0557,1.000,0.0287,0.75
19867,replay,4000,0.0602,1.000,0.0287,0.75
19868,es_step,4000,0.0129,1.000,0.0287,1.36
19869,replay,4000,0.0720,1.000,0.0287,0.75
19870,replay,4000,0.0532,1.000,0.0287,0.74
19871,replay,4000,0.0615,1.000,0.0288,0.75
19872,es_step,4000,0.0176,1.000,0.0288,1.36
19873,replay,4000,0.0664,1.000,0.0288,2.97
19874,replay,4000,0.0596,1.000,0.0288,0.74
19875,replay,4000,0.0568,1.000,0.0288,0.74
19876,replay,4000,0.0401,1.000,0.0288,0.74
19877,replay,4000,0.0562,1.000,0.0289,0.74
19878,replay,4000,0.0547,1.000,0.0289,0.73
19879,replay,4000,0.0546,1.000,0.0289,0.73
19880,replay,4000,0.0487,1.000,0.0289,0.73
19881,replay,4000,0.0384,1.000,0.0289,0.75
19882,replay,4000,0.0372,1.000,0.0289,0.75
19883,replay,4000,0.0480,1.000,0.0289,0.76
19884,replay,4000,0.0440,1.000,0.0288,0.76
19885,replay,4000,0.0381,1.000,0.0288,0.76
19886,replay,4000,0.0247,1.000,0.0288,0.77
19887,replay,4000,0.0411,1.000,0.0288,0.77
19888,es_step,4000,0.0082,0.938,0.0288,1.43
19889,replay,4000,0.0437,1.000,0.0288,0.77
19890,replay,4000,0.0433,1.000,0.0288,0.77
19891,es_step,4000,0.0047,1.000,0.0288,1.41
19892,es_step,4000,0.0061,0.938,0.0288,1.37
19893,replay,4000,0.0397,1.000,0.0288,0.74
19894,replay,4000,0.0474,1.000,0.0288,0.74
19895,replay,4000,0.0533,1.000,0.0288,0.75
19896,replay,4000,0.0443,1.000,0.0288,0.75
19897,replay,4000,0.0445,1.000,0.0288,0.75
19898,es_step,4000,0.0109,1.000,0.0288,1.36
19899,replay,4000,0.0473,1.000,0.0288,0.74
19900,es_step,4000,0.0006,0.938,0.0288,1.36
19901,replay,4000,0.0397,1.000,0.0288,0.75
19902,es_step,4000,0.0121,1.000,0.0288,1.33
19903,replay,4000,0.0443,1.000,0.0288,0.74
19904,replay,4000,0.0435,1.000,0.0288,0.75
19905,replay,4000,0.0383,1.000,0.0288,0.75
19906,replay,4000,0.0362,1.000,0.0288,0.75
19907,es_step,4000,0.0103,1.000,0.0288,1.35
19908,replay,4000,0.0503,1.000,0.0288,0.73
19909,replay,4000,0.0422,1.000,0.0288,0.73
19910,replay,4000,0.0428,1.000,0.0287,0.74
19911,es_step,4000,0.0072,0.938,0.0287,1.34
19912,replay,4000,0.0369,1.000,0.0287,0.73
19913,replay,4000,0.0421,1.000,0.0287,0.74
19914,replay,4000,0.0396,1.000,0.0287,0.75
19915,es_step,4000,0.0131,1.000,0.0287,1.34
19916,replay,4000,0.0356,1.000,0.0287,0.73
19917,es_step,4000,0.0078,0.875,0.0287,1.33
19918,replay,4000,0.0394,1.000,0.0287,0.73
19919,replay,4000,0.0415,1.000,0.0286,0.73
19920,replay,4000,0.0236,1.000,0.0286,0.74
19921,replay,4000,0.0335,1.000,0.0286,0.75
19922,replay,4000,0.0457,1.000,0.0286,0.75
19923,es_step,4000,0.0102,1.000,0.0286,1.36
19924,replay,4000,0.0470,1.000,0.0286,0.74
19925,replay,4000,0.0457,1.000,0.0286,0.74
19926,es_step,4000,0.0157,1.000,0.0286,1.34
19927,replay,4000,0.0541,1.000,0.0286,0.73
19928,es_step,4000,0.0130,0.812,0.0286,1.33
19929,es_step,4000,0.0033,1.000,0.0286,1.31
19930,es_step,4000,0.0095,0.875,0.0286,1.31
19931,replay,4000,0.0538,1.000,0.0286,0.72
19932,replay,4000,0.0506,1.000,0.0286,0.72
19933,replay,4000,0.0502,1.000,0.0286,0.72
19934,replay,4000,0.0389,1.000,0.0286,0.74
19935,replay,4000,0.0377,1.000,0.0286,0.75
19936,replay,4000,0.0461,1.000,0.0285,0.76
19937,replay,4000,0.0454,1.000,0.0285,0.73
19938,replay,4000,0.0501,1.000,0.0285,0.72
19939,es_step,4000,0.0129,0.938,0.0285,1.29
19940,replay,4000,0.0511,1.000,0.0285,0.71
19941,es_step,4000,0.0105,1.000,0.0285,1.29
19942,replay,4000,0.0485,1.000,0.0285,0.72
19943,replay,4000,0.0472,1.000,0.0285,0.75
19944,replay,4000,0.0435,1.000,0.0285,0.74
19945,es_step,4000,0.0130,0.938,0.0285,1.34
19946,replay,4000,0.0578,1.000,0.0285,0.73
19947,replay,4000,0.0485,1.000,0.0285,0.73
19948,replay,4000,0.0573,1.000,0.0285,0.73
19949,replay,4000,0.0315,1.000,0.0283,0.73
19950,replay,4000,0.0375,1.000,0.0283,0.73
19951,es_step,4000,0.0157,1.000,0.0283,1.33
19952,replay,4000,0.0349,1.000,0.0283,0.75
19953,replay,4000,0.0312,1.000,0.0283,0.74
19954,replay,4000,0.0284,1.000,0.0282,0.76
19955,replay,4000,0.0236,1.000,0.0283,0.77
19956,replay,4000,0.0329,1.000,0.0282,0.77
19957,replay,4000,0.0464,1.000,0.0282,0.77
19958,replay,4000,0.0398,1.000,0.0282,0.77
19959,replay,4000,0.0418,1.000,0.0282,0.77
19960,replay,4000,0.0361,1.000,0.0282,0.78
19961,replay,4000,0.0423,1.000,0.0281,0.78
19962,replay,4000,0.0418,1.000,0.0281,0.78
19963,replay,4000,0.0427,1.000,0.0281,0.78
19964,replay,4000,0.0368,1.000,0.0281,0.78
19965,replay,4000,0.0324,1.000,0.0280,0.78
19966,es_step,4000,0.0027,1.000,0.0280,1.45
19967,replay,4000,0.0247,1.000,0.0280,0.78
19968,replay,4000,0.0247,1.000,0.0279,0.78
19969,replay,4000,0.0312,1.000,0.0279,0.78
19970,replay,4000,0.0384,1.000,0.0279,0.78
19971,es_step,4000,0.0039,0.938,0.0279,1.43
19972,replay,4000,0.0260,1.000,0.0278,0.78
19973,replay,4000,0.0277,1.000,0.0278,0.78
19974,replay,4000,0.0251,1.000,0.0277,0.77
19975,replay,4000,0.0382,1.000,0.0277,0.78
19976,es_step,4000,0.0119,1.000,0.0277,1.43
19977,replay,4000,0.0336,1.000,0.0277,0.77
19978,replay,4000,0.0460,1.000,0.0277,0.77
19979,replay,4000,0.0378,1.000,0.0277,0.77
19980,replay,4000,0.0466,1.000,0.0277,0.77
19981,replay,4000,0.0495,1.000,0.0277,0.77
19982,replay,4000,0.0496,1.000,0.0277,0.76
19983,replay,4000,0.0523,1.000,0.0277,0.76
19984,replay,4000,0.0514,1.000,0.0277,0.76
19985,replay,4000,0.0527,1.000,0.0277,0.77
19986,replay,4000,0.0546,1.000,0.0278,0.77
19987,replay,4000,0.0433,1.000,0.0277,0.76
19988,replay,4000,0.0523,1.000,0.0277,0.77
19989,replay,4000,0.0475,1.000,0.0277,0.77
19990,es_step,4000,0.0181,1.000,0.0277,1.43
19991,replay,4000,0.0468,1.000,0.0277,0.77
19992,replay,4000,0.0458,1.000,0.0277,0.77
19993,replay,4000,0.0393,1.000,0.0277,0.76
19994,replay,4000,0.0444,1.000,0.0277,0.76
19995,replay,4000,0.0232,1.000,0.0277,0.76
19996,replay,4000,0.0415,1.000,0.0277,0.77
19997,replay,4000,0.0596,1.000,0.0277,0.77
19998,replay,4000,0.0584,1.000,0.0277,0.76
19999,es_step,4000,0.0269,1.000,0.0277,1.43
