{
  "n_diff_dims": 4,
  "latent_dim": 32,
  "decile_centroids": {
    "decile_0": [
      0.12863929569721222,
      0.26406747102737427,
      -0.2509533762931824,
      -0.006378862075507641
    ],
    "decile_1": [
      0.14513620734214783,
      0.2655755877494812,
      -0.3292384147644043,
      -0.008905350230634212
    ],
    "decile_2": [
      0.1425175964832306,
      0.26658061146736145,
      -0.3393224775791168,
      -0.0089874267578125
    ],
    "decile_3": [
      0.14723242819309235,
      0.27055495977401733,
      -0.33529308438301086,
      -0.007752518635243177
    ],
    "decile_4": [
      0.14938703179359436,
      0.27944979071617126,
      -0.3285677433013916,
      -0.009495211765170097
    ],
    "decile_5": [
      0.1515643447637558,
      0.2874085307121277,
      -0.31665676832199097,
      -0.007093076594173908
    ],
    "decile_6": [
      0.15585066378116608,
      0.2963831126689911,
      -0.3012266457080841,
      -0.00824890099465847
    ],
    "decile_7": [
      0.16353824734687805,
      0.3115811347961426,
      -0.2755129933357239,
      -0.012742186896502972
    ],
    "decile_8": [
      0.17162677645683289,
      0.3295736014842987,
      -0.24554544687271118,
      -0.02126733586192131
    ],
    "decile_9": [
      0.16675414144992828,
      0.3286897540092468,
      -0.2129327803850174,
      -0.023193279281258583
    ]
  },
  "fine_targets": [
    0.0,
    0.010101010101010102,
    0.020202020202020204,
    0.030303030303030304,
    0.04040404040404041,
    0.05050505050505051,
    0.06060606060606061,
    0.07070707070707072,
    0.08080808080808081,
    0.09090909090909091,
    0.10101010101010102,
    0.11111111111111112,
    0.12121212121212122,
    0.13131313131313133,
    0.14141414141414144,
    0.15151515151515152,
    0.16161616161616163,
    0.17171717171717174,
    0.18181818181818182,
    0.19191919191919193,
    0.20202020202020204,
    0.21212121212121213,
    0.22222222222222224,
    0.23232323232323235,
    0.24242424242424243,
    0.25252525252525254,
    0.26262626262626265,
    0.27272727272727276,
    0.2828282828282829,
    0.29292929292929293,
    0.30303030303030304,
    0.31313131313131315,
    0.32323232323232326,
    0.33333333333333337,
    0.3434343434343435,
    0.3535353535353536,
    0.36363636363636365,
    0.37373737373737376,
    0.38383838383838387,
    0.393939393939394,
    0.4040404040404041,
    0.4141414141414142,
    0.42424242424242425,
    0.43434343434343436,
    0.4444444444444445,
    0.4545454545454546,
    0.4646464646464647,
    0.4747474747474748,
    0.48484848484848486,
    0.494949494949495,
    0.5050505050505051,
    0.5151515151515152,
    0.5252525252525253,
    0.5353535353535354,
    0.5454545454545455,
    0.5555555555555556,
    0.5656565656565657,
    0.5757575757575758,
    0.5858585858585859,
    0.595959595959596,
    0.6060606060606061,
    0.6161616161616162,
    0.6262626262626263,
    0.6363636363636365,
    0.6464646464646465,
    0.6565656565656566,
    0.6666666666666667,
    0.6767676767676768,
    0.686868686868687,
    0.696969696969697,
    0.7070707070707072,
    0.7171717171717172,
    0.7272727272727273,
    0.7373737373737375,
    0.7474747474747475,
    0.7575757575757577,
    0.7676767676767677,
    0.7777777777777778,
    0.787878787878788,
    0.797979797979798,
    0.8080808080808082,
    0.8181818181818182,
    0.8282828282828284,
    0.8383838383838385,
    0.8484848484848485,
    0.8585858585858587,
    0.8686868686868687,
    0.8787878787878789,
    0.888888888888889,
    0.8989898989898991,
    0.9090909090909092,
    0.9191919191919192,
    0.9292929292929294,
    0.9393939393939394,
    0.9494949494949496,
    0.9595959595959597,
    0.9696969696969697,
    0.9797979797979799,
    0.98989898989899,
    1.0
  ],
  "fine_centroids": [
    [
      0.13023744865171236,
      0.2683640410567216,
      -0.24277817455316478,
      -0.007194247864378708
    ],
    [
      0.12984052955110298,
      0.26703025666340713,
      -0.24556483164062887,
      -0.006956265236704088
    ],
    [
      0.12965597008299645,
      0.26578588928106955,
      -0.24895827520744446,
      -0.0067379250792949305
    ],
    [
      0.1297140188968912,
      0.264664986906854,
      -0.25299414611787074,
      -0.006548664094229633
    ],
    [
      0.13003671956133425,
      0.26370161907510936,
      -0.25768402533532253,
      -0.006399012460283982
    ],
    [
      0.1306332387811468,
      0.26292672882322327,
      -0.26300673910210715,
      -0.0062999973764629345
    ],
    [
      0.13149550423603215,
      0.26236437789499795,
      -0.26890114155707623,
      -0.006262198704397706
    ],
    [
      0.13259525537003788,
      0.26202796497383135,
      -0.27526251869450463,
      -0.006294491619138593
    ],
    [
      0.13388368739762993,
      0.26191725403011296,
      -0.2819446927597312,
      -0.006402618031700098
    ],
    [
      0.13529452644572307,
      0.2620170985039749,
      -0.2887690358577237,
      -0.006587834024048991
    ],
    [
      0.13675057649896555,
      0.26229846611760005,
      -0.2955399508294429,
      -0.006845935708415677
    ],
    [
      0.13817273601540805,
      0.2627217752928785,
      -0.30206442069071665,
      -0.007166929117039064
    ],
    [
      0.1394896138709429,
      0.2632418514563543,
      -0.3081717673598687,
      -0.007535477208412067
    ],
    [
      0.14064560256428615,
      0.26381331534076224,
      -0.31372951144531025,
      -0.00793207573411061
    ],
    [
      0.14160575071296472,
      0.264395171627688,
      -0.31865236240477146,
      -0.008334754756970998
    ],
    [
      0.14235679864488787,
      0.26495379124913565,
      -0.3229033921108521,
      -0.008721032027759545
    ],
    [
      0.14290483893977565,
      0.26546414854121353,
      -0.326488485268523,
      -0.009069864952144131
    ],
    [
      0.14327080898277075,
      0.265909759492431,
      -0.3294464807353948,
      -0.00936341829378432
    ],
    [
      0.1434852270790832,
      0.2662820284400196,
      -0.3318377450463856,
      -0.009588529839722141
    ],
    [
      0.14358332558926074,
      0.2665795959587658,
      -0.33373343685119156,
      -0.009737782508644004
    ],
    [
      0.14360124001156874,
      0.2668079145151201,
      -0.3352068396330724,
      -0.00981008152469005
    ],
    [
      0.1435734123114724,
      0.26697887144985133,
      -0.33632725450730727,
      -0.009810619374647599
    ],
    [
      0.14353100877365121,
      0.26711002643554044,
      -0.33715629901572963,
      -0.009750126783778778
    ],
    [
      0.14350098923816226,
      0.2672230404281152,
      -0.3377461266569796,
      -0.009643381141329142
    ],
    [
      0.1435054767590666,
      0.26734113695547584,
      -0.3381390177714393,
      -0.009507077918159287
    ],
    [
      0.14356120737643377,
      0.26748584418022164,
      -0.33836788814340046,
      -0.009357341261443735
    ],
    [
      0.14367901767985736,
      0.2676736519912348,
      -0.3384574052357314,
      -0.009207307765222309
    ],
    [
      0.14386348371350638,
      0.2679134236677205,
      -0.3384255129035253,
      -0.009065299493868135
    ],
    [
      0.14411290459474016,
      0.2682053318120543,
      -0.3382852103771233,
      -0.00893405301036058
    ],
    [
      0.1444198035636071,
      0.2685417463258662,
      -0.338046419810943,
      -0.008811267842026915
    ],
    [
      0.14477201181687518,
      0.2689099877541602,
      -0.3377177436336292,
      -0.00869141149384655
    ],
    [
      0.14515425366306053,
      0.2692963337092897,
      -0.33730789685898793,
      -0.0085683559176848
    ],
    [
      0.14555002560904232,
      0.26969029708586745,
      -0.3368266259116466,
      -0.008438142705123086
    ],
    [
      0.14594350242701876,
      0.2700880998743379,
      -0.336284999614392,
      -0.008301091023366179
    ],
    [
