{
  "n_diff_dims": 4,
  "latent_dim": 32,
  "decile_centroids": {
    "decile_0": [
      0.04409964755177498,
      0.07712618261575699,
      0.28954601287841797,
      0.4327891170978546
    ],
    "decile_1": [
      0.02431982196867466,
      0.056150566786527634,
      -0.32201412320137024,
      0.5393352508544922
    ],
    "decile_2": [
      0.016696393489837646,
      0.04962492361664772,
      -0.43160054087638855,
      0.5271222591400146
    ],
    "decile_3": [
      0.014795108698308468,
      0.051108311861753464,
      -0.41363126039505005,
      0.3866998553276062
    ],
    "decile_4": [
      0.014490175060927868,
      0.0503857359290123,
      -0.39716577529907227,
      0.24599717557430267
    ],
    "decile_5": [
      0.01527873333543539,
      0.05113161727786064,
      -0.3488785922527313,
      0.04687963053584099
    ],
    "decile_6": [
      0.015066513791680336,
      0.05323735252022743,
      -0.2629070281982422,
      -0.2118631899356842
    ],
    "decile_7": [
      0.010771192610263824,
      0.05413895472884178,
      -0.06423429399728775,
      -0.5396105647087097
    ],
    "decile_8": [
      0.0072565400041639805,
      0.05756103992462158,
      0.27896061539649963,
      -0.7526649832725525
    ],
    "decile_9": [
      0.0008161318255588412,
      0.06004859134554863,
      0.6752825975418091,
      -0.9029936790466309
    ]
  },
  "fine_targets": [
    0.0,
    0.010101010101010102,
    0.020202020202020204,
    0.030303030303030304,
    0.04040404040404041,
    0.05050505050505051,
    0.06060606060606061,
    0.07070707070707072,
    0.08080808080808081,
    0.09090909090909091,
    0.10101010101010102,
    0.11111111111111112,
    0.12121212121212122,
    0.13131313131313133,
    0.14141414141414144,
    0.15151515151515152,
    0.16161616161616163,
    0.17171717171717174,
    0.18181818181818182,
    0.19191919191919193,
    0.20202020202020204,
    0.21212121212121213,
    0.22222222222222224,
    0.23232323232323235,
    0.24242424242424243,
    0.25252525252525254,
    0.26262626262626265,
    0.27272727272727276,
    0.2828282828282829,
    0.29292929292929293,
    0.30303030303030304,
    0.31313131313131315,
    0.32323232323232326,
    0.33333333333333337,
    0.3434343434343435,
    0.3535353535353536,
    0.36363636363636365,
    0.37373737373737376,
    0.38383838383838387,
    0.393939393939394,
    0.4040404040404041,
    0.4141414141414142,
    0.42424242424242425,
    0.43434343434343436,
    0.4444444444444445,
    0.4545454545454546,
    0.4646464646464647,
    0.4747474747474748,
    0.48484848484848486,
    0.494949494949495,
    0.5050505050505051,
    0.5151515151515152,
    0.5252525252525253,
    0.5353535353535354,
    0.5454545454545455,
    0.5555555555555556,
    0.5656565656565657,
    0.5757575757575758,
    0.5858585858585859,
    0.595959595959596,
    0.6060606060606061,
    0.6161616161616162,
    0.6262626262626263,
    0.6363636363636365,
    0.6464646464646465,
    0.6565656565656566,
    0.6666666666666667,
    0.6767676767676768,
    0.686868686868687,
    0.696969696969697,
    0.7070707070707072,
    0.7171717171717172,
    0.7272727272727273,
    0.7373737373737375,
    0.7474747474747475,
    0.7575757575757577,
    0.7676767676767677,
    0.7777777777777778,
    0.787878787878788,
    0.797979797979798,
    0.8080808080808082,
    0.8181818181818182,
    0.8282828282828284,
    0.8383838383838385,
    0.8484848484848485,
    0.8585858585858587,
    0.8686868686868687,
    0.8787878787878789,
    0.888888888888889,
    0.8989898989898991,
    0.9090909090909092,
    0.9191919191919192,
    0.9292929292929294,
    0.9393939393939394,
    0.9494949494949496,
    0.9595959595959597,
    0.9696969696969697,
    0.9797979797979799,
    0.98989898989899,
    1.0
  ],
  "fine_centroids": [
    [
      0.04725997215130523,
      0.08046674174079482,
      0.34502413783523167,
      0.3973446450434871
    ],
    [
      0.04608475340851815,
      0.07939736721575849,
      0.32556884482932047,
      0.4096385363091698
    ],
    [
      0.0448183731781738,
      0.0781816469708256,
      0.30123706519482124,
      0.42198860239789937
    ],
    [
      0.04346081521624469,
      0.07682034190292236,
      0.2716840679468757,
      0.4342579762330295
    ],
    [
      0.04201546449041977,
      0.07532103532804116,
      0.23675064676876126,
      0.44629877436120496
    ],
    [
      0.04049000209057815,
      0.07369914518837585,
      0.1965374297385319,
      0.45796056698930926
    ],
    [
      0.03889703177197644,
      0.07197812258822939,
      0.15146961983507656,
      0.4691012687954964
    ],
    [
      0.03725417743312881,
      0.07018849458576808,
      0.10233435646722452,
      0.47959898515483856
    ],
    [
      0.035583429298506726,
      0.06836561301201458,
      0.050272471301852646,
      0.48936242237645367
    ],
    [
      0.03390966413325805,
      0.06654632413660658,
      -0.003287464542295727,
      0.4983370059535282
    ],
    [
      0.032258503760352664,
      0.06476517498346518,
      -0.056751949935180054,
      0.5065042805364135
    ],
    [
      0.030653925202225936,
      0.06305104306204025,
      -0.10852493394806169,
      0.5138736277291949
    ],
    [
      0.0291161755751131,
      0.06142504893459721,
      -0.15717891166774364,
      0.5204674683614627
    ],
    [
      0.027660484245461067,
      0.05990024114284417,
      -0.20159939626350654,
      0.5263031314731385
    ],
    [
      0.026296806337581857,
      0.05848296490488493,
      -0.24107437937065634,
      0.5313756645077014
    ],
    [
      0.025030483563621853,
      0.057175290212556656,
      -0.275315756012099,
      0.5356456353290105
    ],
    [
      0.023863426739959562,
      0.055977606553149116,
      -0.30441703613092247,
      0.5390346240468327
    ],
    [
      0.022795327064061666,
      0.05489057224737515,
      -0.3287649129141166,
      0.5414291973521909
    ],
    [
      0.021824512212514312,
      0.05391595564329512,
      -0.3489283893718575,
      0.5426923253394531
    ],
    [
      0.020948305153164478,
      0.05305634935093815,
      -0.3655484832354926,
      0.5426798790615032
    ],
    [
      0.02016299569418822,
      0.05231410479960875,
      -0.37924623462711743,
      0.5412592300855629
    ],
    [
      0.019463686346324283,
      0.05169001601284595,
      -0.3905593518562944,
      0.5383270462732916
    ],
    [
      0.01884427320431217,
      0.051182257107498366,
      -0.3999103620887896,
      0.5338239626106521
    ],
    [
      0.018297693626441444,
      0.05078589659214226,
      -0.407602948229314,
      0.5277446140426877
    ],
    [
      0.017816398223154093,
      0.05049306148256744,
      -0.4138390593361053,
      0.5201422504815338
    ],
    [
      0.017392881565022923,
      0.05029359902613009,
      -0.4187476829440391,
      0.5111276386233887
    ],
    [
      0.017020094183762692,
      0.05017595270569019,
      -0.42241666167328357,
      0.5008622337400043
    ],
    [
      0.016691651447291428,
      0.050127959538588236,
      -0.42492098297496533,
      0.4895459016738425
    ],
    [
      0.016401886438145826,
      0.050137370463510224,
      -0.4263436918258511,
      0.4774000240095234
    ],
    [
      0.016145877980825278,
      0.05019204556895314,
      -0.42678813638621665,
      0.464647671631591
    ],
    [
      0.01591956661122078,
      0.05027992086098722,
      -0.4263821031104334,
      0.45149343491188837
    ],
    [
      0.015719959661578974,
      0.050388933743681016,
      -0.42527536146827966,
      0.43810600729341376
    ],
    [
      0.01554529050390055,
      0.050507105944746264,
      -0.42363237903965717,
      0.4246063431684219
    ],
    [
      0.015394926092207556,
      0.050622919015223145,
      -0.4216218172762238,
      0.4110630732574165
    ],
    [
      0.015268870767975031,
      0.05072600452718927,
