update,mode,buffer_size,mean_regret_candidates,valid_fraction,mean_buffer_score,time_s
0,es_step,128,0.0000,0.938,0.0000,3.72
1,es_step,192,0.0000,0.969,0.0000,3.02
2,es_step,256,0.0000,1.000,0.0000,2.78
3,es_step,320,0.0000,0.969,0.0000,2.67
4,es_step,384,0.0000,1.000,0.0000,2.54
5,es_step,448,0.0000,0.938,0.0000,2.53
6,es_step,512,0.0000,1.000,0.0000,2.53
7,es_step,576,0.0000,1.000,0.0000,2.53
8,es_step,640,0.0000,1.000,0.0000,2.53
9,es_step,704,0.0000,1.000,0.0000,2.52
10,es_step,768,0.0000,1.000,0.0000,2.52
11,es_step,832,0.0000,1.000,0.0000,2.52
12,es_step,896,0.0000,1.000,0.0000,2.53
13,es_step,960,0.0000,1.000,0.0000,2.54
14,es_step,1024,0.0000,0.969,0.0000,2.73
15,es_step,1088,0.0000,1.000,0.0000,2.56
16,es_step,1152,0.0000,0.969,0.0000,2.56
17,es_step,1216,0.0000,1.000,0.0000,2.55
18,es_step,1280,0.0000,1.000,0.0000,2.55
19,es_step,1344,0.0000,0.969,0.0000,2.56
20,es_step,1408,0.0000,0.969,0.0000,2.55
21,es_step,1472,0.0000,0.969,0.0000,2.55
22,es_step,1536,0.0000,1.000,0.0000,2.56
23,es_step,1600,0.0000,0.969,0.0000,2.56
24,es_step,1664,0.0000,1.000,0.0000,2.56
25,es_step,1728,0.0000,0.969,0.0000,2.56
26,es_step,1792,0.0000,1.000,0.0000,2.55
27,es_step,1856,0.0000,1.000,0.0000,2.77
28,es_step,1920,0.0000,1.000,0.0000,2.56
29,es_step,1984,0.0000,1.000,0.0000,2.57
30,es_step,2048,0.0000,1.000,0.0000,2.55
31,replay,2048,-0.1049,1.000,-0.0009,8.94
32,replay,2048,0.0164,1.000,-0.0013,0.70
33,replay,2048,-0.0189,1.000,-0.0015,0.60
34,replay,2048,0.0097,1.000,-0.0012,0.60
35,replay,2048,0.0409,1.000,-0.0016,0.60
36,replay,2048,0.0103,1.000,-0.0017,0.60
37,replay,2048,0.0027,1.000,-0.0015,0.70
38,replay,2048,-0.0064,1.000,-0.0018,0.60
39,es_step,2112,0.0000,1.000,-0.0017,2.56
40,es_step,2176,0.0000,1.000,-0.0013,2.56
41,replay,2176,0.0019,1.000,-0.0017,0.60
42,replay,2176,-0.0024,1.000,-0.0018,0.60
43,replay,2176,0.0039,1.000,-0.0018,0.60
44,replay,2176,-0.0038,1.000,-0.0019,0.60
45,replay,2176,-0.0038,1.000,-0.0019,0.60
46,es_step,2240,0.0000,1.000,-0.0018,2.56
47,replay,2240,0.0140,1.000,-0.0017,0.60
48,replay,2240,-0.0045,1.000,-0.0019,0.60
49,replay,2240,0.0455,1.000,-0.0018,0.60
50,replay,2240,-0.0078,1.000,-0.0020,0.60
51,replay,2240,-0.0071,1.000,-0.0020,0.86
52,replay,2240,0.0078,1.000,-0.0019,0.60
53,es_step,2304,0.0000,0.969,-0.0018,2.56
54,es_step,2368,0.0000,0.969,-0.0018,2.55
55,replay,2368,0.0560,1.000,-0.0017,0.60
56,replay,2368,0.0144,1.000,-0.0020,0.60
57,replay,2368,-0.0043,1.000,-0.0019,0.60
58,replay,2368,0.0156,1.000,-0.0020,0.60
59,replay,2368,-0.0087,1.000,-0.0021,0.60
60,replay,2368,0.0320,1.000,-0.0016,0.60
61,replay,2368,0.0561,1.000,-0.0015,0.60
62,es_step,2432,0.0000,1.000,-0.0015,2.65
63,replay,2432,0.0177,1.000,-0.0020,0.60
64,replay,2432,-0.0033,1.000,-0.0022,0.60
65,replay,2432,0.1049,1.000,-0.0022,0.60
66,replay,2432,-0.0149,1.000,-0.0023,0.60
67,replay,2432,-0.0109,1.000,-0.0024,0.60
68,replay,2432,0.0116,1.000,-0.0025,0.72
69,replay,2432,-0.0005,1.000,-0.0024,0.60
70,es_step,2496,0.0000,0.969,-0.0023,2.56
71,es_step,2560,0.0000,0.969,-0.0023,2.55
72,replay,2560,0.0177,1.000,-0.0024,0.60
73,replay,2560,0.0133,1.000,-0.0024,0.60
74,replay,2560,-0.0071,1.000,-0.0025,0.60
75,replay,2560,0.0745,1.000,-0.0023,0.60
76,replay,2560,0.0352,1.000,-0.0026,0.60
77,replay,2560,-0.0182,1.000,-0.0027,0.60
78,replay,2560,0.0148,1.000,-0.0027,0.60
79,replay,2560,0.0347,1.000,-0.0025,0.60
80,replay,2560,0.0043,1.000,-0.0028,0.60
81,replay,2560,0.0401,1.000,-0.0029,0.60
82,replay,2560,-0.0014,1.000,-0.0028,0.60
83,replay,2560,0.0505,1.000,-0.0028,0.60
84,es_step,2624,0.0000,1.000,-0.0027,2.55
85,replay,2624,0.1281,1.000,-0.0028,0.60
86,replay,2624,0.0640,1.000,-0.0032,0.60
87,replay,2624,-0.0218,1.000,-0.0032,0.60
88,replay,2624,0.0073,1.000,-0.0032,0.60
89,replay,2624,0.0366,1.000,-0.0031,0.60
90,replay,2624,-0.0164,1.000,-0.0035,0.60
91,replay,2624,0.0391,1.000,-0.0036,0.60
92,es_step,2688,0.0000,1.000,-0.0035,2.55
93,es_step,2752,0.0000,1.000,-0.0035,2.56
94,replay,2752,0.0327,1.000,-0.0032,0.60
95,replay,2752,-0.0105,1.000,-0.0036,0.60
96,replay,2752,0.0008,1.000,-0.0036,0.60
97,replay,2752,0.0569,1.000,-0.0033,0.60
98,es_step,2816,0.0000,1.000,-0.0033,2.55
99,replay,2816,0.0171,1.000,-0.0035,0.92
100,es_step,2880,0.0000,1.000,-0.0034,2.54
101,replay,2880,0.0116,1.000,-0.0036,0.60
102,replay,2880,0.0456,1.000,-0.0037,0.59
103,es_step,2944,0.0000,1.000,-0.0036,2.53
104,replay,2944,0.0912,1.000,-0.0036,0.59
105,es_step,3008,0.0000,1.000,-0.0036,2.53
106,es_step,3072,0.0000,1.000,-0.0035,2.54
107,replay,3072,0.0179,1.000,-0.0036,0.60
108,replay,3072,-0.0002,1.000,-0.0037,0.60
109,replay,3072,-0.0028,1.000,-0.0038,0.59
110,replay,3072,0.0271,1.000,-0.0038,0.59
111,replay,3072,0.0134,1.000,-0.0038,0.59
112,replay,3072,-0.0109,1.000,-0.0038,0.59
113,replay,3072,0.0564,1.000,-0.0036,0.59
114,es_step,3136,0.0000,1.000,-0.0036,2.52
115,replay,3136,0.0330,1.000,-0.0038,0.60
116,replay,3136,-0.0179,1.000,-0.0038,0.59
117,replay,3136,-0.0088,1.000,-0.0040,0.59
118,replay,3136,0.0133,1.000,-0.0037,0.59
119,replay,3136,0.1209,1.000,-0.0040,0.59
120,replay,3136,0.0035,1.000,-0.0040,0.59
121,replay,3136,0.0543,1.000,-0.0042,0.59
122,replay,3136,0.0330,1.000,-0.0043,0.59
123,replay,3136,-0.0215,1.000,-0.0044,0.59
124,replay,3136,0.0297,1.000,-0.0043,0.59
125,replay,3136,-0.0192,1.000,-0.0045,0.60
126,replay,3136,0.0620,1.000,-0.0039,0.59
127,es_step,3200,0.0000,1.000,-0.0038,2.53
128,es_step,3264,0.0000,1.000,-0.0037,2.53
129,replay,3264,0.0863,1.000,-0.0038,0.60
130,es_step,3328,0.0000,1.000,-0.0037,2.53
131,replay,3328,0.2402,1.000,-0.0037,0.60
132,replay,3328,0.0643,1.000,-0.0038,0.60
133,replay,3328,0.0656,1.000,-0.0038,0.60
134,replay,3328,0.2040,1.000,-0.0041,0.60
135,replay,3328,0.2227,1.000,-0.0046,0.60
136,replay,3328,0.2967,1.000,-0.0048,0.60
137,replay,3328,0.1658,1.000,-0.0053,0.60
138,replay,3328,0.3067,1.000,-0.0053,0.60
139,replay,3328,0.2504,1.000,-0.0058,0.60
140,replay,3328,0.0030,1.000,-0.0066,0.60
141,es_step,3392,0.0000,0.969,-0.0065,2.55
142,replay,3392,0.1759,1.000,-0.0069,0.60
143,replay,3392,0.2952,1.000,-0.0073,0.60
144,replay,3392,0.2939,1.000,-0.0079,0.60
145,es_step,3456,0.0000,1.000,-0.0078,2.56
146,replay,3456,0.4124,1.000,-0.0076,0.60
147,replay,3456,0.1065,1.000,-0.0086,0.60
148,replay,3456,0.0879,1.000,-0.0090,0.60
149,replay,3456,-0.0797,1.000,-0.0097,0.60
150,es_step,3520,0.0000,1.000,-0.0095,2.56
151,replay,3520,0.0672,1.000,-0.0099,0.60
152,replay,3520,0.3868,1.000,-0.0099,0.60
153,replay,3520,0.1039,1.000,-0.0106,0.98
154,replay,3520,0.2508,1.000,-0.0108,0.60
155,replay,3520,0.0810,1.000,-0.0113,0.60
156,replay,3520,0.2901,1.000,-0.0115,0.60
157,replay,3520,0.2319,1.000,-0.0118,0.60
158,replay,3520,0.0710,1.000,-0.0127,0.60
159,replay,3520,0.2552,1.000,-0.0126,0.60
160,replay,3520,0.1307,1.000,-0.0136,0.60
161,replay,3520,-0.1557,1.000,-0.0141,0.60
162,es_step,3584,0.0000,1.000,-0.0139,2.55
163,es_step,3648,0.0000,1.000,-0.0136,2.56
164,replay,3648,0.1700,1.000,-0.0136,0.60
165,replay,3648,0.1214,1.000,-0.0139,0.60
166,replay,3648,-0.0304,1.000,-0.0142,0.60
167,es_step,3712,0.0000,1.000,-0.0140,2.55
168,replay,3712,0.0701,1.000,-0.0140,0.60
169,replay,3712,0.2082,1.000,-0.0142,0.60
170,replay,3712,0.0982,1.000,-0.0143,0.60
171,replay,3712,0.1052,1.000,-0.0143,0.60
172,replay,3712,0.1474,1.000,-0.0142,0.60
173,replay,3712,0.3047,1.000,-0.0144,0.60
174,replay,3712,-0.0065,1.000,-0.0152,0.60
175,replay,3712,0.2224,1.000,-0.0153,0.60
176,replay,3712,0.1614,1.000,-0.0154,0.60
177,replay,3712,0.0697,1.000,-0.0157,0.60
178,replay,3712,0.0108,1.000,-0.0165,0.60
179,replay,3712,0.1261,1.000,-0.0161,0.60
180,replay,3712,0.5901,1.000,-0.0160,0.60
181,replay,3712,0.2054,1.000,-0.0170,0.60
182,es_step,3776,0.0000,1.000,-0.0168,2.56
183,replay,3776,0.2245,1.000,-0.0175,0.60
184,replay,3776,0.2407,1.000,-0.0181,0.60
185,replay,3776,0.2861,1.000,-0.0185,0.60
186,replay,3776,0.0388,1.000,-0.0193,0.60
187,replay,3776,0.2209,1.000,-0.0201,0.60
188,replay,3776,-0.0182,1.000,-0.0205,0.60
189,replay,3776,0.2600,1.000,-0.0208,0.60
190,es_step,3840,0.0000,1.000,-0.0205,2.56
191,replay,3840,0.4047,1.000,-0.0208,0.60
192,replay,3840,0.0020,1.000,-0.0226,0.60
193,replay,3840,-0.3429,1.000,-0.0240,0.60
194,replay,3840,0.2152,1.000,-0.0245,0.60
195,replay,3840,0.1801,1.000,-0.0252,0.60
196,replay,3840,0.1012,1.000,-0.0261,0.60
197,replay,3840,-0.0833,1.000,-0.0264,0.60
198,replay,3840,0.2243,1.000,-0.0269,0.60
199,replay,3840,-0.0144,1.000,-0.0277,0.60
200,replay,3840,-0.0334,1.000,-0.0281,0.60
201,replay,3840,0.2012,1.000,-0.0284,0.60
202,replay,3840,0.2703,1.000,-0.0290,0.60
203,replay,3840,0.2713,1.000,-0.0293,0.60
204,replay,3840,0.0910,1.000,-0.0302,0.60
205,es_step,3904,0.0000,1.000,-0.0297,2.55
206,replay,3904,0.2264,1.000,-0.0302,0.60
207,es_step,3968,0.0000,1.000,-0.0297,2.55
208,replay,3968,0.1738,1.000,-0.0304,0.60
209,replay,3968,0.0068,1.000,-0.0317,0.60
210,replay,3968,0.0287,1.000,-0.0329,0.60
211,replay,3968,0.0839,1.000,-0.0337,0.60
212,replay,3968,0.0870,1.000,-0.0343,0.60
213,replay,3968,-0.0706,1.000,-0.0359,0.60
214,es_step,4000,0.0000,1.000,-0.0356,2.55
215,replay,4000,0.1565,1.000,-0.0358,0.60
216,replay,4000,0.1554,1.000,-0.0364,0.60
217,replay,4000,-0.0234,1.000,-0.0371,0.60
218,replay,4000,0.0561,1.000,-0.0374,0.60
219,replay,4000,0.1088,1.000,-0.0376,0.60
220,replay,4000,0.3391,1.000,-0.0377,0.60
221,replay,4000,0.2839,1.000,-0.0380,0.60
222,es_step,4000,0.0000,1.000,-0.0379,2.56
223,replay,4000,0.1518,1.000,-0.0386,0.60
224,replay,4000,0.2112,1.000,-0.0392,0.60
225,replay,4000,0.2327,1.000,-0.0397,0.60
226,replay,4000,0.1502,1.000,-0.0406,0.60
227,es_step,4000,0.0000,1.000,-0.0405,2.97
228,replay,4000,-0.3029,1.000,-0.0411,0.60
229,replay,4000,0.2285,1.000,-0.0416,0.60
230,replay,4000,0.3429,1.000,-0.0421,0.59
231,es_step,4000,0.0000,1.000,-0.0420,2.53
232,replay,4000,-0.0579,1.000,-0.0434,0.60
233,replay,4000,0.1356,1.000,-0.0441,0.60
234,replay,4000,-0.0114,1.000,-0.0447,0.60
235,replay,4000,0.2624,1.000,-0.0449,0.60
236,es_step,4000,0.0000,1.000,-0.0448,2.53
237,replay,4000,0.1342,1.000,-0.0453,0.60
238,replay,4000,0.1406,1.000,-0.0457,0.60
239,es_step,4000,0.0000,1.000,-0.0456,2.56
240,replay,4000,0.1597,1.000,-0.0461,0.60
241,replay,4000,0.1636,1.000,-0.0467,0.60
242,es_step,4000,0.0000,1.000,-0.0466,2.55
243,es_step,4000,0.0000,1.000,-0.0466,2.56
244,es_step,4000,0.0000,1.000,-0.0466,2.56
245,es_step,4000,0.0000,1.000,-0.0466,2.56
246,replay,4000,0.0966,1.000,-0.0473,0.61
247,replay,4000,0.0265,1.000,-0.0481,0.60
248,replay,4000,-0.0186,1.000,-0.0490,0.60
249,replay,4000,0.1521,1.000,-0.0495,0.60
250,replay,4000,0.1564,1.000,-0.0498,0.60
251,replay,4000,-0.1259,1.000,-0.0505,0.60
252,replay,4000,-0.0820,1.000,-0.0512,0.60
253,replay,4000,0.4855,1.000,-0.0509,0.60
254,replay,4000,-0.0112,1.000,-0.0512,0.60
255,es_step,4000,0.0000,1.000,-0.0511,2.55
256,replay,4000,0.3160,1.000,-0.0509,0.60
257,es_step,4000,0.0000,1.000,-0.0508,2.56
258,replay,4000,0.1398,1.000,-0.0514,0.60
259,replay,4000,0.1513,1.000,-0.0519,0.60
260,replay,4000,-0.1196,1.000,-0.0529,0.60
261,replay,4000,0.1582,1.000,-0.0534,0.60
262,replay,4000,0.1759,1.000,-0.0537,0.60
263,replay,4000,0.1491,1.000,-0.0542,0.60
264,replay,4000,-0.2236,1.000,-0.0546,0.60
265,replay,4000,0.2033,1.000,-0.0549,0.60
266,replay,4000,0.1933,1.000,-0.0552,0.60
267,replay,4000,-0.2188,1.000,-0.0562,0.60
268,replay,4000,0.2649,1.000,-0.0564,0.60
269,replay,4000,-0.0876,1.000,-0.0570,0.60
270,replay,4000,0.2274,1.000,-0.0572,0.60
271,es_step,4000,0.0000,1.000,-0.0571,2.56
272,replay,4000,0.0610,1.000,-0.0573,0.60
273,es_step,4000,0.0000,1.000,-0.0572,2.55
274,replay,4000,0.1446,1.000,-0.0575,0.60
275,replay,4000,0.2692,1.000,-0.0575,0.60
276,replay,4000,0.1632,1.000,-0.0574,0.60
277,replay,4000,0.0515,1.000,-0.0578,0.60
278,replay,4000,0.2560,1.000,-0.0577,0.60
279,replay,4000,0.1714,1.000,-0.0576,0.60
280,replay,4000,0.2625,1.000,-0.0577,0.60
281,replay,4000,0.1338,1.000,-0.0573,0.60
282,es_step,4000,0.0000,1.000,-0.0573,2.55
283,es_step,4000,0.0000,1.000,-0.0573,2.55
284,replay,4000,0.1055,1.000,-0.0578,0.60
285,replay,4000,0.1380,1.000,-0.0579,0.60
286,replay,4000,0.2387,1.000,-0.0576,0.60
287,replay,4000,0.1592,1.000,-0.0579,0.60
288,replay,4000,0.3599,1.000,-0.0575,0.60
289,replay,4000,0.1523,1.000,-0.0582,0.60
290,replay,4000,0.1680,1.000,-0.0584,0.60
291,replay,4000,0.1431,1.000,-0.0585,0.60
292,es_step,4000,0.0063,1.000,-0.0584,2.56
293,replay,4000,0.0696,1.000,-0.0591,0.60
294,replay,4000,0.0483,1.000,-0.0594,0.60
295,replay,4000,0.3439,1.000,-0.0596,0.60
296,replay,4000,0.3575,1.000,-0.0595,0.60
297,es_step,4000,0.0000,1.000,-0.0594,2.56
298,replay,4000,-0.0363,1.000,-0.0600,0.60
299,es_step,4000,0.0000,1.000,-0.0599,3.11
300,replay,4000,0.0573,1.000,-0.0604,0.60
301,replay,4000,0.2439,1.000,-0.0603,0.60
302,es_step,4000,0.0000,1.000,-0.0601,2.53
303,replay,4000,-0.0161,1.000,-0.0604,0.60
304,es_step,4000,0.0000,1.000,-0.0603,2.53
305,replay,4000,0.3079,1.000,-0.0603,0.60
306,replay,4000,0.1119,1.000,-0.0607,0.59
307,replay,4000,0.1889,1.000,-0.0605,0.60
308,replay,4000,0.1483,1.000,-0.0611,0.59
309,replay,4000,0.3096,1.000,-0.0607,0.59
310,replay,4000,0.0883,1.000,-0.0610,0.59
311,replay,4000,0.2028,1.000,-0.0613,0.60
312,replay,4000,0.1122,1.000,-0.0612,0.59
313,es_step,4000,0.0000,1.000,-0.0612,2.54
314,replay,4000,0.2517,1.000,-0.0612,0.60
315,replay,4000,0.1299,1.000,-0.0613,0.60
316,replay,4000,0.2141,1.000,-0.0611,0.59
317,es_step,4000,0.0100,1.000,-0.0610,2.53
318,replay,4000,0.2924,1.000,-0.0612,0.60
319,replay,4000,0.2838,1.000,-0.0616,0.60
320,replay,4000,0.1501,1.000,-0.0621,0.60
321,replay,4000,0.2219,1.000,-0.0622,0.60
322,replay,4000,0.1225,1.000,-0.0629,0.60
323,es_step,4000,0.0000,1.000,-0.0628,2.53
324,es_step,4000,0.0043,1.000,-0.0628,2.53
325,replay,4000,0.1405,1.000,-0.0630,0.60
326,replay,4000,0.1098,1.000,-0.0635,0.60
327,replay,4000,-0.0208,1.000,-0.0639,0.60
328,replay,4000,0.1261,1.000,-0.0637,0.60
329,replay,4000,0.3775,1.000,-0.0631,0.60
330,replay,4000,0.2454,1.000,-0.0633,0.60
331,es_step,4000,0.0000,1.000,-0.0632,2.54
332,replay,4000,0.2898,1.000,-0.0633,0.60
333,replay,4000,0.2099,1.000,-0.0634,0.60
334,es_step,4000,0.0000,1.000,-0.0634,2.54
335,replay,4000,0.1290,1.000,-0.0638,0.60
336,es_step,4000,0.0000,1.000,-0.0637,2.53
337,replay,4000,0.0012,1.000,-0.0635,0.60
338,es_step,4000,0.0085,1.000,-0.0632,2.54
339,replay,4000,0.2204,1.000,-0.0634,0.60
340,replay,4000,0.2140,1.000,-0.0631,0.60
341,es_step,4000,0.0000,1.000,-0.0630,2.54
342,es_step,4000,0.0000,1.000,-0.0630,2.55
343,replay,4000,0.0234,1.000,-0.0632,0.60
344,replay,4000,0.3029,1.000,-0.0633,0.60
345,replay,4000,0.0824,1.000,-0.0638,0.60
346,es_step,4000,0.0000,1.000,-0.0638,2.55
347,replay,4000,0.4476,1.000,-0.0634,0.61
348,es_step,4000,0.0000,1.000,-0.0633,2.56
349,replay,4000,0.0682,1.000,-0.0639,0.60
350,replay,4000,0.1797,1.000,-0.0639,0.60
351,es_step,4000,0.0000,1.000,-0.0638,2.55
352,replay,4000,-0.0747,1.000,-0.0646,0.60
353,replay,4000,0.3151,1.000,-0.0641,0.60
354,replay,4000,0.1138,1.000,-0.0646,0.60
355,replay,4000,-0.3030,1.000,-0.0654,0.60
356,replay,4000,0.1862,1.000,-0.0658,0.60
357,replay,4000,0.2337,1.000,-0.0658,0.60
358,replay,4000,0.0649,1.000,-0.0662,0.60
359,replay,4000,0.3245,1.000,-0.0661,0.60
360,replay,4000,0.2500,1.000,-0.0663,0.60
361,replay,4000,-0.0311,1.000,-0.0668,0.60
362,replay,4000,0.1209,1.000,-0.0670,0.60
363,replay,4000,0.2213,1.000,-0.0666,0.60
364,replay,4000,0.3022,1.000,-0.0665,0.60
365,es_step,4000,0.0191,1.000,-0.0662,2.56
366,replay,4000,0.0644,1.000,-0.0667,0.60
367,replay,4000,0.1368,1.000,-0.0666,0.60
368,es_step,4000,0.0000,1.000,-0.0665,2.55
369,replay,4000,0.2126,1.000,-0.0663,0.60
370,replay,4000,0.2036,1.000,-0.0662,0.60
371,replay,4000,0.3075,1.000,-0.0653,0.60
372,es_step,4000,0.0358,1.000,-0.0646,3.20
373,es_step,4000,0.0000,1.000,-0.0644,2.56
374,replay,4000,0.1137,1.000,-0.0646,0.60
375,replay,4000,0.2495,1.000,-0.0644,0.60
376,replay,4000,0.3027,1.000,-0.0642,0.60
377,replay,4000,0.1150,1.000,-0.0643,0.60
378,replay,4000,0.3049,1.000,-0.0641,0.60
379,es_step,4000,0.0000,1.000,-0.0641,2.56
380,es_step,4000,0.0000,1.000,-0.0641,2.56
381,replay,4000,0.2322,1.000,-0.0639,0.60
382,replay,4000,0.2756,1.000,-0.0637,0.60
383,replay,4000,0.0532,1.000,-0.0636,0.60
384,replay,4000,0.2249,1.000,-0.0636,0.60
385,replay,4000,0.3678,1.000,-0.0634,0.60
386,es_step,4000,0.0000,1.000,-0.0634,2.56
387,es_step,4000,0.0000,1.000,-0.0634,2.56
388,es_step,4000,0.0000,1.000,-0.0634,2.57
389,replay,4000,-0.0997,1.000,-0.0634,0.60
390,replay,4000,0.3347,1.000,-0.0634,0.60
391,replay,4000,-0.0225,1.000,-0.0638,0.60
392,replay,4000,0.2395,1.000,-0.0636,0.60
393,es_step,4000,0.0068,1.000,-0.0636,2.55
394,replay,4000,0.1841,1.000,-0.0638,0.60
395,replay,4000,0.0553,1.000,-0.0642,0.60
396,replay,4000,0.2405,1.000,-0.0639,0.60
397,replay,4000,0.2506,1.000,-0.0637,0.60
398,replay,4000,0.1362,1.000,-0.0644,0.60
399,replay,4000,0.2681,1.000,-0.0645,0.60
400,replay,4000,0.3042,1.000,-0.0648,0.60
401,replay,4000,0.1857,1.000,-0.0645,0.60
402,es_step,4000,0.0074,1.000,-0.0645,2.55
403,replay,4000,0.1991,1.000,-0.0646,0.61
404,replay,4000,0.2179,1.000,-0.0644,0.60
405,replay,4000,-0.1404,1.000,-0.0646,0.60
406,replay,4000,0.2825,1.000,-0.0643,0.60
407,replay,4000,0.1780,1.000,-0.0640,0.60
408,replay,4000,0.2633,1.000,-0.0637,0.60
409,replay,4000,0.1933,1.000,-0.0636,0.60
410,replay,4000,0.1604,1.000,-0.0633,0.60
411,replay,4000,0.2086,1.000,-0.0630,0.60
412,replay,4000,0.2301,1.000,-0.0628,0.60
413,replay,4000,0.2220,1.000,-0.0628,0.60
414,replay,4000,0.2221,1.000,-0.0622,0.60
415,replay,4000,0.1072,1.000,-0.0623,0.60
416,es_step,4000,0.0154,1.000,-0.0622,2.56
417,replay,4000,0.3215,1.000,-0.0617,0.60
418,replay,4000,-0.0295,1.000,-0.0617,0.60
419,replay,4000,0.3220,1.000,-0.0615,0.60
420,es_step,4000,0.0107,1.000,-0.0613,2.56
421,es_step,4000,0.0297,1.000,-0.0613,2.56
422,replay,4000,0.2610,1.000,-0.0613,0.60
423,replay,4000,0.2892,1.000,-0.0611,0.60
424,replay,4000,0.3190,1.000,-0.0609,0.60
425,replay,4000,0.1726,1.000,-0.0613,0.60
426,replay,4000,0.0780,1.000,-0.0614,0.60
427,replay,4000,0.2006,1.000,-0.0613,0.60
428,replay,4000,0.2606,1.000,-0.0611,0.60
429,replay,4000,0.1839,1.000,-0.0612,0.60
430,replay,4000,0.2384,1.000,-0.0610,0.60
431,es_step,4000,0.1092,1.000,-0.0610,2.56
432,replay,4000,0.0944,1.000,-0.0613,0.60
433,replay,4000,0.1593,1.000,-0.0612,0.60
434,replay,4000,0.3366,1.000,-0.0608,0.60
435,replay,4000,0.2849,1.000,-0.0605,0.60
436,replay,4000,0.1213,1.000,-0.0601,0.60
437,replay,4000,0.2262,1.000,-0.0602,0.60
438,replay,4000,0.1947,1.000,-0.0601,0.60
439,replay,4000,0.0725,1.000,-0.0601,0.60
440,replay,4000,0.1983,1.000,-0.0600,0.60
441,replay,4000,0.2453,1.000,-0.0599,0.60
442,es_step,4000,0.0154,1.000,-0.0597,2.56
443,replay,4000,0.2083,1.000,-0.0596,0.60
444,replay,4000,0.2532,1.000,-0.0594,0.60
445,replay,4000,0.1612,1.000,-0.0594,0.60
446,replay,4000,0.0878,1.000,-0.0598,0.60
447,replay,4000,0.1041,1.000,-0.0597,0.60
448,replay,4000,0.1081,1.000,-0.0594,0.60
449,es_step,4000,0.0145,1.000,-0.0594,2.56
450,replay,4000,0.2431,1.000,-0.0595,0.60
451,replay,4000,0.1535,1.000,-0.0593,0.60
452,replay,4000,0.2209,1.000,-0.0594,0.60
453,replay,4000,0.2159,1.000,-0.0594,0.60
454,replay,4000,0.3099,1.000,-0.0588,0.60
455,es_step,4000,0.0397,1.000,-0.0588,2.56
456,replay,4000,0.2347,1.000,-0.0588,0.60
457,es_step,4000,0.0085,1.000,-0.0588,2.56
458,replay,4000,0.1997,1.000,-0.0587,0.60
459,es_step,4000,0.0216,1.000,-0.0586,2.56
460,es_step,4000,0.0278,1.000,-0.0586,2.56
461,replay,4000,0.1991,1.000,-0.0585,0.60
462,replay,4000,0.2086,1.000,-0.0585,0.60
463,replay,4000,0.2445,1.000,-0.0580,0.60
464,replay,4000,-0.1526,1.000,-0.0581,1.35
465,replay,4000,0.2381,1.000,-0.0578,0.60
466,replay,4000,0.0968,1.000,-0.0577,0.60
467,replay,4000,0.1256,1.000,-0.0576,0.60
468,replay,4000,0.2629,1.000,-0.0573,0.60
469,replay,4000,0.1581,1.000,-0.0574,0.60
470,replay,4000,-0.0911,1.000,-0.0576,0.60
471,replay,4000,0.1372,1.000,-0.0580,0.60
472,replay,4000,0.2196,1.000,-0.0576,0.60
473,replay,4000,0.0987,1.000,-0.0578,0.60
474,replay,4000,0.1466,1.000,-0.0574,0.60
475,replay,4000,0.2269,1.000,-0.0571,0.60
476,es_step,4000,0.0335,1.000,-0.0571,2.56
477,es_step,4000,0.0210,1.000,-0.0571,2.56
478,replay,4000,0.2271,1.000,-0.0567,0.61
479,replay,4000,0.1824,1.000,-0.0570,0.60
480,replay,4000,0.2567,1.000,-0.0571,0.60
481,replay,4000,0.2505,1.000,-0.0569,0.60
482,replay,4000,0.1424,1.000,-0.0572,0.60
483,replay,4000,0.0738,1.000,-0.0573,0.60
484,es_step,4000,0.0989,1.000,-0.0573,2.56
485,es_step,4000,0.0971,1.000,-0.0573,2.56
486,replay,4000,0.1449,1.000,-0.0574,0.61
487,es_step,4000,0.0629,1.000,-0.0574,2.56
488,replay,4000,0.1065,1.000,-0.0576,0.60
489,replay,4000,0.0837,1.000,-0.0579,0.60
490,replay,4000,0.1776,1.000,-0.0582,0.60
491,replay,4000,0.1357,1.000,-0.0580,0.60
492,es_step,4000,0.0000,1.000,-0.0579,2.56
493,replay,4000,-0.0977,1.000,-0.0583,0.61
494,replay,4000,0.3044,1.000,-0.0578,0.60
495,replay,4000,0.2305,1.000,-0.0579,0.60
496,es_step,4000,0.0497,1.000,-0.0579,2.56
497,replay,4000,0.2142,1.000,-0.0576,0.60
498,replay,4000,0.0612,1.000,-0.0578,0.60
499,replay,4000,0.1532,1.000,-0.0573,0.60
500,replay,4000,0.2243,1.000,-0.0577,0.60
501,replay,4000,0.1469,1.000,-0.0580,0.60
502,replay,4000,0.2676,1.000,-0.0582,0.60
503,replay,4000,0.1897,1.000,-0.0582,0.60
504,replay,4000,0.2023,1.000,-0.0583,0.60
505,replay,4000,0.1421,1.000,-0.0584,0.60
506,replay,4000,0.1450,1.000,-0.0583,0.60
507,replay,4000,0.1503,1.000,-0.0579,0.60
508,es_step,4000,0.0695,1.000,-0.0579,2.56
509,replay,4000,0.1594,1.000,-0.0581,0.60
510,replay,4000,0.0672,1.000,-0.0585,0.60
511,replay,4000,0.1249,1.000,-0.0586,0.60
512,replay,4000,0.1597,1.000,-0.0585,0.60
513,replay,4000,0.2315,1.000,-0.0582,0.60
514,es_step,4000,0.0670,1.000,-0.0582,2.56
515,replay,4000,0.1573,1.000,-0.0580,0.60
516,replay,4000,0.0786,1.000,-0.0583,0.60
517,replay,4000,0.1333,1.000,-0.0582,0.60
518,replay,4000,0.1834,1.000,-0.0580,0.60
519,replay,4000,-0.0234,1.000,-0.0581,0.60
520,replay,4000,0.1335,1.000,-0.0578,0.60
521,replay,4000,0.3474,1.000,-0.0572,0.60
522,replay,4000,0.1854,1.000,-0.0571,0.60
523,es_step,4000,0.0923,1.000,-0.0571,2.56
524,es_step,4000,0.0901,1.000,-0.0569,2.56
525,replay,4000,-0.0592,1.000,-0.0571,0.60
526,replay,4000,0.2916,1.000,-0.0570,0.60
527,replay,4000,0.1376,1.000,-0.0574,0.60
528,replay,4000,-0.0390,1.000,-0.0573,0.60
529,replay,4000,0.2725,1.000,-0.0572,0.60
530,replay,4000,0.2086,1.000,-0.0571,0.60
531,es_step,4000,0.0571,1.000,-0.0571,2.56
532,replay,4000,0.0903,1.000,-0.0576,0.61
533,replay,4000,0.0998,1.000,-0.0575,0.60
534,replay,4000,0.1885,1.000,-0.0575,0.60
535,es_step,4000,0.1244,1.000,-0.0573,2.56
536,es_step,4000,0.1484,1.000,-0.0571,2.57
537,es_step,4000,0.1349,1.000,-0.0570,2.57
538,replay,4000,0.2294,1.000,-0.0570,0.60
539,replay,4000,0.3951,1.000,-0.0567,0.60
540,replay,4000,0.2838,1.000,-0.0563,0.60
541,es_step,4000,0.1079,1.000,-0.0561,2.56
542,replay,4000,0.0116,1.000,-0.0563,0.60
543,replay,4000,0.3019,1.000,-0.0561,0.60
544,es_step,4000,0.0918,1.000,-0.0559,2.56
545,replay,4000,0.1915,1.000,-0.0561,0.61
546,replay,4000,0.0192,1.000,-0.0565,0.60
547,replay,4000,0.1551,1.000,-0.0565,0.60
548,es_step,4000,0.1149,1.000,-0.0562,2.56
549,es_step,4000,0.1417,1.000,-0.0555,2.56
550,replay,4000,0.1470,1.000,-0.0561,0.60
551,replay,4000,0.1186,1.000,-0.0564,0.60
552,replay,4000,0.0829,1.000,-0.0561,0.60
553,replay,4000,0.1689,1.000,-0.0563,0.60
554,replay,4000,0.2156,1.000,-0.0555,0.60
555,replay,4000,0.1523,1.000,-0.0550,0.60
556,es_step,4000,0.1291,0.969,-0.0543,2.56
557,replay,4000,0.1631,1.000,-0.0538,0.60
558,replay,4000,0.2509,1.000,-0.0536,0.60
559,es_step,4000,0.1248,1.000,-0.0534,2.56
560,replay,4000,0.2203,1.000,-0.0535,0.61
561,es_step,4000,0.1384,0.969,-0.0526,3.43
562,replay,4000,0.1811,1.000,-0.0525,0.60
563,replay,4000,0.2176,1.000,-0.0518,0.60
564,replay,4000,0.2236,1.000,-0.0516,0.60
565,replay,4000,0.2341,1.000,-0.0512,0.60
566,replay,4000,0.2567,1.000,-0.0508,0.60
567,replay,4000,0.2330,1.000,-0.0505,0.60
568,es_step,4000,0.1157,1.000,-0.0500,2.57
569,replay,4000,0.2413,1.000,-0.0499,0.61
570,replay,4000,0.2257,1.000,-0.0496,0.60
571,replay,4000,0.2217,1.000,-0.0493,0.60
572,replay,4000,0.1302,1.000,-0.0492,0.60
573,replay,4000,0.2444,1.000,-0.0491,0.60
574,replay,4000,-0.1442,1.000,-0.0494,0.60
575,es_step,4000,0.1672,1.000,-0.0481,2.56
576,replay,4000,0.2078,1.000,-0.0477,0.60
577,replay,4000,0.2078,1.000,-0.0475,0.60
578,replay,4000,0.0991,1.000,-0.0477,0.60
579,replay,4000,0.2667,1.000,-0.0472,0.60
580,replay,4000,0.2331,1.000,-0.0471,0.60
581,replay,4000,0.1838,1.000,-0.0468,0.60
582,replay,4000,0.1604,1.000,-0.0470,0.60
583,replay,4000,0.1924,1.000,-0.0469,0.60
584,es_step,4000,0.1177,1.000,-0.0468,2.56
585,replay,4000,0.2620,1.000,-0.0466,0.60
586,replay,4000,0.2105,1.000,-0.0466,0.60
587,replay,4000,0.1880,1.000,-0.0465,0.60
588,replay,4000,0.1360,1.000,-0.0468,0.60
589,replay,4000,0.1231,1.000,-0.0470,0.60
590,replay,4000,0.0264,1.000,-0.0473,0.60
591,replay,4000,0.1704,1.000,-0.0470,0.60
592,replay,4000,0.1694,1.000,-0.0470,0.60
593,replay,4000,0.0963,1.000,-0.0471,0.60
594,replay,4000,0.1482,1.000,-0.0470,0.60
595,replay,4000,0.1466,1.000,-0.0471,0.60
596,replay,4000,0.1048,1.000,-0.0470,0.60
597,replay,4000,0.1529,1.000,-0.0467,0.60
598,replay,4000,0.1103,1.000,-0.0465,0.60
599,replay,4000,0.2989,1.000,-0.0458,0.60
600,replay,4000,0.2299,1.000,-0.0455,0.60
601,replay,4000,0.2090,1.000,-0.0453,0.60
602,replay,4000,0.1510,1.000,-0.0450,0.60
603,es_step,4000,0.1730,1.000,-0.0449,2.57
604,replay,4000,0.2642,1.000,-0.0445,0.61
605,replay,4000,0.2790,1.000,-0.0442,0.60
606,es_step,4000,0.1659,0.969,-0.0435,2.56
607,replay,4000,0.2358,1.000,-0.0432,0.61
608,replay,4000,0.1512,1.000,-0.0434,0.61
609,es_step,4000,0.0875,0.969,-0.0434,2.56
610,replay,4000,0.0638,1.000,-0.0435,0.61
611,es_step,4000,0.0724,1.000,-0.0435,2.56
612,es_step,4000,0.0508,1.000,-0.0435,2.57
613,replay,4000,0.0985,1.000,-0.0435,0.61
614,es_step,4000,0.0624,1.000,-0.0435,2.57
615,replay,4000,0.1127,1.000,-0.0435,0.61
616,es_step,4000,0.0896,0.969,-0.0435,2.57
617,replay,4000,0.0845,1.000,-0.0432,0.61
618,es_step,4000,0.1178,1.000,-0.0432,2.57
619,es_step,4000,0.0963,0.969,-0.0432,2.57
620,replay,4000,0.1309,1.000,-0.0430,0.61
621,replay,4000,0.0160,1.000,-0.0435,0.60
622,replay,4000,0.2247,1.000,-0.0433,0.60
623,replay,4000,0.1656,1.000,-0.0431,0.60
624,es_step,4000,0.0819,0.938,-0.0431,2.57
625,replay,4000,0.1190,1.000,-0.0432,0.61
626,replay,4000,0.1167,1.000,-0.0435,0.60
627,replay,4000,0.1208,1.000,-0.0435,0.61
628,es_step,4000,0.0548,1.000,-0.0435,2.57
629,es_step,4000,0.0475,1.000,-0.0434,2.57
630,replay,4000,0.0882,1.000,-0.0435,0.61
631,replay,4000,0.0682,1.000,-0.0438,0.60
632,replay,4000,0.0951,1.000,-0.0437,0.60
633,es_step,4000,0.0758,0.969,-0.0437,2.56
634,replay,4000,0.0385,1.000,-0.0440,0.61
635,replay,4000,0.0587,1.000,-0.0440,0.60
636,replay,4000,0.2115,1.000,-0.0439,0.61
637,replay,4000,0.1752,1.000,-0.0432,0.60
638,replay,4000,0.1656,1.000,-0.0425,0.60
639,replay,4000,0.1682,1.000,-0.0426,0.60
640,replay,4000,0.1473,1.000,-0.0425,0.60
641,replay,4000,0.1313,1.000,-0.0423,0.60
642,replay,4000,0.1348,1.000,-0.0422,0.60
643,replay,4000,0.1832,1.000,-0.0419,0.60
644,replay,4000,0.1793,1.000,-0.0417,0.60
645,replay,4000,0.1782,1.000,-0.0416,0.60
646,replay,4000,0.1848,1.000,-0.0410,0.60
647,replay,4000,0.1027,1.000,-0.0406,0.60
648,replay,4000,0.0604,1.000,-0.0409,0.60
649,replay,4000,0.0914,1.000,-0.0407,0.61
650,es_step,4000,0.0947,0.969,-0.0407,2.56
651,es_step,4000,0.1675,0.969,-0.0406,2.57
652,replay,4000,0.2377,1.000,-0.0404,0.61
653,es_step,4000,0.1120,0.969,-0.0403,2.57
654,replay,4000,0.2003,1.000,-0.0404,0.61
655,replay,4000,0.0737,1.000,-0.0399,0.61
656,replay,4000,0.0801,1.000,-0.0397,0.60
657,replay,4000,0.1378,1.000,-0.0395,0.60
658,replay,4000,0.2996,1.000,-0.0394,0.60
659,replay,4000,0.1453,1.000,-0.0394,0.61
660,replay,4000,0.3084,1.000,-0.0390,0.61
661,replay,4000,0.2498,1.000,-0.0389,0.60
662,replay,4000,0.2531,1.000,-0.0387,0.60
663,replay,4000,0.1770,1.000,-0.0386,0.60
664,es_step,4000,0.0464,1.000,-0.0386,2.57
665,replay,4000,-0.0454,1.000,-0.0387,0.61
666,es_step,4000,0.0995,0.938,-0.0387,2.57
667,es_step,4000,0.1136,1.000,-0.0387,2.58
668,replay,4000,0.0838,1.000,-0.0387,0.61
669,es_step,4000,0.1283,0.938,-0.0387,2.57
670,replay,4000,0.0803,1.000,-0.0387,0.61
671,replay,4000,0.0866,1.000,-0.0388,0.60
672,es_step,4000,0.0517,0.938,-0.0387,2.57
673,es_step,4000,0.0549,0.938,-0.0387,2.57
674,replay,4000,0.0370,1.000,-0.0388,1.59
675,replay,4000,0.1361,1.000,-0.0386,0.60
676,replay,4000,0.0947,1.000,-0.0388,0.60
677,replay,4000,0.1148,1.000,-0.0387,0.60
678,replay,4000,0.1446,1.000,-0.0386,0.60
679,replay,4000,0.0755,1.000,-0.0386,0.60
680,replay,4000,-0.0020,1.000,-0.0387,0.61
681,replay,4000,0.1848,1.000,-0.0385,0.60
682,es_step,4000,0.1690,0.969,-0.0376,2.57
683,replay,4000,0.1729,1.000,-0.0376,0.60
684,es_step,4000,0.1527,1.000,-0.0367,2.57
685,es_step,4000,0.1722,1.000,-0.0361,2.57
686,replay,4000,0.2753,1.000,-0.0356,0.60
687,replay,4000,0.2480,1.000,-0.0355,0.60
688,replay,4000,0.0670,1.000,-0.0355,0.60
689,replay,4000,0.1088,1.000,-0.0355,0.61
690,es_step,4000,0.0661,0.938,-0.0355,2.57
691,replay,4000,0.0891,1.000,-0.0356,0.61
692,replay,4000,0.0784,1.000,-0.0358,0.61
693,replay,4000,0.0413,1.000,-0.0361,0.60
694,replay,4000,0.0745,1.000,-0.0362,0.60
695,replay,4000,0.1394,1.000,-0.0362,0.60
696,replay,4000,0.0370,1.000,-0.0362,0.61
697,replay,4000,0.0963,1.000,-0.0364,0.61
698,replay,4000,0.1391,1.000,-0.0356,0.60
699,replay,4000,0.1015,1.000,-0.0356,0.60
700,replay,4000,0.0353,1.000,-0.0360,0.60
701,replay,4000,0.0224,1.000,-0.0360,0.60
702,replay,4000,0.0455,1.000,-0.0362,0.60
703,es_step,4000,0.0808,0.938,-0.0362,2.57
704,replay,4000,0.1649,1.000,-0.0362,0.61
705,replay,4000,0.2363,1.000,-0.0361,0.61
706,replay,4000,0.2988,1.000,-0.0353,0.60
707,replay,4000,0.1682,1.000,-0.0351,0.61
708,es_step,4000,0.1475,1.000,-0.0351,2.57
709,replay,4000,0.1211,1.000,-0.0356,0.61
710,replay,4000,0.1753,1.000,-0.0354,0.60
711,replay,4000,0.2477,1.000,-0.0351,0.60
712,es_step,4000,0.1346,1.000,-0.0350,2.57
713,es_step,4000,0.1131,0.969,-0.0349,2.57
714,replay,4000,0.1647,1.000,-0.0350,0.61
715,replay,4000,0.1677,1.000,-0.0349,0.60
716,replay,4000,0.1520,1.000,-0.0347,0.60
717,es_step,4000,0.0953,0.969,-0.0347,2.56
718,replay,4000,0.1005,1.000,-0.0348,0.60
719,replay,4000,0.1751,1.000,-0.0344,0.60
720,replay,4000,0.2363,1.000,-0.0340,0.60
721,es_step,4000,0.0970,1.000,-0.0340,2.56
722,replay,4000,0.1984,1.000,-0.0339,0.60
723,replay,4000,0.0419,1.000,-0.0336,0.60
724,replay,4000,0.1042,1.000,-0.0336,0.60
725,replay,4000,0.2916,1.000,-0.0330,0.60
726,replay,4000,0.2283,1.000,-0.0327,0.60
727,replay,4000,0.0609,1.000,-0.0327,0.60
728,replay,4000,-0.0088,1.000,-0.0331,0.60
729,replay,4000,0.0411,1.000,-0.0334,0.60
730,replay,4000,-0.0927,1.000,-0.0334,0.60
731,replay,4000,0.2421,1.000,-0.0332,0.60
732,replay,4000,0.1400,1.000,-0.0333,0.60
733,replay,4000,0.2627,1.000,-0.0333,0.60
734,replay,4000,-0.0487,1.000,-0.0334,0.60
735,replay,4000,0.1922,1.000,-0.0326,0.60
736,replay,4000,0.1025,1.000,-0.0323,0.60
737,replay,4000,0.3179,1.000,-0.0318,0.60
738,replay,4000,0.1919,1.000,-0.0317,0.60
739,replay,4000,0.1248,1.000,-0.0315,0.60
740,replay,4000,0.0518,1.000,-0.0318,0.60
741,es_step,4000,0.0534,1.000,-0.0318,2.54
742,replay,4000,0.0249,1.000,-0.0317,0.60
743,es_step,4000,0.1017,1.000,-0.0317,2.54
744,replay,4000,0.1673,1.000,-0.0316,0.60
745,replay,4000,0.1102,1.000,-0.0314,0.60
746,replay,4000,0.2130,1.000,-0.0313,0.60
747,replay,4000,-0.1266,1.000,-0.0316,0.60
748,es_step,4000,0.1517,1.000,-0.0312,2.54
749,replay,4000,0.1779,1.000,-0.0312,0.60
750,es_step,4000,0.1524,1.000,-0.0311,2.54
751,replay,4000,0.2626,1.000,-0.0308,0.60
752,es_step,4000,0.0120,1.000,-0.0308,2.53
753,replay,4000,0.0180,1.000,-0.0313,0.60
754,replay,4000,-0.0773,1.000,-0.0316,0.60
755,replay,4000,0.1016,1.000,-0.0315,0.60
756,replay,4000,0.1314,1.000,-0.0310,0.60
757,replay,4000,0.1883,1.000,-0.0309,0.60
758,replay,4000,0.2099,1.000,-0.0310,0.60
759,replay,4000,0.1009,1.000,-0.0311,0.60
760,replay,4000,0.2459,1.000,-0.0311,0.60
761,replay,4000,0.1533,1.000,-0.0309,0.60
762,replay,4000,0.0409,1.000,-0.0313,0.60
763,replay,4000,0.2458,1.000,-0.0312,0.60
764,es_step,4000,0.0780,1.000,-0.0312,2.54
765,replay,4000,0.0870,1.000,-0.0312,0.60
766,replay,4000,0.0177,1.000,-0.0316,0.60
767,replay,4000,0.1125,1.000,-0.0315,0.60
768,replay,4000,0.1653,1.000,-0.0309,0.60
769,replay,4000,0.1715,1.000,-0.0308,0.60
770,replay,4000,0.2115,1.000,-0.0303,0.60
771,replay,4000,0.0939,1.000,-0.0300,0.60
772,replay,4000,0.2192,1.000,-0.0295,0.60
773,replay,4000,0.1754,1.000,-0.0290,0.60
774,replay,4000,0.2274,1.000,-0.0286,0.60
775,replay,4000,0.1838,1.000,-0.0285,0.60
776,replay,4000,0.1764,1.000,-0.0284,0.60
777,es_step,4000,0.0931,1.000,-0.0282,2.55
778,replay,4000,0.1430,1.000,-0.0282,0.61
779,replay,4000,0.1325,1.000,-0.0281,0.60
780,replay,4000,-0.1779,1.000,-0.0283,0.60
781,es_step,4000,0.1390,1.000,-0.0280,2.55
782,es_step,4000,0.1467,1.000,-0.0277,2.56
783,replay,4000,0.2899,1.000,-0.0274,0.60
784,replay,4000,0.2369,1.000,-0.0274,0.60
785,es_step,4000,0.1510,1.000,-0.0274,2.54
786,replay,4000,0.1674,1.000,-0.0270,0.60
787,replay,4000,0.2606,1.000,-0.0265,0.60
788,replay,4000,0.1803,1.000,-0.0267,0.60
789,es_step,4000,0.1347,1.000,-0.0267,2.55
790,es_step,4000,0.1601,1.000,-0.0267,2.55
791,replay,4000,0.1936,1.000,-0.0265,0.60
792,replay,4000,0.0975,1.000,-0.0265,0.60
793,replay,4000,0.2089,1.000,-0.0264,0.60
794,replay,4000,0.1315,1.000,-0.0264,0.60
795,replay,4000,0.0086,1.000,-0.0267,0.60
796,replay,4000,0.1376,1.000,-0.0267,0.60
797,replay,4000,0.2400,1.000,-0.0267,0.60
798,replay,4000,0.0711,1.000,-0.0267,0.60
799,replay,4000,0.1208,1.000,-0.0266,0.60
800,replay,4000,0.1803,1.000,-0.0262,0.60
801,replay,4000,0.2119,1.000,-0.0262,0.60
802,replay,4000,0.1556,1.000,-0.0258,0.60
803,replay,4000,0.0531,1.000,-0.0256,0.60
804,replay,4000,0.0571,1.000,-0.0257,0.60
805,replay,4000,0.2412,1.000,-0.0253,0.60
806,replay,4000,0.1963,1.000,-0.0252,0.60
807,replay,4000,0.0967,1.000,-0.0250,0.60
808,replay,4000,0.1842,1.000,-0.0249,0.60
809,replay,4000,0.0793,1.000,-0.0254,0.60
810,replay,4000,0.1719,1.000,-0.0251,0.60
811,es_step,4000,0.1392,1.000,-0.0251,2.54
812,replay,4000,0.1391,1.000,-0.0251,0.60
813,replay,4000,0.1392,1.000,-0.0249,0.60
814,replay,4000,0.3487,1.000,-0.0243,0.60
815,replay,4000,0.2071,1.000,-0.0238,0.60
816,replay,4000,0.2403,1.000,-0.0232,0.60
817,replay,4000,0.1837,1.000,-0.0233,0.60
818,replay,4000,-0.1583,1.000,-0.0230,0.60
819,es_step,4000,0.1392,1.000,-0.0227,3.63
820,es_step,4000,0.1508,1.000,-0.0226,2.56
821,replay,4000,0.2390,1.000,-0.0223,0.60
822,replay,4000,0.2837,1.000,-0.0220,0.60
823,replay,4000,0.2545,1.000,-0.0218,0.60
824,replay,4000,0.0780,1.000,-0.0215,0.60
825,replay,4000,0.1262,1.000,-0.0211,0.60
826,es_step,4000,0.1901,1.000,-0.0206,2.55
827,replay,4000,0.2134,1.000,-0.0207,0.60
828,replay,4000,0.2069,1.000,-0.0205,0.60
829,replay,4000,0.1090,1.000,-0.0204,0.60
830,replay,4000,0.0104,1.000,-0.0204,0.60
831,replay,4000,0.0717,1.000,-0.0205,0.60
832,replay,4000,0.1209,1.000,-0.0204,0.60
833,replay,4000,0.1467,1.000,-0.0206,0.60
834,replay,4000,0.1092,1.000,-0.0206,0.60
835,replay,4000,0.2372,1.000,-0.0205,0.60
836,replay,4000,0.1882,1.000,-0.0200,0.61
837,replay,4000,0.1474,1.000,-0.0200,0.60
838,replay,4000,-0.0612,1.000,-0.0202,0.61
839,replay,4000,0.2005,1.000,-0.0200,0.60
840,replay,4000,0.0351,1.000,-0.0200,0.60
841,replay,4000,0.0806,1.000,-0.0198,0.60
842,replay,4000,0.0534,1.000,-0.0200,0.60
843,replay,4000,0.0432,1.000,-0.0199,0.60
844,replay,4000,0.1480,1.000,-0.0199,0.61
845,replay,4000,0.2269,1.000,-0.0195,0.60
846,replay,4000,0.1066,1.000,-0.0194,0.60
847,replay,4000,0.2008,1.000,-0.0191,0.60
848,replay,4000,0.2399,1.000,-0.0193,0.60
849,replay,4000,0.2268,1.000,-0.0189,0.60
850,replay,4000,0.1774,1.000,-0.0185,0.60
851,replay,4000,0.1753,1.000,-0.0185,0.61
852,replay,4000,0.1413,1.000,-0.0187,0.60
853,replay,4000,0.0970,1.000,-0.0190,0.60
854,es_step,4000,0.0828,1.000,-0.0190,2.55
855,replay,4000,0.0697,1.000,-0.0190,0.61
856,replay,4000,0.0174,1.000,-0.0191,0.61
857,replay,4000,0.0517,1.000,-0.0192,0.61
858,es_step,4000,0.1005,1.000,-0.0191,2.55
859,replay,4000,0.1386,1.000,-0.0191,0.60
860,replay,4000,0.2671,1.000,-0.0187,0.60
861,replay,4000,0.2244,1.000,-0.0188,0.60
862,replay,4000,0.1098,1.000,-0.0190,0.60
863,es_step,4000,0.0666,1.000,-0.0190,2.55
864,es_step,4000,0.0627,1.000,-0.0190,2.56
865,es_step,4000,0.0653,1.000,-0.0190,2.56
866,replay,4000,0.0140,1.000,-0.0192,0.61
867,replay,4000,0.0781,1.000,-0.0193,0.60
868,replay,4000,0.0291,1.000,-0.0196,0.60
869,replay,4000,0.1142,1.000,-0.0195,0.60
870,replay,4000,0.1494,1.000,-0.0193,0.60
871,replay,4000,0.2275,1.000,-0.0194,0.60
872,replay,4000,0.1363,1.000,-0.0195,0.60
873,es_step,4000,0.1415,1.000,-0.0193,2.56
874,replay,4000,0.1527,1.000,-0.0190,0.61
875,replay,4000,-0.0055,1.000,-0.0190,0.60
876,replay,4000,0.2054,1.000,-0.0193,0.61
877,replay,4000,0.1562,1.000,-0.0192,0.60
878,es_step,4000,0.1024,1.000,-0.0191,2.55
879,es_step,4000,0.0876,1.000,-0.0191,2.56
880,replay,4000,0.1549,1.000,-0.0191,0.61
881,replay,4000,0.0746,1.000,-0.0191,0.61
882,replay,4000,-0.1783,1.000,-0.0191,0.61
883,replay,4000,0.3184,1.000,-0.0186,0.61
884,replay,4000,0.2610,1.000,-0.0184,0.60
885,replay,4000,0.1265,1.000,-0.0183,0.60
886,es_step,4000,0.0703,1.000,-0.0183,2.55
887,replay,4000,0.1246,1.000,-0.0182,0.61
888,replay,4000,0.0815,1.000,-0.0181,0.60
889,replay,4000,0.0498,1.000,-0.0182,0.60
890,es_step,4000,0.0886,1.000,-0.0181,2.56
891,replay,4000,0.0353,1.000,-0.0179,0.60
892,replay,4000,0.1098,1.000,-0.0178,0.61
893,replay,4000,0.0409,1.000,-0.0174,0.61
894,replay,4000,0.1203,1.000,-0.0173,0.60
895,replay,4000,0.1528,1.000,-0.0163,0.61
896,es_step,4000,0.2385,1.000,-0.0142,2.56
897,replay,4000,0.3519,1.000,-0.0137,0.60
898,replay,4000,0.2548,1.000,-0.0135,0.60
899,replay,4000,0.1814,1.000,-0.0131,0.60
900,es_step,4000,0.0946,1.000,-0.0131,2.55
901,replay,4000,0.1368,1.000,-0.0128,0.61
902,es_step,4000,0.1085,1.000,-0.0128,2.56
903,es_step,4000,0.1167,1.000,-0.0128,2.56
904,replay,4000,-0.0111,1.000,-0.0131,0.61
905,replay,4000,0.2368,1.000,-0.0129,0.60
906,es_step,4000,0.1984,1.000,-0.0125,2.56
907,replay,4000,0.2469,1.000,-0.0123,0.61
908,replay,4000,0.0993,1.000,-0.0119,0.60
909,replay,4000,0.1184,1.000,-0.0122,0.60
910,es_step,4000,0.0754,1.000,-0.0121,2.56
911,replay,4000,0.0838,1.000,-0.0122,0.61
912,replay,4000,0.1542,1.000,-0.0124,0.60
913,replay,4000,0.0524,1.000,-0.0126,0.60
914,replay,4000,0.1631,1.000,-0.0125,0.60
915,replay,4000,0.0828,1.000,-0.0127,0.60
916,replay,4000,0.1084,1.000,-0.0125,0.60
917,es_step,4000,0.1063,1.000,-0.0125,2.55
918,replay,4000,0.0759,1.000,-0.0128,0.61
919,replay,4000,0.1820,1.000,-0.0125,0.60
920,replay,4000,0.0670,1.000,-0.0125,0.60
921,es_step,4000,0.1540,1.000,-0.0125,2.55
922,replay,4000,0.0204,1.000,-0.0125,0.60
923,replay,4000,0.0768,1.000,-0.0122,0.60
924,es_step,4000,0.3225,1.000,-0.0089,2.55
925,replay,4000,0.3217,1.000,-0.0081,0.60
926,replay,4000,0.2500,1.000,-0.0076,0.60
927,es_step,4000,0.1147,1.000,-0.0076,2.55
928,replay,4000,0.1347,1.000,-0.0076,0.60
929,replay,4000,0.0992,1.000,-0.0072,0.60
930,replay,4000,0.2201,1.000,-0.0066,0.60
931,replay,4000,0.1627,1.000,-0.0062,0.60
932,replay,4000,0.1263,1.000,-0.0059,0.60
933,replay,4000,0.1425,1.000,-0.0060,0.60
934,replay,4000,0.1036,1.000,-0.0061,0.60
935,replay,4000,0.0489,1.000,-0.0066,0.60
936,replay,4000,0.1264,1.000,-0.0064,0.60
937,replay,4000,0.1385,1.000,-0.0065,0.60
938,replay,4000,0.0618,1.000,-0.0063,0.60
939,replay,4000,0.0823,1.000,-0.0063,0.60
940,replay,4000,0.1237,1.000,-0.0062,0.60
941,replay,4000,0.0896,1.000,-0.0061,0.60
942,replay,4000,0.0752,1.000,-0.0061,0.60
943,replay,4000,0.1174,1.000,-0.0058,0.60
944,replay,4000,0.1216,1.000,-0.0057,0.60
945,replay,4000,0.1133,1.000,-0.0055,0.60
946,replay,4000,0.0939,1.000,-0.0054,0.60
947,es_step,4000,0.0593,1.000,-0.0054,2.56
948,es_step,4000,0.0628,1.000,-0.0054,2.56
949,replay,4000,0.0378,1.000,-0.0055,0.61
950,replay,4000,0.0757,1.000,-0.0057,0.61
951,replay,4000,0.0972,1.000,-0.0058,0.60
952,replay,4000,0.1918,1.000,-0.0058,0.60
953,es_step,4000,0.1754,1.000,-0.0057,2.56
954,es_step,4000,0.1804,1.000,-0.0057,2.56
955,es_step,4000,0.1780,1.000,-0.0057,2.56
956,replay,4000,0.1475,1.000,-0.0052,0.61
957,replay,4000,0.2472,1.000,-0.0050,0.61
958,replay,4000,0.1975,1.000,-0.0048,0.60
959,es_step,4000,0.1450,1.000,-0.0047,2.56
960,replay,4000,0.1335,1.000,-0.0048,0.61
961,replay,4000,0.2611,1.000,-0.0048,0.61
962,replay,4000,0.1621,1.000,-0.0048,0.60
963,replay,4000,0.0986,1.000,-0.0048,0.60
964,replay,4000,0.1407,1.000,-0.0046,0.60
965,replay,4000,0.0549,1.000,-0.0046,0.60
966,replay,4000,0.0294,1.000,-0.0046,0.60
967,replay,4000,-0.0226,1.000,-0.0047,0.60
968,replay,4000,0.2133,1.000,-0.0042,0.60
969,es_step,4000,0.2493,1.000,-0.0017,2.55
970,replay,4000,0.3112,1.000,-0.0011,0.61
971,replay,4000,0.0277,1.000,-0.0011,1.83
972,es_step,4000,0.1401,1.000,-0.0009,2.56
973,replay,4000,0.0878,1.000,-0.0009,0.61
974,replay,4000,0.1248,1.000,-0.0006,0.60
975,es_step,4000,0.1078,1.000,-0.0006,2.56
976,replay,4000,0.1008,1.000,-0.0007,0.60
977,replay,4000,0.1989,1.000,-0.0006,0.60
978,replay,4000,0.2008,1.000,-0.0006,0.60
979,es_step,4000,0.1109,1.000,-0.0006,2.56
980,replay,4000,0.2045,1.000,-0.0004,0.60
981,replay,4000,0.1250,1.000,-0.0004,0.60
982,replay,4000,0.1298,1.000,-0.0004,0.60
983,replay,4000,0.1359,1.000,-0.0003,0.60
984,replay,4000,0.0430,1.000,-0.0002,0.60
985,es_step,4000,0.2236,1.000,0.0003,2.55
986,replay,4000,0.2407,1.000,0.0007,0.61
987,replay,4000,0.2058,1.000,0.0007,0.60
988,es_step,4000,0.0599,1.000,0.0007,2.55
989,replay,4000,-0.0649,1.000,0.0004,0.60
990,replay,4000,0.0780,1.000,0.0002,0.60
991,replay,4000,0.1887,1.000,0.0004,0.60
992,replay,4000,0.1867,1.000,0.0006,0.60
993,replay,4000,0.0430,1.000,0.0005,0.60
994,replay,4000,0.2141,1.000,0.0009,0.60
995,replay,4000,0.1086,1.000,0.0008,0.60
996,replay,4000,0.0918,1.000,0.0009,0.60
997,replay,4000,0.0281,1.000,0.0007,0.60
998,replay,4000,0.0387,1.000,0.0008,0.60
999,replay,4000,0.1043,1.000,0.0008,0.60
1000,replay,4000,0.0320,1.000,0.0007,0.60
1001,replay,4000,0.1269,1.000,0.0008,0.61
1002,replay,4000,0.1283,1.000,0.0012,0.60
1003,replay,4000,-0.1320,1.000,0.0011,0.60
1004,es_step,4000,0.1278,1.000,0.0013,2.55
1005,replay,4000,0.2002,1.000,0.0017,0.60
1006,replay,4000,0.0961,1.000,0.0019,0.60
1007,es_step,4000,0.1041,1.000,0.0019,2.55
1008,replay,4000,0.1045,1.000,0.0017,0.60
1009,replay,4000,0.1501,1.000,0.0021,0.60
1010,replay,4000,0.1786,1.000,0.0021,0.60
1011,es_step,4000,0.0889,1.000,0.0021,2.56
1012,es_step,4000,0.0935,1.000,0.0021,2.58
1013,replay,4000,0.0986,1.000,0.0021,0.61
1014,replay,4000,0.0932,1.000,0.0019,0.61
1015,replay,4000,0.1358,1.000,0.0020,0.61
1016,replay,4000,0.1125,1.000,0.0022,0.61
1017,replay,4000,0.1811,1.000,0.0022,0.61
1018,replay,4000,0.1986,1.000,0.0024,0.61
1019,replay,4000,0.2064,1.000,0.0025,0.61
1020,replay,4000,0.1318,1.000,0.0025,0.61
1021,replay,4000,0.1039,1.000,0.0024,0.61
1022,replay,4000,0.1396,1.000,0.0029,0.61
1023,replay,4000,0.1814,1.000,0.0028,0.61
1024,replay,4000,0.1471,1.000,0.0026,0.61
1025,replay,4000,0.0874,1.000,0.0024,0.61
1026,replay,4000,0.0846,1.000,0.0025,0.61
1027,replay,4000,0.0825,1.000,0.0026,0.61
1028,replay,4000,0.1962,1.000,0.0028,0.61
1029,replay,4000,0.1816,1.000,0.0033,0.61
1030,replay,4000,0.1867,1.000,0.0031,0.61
1031,replay,4000,0.0778,1.000,0.0030,0.61
1032,replay,4000,0.0945,1.000,0.0030,0.61
1033,replay,4000,0.1093,1.000,0.0032,0.61
1034,replay,4000,0.2394,1.000,0.0033,0.61
1035,replay,4000,0.1795,1.000,0.0034,0.61
1036,replay,4000,0.1938,1.000,0.0034,0.61
1037,replay,4000,0.1389,1.000,0.0033,0.61
1038,replay,4000,-0.0174,1.000,0.0031,0.61
1039,replay,4000,0.1037,1.000,0.0032,0.61
1040,replay,4000,0.1340,1.000,0.0034,0.61
1041,replay,4000,0.1511,1.000,0.0036,0.61
1042,replay,4000,0.0949,1.000,0.0032,0.61
1043,replay,4000,0.0756,1.000,0.0034,0.61
1044,replay,4000,-0.0073,1.000,0.0031,0.61
1045,replay,4000,0.0537,1.000,0.0032,0.61
1046,es_step,4000,0.1542,1.000,0.0032,2.56
1047,es_step,4000,0.1495,1.000,0.0032,2.56
1048,replay,4000,0.1288,1.000,0.0033,0.61
1049,replay,4000,0.1294,1.000,0.0033,0.60
1050,replay,4000,0.1270,1.000,0.0036,0.60
1051,replay,4000,0.1768,1.000,0.0038,0.60
1052,replay,4000,0.2106,1.000,0.0039,0.60
1053,es_step,4000,0.1560,1.000,0.0039,2.55
1054,replay,4000,0.0916,1.000,0.0038,0.61
1055,replay,4000,0.0463,1.000,0.0038,0.60
1056,replay,4000,0.1762,1.000,0.0043,0.60
1057,replay,4000,0.1570,1.000,0.0044,0.60
1058,replay,4000,0.1297,1.000,0.0045,0.60
1059,replay,4000,0.1584,1.000,0.0046,0.60
1060,es_step,4000,0.0959,1.000,0.0046,2.55
1061,es_step,4000,0.0856,1.000,0.0046,2.55
1062,replay,4000,0.0317,1.000,0.0048,0.61
1063,replay,4000,0.0633,1.000,0.0047,0.60
1064,replay,4000,-0.0192,1.000,0.0043,0.60
1065,replay,4000,0.1368,1.000,0.0040,0.60
1066,replay,4000,0.0541,1.000,0.0039,0.60
1067,replay,4000,0.1186,1.000,0.0040,0.60
1068,replay,4000,0.0495,1.000,0.0038,0.60
1069,es_step,4000,0.1700,1.000,0.0038,2.55
1070,es_step,4000,0.1762,1.000,0.0038,2.55
1071,replay,4000,0.2091,1.000,0.0041,0.61
1072,replay,4000,0.2375,1.000,0.0047,0.61
1073,replay,4000,0.2107,1.000,0.0050,0.60
1074,replay,4000,0.0702,1.000,0.0051,0.60
1075,es_step,4000,0.1467,1.000,0.0051,2.57
1076,replay,4000,0.1731,1.000,0.0051,0.61
1077,replay,4000,0.1572,1.000,0.0054,0.61
1078,replay,4000,0.0353,1.000,0.0052,0.60
1079,es_step,4000,0.1167,1.000,0.0052,2.56
1080,replay,4000,0.0532,1.000,0.0051,0.60
1081,replay,4000,0.0652,1.000,0.0051,0.60
1082,es_step,4000,0.1082,1.000,0.0051,2.56
1083,replay,4000,0.0700,1.000,0.0051,0.61
1084,replay,4000,0.1206,1.000,0.0050,0.61
1085,replay,4000,0.1570,1.000,0.0052,0.60
1086,replay,4000,0.0765,1.000,0.0052,0.60
1087,replay,4000,0.1549,1.000,0.0052,0.60
1088,replay,4000,-0.0058,1.000,0.0047,0.61
1089,replay,4000,0.1251,1.000,0.0050,0.60
1090,es_step,4000,0.1322,1.000,0.0051,2.56
1091,replay,4000,0.1693,1.000,0.0051,0.61
1092,replay,4000,0.1297,1.000,0.0050,0.60
1093,replay,4000,0.0560,1.000,0.0048,0.60
1094,replay,4000,-0.2785,1.000,0.0042,0.60
1095,replay,4000,0.1969,1.000,0.0047,0.60
1096,es_step,4000,0.1528,1.000,0.0047,2.56
1097,replay,4000,0.1661,1.000,0.0048,0.61
1098,replay,4000,0.1944,1.000,0.0052,0.60
1099,replay,4000,0.1407,1.000,0.0052,0.60
1100,es_step,4000,0.1217,1.000,0.0053,2.56
1101,replay,4000,0.1391,1.000,0.0052,0.61
1102,replay,4000,0.1040,1.000,0.0053,0.60
1103,replay,4000,0.0605,1.000,0.0055,0.60
1104,replay,4000,0.1647,1.000,0.0059,0.60
1105,replay,4000,0.1634,1.000,0.0061,0.60
1106,replay,4000,0.1794,1.000,0.0062,0.60
1107,replay,4000,0.1585,1.000,0.0066,0.60
1108,replay,4000,0.0948,1.000,0.0065,0.60
1109,replay,4000,0.0644,1.000,0.0063,0.60
1110,es_step,4000,0.1025,1.000,0.0063,2.57
1111,replay,4000,0.0786,1.000,0.0061,0.61
1112,replay,4000,-0.0232,1.000,0.0058,0.61
1113,replay,4000,0.1127,1.000,0.0060,0.61
1114,es_step,4000,0.1224,1.000,0.0060,2.58
1115,replay,4000,0.1293,1.000,0.0064,0.61
1116,replay,4000,0.1206,1.000,0.0064,0.61
1117,replay,4000,0.0282,1.000,0.0063,0.61
1118,es_step,4000,0.0816,1.000,0.0064,2.56
1119,replay,4000,0.0594,1.000,0.0062,0.61
1120,replay,4000,-0.0118,1.000,0.0060,0.60
1121,es_step,4000,0.1314,1.000,0.0061,2.55
1122,replay,4000,0.0223,1.000,0.0061,0.61
1123,replay,4000,0.1831,1.000,0.0067,0.61
1124,replay,4000,0.1500,1.000,0.0070,0.60
1125,replay,4000,0.2214,1.000,0.0070,0.60
1126,es_step,4000,0.1777,1.000,0.0070,2.56
1127,replay,4000,0.1824,1.000,0.0072,0.60
1128,replay,4000,0.2110,1.000,0.0074,0.61
1129,replay,4000,0.1674,1.000,0.0078,0.60
1130,replay,4000,0.1019,1.000,0.0079,0.61
1131,replay,4000,0.0552,1.000,0.0078,0.60
1132,es_step,4000,0.1452,1.000,0.0079,2.55
1133,replay,4000,0.1279,1.000,0.0079,0.61
1134,replay,4000,0.1941,1.000,0.0080,0.60
1135,replay,4000,0.1087,1.000,0.0081,0.60
1136,es_step,4000,0.0453,1.000,0.0081,2.56
1137,es_step,4000,0.0531,1.000,0.0081,2.55
1138,es_step,4000,0.0493,1.000,0.0081,2.56
1139,replay,4000,0.0697,1.000,0.0080,0.61
1140,es_step,4000,0.0755,1.000,0.0080,2.56
1141,replay,4000,0.0745,1.000,0.0081,0.61
1142,replay,4000,0.1133,1.000,0.0081,0.60
1143,es_step,4000,0.1292,1.000,0.0081,3.96
1144,replay,4000,0.1187,1.000,0.0079,0.61
1145,replay,4000,0.1055,1.000,0.0081,0.61
1146,es_step,4000,0.2303,1.000,0.0099,2.56
1147,replay,4000,0.2499,1.000,0.0105,0.61
1148,es_step,4000,0.1615,1.000,0.0105,2.56
1149,replay,4000,0.1359,1.000,0.0102,0.61
1150,replay,4000,0.1012,1.000,0.0103,0.61
1151,replay,4000,0.1252,1.000,0.0103,0.61
1152,replay,4000,0.1003,1.000,0.0107,0.61
1153,replay,4000,0.0654,1.000,0.0108,0.60
1154,replay,4000,0.0676,1.000,0.0106,0.60
1155,replay,4000,0.0460,1.000,0.0105,0.60
1156,replay,4000,0.0641,1.000,0.0105,0.60
1157,replay,4000,0.0630,1.000,0.0105,0.60
1158,replay,4000,0.1106,1.000,0.0107,0.60
1159,replay,4000,0.0821,1.000,0.0106,0.60
1160,replay,4000,0.0728,1.000,0.0108,0.60
1161,replay,4000,0.0688,1.000,0.0107,0.60
1162,replay,4000,0.0686,1.000,0.0105,0.60
1163,replay,4000,0.0162,1.000,0.0102,0.61
1164,replay,4000,0.0460,1.000,0.0099,0.61
1165,replay,4000,0.0726,1.000,0.0099,0.61
1166,replay,4000,0.0957,1.000,0.0098,0.61
1167,replay,4000,0.0803,1.000,0.0095,0.61
1168,replay,4000,-0.0459,1.000,0.0099,0.61
1169,replay,4000,0.1673,1.000,0.0104,0.61
1170,replay,4000,0.1267,1.000,0.0104,0.61
1171,es_step,4000,0.1768,1.000,0.0105,2.58
1172,replay,4000,0.2567,1.000,0.0110,0.61
1173,replay,4000,0.2957,1.000,0.0116,0.61
1174,replay,4000,0.2972,1.000,0.0120,0.61
1175,replay,4000,0.2162,1.000,0.0124,0.61
1176,replay,4000,0.1638,1.000,0.0127,0.61
1177,replay,4000,0.0972,1.000,0.0128,0.61
1178,replay,4000,0.0764,1.000,0.0128,0.61
1179,replay,4000,0.1802,1.000,0.0133,0.61
1180,replay,4000,0.1446,1.000,0.0137,0.61
1181,replay,4000,0.0853,1.000,0.0137,0.61
1182,replay,4000,0.0931,1.000,0.0136,0.61
1183,replay,4000,0.1025,1.000,0.0136,0.61
1184,es_step,4000,0.0801,1.000,0.0136,2.58
1185,replay,4000,-0.0227,1.000,0.0137,0.61
1186,es_step,4000,0.1119,1.000,0.0137,2.59
1187,replay,4000,0.0903,1.000,0.0138,0.61
1188,replay,4000,0.1312,1.000,0.0137,0.61
1189,es_step,4000,0.1467,1.000,0.0137,2.58
1190,replay,4000,0.0625,1.000,0.0138,0.61
1191,replay,4000,0.0612,1.000,0.0140,0.61
1192,replay,4000,0.2810,1.000,0.0143,0.61
1193,replay,4000,0.2214,1.000,0.0143,0.61
1194,replay,4000,0.2102,1.000,0.0146,0.61
1195,replay,4000,0.1219,1.000,0.0147,0.61
1196,replay,4000,0.1476,1.000,0.0145,0.61
1197,replay,4000,0.1677,1.000,0.0146,0.61
1198,es_step,4000,0.1230,1.000,0.0146,2.59
1199,replay,4000,0.1370,1.000,0.0148,0.61
1200,es_step,4000,0.1310,1.000,0.0148,2.58
1201,replay,4000,0.1840,1.000,0.0149,0.61
1202,replay,4000,0.0699,1.000,0.0148,0.61
1203,es_step,4000,0.1143,1.000,0.0149,2.58
1204,replay,4000,0.0892,1.000,0.0148,0.61
1205,es_step,4000,0.0818,1.000,0.0148,2.56
1206,replay,4000,0.0589,1.000,0.0149,0.61
1207,es_step,4000,0.0921,1.000,0.0150,2.56
1208,replay,4000,-0.0180,1.000,0.0149,0.61
1209,replay,4000,0.1983,1.000,0.0150,0.61
1210,replay,4000,0.1590,1.000,0.0152,0.61
1211,replay,4000,0.1127,1.000,0.0153,0.61
1212,es_step,4000,0.0582,1.000,0.0153,2.56
1213,replay,4000,0.0642,1.000,0.0152,0.61
1214,es_step,4000,0.0737,1.000,0.0152,2.56
1215,es_step,4000,0.0575,1.000,0.0152,2.57
1216,es_step,4000,0.0750,1.000,0.0152,2.56
1217,replay,4000,0.0323,1.000,0.0151,0.61
1218,replay,4000,0.0917,1.000,0.0152,0.61
1219,replay,4000,0.0379,1.000,0.0152,0.61
1220,replay,4000,0.1389,1.000,0.0153,0.61
1221,replay,4000,0.2156,1.000,0.0158,0.60
1222,replay,4000,0.1835,1.000,0.0161,0.61
1223,replay,4000,0.1707,1.000,0.0163,0.61
1224,es_step,4000,0.1151,1.000,0.0163,2.57
1225,replay,4000,0.1445,1.000,0.0162,0.61
1226,replay,4000,0.0280,1.000,0.0164,0.61
1227,replay,4000,0.0852,1.000,0.0165,0.61
1228,replay,4000,0.1045,1.000,0.0164,0.60
1229,replay,4000,0.0638,1.000,0.0164,0.60
1230,replay,4000,0.0923,1.000,0.0167,0.60
1231,replay,4000,0.2215,1.000,0.0169,0.60
1232,es_step,4000,0.1647,1.000,0.0169,2.55
1233,replay,4000,0.1364,1.000,0.0172,0.61
1234,replay,4000,0.2098,1.000,0.0174,0.60
1235,es_step,4000,0.1796,1.000,0.0178,2.56
1236,replay,4000,0.2232,1.000,0.0180,0.61
1237,es_step,4000,0.1639,1.000,0.0182,2.55
1238,es_step,4000,0.1695,1.000,0.0183,2.55
1239,replay,4000,0.2377,1.000,0.0184,0.60
1240,replay,4000,0.1170,1.000,0.0182,0.60
1241,replay,4000,0.0310,1.000,0.0181,0.60
1242,replay,4000,0.1236,1.000,0.0184,0.60
1243,es_step,4000,0.1243,1.000,0.0184,2.55
1244,replay,4000,0.1736,1.000,0.0184,0.61
1245,replay,4000,0.1595,1.000,0.0185,0.61
1246,replay,4000,0.1780,1.000,0.0186,0.60
1247,es_step,4000,0.0568,1.000,0.0186,2.55
1248,replay,4000,-0.0197,1.000,0.0184,0.61
1249,replay,4000,0.0049,1.000,0.0185,0.60
1250,replay,4000,0.1157,1.000,0.0190,0.60
1251,replay,4000,0.2064,1.000,0.0194,0.60
1252,replay,4000,0.1291,1.000,0.0192,0.60
1253,replay,4000,0.0495,1.000,0.0190,0.61
1254,es_step,4000,0.0402,1.000,0.0191,2.56
1255,replay,4000,0.0372,1.000,0.0190,0.61
1256,replay,4000,0.0883,1.000,0.0191,0.60
1257,replay,4000,0.1135,1.000,0.0191,0.60
1258,replay,4000,0.1033,1.000,0.0192,0.60
1259,replay,4000,0.1496,1.000,0.0192,0.60
1260,replay,4000,0.0711,1.000,0.0190,0.61
1261,replay,4000,0.1436,1.000,0.0191,0.60
1262,replay,4000,0.2114,1.000,0.0194,0.60
1263,replay,4000,0.1588,1.000,0.0197,0.60
1264,replay,4000,0.0916,1.000,0.0196,0.60
1265,replay,4000,0.1261,1.000,0.0197,0.60
1266,es_step,4000,0.1066,1.000,0.0197,2.56
1267,replay,4000,0.1347,1.000,0.0196,0.61
1268,replay,4000,0.0532,1.000,0.0195,0.61
1269,replay,4000,0.0363,1.000,0.0193,0.60
1270,es_step,4000,0.0824,1.000,0.0193,2.56
1271,replay,4000,0.0988,1.000,0.0192,0.61
1272,es_step,4000,0.0874,1.000,0.0192,2.56
1273,replay,4000,0.0716,1.000,0.0190,0.61
1274,replay,4000,0.0784,1.000,0.0189,0.60
1275,replay,4000,0.0949,1.000,0.0190,0.61
1276,replay,4000,0.0752,1.000,0.0189,0.61
1277,replay,4000,0.0189,1.000,0.0188,0.61
1278,replay,4000,0.1357,1.000,0.0191,0.61
1279,replay,4000,0.0374,1.000,0.0190,0.61
1280,es_step,4000,0.0712,1.000,0.0190,2.58
1281,replay,4000,0.0801,1.000,0.0190,0.61
1282,replay,4000,0.0190,1.000,0.0187,0.61
1283,replay,4000,0.0420,1.000,0.0190,0.61
1284,replay,4000,0.1521,1.000,0.0191,0.61
1285,es_step,4000,0.2260,1.000,0.0211,2.57
1286,replay,4000,0.1603,1.000,0.0215,0.61
1287,replay,4000,0.2998,1.000,0.0220,0.61
1288,replay,4000,0.0943,1.000,0.0225,0.61
1289,es_step,4000,0.1743,1.000,0.0228,2.58
1290,es_step,4000,0.1790,1.000,0.0230,2.58
1291,replay,4000,0.2114,1.000,0.0231,0.61
1292,replay,4000,0.1361,1.000,0.0231,0.61
1293,replay,4000,0.1030,1.000,0.0228,0.61
1294,replay,4000,0.0928,1.000,0.0227,0.61
1295,es_step,4000,0.0778,1.000,0.0227,2.58
1296,replay,4000,0.0894,1.000,0.0226,0.61
1297,replay,4000,0.0951,1.000,0.0225,0.61
1298,replay,4000,0.1596,1.000,0.0225,0.61
1299,replay,4000,0.0424,1.000,0.0226,0.61
1300,replay,4000,0.0906,1.000,0.0227,0.61
1301,replay,4000,0.0906,1.000,0.0228,0.61
1302,es_step,4000,0.0987,1.000,0.0228,2.58
1303,es_step,4000,0.0955,1.000,0.0228,2.58
1304,replay,4000,0.0818,1.000,0.0226,0.61
1305,replay,4000,0.1080,1.000,0.0229,0.61
1306,es_step,4000,0.0737,1.000,0.0229,2.58
1307,replay,4000,0.0200,1.000,0.0227,0.61
1308,replay,4000,0.0962,1.000,0.0228,0.61
1309,replay,4000,0.1622,1.000,0.0229,0.61
1310,replay,4000,0.3131,1.000,0.0232,0.61
1311,es_step,4000,0.1303,1.000,0.0233,2.57
1312,replay,4000,0.1439,1.000,0.0233,0.61
1313,es_step,4000,0.0698,1.000,0.0233,2.58
1314,es_step,4000,0.0775,1.000,0.0233,2.58
1315,replay,4000,0.0727,1.000,0.0233,0.62
1316,replay,4000,0.0537,1.000,0.0233,0.61
1317,replay,4000,0.0754,1.000,0.0232,0.61
1318,replay,4000,0.1095,1.000,0.0234,0.61
1319,replay,4000,0.1144,1.000,0.0232,0.61
1320,replay,4000,0.0479,1.000,0.0234,0.61
1321,replay,4000,0.1040,1.000,0.0232,0.61
1322,replay,4000,0.1866,1.000,0.0234,0.61
1323,replay,4000,0.1392,1.000,0.0237,0.61
1324,replay,4000,0.1682,1.000,0.0240,2.25
1325,es_step,4000,0.1469,1.000,0.0241,2.59
1326,replay,4000,0.2196,1.000,0.0242,0.61
1327,replay,4000,0.1894,1.000,0.0245,0.61
1328,replay,4000,0.1226,1.000,0.0247,0.61
1329,es_step,4000,0.0878,1.000,0.0247,2.58
1330,replay,4000,0.1398,1.000,0.0246,0.62
1331,es_step,4000,0.0864,1.000,0.0246,2.58
1332,replay,4000,0.0532,1.000,0.0249,0.61
1333,replay,4000,0.0784,1.000,0.0250,0.61
1334,replay,4000,0.0723,1.000,0.0249,0.61
1335,replay,4000,0.0458,1.000,0.0247,0.61
1336,replay,4000,0.0739,1.000,0.0245,0.61
1337,replay,4000,0.1269,1.000,0.0246,0.61
1338,replay,4000,0.0888,1.000,0.0244,0.61
1339,replay,4000,0.0719,1.000,0.0243,0.61
1340,replay,4000,0.0475,1.000,0.0243,0.61
1341,replay,4000,0.0761,1.000,0.0246,0.61
1342,replay,4000,0.0370,1.000,0.0244,0.61
1343,replay,4000,0.1700,1.000,0.0248,0.61
1344,replay,4000,0.3106,1.000,0.0252,0.61
1345,replay,4000,0.2171,1.000,0.0250,0.61
1346,replay,4000,0.2411,1.000,0.0253,0.61
1347,replay,4000,0.2242,1.000,0.0254,0.61
1348,es_step,4000,0.0756,1.000,0.0254,2.58
1349,replay,4000,0.0873,1.000,0.0253,0.61
1350,replay,4000,0.0502,1.000,0.0250,0.61
1351,es_step,4000,0.0774,1.000,0.0250,2.58
1352,replay,4000,0.0368,1.000,0.0249,0.61
1353,replay,4000,0.0849,1.000,0.0251,0.61
1354,replay,4000,0.1594,1.000,0.0253,0.61
1355,replay,4000,0.1105,1.000,0.0252,0.61
1356,replay,4000,0.0271,1.000,0.0252,0.61
1357,replay,4000,0.0956,1.000,0.0253,0.61
1358,replay,4000,0.0818,1.000,0.0251,0.61
1359,replay,4000,0.0765,1.000,0.0256,0.61
1360,replay,4000,0.0934,1.000,0.0256,0.61
1361,es_step,4000,0.1297,0.938,0.0256,2.58
1362,replay,4000,0.1475,1.000,0.0257,0.61
1363,replay,4000,0.1003,1.000,0.0257,0.61
1364,replay,4000,0.0958,1.000,0.0256,0.61
1365,es_step,4000,0.0370,1.000,0.0256,2.58
1366,replay,4000,0.0373,1.000,0.0256,0.61
1367,replay,4000,0.0979,1.000,0.0255,0.61
1368,replay,4000,0.0867,1.000,0.0254,0.61
1369,es_step,4000,0.0950,0.969,0.0254,2.58
1370,replay,4000,0.1030,1.000,0.0253,0.61
1371,es_step,4000,0.0856,1.000,0.0254,2.58
1372,replay,4000,0.0924,1.000,0.0256,0.61
1373,replay,4000,0.0743,1.000,0.0257,0.61
1374,es_step,4000,0.0934,0.969,0.0257,2.58
1375,replay,4000,0.1246,1.000,0.0257,0.61
1376,replay,4000,0.1406,1.000,0.0258,0.61
1377,es_step,4000,0.0794,0.969,0.0258,2.58
1378,replay,4000,0.1370,1.000,0.0261,0.61
1379,replay,4000,0.0866,1.000,0.0261,0.61
1380,es_step,4000,0.1025,0.969,0.0262,2.58
1381,replay,4000,0.1021,1.000,0.0260,0.61
1382,replay,4000,0.0953,1.000,0.0260,0.61
1383,replay,4000,0.0949,1.000,0.0261,0.61
1384,es_step,4000,0.0786,1.000,0.0262,2.58
1385,replay,4000,-0.0144,1.000,0.0262,0.61
1386,replay,4000,0.1692,1.000,0.0265,0.61
1387,replay,4000,0.0944,1.000,0.0265,0.61
1388,replay,4000,0.0773,1.000,0.0266,0.61
1389,replay,4000,0.0964,1.000,0.0265,0.61
1390,replay,4000,-0.0016,1.000,0.0263,0.61
1391,replay,4000,0.0641,1.000,0.0262,0.61
1392,replay,4000,0.0763,1.000,0.0261,0.61
1393,es_step,4000,0.0754,1.000,0.0261,2.58
1394,replay,4000,0.0964,1.000,0.0261,0.61
1395,replay,4000,0.0675,1.000,0.0262,0.61
1396,replay,4000,0.0343,1.000,0.0262,0.61
1397,replay,4000,0.0677,1.000,0.0261,0.61
1398,replay,4000,0.0625,1.000,0.0260,0.61
1399,replay,4000,0.0840,1.000,0.0259,0.61
1400,es_step,4000,0.0344,1.000,0.0259,2.58
1401,es_step,4000,0.0319,0.969,0.0259,2.59
1402,replay,4000,0.0344,1.000,0.0258,0.61
1403,es_step,4000,0.0351,0.969,0.0258,2.59
1404,replay,4000,0.0556,1.000,0.0256,0.61
1405,replay,4000,0.0307,1.000,0.0257,0.61
1406,replay,4000,0.1221,1.000,0.0256,0.61
1407,replay,4000,-0.0311,1.000,0.0256,0.61
1408,es_step,4000,0.0811,0.906,0.0259,2.58
1409,replay,4000,0.1626,1.000,0.0262,0.61
1410,replay,4000,0.0814,1.000,0.0261,0.61
1411,replay,4000,0.2547,1.000,0.0266,0.61
1412,replay,4000,0.2715,1.000,0.0266,0.61
1413,replay,4000,0.1860,1.000,0.0266,0.61
1414,replay,4000,0.1846,1.000,0.0269,0.61
1415,replay,4000,0.1679,1.000,0.0269,0.61
1416,es_step,4000,0.1617,0.875,0.0278,2.58
1417,replay,4000,0.0114,1.000,0.0281,0.61
1418,replay,4000,0.1958,1.000,0.0284,0.61
1419,es_step,4000,0.1934,0.906,0.0296,2.59
1420,replay,4000,0.2403,1.000,0.0298,0.61
1421,replay,4000,0.1717,1.000,0.0298,0.61
1422,es_step,4000,0.1192,0.844,0.0298,3.16
1423,replay,4000,0.1463,1.000,0.0301,0.61
1424,replay,4000,0.0328,1.000,0.0299,0.61
1425,replay,4000,0.0471,1.000,0.0298,0.61
1426,replay,4000,0.1685,1.000,0.0301,0.61
1427,es_step,4000,0.1394,0.938,0.0301,2.58
1428,replay,4000,0.2154,1.000,0.0302,0.61
1429,replay,4000,0.0889,1.000,0.0301,0.61
1430,replay,4000,0.0736,1.000,0.0301,0.61
1431,replay,4000,0.1330,1.000,0.0301,0.61
1432,replay,4000,0.1321,1.000,0.0306,0.61
1433,replay,4000,0.1100,1.000,0.0307,0.61
1434,replay,4000,0.2717,1.000,0.0309,0.61
1435,replay,4000,0.2276,1.000,0.0312,0.61
1436,replay,4000,0.1560,1.000,0.0313,0.61
1437,es_step,4000,0.0863,0.812,0.0313,3.76
1438,replay,4000,0.1269,1.000,0.0314,0.61
1439,replay,4000,0.0431,1.000,0.0311,0.61
1440,replay,4000,0.0295,1.000,0.0309,0.61
1441,es_step,4000,0.1098,0.844,0.0309,2.58
1442,replay,4000,0.0673,1.000,0.0309,0.61
1443,replay,4000,0.0881,1.000,0.0307,0.61
1444,es_step,4000,0.1404,0.938,0.0307,3.16
1445,replay,4000,0.0903,1.000,0.0305,0.61
1446,replay,4000,0.1607,1.000,0.0307,0.61
1447,replay,4000,0.1690,1.000,0.0310,0.61
1448,replay,4000,0.1063,1.000,0.0308,0.61
1449,replay,4000,-0.1352,1.000,0.0310,0.61
1450,replay,4000,0.1046,1.000,0.0310,0.61
1451,replay,4000,0.2115,1.000,0.0310,0.61
1452,replay,4000,0.1619,1.000,0.0313,0.61
1453,replay,4000,-0.0820,1.000,0.0310,0.61
1454,replay,4000,0.1507,1.000,0.0314,0.61
1455,es_step,4000,0.1566,0.906,0.0316,2.57
1456,replay,4000,0.2440,1.000,0.0318,0.61
1457,replay,4000,0.1846,1.000,0.0323,0.60
1458,replay,4000,0.0637,1.000,0.0323,0.61
1459,replay,4000,0.1596,1.000,0.0322,0.61
1460,replay,4000,0.0956,1.000,0.0323,0.60
1461,es_step,4000,0.1497,0.844,0.0324,2.55
1462,replay,4000,0.0547,1.000,0.0325,0.60
1463,replay,4000,0.2255,1.000,0.0327,0.60
1464,replay,4000,0.2558,1.000,0.0332,0.60
1465,replay,4000,0.1883,1.000,0.0331,0.60
1466,replay,4000,-0.2151,1.000,0.0329,0.60
1467,es_step,4000,0.1757,0.938,0.0333,2.56
1468,replay,4000,0.1977,1.000,0.0334,0.61
1469,replay,4000,0.1976,1.000,0.0340,0.61
1470,replay,4000,0.1350,1.000,0.0339,0.61
1471,replay,4000,0.0440,1.000,0.0335,0.61
1472,replay,4000,0.1181,1.000,0.0334,0.60
1473,es_step,4000,0.0872,0.969,0.0334,2.56
1474,replay,4000,0.0931,1.000,0.0334,0.61
1475,replay,4000,0.1774,1.000,0.0333,0.61
1476,replay,4000,0.1664,1.000,0.0331,0.61
1477,es_step,4000,0.1048,0.969,0.0332,2.56
1478,replay,4000,0.1545,1.000,0.0331,0.61
1479,replay,4000,0.1001,1.000,0.0333,0.60
1480,replay,4000,-0.0419,1.000,0.0336,0.60
1481,replay,4000,0.2271,1.000,0.0339,0.60
1482,replay,4000,0.2488,1.000,0.0341,0.60
1483,es_step,4000,0.1926,1.000,0.0354,2.55
1484,replay,4000,0.2085,1.000,0.0356,0.61
1485,replay,4000,0.2148,1.000,0.0356,0.60
1486,replay,4000,0.0855,1.000,0.0354,0.60
1487,replay,4000,0.1226,1.000,0.0356,0.61
1488,replay,4000,0.0466,1.000,0.0353,0.61
1489,replay,4000,0.0532,1.000,0.0354,0.61
1490,replay,4000,0.0627,1.000,0.0354,0.60
1491,replay,4000,0.0546,1.000,0.0353,0.60
1492,replay,4000,0.1220,1.000,0.0354,0.60
1493,replay,4000,0.0418,1.000,0.0354,0.60
1494,replay,4000,0.0229,1.000,0.0351,0.61
1495,replay,4000,0.0505,1.000,0.0353,0.60
1496,replay,4000,0.0221,1.000,0.0353,0.60
1497,replay,4000,0.0280,1.000,0.0352,0.60
1498,replay,4000,0.0606,1.000,0.0350,0.61
1499,replay,4000,0.0513,1.000,0.0348,0.61
1500,replay,4000,0.0981,1.000,0.0348,0.60
1501,es_step,4000,0.0655,1.000,0.0348,2.57
1502,replay,4000,0.0843,1.000,0.0347,0.61
1503,replay,4000,0.0137,1.000,0.0345,0.61
1504,es_step,4000,0.0584,0.969,0.0345,2.57
1505,replay,4000,0.0016,1.000,0.0345,0.61
1506,replay,4000,0.1593,1.000,0.0347,0.61
1507,replay,4000,0.1805,1.000,0.0347,0.61
1508,replay,4000,0.1718,1.000,0.0347,0.61
1509,replay,4000,0.0676,1.000,0.0348,0.61
1510,es_step,4000,0.0426,1.000,0.0348,2.57
1511,es_step,4000,0.0431,1.000,0.0348,2.58
1512,replay,4000,0.0541,1.000,0.0346,0.61
1513,es_step,4000,0.0685,1.000,0.0346,2.56
1514,es_step,4000,0.0681,0.969,0.0346,2.57
1515,replay,4000,0.0637,1.000,0.0343,0.61
1516,replay,4000,0.0696,1.000,0.0346,0.60
1517,replay,4000,0.1227,1.000,0.0346,0.60
1518,replay,4000,0.1274,1.000,0.0345,0.61
1519,replay,4000,0.1503,1.000,0.0345,0.61
1520,replay,4000,0.0580,1.000,0.0344,0.60
1521,replay,4000,0.1081,1.000,0.0344,0.60
1522,replay,4000,0.1501,1.000,0.0346,0.60
1523,replay,4000,0.0188,1.000,0.0347,0.67
1524,es_step,4000,0.1378,1.000,0.0347,2.55
1525,replay,4000,0.1459,1.000,0.0348,0.61
1526,replay,4000,0.1438,1.000,0.0350,0.61
1527,replay,4000,0.1216,1.000,0.0352,0.60
1528,replay,4000,0.1537,1.000,0.0353,0.60
1529,replay,4000,0.1384,1.000,0.0352,0.60
1530,replay,4000,0.1116,1.000,0.0351,0.60
1531,replay,4000,0.0865,1.000,0.0350,0.60
1532,replay,4000,0.0737,1.000,0.0351,0.60
1533,replay,4000,0.0992,1.000,0.0352,2.37
1534,replay,4000,0.0610,1.000,0.0352,0.60
1535,replay,4000,-0.0030,1.000,0.0350,0.60
1536,replay,4000,0.0528,1.000,0.0347,0.60
1537,replay,4000,0.0593,1.000,0.0348,0.60
1538,replay,4000,0.0277,1.000,0.0349,0.60
1539,replay,4000,0.0989,1.000,0.0349,0.60
1540,es_step,4000,0.0441,1.000,0.0350,2.56
1541,replay,4000,0.0402,1.000,0.0348,0.61
1542,replay,4000,0.0922,1.000,0.0347,0.61
1543,replay,4000,-0.0427,1.000,0.0346,0.60
1544,replay,4000,0.1201,1.000,0.0348,0.61
1545,replay,4000,0.1179,1.000,0.0350,0.60
1546,replay,4000,0.2063,1.000,0.0351,0.60
1547,replay,4000,0.1187,1.000,0.0353,0.60
1548,replay,4000,0.0421,1.000,0.0350,0.60
1549,es_step,4000,0.1037,0.969,0.0350,2.55
1550,es_step,4000,0.0990,1.000,0.0350,2.55
1551,replay,4000,0.1439,1.000,0.0350,0.61
1552,replay,4000,0.0899,1.000,0.0351,0.60
1553,replay,4000,0.1794,1.000,0.0350,0.60
1554,replay,4000,0.1063,1.000,0.0349,0.60
1555,replay,4000,0.1211,1.000,0.0349,0.60
1556,replay,4000,0.1029,1.000,0.0349,0.60
1557,replay,4000,0.0771,1.000,0.0349,0.60
1558,replay,4000,0.1369,1.000,0.0348,0.61
1559,replay,4000,0.0288,1.000,0.0347,0.61
1560,es_step,4000,0.0570,0.938,0.0347,2.58
1561,replay,4000,0.0744,1.000,0.0347,0.61
1562,replay,4000,0.0490,1.000,0.0346,0.61
1563,es_step,4000,0.0531,0.969,0.0346,2.58
1564,replay,4000,0.0558,1.000,0.0346,0.61
1565,replay,4000,0.0996,1.000,0.0347,0.61
1566,replay,4000,0.1288,1.000,0.0345,0.61
1567,replay,4000,0.1661,1.000,0.0347,0.61
1568,es_step,4000,0.0724,0.969,0.0347,2.59
1569,es_step,4000,0.0776,0.906,0.0347,2.59
1570,replay,4000,0.1350,1.000,0.0347,0.61
1571,es_step,4000,0.0466,1.000,0.0347,2.59
1572,replay,4000,0.0792,1.000,0.0346,0.62
1573,replay,4000,0.0843,1.000,0.0346,0.61
1574,replay,4000,0.1241,1.000,0.0346,0.61
1575,replay,4000,0.1109,1.000,0.0349,0.62
1576,es_step,4000,0.0860,0.938,0.0349,2.59
1577,replay,4000,0.1219,1.000,0.0346,0.61
1578,replay,4000,0.1481,1.000,0.0346,0.61
1579,es_step,4000,0.1149,0.969,0.0346,2.59
1580,replay,4000,0.1248,1.000,0.0348,0.62
1581,replay,4000,0.1015,1.000,0.0347,0.62
1582,replay,4000,0.0810,1.000,0.0346,0.61
1583,es_step,4000,0.0718,0.969,0.0346,2.59
1584,es_step,4000,0.0778,0.906,0.0346,2.59
1585,es_step,4000,0.0820,1.000,0.0346,2.59
1586,replay,4000,0.0720,1.000,0.0345,0.62
1587,replay,4000,0.0896,1.000,0.0344,0.61
1588,replay,4000,0.0928,1.000,0.0344,0.62
1589,replay,4000,0.1631,1.000,0.0345,0.61
1590,replay,4000,0.0426,1.000,0.0342,0.61
1591,replay,4000,0.0684,1.000,0.0342,0.61
1592,replay,4000,0.1634,1.000,0.0345,0.62
1593,es_step,4000,0.1505,0.969,0.0350,2.56
1594,replay,4000,0.0872,1.000,0.0353,0.61
1595,replay,4000,0.1479,1.000,0.0356,0.61
1596,replay,4000,0.1930,1.000,0.0359,0.61
1597,es_step,4000,0.1102,1.000,0.0359,2.56
1598,replay,4000,0.1855,1.000,0.0358,0.61
1599,replay,4000,0.1388,1.000,0.0359,0.61
1600,replay,4000,0.0629,1.000,0.0360,0.61
1601,replay,4000,0.1014,1.000,0.0361,0.62
1602,replay,4000,0.1548,1.000,0.0363,0.62
1603,replay,4000,0.1390,1.000,0.0366,0.62
1604,es_step,4000,0.0996,0.938,0.0367,2.61
1605,replay,4000,0.1836,1.000,0.0368,0.63
1606,replay,4000,0.2517,1.000,0.0371,0.62
1607,replay,4000,0.3095,1.000,0.0372,0.62
1608,es_step,4000,0.1724,1.000,0.0385,2.61
1609,replay,4000,0.2372,1.000,0.0385,0.63
1610,replay,4000,0.2173,1.000,0.0389,0.63
1611,replay,4000,0.2188,1.000,0.0391,0.63
1612,replay,4000,0.1342,1.000,0.0391,0.63
1613,es_step,4000,0.1438,1.000,0.0392,2.64
1614,replay,4000,0.1435,1.000,0.0392,0.63
1615,replay,4000,0.1028,1.000,0.0393,0.63
1616,replay,4000,0.1450,1.000,0.0394,0.63
1617,replay,4000,0.0017,1.000,0.0391,0.63
1618,replay,4000,0.0215,1.000,0.0388,0.63
1619,replay,4000,0.1083,1.000,0.0390,0.63
1620,replay,4000,0.1099,1.000,0.0390,0.63
1621,replay,4000,0.0689,1.000,0.0388,0.63
1622,replay,4000,0.0896,1.000,0.0389,0.63
1623,es_step,4000,0.0850,1.000,0.0389,2.66
1624,replay,4000,0.0738,1.000,0.0389,0.63
1625,es_step,4000,0.0801,1.000,0.0389,2.64
1626,es_step,4000,0.0745,1.000,0.0389,2.64
1627,es_step,4000,0.0748,0.938,0.0389,2.64
1628,replay,4000,0.0614,1.000,0.0387,0.64
1629,replay,4000,0.0707,1.000,0.0384,0.63
1630,replay,4000,0.0993,1.000,0.0382,0.64
1631,es_step,4000,0.0739,0.969,0.0382,2.65
1632,replay,4000,0.1223,1.000,0.0381,0.64
1633,replay,4000,0.0760,1.000,0.0383,0.63
1634,replay,4000,0.1303,1.000,0.0384,0.63
1635,replay,4000,0.1194,1.000,0.0384,0.64
1636,replay,4000,0.0833,1.000,0.0382,0.64
1637,replay,4000,0.0415,1.000,0.0381,0.63
1638,replay,4000,0.0323,1.000,0.0379,0.63
1639,replay,4000,0.0729,1.000,0.0379,0.64
1640,replay,4000,0.0861,1.000,0.0378,0.64
1641,replay,4000,0.0773,1.000,0.0375,0.64
1642,es_step,4000,0.0670,0.969,0.0375,2.67
1643,es_step,4000,0.0778,0.906,0.0375,2.65
1644,es_step,4000,0.0736,0.844,0.0376,2.66
1645,replay,4000,-0.0586,1.000,0.0373,0.64
1646,replay,4000,0.1253,1.000,0.0373,0.63
1647,replay,4000,0.1617,1.000,0.0374,0.64
1648,replay,4000,0.0662,1.000,0.0372,0.63
1649,es_step,4000,0.0467,0.812,0.0372,2.66
1650,replay,4000,0.0183,1.000,0.0370,0.69
1651,es_step,4000,0.0432,0.969,0.0370,2.67
1652,replay,4000,0.0431,1.000,0.0368,0.63
1653,replay,4000,0.1021,1.000,0.0369,0.64
1654,replay,4000,0.1627,1.000,0.0369,0.63
1655,es_step,4000,0.1361,0.969,0.0369,2.64
1656,replay,4000,0.1671,1.000,0.0372,0.64
1657,replay,4000,0.1456,1.000,0.0375,0.63
1658,replay,4000,0.1239,1.000,0.0374,0.63
1659,es_step,4000,0.1427,0.938,0.0375,2.65
1660,replay,4000,0.1789,1.000,0.0375,0.64
1661,replay,4000,0.1561,1.000,0.0376,0.64
1662,replay,4000,0.1116,1.000,0.0377,0.64
1663,replay,4000,0.1674,1.000,0.0377,0.63
1664,replay,4000,0.1222,1.000,0.0377,0.63
1665,es_step,4000,0.1278,0.969,0.0377,2.64
1666,replay,4000,0.1171,1.000,0.0376,0.64
1667,replay,4000,0.1488,1.000,0.0377,0.63
1668,replay,4000,0.1189,1.000,0.0377,0.63
1669,replay,4000,0.1680,1.000,0.0378,0.63
1670,replay,4000,0.1676,1.000,0.0378,0.63
1671,replay,4000,0.1413,1.000,0.0380,0.63
1672,replay,4000,0.0820,1.000,0.0379,0.63
1673,replay,4000,0.0313,1.000,0.0378,0.63
1674,replay,4000,0.0707,1.000,0.0377,0.64
1675,replay,4000,0.1037,1.000,0.0376,0.63
1676,replay,4000,0.0583,1.000,0.0375,0.63
1677,replay,4000,0.0422,1.000,0.0372,0.64
1678,replay,4000,0.0545,1.000,0.0370,0.64
1679,es_step,4000,0.0739,1.000,0.0370,2.66
1680,replay,4000,0.0823,1.000,0.0369,0.64
1681,replay,4000,0.0464,1.000,0.0366,0.64
1682,replay,4000,0.0388,1.000,0.0365,0.63
1683,replay,4000,0.0552,1.000,0.0364,0.64
1684,replay,4000,0.0925,1.000,0.0363,0.64
1685,replay,4000,0.0452,1.000,0.0362,0.64
1686,replay,4000,0.0657,1.000,0.0362,0.64
1687,replay,4000,0.0798,1.000,0.0360,0.63
1688,replay,4000,0.0868,1.000,0.0360,0.63
1689,replay,4000,0.0549,1.000,0.0359,0.63
1690,replay,4000,0.0520,1.000,0.0358,0.63
1691,replay,4000,0.0645,1.000,0.0357,0.63
1692,es_step,4000,0.0648,1.000,0.0357,2.67
1693,replay,4000,0.0954,1.000,0.0357,0.64
1694,replay,4000,0.1278,1.000,0.0356,0.64
1695,es_step,4000,0.0942,0.906,0.0356,2.67
1696,es_step,4000,0.0910,1.000,0.0356,2.67
1697,es_step,4000,0.0878,1.000,0.0356,2.66
1698,replay,4000,0.1214,1.000,0.0357,0.64
1699,es_step,4000,0.1127,1.000,0.0357,2.65
1700,replay,4000,0.1180,1.000,0.0358,0.64
1701,replay,4000,0.1401,1.000,0.0358,0.64
1702,replay,4000,0.1787,1.000,0.0360,0.64
1703,replay,4000,0.1363,1.000,0.0359,0.64
1704,es_step,4000,0.1356,1.000,0.0359,2.67
1705,replay,4000,0.1252,1.000,0.0360,0.64
1706,replay,4000,0.0069,1.000,0.0360,0.64
1707,replay,4000,-0.0998,1.000,0.0360,0.63
1708,replay,4000,0.2402,1.000,0.0370,0.63
1709,replay,4000,0.2033,1.000,0.0370,0.63
1710,replay,4000,-0.0801,1.000,0.0367,0.63
1711,replay,4000,0.0837,1.000,0.0367,0.63
1712,replay,4000,0.1142,1.000,0.0366,0.64
1713,replay,4000,0.1781,1.000,0.0366,0.64
1714,replay,4000,0.1352,1.000,0.0366,0.64
1715,es_step,4000,0.0354,1.000,0.0366,2.65
1716,replay,4000,0.0222,1.000,0.0364,0.64
1717,replay,4000,0.0414,1.000,0.0361,0.63
1718,replay,4000,0.0439,1.000,0.0361,0.64
1719,replay,4000,-0.0353,1.000,0.0359,0.64
1720,replay,4000,0.1185,1.000,0.0361,0.64
1721,replay,4000,0.2789,1.000,0.0362,0.64
1722,replay,4000,0.2073,1.000,0.0363,0.64
1723,replay,4000,0.1083,1.000,0.0362,0.64
1724,replay,4000,0.0967,1.000,0.0361,0.63
1725,replay,4000,0.0685,1.000,0.0360,0.64
1726,replay,4000,0.0706,1.000,0.0360,0.64
1727,replay,4000,0.0896,1.000,0.0359,0.64
1728,replay,4000,0.1509,1.000,0.0361,0.64
1729,es_step,4000,0.1105,1.000,0.0361,2.67
1730,replay,4000,0.1098,1.000,0.0360,0.64
1731,es_step,4000,0.1053,1.000,0.0360,2.64
1732,replay,4000,0.0067,1.000,0.0357,0.63
1733,replay,4000,0.0514,1.000,0.0359,0.63
1734,replay,4000,0.1618,1.000,0.0362,0.63
1735,replay,4000,0.1453,1.000,0.0364,0.63
1736,replay,4000,0.1511,1.000,0.0365,0.63
1737,replay,4000,0.1148,1.000,0.0365,0.63
1738,replay,4000,0.0258,1.000,0.0364,0.64
1739,replay,4000,0.0734,1.000,0.0364,0.63
1740,replay,4000,0.0997,1.000,0.0364,0.63
1741,replay,4000,0.0912,1.000,0.0363,0.63
1742,replay,4000,0.0852,1.000,0.0365,0.63
1743,replay,4000,0.0512,1.000,0.0363,0.63
1744,replay,4000,0.0496,1.000,0.0363,0.63
1745,es_step,4000,0.0654,1.000,0.0363,2.63
1746,es_step,4000,0.0600,1.000,0.0363,2.62
1747,replay,4000,0.0991,1.000,0.0362,0.63
1748,es_step,4000,0.0795,1.000,0.0362,2.62
1749,replay,4000,0.1584,1.000,0.0362,0.63
1750,replay,4000,0.1553,1.000,0.0362,0.63
1751,replay,4000,0.1401,1.000,0.0363,0.63
1752,replay,4000,0.1931,1.000,0.0366,0.63
1753,es_step,4000,0.1273,1.000,0.0366,2.65
1754,replay,4000,0.1324,1.000,0.0366,0.64
1755,es_step,4000,0.1362,1.000,0.0369,2.63
1756,replay,4000,0.1301,1.000,0.0371,0.63
1757,replay,4000,0.1716,1.000,0.0372,0.63
1758,replay,4000,0.1550,1.000,0.0374,0.63
1759,replay,4000,0.1660,1.000,0.0376,0.63
1760,replay,4000,0.1026,1.000,0.0375,0.63
1761,replay,4000,0.0939,1.000,0.0375,0.63
1762,replay,4000,0.0736,1.000,0.0374,0.63
1763,replay,4000,0.0781,1.000,0.0372,0.63
1764,replay,4000,0.0430,1.000,0.0369,0.63
1765,replay,4000,0.0723,1.000,0.0370,0.63
1766,es_step,4000,0.0964,1.000,0.0370,4.49
1767,replay,4000,0.1048,1.000,0.0370,0.64
1768,replay,4000,0.0702,1.000,0.0368,0.64
1769,replay,4000,0.0970,1.000,0.0368,0.63
1770,replay,4000,0.0083,1.000,0.0366,0.63
1771,replay,4000,0.0592,1.000,0.0365,0.63
1772,replay,4000,0.2137,1.000,0.0366,0.63
1773,replay,4000,0.1652,1.000,0.0370,0.63
1774,es_step,4000,0.0856,1.000,0.0370,2.64
1775,replay,4000,0.1354,1.000,0.0369,0.63
1776,es_step,4000,0.0705,1.000,0.0369,2.63
1777,replay,4000,0.0841,1.000,0.0370,0.63
1778,replay,4000,0.1453,1.000,0.0371,0.63
1779,es_step,4000,0.1435,0.969,0.0371,2.62
1780,es_step,4000,0.1387,0.969,0.0377,2.63
1781,replay,4000,0.2387,1.000,0.0378,0.63
1782,replay,4000,0.1848,1.000,0.0381,0.63
1783,replay,4000,0.2372,1.000,0.0385,0.63
1784,replay,4000,0.1668,1.000,0.0385,0.63
1785,replay,4000,0.1260,1.000,0.0386,0.64
1786,replay,4000,0.1350,1.000,0.0386,0.63
1787,replay,4000,0.1072,1.000,0.0386,0.63
1788,replay,4000,0.0360,1.000,0.0384,0.63
1789,replay,4000,0.0750,1.000,0.0385,0.63
1790,es_step,4000,0.0894,1.000,0.0385,2.65
1791,replay,4000,0.1005,1.000,0.0387,0.63
1792,es_step,4000,0.1194,1.000,0.0387,2.63
1793,es_step,4000,0.1043,0.969,0.0387,2.63
1794,replay,4000,0.0867,1.000,0.0386,0.63
1795,replay,4000,0.1624,1.000,0.0386,0.63
1796,replay,4000,0.1522,1.000,0.0387,0.63
1797,replay,4000,0.1265,1.000,0.0388,0.63
1798,replay,4000,0.1168,1.000,0.0387,0.63
1799,replay,4000,0.0896,1.000,0.0387,0.62
1800,es_step,4000,0.0962,1.000,0.0387,2.61
1801,es_step,4000,0.1021,1.000,0.0387,2.63
1802,replay,4000,0.0860,1.000,0.0388,0.63
1803,replay,4000,0.1165,1.000,0.0388,0.63
1804,replay,4000,0.0819,1.000,0.0387,0.62
1805,es_step,4000,0.0575,1.000,0.0388,2.61
1806,replay,4000,0.0679,1.000,0.0385,0.63
1807,replay,4000,0.0720,1.000,0.0383,0.62
1808,replay,4000,0.0605,1.000,0.0383,0.63
1809,replay,4000,0.0408,1.000,0.0382,0.63
1810,replay,4000,0.1143,1.000,0.0381,0.63
1811,replay,4000,0.1356,1.000,0.0381,0.63
1812,es_step,4000,0.1157,1.000,0.0384,2.64
1813,replay,4000,0.1812,1.000,0.0386,0.63
1814,replay,4000,0.0515,1.000,0.0386,0.63
1815,es_step,4000,0.1269,0.969,0.0387,2.64
1816,replay,4000,0.1631,1.000,0.0387,0.63
1817,replay,4000,0.1849,1.000,0.0391,0.63
1818,replay,4000,0.1489,1.000,0.0392,0.63
1819,replay,4000,0.1705,1.000,0.0393,0.63
1820,replay,4000,0.1417,1.000,0.0392,0.63
1821,replay,4000,0.1545,1.000,0.0393,0.63
1822,replay,4000,0.1410,1.000,0.0393,0.63
1823,replay,4000,0.0812,1.000,0.0393,0.64
1824,replay,4000,0.0721,1.000,0.0393,0.64
1825,replay,4000,0.0956,1.000,0.0392,0.64
1826,replay,4000,0.0301,1.000,0.0391,0.64
1827,replay,4000,0.1457,1.000,0.0393,0.64
1828,replay,4000,0.0856,1.000,0.0397,0.63
1829,replay,4000,0.1258,1.000,0.0396,0.63
1830,replay,4000,0.1060,1.000,0.0396,0.63
1831,replay,4000,0.0652,1.000,0.0396,0.63
1832,es_step,4000,0.0730,0.938,0.0396,2.65
1833,es_step,4000,0.0811,0.969,0.0396,2.66
1834,es_step,4000,0.0760,1.000,0.0396,2.65
1835,replay,4000,0.1744,1.000,0.0397,0.63
1836,es_step,4000,0.1109,1.000,0.0397,2.64
1837,es_step,4000,0.1194,1.000,0.0398,2.65
1838,es_step,4000,0.1156,1.000,0.0399,2.66
1839,replay,4000,0.1742,1.000,0.0401,0.63
1840,replay,4000,0.1931,1.000,0.0402,0.63
1841,replay,4000,0.1364,1.000,0.0402,0.63
1842,replay,4000,0.0996,1.000,0.0401,0.63
1843,replay,4000,0.1176,1.000,0.0401,0.64
1844,replay,4000,0.1298,1.000,0.0401,0.64
1845,es_step,4000,0.1212,1.000,0.0403,2.84
1846,replay,4000,0.1608,1.000,0.0405,0.64
1847,replay,4000,0.1599,1.000,0.0409,0.64
1848,es_step,4000,0.1037,1.000,0.0409,2.65
1849,replay,4000,0.1236,1.000,0.0407,0.64
1850,es_step,4000,0.1193,0.969,0.0407,2.65
1851,es_step,4000,0.1117,1.000,0.0407,2.66
1852,replay,4000,0.1187,1.000,0.0407,0.63
1853,es_step,4000,0.1029,1.000,0.0407,2.65
1854,replay,4000,0.0731,1.000,0.0405,0.64
1855,replay,4000,0.1049,1.000,0.0406,0.63
1856,replay,4000,0.0989,1.000,0.0405,0.64
1857,es_step,4000,0.0622,1.000,0.0405,2.65
1858,es_step,4000,0.0618,1.000,0.0405,2.63
1859,replay,4000,0.1169,1.000,0.0404,0.64
1860,es_step,4000,0.0560,1.000,0.0404,2.63
1861,replay,4000,0.0793,1.000,0.0405,0.63
1862,replay,4000,0.0991,1.000,0.0404,0.63
1863,replay,4000,0.0764,1.000,0.0403,0.63
1864,replay,4000,-0.0567,1.000,0.0403,0.63
1865,replay,4000,0.1997,1.000,0.0406,0.63
1866,es_step,4000,0.1453,1.000,0.0422,2.61
1867,replay,4000,0.2446,1.000,0.0424,0.63
1868,replay,4000,0.1722,1.000,0.0424,0.63
1869,replay,4000,0.1468,1.000,0.0423,0.63
1870,replay,4000,0.1354,1.000,0.0424,0.63
1871,replay,4000,0.0414,1.000,0.0421,0.63
1872,replay,4000,0.0948,1.000,0.0421,0.63
1873,es_step,4000,0.1304,1.000,0.0422,2.63
1874,replay,4000,0.1486,1.000,0.0422,0.63
1875,replay,4000,0.1400,1.000,0.0422,0.63
1876,replay,4000,0.0109,1.000,0.0420,0.63
1877,replay,4000,0.0315,1.000,0.0418,0.62
1878,es_step,4000,0.0798,1.000,0.0419,2.61
1879,replay,4000,0.1261,1.000,0.0418,0.62
1880,replay,4000,0.1096,1.000,0.0419,0.63
1881,replay,4000,0.0854,1.000,0.0419,0.62
1882,replay,4000,0.1359,1.000,0.0420,0.62
1883,es_step,4000,0.0913,1.000,0.0421,2.60
1884,replay,4000,0.0923,1.000,0.0422,0.63
1885,replay,4000,0.0775,1.000,0.0420,0.63
1886,replay,4000,0.0599,1.000,0.0420,0.63
1887,replay,4000,0.0543,1.000,0.0419,0.63
1888,replay,4000,0.1066,1.000,0.0418,0.63
1889,replay,4000,0.1595,1.000,0.0418,0.63
1890,es_step,4000,0.0738,1.000,0.0418,2.62
1891,replay,4000,0.0734,1.000,0.0418,0.63
1892,replay,4000,0.1356,1.000,0.0417,0.63
1893,replay,4000,0.1646,1.000,0.0416,0.63
1894,replay,4000,0.1962,1.000,0.0418,0.63
1895,es_step,4000,0.1011,1.000,0.0419,2.62
1896,replay,4000,0.1372,1.000,0.0421,0.63
1897,replay,4000,0.1374,1.000,0.0421,0.63
1898,replay,4000,0.1219,1.000,0.0421,0.63
1899,es_step,4000,0.0718,1.000,0.0421,2.62
1900,replay,4000,0.0905,1.000,0.0421,0.63
1901,es_step,4000,0.0757,1.000,0.0421,2.61
1902,replay,4000,0.0832,1.000,0.0420,0.63
1903,replay,4000,0.0693,1.000,0.0421,0.62
1904,replay,4000,0.1211,1.000,0.0421,0.62
1905,replay,4000,0.1027,1.000,0.0420,0.63
1906,replay,4000,0.0789,1.000,0.0420,0.63
1907,replay,4000,0.0234,1.000,0.0418,0.63
1908,es_step,4000,0.0891,1.000,0.0418,2.61
1909,es_step,4000,0.0983,1.000,0.0418,2.62
1910,replay,4000,0.1736,1.000,0.0420,0.64
1911,replay,4000,0.1863,1.000,0.0420,0.64
1912,replay,4000,0.1552,1.000,0.0421,0.64
1913,replay,4000,-0.0280,1.000,0.0421,0.64
1914,replay,4000,0.1045,1.000,0.0421,0.64
1915,replay,4000,0.1197,1.000,0.0422,0.63
1916,es_step,4000,0.0880,1.000,0.0422,2.66
1917,replay,4000,0.1417,1.000,0.0422,0.64
1918,replay,4000,0.0407,1.000,0.0422,0.64
1919,replay,4000,-0.0582,1.000,0.0421,0.64
1920,replay,4000,0.1087,1.000,0.0420,0.64
1921,replay,4000,0.1324,1.000,0.0420,0.63
1922,replay,4000,0.1441,1.000,0.0421,0.64
1923,es_step,4000,0.1000,1.000,0.0421,2.67
1924,replay,4000,0.0785,1.000,0.0421,0.64
1925,replay,4000,0.1137,1.000,0.0420,0.64
1926,replay,4000,0.0489,1.000,0.0420,0.63
1927,es_step,4000,0.0868,1.000,0.0420,2.66
1928,replay,4000,0.1295,1.000,0.0420,0.64
1929,es_step,4000,0.0936,1.000,0.0420,2.64
1930,replay,4000,0.0898,1.000,0.0420,0.63
1931,replay,4000,0.0582,1.000,0.0422,0.64
1932,replay,4000,0.1493,1.000,0.0422,0.63
1933,replay,4000,0.2557,1.000,0.0424,0.63
1934,replay,4000,0.1911,1.000,0.0424,0.63
1935,replay,4000,0.1543,1.000,0.0425,0.63
1936,replay,4000,0.1218,1.000,0.0425,0.63
1937,replay,4000,0.1289,1.000,0.0425,0.63
1938,replay,4000,0.1329,1.000,0.0425,0.64
1939,replay,4000,0.1646,1.000,0.0425,0.64
1940,replay,4000,0.1020,1.000,0.0425,0.64
1941,replay,4000,0.0293,1.000,0.0421,0.64
1942,es_step,4000,0.0146,1.000,0.0421,2.66
1943,replay,4000,-0.0373,1.000,0.0417,0.63
1944,es_step,4000,0.0344,1.000,0.0417,2.64
1945,es_step,4000,0.0406,1.000,0.0417,2.66
1946,es_step,4000,0.0362,1.000,0.0417,2.65
1947,replay,4000,0.0648,1.000,0.0415,0.64
1948,replay,4000,0.1469,1.000,0.0416,0.64
1949,es_step,4000,0.1118,1.000,0.0417,2.65
1950,replay,4000,0.1236,1.000,0.0417,0.64
1951,replay,4000,0.1536,1.000,0.0417,0.63
1952,replay,4000,0.2332,1.000,0.0418,0.64
1953,replay,4000,0.2074,1.000,0.0422,0.64
1954,es_step,4000,0.1472,1.000,0.0429,2.66
1955,es_step,4000,0.1401,1.000,0.0434,2.67
1956,replay,4000,0.1326,1.000,0.0434,0.64
1957,es_step,4000,0.1734,1.000,0.0437,2.66
1958,replay,4000,0.2040,1.000,0.0440,0.64
1959,replay,4000,0.1572,1.000,0.0441,0.63
1960,replay,4000,0.0722,1.000,0.0440,0.64
1961,replay,4000,0.0473,1.000,0.0438,0.64
1962,replay,4000,0.0600,1.000,0.0436,0.64
1963,replay,4000,0.1012,1.000,0.0435,0.64
1964,replay,4000,0.1228,1.000,0.0434,0.64
1965,replay,4000,0.1362,1.000,0.0434,0.64
1966,replay,4000,0.0958,1.000,0.0432,0.63
1967,replay,4000,0.0879,1.000,0.0431,0.64
1968,es_step,4000,0.0637,1.000,0.0431,2.67
1969,replay,4000,0.0386,1.000,0.0429,0.64
1970,replay,4000,0.0819,1.000,0.0429,0.64
1971,replay,4000,0.1110,1.000,0.0428,0.64
1972,replay,4000,0.0942,1.000,0.0427,0.63
1973,replay,4000,0.0967,1.000,0.0426,0.63
1974,es_step,4000,0.0740,1.000,0.0426,2.65
1975,replay,4000,0.1308,1.000,0.0427,0.63
1976,replay,4000,0.1176,1.000,0.0424,0.63
1977,replay,4000,0.1325,1.000,0.0426,0.63
1978,replay,4000,0.1771,1.000,0.0428,0.63
1979,replay,4000,0.1816,1.000,0.0429,0.63
1980,replay,4000,0.1674,1.000,0.0431,0.63
1981,replay,4000,0.1580,1.000,0.0432,0.64
1982,es_step,4000,0.0913,1.000,0.0432,2.66
1983,replay,4000,0.1289,1.000,0.0432,0.64
1984,replay,4000,0.0423,1.000,0.0430,0.64
1985,replay,4000,0.0650,1.000,0.0429,0.64
1986,replay,4000,0.0686,1.000,0.0428,0.63
1987,replay,4000,0.0761,1.000,0.0427,0.64
1988,replay,4000,0.1379,1.000,0.0426,0.64
1989,replay,4000,0.0163,1.000,0.0424,0.64
1990,replay,4000,0.1887,1.000,0.0426,2.66
1991,replay,4000,0.1847,1.000,0.0427,0.64
1992,replay,4000,0.1456,1.000,0.0427,0.64
1993,replay,4000,0.1138,1.000,0.0428,0.64
1994,replay,4000,0.1057,1.000,0.0427,0.64
1995,replay,4000,0.1606,1.000,0.0427,0.63
1996,replay,4000,0.1188,1.000,0.0427,0.63
1997,es_step,4000,0.0562,1.000,0.0427,2.67
1998,replay,4000,-0.0828,1.000,0.0423,0.64
1999,replay,4000,0.1131,1.000,0.0423,0.64
2000,replay,4000,0.1036,1.000,0.0423,0.65
2001,es_step,4000,0.0789,1.000,0.0423,2.66
2002,replay,4000,0.0859,1.000,0.0423,0.63
2003,replay,4000,0.1438,1.000,0.0423,0.64
2004,replay,4000,0.0155,1.000,0.0422,0.64
2005,replay,4000,0.1758,1.000,0.0423,0.64
2006,replay,4000,0.1765,1.000,0.0425,0.64
2007,replay,4000,0.1642,1.000,0.0425,0.64
2008,replay,4000,0.0750,1.000,0.0423,0.64
2009,replay,4000,0.0491,1.000,0.0422,0.64
2010,replay,4000,-0.0684,1.000,0.0423,0.64
2011,es_step,4000,0.1824,1.000,0.0442,2.68
2012,replay,4000,0.2359,1.000,0.0446,0.65
2013,replay,4000,0.2076,1.000,0.0451,0.64
2014,replay,4000,0.1454,1.000,0.0451,0.64
2015,replay,4000,0.1450,1.000,0.0454,0.63
2016,replay,4000,0.1177,1.000,0.0456,0.64
2017,replay,4000,0.0702,1.000,0.0456,0.63
2018,es_step,4000,0.0605,1.000,0.0456,2.66
2019,es_step,4000,0.0566,1.000,0.0456,2.66
2020,replay,4000,0.0641,1.000,0.0454,0.64
2021,replay,4000,0.0780,1.000,0.0453,0.64
2022,replay,4000,0.1178,1.000,0.0452,0.64
2023,replay,4000,0.0746,1.000,0.0454,0.64
2024,replay,4000,0.0757,1.000,0.0453,0.63
2025,replay,4000,0.0959,1.000,0.0453,0.63
2026,replay,4000,0.0529,1.000,0.0452,0.63
2027,replay,4000,0.1304,1.000,0.0450,0.63
2028,replay,4000,0.0873,1.000,0.0448,0.63
2029,replay,4000,0.0340,1.000,0.0446,0.63
2030,replay,4000,0.1583,1.000,0.0447,0.64
2031,replay,4000,0.2122,1.000,0.0450,0.64
2032,replay,4000,0.1295,1.000,0.0449,0.63
2033,replay,4000,0.0995,1.000,0.0451,0.63
2034,es_step,4000,0.0731,1.000,0.0451,2.66
2035,es_step,4000,0.0780,1.000,0.0451,2.67
2036,replay,4000,0.0917,1.000,0.0450,0.64
2037,replay,4000,0.0763,1.000,0.0449,0.63
2038,replay,4000,0.1315,1.000,0.0449,0.64
2039,replay,4000,0.1288,1.000,0.0450,0.64
2040,replay,4000,0.0582,1.000,0.0448,0.64
2041,es_step,4000,0.0483,1.000,0.0448,2.67
2042,replay,4000,0.0663,1.000,0.0447,0.64
2043,es_step,4000,0.0273,1.000,0.0447,2.66
2044,replay,4000,0.0330,1.000,0.0444,0.64
2045,replay,4000,0.0224,1.000,0.0442,0.63
2046,replay,4000,0.0312,1.000,0.0439,0.63
2047,es_step,4000,0.0495,1.000,0.0439,2.65
2048,replay,4000,0.0829,1.000,0.0439,0.64
2049,es_step,4000,0.0790,1.000,0.0439,2.66
2050,replay,4000,0.0782,1.000,0.0438,0.64
2051,replay,4000,0.0600,1.000,0.0437,0.63
2052,es_step,4000,0.0867,1.000,0.0438,2.65
2053,es_step,4000,0.0876,1.000,0.0438,2.64
2054,replay,4000,0.1626,1.000,0.0439,0.63
2055,es_step,4000,0.0873,1.000,0.0439,2.64
2056,replay,4000,0.1239,1.000,0.0439,0.63
2057,es_step,4000,0.0904,1.000,0.0439,2.65
2058,es_step,4000,0.0920,1.000,0.0439,2.65
2059,replay,4000,0.0938,1.000,0.0438,0.63
2060,replay,4000,0.1281,1.000,0.0439,0.63
2061,es_step,4000,0.0594,1.000,0.0439,2.65
2062,replay,4000,0.0671,1.000,0.0439,0.63
2063,replay,4000,0.0540,1.000,0.0438,0.63
2064,es_step,4000,0.0475,1.000,0.0438,2.64
2065,replay,4000,0.0456,1.000,0.0436,0.63
2066,replay,4000,0.0525,1.000,0.0435,0.67
2067,replay,4000,0.1271,1.000,0.0434,0.64
2068,replay,4000,0.1613,1.000,0.0435,0.63
2069,replay,4000,0.1696,1.000,0.0435,0.65
2070,es_step,4000,0.1013,0.969,0.0436,2.65
2071,replay,4000,0.1401,1.000,0.0437,0.63
2072,replay,4000,0.1102,1.000,0.0438,0.64
2073,es_step,4000,0.0978,1.000,0.0438,2.67
2074,replay,4000,0.1114,1.000,0.0438,0.64
2075,replay,4000,0.1224,1.000,0.0437,0.63
2076,es_step,4000,0.0369,1.000,0.0437,2.65
2077,replay,4000,0.0471,1.000,0.0436,0.63
2078,replay,4000,0.0421,1.000,0.0433,0.63
2079,es_step,4000,0.0408,1.000,0.0433,2.64
2080,replay,4000,0.0632,1.000,0.0432,0.63
2081,replay,4000,0.0613,1.000,0.0431,0.63
2082,replay,4000,0.0788,1.000,0.0431,0.63
2083,replay,4000,0.1047,1.000,0.0431,0.63
2084,replay,4000,0.1474,1.000,0.0430,0.63
2085,replay,4000,0.0979,1.000,0.0430,0.63
2086,replay,4000,0.1260,1.000,0.0430,0.63
2087,es_step,4000,0.1283,1.000,0.0434,2.65
2088,replay,4000,0.1844,1.000,0.0434,0.64
2089,es_step,4000,0.0979,1.000,0.0434,2.63
2090,replay,4000,0.1183,1.000,0.0435,0.63
2091,es_step,4000,0.0416,1.000,0.0435,2.62
2092,replay,4000,0.0390,1.000,0.0433,0.64
2093,replay,4000,0.0890,1.000,0.0433,0.63
2094,replay,4000,0.0906,1.000,0.0432,0.63
2095,replay,4000,0.0581,1.000,0.0429,0.64
2096,replay,4000,0.0907,1.000,0.0430,0.64
2097,replay,4000,0.1004,1.000,0.0430,0.64
2098,replay,4000,0.1031,1.000,0.0429,0.63
2099,es_step,4000,0.1016,1.000,0.0429,2.66
2100,replay,4000,0.1512,1.000,0.0427,0.64
2101,replay,4000,0.1365,1.000,0.0427,0.64
2102,replay,4000,0.1373,1.000,0.0429,0.63
2103,es_step,4000,0.1073,1.000,0.0429,2.65
2104,replay,4000,0.1195,1.000,0.0429,0.64
2105,replay,4000,0.0971,1.000,0.0428,0.63
2106,es_step,4000,0.0645,1.000,0.0428,2.64
2107,replay,4000,-0.0112,1.000,0.0427,0.63
2108,replay,4000,0.0950,1.000,0.0428,0.64
2109,replay,4000,0.1068,1.000,0.0428,0.64
2110,es_step,4000,0.0756,1.000,0.0428,2.64
2111,replay,4000,0.0488,1.000,0.0427,0.63
2112,es_step,4000,0.0706,1.000,0.0427,2.63
2113,replay,4000,0.0465,1.000,0.0426,0.63
2114,replay,4000,0.0546,1.000,0.0424,0.63
2115,replay,4000,0.0029,1.000,0.0424,0.63
2116,replay,4000,0.1085,1.000,0.0425,0.63
2117,replay,4000,0.1746,1.000,0.0427,0.63
2118,replay,4000,0.1730,1.000,0.0428,0.63
2119,replay,4000,0.1066,1.000,0.0429,0.64
2120,replay,4000,0.0342,1.000,0.0430,0.64
2121,replay,4000,0.1592,1.000,0.0433,0.63
2122,replay,4000,0.2045,1.000,0.0435,0.63
2123,replay,4000,0.2920,1.000,0.0439,0.63
2124,replay,4000,0.2447,1.000,0.0442,0.63
2125,replay,4000,0.1881,1.000,0.0443,0.69
2126,replay,4000,0.1347,1.000,0.0445,0.63
2127,replay,4000,0.1207,1.000,0.0446,0.64
2128,replay,4000,-0.0235,1.000,0.0446,0.63
2129,replay,4000,0.1471,1.000,0.0448,0.63
2130,replay,4000,0.0998,1.000,0.0448,0.63
2131,replay,4000,0.0440,1.000,0.0449,0.63
2132,replay,4000,0.1505,1.000,0.0449,0.63
2133,es_step,4000,0.0725,1.000,0.0449,2.64
2134,replay,4000,0.1697,1.000,0.0449,0.63
2135,replay,4000,0.1102,1.000,0.0448,0.64
2136,replay,4000,0.1288,1.000,0.0448,0.64
2137,replay,4000,0.1671,1.000,0.0448,0.63
2138,replay,4000,0.1339,1.000,0.0448,0.64
2139,es_step,4000,0.0931,1.000,0.0448,2.65
2140,replay,4000,-0.0251,1.000,0.0445,0.64
2141,es_step,4000,0.1040,1.000,0.0447,2.64
2142,replay,4000,0.1402,1.000,0.0447,0.63
2143,replay,4000,0.2126,1.000,0.0448,0.64
2144,es_step,4000,0.1189,1.000,0.0448,2.65
2145,es_step,4000,0.1125,1.000,0.0450,2.65
2146,es_step,4000,0.1200,1.000,0.0451,2.66
2147,es_step,4000,0.1049,1.000,0.0451,2.66
2148,replay,4000,0.1779,1.000,0.0452,0.64
2149,replay,4000,0.1272,1.000,0.0451,0.64
2150,es_step,4000,0.0830,1.000,0.0452,2.65
2151,replay,4000,0.1068,1.000,0.0452,0.63
2152,replay,4000,0.1228,1.000,0.0453,0.64
2153,replay,4000,0.1436,1.000,0.0454,0.64
2154,replay,4000,0.1348,1.000,0.0454,0.63
2155,es_step,4000,0.0843,1.000,0.0454,2.65
2156,es_step,4000,0.1022,1.000,0.0454,2.65
2157,replay,4000,0.1050,1.000,0.0456,0.64
2158,replay,4000,0.1165,1.000,0.0456,0.63
2159,replay,4000,0.1485,1.000,0.0457,0.63
2160,es_step,4000,0.1027,1.000,0.0457,2.66
2161,replay,4000,0.1246,1.000,0.0458,0.64
2162,replay,4000,0.1350,1.000,0.0458,0.63
2163,replay,4000,0.1353,1.000,0.0459,0.63
2164,replay,4000,0.1055,1.000,0.0458,0.63
2165,replay,4000,0.0890,1.000,0.0457,0.63
2166,replay,4000,0.0725,1.000,0.0457,0.63
2167,replay,4000,0.0699,1.000,0.0456,0.63
2168,replay,4000,0.0894,1.000,0.0456,0.63
2169,replay,4000,0.1224,1.000,0.0456,0.64
2170,es_step,4000,0.0765,1.000,0.0456,2.65
2171,es_step,4000,0.0816,1.000,0.0456,2.65
2172,replay,4000,0.2179,1.000,0.0455,0.63
2173,replay,4000,0.0809,1.000,0.0452,0.64
2174,replay,4000,0.0793,1.000,0.0450,0.64
2175,es_step,4000,0.0783,1.000,0.0451,2.62
2176,replay,4000,0.0853,1.000,0.0451,0.63
2177,replay,4000,0.1159,1.000,0.0451,0.63
2178,replay,4000,0.1200,1.000,0.0451,0.62
2179,es_step,4000,0.0904,1.000,0.0452,2.61
2180,replay,4000,0.1010,1.000,0.0452,0.63
2181,replay,4000,0.1540,1.000,0.0452,0.62
2182,replay,4000,0.0794,1.000,0.0453,0.62
2183,replay,4000,0.1254,1.000,0.0453,0.62
2184,replay,4000,0.1216,1.000,0.0454,0.62
2185,replay,4000,0.1470,1.000,0.0455,0.62
2186,replay,4000,0.1661,1.000,0.0456,0.62
2187,replay,4000,0.1526,1.000,0.0458,0.63
2188,replay,4000,0.0505,1.000,0.0455,0.63
2189,replay,4000,0.0287,1.000,0.0454,0.63
2190,es_step,4000,0.0509,1.000,0.0454,2.61
2191,es_step,4000,0.0407,1.000,0.0454,2.60
2192,es_step,4000,0.0559,1.000,0.0454,2.60
2193,replay,4000,0.0852,1.000,0.0454,0.63
2194,es_step,4000,0.0662,0.969,0.0454,2.61
2195,replay,4000,0.0504,1.000,0.0452,0.62
2196,replay,4000,0.1217,1.000,0.0453,0.62
2197,replay,4000,0.1408,1.000,0.0454,0.62
2198,replay,4000,0.1867,1.000,0.0455,0.62
2199,replay,4000,0.1620,1.000,0.0457,0.62
2200,replay,4000,0.0559,1.000,0.0457,0.62
2201,replay,4000,0.1369,1.000,0.0457,0.62
2202,replay,4000,0.1471,1.000,0.0457,0.61
2203,replay,4000,0.1708,1.000,0.0459,0.61
2204,replay,4000,0.1301,1.000,0.0459,0.62
2205,replay,4000,0.1125,1.000,0.0460,0.62
2206,replay,4000,0.0240,1.000,0.0456,0.62
2207,replay,4000,0.0298,1.000,0.0453,0.62
2208,replay,4000,0.0586,1.000,0.0451,0.62
2209,replay,4000,0.0980,1.000,0.0451,0.62
2210,replay,4000,0.1266,1.000,0.0449,0.62
2211,replay,4000,0.1264,1.000,0.0449,0.62
2212,replay,4000,0.1433,1.000,0.0448,0.63
2213,replay,4000,0.1017,1.000,0.0448,0.63
2214,replay,4000,0.1680,1.000,0.0449,0.63
2215,replay,4000,0.1852,1.000,0.0450,0.63
2216,replay,4000,0.1683,1.000,0.0450,0.63
2217,replay,4000,0.1088,1.000,0.0452,0.63
2218,replay,4000,0.1331,1.000,0.0451,2.72
2219,replay,4000,0.0552,1.000,0.0449,0.63
2220,replay,4000,0.0663,1.000,0.0447,0.63
2221,replay,4000,0.0261,1.000,0.0445,0.63
2222,replay,4000,0.0617,1.000,0.0444,0.63
2223,replay,4000,0.0739,1.000,0.0442,0.63
2224,replay,4000,0.1305,1.000,0.0441,0.63
2225,replay,4000,0.1329,1.000,0.0442,0.63
2226,es_step,4000,0.0877,0.875,0.0442,2.66
2227,replay,4000,0.0988,1.000,0.0440,0.63
2228,replay,4000,0.0648,1.000,0.0441,0.63
2229,replay,4000,0.0347,1.000,0.0438,0.63
2230,es_step,4000,0.0614,0.938,0.0439,2.65
2231,replay,4000,0.0698,1.000,0.0436,0.63
2232,replay,4000,0.1211,1.000,0.0435,0.63
2233,replay,4000,0.1304,1.000,0.0435,0.63
2234,es_step,4000,0.0877,1.000,0.0435,2.65
2235,replay,4000,0.0987,1.000,0.0435,0.63
2236,replay,4000,0.0718,1.000,0.0435,0.63
2237,replay,4000,0.0809,1.000,0.0434,0.63
2238,replay,4000,0.0627,1.000,0.0433,0.63
2239,replay,4000,0.0568,1.000,0.0432,0.63
2240,replay,4000,0.0854,1.000,0.0432,0.63
2241,replay,4000,0.1437,1.000,0.0431,0.63
2242,replay,4000,0.1598,1.000,0.0433,0.63
2243,replay,4000,0.1182,1.000,0.0434,0.63
2244,replay,4000,0.0768,1.000,0.0433,0.63
2245,replay,4000,0.0710,1.000,0.0432,0.63
2246,replay,4000,0.0955,1.000,0.0431,0.63
2247,es_step,4000,0.0453,0.906,0.0431,2.65
2248,replay,4000,0.1053,1.000,0.0430,0.63
2249,es_step,4000,0.0350,0.938,0.0430,2.64
2250,es_step,4000,0.0342,1.000,0.0430,2.65
2251,replay,4000,0.0500,1.000,0.0430,0.63
2252,replay,4000,0.0438,1.000,0.0427,0.63
2253,es_step,4000,0.0407,0.938,0.0427,2.63
2254,replay,4000,0.0625,1.000,0.0425,0.63
2255,replay,4000,0.1218,1.000,0.0424,0.63
2256,replay,4000,0.1114,1.000,0.0423,0.62
2257,replay,4000,0.0924,1.000,0.0424,0.62
2258,replay,4000,0.1071,1.000,0.0423,0.62
2259,es_step,4000,0.0673,1.000,0.0423,2.62
2260,replay,4000,0.0889,1.000,0.0422,0.63
2261,replay,4000,0.0938,1.000,0.0422,0.63
2262,replay,4000,0.0872,1.000,0.0422,0.62
2263,replay,4000,0.0991,1.000,0.0422,0.63
2264,replay,4000,0.1110,1.000,0.0422,0.62
2265,replay,4000,0.0463,1.000,0.0420,0.63
2266,replay,4000,0.1206,1.000,0.0421,0.63
2267,es_step,4000,0.0807,1.000,0.0421,2.65
2268,replay,4000,0.1349,1.000,0.0420,0.63
2269,replay,4000,0.0982,1.000,0.0419,0.64
2270,replay,4000,0.1077,1.000,0.0418,0.63
2271,replay,4000,0.0966,1.000,0.0418,0.63
2272,replay,4000,0.1313,1.000,0.0417,0.63
2273,es_step,4000,0.0779,0.969,0.0417,2.64
2274,es_step,4000,0.0902,0.906,0.0417,2.63
2275,replay,4000,0.1222,1.000,0.0416,0.63
2276,replay,4000,0.1070,1.000,0.0414,0.63
2277,es_step,4000,0.1076,0.938,0.0414,2.63
2278,replay,4000,0.0946,1.000,0.0414,0.63
2279,replay,4000,0.1533,1.000,0.0416,0.63
2280,es_step,4000,0.1170,0.938,0.0418,2.63
2281,replay,4000,0.1538,1.000,0.0418,0.63
2282,replay,4000,0.0364,1.000,0.0416,0.63
2283,replay,4000,0.0728,1.000,0.0416,0.63
2284,replay,4000,0.1021,1.000,0.0415,0.63
2285,replay,4000,0.1168,1.000,0.0414,0.63
2286,replay,4000,0.1104,1.000,0.0415,0.63
2287,replay,4000,0.1166,1.000,0.0414,0.63
2288,replay,4000,0.0562,1.000,0.0413,0.63
2289,replay,4000,0.0573,1.000,0.0411,0.63
2290,replay,4000,-0.0162,1.000,0.0409,0.63
2291,es_step,4000,0.0590,1.000,0.0409,2.64
2292,replay,4000,0.0334,1.000,0.0407,0.63
2293,replay,4000,0.0477,1.000,0.0406,0.63
2294,replay,4000,0.0796,1.000,0.0405,0.63
2295,replay,4000,0.0584,1.000,0.0404,0.63
2296,replay,4000,0.0786,1.000,0.0404,0.63
2297,es_step,4000,0.0930,1.000,0.0404,2.64
2298,replay,4000,0.1325,1.000,0.0407,0.63
2299,es_step,4000,0.1213,1.000,0.0407,2.64
2300,replay,4000,0.1048,1.000,0.0407,0.63
2301,replay,4000,0.1270,1.000,0.0408,0.63
2302,replay,4000,0.0738,1.000,0.0407,0.63
2303,es_step,4000,0.0567,1.000,0.0407,2.65
2304,replay,4000,0.0807,1.000,0.0407,0.63
2305,replay,4000,0.1001,1.000,0.0408,0.63
2306,replay,4000,0.0062,1.000,0.0407,0.63
2307,es_step,4000,0.1032,1.000,0.0408,2.64
2308,replay,4000,0.0925,1.000,0.0408,0.63
2309,replay,4000,0.1417,1.000,0.0409,0.63
2310,replay,4000,0.0930,1.000,0.0410,0.63
2311,replay,4000,0.1252,1.000,0.0410,0.63
2312,replay,4000,0.1534,1.000,0.0411,0.63
2313,replay,4000,0.1937,1.000,0.0411,0.63
2314,replay,4000,0.1929,1.000,0.0413,0.63
2315,replay,4000,0.1732,1.000,0.0413,0.63
2316,replay,4000,0.2277,1.000,0.0413,0.63
2317,es_step,4000,0.1284,0.938,0.0417,2.63
2318,replay,4000,0.1640,1.000,0.0417,0.63
2319,es_step,4000,0.1082,1.000,0.0419,2.64
2320,es_step,4000,0.1229,0.969,0.0423,2.63
2321,es_step,4000,0.1174,1.000,0.0424,2.62
2322,es_step,4000,0.1285,1.000,0.0425,2.64
2323,replay,4000,0.1599,1.000,0.0427,0.63
2324,es_step,4000,0.1224,1.000,0.0428,2.63
2325,replay,4000,0.1632,1.000,0.0428,0.63
2326,replay,4000,0.1786,1.000,0.0429,0.63
2327,replay,4000,0.1650,1.000,0.0430,0.63
2328,replay,4000,0.1299,1.000,0.0430,0.63
2329,es_step,4000,0.0685,1.000,0.0430,2.63
2330,replay,4000,-0.0029,1.000,0.0427,0.63
2331,replay,4000,0.0467,1.000,0.0426,0.63
2332,replay,4000,0.0810,1.000,0.0425,0.63
2333,replay,4000,0.1025,1.000,0.0426,0.63
2334,replay,4000,0.0688,1.000,0.0427,0.63
2335,replay,4000,0.0352,1.000,0.0422,0.62
2336,replay,4000,0.0895,1.000,0.0422,0.62
2337,replay,4000,0.1315,1.000,0.0422,0.62
2338,replay,4000,0.1092,1.000,0.0420,0.63
2339,replay,4000,0.0713,1.000,0.0419,0.62
2340,replay,4000,0.2092,1.000,0.0420,0.62
2341,replay,4000,0.2169,1.000,0.0422,0.62
2342,es_step,4000,0.1283,1.000,0.0423,2.61
2343,replay,4000,0.1661,1.000,0.0425,0.63
2344,replay,4000,0.1632,1.000,0.0426,0.62
2345,replay,4000,0.1078,1.000,0.0423,0.63
2346,replay,4000,0.0987,1.000,0.0422,0.62
2347,replay,4000,-0.1458,1.000,0.0421,0.62
2348,replay,4000,0.0966,1.000,0.0421,0.62
2349,es_step,4000,0.1400,1.000,0.0430,2.60
2350,replay,4000,0.1614,1.000,0.0431,0.62
2351,replay,4000,0.1821,1.000,0.0431,0.62
2352,replay,4000,0.1321,1.000,0.0433,0.62
2353,replay,4000,0.2010,1.000,0.0435,0.62
2354,replay,4000,0.1683,1.000,0.0435,0.62
2355,replay,4000,0.1065,1.000,0.0434,0.62
2356,replay,4000,0.1447,1.000,0.0434,0.63
2357,replay,4000,0.0208,1.000,0.0434,0.63
2358,replay,4000,0.0669,1.000,0.0432,0.63
2359,replay,4000,0.1387,1.000,0.0434,0.63
2360,replay,4000,0.1532,1.000,0.0434,0.63
2361,es_step,4000,0.1088,1.000,0.0435,2.62
2362,replay,4000,0.1098,1.000,0.0436,0.63
2363,replay,4000,0.0969,1.000,0.0435,0.63
2364,replay,4000,0.0960,1.000,0.0435,0.63
2365,es_step,4000,0.0491,1.000,0.0435,2.62
2366,replay,4000,0.0434,1.000,0.0433,0.63
2367,es_step,4000,0.0269,1.000,0.0433,2.62
2368,replay,4000,0.0401,1.000,0.0434,0.64
2369,replay,4000,0.0186,1.000,0.0432,0.64
2370,es_step,4000,0.0595,1.000,0.0432,2.64
2371,replay,4000,0.0558,1.000,0.0431,0.63
2372,replay,4000,0.0844,1.000,0.0431,0.62
2373,es_step,4000,0.0861,1.000,0.0431,2.62
2374,replay,4000,0.1328,1.000,0.0430,0.63
2375,replay,4000,0.0780,1.000,0.0429,0.63
2376,replay,4000,0.0665,1.000,0.0428,0.63
2377,es_step,4000,0.0461,1.000,0.0428,2.62
2378,replay,4000,0.0135,1.000,0.0427,0.63
2379,replay,4000,0.0924,1.000,0.0426,0.63
2380,replay,4000,0.0887,1.000,0.0426,0.63
2381,replay,4000,0.1006,1.000,0.0425,0.63
2382,replay,4000,0.1255,1.000,0.0424,0.63
2383,replay,4000,0.1025,1.000,0.0423,0.62
2384,es_step,4000,0.1060,1.000,0.0424,2.61
2385,replay,4000,0.1116,1.000,0.0424,0.62
2386,replay,4000,0.1350,1.000,0.0425,0.62
2387,es_step,4000,0.1144,1.000,0.0426,2.60
2388,es_step,4000,0.1078,1.000,0.0426,2.61
2389,replay,4000,0.0996,1.000,0.0426,0.63
2390,replay,4000,0.1840,1.000,0.0427,0.63
2391,replay,4000,0.1632,1.000,0.0429,0.63
2392,replay,4000,0.1318,1.000,0.0429,0.63
2393,replay,4000,0.0593,1.000,0.0426,0.63
2394,replay,4000,0.0343,1.000,0.0424,0.63
2395,replay,4000,-0.0321,1.000,0.0420,0.63
2396,replay,4000,0.0512,1.000,0.0419,0.63
2397,replay,4000,0.0738,1.000,0.0418,0.63
2398,replay,4000,0.0664,1.000,0.0417,0.63
2399,replay,4000,0.1013,1.000,0.0415,0.62
2400,es_step,4000,0.0480,1.000,0.0415,2.63
2401,replay,4000,0.1016,1.000,0.0414,0.63
2402,replay,4000,0.1548,1.000,0.0414,0.62
2403,es_step,4000,0.1049,1.000,0.0415,2.63
2404,replay,4000,0.1874,1.000,0.0416,0.64
2405,replay,4000,0.1571,1.000,0.0415,0.63
2406,replay,4000,0.1182,1.000,0.0418,0.63
2407,replay,4000,0.1603,1.000,0.0418,0.63
2408,replay,4000,0.1507,1.000,0.0418,0.63
2409,replay,4000,0.0959,1.000,0.0418,0.63
2410,es_step,4000,0.0873,1.000,0.0418,2.64
2411,es_step,4000,0.0866,1.000,0.0418,2.62
2412,replay,4000,0.0911,1.000,0.0416,0.63
2413,replay,4000,0.0771,1.000,0.0416,0.63
2414,replay,4000,0.0778,1.000,0.0415,0.63
2415,es_step,4000,0.0944,1.000,0.0415,2.61
2416,replay,4000,0.1360,1.000,0.0416,0.63
2417,replay,4000,0.1545,1.000,0.0417,0.63
2418,replay,4000,0.1147,1.000,0.0416,0.63
2419,replay,4000,0.0477,1.000,0.0415,0.63
2420,es_step,4000,0.0665,1.000,0.0415,2.61
2421,replay,4000,0.0716,1.000,0.0414,0.63
2422,replay,4000,0.0945,1.000,0.0414,0.62
2423,replay,4000,0.0958,1.000,0.0414,0.63
2424,replay,4000,0.0770,1.000,0.0413,0.63
2425,es_step,4000,0.0653,1.000,0.0413,2.61
2426,replay,4000,0.0532,1.000,0.0413,0.63
2427,replay,4000,0.0778,1.000,0.0412,0.62
2428,es_step,4000,0.0612,1.000,0.0412,2.61
2429,replay,4000,0.0865,1.000,0.0411,0.63
2430,replay,4000,0.0525,1.000,0.0411,0.63
2431,replay,4000,0.0326,1.000,0.0407,0.63
2432,replay,4000,0.0351,1.000,0.0406,0.63
2433,replay,4000,0.0475,1.000,0.0405,0.63
2434,replay,4000,0.0408,1.000,0.0403,0.63
2435,replay,4000,0.0388,1.000,0.0402,0.63
2436,replay,4000,0.0516,1.000,0.0401,0.63
2437,replay,4000,0.0232,1.000,0.0402,0.63
2438,es_step,4000,0.0594,1.000,0.0402,2.62
2439,es_step,4000,0.0562,1.000,0.0402,2.63
2440,replay,4000,0.0790,1.000,0.0403,0.64
2441,replay,4000,0.1414,1.000,0.0403,0.62
2442,es_step,4000,0.0770,1.000,0.0403,2.60
2443,replay,4000,0.1104,1.000,0.0403,0.63
2444,replay,4000,0.1597,1.000,0.0402,0.63
2445,replay,4000,0.1071,1.000,0.0402,0.63
2446,replay,4000,0.1015,1.000,0.0402,0.63
2447,replay,4000,0.1407,1.000,0.0400,0.63
2448,replay,4000,0.1422,1.000,0.0402,0.63
2449,replay,4000,0.1566,1.000,0.0403,0.63
2450,replay,4000,0.1223,1.000,0.0404,0.63
2451,es_step,4000,0.1380,1.000,0.0410,2.62
2452,replay,4000,0.1834,1.000,0.0413,0.63
2453,es_step,4000,0.1259,1.000,0.0416,2.63
2454,es_step,4000,0.1229,1.000,0.0417,4.69
2455,replay,4000,0.1691,1.000,0.0418,0.63
2456,replay,4000,0.0606,1.000,0.0416,0.63
2457,replay,4000,0.1198,1.000,0.0415,0.63
2458,replay,4000,0.0988,1.000,0.0414,0.63
2459,es_step,4000,0.0668,1.000,0.0414,2.62
2460,es_step,4000,0.0670,1.000,0.0414,2.63
2461,replay,4000,0.0852,1.000,0.0414,0.64
2462,es_step,4000,0.0714,1.000,0.0414,2.63
2463,es_step,4000,0.0699,1.000,0.0414,2.62
2464,replay,4000,0.0808,1.000,0.0414,0.63
2465,es_step,4000,0.0577,1.000,0.0415,2.64
2466,es_step,4000,0.0565,1.000,0.0415,2.62
2467,replay,4000,0.0975,1.000,0.0414,0.63
2468,replay,4000,0.0766,1.000,0.0413,0.63
2469,es_step,4000,0.0849,1.000,0.0413,2.64
2470,replay,4000,0.1124,1.000,0.0413,0.64
2471,replay,4000,0.0934,1.000,0.0412,0.64
2472,es_step,4000,0.0834,1.000,0.0412,2.64
2473,replay,4000,0.0669,1.000,0.0412,0.63
2474,replay,4000,0.0874,1.000,0.0411,0.63
2475,replay,4000,0.0482,1.000,0.0410,0.63
2476,replay,4000,0.0282,1.000,0.0408,0.63
2477,replay,4000,0.0649,1.000,0.0407,0.63
2478,replay,4000,0.0607,1.000,0.0407,0.63
2479,replay,4000,0.0274,1.000,0.0405,0.63
2480,replay,4000,0.1000,1.000,0.0404,0.63
2481,replay,4000,0.0729,1.000,0.0404,0.63
2482,es_step,4000,0.0650,1.000,0.0404,2.66
2483,replay,4000,0.0721,1.000,0.0405,0.65
2484,replay,4000,0.0678,1.000,0.0403,0.65
2485,replay,4000,0.0857,1.000,0.0403,0.65
2486,replay,4000,0.1676,1.000,0.0405,0.64
2487,es_step,4000,0.1000,1.000,0.0405,2.67
2488,es_step,4000,0.1036,1.000,0.0405,2.66
2489,replay,4000,0.1466,1.000,0.0405,0.64
2490,replay,4000,0.1136,1.000,0.0407,0.64
2491,replay,4000,0.1442,1.000,0.0407,0.64
2492,replay,4000,0.0921,1.000,0.0408,0.64
2493,replay,4000,0.0495,1.000,0.0408,0.64
2494,replay,4000,0.2036,1.000,0.0410,0.64
2495,replay,4000,0.1700,1.000,0.0412,0.64
2496,replay,4000,0.1245,1.000,0.0413,0.64
2497,replay,4000,0.0843,1.000,0.0412,0.64
2498,replay,4000,0.0338,1.000,0.0410,0.64
2499,replay,4000,0.0418,1.000,0.0409,0.64
2500,replay,4000,0.0614,1.000,0.0408,0.63
2501,replay,4000,0.0643,1.000,0.0408,0.63
2502,es_step,4000,0.0485,1.000,0.0408,2.69
2503,replay,4000,0.0404,1.000,0.0408,0.64
2504,es_step,4000,0.0682,1.000,0.0408,2.66
2505,es_step,4000,0.0643,1.000,0.0408,2.67
2506,replay,4000,0.0962,1.000,0.0407,0.64
2507,replay,4000,0.1194,1.000,0.0407,0.64
2508,replay,4000,0.0865,1.000,0.0407,0.64
2509,replay,4000,0.1062,1.000,0.0407,0.64
2510,es_step,4000,0.1020,1.000,0.0407,2.67
2511,replay,4000,0.1535,1.000,0.0408,0.64
2512,replay,4000,-0.0457,1.000,0.0408,0.64
2513,replay,4000,0.1685,1.000,0.0409,0.64
2514,replay,4000,0.2132,1.000,0.0411,0.64
2515,replay,4000,0.1475,1.000,0.0411,0.64
2516,replay,4000,0.1354,1.000,0.0412,0.64
2517,replay,4000,0.1224,1.000,0.0412,0.64
2518,replay,4000,0.0944,1.000,0.0411,0.64
2519,replay,4000,0.1065,1.000,0.0410,0.64
2520,replay,4000,0.0459,1.000,0.0409,0.64
2521,replay,4000,0.1585,1.000,0.0409,0.64
2522,replay,4000,0.1825,1.000,0.0410,0.64
2523,es_step,4000,0.1286,1.000,0.0412,2.67
2524,replay,4000,0.1270,1.000,0.0414,0.64
2525,replay,4000,0.1527,1.000,0.0415,0.64
2526,replay,4000,0.1358,1.000,0.0416,0.64
2527,replay,4000,0.0911,1.000,0.0415,0.64
2528,es_step,4000,0.0411,1.000,0.0415,2.66
2529,es_step,4000,0.0433,1.000,0.0415,2.67
2530,replay,4000,0.0565,1.000,0.0412,0.64
2531,replay,4000,0.0724,1.000,0.0411,0.64
2532,replay,4000,0.0730,1.000,0.0410,0.64
2533,es_step,4000,0.0558,1.000,0.0410,2.68
2534,replay,4000,0.0774,1.000,0.0409,0.64
2535,replay,4000,0.0715,1.000,0.0409,0.64
2536,replay,4000,0.1113,1.000,0.0408,0.65
2537,replay,4000,0.0863,1.000,0.0407,0.64
2538,es_step,4000,0.0729,1.000,0.0408,2.67
2539,replay,4000,0.0712,1.000,0.0407,0.64
2540,es_step,4000,0.0804,1.000,0.0407,2.65
2541,replay,4000,0.1104,1.000,0.0408,0.64
2542,replay,4000,0.0285,1.000,0.0407,0.63
2543,replay,4000,0.0636,1.000,0.0405,0.64
2544,es_step,4000,0.0763,1.000,0.0405,2.65
2545,replay,4000,0.0644,1.000,0.0405,0.64
2546,replay,4000,0.0914,1.000,0.0405,0.63
2547,replay,4000,0.1246,1.000,0.0406,0.64
2548,replay,4000,0.1828,1.000,0.0407,0.64
2549,replay,4000,0.1667,1.000,0.0408,0.63
2550,replay,4000,0.1522,1.000,0.0410,0.63
2551,replay,4000,0.1354,1.000,0.0410,0.64
2552,replay,4000,0.0997,1.000,0.0409,0.64
2553,replay,4000,0.0883,1.000,0.0410,0.64
2554,replay,4000,0.0820,1.000,0.0411,0.65
2555,replay,4000,0.0942,1.000,0.0411,0.65
2556,replay,4000,0.1575,1.000,0.0411,0.65
2557,es_step,4000,0.0970,1.000,0.0412,2.66
2558,replay,4000,0.1276,1.000,0.0411,0.64
2559,replay,4000,0.0116,1.000,0.0409,0.64
2560,replay,4000,0.1108,1.000,0.0410,0.64
2561,replay,4000,0.1309,1.000,0.0410,0.64
2562,replay,4000,0.0922,1.000,0.0409,0.64
2563,replay,4000,0.0868,1.000,0.0409,0.64
2564,replay,4000,0.1371,1.000,0.0408,0.64
2565,es_step,4000,0.0493,1.000,0.0408,2.68
2566,replay,4000,0.0868,1.000,0.0407,0.64
2567,replay,4000,0.0990,1.000,0.0408,0.64
2568,replay,4000,0.0729,1.000,0.0407,0.65
2569,es_step,4000,0.0677,1.000,0.0407,2.91
2570,replay,4000,0.1111,1.000,0.0408,0.68
2571,replay,4000,0.1092,1.000,0.0407,0.67
2572,replay,4000,0.1197,1.000,0.0407,0.69
2573,replay,4000,0.1577,1.000,0.0408,0.70
2574,replay,4000,0.1423,1.000,0.0410,0.67
2575,es_step,4000,0.1142,1.000,0.0410,2.98
2576,replay,4000,0.0982,1.000,0.0410,0.67
2577,es_step,4000,0.1180,1.000,0.0414,3.00
2578,replay,4000,0.1302,1.000,0.0417,0.67
2579,replay,4000,0.1552,1.000,0.0417,0.67
2580,replay,4000,0.1345,1.000,0.0417,0.68
2581,replay,4000,0.1269,1.000,0.0417,0.67
2582,replay,4000,0.1030,1.000,0.0417,0.68
2583,es_step,4000,0.0777,1.000,0.0417,4.15
2584,es_step,4000,0.0828,1.000,0.0417,4.05
2585,replay,4000,0.0992,1.000,0.0416,0.72
2586,replay,4000,0.1387,1.000,0.0416,0.67
2587,replay,4000,0.0771,1.000,0.0415,0.68
2588,replay,4000,0.0600,1.000,0.0413,0.68
2589,replay,4000,-0.0976,1.000,0.0413,0.67
2590,replay,4000,0.1287,1.000,0.0412,0.67
2591,replay,4000,0.1370,1.000,0.0415,0.67
2592,es_step,4000,0.1459,1.000,0.0428,2.99
2593,replay,4000,0.2148,1.000,0.0430,0.67
2594,es_step,4000,0.1472,1.000,0.0435,2.98
2595,es_step,4000,0.1464,1.000,0.0435,2.80
2596,replay,4000,0.1559,1.000,0.0437,0.63
2597,replay,4000,0.1216,1.000,0.0440,0.63
2598,replay,4000,0.1216,1.000,0.0438,0.64
2599,replay,4000,0.0976,1.000,0.0437,0.63
2600,es_step,4000,0.0506,1.000,0.0437,2.65
2601,replay,4000,0.0539,1.000,0.0436,0.63
2602,replay,4000,0.0538,1.000,0.0434,0.64
2603,replay,4000,0.0679,1.000,0.0432,0.63
2604,replay,4000,0.0368,1.000,0.0431,0.63
2605,es_step,4000,0.0465,1.000,0.0431,2.64
2606,replay,4000,0.0357,1.000,0.0429,0.63
2607,es_step,4000,0.0594,1.000,0.0430,2.63
2608,replay,4000,0.0565,1.000,0.0428,0.64
2609,replay,4000,0.0782,1.000,0.0427,0.64
2610,replay,4000,0.0647,1.000,0.0425,0.64
2611,replay,4000,0.0464,1.000,0.0424,0.64
2612,replay,4000,0.0609,1.000,0.0424,0.64
2613,replay,4000,0.0429,1.000,0.0424,0.64
2614,es_step,4000,0.0522,1.000,0.0424,2.65
2615,es_step,4000,0.0524,1.000,0.0424,2.65
2616,replay,4000,0.0175,1.000,0.0423,0.64
2617,replay,4000,0.0655,1.000,0.0423,0.64
2618,replay,4000,0.0572,1.000,0.0423,0.64
2619,replay,4000,0.0579,1.000,0.0422,0.64
2620,replay,4000,0.0973,1.000,0.0421,0.64
2621,es_step,4000,0.1036,1.000,0.0421,2.66
2622,es_step,4000,0.1009,1.000,0.0421,2.66
2623,replay,4000,0.1045,1.000,0.0423,0.63
2624,es_step,4000,0.1119,1.000,0.0423,2.64
2625,replay,4000,0.1251,1.000,0.0424,0.64
2626,replay,4000,0.0048,1.000,0.0424,0.63
2627,es_step,4000,0.1605,1.000,0.0435,2.66
2628,replay,4000,0.1905,1.000,0.0437,0.64
2629,es_step,4000,0.1734,1.000,0.0442,2.62
2630,replay,4000,0.1970,1.000,0.0443,0.63
2631,replay,4000,0.1458,1.000,0.0447,0.63
2632,es_step,4000,0.0936,1.000,0.0447,2.61
2633,replay,4000,0.0213,1.000,0.0446,0.63
2634,es_step,4000,0.0773,1.000,0.0446,2.62
2635,es_step,4000,0.0771,1.000,0.0446,2.62
2636,replay,4000,0.1137,1.000,0.0446,0.63
2637,replay,4000,0.0766,1.000,0.0445,0.63
2638,replay,4000,0.0355,1.000,0.0446,0.63
2639,replay,4000,0.0526,1.000,0.0445,0.63
2640,es_step,4000,0.0662,1.000,0.0445,2.62
2641,replay,4000,0.0481,1.000,0.0445,0.63
2642,replay,4000,0.0860,1.000,0.0444,0.63
2643,es_step,4000,0.0617,1.000,0.0445,2.62
2644,replay,4000,0.1476,1.000,0.0444,0.63
2645,es_step,4000,0.0702,1.000,0.0444,2.64
2646,replay,4000,0.0664,1.000,0.0442,0.63
2647,replay,4000,0.0551,1.000,0.0440,0.63
2648,es_step,4000,0.0590,1.000,0.0440,2.62
2649,replay,4000,0.0407,1.000,0.0439,0.63
2650,replay,4000,0.0574,1.000,0.0441,0.63
2651,es_step,4000,0.0579,1.000,0.0441,2.62
2652,replay,4000,0.0558,1.000,0.0439,0.63
2653,replay,4000,0.0312,1.000,0.0438,0.63
2654,replay,4000,0.0764,1.000,0.0437,0.63
2655,replay,4000,0.0739,1.000,0.0437,0.63
2656,replay,4000,0.0614,1.000,0.0436,0.63
2657,replay,4000,0.0629,1.000,0.0435,0.63
2658,es_step,4000,0.0545,1.000,0.0435,2.63
2659,replay,4000,0.1140,1.000,0.0434,0.63
2660,es_step,4000,0.0713,1.000,0.0434,2.62
2661,replay,4000,0.1222,1.000,0.0434,0.63
2662,es_step,4000,0.1068,1.000,0.0434,2.61
2663,replay,4000,0.2051,1.000,0.0435,0.63
2664,replay,4000,0.2133,1.000,0.0437,0.63
2665,replay,4000,0.1866,1.000,0.0437,0.64
2666,replay,4000,0.1707,1.000,0.0443,0.64
2667,es_step,4000,0.1752,1.000,0.0453,2.64
2668,es_step,4000,0.1650,1.000,0.0454,2.62
2669,replay,4000,0.1575,1.000,0.0456,0.63
2670,replay,4000,0.1769,1.000,0.0459,0.63
2671,replay,4000,0.1263,1.000,0.0460,0.64
2672,replay,4000,0.0737,1.000,0.0459,0.63
2673,replay,4000,0.0489,1.000,0.0457,0.63
2674,es_step,4000,0.0028,1.000,0.0457,4.74
2675,replay,4000,-0.0075,1.000,0.0453,0.63
2676,replay,4000,0.0187,1.000,0.0449,0.63
2677,es_step,4000,0.0429,1.000,0.0449,2.63
2678,replay,4000,-0.0006,1.000,0.0446,0.63
2679,replay,4000,0.1152,1.000,0.0447,0.64
2680,es_step,4000,0.1197,1.000,0.0448,2.63
2681,replay,4000,0.1317,1.000,0.0451,0.64
2682,replay,4000,0.1319,1.000,0.0452,0.63
2683,replay,4000,0.1139,1.000,0.0451,0.63
2684,replay,4000,0.1721,1.000,0.0451,0.63
2685,replay,4000,0.1661,1.000,0.0452,0.63
2686,es_step,4000,0.1006,1.000,0.0453,2.66
2687,replay,4000,0.1326,1.000,0.0454,0.64
2688,replay,4000,0.1591,1.000,0.0454,0.64
2689,replay,4000,0.1600,1.000,0.0455,0.64
2690,es_step,4000,0.1134,1.000,0.0455,2.65
2691,replay,4000,0.1614,1.000,0.0455,0.64
2692,replay,4000,0.1341,1.000,0.0456,0.64
2693,replay,4000,0.1038,1.000,0.0456,0.64
2694,replay,4000,0.0705,1.000,0.0456,0.64
2695,replay,4000,0.0351,1.000,0.0453,0.64
2696,replay,4000,0.0318,1.000,0.0453,0.64
2697,replay,4000,0.0505,1.000,0.0451,0.64
2698,es_step,4000,0.0459,1.000,0.0451,2.67
2699,replay,4000,0.0763,1.000,0.0450,0.64
2700,replay,4000,0.0568,1.000,0.0450,0.64
2701,replay,4000,0.1114,1.000,0.0450,0.64
2702,es_step,4000,0.0722,1.000,0.0450,2.65
2703,replay,4000,0.0962,1.000,0.0450,0.64
2704,replay,4000,0.1482,1.000,0.0450,0.64
2705,replay,4000,0.1491,1.000,0.0452,0.64
2706,es_step,4000,0.1195,1.000,0.0453,2.65
2707,replay,4000,0.1489,1.000,0.0455,0.64
2708,replay,4000,0.1619,1.000,0.0457,0.64
2709,es_step,4000,0.0699,1.000,0.0457,2.66
2710,replay,4000,0.1154,1.000,0.0456,0.64
2711,replay,4000,-0.2833,1.000,0.0456,0.63
2712,es_step,4000,0.0301,1.000,0.0456,2.66
2713,replay,4000,0.0632,1.000,0.0455,0.64
2714,replay,4000,0.0708,1.000,0.0456,0.64
2715,es_step,4000,0.0578,1.000,0.0456,2.65
2716,replay,4000,0.1343,1.000,0.0456,0.64
2717,replay,4000,0.1671,1.000,0.0455,0.64
2718,replay,4000,0.1401,1.000,0.0455,0.64
2719,es_step,4000,0.0622,1.000,0.0455,2.65
2720,es_step,4000,0.0561,1.000,0.0455,2.65
2721,replay,4000,0.0910,1.000,0.0454,0.64
2722,replay,4000,0.1155,1.000,0.0455,0.64
2723,es_step,4000,0.1169,1.000,0.0457,2.65
2724,replay,4000,0.1731,1.000,0.0459,0.63
2725,es_step,4000,0.1241,1.000,0.0460,2.63
2726,replay,4000,0.1381,1.000,0.0461,0.63
2727,replay,4000,0.1511,1.000,0.0462,0.63
2728,replay,4000,0.1627,1.000,0.0462,0.63
2729,replay,4000,0.1163,1.000,0.0463,0.63
2730,replay,4000,0.1319,1.000,0.0465,0.63
2731,replay,4000,0.1201,1.000,0.0467,0.64
2732,replay,4000,0.0373,1.000,0.0467,0.64
2733,replay,4000,0.1229,1.000,0.0468,0.64
2734,es_step,4000,0.1413,1.000,0.0472,2.67
2735,replay,4000,0.2045,1.000,0.0477,0.64
2736,replay,4000,0.1968,1.000,0.0479,0.64
2737,es_step,4000,0.1113,1.000,0.0481,2.64
2738,replay,4000,0.1798,1.000,0.0483,0.64
2739,replay,4000,0.1600,1.000,0.0483,0.64
2740,replay,4000,0.1135,1.000,0.0483,0.63
2741,replay,4000,0.0719,1.000,0.0482,0.64
2742,replay,4000,0.0700,1.000,0.0479,0.64
2743,replay,4000,0.0754,1.000,0.0479,0.64
2744,replay,4000,0.0753,1.000,0.0477,0.64
2745,replay,4000,0.0649,1.000,0.0476,0.64
2746,replay,4000,0.0531,1.000,0.0474,0.64
2747,replay,4000,0.0443,1.000,0.0471,0.63
2748,replay,4000,0.0926,1.000,0.0471,0.63
2749,replay,4000,0.0463,1.000,0.0470,0.63
2750,es_step,4000,0.0436,1.000,0.0470,2.65
2751,replay,4000,0.0108,1.000,0.0467,0.64
2752,replay,4000,0.0020,1.000,0.0467,0.63
2753,replay,4000,0.0617,1.000,0.0467,0.63
2754,replay,4000,0.1682,1.000,0.0470,0.64
2755,replay,4000,0.2284,1.000,0.0472,0.63
2756,replay,4000,0.1922,1.000,0.0475,0.63
2757,es_step,4000,0.1242,1.000,0.0477,2.64
2758,replay,4000,0.1844,1.000,0.0478,0.63
2759,replay,4000,0.1319,1.000,0.0479,0.63
2760,replay,4000,0.0923,1.000,0.0480,0.63
2761,replay,4000,0.0822,1.000,0.0479,0.63
2762,replay,4000,-0.0376,1.000,0.0477,0.63
2763,replay,4000,0.1271,1.000,0.0477,0.63
2764,replay,4000,0.1430,1.000,0.0479,0.63
2765,es_step,4000,0.1242,0.969,0.0479,2.63
2766,es_step,4000,0.1224,0.969,0.0479,2.64
2767,replay,4000,0.1673,1.000,0.0481,0.64
2768,es_step,4000,0.0818,0.906,0.0481,2.63
2769,replay,4000,-0.0575,1.000,0.0479,0.63
2770,replay,4000,0.0950,1.000,0.0478,0.63
2771,replay,4000,0.1304,1.000,0.0480,0.63
2772,es_step,4000,0.0968,1.000,0.0480,2.62
2773,replay,4000,0.1388,1.000,0.0480,0.63
2774,replay,4000,0.1351,1.000,0.0481,0.64
2775,replay,4000,0.1348,1.000,0.0482,0.64
2776,replay,4000,0.1802,1.000,0.0482,0.64
2777,replay,4000,0.1308,1.000,0.0482,0.63
2778,replay,4000,0.1009,1.000,0.0482,0.63
2779,replay,4000,0.0865,1.000,0.0480,0.63
2780,replay,4000,0.0454,1.000,0.0481,0.64
2781,replay,4000,0.0625,1.000,0.0478,0.64
2782,replay,4000,0.0831,1.000,0.0478,0.63
2783,replay,4000,0.0770,1.000,0.0479,0.64
2784,replay,4000,0.0803,1.000,0.0477,0.64
2785,replay,4000,0.0277,1.000,0.0477,0.64
2786,replay,4000,0.0837,1.000,0.0476,0.63
2787,replay,4000,0.0955,1.000,0.0475,0.63
2788,replay,4000,0.0801,1.000,0.0474,0.63
2789,replay,4000,0.1393,1.000,0.0474,0.63
2790,replay,4000,0.1336,1.000,0.0472,0.63
2791,replay,4000,0.1028,1.000,0.0473,0.63
2792,replay,4000,0.0969,1.000,0.0472,0.63
2793,replay,4000,0.0965,1.000,0.0471,0.64
2794,replay,4000,0.1526,1.000,0.0473,0.64
2795,replay,4000,0.1658,1.000,0.0473,0.64
2796,replay,4000,0.1377,1.000,0.0474,0.64
2797,es_step,4000,0.0783,1.000,0.0474,2.65
2798,replay,4000,0.0959,1.000,0.0474,0.64
2799,replay,4000,0.0156,1.000,0.0472,0.64
2800,es_step,4000,0.0627,1.000,0.0472,2.65
2801,es_step,4000,0.0615,0.938,0.0472,2.66
2802,es_step,4000,0.0546,0.969,0.0472,2.65
2803,es_step,4000,0.0572,1.000,0.0472,2.66
2804,replay,4000,0.0314,1.000,0.0469,0.64
2805,es_step,4000,0.0968,0.969,0.0469,2.65
2806,replay,4000,0.0765,1.000,0.0469,0.63
2807,replay,4000,0.1374,1.000,0.0469,0.64
2808,replay,4000,0.0654,1.000,0.0469,0.64
2809,replay,4000,0.1748,1.000,0.0469,0.63
2810,replay,4000,0.1600,1.000,0.0470,0.64
2811,replay,4000,0.1424,1.000,0.0471,0.64
2812,es_step,4000,0.1040,0.969,0.0471,2.66
2813,es_step,4000,0.1020,1.000,0.0471,2.65
2814,replay,4000,0.1118,1.000,0.0471,0.63
2815,replay,4000,0.0874,1.000,0.0470,0.63
2816,replay,4000,0.0777,1.000,0.0469,0.63
2817,replay,4000,0.0220,1.000,0.0467,0.63
2818,replay,4000,-0.0971,1.000,0.0464,0.63
2819,replay,4000,0.0598,1.000,0.0463,0.63
2820,replay,4000,0.1655,1.000,0.0463,0.63
2821,replay,4000,0.1568,1.000,0.0466,0.63
2822,replay,4000,0.0173,1.000,0.0465,0.64
2823,replay,4000,0.2120,1.000,0.0466,0.64
2824,replay,4000,0.2096,1.000,0.0468,0.64
2825,replay,4000,0.1720,1.000,0.0468,0.63
2826,replay,4000,0.0973,1.000,0.0467,0.63
2827,es_step,4000,0.0736,1.000,0.0467,2.63
2828,replay,4000,0.0572,1.000,0.0466,0.63
2829,replay,4000,0.0773,1.000,0.0465,0.63
2830,replay,4000,0.0531,1.000,0.0464,0.63
2831,replay,4000,0.0654,1.000,0.0462,0.63
2832,replay,4000,0.0677,1.000,0.0460,0.64
2833,replay,4000,0.0463,1.000,0.0457,0.63
2834,replay,4000,0.0567,1.000,0.0457,0.64
2835,replay,4000,0.1233,1.000,0.0459,0.64
2836,replay,4000,0.0618,1.000,0.0458,0.64
2837,replay,4000,0.1180,1.000,0.0458,0.64
2838,es_step,4000,0.0919,0.969,0.0458,2.66
2839,replay,4000,0.1158,1.000,0.0457,0.64
2840,replay,4000,0.0817,1.000,0.0456,0.64
2841,replay,4000,0.0525,1.000,0.0455,0.64
2842,replay,4000,0.0807,1.000,0.0455,0.64
2843,replay,4000,0.0886,1.000,0.0455,0.64
2844,replay,4000,0.1087,1.000,0.0454,0.64
2845,replay,4000,0.1267,1.000,0.0454,0.64
2846,replay,4000,0.0754,1.000,0.0455,0.64
2847,replay,4000,0.0721,1.000,0.0454,0.64
2848,replay,4000,0.0839,1.000,0.0454,0.64
2849,es_step,4000,0.0219,0.969,0.0454,2.68
2850,replay,4000,-0.0212,1.000,0.0451,0.64
2851,replay,4000,0.0414,1.000,0.0449,0.64
2852,replay,4000,0.0445,1.000,0.0448,0.64
2853,es_step,4000,0.0506,1.000,0.0448,2.67
2854,replay,4000,0.0407,1.000,0.0447,0.64
2855,replay,4000,0.1041,1.000,0.0447,0.64
2856,replay,4000,0.0859,1.000,0.0446,0.64
2857,es_step,4000,0.0754,1.000,0.0446,2.68
2858,replay,4000,0.0890,1.000,0.0446,0.64
2859,replay,4000,0.1398,1.000,0.0446,0.64
2860,replay,4000,0.1057,1.000,0.0446,0.64
2861,replay,4000,0.1086,1.000,0.0447,0.64
2862,replay,4000,0.1117,1.000,0.0447,0.64
2863,replay,4000,0.1487,1.000,0.0448,0.64
2864,es_step,4000,0.1127,1.000,0.0448,2.66
2865,replay,4000,0.1777,1.000,0.0449,0.64
2866,replay,4000,0.1786,1.000,0.0452,0.64
2867,replay,4000,0.2371,1.000,0.0453,0.64
2868,replay,4000,0.1834,1.000,0.0453,0.64
2869,replay,4000,0.1852,1.000,0.0455,0.64
2870,replay,4000,0.1390,1.000,0.0455,0.64
2871,replay,4000,0.1007,1.000,0.0456,0.64
2872,replay,4000,0.1484,1.000,0.0457,0.64
2873,replay,4000,0.1160,1.000,0.0457,0.64
2874,replay,4000,0.0592,1.000,0.0457,0.65
2875,replay,4000,-0.0203,1.000,0.0456,0.64
2876,es_step,4000,0.1120,1.000,0.0456,2.68
2877,replay,4000,0.0913,1.000,0.0457,0.64
2878,es_step,4000,0.1397,1.000,0.0462,2.67
2879,es_step,4000,0.1353,1.000,0.0464,2.67
2880,replay,4000,0.1637,1.000,0.0468,0.64
2881,replay,4000,0.1958,1.000,0.0469,0.64
2882,replay,4000,0.1461,1.000,0.0470,0.64
2883,replay,4000,-0.1145,1.000,0.0468,0.64
2884,replay,4000,0.1387,1.000,0.0468,0.64
2885,es_step,4000,0.1197,1.000,0.0468,2.67
2886,replay,4000,0.1386,1.000,0.0469,0.64
2887,replay,4000,0.1074,1.000,0.0468,0.64
2888,replay,4000,0.0766,1.000,0.0467,0.64
2889,replay,4000,0.0874,1.000,0.0468,0.65
2890,es_step,4000,0.0550,1.000,0.0468,2.68
2891,replay,4000,0.0639,1.000,0.0467,0.65
2892,es_step,4000,0.0420,1.000,0.0467,2.67
2893,replay,4000,0.0307,1.000,0.0464,0.64
2894,replay,4000,0.0541,1.000,0.0462,0.64
2895,replay,4000,0.0486,1.000,0.0460,0.64
2896,replay,4000,-0.1344,1.000,0.0459,0.64
2897,es_step,4000,0.0883,1.000,0.0459,2.68
2898,replay,4000,0.0766,1.000,0.0459,0.64
2899,replay,4000,0.1200,1.000,0.0460,0.64
2900,replay,4000,0.1350,1.000,0.0463,0.64
2901,replay,4000,0.1025,1.000,0.0465,0.64
2902,es_step,4000,0.0622,1.000,0.0465,2.67
2903,replay,4000,0.1092,1.000,0.0465,0.64
2904,es_step,4000,0.0621,1.000,0.0465,2.68
2905,replay,4000,0.0137,1.000,0.0464,0.64
2906,es_step,4000,0.0999,1.000,0.0465,2.68
2907,es_step,4000,0.0968,1.000,0.0465,2.66
2908,replay,4000,0.1884,1.000,0.0466,0.64
2909,es_step,4000,0.1116,1.000,0.0466,2.68
2910,replay,4000,0.1711,1.000,0.0468,0.64
2911,replay,4000,0.2097,1.000,0.0470,0.64
2912,replay,4000,0.1852,1.000,0.0471,0.64
2913,replay,4000,0.1439,1.000,0.0472,0.65
2914,replay,4000,0.1176,1.000,0.0473,0.65
2915,es_step,4000,0.0886,1.000,0.0473,2.68
2916,replay,4000,0.1430,1.000,0.0473,0.64
2917,es_step,4000,0.1014,0.938,0.0473,2.67
2918,replay,4000,0.1440,1.000,0.0477,0.65
2919,replay,4000,0.1765,1.000,0.0477,0.63
2920,es_step,4000,0.1156,0.969,0.0477,4.93
2921,replay,4000,0.1542,1.000,0.0479,0.64
2922,replay,4000,0.1489,1.000,0.0480,0.64
2923,replay,4000,0.1704,1.000,0.0481,0.64
2924,es_step,4000,0.1234,0.969,0.0481,2.67
2925,replay,4000,0.1453,1.000,0.0482,0.63
2926,replay,4000,0.1322,1.000,0.0484,0.64
2927,replay,4000,0.1345,1.000,0.0484,0.64
2928,replay,4000,0.1212,1.000,0.0484,0.64
2929,es_step,4000,0.0862,0.969,0.0484,2.67
2930,replay,4000,0.1032,1.000,0.0483,0.64
2931,replay,4000,0.1500,1.000,0.0485,0.64
2932,replay,4000,0.1246,1.000,0.0484,0.64
2933,replay,4000,0.1424,1.000,0.0485,0.64
2934,replay,4000,0.0915,1.000,0.0484,0.64
2935,replay,4000,0.1286,1.000,0.0485,0.64
2936,replay,4000,0.1353,1.000,0.0484,0.64
2937,replay,4000,0.1315,1.000,0.0485,0.64
2938,replay,4000,0.1571,1.000,0.0487,0.64
2939,replay,4000,0.1469,1.000,0.0489,0.64
2940,es_step,4000,0.0999,0.969,0.0489,2.66
2941,replay,4000,0.0802,1.000,0.0489,0.64
2942,es_step,4000,0.0786,1.000,0.0490,2.65
2943,replay,4000,0.0094,1.000,0.0486,0.63
2944,replay,4000,0.0536,1.000,0.0484,0.63
2945,replay,4000,0.0687,1.000,0.0483,0.63
2946,replay,4000,0.0560,1.000,0.0482,0.63
2947,replay,4000,0.0633,1.000,0.0481,0.63
2948,replay,4000,0.0751,1.000,0.0481,0.63
2949,replay,4000,0.1414,1.000,0.0480,0.64
2950,replay,4000,0.1001,1.000,0.0479,0.64
2951,replay,4000,0.1038,1.000,0.0478,0.63
2952,replay,4000,0.1250,1.000,0.0479,0.63
2953,replay,4000,0.0974,1.000,0.0481,0.63
2954,replay,4000,0.0896,1.000,0.0481,0.63
2955,replay,4000,0.0937,1.000,0.0480,0.63
2956,replay,4000,0.0957,1.000,0.0480,0.63
2957,es_step,4000,0.0883,0.969,0.0480,2.64
2958,es_step,4000,0.0874,0.969,0.0480,2.65
2959,replay,4000,0.1312,1.000,0.0480,0.64
2960,replay,4000,0.1094,1.000,0.0479,0.63
2961,replay,4000,0.1118,1.000,0.0479,0.63
2962,es_step,4000,0.0531,0.906,0.0479,2.64
2963,replay,4000,0.0970,1.000,0.0478,0.63
2964,replay,4000,0.0265,1.000,0.0477,0.63
2965,replay,4000,0.0506,1.000,0.0475,0.63
2966,replay,4000,0.1081,1.000,0.0473,0.63
2967,es_step,4000,0.0590,0.938,0.0474,2.63
2968,replay,4000,0.1058,1.000,0.0474,0.63
2969,replay,4000,0.1191,1.000,0.0475,0.63
2970,replay,4000,0.0828,1.000,0.0476,0.63
2971,es_step,4000,0.0784,0.969,0.0476,2.63
2972,replay,4000,0.1353,1.000,0.0477,0.64
2973,replay,4000,0.1567,1.000,0.0478,0.64
2974,es_step,4000,0.1055,0.938,0.0479,2.63
2975,es_step,4000,0.0986,0.906,0.0479,2.64
2976,replay,4000,0.1298,1.000,0.0481,0.64
2977,es_step,4000,0.1024,0.906,0.0481,2.63
2978,replay,4000,0.1531,1.000,0.0481,0.64
2979,es_step,4000,0.0942,0.969,0.0481,2.64
2980,replay,4000,0.1025,1.000,0.0480,0.63
2981,es_step,4000,0.0943,0.938,0.0480,2.64
2982,replay,4000,0.1153,1.000,0.0481,0.63
2983,replay,4000,0.0555,1.000,0.0478,0.63
2984,replay,4000,0.0762,1.000,0.0478,0.63
2985,replay,4000,0.0673,1.000,0.0477,0.63
2986,es_step,4000,0.0549,0.844,0.0477,2.64
2987,replay,4000,0.1163,1.000,0.0477,0.64
2988,replay,4000,0.0993,1.000,0.0479,0.63
2989,es_step,4000,0.0819,0.938,0.0479,2.63
2990,replay,4000,0.1257,1.000,0.0478,0.63
2991,replay,4000,0.1396,1.000,0.0478,0.63
2992,replay,4000,0.1333,1.000,0.0478,0.63
2993,replay,4000,0.1373,1.000,0.0479,0.63
2994,replay,4000,0.1318,1.000,0.0481,0.63
2995,es_step,4000,0.0635,1.000,0.0481,2.64
2996,es_step,4000,0.0618,1.000,0.0481,2.64
2997,replay,4000,0.0338,1.000,0.0479,0.63
2998,replay,4000,0.0855,1.000,0.0478,0.63
2999,es_step,4000,0.0541,1.000,0.0478,2.64
3000,es_step,4000,0.0488,1.000,0.0478,2.63
3001,replay,4000,0.0769,1.000,0.0477,0.63
3002,es_step,4000,0.0323,1.000,0.0477,2.62
3003,replay,4000,0.0714,1.000,0.0477,0.64
3004,replay,4000,0.0818,1.000,0.0476,0.63
3005,es_step,4000,0.0399,1.000,0.0476,2.62
3006,replay,4000,0.0521,1.000,0.0474,0.63
3007,replay,4000,0.1127,1.000,0.0473,0.63
3008,replay,4000,0.1380,1.000,0.0474,0.63
3009,es_step,4000,0.0875,1.000,0.0474,2.63
3010,replay,4000,0.2201,1.000,0.0474,0.63
3011,es_step,4000,0.1000,1.000,0.0474,2.62
3012,replay,4000,0.1911,1.000,0.0474,0.64
3013,replay,4000,0.1849,1.000,0.0476,0.64
3014,replay,4000,0.1777,1.000,0.0477,0.63
3015,es_step,4000,0.1136,1.000,0.0478,2.64
3016,replay,4000,0.1312,1.000,0.0479,0.64
3017,replay,4000,0.1328,1.000,0.0479,0.64
3018,es_step,4000,0.1010,1.000,0.0479,2.66
3019,replay,4000,0.1117,1.000,0.0478,0.64
3020,replay,4000,0.0743,1.000,0.0477,0.64
3021,es_step,4000,0.0585,1.000,0.0477,2.65
3022,replay,4000,0.0718,1.000,0.0475,0.64
3023,es_step,4000,0.0525,1.000,0.0475,2.64
3024,replay,4000,0.0328,1.000,0.0473,0.63
3025,replay,4000,0.0805,1.000,0.0472,0.64
3026,replay,4000,0.0763,1.000,0.0472,0.63
3027,replay,4000,0.1329,1.000,0.0471,0.64
3028,replay,4000,0.1351,1.000,0.0470,0.64
3029,replay,4000,0.1115,1.000,0.0470,0.65
3030,replay,4000,0.0853,1.000,0.0472,0.65
3031,replay,4000,0.0647,1.000,0.0471,0.64
3032,replay,4000,0.1066,1.000,0.0471,0.64
3033,es_step,4000,0.1103,1.000,0.0471,2.67
3034,replay,4000,0.1932,1.000,0.0472,0.63
3035,replay,4000,0.1607,1.000,0.0474,0.63
3036,replay,4000,0.1564,1.000,0.0474,0.62
3037,replay,4000,0.1308,1.000,0.0475,0.62
3038,replay,4000,0.1533,1.000,0.0476,0.62
3039,replay,4000,0.1354,1.000,0.0476,0.62
3040,replay,4000,0.1002,1.000,0.0475,0.62
3041,replay,4000,0.0499,1.000,0.0474,0.62
3042,replay,4000,0.0684,1.000,0.0473,0.62
3043,replay,4000,0.1476,1.000,0.0472,0.62
3044,replay,4000,0.1451,1.000,0.0474,0.63
3045,es_step,4000,0.1028,1.000,0.0474,2.63
3046,replay,4000,-0.1747,1.000,0.0472,0.64
3047,replay,4000,0.1593,1.000,0.0473,0.63
3048,replay,4000,0.1690,1.000,0.0474,0.62
3049,replay,4000,0.0270,1.000,0.0473,0.62
3050,es_step,4000,0.0268,1.000,0.0473,2.61
3051,replay,4000,0.0554,1.000,0.0472,0.62
3052,replay,4000,0.0486,1.000,0.0470,0.62
3053,replay,4000,0.0326,1.000,0.0469,0.62
3054,replay,4000,0.0540,1.000,0.0467,0.62
3055,replay,4000,0.0540,1.000,0.0466,0.62
3056,replay,4000,0.0081,1.000,0.0465,0.63
3057,replay,4000,0.1017,1.000,0.0465,0.63
3058,replay,4000,0.0896,1.000,0.0464,0.63
3059,replay,4000,0.0852,1.000,0.0463,0.63
3060,replay,4000,0.0693,1.000,0.0463,0.63
3061,replay,4000,0.1146,1.000,0.0463,0.63
3062,replay,4000,0.0951,1.000,0.0462,0.63
3063,replay,4000,0.1283,1.000,0.0462,0.63
3064,replay,4000,0.0916,1.000,0.0462,0.63
3065,replay,4000,0.1221,1.000,0.0462,0.63
3066,replay,4000,0.1238,1.000,0.0462,0.63
3067,replay,4000,0.1058,1.000,0.0464,0.64
3068,replay,4000,0.1038,1.000,0.0464,0.64
3069,replay,4000,0.1217,1.000,0.0465,0.64
3070,es_step,4000,0.1117,1.000,0.0465,2.64
3071,replay,4000,0.1497,1.000,0.0466,0.63
3072,replay,4000,0.1489,1.000,0.0469,0.64
3073,replay,4000,0.1652,1.000,0.0471,0.64
3074,replay,4000,0.0722,1.000,0.0471,0.64
3075,replay,4000,0.1914,1.000,0.0471,0.64
3076,replay,4000,0.2016,1.000,0.0474,0.64
3077,replay,4000,0.1877,1.000,0.0476,0.63
3078,replay,4000,0.1109,1.000,0.0477,0.63
3079,replay,4000,0.1126,1.000,0.0477,0.63
3080,replay,4000,0.0876,1.000,0.0476,0.64
3081,es_step,4000,0.0473,1.000,0.0476,2.65
3082,replay,4000,0.0574,1.000,0.0474,0.63
3083,replay,4000,0.0627,1.000,0.0472,0.63
3084,replay,4000,0.0849,1.000,0.0471,0.63
3085,es_step,4000,0.0794,1.000,0.0471,2.65
3086,replay,4000,0.0616,1.000,0.0471,0.64
3087,es_step,4000,0.0760,1.000,0.0471,2.65
3088,replay,4000,0.1009,1.000,0.0471,0.64
3089,replay,4000,0.1202,1.000,0.0472,0.64
3090,replay,4000,0.1062,1.000,0.0471,0.64
3091,replay,4000,0.1195,1.000,0.0472,0.64
3092,es_step,4000,0.0790,1.000,0.0472,2.65
3093,replay,4000,0.1463,1.000,0.0472,0.63
3094,replay,4000,0.1581,1.000,0.0473,0.63
3095,replay,4000,0.2033,1.000,0.0474,0.64
3096,replay,4000,0.1877,1.000,0.0475,0.63
3097,replay,4000,0.1583,1.000,0.0475,0.64
3098,replay,4000,0.1382,1.000,0.0477,0.64
3099,replay,4000,0.0626,1.000,0.0477,0.64
3100,replay,4000,0.0633,1.000,0.0476,0.64
3101,replay,4000,0.1008,1.000,0.0476,0.63
3102,replay,4000,0.0774,1.000,0.0476,0.64
3103,replay,4000,0.0377,1.000,0.0474,0.64
3104,es_step,4000,0.0521,1.000,0.0474,2.64
3105,replay,4000,0.0492,1.000,0.0474,0.64
3106,replay,4000,0.0412,1.000,0.0472,0.63
3107,replay,4000,0.0576,1.000,0.0470,0.63
3108,replay,4000,0.0594,1.000,0.0469,0.63
3109,replay,4000,0.1358,1.000,0.0469,0.63
3110,replay,4000,0.1131,1.000,0.0469,0.63
3111,replay,4000,0.0966,1.000,0.0471,0.63
3112,replay,4000,0.1182,1.000,0.0473,0.63
3113,es_step,4000,0.0885,1.000,0.0473,2.65
3114,replay,4000,0.0979,1.000,0.0472,0.63
3115,replay,4000,0.0745,1.000,0.0473,0.63
3116,es_step,4000,0.1099,0.969,0.0473,2.64
3117,es_step,4000,0.1086,1.000,0.0473,2.62
3118,replay,4000,0.1377,1.000,0.0474,0.63
3119,replay,4000,0.1084,1.000,0.0475,0.63
3120,replay,4000,0.2109,1.000,0.0477,0.63
3121,replay,4000,0.2265,1.000,0.0478,0.63
3122,replay,4000,0.1871,1.000,0.0479,0.64
3123,es_step,4000,0.1117,0.938,0.0479,2.64
3124,replay,4000,0.1523,1.000,0.0480,0.63
3125,replay,4000,0.0748,1.000,0.0479,0.63
3126,replay,4000,0.0854,1.000,0.0479,0.63
3127,es_step,4000,0.0515,0.875,0.0479,2.64
3128,replay,4000,0.0744,1.000,0.0478,0.63
3129,replay,4000,0.0558,1.000,0.0478,0.63
3130,es_step,4000,0.0771,0.906,0.0478,2.63
3131,replay,4000,0.0912,1.000,0.0477,0.63
3132,replay,4000,0.1009,1.000,0.0478,0.63
3133,replay,4000,0.0645,1.000,0.0478,0.63
3134,es_step,4000,0.0696,1.000,0.0478,2.62
3135,replay,4000,0.0714,1.000,0.0478,0.63
3136,replay,4000,0.0931,1.000,0.0479,0.63
3137,replay,4000,0.1264,1.000,0.0479,0.63
3138,replay,4000,0.1189,1.000,0.0481,0.63
3139,replay,4000,0.1313,1.000,0.0482,0.63
3140,replay,4000,0.0776,1.000,0.0480,0.63
3141,replay,4000,0.1143,1.000,0.0480,0.63
3142,es_step,4000,0.0807,0.938,0.0480,2.62
3143,replay,4000,0.1093,1.000,0.0480,0.63
3144,replay,4000,0.1178,1.000,0.0481,0.63
3145,replay,4000,0.1184,1.000,0.0480,0.63
3146,replay,4000,0.1012,1.000,0.0481,0.63
3147,replay,4000,0.0593,1.000,0.0480,0.63
3148,replay,4000,0.0621,1.000,0.0480,0.63
3149,replay,4000,0.0915,1.000,0.0479,0.63
3150,replay,4000,0.1300,1.000,0.0480,0.63
3151,replay,4000,0.1700,1.000,0.0482,0.63
3152,es_step,4000,0.0781,1.000,0.0482,2.63
3153,replay,4000,0.1177,1.000,0.0482,0.64
3154,replay,4000,0.0942,1.000,0.0482,0.63
3155,replay,4000,0.0469,1.000,0.0479,0.63
3156,replay,4000,0.0548,1.000,0.0477,0.63
3157,replay,4000,0.0086,1.000,0.0473,0.63
3158,replay,4000,0.0568,1.000,0.0472,0.63
3159,replay,4000,0.0781,1.000,0.0472,0.63
3160,replay,4000,0.0660,1.000,0.0471,0.64
3161,replay,4000,0.1113,1.000,0.0472,0.64
3162,replay,4000,0.0539,1.000,0.0471,0.64
3163,replay,4000,0.0524,1.000,0.0469,0.64
3164,replay,4000,0.0525,1.000,0.0468,0.64
3165,replay,4000,0.0466,1.000,0.0466,0.64
3166,es_step,4000,0.0368,1.000,0.0466,2.66
3167,replay,4000,0.0743,1.000,0.0465,0.64
3168,replay,4000,0.1029,1.000,0.0465,0.64
3169,es_step,4000,0.0702,1.000,0.0465,2.65
3170,replay,4000,0.0588,1.000,0.0465,0.64
3171,replay,4000,0.1109,1.000,0.0467,0.64
3172,replay,4000,0.0746,1.000,0.0470,0.64
3173,es_step,4000,0.1044,1.000,0.0470,5.00
3174,replay,4000,0.0727,1.000,0.0472,0.64
3175,es_step,4000,0.1091,0.969,0.0474,2.66
3176,replay,4000,0.1787,1.000,0.0475,0.64
3177,replay,4000,0.1081,1.000,0.0476,0.63
3178,replay,4000,0.1518,1.000,0.0479,0.64
3179,replay,4000,0.2130,1.000,0.0482,0.64
3180,replay,4000,0.1685,1.000,0.0483,0.64
3181,replay,4000,0.1725,1.000,0.0484,0.64
3182,replay,4000,0.1901,1.000,0.0486,0.64
3183,replay,4000,0.1868,1.000,0.0489,0.64
3184,replay,4000,0.1979,1.000,0.0490,0.64
3185,replay,4000,0.0989,1.000,0.0491,0.64
3186,replay,4000,0.1097,1.000,0.0493,0.64
3187,replay,4000,0.0875,1.000,0.0493,0.64
3188,replay,4000,0.0807,1.000,0.0494,0.64
3189,es_step,4000,0.0496,0.938,0.0494,2.67
3190,es_step,4000,0.0488,1.000,0.0494,2.67
3191,es_step,4000,0.0544,1.000,0.0494,2.67
3192,replay,4000,0.0498,1.000,0.0492,0.64
3193,es_step,4000,0.0661,1.000,0.0493,2.66
3194,es_step,4000,0.0634,0.969,0.0493,2.66
3195,replay,4000,0.0677,1.000,0.0492,0.64
3196,es_step,4000,0.0561,1.000,0.0492,2.67
3197,es_step,4000,0.0605,1.000,0.0492,2.66
3198,replay,4000,0.0538,1.000,0.0491,0.64
3199,replay,4000,0.0762,1.000,0.0490,0.64
3200,replay,4000,0.0796,1.000,0.0490,0.64
3201,replay,4000,0.0825,1.000,0.0489,0.64
3202,replay,4000,0.1061,1.000,0.0489,0.64
3203,es_step,4000,0.1025,1.000,0.0492,2.63
3204,replay,4000,0.1151,1.000,0.0492,0.63
3205,replay,4000,0.1392,1.000,0.0492,0.64
3206,es_step,4000,0.0882,1.000,0.0492,2.63
3207,replay,4000,0.1059,1.000,0.0490,0.63
3208,replay,4000,0.0938,1.000,0.0491,0.64
3209,replay,4000,0.0896,1.000,0.0492,0.64
3210,replay,4000,0.1010,1.000,0.0492,0.63
3211,replay,4000,0.1014,1.000,0.0492,0.63
3212,es_step,4000,0.0648,1.000,0.0492,2.64
3213,replay,4000,0.0496,1.000,0.0491,0.64
3214,replay,4000,0.0893,1.000,0.0491,0.64
3215,replay,4000,0.0624,1.000,0.0490,0.64
3216,replay,4000,0.0780,1.000,0.0490,0.65
3217,replay,4000,0.1153,1.000,0.0490,0.65
3218,replay,4000,0.1404,1.000,0.0489,0.64
3219,es_step,4000,0.0802,1.000,0.0489,2.69
3220,replay,4000,0.1643,1.000,0.0489,0.64
3221,replay,4000,0.1334,1.000,0.0489,0.64
3222,replay,4000,0.0859,1.000,0.0488,0.64
3223,es_step,4000,0.0800,1.000,0.0489,2.68
3224,replay,4000,0.0534,1.000,0.0487,0.64
3225,replay,4000,0.0952,1.000,0.0487,0.64
3226,replay,4000,0.1080,1.000,0.0487,0.64
3227,es_step,4000,0.0876,1.000,0.0488,2.69
3228,replay,4000,0.0903,1.000,0.0488,0.64
3229,es_step,4000,0.0912,1.000,0.0488,2.68
3230,es_step,4000,0.0856,1.000,0.0488,2.66
3231,replay,4000,0.0656,1.000,0.0487,0.64
3232,replay,4000,0.0782,1.000,0.0487,0.65
3233,replay,4000,0.1007,1.000,0.0486,0.65
3234,es_step,4000,0.0712,1.000,0.0486,2.69
3235,replay,4000,0.0943,1.000,0.0485,0.64
3236,replay,4000,0.0536,1.000,0.0484,0.65
3237,replay,4000,0.0252,1.000,0.0482,0.65
3238,replay,4000,0.0159,1.000,0.0480,0.65
3239,replay,4000,0.0122,1.000,0.0479,0.65
3240,es_step,4000,0.0375,1.000,0.0479,2.70
3241,replay,4000,0.0526,1.000,0.0479,0.65
3242,replay,4000,0.0996,1.000,0.0479,0.65
3243,replay,4000,0.1272,1.000,0.0478,0.65
3244,replay,4000,0.0333,1.000,0.0476,0.65
3245,replay,4000,0.0477,1.000,0.0479,0.65
3246,replay,4000,0.0644,1.000,0.0479,0.65
3247,replay,4000,0.0950,1.000,0.0479,0.65
3248,es_step,4000,0.0613,1.000,0.0479,2.70
3249,replay,4000,0.0993,1.000,0.0479,0.65
3250,replay,4000,0.0988,1.000,0.0478,0.65
3251,es_step,4000,0.0503,1.000,0.0478,2.69
3252,replay,4000,0.0701,1.000,0.0476,0.65
3253,replay,4000,0.0718,1.000,0.0475,0.65
3254,replay,4000,0.0783,1.000,0.0476,0.66
3255,replay,4000,0.0284,1.000,0.0476,0.65
3256,es_step,4000,0.0311,1.000,0.0476,2.72
3257,replay,4000,0.1645,1.000,0.0477,0.65
3258,es_step,4000,0.0470,1.000,0.0477,2.72
3259,replay,4000,0.1781,1.000,0.0477,0.65
3260,es_step,4000,0.0679,1.000,0.0477,2.66
3261,replay,4000,0.1833,1.000,0.0476,0.62
3262,replay,4000,0.1050,1.000,0.0476,0.62
3263,replay,4000,0.0965,1.000,0.0477,0.62
3264,replay,4000,0.0953,1.000,0.0478,0.62
3265,replay,4000,0.0753,1.000,0.0477,0.62
3266,replay,4000,0.1287,1.000,0.0477,0.62
3267,es_step,4000,0.1210,1.000,0.0478,2.58
3268,replay,4000,0.1217,1.000,0.0478,0.63
3269,replay,4000,0.1406,1.000,0.0478,0.64
3270,es_step,4000,0.0371,1.000,0.0478,2.67
3271,replay,4000,0.0675,1.000,0.0476,0.65
3272,replay,4000,0.0212,1.000,0.0474,0.65
3273,es_step,4000,-0.0176,1.000,0.0474,2.68
3274,replay,4000,-0.0095,1.000,0.0472,0.65
3275,replay,4000,0.0387,1.000,0.0470,0.65
3276,replay,4000,0.0058,1.000,0.0467,0.65
3277,replay,4000,0.0452,1.000,0.0466,0.65
3278,replay,4000,0.0469,1.000,0.0466,0.65
3279,replay,4000,0.0630,1.000,0.0465,0.65
3280,es_step,4000,0.0333,1.000,0.0465,2.71
3281,replay,4000,0.1315,1.000,0.0466,0.65
3282,replay,4000,0.0789,1.000,0.0464,0.65
3283,replay,4000,0.1446,1.000,0.0464,0.65
3284,replay,4000,0.1363,1.000,0.0464,0.65
3285,replay,4000,0.1155,1.000,0.0465,0.65
3286,es_step,4000,0.0498,0.938,0.0466,2.70
3287,replay,4000,0.0395,1.000,0.0464,0.65
3288,replay,4000,0.0827,1.000,0.0463,0.65
3289,replay,4000,0.0516,1.000,0.0462,0.65
3290,replay,4000,0.0627,1.000,0.0461,0.65
3291,replay,4000,0.0566,1.000,0.0459,0.65
3292,replay,4000,0.0431,1.000,0.0460,0.65
3293,replay,4000,0.0815,1.000,0.0461,0.65
3294,replay,4000,0.1220,1.000,0.0461,0.65
3295,replay,4000,0.1310,1.000,0.0461,0.65
3296,replay,4000,0.0853,1.000,0.0459,0.65
3297,replay,4000,0.0614,1.000,0.0457,0.65
3298,replay,4000,0.0666,1.000,0.0457,0.65
3299,replay,4000,0.1028,1.000,0.0456,0.65
3300,es_step,4000,0.0920,1.000,0.0456,2.70
3301,replay,4000,0.1345,1.000,0.0458,0.65
3302,replay,4000,0.1355,1.000,0.0459,0.65
3303,es_step,4000,0.0825,1.000,0.0459,2.69
3304,replay,4000,0.1148,1.000,0.0460,0.65
3305,es_step,4000,0.0650,1.000,0.0461,2.68
3306,replay,4000,-0.0144,1.000,0.0461,0.64
3307,replay,4000,0.1103,1.000,0.0462,0.65
3308,replay,4000,0.1807,1.000,0.0463,0.66
3309,replay,4000,0.1672,1.000,0.0464,0.66
3310,replay,4000,0.1395,1.000,0.0465,0.66
3311,replay,4000,0.1509,1.000,0.0466,0.66
3312,replay,4000,0.1322,1.000,0.0467,0.65
3313,replay,4000,0.0871,1.000,0.0466,0.66
3314,replay,4000,0.1429,1.000,0.0467,0.66
3315,replay,4000,0.1049,1.000,0.0465,0.66
3316,replay,4000,0.0849,1.000,0.0465,0.66
3317,replay,4000,0.0597,1.000,0.0463,0.67
3318,replay,4000,0.0359,1.000,0.0462,0.66
3319,replay,4000,0.0326,1.000,0.0461,0.66
3320,es_step,4000,0.0221,1.000,0.0461,2.77
3321,replay,4000,0.0734,1.000,0.0460,0.66
3322,replay,4000,0.0211,1.000,0.0458,0.66
3323,replay,4000,0.1009,1.000,0.0457,0.65
3324,replay,4000,0.0249,1.000,0.0457,0.66
3325,replay,4000,0.0953,1.000,0.0456,0.65
3326,replay,4000,0.1291,1.000,0.0456,0.66
3327,replay,4000,0.1201,1.000,0.0456,0.66
3328,replay,4000,0.1283,1.000,0.0456,0.66
3329,replay,4000,0.0884,1.000,0.0458,0.67
3330,replay,4000,0.1378,1.000,0.0458,0.66
3331,replay,4000,0.1296,1.000,0.0459,0.66
3332,es_step,4000,0.0940,0.938,0.0459,2.74
3333,replay,4000,0.1063,1.000,0.0458,0.66
3334,replay,4000,0.0921,1.000,0.0458,0.66
3335,replay,4000,0.1244,1.000,0.0459,0.66
3336,replay,4000,0.1070,1.000,0.0458,0.66
3337,es_step,4000,0.0848,0.875,0.0458,2.75
3338,replay,4000,0.0923,1.000,0.0459,0.65
3339,replay,4000,0.0815,1.000,0.0460,0.65
3340,es_step,4000,0.0479,0.906,0.0460,2.73
3341,replay,4000,0.0649,1.000,0.0459,0.66
3342,replay,4000,0.0325,1.000,0.0457,0.66
3343,replay,4000,0.0395,1.000,0.0456,0.65
3344,replay,4000,0.0747,1.000,0.0456,0.65
3345,replay,4000,0.0442,1.000,0.0455,0.65
3346,es_step,4000,0.0519,0.938,0.0455,2.73
3347,replay,4000,0.0732,1.000,0.0455,0.65
3348,es_step,4000,0.0433,1.000,0.0455,2.74
3349,replay,4000,0.0866,1.000,0.0454,0.66
3350,es_step,4000,0.0304,1.000,0.0454,2.73
3351,es_step,4000,0.0280,1.000,0.0454,2.71
3352,replay,4000,0.0461,1.000,0.0454,0.65
3353,replay,4000,0.0147,1.000,0.0451,0.65
3354,replay,4000,0.0699,1.000,0.0450,0.65
3355,replay,4000,0.0775,1.000,0.0449,0.65
3356,replay,4000,0.0803,1.000,0.0448,0.65
3357,replay,4000,0.0700,1.000,0.0447,0.65
3358,replay,4000,0.0948,1.000,0.0446,0.65
3359,replay,4000,0.1024,1.000,0.0446,0.65
3360,replay,4000,0.1030,1.000,0.0448,0.65
3361,replay,4000,0.0646,1.000,0.0447,0.65
3362,replay,4000,0.0795,1.000,0.0447,0.64
3363,replay,4000,0.1282,1.000,0.0448,0.65
3364,es_step,4000,0.0873,0.969,0.0448,2.70
3365,replay,4000,0.1494,1.000,0.0449,0.65
3366,replay,4000,0.1352,1.000,0.0450,0.65
3367,es_step,4000,0.0912,0.969,0.0450,2.70
3368,replay,4000,0.1105,1.000,0.0451,0.65
3369,replay,4000,0.1468,1.000,0.0452,0.65
3370,replay,4000,0.1239,1.000,0.0453,0.65
3371,replay,4000,0.1029,1.000,0.0453,0.65
3372,replay,4000,0.1429,1.000,0.0454,0.66
3373,replay,4000,0.1216,1.000,0.0454,0.66
3374,replay,4000,0.0847,1.000,0.0452,0.66
3375,replay,4000,-0.0288,1.000,0.0448,0.65
3376,replay,4000,0.0232,1.000,0.0447,0.66
3377,replay,4000,0.0603,1.000,0.0447,0.66
3378,replay,4000,0.0713,1.000,0.0446,0.65
3379,replay,4000,0.0618,1.000,0.0445,0.65
3380,replay,4000,0.0937,1.000,0.0445,0.65
3381,replay,4000,0.1130,1.000,0.0446,0.65
3382,es_step,4000,0.0470,0.906,0.0446,2.72
3383,replay,4000,0.1252,1.000,0.0446,0.65
3384,replay,4000,0.1040,1.000,0.0445,0.65
3385,es_step,4000,0.0224,0.906,0.0446,2.70
3386,replay,4000,0.0481,1.000,0.0445,0.65
3387,replay,4000,0.0291,1.000,0.0442,0.65
3388,replay,4000,0.0157,1.000,0.0440,0.65
3389,replay,4000,0.1122,1.000,0.0440,0.65
3390,replay,4000,0.1086,1.000,0.0440,0.66
3391,replay,4000,0.1324,1.000,0.0440,0.66
3392,es_step,4000,0.0463,0.938,0.0441,2.71
3393,replay,4000,0.0798,1.000,0.0439,0.65
3394,replay,4000,0.0493,1.000,0.0439,0.65
3395,replay,4000,0.0903,1.000,0.0437,0.65
3396,replay,4000,0.0680,1.000,0.0438,0.65
3397,replay,4000,0.0882,1.000,0.0436,0.65
3398,es_step,4000,0.0654,1.000,0.0436,2.71
3399,replay,4000,0.1329,1.000,0.0436,0.65
3400,replay,4000,0.1534,1.000,0.0437,0.66
3401,es_step,4000,0.0456,1.000,0.0437,2.74
3402,replay,4000,0.0937,1.000,0.0437,0.66
3403,replay,4000,0.0646,1.000,0.0435,0.66
3404,es_step,4000,0.0330,0.969,0.0435,2.74
3405,replay,4000,0.0355,1.000,0.0434,0.66
3406,es_step,4000,0.0578,1.000,0.0434,2.72
3407,es_step,4000,0.0614,1.000,0.0434,2.72
3408,es_step,4000,0.0640,0.969,0.0434,2.70
3409,replay,4000,0.0560,1.000,0.0432,0.65
3410,replay,4000,0.1476,1.000,0.0432,0.65
3411,replay,4000,0.1450,1.000,0.0433,0.66
3412,replay,4000,0.1112,1.000,0.0433,0.66
3413,replay,4000,0.1204,1.000,0.0435,0.66
3414,replay,4000,0.1019,1.000,0.0435,0.66
3415,replay,4000,0.0578,1.000,0.0434,0.65
3416,replay,4000,0.0320,1.000,0.0432,0.65
3417,replay,4000,0.0444,1.000,0.0430,0.65
3418,es_step,4000,0.0161,1.000,0.0431,2.70
3419,replay,4000,0.0130,1.000,0.0430,0.65
3420,replay,4000,0.0351,1.000,0.0428,0.65
3421,replay,4000,0.0973,1.000,0.0429,0.66
3422,replay,4000,0.1052,1.000,0.0428,0.66
3423,replay,4000,0.0807,1.000,0.0428,0.66
3424,replay,4000,0.1025,1.000,0.0428,0.65
3425,es_step,4000,0.0698,0.969,0.0428,4.99
3426,replay,4000,0.1435,1.000,0.0429,0.66
3427,replay,4000,0.1360,1.000,0.0431,0.66
3428,replay,4000,0.1107,1.000,0.0433,0.65
3429,es_step,4000,0.0719,1.000,0.0433,2.71
3430,replay,4000,0.1362,1.000,0.0433,0.65
3431,es_step,4000,0.0847,0.969,0.0433,2.70
3432,replay,4000,0.1404,1.000,0.0433,0.65
3433,replay,4000,0.1631,1.000,0.0432,0.65
3434,replay,4000,0.1141,1.000,0.0434,0.65
3435,replay,4000,0.1417,1.000,0.0435,0.65
3436,replay,4000,0.0504,1.000,0.0435,0.65
3437,replay,4000,0.0649,1.000,0.0434,0.65
3438,es_step,4000,0.0348,0.906,0.0434,2.72
3439,es_step,4000,0.0455,0.969,0.0434,2.71
3440,es_step,4000,0.0426,1.000,0.0434,2.69
3441,replay,4000,0.0613,1.000,0.0435,0.65
3442,es_step,4000,0.0441,0.969,0.0435,2.69
3443,replay,4000,0.0751,1.000,0.0434,0.65
3444,replay,4000,0.0590,1.000,0.0433,0.65
3445,replay,4000,0.0769,1.000,0.0432,0.65
3446,replay,4000,0.0083,1.000,0.0431,0.65
3447,replay,4000,0.0443,1.000,0.0429,0.65
3448,replay,4000,0.0456,1.000,0.0428,0.65
3449,es_step,4000,0.0264,1.000,0.0428,2.68
3450,es_step,4000,0.0154,1.000,0.0428,2.70
3451,replay,4000,0.0150,1.000,0.0427,0.65
3452,replay,4000,0.0516,1.000,0.0426,0.66
3453,replay,4000,0.0815,1.000,0.0426,0.65
3454,replay,4000,0.0660,1.000,0.0427,0.65
3455,replay,4000,-0.1002,1.000,0.0427,0.65
3456,replay,4000,0.1369,1.000,0.0428,0.65
3457,replay,4000,0.1382,1.000,0.0430,0.66
3458,replay,4000,0.1851,1.000,0.0431,0.65
3459,replay,4000,0.1449,1.000,0.0432,0.66
3460,replay,4000,0.1649,1.000,0.0432,0.66
3461,replay,4000,0.1397,1.000,0.0434,0.66
3462,es_step,4000,0.0524,0.969,0.0435,2.73
3463,replay,4000,0.1461,1.000,0.0435,0.65
3464,replay,4000,0.1360,1.000,0.0435,0.65
3465,replay,4000,0.1353,1.000,0.0437,0.65
3466,replay,4000,0.0339,1.000,0.0437,0.66
3467,replay,4000,0.1782,1.000,0.0438,0.66
3468,replay,4000,0.1531,1.000,0.0439,0.66
3469,replay,4000,0.1433,1.000,0.0439,0.66
3470,replay,4000,0.0804,1.000,0.0439,0.66
3471,replay,4000,0.0786,1.000,0.0438,0.66
3472,replay,4000,0.1073,1.000,0.0438,0.66
3473,replay,4000,0.0783,1.000,0.0437,0.67
3474,replay,4000,0.1058,1.000,0.0437,0.67
3475,replay,4000,0.0611,1.000,0.0437,0.66
3476,replay,4000,0.0951,1.000,0.0436,0.66
3477,replay,4000,0.0816,1.000,0.0436,0.66
3478,replay,4000,0.0366,1.000,0.0435,0.67
3479,replay,4000,0.0607,1.000,0.0434,0.67
3480,replay,4000,0.0491,1.000,0.0431,0.66
3481,es_step,4000,0.0513,1.000,0.0431,2.76
3482,replay,4000,0.0892,1.000,0.0430,0.67
3483,es_step,4000,0.0361,1.000,0.0430,2.78
3484,es_step,4000,0.0507,1.000,0.0430,2.78
3485,replay,4000,0.0765,1.000,0.0429,0.67
3486,replay,4000,0.0662,1.000,0.0429,0.67
3487,replay,4000,0.0750,1.000,0.0427,0.66
3488,replay,4000,0.0743,1.000,0.0427,0.66
3489,replay,4000,0.0711,1.000,0.0426,0.66
3490,replay,4000,0.0906,1.000,0.0425,0.67
3491,replay,4000,0.0973,1.000,0.0425,0.66
3492,replay,4000,0.1250,1.000,0.0425,0.67
3493,replay,4000,0.1366,1.000,0.0425,0.67
3494,replay,4000,0.1162,1.000,0.0426,0.66
3495,replay,4000,0.1363,1.000,0.0427,0.66
3496,replay,4000,0.1268,1.000,0.0430,0.66
3497,replay,4000,0.1192,1.000,0.0431,0.67
3498,replay,4000,0.1232,1.000,0.0431,0.66
3499,replay,4000,0.0892,1.000,0.0431,0.66
3500,es_step,4000,0.0850,0.969,0.0431,2.78
3501,es_step,4000,0.0865,0.938,0.0431,2.76
3502,replay,4000,0.0980,1.000,0.0431,0.66
3503,replay,4000,0.0990,1.000,0.0431,0.66
3504,es_step,4000,0.0635,0.969,0.0431,2.76
3505,replay,4000,0.0552,1.000,0.0430,0.66
3506,es_step,4000,0.0570,0.969,0.0430,2.74
3507,es_step,4000,0.0603,1.000,0.0430,2.74
3508,es_step,4000,0.0592,0.875,0.0430,2.75
3509,replay,4000,0.0438,1.000,0.0428,0.66
3510,replay,4000,0.0754,1.000,0.0428,0.66
3511,replay,4000,0.0619,1.000,0.0428,0.70
3512,replay,4000,0.0629,1.000,0.0427,0.66
3513,replay,4000,0.0818,1.000,0.0426,0.67
3514,replay,4000,0.0286,1.000,0.0427,0.67
3515,replay,4000,0.0665,1.000,0.0427,0.66
3516,replay,4000,0.0854,1.000,0.0426,0.66
3517,replay,4000,0.0798,1.000,0.0425,0.66
3518,replay,4000,0.0826,1.000,0.0425,0.66
3519,replay,4000,0.0636,1.000,0.0424,0.67
3520,replay,4000,0.0447,1.000,0.0424,0.66
3521,replay,4000,0.0732,1.000,0.0424,0.67
3522,replay,4000,0.0915,1.000,0.0425,0.66
3523,replay,4000,0.1119,1.000,0.0426,0.66
3524,replay,4000,0.0972,1.000,0.0425,0.66
3525,replay,4000,0.1259,1.000,0.0427,0.67
3526,replay,4000,0.1144,1.000,0.0427,0.66
3527,replay,4000,0.1036,1.000,0.0427,0.66
3528,replay,4000,0.1127,1.000,0.0429,0.67
3529,replay,4000,0.1643,1.000,0.0431,0.66
3530,replay,4000,0.1336,1.000,0.0432,0.66
3531,replay,4000,0.1439,1.000,0.0434,0.66
3532,replay,4000,0.1527,1.000,0.0435,0.66
3533,replay,4000,0.1720,1.000,0.0436,0.66
3534,es_step,4000,0.0800,0.750,0.0436,3.24
3535,replay,4000,0.1439,1.000,0.0437,0.68
3536,replay,4000,0.1148,1.000,0.0437,0.68
3537,es_step,4000,0.0724,0.938,0.0437,2.84
3538,replay,4000,0.0970,1.000,0.0438,0.67
3539,replay,4000,0.0903,1.000,0.0437,0.67
3540,es_step,4000,0.0682,0.875,0.0437,2.81
3541,es_step,4000,0.0542,0.688,0.0437,3.57
3542,replay,4000,0.0776,1.000,0.0436,0.67
3543,replay,4000,0.0667,1.000,0.0436,0.67
3544,replay,4000,-0.0024,1.000,0.0434,0.67
3545,replay,4000,0.1291,1.000,0.0435,0.66
3546,replay,4000,0.1582,1.000,0.0437,0.66
3547,es_step,4000,0.1193,0.906,0.0444,2.78
3548,replay,4000,0.1401,1.000,0.0446,0.66
3549,replay,4000,0.1318,1.000,0.0448,0.66
3550,replay,4000,0.1235,1.000,0.0448,0.66
3551,replay,4000,0.1316,1.000,0.0449,0.66
3552,replay,4000,0.1174,1.000,0.0449,0.66
3553,replay,4000,0.1321,1.000,0.0450,0.66
3554,replay,4000,0.1364,1.000,0.0451,0.66
3555,replay,4000,0.1331,1.000,0.0451,0.66
3556,replay,4000,0.1456,1.000,0.0451,0.66
3557,replay,4000,0.1004,1.000,0.0454,0.66
3558,replay,4000,0.1082,1.000,0.0454,0.66
3559,replay,4000,0.0777,1.000,0.0452,0.66
3560,replay,4000,0.0523,1.000,0.0451,0.66
3561,es_step,4000,0.0211,0.969,0.0451,2.77
3562,replay,4000,0.0386,1.000,0.0451,0.66
3563,replay,4000,0.0364,1.000,0.0449,0.66
3564,replay,4000,0.0205,1.000,0.0448,0.66
3565,replay,4000,0.0385,1.000,0.0447,0.66
3566,replay,4000,0.0746,1.000,0.0447,0.66
3567,replay,4000,0.1216,1.000,0.0447,0.66
3568,replay,4000,0.1107,1.000,0.0450,0.66
3569,replay,4000,0.1237,1.000,0.0450,0.66
3570,es_step,4000,0.0806,0.969,0.0452,2.76
3571,replay,4000,0.1530,1.000,0.0455,0.66
3572,es_step,4000,0.0810,0.969,0.0455,2.75
3573,replay,4000,0.1173,1.000,0.0456,0.65
3574,es_step,4000,0.0789,0.875,0.0456,2.75
3575,replay,4000,0.1160,1.000,0.0456,0.67
3576,replay,4000,0.1269,1.000,0.0456,0.66
3577,replay,4000,0.1202,1.000,0.0457,0.67
3578,replay,4000,0.0800,1.000,0.0456,0.66
3579,replay,4000,0.1114,1.000,0.0456,0.66
3580,replay,4000,0.1877,1.000,0.0456,0.66
3581,replay,4000,0.0674,1.000,0.0458,0.66
3582,replay,4000,0.2010,1.000,0.0462,0.66
3583,replay,4000,0.1900,1.000,0.0463,0.67
3584,es_step,4000,0.1042,1.000,0.0465,2.77
3585,es_step,4000,0.1008,1.000,0.0467,2.76
3586,replay,4000,0.1581,1.000,0.0468,0.66
3587,replay,4000,0.0550,1.000,0.0467,0.66
3588,replay,4000,0.0469,1.000,0.0465,0.66
3589,replay,4000,0.0412,1.000,0.0462,0.66
3590,replay,4000,0.0247,1.000,0.0459,0.66
3591,replay,4000,0.0613,1.000,0.0458,0.66
3592,replay,4000,0.0646,1.000,0.0458,0.67
3593,replay,4000,0.0646,1.000,0.0457,0.67
3594,replay,4000,0.1302,1.000,0.0458,0.67
3595,replay,4000,0.1039,1.000,0.0458,0.67
3596,replay,4000,0.1501,1.000,0.0459,0.67
3597,replay,4000,0.1656,1.000,0.0461,0.67
3598,replay,4000,0.1404,1.000,0.0462,0.66
3599,replay,4000,0.1646,1.000,0.0464,0.66
3600,replay,4000,0.1411,1.000,0.0466,0.67
3601,es_step,4000,0.0764,1.000,0.0467,2.77
3602,es_step,4000,0.0827,0.969,0.0467,2.77
3603,replay,4000,0.1456,1.000,0.0469,0.66
3604,replay,4000,0.0687,1.000,0.0469,0.67
3605,replay,4000,0.0100,1.000,0.0468,0.67
3606,es_step,4000,0.0853,0.906,0.0469,2.74
3607,es_step,4000,0.0850,1.000,0.0469,2.73
3608,es_step,4000,0.0900,1.000,0.0469,2.73
3609,replay,4000,0.0889,1.000,0.0469,0.65
3610,replay,4000,0.1074,1.000,0.0470,0.64
3611,replay,4000,0.0960,1.000,0.0470,0.65
3612,replay,4000,0.0701,1.000,0.0469,0.65
3613,replay,4000,0.0120,1.000,0.0467,0.65
3614,replay,4000,0.0300,1.000,0.0465,0.65
3615,replay,4000,0.0657,1.000,0.0464,0.65
3616,es_step,4000,0.0441,1.000,0.0464,2.73
3617,replay,4000,0.0600,1.000,0.0464,0.65
3618,replay,4000,0.1263,1.000,0.0463,0.65
3619,replay,4000,0.0800,1.000,0.0464,0.66
3620,replay,4000,0.1158,1.000,0.0464,0.66
3621,es_step,4000,0.0857,1.000,0.0464,2.74
3622,es_step,4000,0.0832,0.938,0.0465,2.75
3623,replay,4000,0.0935,1.000,0.0464,0.66
3624,replay,4000,0.0931,1.000,0.0464,0.66
3625,replay,4000,0.0878,1.000,0.0464,0.66
3626,replay,4000,0.0168,1.000,0.0460,0.66
3627,replay,4000,0.0284,1.000,0.0457,0.66
3628,es_step,4000,0.0444,0.906,0.0457,2.77
3629,replay,4000,0.0476,1.000,0.0456,0.66
3630,replay,4000,0.0573,1.000,0.0456,0.67
3631,replay,4000,0.0340,1.000,0.0453,0.66
3632,replay,4000,0.0802,1.000,0.0453,0.66
3633,replay,4000,0.1543,1.000,0.0454,0.66
3634,replay,4000,0.1166,1.000,0.0454,0.66
3635,replay,4000,0.0751,1.000,0.0454,0.66
3636,replay,4000,0.0553,1.000,0.0454,0.65
3637,replay,4000,0.0696,1.000,0.0453,0.65
3638,replay,4000,0.0065,1.000,0.0451,0.65
3639,replay,4000,0.0660,1.000,0.0451,0.66
3640,replay,4000,0.0957,1.000,0.0451,0.66
3641,replay,4000,0.1034,1.000,0.0450,0.66
3642,replay,4000,0.1123,1.000,0.0450,0.65
3643,replay,4000,0.1061,1.000,0.0450,0.65
3644,replay,4000,0.0766,1.000,0.0450,0.65
3645,replay,4000,0.0568,1.000,0.0450,0.65
3646,replay,4000,0.0458,1.000,0.0448,0.66
3647,replay,4000,0.0796,1.000,0.0447,0.66
3648,replay,4000,0.0230,1.000,0.0446,0.66
3649,replay,4000,0.0997,1.000,0.0446,0.65
3650,replay,4000,0.0954,1.000,0.0447,0.66
3651,replay,4000,0.0961,1.000,0.0447,0.65
3652,replay,4000,0.1274,1.000,0.0449,0.66
3653,replay,4000,0.0822,1.000,0.0449,0.66
3654,replay,4000,0.0848,1.000,0.0448,0.66
3655,replay,4000,0.0643,1.000,0.0449,0.66
3656,replay,4000,0.0582,1.000,0.0448,0.66
3657,replay,4000,0.0516,1.000,0.0447,0.66
3658,replay,4000,0.0757,1.000,0.0448,0.66
3659,replay,4000,0.0934,1.000,0.0447,0.66
3660,replay,4000,0.0819,1.000,0.0448,0.66
3661,replay,4000,0.1300,1.000,0.0448,0.66
3662,replay,4000,0.0942,1.000,0.0449,0.66
3663,replay,4000,0.1208,1.000,0.0448,0.67
3664,replay,4000,0.1340,1.000,0.0449,0.66
3665,replay,4000,0.1264,1.000,0.0451,0.66
3666,replay,4000,0.1441,1.000,0.0451,0.66
3667,replay,4000,0.1215,1.000,0.0452,0.66
3668,replay,4000,0.0954,1.000,0.0454,0.66
3669,replay,4000,0.0863,1.000,0.0453,0.66
3670,replay,4000,0.0639,1.000,0.0453,0.66
3671,replay,4000,0.0453,1.000,0.0452,0.66
3672,replay,4000,0.0547,1.000,0.0451,0.66
3673,replay,4000,0.0748,1.000,0.0450,0.66
3674,replay,4000,0.0665,1.000,0.0450,0.66
3675,replay,4000,0.0307,1.000,0.0448,0.66
3676,replay,4000,0.0271,1.000,0.0446,0.66
3677,replay,4000,-0.1979,1.000,0.0445,0.66
3678,replay,4000,0.0886,1.000,0.0445,0.66
3679,replay,4000,0.0951,1.000,0.0446,0.67
3680,replay,4000,0.1465,1.000,0.0449,0.67
3681,replay,4000,0.1354,1.000,0.0450,0.66
3682,replay,4000,0.1010,1.000,0.0450,0.66
3683,replay,4000,0.0565,1.000,0.0449,0.66
3684,es_step,4000,0.0048,1.000,0.0449,2.77
3685,replay,4000,0.0291,1.000,0.0447,0.66
3686,es_step,4000,0.0086,1.000,0.0447,2.75
3687,replay,4000,0.0275,1.000,0.0446,0.66
3688,es_step,4000,0.0212,1.000,0.0446,2.75
3689,replay,4000,0.0213,1.000,0.0444,0.66
3690,es_step,4000,0.0262,1.000,0.0444,2.74
3691,replay,4000,0.0260,1.000,0.0443,0.66
3692,es_step,4000,0.0395,1.000,0.0443,2.74
3693,replay,4000,0.0653,1.000,0.0444,0.67
3694,replay,4000,0.0713,1.000,0.0442,0.67
3695,replay,4000,0.1575,1.000,0.0442,2.90
3696,replay,4000,0.1266,1.000,0.0443,0.66
3697,replay,4000,0.1404,1.000,0.0445,0.66
3698,replay,4000,0.1612,1.000,0.0444,0.67
3699,replay,4000,0.1316,1.000,0.0445,0.66
3700,replay,4000,0.1429,1.000,0.0446,0.66
3701,es_step,4000,0.0744,0.969,0.0446,2.76
3702,es_step,4000,0.0848,0.875,0.0446,2.74
3703,replay,4000,0.0928,1.000,0.0446,0.66
3704,replay,4000,0.0934,1.000,0.0446,0.66
3705,es_step,4000,0.0708,0.969,0.0446,2.73
3706,replay,4000,0.0917,1.000,0.0447,0.66
3707,replay,4000,0.0714,1.000,0.0447,0.66
3708,replay,4000,0.0664,1.000,0.0445,0.66
3709,es_step,4000,0.0454,1.000,0.0445,2.75
3710,replay,4000,0.0679,1.000,0.0445,0.66
3711,replay,4000,0.0691,1.000,0.0444,0.66
3712,es_step,4000,0.0468,0.938,0.0444,2.73
3713,replay,4000,0.0573,1.000,0.0443,0.66
3714,replay,4000,0.0080,1.000,0.0439,0.65
3715,replay,4000,0.0310,1.000,0.0439,0.66
3716,replay,4000,0.0573,1.000,0.0438,0.65
3717,replay,4000,0.0770,1.000,0.0437,0.65
3718,es_step,4000,0.0532,1.000,0.0437,2.73
3719,replay,4000,0.0340,1.000,0.0436,0.66
3720,replay,4000,0.0529,1.000,0.0435,0.66
3721,es_step,4000,0.0617,1.000,0.0436,2.75
3722,replay,4000,0.1123,1.000,0.0437,0.66
3723,replay,4000,0.1079,1.000,0.0438,0.66
3724,replay,4000,0.1228,1.000,0.0438,0.66
3725,replay,4000,0.1926,1.000,0.0438,0.66
3726,replay,4000,0.1478,1.000,0.0438,0.66
3727,replay,4000,0.1586,1.000,0.0439,0.66
3728,replay,4000,0.1025,1.000,0.0439,0.66
3729,replay,4000,0.1065,1.000,0.0439,0.65
3730,replay,4000,0.0821,1.000,0.0438,0.66
3731,replay,4000,0.0249,1.000,0.0437,0.66
3732,replay,4000,0.0749,1.000,0.0436,0.66
3733,replay,4000,0.0586,1.000,0.0435,0.66
3734,replay,4000,0.0947,1.000,0.0435,0.66
3735,es_step,4000,0.0723,1.000,0.0435,2.74
3736,replay,4000,0.0647,1.000,0.0435,0.66
3737,replay,4000,0.0869,1.000,0.0435,0.66
3738,replay,4000,0.1104,1.000,0.0435,0.66
3739,replay,4000,0.1236,1.000,0.0435,0.66
3740,replay,4000,0.1137,1.000,0.0435,0.66
3741,replay,4000,0.1165,1.000,0.0435,0.66
3742,replay,4000,0.0899,1.000,0.0435,0.66
3743,replay,4000,0.0846,1.000,0.0434,0.66
3744,replay,4000,0.0545,1.000,0.0433,0.66
3745,replay,4000,0.0309,1.000,0.0432,0.66
3746,replay,4000,0.0625,1.000,0.0431,0.66
3747,es_step,4000,0.0643,1.000,0.0431,2.72
3748,replay,4000,0.0733,1.000,0.0431,0.66
3749,replay,4000,0.0357,1.000,0.0430,0.66
3750,replay,4000,0.0425,1.000,0.0430,0.66
3751,replay,4000,0.0553,1.000,0.0430,0.66
3752,replay,4000,0.1590,1.000,0.0430,0.65
3753,replay,4000,0.1240,1.000,0.0432,0.65
3754,es_step,4000,0.0917,1.000,0.0433,2.74
3755,replay,4000,0.1106,1.000,0.0433,0.66
3756,replay,4000,0.0756,1.000,0.0433,0.67
3757,replay,4000,0.0499,1.000,0.0431,0.67
3758,es_step,4000,0.0315,1.000,0.0431,2.77
3759,replay,4000,0.0143,1.000,0.0431,0.66
3760,replay,4000,0.0551,1.000,0.0430,0.67
3761,replay,4000,0.0279,1.000,0.0429,0.67
3762,replay,4000,0.0646,1.000,0.0428,0.66
3763,es_step,4000,0.0536,1.000,0.0428,2.78
3764,replay,4000,0.0434,1.000,0.0427,0.67
3765,es_step,4000,0.0615,1.000,0.0427,2.77
3766,replay,4000,0.0964,1.000,0.0426,0.67
3767,replay,4000,0.1157,1.000,0.0426,0.66
3768,replay,4000,0.0980,1.000,0.0426,0.66
3769,replay,4000,0.0828,1.000,0.0429,0.67
3770,replay,4000,0.1291,1.000,0.0428,0.67
3771,replay,4000,0.0962,1.000,0.0428,0.67
3772,replay,4000,0.0852,1.000,0.0427,0.67
3773,replay,4000,0.1092,1.000,0.0428,0.67
3774,es_step,4000,0.0537,1.000,0.0428,2.79
3775,replay,4000,0.0908,1.000,0.0428,0.67
3776,replay,4000,0.0824,1.000,0.0427,0.67
3777,replay,4000,0.0736,1.000,0.0427,0.67
3778,replay,4000,0.0745,1.000,0.0426,0.66
3779,replay,4000,0.0435,1.000,0.0425,0.66
3780,replay,4000,0.0519,1.000,0.0423,0.67
3781,replay,4000,0.0741,1.000,0.0423,0.67
3782,replay,4000,-0.1029,1.000,0.0422,0.67
3783,replay,4000,0.1838,1.000,0.0424,0.67
3784,replay,4000,0.2547,1.000,0.0425,0.66
3785,replay,4000,0.2123,1.000,0.0428,0.66
3786,replay,4000,0.1175,1.000,0.0428,0.67
3787,es_step,4000,0.1062,0.938,0.0437,2.79
3788,replay,4000,0.1507,1.000,0.0438,0.66
3789,replay,4000,0.1506,1.000,0.0438,0.66
3790,replay,4000,0.1490,1.000,0.0441,0.67
3791,replay,4000,0.1702,1.000,0.0442,0.66
3792,replay,4000,0.0675,1.000,0.0440,0.66
3793,replay,4000,0.0979,1.000,0.0442,0.67
3794,replay,4000,0.0649,1.000,0.0442,0.66
3795,es_step,4000,0.0691,1.000,0.0442,2.76
3796,es_step,4000,0.0654,1.000,0.0442,2.76
3797,replay,4000,0.0856,1.000,0.0443,0.66
3798,replay,4000,0.1049,1.000,0.0443,0.66
3799,es_step,4000,0.0944,1.000,0.0443,2.74
3800,replay,4000,0.1057,1.000,0.0444,0.66
3801,replay,4000,0.1092,1.000,0.0445,0.66
3802,replay,4000,0.1305,1.000,0.0445,0.66
3803,replay,4000,0.1267,1.000,0.0445,0.66
3804,replay,4000,0.1980,1.000,0.0446,0.66
3805,replay,4000,0.1872,1.000,0.0448,0.66
3806,replay,4000,0.1113,1.000,0.0449,0.66
3807,replay,4000,0.0866,1.000,0.0450,0.66
3808,replay,4000,0.0983,1.000,0.0448,0.66
3809,es_step,4000,0.0684,1.000,0.0448,2.74
3810,replay,4000,0.0853,1.000,0.0449,0.66
3811,es_step,4000,0.0701,1.000,0.0449,2.72
3812,es_step,4000,0.0686,1.000,0.0449,2.73
3813,replay,4000,0.1152,1.000,0.0448,0.66
3814,replay,4000,0.0690,1.000,0.0448,0.66
3815,replay,4000,0.0542,1.000,0.0446,0.66
3816,replay,4000,0.0287,1.000,0.0445,0.66
3817,replay,4000,0.0675,1.000,0.0444,0.66
3818,replay,4000,0.0716,1.000,0.0444,0.66
3819,es_step,4000,0.0468,1.000,0.0444,2.75
3820,replay,4000,0.0389,1.000,0.0442,0.66
3821,replay,4000,0.0312,1.000,0.0442,0.66
3822,es_step,4000,0.0354,1.000,0.0442,2.75
3823,replay,4000,0.0620,1.000,0.0442,0.66
3824,replay,4000,0.0538,1.000,0.0441,0.65
3825,replay,4000,0.0766,1.000,0.0441,0.66
3826,replay,4000,0.1014,1.000,0.0440,0.66
3827,replay,4000,0.0677,1.000,0.0439,0.65
3828,replay,4000,0.0807,1.000,0.0438,0.65
3829,replay,4000,0.0759,1.000,0.0438,0.65
3830,es_step,4000,0.0363,1.000,0.0438,2.70
3831,replay,4000,0.0469,1.000,0.0436,0.65
3832,replay,4000,0.0728,1.000,0.0436,0.65
3833,replay,4000,0.1031,1.000,0.0435,0.65
3834,replay,4000,0.0891,1.000,0.0433,0.65
3835,replay,4000,0.0952,1.000,0.0433,0.65
3836,replay,4000,0.1084,1.000,0.0435,0.64
3837,replay,4000,0.1003,1.000,0.0436,0.65
3838,es_step,4000,0.0631,1.000,0.0436,2.71
3839,replay,4000,0.0942,1.000,0.0435,0.65
3840,replay,4000,0.0889,1.000,0.0435,0.65
3841,replay,4000,0.0713,1.000,0.0435,0.66
3842,replay,4000,0.0795,1.000,0.0434,0.65
3843,replay,4000,0.0748,1.000,0.0435,0.66
3844,replay,4000,0.0755,1.000,0.0434,0.66
3845,replay,4000,0.0731,1.000,0.0433,0.65
3846,replay,4000,0.0705,1.000,0.0433,0.65
3847,es_step,4000,0.0394,1.000,0.0433,2.72
3848,es_step,4000,0.0372,0.969,0.0433,2.73
3849,replay,4000,0.0697,1.000,0.0432,0.66
3850,replay,4000,0.0519,1.000,0.0432,0.66
3851,replay,4000,0.0270,1.000,0.0431,0.66
3852,replay,4000,0.0581,1.000,0.0430,0.66
3853,replay,4000,0.0734,1.000,0.0430,0.66
3854,replay,4000,0.0664,1.000,0.0430,0.65
3855,replay,4000,0.0538,1.000,0.0430,0.66
3856,replay,4000,0.0683,1.000,0.0430,0.65
3857,es_step,4000,0.0531,1.000,0.0430,2.72
3858,replay,4000,0.1561,1.000,0.0430,0.65
3859,replay,4000,0.1407,1.000,0.0430,0.66
3860,replay,4000,0.1491,1.000,0.0430,0.65
3861,replay,4000,0.1336,1.000,0.0431,0.66
3862,replay,4000,0.1504,1.000,0.0433,0.65
3863,replay,4000,0.1802,1.000,0.0433,0.66
3864,replay,4000,0.1112,1.000,0.0432,0.66
3865,replay,4000,0.1250,1.000,0.0433,0.65
3866,replay,4000,0.0781,1.000,0.0433,0.65
3867,replay,4000,0.0863,1.000,0.0433,0.65
3868,replay,4000,0.0867,1.000,0.0433,0.65
3869,replay,4000,0.0669,1.000,0.0432,0.64
3870,replay,4000,0.0586,1.000,0.0431,0.65
3871,replay,4000,0.0186,1.000,0.0428,0.65
3872,replay,4000,0.0852,1.000,0.0427,0.65
3873,replay,4000,0.0790,1.000,0.0427,0.66
3874,es_step,4000,0.0799,1.000,0.0427,2.71
3875,replay,4000,0.1153,1.000,0.0427,0.65
3876,replay,4000,0.0570,1.000,0.0428,0.66
3877,replay,4000,0.1235,1.000,0.0430,0.66
3878,replay,4000,0.1352,1.000,0.0430,0.65
3879,replay,4000,0.0892,1.000,0.0430,0.65
3880,replay,4000,0.0803,1.000,0.0429,0.65
3881,replay,4000,0.0720,1.000,0.0427,0.65
3882,es_step,4000,0.0615,1.000,0.0427,2.71
3883,replay,4000,0.0898,1.000,0.0426,0.64
3884,es_step,4000,0.0603,1.000,0.0426,2.69
3885,replay,4000,0.0857,1.000,0.0426,0.65
3886,replay,4000,0.0605,1.000,0.0426,0.65
3887,replay,4000,0.0798,1.000,0.0426,0.65
3888,replay,4000,0.1271,1.000,0.0427,0.65
3889,replay,4000,0.1358,1.000,0.0427,0.64
3890,replay,4000,0.1364,1.000,0.0428,0.64
3891,replay,4000,0.1139,1.000,0.0428,0.64
3892,replay,4000,0.0708,1.000,0.0426,0.64
3893,replay,4000,0.1323,1.000,0.0427,0.64
3894,replay,4000,0.1428,1.000,0.0426,0.65
3895,replay,4000,0.1477,1.000,0.0428,0.65
3896,es_step,4000,0.0867,1.000,0.0428,2.70
3897,replay,4000,0.1166,1.000,0.0429,0.65
3898,replay,4000,0.0400,1.000,0.0427,0.65
3899,replay,4000,0.0388,1.000,0.0425,0.65
3900,replay,4000,0.0342,1.000,0.0423,0.65
3901,replay,4000,0.0148,1.000,0.0422,0.65
3902,replay,4000,0.0133,1.000,0.0419,0.65
3903,es_step,4000,0.0538,1.000,0.0419,2.70
3904,replay,4000,0.0811,1.000,0.0419,0.65
3905,replay,4000,0.0703,1.000,0.0419,0.65
3906,replay,4000,0.0577,1.000,0.0419,0.65
3907,replay,4000,0.0249,1.000,0.0419,0.65
3908,replay,4000,0.0647,1.000,0.0418,0.65
3909,replay,4000,0.0665,1.000,0.0417,0.65
3910,replay,4000,0.0954,1.000,0.0416,0.65
3911,replay,4000,0.0356,1.000,0.0416,0.65
3912,replay,4000,0.0312,1.000,0.0415,0.65
3913,replay,4000,0.1036,1.000,0.0417,0.65
3914,es_step,4000,0.0990,1.000,0.0422,2.70
3915,replay,4000,0.1555,1.000,0.0424,0.65
3916,replay,4000,0.0691,1.000,0.0427,0.65
3917,replay,4000,0.1853,1.000,0.0428,0.65
3918,replay,4000,0.2369,1.000,0.0430,0.64
3919,replay,4000,0.2512,1.000,0.0431,0.64
3920,replay,4000,0.2121,1.000,0.0433,0.65
3921,es_step,4000,0.1436,1.000,0.0440,2.69
3922,replay,4000,0.1713,1.000,0.0441,0.65
3923,replay,4000,0.1312,1.000,0.0443,0.65
3924,replay,4000,0.1475,1.000,0.0446,0.65
3925,es_step,4000,0.1122,1.000,0.0446,2.71
3926,replay,4000,0.1299,1.000,0.0446,0.65
3927,es_step,4000,0.0935,1.000,0.0447,2.72
3928,replay,4000,0.1059,1.000,0.0446,0.65
3929,replay,4000,0.0868,1.000,0.0446,0.65
3930,replay,4000,0.1212,1.000,0.0445,0.65
3931,es_step,4000,0.0713,1.000,0.0445,2.72
3932,replay,4000,0.0916,1.000,0.0445,0.65
3933,replay,4000,0.0644,1.000,0.0444,0.65
3934,es_step,4000,0.0651,1.000,0.0444,2.71
3935,replay,4000,0.0913,1.000,0.0443,0.65
3936,es_step,4000,0.0611,1.000,0.0443,2.71
3937,replay,4000,0.0704,1.000,0.0443,0.65
3938,es_step,4000,0.0500,1.000,0.0443,2.70
3939,replay,4000,0.0791,1.000,0.0440,0.65
3940,replay,4000,0.0657,1.000,0.0439,0.65
3941,es_step,4000,0.0482,1.000,0.0439,2.69
3942,es_step,4000,0.0471,1.000,0.0439,2.72
3943,replay,4000,0.0388,1.000,0.0438,0.66
3944,replay,4000,0.0529,1.000,0.0436,0.66
3945,replay,4000,0.0467,1.000,0.0435,0.66
3946,es_step,4000,0.0472,0.969,0.0436,2.74
3947,replay,4000,0.0346,1.000,0.0434,0.66
3948,es_step,4000,0.0383,1.000,0.0434,2.71
3949,replay,4000,0.0311,1.000,0.0431,0.65
3950,es_step,4000,0.0381,1.000,0.0431,2.73
3951,replay,4000,0.0246,1.000,0.0429,0.66
3952,replay,4000,0.0335,1.000,0.0428,0.66
3953,replay,4000,0.0816,1.000,0.0427,0.66
3954,replay,4000,0.0736,1.000,0.0427,0.66
3955,replay,4000,0.1154,1.000,0.0427,0.66
3956,replay,4000,0.0888,1.000,0.0428,0.66
3957,replay,4000,0.1020,1.000,0.0427,0.66
3958,replay,4000,0.0578,1.000,0.0425,0.66
3959,replay,4000,0.0781,1.000,0.0425,0.66
3960,replay,4000,0.0508,1.000,0.0428,2.90
3961,es_step,4000,0.0746,1.000,0.0428,2.72
3962,replay,4000,0.1019,1.000,0.0428,0.65
3963,replay,4000,0.0581,1.000,0.0427,0.65
3964,replay,4000,0.0988,1.000,0.0427,0.65
3965,es_step,4000,0.1007,1.000,0.0433,2.71
3966,replay,4000,0.1261,1.000,0.0434,0.65
3967,replay,4000,0.1383,1.000,0.0435,0.65
3968,replay,4000,0.0531,1.000,0.0434,0.65
3969,replay,4000,0.0972,1.000,0.0434,0.65
3970,replay,4000,0.0702,1.000,0.0432,0.65
3971,replay,4000,0.0555,1.000,0.0430,0.65
3972,replay,4000,0.0108,1.000,0.0428,0.65
3973,replay,4000,0.0547,1.000,0.0427,0.65
3974,es_step,4000,0.0584,1.000,0.0427,2.70
3975,replay,4000,0.0700,1.000,0.0426,0.65
3976,replay,4000,0.0263,1.000,0.0424,0.65
3977,replay,4000,0.0661,1.000,0.0424,0.65
3978,replay,4000,0.1072,1.000,0.0426,0.65
3979,replay,4000,0.1239,1.000,0.0428,0.65
3980,replay,4000,0.0442,1.000,0.0429,0.65
3981,replay,4000,0.1491,1.000,0.0432,0.65
3982,replay,4000,0.1919,1.000,0.0433,0.66
3983,replay,4000,0.1397,1.000,0.0435,0.65
3984,replay,4000,0.1474,1.000,0.0437,0.65
3985,replay,4000,0.1698,1.000,0.0437,0.65
3986,replay,4000,0.1536,1.000,0.0440,0.65
3987,replay,4000,0.1115,1.000,0.0441,0.65
3988,replay,4000,0.1322,1.000,0.0441,0.65
3989,replay,4000,0.0835,1.000,0.0442,0.66
3990,replay,4000,0.1494,1.000,0.0441,0.66
3991,replay,4000,0.0782,1.000,0.0441,0.65
3992,es_step,4000,0.0992,1.000,0.0443,2.73
3993,replay,4000,0.1195,1.000,0.0442,0.66
3994,replay,4000,0.1115,1.000,0.0443,0.66
3995,es_step,4000,0.0806,1.000,0.0443,2.73
3996,replay,4000,0.1065,1.000,0.0443,0.66
3997,replay,4000,0.0688,1.000,0.0444,0.65
3998,replay,4000,0.0744,1.000,0.0442,0.65
3999,replay,4000,0.0811,1.000,0.0442,0.65
4000,replay,4000,0.1163,1.000,0.0442,0.66
4001,replay,4000,0.0827,1.000,0.0443,0.65
4002,replay,4000,0.0539,1.000,0.0441,0.66
4003,replay,4000,0.1036,1.000,0.0442,0.81
4004,replay,4000,0.0624,1.000,0.0442,0.65
4005,replay,4000,0.1719,1.000,0.0443,0.65
4006,replay,4000,0.1491,1.000,0.0444,0.65
4007,replay,4000,0.1484,1.000,0.0447,0.65
4008,replay,4000,0.1492,1.000,0.0448,0.66
4009,replay,4000,0.1472,1.000,0.0448,0.65
4010,replay,4000,0.1518,1.000,0.0449,0.65
4011,replay,4000,0.1437,1.000,0.0449,0.65
4012,replay,4000,0.0954,1.000,0.0448,0.66
4013,replay,4000,0.0493,1.000,0.0446,0.65
4014,replay,4000,0.0280,1.000,0.0445,0.65
4015,replay,4000,0.0100,1.000,0.0442,0.66
4016,replay,4000,0.0532,1.000,0.0440,0.66
4017,es_step,4000,0.0828,1.000,0.0441,2.72
4018,replay,4000,0.0948,1.000,0.0441,0.65
4019,replay,4000,0.0750,1.000,0.0440,0.66
4020,replay,4000,0.0685,1.000,0.0439,0.66
4021,es_step,4000,0.0652,1.000,0.0439,2.72
4022,replay,4000,0.0688,1.000,0.0439,0.65
4023,replay,4000,0.1345,1.000,0.0440,0.65
4024,replay,4000,-0.0227,1.000,0.0440,0.65
4025,replay,4000,0.1761,1.000,0.0442,0.65
4026,replay,4000,0.1634,1.000,0.0443,0.65
4027,replay,4000,0.1548,1.000,0.0445,0.65
4028,replay,4000,0.1290,1.000,0.0445,0.65
4029,es_step,4000,0.0797,1.000,0.0446,2.71
4030,replay,4000,0.0965,1.000,0.0447,0.65
4031,replay,4000,-0.0861,1.000,0.0446,0.66
4032,es_step,4000,0.0858,1.000,0.0447,2.73
4033,replay,4000,0.1162,1.000,0.0448,0.65
4034,replay,4000,0.1200,1.000,0.0448,0.66
4035,replay,4000,0.0830,1.000,0.0450,0.66
4036,replay,4000,0.1224,1.000,0.0452,0.66
4037,replay,4000,0.1739,1.000,0.0454,0.66
4038,replay,4000,0.1373,1.000,0.0455,0.66
4039,replay,4000,0.0861,1.000,0.0455,0.66
4040,replay,4000,0.1055,1.000,0.0455,0.66
4041,replay,4000,0.1063,1.000,0.0454,0.66
4042,replay,4000,0.0770,1.000,0.0455,0.66
4043,replay,4000,0.0610,1.000,0.0456,0.66
4044,replay,4000,0.1064,1.000,0.0456,0.66
4045,replay,4000,0.1036,1.000,0.0457,0.66
4046,replay,4000,0.1161,1.000,0.0457,0.65
4047,replay,4000,0.1063,1.000,0.0458,0.65
4048,es_step,4000,0.0652,1.000,0.0458,2.73
4049,replay,4000,0.1203,1.000,0.0458,0.66
4050,replay,4000,0.1068,1.000,0.0458,0.65
4051,replay,4000,0.1698,1.000,0.0459,0.65
4052,replay,4000,0.1215,1.000,0.0461,0.66
4053,replay,4000,-0.0047,1.000,0.0462,0.65
4054,replay,4000,0.1875,1.000,0.0462,0.66
4055,es_step,4000,0.1156,1.000,0.0466,2.73
4056,replay,4000,0.1546,1.000,0.0467,0.65
4057,replay,4000,0.1577,1.000,0.0467,0.66
4058,replay,4000,0.1064,1.000,0.0468,0.66
4059,replay,4000,0.0759,1.000,0.0466,0.66
4060,replay,4000,0.0767,1.000,0.0465,0.66
4061,replay,4000,0.0712,1.000,0.0465,0.65
4062,es_step,4000,0.0690,1.000,0.0465,2.73
4063,replay,4000,0.0843,1.000,0.0466,0.66
4064,replay,4000,0.0382,1.000,0.0467,0.66
4065,replay,4000,0.1452,1.000,0.0467,0.66
4066,replay,4000,0.1800,1.000,0.0469,0.66
4067,replay,4000,0.1724,1.000,0.0471,0.66
4068,es_step,4000,0.1240,0.969,0.0479,2.73
4069,replay,4000,0.1574,1.000,0.0480,0.66
4070,es_step,4000,0.0915,1.000,0.0481,2.72
4071,replay,4000,0.1185,1.000,0.0482,0.66
4072,replay,4000,0.0693,1.000,0.0480,0.67
4073,replay,4000,0.0776,1.000,0.0478,0.67
4074,replay,4000,0.0497,1.000,0.0477,0.67
4075,replay,4000,0.0341,1.000,0.0474,0.66
4076,es_step,4000,0.0342,1.000,0.0474,2.76
4077,replay,4000,0.0416,1.000,0.0473,0.66
4078,es_step,4000,0.0736,1.000,0.0473,2.73
4079,replay,4000,0.0416,1.000,0.0474,0.66
4080,replay,4000,0.0967,1.000,0.0474,0.66
4081,replay,4000,0.1212,1.000,0.0475,0.66
4082,es_step,4000,0.0830,1.000,0.0475,2.73
4083,replay,4000,0.1161,1.000,0.0477,0.66
4084,replay,4000,0.0435,1.000,0.0476,0.66
4085,replay,4000,0.0873,1.000,0.0476,0.66
4086,replay,4000,0.1014,1.000,0.0476,0.66
4087,replay,4000,0.0511,1.000,0.0475,0.66
4088,replay,4000,0.0739,1.000,0.0475,0.66
4089,replay,4000,0.1265,1.000,0.0475,0.67
4090,replay,4000,0.1677,1.000,0.0475,0.67
4091,es_step,4000,0.0546,1.000,0.0475,2.77
4092,replay,4000,0.1239,1.000,0.0475,0.66
4093,replay,4000,0.1216,1.000,0.0475,0.67
4094,replay,4000,0.1678,1.000,0.0477,0.67
4095,es_step,4000,0.0883,1.000,0.0477,2.79
4096,replay,4000,0.1626,1.000,0.0477,0.67
4097,replay,4000,0.1149,1.000,0.0477,0.67
4098,replay,4000,0.0061,1.000,0.0475,0.67
4099,replay,4000,0.0380,1.000,0.0472,0.68
4100,replay,4000,0.0758,1.000,0.0473,0.68
4101,es_step,4000,0.0809,1.000,0.0473,2.80
4102,replay,4000,0.1473,1.000,0.0475,0.68
4103,es_step,4000,0.0998,1.000,0.0475,2.81
4104,replay,4000,0.1309,1.000,0.0476,0.68
4105,replay,4000,0.1808,1.000,0.0477,0.68
4106,replay,4000,0.1393,1.000,0.0478,0.67
4107,es_step,4000,0.0799,0.969,0.0478,2.80
4108,replay,4000,0.1072,1.000,0.0479,0.67
4109,replay,4000,0.0560,1.000,0.0477,0.67
4110,replay,4000,0.0747,1.000,0.0476,0.67
4111,replay,4000,0.0780,1.000,0.0475,0.67
4112,replay,4000,0.0643,1.000,0.0473,0.66
4113,replay,4000,0.0416,1.000,0.0472,0.67
4114,replay,4000,0.0719,1.000,0.0471,0.67
4115,replay,4000,0.0648,1.000,0.0470,0.67
4116,replay,4000,0.0673,1.000,0.0469,0.67
4117,replay,4000,0.0478,1.000,0.0468,0.67
4118,replay,4000,0.0282,1.000,0.0466,0.68
4119,es_step,4000,0.0292,1.000,0.0466,2.79
4120,replay,4000,0.0493,1.000,0.0463,0.67
4121,replay,4000,0.0261,1.000,0.0463,0.68
4122,es_step,4000,0.0607,1.000,0.0463,2.80
4123,replay,4000,0.0729,1.000,0.0463,0.67
4124,replay,4000,0.0770,1.000,0.0463,0.67
4125,es_step,4000,0.0474,1.000,0.0463,2.81
4126,replay,4000,0.0482,1.000,0.0462,0.67
4127,replay,4000,0.1049,1.000,0.0461,0.68
4128,replay,4000,0.0712,1.000,0.0460,0.67
4129,es_step,4000,0.0551,1.000,0.0460,2.79
4130,replay,4000,0.0525,1.000,0.0460,0.67
4131,replay,4000,0.1297,1.000,0.0459,0.67
4132,replay,4000,0.0792,1.000,0.0459,0.67
4133,replay,4000,0.1274,1.000,0.0459,0.67
4134,replay,4000,0.1165,1.000,0.0460,0.67
4135,replay,4000,0.1220,1.000,0.0460,0.67
4136,replay,4000,0.1049,1.000,0.0460,0.67
4137,replay,4000,0.0857,1.000,0.0460,0.67
4138,replay,4000,0.0731,1.000,0.0460,0.67
4139,es_step,4000,0.0426,1.000,0.0460,2.79
4140,replay,4000,0.0825,1.000,0.0459,0.67
4141,replay,4000,0.0964,1.000,0.0459,0.67
4142,replay,4000,0.0714,1.000,0.0460,0.67
4143,replay,4000,0.0940,1.000,0.0460,0.67
4144,replay,4000,0.1265,1.000,0.0463,0.67
4145,replay,4000,0.1680,1.000,0.0464,0.67
4146,es_step,4000,0.1004,1.000,0.0467,2.80
4147,replay,4000,0.1718,1.000,0.0468,0.67
4148,es_step,4000,0.0667,1.000,0.0468,2.79
4149,es_step,4000,0.0644,1.000,0.0468,2.78
4150,es_step,4000,0.0627,1.000,0.0468,2.79
4151,replay,4000,0.1106,1.000,0.0469,0.68
4152,es_step,4000,0.0686,1.000,0.0469,2.77
4153,es_step,4000,0.0783,1.000,0.0469,2.75
4154,replay,4000,0.1423,1.000,0.0469,0.67
4155,replay,4000,0.1271,1.000,0.0469,0.67
4156,es_step,4000,0.0635,1.000,0.0469,2.76
4157,replay,4000,0.0974,1.000,0.0468,0.67
4158,replay,4000,0.0826,1.000,0.0468,0.67
4159,replay,4000,0.0911,1.000,0.0468,0.66
4160,replay,4000,0.0888,1.000,0.0468,0.66
4161,replay,4000,0.0919,1.000,0.0467,0.66
4162,replay,4000,0.0956,1.000,0.0465,0.67
4163,replay,4000,0.0622,1.000,0.0463,0.67
4164,es_step,4000,0.0791,1.000,0.0463,2.77
4165,replay,4000,0.1047,1.000,0.0463,0.67
4166,replay,4000,0.1132,1.000,0.0463,0.66
4167,replay,4000,0.0954,1.000,0.0463,0.67
4168,replay,4000,0.0978,1.000,0.0462,0.67
4169,replay,4000,0.0598,1.000,0.0461,0.67
4170,replay,4000,0.0290,1.000,0.0460,0.67
4171,es_step,4000,0.0296,1.000,0.0460,2.76
4172,es_step,4000,0.0413,1.000,0.0460,2.76
4173,replay,4000,0.0485,1.000,0.0458,0.67
4174,replay,4000,0.1024,1.000,0.0457,0.67
4175,replay,4000,0.0550,1.000,0.0457,0.67
4176,replay,4000,0.0905,1.000,0.0458,0.67
4177,replay,4000,0.1298,1.000,0.0458,0.66
4178,es_step,4000,0.0604,0.969,0.0458,2.76
4179,replay,4000,0.1098,1.000,0.0457,0.67
4180,replay,4000,0.0923,1.000,0.0456,0.67
4181,replay,4000,0.0771,1.000,0.0455,0.67
4182,replay,4000,0.0516,1.000,0.0454,0.67
4183,es_step,4000,0.0557,0.969,0.0454,2.78
4184,replay,4000,0.0852,1.000,0.0454,0.67
4185,es_step,4000,0.0501,1.000,0.0454,2.77
4186,es_step,4000,0.0508,1.000,0.0454,2.78
4187,replay,4000,0.0845,1.000,0.0454,0.67
4188,replay,4000,0.0755,1.000,0.0454,0.67
4189,replay,4000,0.0827,1.000,0.0453,0.68
4190,es_step,4000,0.0529,0.969,0.0454,2.81
4191,replay,4000,0.1026,1.000,0.0453,0.68
4192,replay,4000,0.0597,1.000,0.0453,0.67
4193,replay,4000,0.0993,1.000,0.0454,0.67
4194,replay,4000,0.1748,1.000,0.0456,0.67
4195,replay,4000,0.1670,1.000,0.0457,0.67
4196,replay,4000,0.1586,1.000,0.0459,0.67
4197,replay,4000,0.1477,1.000,0.0459,0.67
4198,replay,4000,0.1512,1.000,0.0461,0.67
4199,replay,4000,0.1630,1.000,0.0464,0.68
4200,replay,4000,0.1569,1.000,0.0464,0.67
4201,es_step,4000,0.0666,1.000,0.0465,2.79
4202,replay,4000,0.1068,1.000,0.0465,0.66
4203,replay,4000,0.0752,1.000,0.0463,0.66
4204,replay,4000,0.0596,1.000,0.0463,0.67
4205,replay,4000,0.0655,1.000,0.0462,0.67
4206,replay,4000,0.0461,1.000,0.0461,0.67
4207,replay,4000,0.0801,1.000,0.0460,0.66
4208,replay,4000,0.1069,1.000,0.0461,0.66
4209,replay,4000,-0.0021,1.000,0.0459,0.67
4210,es_step,4000,0.0810,1.000,0.0461,2.76
4211,replay,4000,0.0778,1.000,0.0459,0.66
4212,replay,4000,0.1107,1.000,0.0459,0.67
4213,replay,4000,0.1124,1.000,0.0459,0.67
4214,replay,4000,0.1278,1.000,0.0459,0.66
4215,replay,4000,0.0992,1.000,0.0459,0.66
4216,replay,4000,0.0987,1.000,0.0459,0.66
4217,replay,4000,0.0250,1.000,0.0459,0.66
4218,replay,4000,0.1258,1.000,0.0459,0.66
4219,replay,4000,0.1153,1.000,0.0461,0.67
4220,es_step,4000,0.1128,1.000,0.0462,5.05
4221,replay,4000,0.1014,1.000,0.0463,0.67
4222,replay,4000,0.1448,1.000,0.0464,0.67
4223,es_step,4000,0.0901,1.000,0.0464,2.78
4224,replay,4000,0.1224,1.000,0.0465,0.66
4225,replay,4000,0.1160,1.000,0.0465,0.67
4226,replay,4000,0.0821,1.000,0.0464,0.67
4227,replay,4000,0.0684,1.000,0.0464,0.67
4228,replay,4000,0.0301,1.000,0.0463,0.67
4229,replay,4000,0.0471,1.000,0.0461,0.67
4230,replay,4000,0.0377,1.000,0.0460,0.67
4231,replay,4000,0.0363,1.000,0.0458,0.67
4232,replay,4000,0.0669,1.000,0.0457,0.67
4233,es_step,4000,0.0548,0.969,0.0457,2.78
4234,es_step,4000,0.0607,0.938,0.0457,2.76
4235,es_step,4000,0.0660,0.969,0.0457,2.75
4236,replay,4000,0.0411,1.000,0.0456,0.67
4237,replay,4000,0.0643,1.000,0.0455,0.66
4238,replay,4000,0.0665,1.000,0.0455,0.66
4239,replay,4000,0.1322,1.000,0.0455,0.67
4240,replay,4000,0.1316,1.000,0.0454,0.67
4241,replay,4000,0.0912,1.000,0.0454,0.66
4242,replay,4000,0.0720,1.000,0.0455,0.67
4243,replay,4000,0.1221,1.000,0.0456,0.67
4244,replay,4000,0.0948,1.000,0.0456,0.66
4245,replay,4000,0.1390,1.000,0.0458,0.67
4246,replay,4000,0.1571,1.000,0.0459,0.67
4247,es_step,4000,0.1313,0.938,0.0470,2.76
4248,es_step,4000,0.1299,0.969,0.0476,2.76
4249,replay,4000,0.2001,1.000,0.0477,0.67
4250,replay,4000,0.1424,1.000,0.0479,0.67
4251,es_step,4000,0.1515,1.000,0.0482,2.78
4252,replay,4000,0.1604,1.000,0.0484,0.67
4253,replay,4000,0.1681,1.000,0.0488,0.67
4254,replay,4000,0.1508,1.000,0.0489,0.67
4255,replay,4000,0.1532,1.000,0.0489,0.67
4256,replay,4000,0.1330,1.000,0.0489,0.67
4257,replay,4000,0.1733,1.000,0.0489,0.67
4258,replay,4000,0.1526,1.000,0.0490,0.67
4259,replay,4000,0.1373,1.000,0.0490,0.67
4260,replay,4000,0.1195,1.000,0.0490,0.67
4261,replay,4000,0.1302,1.000,0.0491,0.67
4262,replay,4000,0.1060,1.000,0.0491,0.67
4263,replay,4000,0.1174,1.000,0.0490,0.66
4264,replay,4000,0.0755,1.000,0.0490,0.66
4265,es_step,4000,0.0716,1.000,0.0491,2.78
4266,replay,4000,0.0858,1.000,0.0491,0.67
4267,replay,4000,0.0888,1.000,0.0491,0.67
4268,replay,4000,0.0930,1.000,0.0490,0.67
4269,es_step,4000,0.0536,1.000,0.0490,2.80
4270,replay,4000,0.0759,1.000,0.0489,0.67
4271,replay,4000,0.0482,1.000,0.0488,0.67
4272,replay,4000,0.0962,1.000,0.0487,0.67
4273,es_step,4000,0.0864,0.969,0.0488,2.79
4274,replay,4000,0.1083,1.000,0.0488,0.67
4275,replay,4000,0.1466,1.000,0.0489,0.68
4276,replay,4000,0.1646,1.000,0.0491,0.67
4277,replay,4000,0.1294,1.000,0.0491,0.67
4278,replay,4000,0.1467,1.000,0.0491,0.67
4279,replay,4000,0.1500,1.000,0.0492,0.67
4280,replay,4000,0.1324,1.000,0.0492,0.67
4281,replay,4000,0.0430,1.000,0.0491,0.67
4282,replay,4000,0.0367,1.000,0.0490,0.67
4283,replay,4000,0.0441,1.000,0.0489,0.68
4284,replay,4000,0.0503,1.000,0.0486,0.68
4285,replay,4000,0.0599,1.000,0.0484,0.67
4286,replay,4000,0.0890,1.000,0.0484,0.67
4287,replay,4000,0.0566,1.000,0.0483,0.68
4288,replay,4000,0.0646,1.000,0.0481,0.67
4289,replay,4000,0.0936,1.000,0.0480,0.67
4290,replay,4000,0.0754,1.000,0.0478,0.68
4291,replay,4000,0.0930,1.000,0.0479,0.68
4292,replay,4000,0.0766,1.000,0.0480,0.67
4293,replay,4000,0.1038,1.000,0.0480,0.67
4294,replay,4000,0.1034,1.000,0.0480,0.67
4295,replay,4000,0.1484,1.000,0.0480,0.67
4296,replay,4000,0.1134,1.000,0.0480,0.67
4297,replay,4000,0.1017,1.000,0.0481,0.67
4298,replay,4000,0.1172,1.000,0.0481,0.68
4299,replay,4000,0.1337,1.000,0.0482,0.68
4300,replay,4000,0.0430,1.000,0.0480,0.67
4301,replay,4000,0.0682,1.000,0.0479,0.67
4302,replay,4000,0.0877,1.000,0.0480,0.67
4303,replay,4000,0.0780,1.000,0.0479,0.67
4304,replay,4000,0.0743,1.000,0.0479,0.67
4305,replay,4000,0.0936,1.000,0.0477,0.67
4306,replay,4000,0.0751,1.000,0.0478,0.68
4307,es_step,4000,0.0779,1.000,0.0478,2.81
4308,replay,4000,0.1358,1.000,0.0479,0.67
4309,es_step,4000,0.0846,1.000,0.0479,2.80
4310,replay,4000,0.0856,1.000,0.0479,0.68
4311,replay,4000,0.0984,1.000,0.0478,0.68
4312,replay,4000,0.0763,1.000,0.0477,0.67
4313,replay,4000,0.0624,1.000,0.0477,0.67
4314,replay,4000,0.0876,1.000,0.0478,0.67
4315,replay,4000,0.1454,1.000,0.0479,0.67
4316,es_step,4000,0.0864,1.000,0.0481,2.82
4317,replay,4000,0.1448,1.000,0.0480,0.68
4318,replay,4000,0.1730,1.000,0.0481,0.68
4319,replay,4000,0.1771,1.000,0.0482,0.67
4320,replay,4000,0.1731,1.000,0.0484,0.67
4321,es_step,4000,0.1090,1.000,0.0485,2.80
4322,replay,4000,0.1274,1.000,0.0485,0.68
4323,replay,4000,0.1636,1.000,0.0486,0.68
4324,replay,4000,0.0987,1.000,0.0486,0.68
4325,es_step,4000,0.0853,1.000,0.0487,2.80
4326,replay,4000,0.1392,1.000,0.0487,0.68
4327,replay,4000,0.1352,1.000,0.0487,0.68
4328,replay,4000,0.1056,1.000,0.0488,0.68
4329,replay,4000,0.1216,1.000,0.0489,0.68
4330,replay,4000,0.1048,1.000,0.0489,0.68
4331,replay,4000,0.0660,1.000,0.0487,0.68
4332,replay,4000,0.0763,1.000,0.0487,0.68
4333,replay,4000,0.0166,1.000,0.0486,0.68
4334,replay,4000,0.0525,1.000,0.0484,0.67
4335,replay,4000,0.1012,1.000,0.0483,0.67
4336,replay,4000,0.1050,1.000,0.0482,0.68
4337,replay,4000,0.1475,1.000,0.0482,0.68
4338,replay,4000,0.1267,1.000,0.0482,0.67
4339,replay,4000,0.1034,1.000,0.0482,0.68
4340,es_step,4000,0.0896,1.000,0.0484,2.80
4341,replay,4000,0.0834,1.000,0.0483,0.67
4342,replay,4000,0.1422,1.000,0.0484,0.67
4343,replay,4000,0.1298,1.000,0.0486,0.67
4344,replay,4000,0.1247,1.000,0.0487,0.67
4345,es_step,4000,0.1180,1.000,0.0490,2.80
4346,replay,4000,0.1422,1.000,0.0491,0.67
4347,replay,4000,0.1170,1.000,0.0491,0.67
4348,replay,4000,0.0911,1.000,0.0491,0.68
4349,es_step,4000,0.0716,1.000,0.0491,2.82
4350,replay,4000,0.1042,1.000,0.0491,0.67
4351,replay,4000,0.0396,1.000,0.0491,0.67
4352,replay,4000,0.0937,1.000,0.0491,0.67
4353,replay,4000,0.1291,1.000,0.0492,0.68
4354,es_step,4000,0.0962,1.000,0.0494,2.79
4355,replay,4000,0.1139,1.000,0.0493,0.67
4356,replay,4000,0.1162,1.000,0.0496,0.68
4357,replay,4000,0.1305,1.000,0.0496,0.68
4358,replay,4000,0.0981,1.000,0.0497,0.68
4359,replay,4000,0.0934,1.000,0.0498,0.67
4360,replay,4000,0.1710,1.000,0.0498,0.67
4361,replay,4000,0.1297,1.000,0.0500,0.68
4362,replay,4000,0.1689,1.000,0.0501,0.68
4363,replay,4000,0.1429,1.000,0.0503,0.67
4364,replay,4000,0.1444,1.000,0.0503,0.67
4365,replay,4000,0.0838,1.000,0.0503,0.67
4366,replay,4000,0.0282,1.000,0.0502,0.67
4367,replay,4000,0.0480,1.000,0.0501,0.67
4368,replay,4000,0.0754,1.000,0.0500,0.67
4369,es_step,4000,0.0648,1.000,0.0500,2.81
4370,replay,4000,0.0626,1.000,0.0500,0.67
4371,replay,4000,0.0932,1.000,0.0500,0.67
4372,es_step,4000,0.0941,1.000,0.0500,2.80
4373,es_step,4000,0.0924,0.969,0.0500,2.82
4374,replay,4000,0.1245,1.000,0.0501,0.67
4375,replay,4000,0.0920,1.000,0.0500,0.67
4376,replay,4000,0.0863,1.000,0.0500,0.67
4377,replay,4000,0.1297,1.000,0.0500,0.67
4378,replay,4000,0.0602,1.000,0.0500,0.67
4379,replay,4000,0.0997,1.000,0.0498,0.67
4380,replay,4000,0.0713,1.000,0.0497,0.67
4381,es_step,4000,0.0705,1.000,0.0497,2.80
4382,replay,4000,0.0809,1.000,0.0496,0.67
4383,es_step,4000,0.0691,1.000,0.0496,2.77
4384,es_step,4000,0.0653,1.000,0.0496,2.79
4385,es_step,4000,0.0669,1.000,0.0496,2.78
4386,replay,4000,0.0828,1.000,0.0496,0.67
4387,replay,4000,0.0577,1.000,0.0495,0.67
4388,replay,4000,0.1114,1.000,0.0494,0.67
4389,replay,4000,0.0944,1.000,0.0493,0.67
4390,es_step,4000,0.0651,1.000,0.0493,2.78
4391,replay,4000,0.0714,1.000,0.0492,0.67
4392,replay,4000,0.0920,1.000,0.0492,0.67
4393,replay,4000,0.1251,1.000,0.0492,0.67
4394,replay,4000,0.0145,1.000,0.0492,0.67
4395,es_step,4000,0.1137,1.000,0.0493,2.80
4396,es_step,4000,0.1018,0.969,0.0493,2.80
4397,replay,4000,0.0808,1.000,0.0494,0.68
4398,replay,4000,0.1540,1.000,0.0496,0.67
4399,es_step,4000,0.1575,1.000,0.0508,2.80
4400,replay,4000,0.1580,1.000,0.0512,0.67
4401,replay,4000,0.2171,1.000,0.0514,0.67
4402,replay,4000,0.1874,1.000,0.0516,0.67
4403,replay,4000,0.1331,1.000,0.0517,0.67
4404,replay,4000,0.1491,1.000,0.0518,0.66
4405,replay,4000,0.1831,1.000,0.0520,0.66
4406,replay,4000,0.1497,1.000,0.0520,0.66
4407,replay,4000,0.1142,1.000,0.0519,0.66
4408,replay,4000,0.1038,1.000,0.0519,0.67
4409,replay,4000,0.0947,1.000,0.0519,0.67
4410,es_step,4000,0.0730,1.000,0.0519,2.77
4411,es_step,4000,0.0660,1.000,0.0519,2.77
4412,replay,4000,0.0641,1.000,0.0518,0.67
4413,es_step,4000,0.0457,1.000,0.0518,2.76
4414,replay,4000,0.0279,1.000,0.0516,0.67
4415,es_step,4000,0.0375,1.000,0.0516,2.78
4416,replay,4000,0.0583,1.000,0.0515,0.66
4417,replay,4000,0.0586,1.000,0.0514,0.67
4418,replay,4000,0.0862,1.000,0.0514,0.67
4419,replay,4000,0.0775,1.000,0.0513,0.67
4420,es_step,4000,0.0510,1.000,0.0513,2.78
4421,replay,4000,0.0620,1.000,0.0511,0.67
4422,replay,4000,0.0439,1.000,0.0510,0.67
4423,replay,4000,0.0732,1.000,0.0509,0.67
4424,replay,4000,0.0615,1.000,0.0507,0.67
4425,replay,4000,0.0323,1.000,0.0506,0.67
4426,es_step,4000,0.0390,1.000,0.0506,2.77
4427,replay,4000,0.0456,1.000,0.0505,0.67
4428,replay,4000,0.0485,1.000,0.0504,0.67
4429,replay,4000,0.0284,1.000,0.0502,0.67
4430,replay,4000,0.0624,1.000,0.0501,0.67
4431,replay,4000,0.1289,1.000,0.0500,0.67
4432,replay,4000,0.0750,1.000,0.0500,0.67
4433,replay,4000,-0.0946,1.000,0.0501,0.67
4434,replay,4000,0.1398,1.000,0.0500,0.67
4435,es_step,4000,0.1159,1.000,0.0503,2.79
4436,replay,4000,0.1726,1.000,0.0504,0.68
4437,replay,4000,0.1782,1.000,0.0505,0.67
4438,es_step,4000,0.1196,1.000,0.0508,2.78
4439,replay,4000,0.1837,1.000,0.0509,0.67
4440,replay,4000,0.1935,1.000,0.0510,0.67
4441,replay,4000,0.1850,1.000,0.0511,0.67
4442,replay,4000,0.1606,1.000,0.0513,0.67
4443,es_step,4000,0.1316,0.969,0.0515,2.79
4444,replay,4000,0.1400,1.000,0.0517,0.68
4445,replay,4000,0.1331,1.000,0.0517,0.68
4446,replay,4000,0.0868,1.000,0.0517,0.67
4447,replay,4000,0.0442,1.000,0.0516,0.68
4448,replay,4000,0.0293,1.000,0.0514,0.68
4449,replay,4000,0.0736,1.000,0.0514,0.67
4450,replay,4000,0.0519,1.000,0.0512,0.68
4451,replay,4000,0.0631,1.000,0.0511,0.68
4452,es_step,4000,0.0490,1.000,0.0511,2.81
4453,es_step,4000,0.0403,1.000,0.0511,2.81
4454,replay,4000,0.0499,1.000,0.0510,0.67
4455,replay,4000,0.0618,1.000,0.0510,0.68
4456,replay,4000,0.0800,1.000,0.0510,0.67
4457,es_step,4000,0.0684,1.000,0.0510,2.79
4458,es_step,4000,0.0673,1.000,0.0510,2.79
4459,replay,4000,-0.0888,1.000,0.0508,0.67
4460,replay,4000,0.1347,1.000,0.0508,0.68
4461,replay,4000,0.1216,1.000,0.0510,0.68
4462,replay,4000,0.1554,1.000,0.0511,0.68
4463,replay,4000,0.1569,1.000,0.0512,0.68
4464,es_step,4000,0.1130,1.000,0.0512,2.80
4465,replay,4000,0.1528,1.000,0.0513,0.67
4466,replay,4000,0.1217,1.000,0.0514,0.67
4467,replay,4000,0.1167,1.000,0.0514,0.67
4468,replay,4000,0.1190,1.000,0.0514,0.67
4469,replay,4000,0.1195,1.000,0.0514,0.67
4470,replay,4000,0.0247,1.000,0.0511,0.67
4471,replay,4000,0.0669,1.000,0.0510,0.67
4472,replay,4000,0.0868,1.000,0.0510,0.67
4473,replay,4000,0.0475,1.000,0.0509,0.67
4474,replay,4000,0.0746,1.000,0.0510,0.67
4475,replay,4000,0.0283,1.000,0.0507,0.67
4476,replay,4000,0.0601,1.000,0.0506,0.67
4477,es_step,4000,0.0893,1.000,0.0507,2.80
4478,replay,4000,0.1270,1.000,0.0507,0.67
4479,replay,4000,0.1519,1.000,0.0509,0.67
4480,replay,4000,0.0654,1.000,0.0508,0.67
4481,es_step,4000,0.1085,1.000,0.0510,2.77
4482,replay,4000,0.1294,1.000,0.0511,0.67
4483,replay,4000,0.1682,1.000,0.0512,0.67
4484,replay,4000,0.1284,1.000,0.0511,0.67
4485,replay,4000,0.1169,1.000,0.0511,3.02
4486,replay,4000,0.0620,1.000,0.0509,0.67
4487,replay,4000,-0.1398,1.000,0.0506,0.68
4488,replay,4000,0.0754,1.000,0.0506,0.68
4489,replay,4000,0.0953,1.000,0.0506,0.67
4490,replay,4000,0.0832,1.000,0.0505,0.67
4491,replay,4000,0.0754,1.000,0.0504,0.67
4492,replay,4000,0.1043,1.000,0.0504,0.67
4493,replay,4000,0.0876,1.000,0.0503,0.67
4494,replay,4000,0.1309,1.000,0.0503,0.67
4495,es_step,4000,0.0638,1.000,0.0503,2.78
4496,replay,4000,0.1078,1.000,0.0503,0.67
4497,es_step,4000,0.0839,1.000,0.0504,2.79
4498,replay,4000,0.1228,1.000,0.0504,0.68
4499,replay,4000,0.1187,1.000,0.0504,0.67
4500,replay,4000,0.1499,1.000,0.0504,0.67
4501,replay,4000,0.1222,1.000,0.0503,0.67
4502,replay,4000,-0.0068,1.000,0.0503,0.67
4503,replay,4000,0.1825,1.000,0.0505,0.68
4504,replay,4000,0.2044,1.000,0.0507,0.67
4505,replay,4000,0.1539,1.000,0.0506,0.67
4506,es_step,4000,0.1090,1.000,0.0507,2.80
4507,es_step,4000,0.1196,0.938,0.0509,2.79
4508,replay,4000,0.1493,1.000,0.0510,0.67
4509,replay,4000,0.1377,1.000,0.0511,0.67
4510,replay,4000,0.1228,1.000,0.0511,0.67
4511,replay,4000,0.0934,1.000,0.0512,0.66
4512,replay,4000,0.0534,1.000,0.0511,0.67
4513,replay,4000,0.0306,1.000,0.0509,0.67
4514,es_step,4000,0.0304,1.000,0.0509,2.78
4515,replay,4000,0.0765,1.000,0.0508,0.67
4516,replay,4000,0.0372,1.000,0.0504,0.67
4517,replay,4000,0.0606,1.000,0.0502,0.67
4518,replay,4000,0.0550,1.000,0.0501,0.67
4519,replay,4000,0.0480,1.000,0.0499,0.67
4520,replay,4000,0.0740,1.000,0.0497,0.67
4521,replay,4000,0.0518,1.000,0.0496,0.67
4522,replay,4000,0.0773,1.000,0.0496,0.67
4523,replay,4000,0.0491,1.000,0.0495,0.67
4524,replay,4000,0.0812,1.000,0.0494,0.67
4525,es_step,4000,0.0539,0.969,0.0494,2.77
4526,replay,4000,0.0612,1.000,0.0493,0.67
4527,replay,4000,0.0492,1.000,0.0492,0.67
4528,replay,4000,0.0815,1.000,0.0492,0.67
4529,es_step,4000,0.0459,0.969,0.0492,2.77
4530,es_step,4000,0.0559,1.000,0.0492,2.78
4531,es_step,4000,0.0577,1.000,0.0492,2.77
4532,replay,4000,0.0655,1.000,0.0491,0.67
4533,replay,4000,0.0751,1.000,0.0491,0.67
4534,replay,4000,0.0758,1.000,0.0490,0.67
4535,es_step,4000,0.0442,0.969,0.0490,2.78
4536,replay,4000,0.0570,1.000,0.0489,0.67
4537,replay,4000,0.0507,1.000,0.0489,0.67
4538,replay,4000,0.0727,1.000,0.0488,0.67
4539,es_step,4000,0.0558,0.969,0.0488,2.79
4540,replay,4000,0.0756,1.000,0.0487,0.68
4541,replay,4000,0.0588,1.000,0.0486,0.67
4542,replay,4000,0.0778,1.000,0.0486,0.67
4543,replay,4000,0.0487,1.000,0.0485,0.67
4544,replay,4000,0.0714,1.000,0.0484,0.67
4545,es_step,4000,0.0546,1.000,0.0484,2.80
4546,replay,4000,0.0639,1.000,0.0483,0.67
4547,replay,4000,0.0795,1.000,0.0483,0.67
4548,replay,4000,0.0835,1.000,0.0482,0.67
4549,replay,4000,0.1189,1.000,0.0484,0.67
4550,replay,4000,0.1510,1.000,0.0485,0.67
4551,replay,4000,0.1231,1.000,0.0484,0.67
4552,replay,4000,0.0840,1.000,0.0485,0.68
4553,replay,4000,0.0733,1.000,0.0484,0.67
4554,es_step,4000,0.0503,0.969,0.0484,2.82
4555,replay,4000,0.0431,1.000,0.0483,0.68
4556,replay,4000,0.0400,1.000,0.0482,0.68
4557,replay,4000,0.0133,1.000,0.0481,0.68
4558,replay,4000,0.0537,1.000,0.0478,0.68
4559,replay,4000,0.0695,1.000,0.0478,0.67
4560,replay,4000,0.1414,1.000,0.0478,0.68
4561,replay,4000,0.1456,1.000,0.0477,0.68
4562,es_step,4000,0.1091,1.000,0.0481,2.88
4563,replay,4000,0.1655,1.000,0.0482,0.67
4564,replay,4000,0.1458,1.000,0.0484,0.68
4565,replay,4000,0.1511,1.000,0.0485,0.68
4566,es_step,4000,0.1048,0.969,0.0486,2.81
4567,replay,4000,0.1412,1.000,0.0487,0.67
4568,replay,4000,0.1105,1.000,0.0487,0.67
4569,replay,4000,0.1038,1.000,0.0488,0.67
4570,replay,4000,0.1093,1.000,0.0488,0.67
4571,es_step,4000,0.1007,1.000,0.0489,2.80
4572,replay,4000,0.1250,1.000,0.0489,0.68
4573,replay,4000,0.1439,1.000,0.0490,0.68
4574,replay,4000,0.0496,1.000,0.0490,0.67
4575,replay,4000,0.1060,1.000,0.0489,0.67
4576,replay,4000,0.1250,1.000,0.0489,0.67
4577,replay,4000,0.1172,1.000,0.0489,0.68
4578,replay,4000,0.0902,1.000,0.0488,0.68
4579,replay,4000,0.0235,1.000,0.0488,0.67
4580,replay,4000,0.0771,1.000,0.0488,0.67
4581,replay,4000,0.0892,1.000,0.0489,0.68
4582,es_step,4000,0.0506,0.969,0.0489,2.82
4583,replay,4000,0.0992,1.000,0.0488,0.68
4584,replay,4000,0.0685,1.000,0.0487,0.68
4585,replay,4000,0.0853,1.000,0.0489,0.67
4586,replay,4000,0.0952,1.000,0.0488,0.67
4587,es_step,4000,0.0615,0.906,0.0488,2.78
4588,es_step,4000,0.0561,0.969,0.0488,2.77
4589,es_step,4000,0.0501,0.969,0.0488,2.77
4590,es_step,4000,0.0484,0.969,0.0488,2.78
4591,replay,4000,0.0872,1.000,0.0488,0.68
4592,replay,4000,0.0552,1.000,0.0487,0.67
4593,replay,4000,-0.0002,1.000,0.0486,0.67
4594,replay,4000,0.0652,1.000,0.0485,0.67
4595,replay,4000,0.0651,1.000,0.0486,0.67
4596,replay,4000,0.0863,1.000,0.0483,0.67
4597,replay,4000,0.1011,1.000,0.0483,0.67
4598,replay,4000,0.0698,1.000,0.0482,0.67
4599,replay,4000,0.0784,1.000,0.0482,0.68
4600,replay,4000,0.0760,1.000,0.0482,0.67
4601,replay,4000,0.1239,1.000,0.0482,0.67
4602,replay,4000,0.1139,1.000,0.0482,0.67
4603,replay,4000,0.1119,1.000,0.0482,0.67
4604,es_step,4000,0.0502,1.000,0.0482,2.77
4605,es_step,4000,0.0545,1.000,0.0482,2.78
4606,replay,4000,0.1158,1.000,0.0481,0.67
4607,replay,4000,0.0319,1.000,0.0480,0.68
4608,replay,4000,0.0097,1.000,0.0480,0.67
4609,es_step,4000,0.1063,1.000,0.0482,2.80
4610,es_step,4000,0.1061,1.000,0.0485,2.78
4611,replay,4000,0.1539,1.000,0.0485,0.67
4612,replay,4000,0.1352,1.000,0.0487,0.67
4613,es_step,4000,0.0781,1.000,0.0487,2.78
4614,replay,4000,0.0922,1.000,0.0487,0.67
4615,replay,4000,0.0897,1.000,0.0487,0.67
4616,replay,4000,0.0790,1.000,0.0486,0.67
4617,replay,4000,0.0457,1.000,0.0485,0.68
4618,replay,4000,0.0954,1.000,0.0483,0.67
4619,es_step,4000,0.0340,1.000,0.0483,2.78
4620,replay,4000,0.0533,1.000,0.0484,0.67
4621,es_step,4000,0.0388,1.000,0.0484,2.79
4622,replay,4000,0.0584,1.000,0.0483,0.67
4623,replay,4000,0.0750,1.000,0.0483,0.67
4624,replay,4000,0.0889,1.000,0.0483,0.67
4625,replay,4000,0.0988,1.000,0.0483,0.68
4626,replay,4000,0.1275,1.000,0.0485,0.68
4627,replay,4000,0.1208,1.000,0.0484,0.67
4628,replay,4000,0.0984,1.000,0.0484,0.67
4629,replay,4000,0.1156,1.000,0.0484,0.67
4630,replay,4000,0.1130,1.000,0.0485,0.68
4631,es_step,4000,0.0400,1.000,0.0485,2.82
4632,replay,4000,0.0725,1.000,0.0483,0.68
4633,replay,4000,0.0544,1.000,0.0482,0.67
4634,replay,4000,0.0575,1.000,0.0481,0.68
4635,replay,4000,0.0759,1.000,0.0481,0.68
4636,replay,4000,0.1059,1.000,0.0480,0.67
4637,es_step,4000,0.0337,1.000,0.0480,2.79
4638,replay,4000,0.0996,1.000,0.0480,0.67
4639,replay,4000,0.0428,1.000,0.0479,0.67
4640,es_step,4000,0.0388,1.000,0.0479,2.79
4641,replay,4000,0.0803,1.000,0.0479,0.67
4642,replay,4000,0.1028,1.000,0.0479,0.68
4643,replay,4000,0.1377,1.000,0.0478,0.67
4644,replay,4000,0.1361,1.000,0.0480,0.67
4645,replay,4000,0.1305,1.000,0.0483,0.67
4646,es_step,4000,0.0727,1.000,0.0483,2.78
4647,replay,4000,0.0176,1.000,0.0483,0.66
4648,es_step,4000,0.0923,1.000,0.0483,2.76
4649,replay,4000,0.1538,1.000,0.0483,0.67
4650,es_step,4000,0.1018,1.000,0.0485,2.76
4651,replay,4000,0.1322,1.000,0.0486,0.66
4652,replay,4000,0.1428,1.000,0.0487,0.67
4653,replay,4000,0.1168,1.000,0.0487,0.67
4654,replay,4000,0.0725,1.000,0.0485,0.67
4655,replay,4000,0.0847,1.000,0.0484,0.67
4656,replay,4000,0.0125,1.000,0.0482,0.66
4657,replay,4000,0.1001,1.000,0.0482,0.67
4658,replay,4000,0.0761,1.000,0.0482,0.67
4659,replay,4000,0.0672,1.000,0.0482,0.66
4660,replay,4000,0.1601,1.000,0.0483,0.66
4661,replay,4000,0.1308,1.000,0.0483,0.67
4662,replay,4000,0.1411,1.000,0.0484,0.67
4663,replay,4000,0.1533,1.000,0.0486,0.67
4664,es_step,4000,0.1042,1.000,0.0488,2.76
4665,replay,4000,0.1172,1.000,0.0488,0.67
4666,replay,4000,0.1335,1.000,0.0489,0.67
4667,replay,4000,0.1273,1.000,0.0490,0.67
4668,replay,4000,0.0789,1.000,0.0491,0.67
4669,replay,4000,0.1010,1.000,0.0491,0.67
4670,replay,4000,0.1370,1.000,0.0492,0.66
4671,replay,4000,0.1424,1.000,0.0493,0.66
4672,replay,4000,0.1829,1.000,0.0495,0.67
4673,replay,4000,0.1697,1.000,0.0496,0.67
4674,replay,4000,0.1428,1.000,0.0497,0.67
4675,replay,4000,0.1323,1.000,0.0497,0.67
4676,replay,4000,0.0970,1.000,0.0497,0.67
4677,es_step,4000,0.0630,1.000,0.0499,2.82
4678,replay,4000,0.0768,1.000,0.0498,0.67
4679,replay,4000,0.0642,1.000,0.0497,0.67
4680,replay,4000,-0.0003,1.000,0.0496,0.68
4681,replay,4000,0.0526,1.000,0.0494,0.68
4682,es_step,4000,0.0669,1.000,0.0494,2.81
4683,replay,4000,0.1099,1.000,0.0494,0.68
4684,es_step,4000,0.0681,1.000,0.0494,2.79
4685,es_step,4000,0.0811,1.000,0.0494,2.78
4686,es_step,4000,0.0706,1.000,0.0494,2.79
4687,replay,4000,0.0962,1.000,0.0493,0.68
4688,replay,4000,0.1242,1.000,0.0493,0.67
4689,replay,4000,0.0655,1.000,0.0493,0.68
4690,replay,4000,0.1105,1.000,0.0492,0.69
4691,es_step,4000,0.0993,0.969,0.0494,2.82
4692,replay,4000,0.1091,1.000,0.0493,0.67
4693,replay,4000,0.1726,1.000,0.0494,0.66
4694,replay,4000,0.1397,1.000,0.0495,0.66
4695,replay,4000,0.1182,1.000,0.0493,0.65
4696,replay,4000,0.1207,1.000,0.0493,0.65
4697,es_step,4000,0.0732,1.000,0.0494,2.74
4698,es_step,4000,0.0733,0.969,0.0494,2.73
4699,es_step,4000,0.0628,1.000,0.0494,2.75
4700,replay,4000,0.0902,1.000,0.0494,0.66
4701,replay,4000,0.0772,1.000,0.0494,0.66
4702,replay,4000,0.0821,1.000,0.0494,0.66
4703,replay,4000,0.0622,1.000,0.0494,0.66
4704,es_step,4000,0.0660,1.000,0.0494,2.75
4705,replay,4000,0.1293,1.000,0.0494,0.66
4706,replay,4000,0.1138,1.000,0.0493,0.66
4707,replay,4000,0.1252,1.000,0.0494,0.66
4708,es_step,4000,0.0855,0.875,0.0494,2.73
4709,replay,4000,0.1113,1.000,0.0494,0.65
4710,replay,4000,0.1133,1.000,0.0495,0.66
4711,replay,4000,0.0646,1.000,0.0494,0.66
4712,es_step,4000,0.0243,0.938,0.0494,2.77
4713,replay,4000,0.0242,1.000,0.0492,0.67
4714,replay,4000,0.0394,1.000,0.0490,0.67
4715,replay,4000,0.0572,1.000,0.0487,0.67
4716,es_step,4000,0.0485,0.969,0.0487,2.78
4717,replay,4000,0.0902,1.000,0.0486,0.67
4718,replay,4000,0.0728,1.000,0.0486,0.67
4719,replay,4000,0.0701,1.000,0.0487,0.67
4720,replay,4000,0.0885,1.000,0.0487,0.67
4721,replay,4000,0.0935,1.000,0.0487,0.67
4722,replay,4000,0.1116,1.000,0.0488,0.68
4723,es_step,4000,0.0783,1.000,0.0488,2.79
4724,replay,4000,0.1407,1.000,0.0489,0.67
4725,replay,4000,0.1324,1.000,0.0490,0.67
4726,replay,4000,0.0996,1.000,0.0489,0.67
4727,replay,4000,0.0811,1.000,0.0489,3.03
4728,es_step,4000,0.0504,0.906,0.0489,2.77
4729,replay,4000,0.0918,1.000,0.0490,0.67
4730,es_step,4000,0.0670,0.875,0.0490,2.77
4731,es_step,4000,0.0577,0.938,0.0490,2.84
4732,replay,4000,0.1057,1.000,0.0490,0.67
4733,replay,4000,0.1150,1.000,0.0490,0.67
4734,replay,4000,0.1147,1.000,0.0490,0.67
4735,es_step,4000,0.0717,0.969,0.0490,2.80
4736,replay,4000,0.0989,1.000,0.0489,0.67
4737,replay,4000,0.1290,1.000,0.0489,0.68
4738,replay,4000,0.0913,1.000,0.0489,0.68
4739,replay,4000,0.1123,1.000,0.0489,0.68
4740,replay,4000,0.1016,1.000,0.0489,0.83
4741,replay,4000,0.0957,1.000,0.0489,0.67
4742,es_step,4000,0.0835,0.875,0.0489,2.79
4743,replay,4000,0.1416,1.000,0.0489,0.67
4744,es_step,4000,0.0913,1.000,0.0490,2.76
4745,es_step,4000,0.0883,1.000,0.0490,2.82
4746,replay,4000,0.1269,1.000,0.0490,0.67
4747,es_step,4000,0.0848,1.000,0.0490,2.76
4748,replay,4000,0.0867,1.000,0.0490,0.67
4749,replay,4000,0.0910,1.000,0.0490,0.66
4750,replay,4000,0.0742,1.000,0.0488,0.66
4751,replay,4000,0.0702,1.000,0.0488,0.66
4752,replay,4000,0.0986,1.000,0.0489,0.67
4753,replay,4000,0.0851,1.000,0.0488,0.67
4754,es_step,4000,0.0918,1.000,0.0489,2.77
4755,es_step,4000,0.0871,1.000,0.0490,2.77
4756,replay,4000,0.1039,1.000,0.0490,0.67
4757,es_step,4000,0.0906,1.000,0.0490,2.76
4758,replay,4000,0.1275,1.000,0.0490,0.66
4759,es_step,4000,0.0688,1.000,0.0490,2.78
4760,replay,4000,0.0801,1.000,0.0489,0.66
4761,replay,4000,0.0758,1.000,0.0490,0.67
4762,es_step,4000,0.0710,1.000,0.0490,2.76
4763,replay,4000,0.0693,1.000,0.0489,0.67
4764,replay,4000,0.0891,1.000,0.0489,0.67
4765,replay,4000,0.0969,1.000,0.0488,0.66
4766,replay,4000,0.0696,1.000,0.0488,0.66
4767,replay,4000,0.1007,1.000,0.0488,0.67
4768,es_step,4000,0.0703,0.969,0.0488,2.76
4769,replay,4000,0.1023,1.000,0.0488,0.67
4770,replay,4000,0.0911,1.000,0.0488,0.67
4771,replay,4000,0.0804,1.000,0.0488,0.67
4772,replay,4000,0.0635,1.000,0.0488,0.67
4773,replay,4000,0.1110,1.000,0.0488,0.67
4774,replay,4000,0.1024,1.000,0.0488,0.67
4775,replay,4000,0.0666,1.000,0.0487,0.67
4776,replay,4000,0.0494,1.000,0.0486,0.67
4777,replay,4000,0.0619,1.000,0.0485,0.67
4778,replay,4000,0.0545,1.000,0.0483,0.67
4779,replay,4000,0.0701,1.000,0.0483,0.67
4780,replay,4000,0.0599,1.000,0.0483,0.67
4781,replay,4000,0.0810,1.000,0.0482,0.67
4782,replay,4000,0.0838,1.000,0.0482,0.66
4783,es_step,4000,0.0660,0.969,0.0482,2.79
4784,es_step,4000,0.0647,0.969,0.0482,2.77
4785,replay,4000,0.0761,1.000,0.0482,0.66
4786,replay,4000,0.0734,1.000,0.0480,0.67
4787,replay,4000,0.0699,1.000,0.0479,0.67
4788,replay,4000,0.0375,1.000,0.0478,0.67
4789,replay,4000,0.0426,1.000,0.0477,0.67
4790,replay,4000,0.0474,1.000,0.0477,0.67
4791,replay,4000,0.0574,1.000,0.0477,0.67
4792,replay,4000,0.0937,1.000,0.0478,0.67
4793,replay,4000,0.0528,1.000,0.0479,0.67
4794,replay,4000,0.0549,1.000,0.0480,0.66
4795,replay,4000,0.0787,1.000,0.0480,0.67
4796,replay,4000,0.1458,1.000,0.0481,0.67
4797,replay,4000,0.1360,1.000,0.0482,0.67
4798,replay,4000,0.0896,1.000,0.0482,0.67
4799,replay,4000,0.1154,1.000,0.0482,0.67
4800,replay,4000,0.1271,1.000,0.0483,0.67
4801,replay,4000,0.1169,1.000,0.0484,0.67
4802,replay,4000,0.0990,1.000,0.0484,0.67
4803,replay,4000,0.1442,1.000,0.0484,0.67
4804,replay,4000,0.1140,1.000,0.0484,0.67
4805,replay,4000,0.1060,1.000,0.0484,0.67
4806,replay,4000,0.0722,1.000,0.0484,0.67
4807,replay,4000,0.0277,1.000,0.0483,0.67
4808,replay,4000,0.0353,1.000,0.0481,0.67
4809,replay,4000,0.0493,1.000,0.0479,0.67
4810,replay,4000,0.0423,1.000,0.0478,0.67
4811,replay,4000,0.0351,1.000,0.0477,0.67
4812,replay,4000,0.0853,1.000,0.0477,0.67
4813,replay,4000,0.0795,1.000,0.0477,0.67
4814,replay,4000,0.0699,1.000,0.0477,0.67
4815,replay,4000,0.1163,1.000,0.0477,0.67
4816,replay,4000,0.1072,1.000,0.0478,0.68
4817,es_step,4000,0.0877,0.938,0.0478,2.79
4818,replay,4000,0.1199,1.000,0.0478,0.66
4819,replay,4000,0.1108,1.000,0.0478,0.67
4820,replay,4000,0.1008,1.000,0.0478,0.67
4821,replay,4000,0.1095,1.000,0.0479,0.66
4822,replay,4000,0.0813,1.000,0.0479,0.67
4823,replay,4000,0.0341,1.000,0.0478,0.67
4824,es_step,4000,0.0650,0.906,0.0478,2.78
4825,replay,4000,0.0998,1.000,0.0478,0.67
4826,replay,4000,0.1070,1.000,0.0477,0.67
4827,replay,4000,0.0896,1.000,0.0478,0.67
4828,replay,4000,0.0677,1.000,0.0477,0.66
4829,es_step,4000,0.0505,0.969,0.0477,2.77
4830,es_step,4000,0.0481,1.000,0.0477,2.78
4831,replay,4000,0.0687,1.000,0.0477,0.67
4832,replay,4000,0.0660,1.000,0.0476,0.67
4833,replay,4000,0.0376,1.000,0.0474,0.67
4834,replay,4000,-0.2412,1.000,0.0473,0.67
4835,es_step,4000,0.0835,0.906,0.0475,2.78
4836,replay,4000,0.1408,1.000,0.0476,0.67
4837,replay,4000,0.1592,1.000,0.0476,0.67
4838,replay,4000,0.1453,1.000,0.0479,0.67
4839,es_step,4000,0.0893,1.000,0.0479,2.80
4840,replay,4000,0.1262,1.000,0.0480,0.68
4841,replay,4000,0.0684,1.000,0.0479,0.67
4842,es_step,4000,0.0689,1.000,0.0479,2.79
4843,replay,4000,0.1101,1.000,0.0481,0.67
4844,es_step,4000,0.0558,1.000,0.0481,2.79
4845,replay,4000,0.0915,1.000,0.0480,0.67
4846,replay,4000,0.1115,1.000,0.0483,0.67
4847,replay,4000,0.1422,1.000,0.0483,0.67
4848,replay,4000,0.1062,1.000,0.0483,0.67
4849,replay,4000,0.1124,1.000,0.0482,0.68
4850,replay,4000,0.1365,1.000,0.0483,0.67
4851,replay,4000,0.1552,1.000,0.0484,0.67
4852,replay,4000,0.1000,1.000,0.0484,0.67
4853,replay,4000,0.1100,1.000,0.0484,0.67
4854,replay,4000,0.0972,1.000,0.0485,0.67
4855,replay,4000,0.1030,1.000,0.0486,0.67
4856,es_step,4000,0.0718,1.000,0.0486,2.81
4857,replay,4000,0.0877,1.000,0.0484,0.67
4858,replay,4000,0.0810,1.000,0.0485,0.67
4859,replay,4000,0.1135,1.000,0.0484,0.68
4860,replay,4000,0.0954,1.000,0.0484,0.67
4861,replay,4000,0.0769,1.000,0.0483,0.67
4862,replay,4000,0.0585,1.000,0.0481,0.67
4863,es_step,4000,0.0493,1.000,0.0481,2.78
4864,es_step,4000,0.0461,1.000,0.0481,2.78
4865,es_step,4000,0.0394,0.969,0.0481,2.79
4866,replay,4000,0.0830,1.000,0.0480,0.67
4867,replay,4000,0.0413,1.000,0.0479,0.67
4868,replay,4000,0.0721,1.000,0.0478,0.67
4869,es_step,4000,0.0449,0.969,0.0478,2.78
4870,replay,4000,0.0536,1.000,0.0476,0.68
4871,replay,4000,0.0335,1.000,0.0475,0.68
4872,replay,4000,0.0695,1.000,0.0475,0.67
4873,replay,4000,0.0060,1.000,0.0473,0.68
4874,replay,4000,0.0923,1.000,0.0473,0.68
4875,es_step,4000,0.0724,1.000,0.0473,2.83
4876,replay,4000,0.1274,1.000,0.0473,0.68
4877,es_step,4000,0.0708,0.969,0.0473,2.79
4878,replay,4000,0.1260,1.000,0.0475,0.67
4879,replay,4000,0.1141,1.000,0.0474,0.67
4880,replay,4000,0.0913,1.000,0.0474,0.67
4881,es_step,4000,0.0613,0.938,0.0474,2.81
4882,es_step,4000,0.0439,0.938,0.0474,2.81
4883,replay,4000,0.0849,1.000,0.0476,0.68
4884,replay,4000,0.0646,1.000,0.0475,0.68
4885,replay,4000,0.0532,1.000,0.0473,0.68
4886,replay,4000,0.0077,1.000,0.0469,0.68
4887,es_step,4000,0.0186,1.000,0.0469,2.84
4888,replay,4000,0.0382,1.000,0.0469,0.68
4889,replay,4000,0.0779,1.000,0.0469,0.68
4890,replay,4000,0.0959,1.000,0.0468,0.68
4891,replay,4000,0.0619,1.000,0.0469,0.68
4892,es_step,4000,0.0743,1.000,0.0469,2.85
4893,replay,4000,0.0896,1.000,0.0469,0.68
4894,replay,4000,0.1382,1.000,0.0470,0.68
4895,replay,4000,0.1255,1.000,0.0470,0.68
4896,replay,4000,0.1483,1.000,0.0471,0.68
4897,es_step,4000,0.1005,1.000,0.0473,2.81
4898,replay,4000,0.1405,1.000,0.0475,0.68
4899,replay,4000,0.1236,1.000,0.0475,0.68
4900,replay,4000,0.0684,1.000,0.0474,0.69
4901,es_step,4000,0.0346,1.000,0.0474,2.82
4902,replay,4000,0.0407,1.000,0.0474,0.68
4903,es_step,4000,0.0375,1.000,0.0475,2.83
4904,replay,4000,0.0945,1.000,0.0474,0.68
4905,replay,4000,0.0849,1.000,0.0474,0.68
4906,replay,4000,0.0884,1.000,0.0474,0.68
4907,replay,4000,0.1161,1.000,0.0475,0.69
4908,replay,4000,0.1122,1.000,0.0475,0.69
4909,replay,4000,0.0717,1.000,0.0478,0.69
4910,replay,4000,0.0835,1.000,0.0477,0.69
4911,replay,4000,0.0000,1.000,0.0476,0.69
4912,replay,4000,0.0912,1.000,0.0476,0.68
4913,replay,4000,0.1280,1.000,0.0477,0.69
4914,replay,4000,0.1668,1.000,0.0477,0.69
4915,replay,4000,0.1083,1.000,0.0478,0.68
4916,es_step,4000,0.0981,0.969,0.0478,2.81
4917,es_step,4000,0.0851,0.969,0.0479,2.78
4918,es_step,4000,0.0973,0.938,0.0479,2.77
4919,replay,4000,0.1257,1.000,0.0479,0.67
4920,replay,4000,0.1060,1.000,0.0479,0.67
4921,replay,4000,0.1178,1.000,0.0480,0.68
4922,replay,4000,0.1153,1.000,0.0480,0.68
4923,es_step,4000,0.0635,1.000,0.0480,2.83
4924,replay,4000,0.1083,1.000,0.0481,0.68
4925,replay,4000,0.0584,1.000,0.0481,0.69
4926,replay,4000,0.1341,1.000,0.0481,0.69
4927,replay,4000,0.1270,1.000,0.0482,0.69
4928,replay,4000,0.1577,1.000,0.0483,0.68
4929,es_step,4000,0.1045,1.000,0.0485,2.84
4930,replay,4000,0.1249,1.000,0.0485,0.68
4931,replay,4000,0.1257,1.000,0.0486,0.68
4932,replay,4000,0.1029,1.000,0.0486,0.69
4933,replay,4000,0.1125,1.000,0.0487,0.69
4934,replay,4000,0.0419,1.000,0.0485,0.69
4935,replay,4000,0.0700,1.000,0.0485,0.69
4936,replay,4000,0.0902,1.000,0.0487,0.69
4937,es_step,4000,0.0644,1.000,0.0487,2.85
4938,replay,4000,0.0775,1.000,0.0487,0.69
4939,es_step,4000,0.0598,1.000,0.0487,2.84
4940,replay,4000,0.0750,1.000,0.0487,0.68
4941,replay,4000,0.1043,1.000,0.0487,0.68
4942,replay,4000,0.0556,1.000,0.0486,0.68
4943,replay,4000,0.0669,1.000,0.0486,0.68
4944,replay,4000,0.0584,1.000,0.0485,0.68
4945,replay,4000,0.0288,1.000,0.0483,0.69
4946,replay,4000,0.1028,1.000,0.0483,0.68
4947,es_step,4000,0.0534,1.000,0.0483,2.80
4948,replay,4000,0.0748,1.000,0.0482,0.68
4949,replay,4000,0.0504,1.000,0.0481,0.68
4950,es_step,4000,0.0446,0.938,0.0481,2.79
4951,replay,4000,0.0539,1.000,0.0481,0.68
4952,replay,4000,0.0542,1.000,0.0480,0.68
4953,es_step,4000,0.0439,0.969,0.0481,2.81
4954,replay,4000,0.0642,1.000,0.0481,0.68
4955,replay,4000,0.0961,1.000,0.0480,0.68
4956,replay,4000,0.1019,1.000,0.0481,0.68
4957,replay,4000,0.1389,1.000,0.0482,0.68
4958,es_step,4000,0.0906,1.000,0.0486,2.81
4959,es_step,4000,0.0973,1.000,0.0489,2.78
4960,replay,4000,0.1078,1.000,0.0491,0.67
4961,replay,4000,0.0600,1.000,0.0492,0.68
4962,replay,4000,0.0825,1.000,0.0490,0.68
4963,replay,4000,0.0497,1.000,0.0490,0.68
4964,replay,4000,0.0630,1.000,0.0489,0.68
4965,replay,4000,0.0757,1.000,0.0489,0.68
4966,replay,4000,0.0314,1.000,0.0487,0.68
4967,replay,4000,0.0538,1.000,0.0486,2.96
4968,es_step,4000,0.0332,0.969,0.0486,2.80
4969,replay,4000,0.0733,1.000,0.0485,0.68
4970,replay,4000,0.0466,1.000,0.0484,0.68
4971,replay,4000,0.0422,1.000,0.0483,0.68
4972,replay,4000,0.0590,1.000,0.0483,0.68
4973,replay,4000,-0.0814,1.000,0.0481,0.68
4974,replay,4000,0.0920,1.000,0.0482,0.68
4975,replay,4000,0.1223,1.000,0.0483,0.68
4976,es_step,4000,0.0803,1.000,0.0484,2.80
4977,replay,4000,0.1175,1.000,0.0485,0.68
4978,replay,4000,0.1471,1.000,0.0485,0.68
4979,replay,4000,0.1422,1.000,0.0487,0.68
4980,es_step,4000,0.0899,0.938,0.0488,2.80
4981,replay,4000,0.1149,1.000,0.0488,0.68
4982,replay,4000,0.1344,1.000,0.0489,0.69
4983,replay,4000,0.1554,1.000,0.0491,0.68
4984,es_step,4000,0.0941,1.000,0.0491,2.79
4985,replay,4000,0.1482,1.000,0.0492,0.68
4986,replay,4000,0.1546,1.000,0.0494,0.68
4987,replay,4000,0.1479,1.000,0.0494,0.68
4988,replay,4000,0.1377,1.000,0.0497,0.67
4989,replay,4000,0.1377,1.000,0.0497,0.68
4990,replay,4000,0.1022,1.000,0.0500,0.68
4991,replay,4000,0.1358,1.000,0.0500,0.68
4992,replay,4000,0.1018,1.000,0.0502,0.68
4993,replay,4000,0.1211,1.000,0.0503,0.67
4994,es_step,4000,0.0717,1.000,0.0503,2.80
4995,replay,4000,0.1170,1.000,0.0504,0.68
4996,replay,4000,0.0920,1.000,0.0504,0.68
4997,es_step,4000,0.0838,0.938,0.0504,2.82
4998,replay,4000,0.1548,1.000,0.0505,0.68
4999,replay,4000,0.1314,1.000,0.0505,0.68
5000,replay,4000,0.1077,1.000,0.0504,0.68
5001,es_step,4000,0.0624,1.000,0.0504,2.85
5002,replay,4000,0.0926,1.000,0.0504,0.69
5003,replay,4000,0.0731,1.000,0.0504,0.68
5004,replay,4000,0.0566,1.000,0.0503,0.68
5005,replay,4000,0.0747,1.000,0.0502,0.68
5006,replay,4000,0.0947,1.000,0.0502,0.68
5007,replay,4000,0.0687,1.000,0.0502,0.68
5008,replay,4000,0.0974,1.000,0.0501,0.68
5009,es_step,4000,0.0410,0.938,0.0501,2.81
5010,replay,4000,0.0653,1.000,0.0500,0.68
5011,replay,4000,0.0389,1.000,0.0499,0.68
5012,es_step,4000,0.0361,1.000,0.0499,2.80
5013,replay,4000,0.0669,1.000,0.0499,0.68
5014,replay,4000,0.0557,1.000,0.0498,0.68
5015,replay,4000,0.0751,1.000,0.0498,0.68
5016,replay,4000,0.1133,1.000,0.0499,0.68
5017,replay,4000,0.1386,1.000,0.0500,0.69
5018,replay,4000,0.1464,1.000,0.0501,0.68
5019,replay,4000,0.1106,1.000,0.0502,0.68
5020,replay,4000,0.1212,1.000,0.0502,0.68
5021,replay,4000,0.1243,1.000,0.0502,0.68
5022,replay,4000,0.0900,1.000,0.0502,0.69
5023,replay,4000,0.0837,1.000,0.0502,0.68
5024,replay,4000,0.0614,1.000,0.0501,0.69
5025,replay,4000,0.0478,1.000,0.0500,0.68
5026,replay,4000,0.0584,1.000,0.0499,0.68
5027,replay,4000,0.0537,1.000,0.0497,0.68
5028,replay,4000,0.0585,1.000,0.0496,0.68
5029,replay,4000,0.1019,1.000,0.0496,0.68
5030,replay,4000,0.0787,1.000,0.0497,0.68
5031,replay,4000,0.0679,1.000,0.0497,0.68
5032,replay,4000,0.0928,1.000,0.0498,0.68
5033,replay,4000,0.1330,1.000,0.0501,0.69
5034,replay,4000,0.1057,1.000,0.0502,0.69
5035,replay,4000,0.1318,1.000,0.0503,0.68
5036,replay,4000,0.1185,1.000,0.0504,0.68
5037,replay,4000,0.0955,1.000,0.0504,0.68
5038,replay,4000,0.0713,1.000,0.0503,0.68
5039,replay,4000,0.0451,1.000,0.0502,0.68
5040,es_step,4000,0.0384,1.000,0.0502,2.84
5041,replay,4000,0.0443,1.000,0.0501,0.68
5042,es_step,4000,0.0415,0.969,0.0501,2.82
5043,replay,4000,0.0501,1.000,0.0500,0.68
5044,replay,4000,0.1086,1.000,0.0500,0.69
5045,replay,4000,0.0550,1.000,0.0500,0.68
5046,replay,4000,0.1170,1.000,0.0500,0.68
5047,replay,4000,0.1070,1.000,0.0500,0.68
5048,replay,4000,0.0666,1.000,0.0501,0.68
5049,replay,4000,0.0853,1.000,0.0501,0.68
5050,es_step,4000,0.0503,0.969,0.0501,2.84
5051,replay,4000,0.0921,1.000,0.0501,0.68
5052,replay,4000,0.0931,1.000,0.0500,0.68
5053,replay,4000,0.0964,1.000,0.0501,0.69
5054,replay,4000,0.0796,1.000,0.0501,0.69
5055,replay,4000,0.0802,1.000,0.0500,0.69
5056,replay,4000,0.0790,1.000,0.0500,0.68
5057,replay,4000,0.0742,1.000,0.0499,0.68
5058,replay,4000,0.0549,1.000,0.0498,0.68
5059,replay,4000,0.0537,1.000,0.0496,0.69
5060,replay,4000,0.0546,1.000,0.0495,0.69
5061,es_step,4000,0.0282,0.938,0.0495,2.85
5062,replay,4000,0.0450,1.000,0.0494,0.68
5063,replay,4000,0.0646,1.000,0.0493,0.68
5064,replay,4000,0.0320,1.000,0.0492,0.68
5065,es_step,4000,0.0481,1.000,0.0492,2.83
5066,replay,4000,0.0397,1.000,0.0491,0.68
5067,es_step,4000,0.0626,0.938,0.0491,2.83
5068,replay,4000,0.0550,1.000,0.0490,0.68
5069,replay,4000,0.0914,1.000,0.0489,0.68
5070,replay,4000,0.1208,1.000,0.0490,0.68
5071,replay,4000,0.1197,1.000,0.0492,0.68
5072,replay,4000,0.0928,1.000,0.0492,0.68
5073,replay,4000,0.1026,1.000,0.0492,0.69
5074,es_step,4000,0.0474,0.812,0.0492,3.38
5075,replay,4000,0.0834,1.000,0.0491,0.72
5076,replay,4000,0.0428,1.000,0.0490,0.71
5077,replay,4000,0.0671,1.000,0.0490,0.71
5078,replay,4000,0.0764,1.000,0.0490,0.70
5079,replay,4000,0.0809,1.000,0.0489,0.70
5080,replay,4000,0.0890,1.000,0.0489,0.70
5081,es_step,4000,0.0494,0.938,0.0489,2.92
5082,replay,4000,0.0708,1.000,0.0489,0.69
5083,replay,4000,0.0906,1.000,0.0489,0.69
5084,replay,4000,0.1039,1.000,0.0490,0.69
5085,replay,4000,0.1661,1.000,0.0490,0.70
5086,replay,4000,0.1345,1.000,0.0490,0.69
5087,replay,4000,0.1103,1.000,0.0489,0.69
5088,replay,4000,0.1337,1.000,0.0490,0.69
5089,es_step,4000,0.0797,0.906,0.0492,2.88
5090,es_step,4000,0.0815,0.844,0.0494,2.87
5091,replay,4000,0.1144,1.000,0.0494,0.69
5092,replay,4000,0.1366,1.000,0.0494,0.68
5093,replay,4000,0.1256,1.000,0.0495,0.68
5094,replay,4000,0.0873,1.000,0.0495,0.68
5095,replay,4000,0.0986,1.000,0.0495,0.68
5096,replay,4000,0.0724,1.000,0.0495,0.68
5097,replay,4000,0.0749,1.000,0.0495,0.68
5098,replay,4000,0.0628,1.000,0.0494,0.69
5099,replay,4000,0.0269,1.000,0.0490,0.69
5100,replay,4000,0.0271,1.000,0.0489,0.69
5101,replay,4000,0.0507,1.000,0.0488,0.69
5102,replay,4000,0.0357,1.000,0.0487,0.69
5103,replay,4000,0.0306,1.000,0.0484,0.69
5104,es_step,4000,0.0317,0.875,0.0484,2.86
5105,replay,4000,0.0446,1.000,0.0483,0.68
5106,replay,4000,0.0548,1.000,0.0482,0.68
5107,replay,4000,0.0746,1.000,0.0483,0.68
5108,replay,4000,0.0648,1.000,0.0484,0.68
5109,replay,4000,0.1359,1.000,0.0484,0.69
5110,replay,4000,0.1280,1.000,0.0485,0.68
5111,es_step,4000,0.0963,0.969,0.0488,2.85
5112,replay,4000,0.1058,1.000,0.0489,0.68
5113,replay,4000,0.1034,1.000,0.0490,0.68
5114,replay,4000,0.1683,1.000,0.0495,0.68
5115,es_step,4000,0.1059,0.938,0.0499,2.86
5116,replay,4000,0.2006,1.000,0.0501,0.69
5117,replay,4000,0.1337,1.000,0.0502,0.69
5118,replay,4000,0.1366,1.000,0.0503,0.69
5119,replay,4000,0.1323,1.000,0.0505,0.69
5120,es_step,4000,0.0914,0.969,0.0506,2.86
5121,replay,4000,0.1748,1.000,0.0508,0.69
5122,es_step,4000,0.1147,0.875,0.0508,2.86
5123,es_step,4000,0.1151,0.969,0.0509,2.84
5124,es_step,4000,0.1124,0.938,0.0509,2.84
5125,replay,4000,0.1544,1.000,0.0511,0.69
5126,replay,4000,0.1193,1.000,0.0509,0.69
5127,replay,4000,0.0999,1.000,0.0510,0.69
5128,replay,4000,0.0938,1.000,0.0509,0.69
5129,replay,4000,0.0073,1.000,0.0506,0.69
5130,replay,4000,0.0541,1.000,0.0505,0.70
5131,replay,4000,0.0793,1.000,0.0506,0.70
5132,replay,4000,0.0252,1.000,0.0504,0.69
5133,replay,4000,0.1067,1.000,0.0504,0.69
5134,replay,4000,0.1013,1.000,0.0503,0.69
5135,es_step,4000,0.0655,0.844,0.0503,2.87
5136,replay,4000,0.1199,1.000,0.0503,0.69
5137,replay,4000,0.0966,1.000,0.0502,0.69
5138,replay,4000,0.1391,1.000,0.0503,0.68
5139,replay,4000,0.1279,1.000,0.0504,0.69
5140,es_step,4000,0.0750,0.969,0.0504,2.85
5141,replay,4000,0.1114,1.000,0.0505,0.68
5142,replay,4000,0.0962,1.000,0.0506,0.68
5143,replay,4000,0.0386,1.000,0.0504,0.69
5144,replay,4000,0.0931,1.000,0.0504,0.69
5145,replay,4000,0.0499,1.000,0.0502,0.69
5146,replay,4000,0.0446,1.000,0.0499,0.70
5147,replay,4000,0.0719,1.000,0.0498,0.70
5148,es_step,4000,0.0481,0.969,0.0498,2.86
5149,replay,4000,0.0692,1.000,0.0499,0.68
5150,es_step,4000,0.0392,0.969,0.0499,2.84
5151,replay,4000,0.0659,1.000,0.0499,0.68
5152,replay,4000,0.0766,1.000,0.0497,0.68
5153,replay,4000,0.0710,1.000,0.0496,0.68
5154,replay,4000,0.0480,1.000,0.0494,0.68
5155,es_step,4000,0.0424,0.938,0.0494,2.85
5156,replay,4000,0.0671,1.000,0.0493,0.69
5157,replay,4000,0.0874,1.000,0.0492,0.69
5158,es_step,4000,0.0594,1.000,0.0493,2.84
5159,replay,4000,0.0972,1.000,0.0493,0.68
5160,replay,4000,0.0618,1.000,0.0494,0.69
5161,replay,4000,-0.0129,1.000,0.0492,0.69
5162,es_step,4000,0.1066,1.000,0.0495,2.86
5163,replay,4000,0.1815,1.000,0.0496,0.69
5164,replay,4000,0.1489,1.000,0.0498,0.68
5165,replay,4000,0.1621,1.000,0.0499,0.69
5166,es_step,4000,0.0869,0.969,0.0499,2.85
5167,replay,4000,0.1241,1.000,0.0501,0.69
5168,replay,4000,0.1224,1.000,0.0501,0.69
5169,replay,4000,0.0904,1.000,0.0500,0.69
5170,es_step,4000,0.0523,0.969,0.0500,2.84
5171,replay,4000,0.0525,1.000,0.0500,0.69
5172,replay,4000,0.0704,1.000,0.0501,0.69
5173,replay,4000,0.0651,1.000,0.0501,0.69
5174,replay,4000,0.1108,1.000,0.0500,0.68
5175,replay,4000,0.1120,1.000,0.0500,0.69
5176,es_step,4000,0.0790,0.938,0.0501,2.84
5177,replay,4000,0.0967,1.000,0.0502,0.70
5178,replay,4000,0.0413,1.000,0.0501,0.70
5179,replay,4000,0.1137,1.000,0.0502,0.70
5180,replay,4000,0.1146,1.000,0.0502,0.70
5181,replay,4000,0.0989,1.000,0.0503,0.70
5182,replay,4000,0.0676,1.000,0.0502,0.70
5183,replay,4000,0.1118,1.000,0.0503,0.69
5184,replay,4000,0.0716,1.000,0.0503,0.70
5185,replay,4000,0.0851,1.000,0.0502,0.70
5186,replay,4000,0.0565,1.000,0.0502,0.71
5187,es_step,4000,0.0554,0.969,0.0502,2.91
5188,replay,4000,0.0903,1.000,0.0502,0.68
5189,replay,4000,0.0336,1.000,0.0501,0.67
5190,replay,4000,0.0603,1.000,0.0502,0.67
5191,es_step,4000,0.0566,0.938,0.0502,2.75
5192,replay,4000,0.0781,1.000,0.0500,0.66
5193,es_step,4000,0.0534,0.906,0.0501,2.75
5194,replay,4000,0.0961,1.000,0.0500,0.68
5195,es_step,4000,0.0700,0.938,0.0501,2.78
5196,replay,4000,0.0953,1.000,0.0501,0.65
5197,es_step,4000,0.0562,1.000,0.0501,2.72
5198,es_step,4000,0.0603,0.969,0.0501,2.71
5199,replay,4000,0.0781,1.000,0.0502,0.70
5200,replay,4000,0.0599,1.000,0.0501,0.64
5201,es_step,4000,0.0324,0.938,0.0501,2.77
5202,replay,4000,0.0117,1.000,0.0501,0.68
5203,es_step,4000,0.0256,1.000,0.0502,2.81
5204,replay,4000,0.0517,1.000,0.0501,0.68
5205,replay,4000,-0.1321,1.000,0.0498,0.69
5206,es_step,4000,0.0736,0.875,0.0499,2.86
5207,es_step,4000,0.0822,0.875,0.0500,2.83
5208,es_step,4000,0.0641,0.969,0.0500,2.82
5209,replay,4000,0.1098,1.000,0.0502,0.69
5210,replay,4000,0.1713,1.000,0.0503,0.69
5211,replay,4000,0.1498,1.000,0.0505,0.69
5212,replay,4000,0.1362,1.000,0.0506,3.07
5213,replay,4000,0.0376,1.000,0.0506,0.69
5214,replay,4000,0.1025,1.000,0.0506,0.69
5215,replay,4000,0.0851,1.000,0.0505,0.69
5216,es_step,4000,0.0444,0.875,0.0505,2.83
5217,replay,4000,0.0675,1.000,0.0505,0.69
5218,es_step,4000,0.0499,0.875,0.0505,2.85
5219,replay,4000,0.1023,1.000,0.0504,0.68
5220,replay,4000,0.0850,1.000,0.0504,0.68
5221,replay,4000,0.1284,1.000,0.0505,0.69
5222,replay,4000,0.1157,1.000,0.0505,0.69
5223,replay,4000,0.1163,1.000,0.0504,0.69
5224,replay,4000,0.1226,1.000,0.0505,0.69
5225,replay,4000,0.1172,1.000,0.0504,0.69
5226,replay,4000,0.0870,1.000,0.0505,0.70
5227,replay,4000,0.0847,1.000,0.0505,0.70
5228,replay,4000,0.0766,1.000,0.0504,0.70
5229,replay,4000,0.1029,1.000,0.0505,0.70
5230,replay,4000,0.0827,1.000,0.0504,0.70
5231,replay,4000,0.0547,1.000,0.0504,0.69
5232,replay,4000,0.0642,1.000,0.0505,0.69
5233,replay,4000,0.0803,1.000,0.0504,0.70
5234,replay,4000,0.0502,1.000,0.0503,0.69
5235,replay,4000,0.0530,1.000,0.0503,0.69
5236,replay,4000,0.0662,1.000,0.0502,0.69
5237,replay,4000,0.1037,1.000,0.0502,0.69
5238,replay,4000,0.0747,1.000,0.0501,0.69
5239,replay,4000,0.0885,1.000,0.0503,0.69
5240,replay,4000,0.0662,1.000,0.0504,0.69
5241,replay,4000,0.1040,1.000,0.0505,0.69
5242,replay,4000,0.0911,1.000,0.0506,0.69
5243,replay,4000,0.1242,1.000,0.0508,0.70
5244,replay,4000,0.1362,1.000,0.0509,0.70
5245,replay,4000,0.1380,1.000,0.0511,0.70
5246,replay,4000,0.1219,1.000,0.0511,0.70
5247,replay,4000,0.0802,1.000,0.0510,0.69
5248,replay,4000,0.0445,1.000,0.0508,0.69
5249,es_step,4000,0.0005,0.781,0.0508,3.41
5250,replay,4000,0.0415,1.000,0.0507,0.72
5251,replay,4000,0.0336,1.000,0.0506,0.72
5252,replay,4000,0.0528,1.000,0.0506,0.72
5253,replay,4000,0.0509,1.000,0.0505,0.72
5254,replay,4000,0.0327,1.000,0.0504,0.71
5255,replay,4000,0.0302,1.000,0.0502,0.71
5256,replay,4000,0.0802,1.000,0.0500,0.71
5257,replay,4000,0.0437,1.000,0.0499,0.71
5258,replay,4000,0.0535,1.000,0.0499,0.71
5259,es_step,4000,0.0299,0.844,0.0499,2.95
5260,replay,4000,0.0514,1.000,0.0498,0.70
5261,replay,4000,0.0614,1.000,0.0498,0.70
5262,replay,4000,0.0463,1.000,0.0497,0.70
5263,replay,4000,0.0651,1.000,0.0498,0.69
5264,replay,4000,-0.0180,1.000,0.0499,0.69
5265,replay,4000,0.0832,1.000,0.0499,0.69
5266,replay,4000,0.1129,1.000,0.0500,0.69
5267,replay,4000,0.1248,1.000,0.0500,0.69
5268,replay,4000,0.1254,1.000,0.0501,0.69
5269,replay,4000,0.0977,1.000,0.0501,0.69
5270,replay,4000,0.0676,1.000,0.0500,0.69
5271,replay,4000,0.0427,1.000,0.0499,0.69
5272,replay,4000,0.0417,1.000,0.0499,0.68
5273,es_step,4000,0.0189,0.969,0.0499,2.89
5274,replay,4000,0.0614,1.000,0.0498,0.69
5275,es_step,4000,0.0346,0.938,0.0499,2.88
5276,replay,4000,0.0728,1.000,0.0500,0.69
5277,replay,4000,0.0930,1.000,0.0500,0.69
5278,replay,4000,0.0827,1.000,0.0500,0.68
5279,replay,4000,0.0772,1.000,0.0500,0.69
5280,es_step,4000,0.0538,0.938,0.0500,2.88
5281,replay,4000,0.0867,1.000,0.0502,0.69
5282,replay,4000,0.0875,1.000,0.0502,0.69
5283,replay,4000,0.1030,1.000,0.0502,0.69
5284,replay,4000,0.0942,1.000,0.0502,0.69
5285,es_step,4000,0.0491,0.844,0.0502,2.87
5286,replay,4000,0.0865,1.000,0.0501,0.69
5287,replay,4000,0.0679,1.000,0.0503,0.68
5288,replay,4000,0.1033,1.000,0.0502,0.72
5289,replay,4000,0.0846,1.000,0.0502,0.68
5290,replay,4000,0.0848,1.000,0.0501,0.68
5291,replay,4000,0.1567,1.000,0.0501,0.68
5292,replay,4000,0.1154,1.000,0.0503,0.68
5293,es_step,4000,0.1123,0.875,0.0510,2.83
5294,replay,4000,0.1578,1.000,0.0512,0.68
5295,replay,4000,0.1319,1.000,0.0515,0.68
5296,replay,4000,0.0970,1.000,0.0514,0.68
5297,replay,4000,0.0606,1.000,0.0515,0.68
5298,replay,4000,0.0358,1.000,0.0513,0.68
5299,replay,4000,0.0134,1.000,0.0512,0.68
5300,replay,4000,0.0328,1.000,0.0511,0.68
5301,replay,4000,0.0288,1.000,0.0509,0.68
5302,replay,4000,0.0377,1.000,0.0507,0.68
5303,replay,4000,0.0581,1.000,0.0506,0.68
5304,replay,4000,0.0975,1.000,0.0507,0.68
5305,replay,4000,0.0768,1.000,0.0507,0.68
5306,replay,4000,0.0983,1.000,0.0507,0.68
5307,replay,4000,0.0708,1.000,0.0508,0.68
5308,replay,4000,0.0990,1.000,0.0508,0.68
5309,es_step,4000,0.0658,0.875,0.0508,2.85
5310,replay,4000,0.1149,1.000,0.0508,0.68
5311,es_step,4000,0.0741,0.844,0.0508,2.83
5312,replay,4000,0.1208,1.000,0.0509,0.68
5313,es_step,4000,0.0794,0.906,0.0509,2.82
5314,replay,4000,0.1062,1.000,0.0509,0.68
5315,es_step,4000,0.0788,0.938,0.0509,2.83
5316,replay,4000,0.1008,1.000,0.0510,0.68
5317,replay,4000,0.1344,1.000,0.0511,0.68
5318,es_step,4000,0.0915,0.938,0.0513,2.81
5319,es_step,4000,0.0963,0.906,0.0513,2.80
5320,es_step,4000,0.0991,0.844,0.0514,2.79
5321,replay,4000,0.1187,1.000,0.0513,0.68
5322,es_step,4000,0.1104,0.812,0.0515,2.80
5323,es_step,4000,0.1149,1.000,0.0517,2.80
5324,es_step,4000,0.1214,0.875,0.0518,2.81
5325,replay,4000,0.1700,1.000,0.0520,0.67
5326,replay,4000,0.1581,1.000,0.0522,0.67
5327,replay,4000,0.1337,1.000,0.0523,0.69
5328,es_step,4000,0.0946,0.812,0.0524,2.84
5329,replay,4000,0.1203,1.000,0.0525,0.69
5330,replay,4000,0.1031,1.000,0.0524,0.68
5331,replay,4000,0.1177,1.000,0.0524,0.68
5332,es_step,4000,0.0733,0.781,0.0524,2.84
5333,es_step,4000,0.0754,0.875,0.0524,2.84
5334,es_step,4000,0.0744,0.875,0.0524,2.82
5335,replay,4000,0.0931,1.000,0.0524,0.69
5336,replay,4000,0.0893,1.000,0.0524,0.68
5337,replay,4000,0.0817,1.000,0.0523,0.68
5338,es_step,4000,0.0282,0.938,0.0523,2.83
5339,replay,4000,0.0445,1.000,0.0524,0.68
5340,replay,4000,0.0364,1.000,0.0523,0.68
5341,replay,4000,0.0276,1.000,0.0521,0.68
5342,es_step,4000,0.0380,0.906,0.0521,2.81
5343,replay,4000,0.0584,1.000,0.0521,0.69
5344,replay,4000,0.0797,1.000,0.0520,0.68
5345,replay,4000,0.0971,1.000,0.0520,0.68
5346,replay,4000,0.0762,1.000,0.0519,0.68
5347,replay,4000,0.0966,1.000,0.0519,0.68
5348,replay,4000,0.0757,1.000,0.0520,0.68
5349,replay,4000,0.1268,1.000,0.0520,0.68
5350,replay,4000,0.0780,1.000,0.0521,0.68
5351,es_step,4000,0.0409,0.906,0.0521,2.83
5352,replay,4000,0.0963,1.000,0.0521,0.68
5353,replay,4000,0.0788,1.000,0.0520,0.68
5354,replay,4000,0.0787,1.000,0.0519,0.68
5355,replay,4000,0.1165,1.000,0.0520,0.68
5356,replay,4000,0.0789,1.000,0.0519,0.68
5357,es_step,4000,0.0536,0.969,0.0519,2.84
5358,replay,4000,0.0908,1.000,0.0517,0.68
5359,replay,4000,0.0688,1.000,0.0517,0.68
5360,replay,4000,0.0896,1.000,0.0517,0.68
5361,es_step,4000,0.0372,0.969,0.0517,2.82
5362,replay,4000,0.1014,1.000,0.0516,0.69
5363,replay,4000,0.0731,1.000,0.0516,0.69
5364,replay,4000,0.0649,1.000,0.0515,0.69
5365,replay,4000,0.0636,1.000,0.0514,0.68
5366,replay,4000,0.0634,1.000,0.0513,0.69
5367,replay,4000,0.0340,1.000,0.0512,0.69
5368,replay,4000,0.0416,1.000,0.0512,0.69
5369,replay,4000,0.0457,1.000,0.0511,0.68
5370,replay,4000,0.0819,1.000,0.0510,0.68
5371,replay,4000,0.1094,1.000,0.0510,0.68
5372,replay,4000,0.1103,1.000,0.0512,0.68
5373,replay,4000,0.1178,1.000,0.0512,0.68
5374,replay,4000,0.1130,1.000,0.0512,0.68
5375,replay,4000,0.0791,1.000,0.0512,0.68
5376,replay,4000,0.0589,1.000,0.0512,0.68
5377,replay,4000,0.0731,1.000,0.0511,0.68
5378,es_step,4000,0.0324,0.938,0.0511,2.85
5379,es_step,4000,0.0399,0.969,0.0511,2.85
5380,replay,4000,0.0501,1.000,0.0510,0.69
5381,replay,4000,0.0577,1.000,0.0509,0.68
5382,replay,4000,0.0232,1.000,0.0508,0.68
5383,replay,4000,0.0461,1.000,0.0507,0.68
5384,es_step,4000,0.0223,0.969,0.0507,2.81
5385,replay,4000,0.0301,1.000,0.0507,0.68
5386,replay,4000,0.0755,1.000,0.0507,0.69
5387,replay,4000,0.0642,1.000,0.0507,0.68
5388,es_step,4000,0.0406,0.969,0.0507,2.81
5389,es_step,4000,0.0361,1.000,0.0507,2.80
5390,replay,4000,0.0596,1.000,0.0506,0.69
5391,replay,4000,0.0550,1.000,0.0505,0.68
5392,es_step,4000,0.0759,1.000,0.0508,2.84
5393,replay,4000,0.1040,1.000,0.0509,0.69
5394,replay,4000,0.1665,1.000,0.0510,0.68
5395,replay,4000,0.1536,1.000,0.0511,0.68
5396,replay,4000,0.1340,1.000,0.0512,0.69
5397,replay,4000,0.1040,1.000,0.0511,0.70
5398,replay,4000,0.0843,1.000,0.0510,0.69
5399,replay,4000,0.0799,1.000,0.0510,0.69
5400,es_step,4000,0.0459,0.938,0.0510,2.87
5401,es_step,4000,0.0450,0.906,0.0510,2.85
5402,replay,4000,0.0865,1.000,0.0510,0.69
5403,replay,4000,0.0475,1.000,0.0508,0.69
5404,es_step,4000,0.0482,0.906,0.0508,2.84
5405,replay,4000,0.0773,1.000,0.0508,0.69
5406,replay,4000,0.0191,1.000,0.0506,0.68
5407,replay,4000,0.0884,1.000,0.0505,0.69
5408,es_step,4000,0.0780,0.938,0.0505,2.86
5409,replay,4000,0.1049,1.000,0.0506,0.68
5410,replay,4000,0.1122,1.000,0.0506,0.68
5411,es_step,4000,0.0456,0.781,0.0506,2.84
5412,replay,4000,0.1026,1.000,0.0506,0.68
5413,replay,4000,0.0866,1.000,0.0505,0.69
5414,replay,4000,0.0417,1.000,0.0505,0.68
5415,replay,4000,0.0862,1.000,0.0505,0.69
5416,replay,4000,0.0947,1.000,0.0504,0.70
5417,replay,4000,0.0835,1.000,0.0504,0.69
5418,es_step,4000,0.0507,0.812,0.0504,2.86
5419,replay,4000,0.1135,1.000,0.0504,0.69
5420,es_step,4000,0.0618,0.938,0.0504,2.98
5421,replay,4000,0.0847,1.000,0.0504,0.69
5422,replay,4000,0.0703,1.000,0.0504,0.68
5423,replay,4000,0.0515,1.000,0.0502,0.69
5424,es_step,4000,0.0258,0.938,0.0502,2.82
5425,replay,4000,0.0753,1.000,0.0502,0.69
5426,replay,4000,0.0652,1.000,0.0501,0.69
5427,replay,4000,0.0414,1.000,0.0500,0.69
5428,replay,4000,0.0777,1.000,0.0501,0.69
5429,replay,4000,0.1031,1.000,0.0501,0.69
5430,replay,4000,0.1202,1.000,0.0501,0.69
5431,replay,4000,0.1177,1.000,0.0502,0.68
5432,replay,4000,0.1065,1.000,0.0503,0.69
5433,es_step,4000,0.0699,0.875,0.0503,2.82
5434,replay,4000,0.1071,1.000,0.0504,0.68
5435,replay,4000,0.1216,1.000,0.0505,0.69
5436,replay,4000,0.0651,1.000,0.0505,0.69
5437,replay,4000,0.0836,1.000,0.0508,0.69
5438,replay,4000,0.1180,1.000,0.0510,0.68
5439,es_step,4000,0.0937,0.906,0.0515,2.84
5440,es_step,4000,0.0961,0.969,0.0517,2.82
5441,es_step,4000,0.1011,0.938,0.0518,2.80
5442,replay,4000,0.1402,1.000,0.0519,0.67
5443,es_step,4000,0.0900,0.875,0.0519,2.78
5444,replay,4000,0.1150,1.000,0.0520,0.68
5445,replay,4000,0.0986,1.000,0.0520,0.67
5446,replay,4000,0.0784,1.000,0.0520,0.67
5447,replay,4000,0.1203,1.000,0.0520,0.69
5448,replay,4000,0.1037,1.000,0.0520,0.69
5449,replay,4000,0.1046,1.000,0.0521,0.69
5450,replay,4000,0.1502,1.000,0.0522,0.70
5451,replay,4000,0.1736,1.000,0.0523,0.69
5452,replay,4000,0.1770,1.000,0.0525,0.69
5453,es_step,4000,0.0973,0.938,0.0526,2.89
5454,es_step,4000,0.0995,0.938,0.0527,5.12
5455,replay,4000,0.1590,1.000,0.0530,0.68
5456,replay,4000,0.1219,1.000,0.0530,0.68
5457,replay,4000,0.1120,1.000,0.0530,0.68
5458,es_step,4000,0.0853,0.938,0.0531,2.82
5459,es_step,4000,0.0855,0.969,0.0531,2.79
5460,replay,4000,0.0886,1.000,0.0532,0.69
5461,replay,4000,0.0791,1.000,0.0531,0.69
5462,replay,4000,0.0807,1.000,0.0531,0.68
5463,replay,4000,0.1004,1.000,0.0530,0.68
5464,replay,4000,0.0334,1.000,0.0529,0.68
5465,replay,4000,0.0041,1.000,0.0527,0.68
5466,replay,4000,0.0883,1.000,0.0528,0.68
5467,replay,4000,0.1279,1.000,0.0529,0.68
5468,replay,4000,0.1245,1.000,0.0528,0.68
5469,es_step,4000,0.1068,0.938,0.0531,2.82
5470,replay,4000,0.1721,1.000,0.0533,0.68
5471,es_step,4000,0.0999,0.969,0.0534,2.80
5472,es_step,4000,0.1144,0.969,0.0538,2.78
5473,replay,4000,0.1502,1.000,0.0538,0.67
5474,replay,4000,0.1832,1.000,0.0539,0.68
5475,replay,4000,0.1603,1.000,0.0540,0.68
5476,replay,4000,0.1416,1.000,0.0541,0.69
5477,replay,4000,0.1114,1.000,0.0543,0.68
5478,replay,4000,0.1233,1.000,0.0544,0.68
5479,replay,4000,0.1094,1.000,0.0546,0.68
5480,es_step,4000,0.1021,0.938,0.0548,2.82
5481,replay,4000,0.1128,1.000,0.0548,0.68
5482,es_step,4000,0.1011,0.969,0.0551,2.79
5483,es_step,4000,0.1022,0.938,0.0551,2.80
5484,replay,4000,0.1199,1.000,0.0552,0.68
5485,replay,4000,0.1667,1.000,0.0553,0.68
5486,replay,4000,0.1389,1.000,0.0554,0.68
5487,replay,4000,0.0844,1.000,0.0553,0.68
5488,es_step,4000,0.0711,0.969,0.0554,2.82
5489,replay,4000,0.0968,1.000,0.0553,0.67
5490,replay,4000,0.0963,1.000,0.0553,0.68
5491,replay,4000,0.0901,1.000,0.0552,0.68
5492,replay,4000,0.0846,1.000,0.0551,0.68
5493,replay,4000,0.0452,1.000,0.0550,0.69
5494,replay,4000,0.0243,1.000,0.0547,0.69
5495,replay,4000,0.0492,1.000,0.0545,0.68
5496,replay,4000,0.0763,1.000,0.0545,0.68
5497,replay,4000,0.0951,1.000,0.0544,0.68
5498,replay,4000,-0.0945,1.000,0.0545,0.67
5499,replay,4000,0.1356,1.000,0.0546,0.68
5500,replay,4000,0.1419,1.000,0.0548,0.68
5501,replay,4000,0.1317,1.000,0.0549,0.68
5502,replay,4000,0.1240,1.000,0.0549,0.68
5503,replay,4000,0.0910,1.000,0.0549,0.67
5504,es_step,4000,0.0591,0.906,0.0549,2.80
5505,replay,4000,0.1018,1.000,0.0548,0.67
5506,replay,4000,0.0545,1.000,0.0548,0.67
5507,replay,4000,0.0649,1.000,0.0547,0.67
5508,replay,4000,0.1124,1.000,0.0547,0.67
5509,replay,4000,0.0833,1.000,0.0547,0.68
5510,es_step,4000,0.0633,0.938,0.0547,2.81
5511,replay,4000,0.1078,1.000,0.0547,0.67
5512,replay,4000,0.0840,1.000,0.0546,0.68
5513,replay,4000,0.0485,1.000,0.0546,0.67
5514,es_step,4000,0.0469,0.875,0.0546,2.80
5515,replay,4000,0.0569,1.000,0.0546,0.68
5516,replay,4000,0.0533,1.000,0.0546,0.68
5517,es_step,4000,0.0535,0.844,0.0546,2.80
5518,replay,4000,0.0653,1.000,0.0545,0.67
5519,replay,4000,0.0951,1.000,0.0548,0.67
5520,replay,4000,0.0821,1.000,0.0550,0.67
5521,replay,4000,0.0994,1.000,0.0550,0.67
5522,replay,4000,0.0573,1.000,0.0549,0.67
5523,replay,4000,0.1081,1.000,0.0550,0.67
5524,replay,4000,0.0972,1.000,0.0552,0.67
5525,replay,4000,0.0942,1.000,0.0552,0.67
5526,replay,4000,0.0840,1.000,0.0552,0.67
5527,replay,4000,0.0992,1.000,0.0551,0.68
5528,replay,4000,0.0660,1.000,0.0551,0.68
5529,replay,4000,0.0914,1.000,0.0551,0.68
5530,replay,4000,0.0751,1.000,0.0550,0.68
5531,replay,4000,0.0448,1.000,0.0549,0.68
5532,replay,4000,0.0897,1.000,0.0548,0.69
5533,replay,4000,0.0927,1.000,0.0548,0.68
5534,replay,4000,0.0896,1.000,0.0548,0.68
5535,replay,4000,0.0948,1.000,0.0548,0.68
5536,replay,4000,0.1047,1.000,0.0549,0.68
5537,replay,4000,0.1131,1.000,0.0549,0.68
5538,replay,4000,0.0979,1.000,0.0547,0.68
5539,replay,4000,0.0898,1.000,0.0547,0.68
5540,replay,4000,0.0439,1.000,0.0545,0.69
5541,replay,4000,0.0483,1.000,0.0544,0.68
5542,replay,4000,0.0572,1.000,0.0544,0.68
5543,es_step,4000,0.0401,0.906,0.0544,2.83
5544,es_step,4000,0.0343,0.938,0.0544,2.80
5545,es_step,4000,0.0434,0.938,0.0544,2.78
5546,replay,4000,0.0676,1.000,0.0543,0.67
5547,replay,4000,0.0444,1.000,0.0541,0.68
5548,replay,4000,0.0459,1.000,0.0540,0.68
5549,replay,4000,0.0888,1.000,0.0539,0.68
5550,replay,4000,0.0800,1.000,0.0538,0.68
5551,replay,4000,0.0561,1.000,0.0537,0.68
5552,replay,4000,0.0454,1.000,0.0537,0.67
5553,replay,4000,0.0451,1.000,0.0535,0.67
5554,replay,4000,0.0456,1.000,0.0536,0.67
5555,replay,4000,-0.0830,1.000,0.0534,0.67
5556,replay,4000,0.0760,1.000,0.0534,0.67
5557,replay,4000,0.1090,1.000,0.0533,0.68
5558,es_step,4000,0.0901,0.938,0.0534,2.82
5559,replay,4000,0.1351,1.000,0.0535,0.67
5560,replay,4000,0.1205,1.000,0.0536,0.68
5561,es_step,4000,0.0752,1.000,0.0537,2.81
5562,replay,4000,0.1177,1.000,0.0537,0.68
5563,replay,4000,0.1276,1.000,0.0537,0.68
5564,replay,4000,0.0974,1.000,0.0537,0.69
5565,replay,4000,0.0896,1.000,0.0536,0.68
5566,replay,4000,0.0729,1.000,0.0535,0.68
5567,replay,4000,0.0528,1.000,0.0536,0.69
5568,es_step,4000,0.0281,0.906,0.0536,2.87
5569,replay,4000,0.0303,1.000,0.0534,0.68
5570,replay,4000,0.0646,1.000,0.0533,0.68
5571,replay,4000,0.0366,1.000,0.0531,0.69
5572,replay,4000,0.0418,1.000,0.0530,0.69
5573,replay,4000,0.0413,1.000,0.0529,0.69
5574,es_step,4000,0.0391,0.938,0.0530,2.99
5575,replay,4000,0.0617,1.000,0.0530,0.68
5576,replay,4000,0.0876,1.000,0.0529,0.69
5577,replay,4000,0.0720,1.000,0.0529,0.69
5578,es_step,4000,0.0707,0.781,0.0530,2.85
5579,replay,4000,0.1404,1.000,0.0531,0.69
5580,replay,4000,0.1188,1.000,0.0531,0.69
5581,replay,4000,0.0600,1.000,0.0531,0.69
5582,replay,4000,0.0831,1.000,0.0530,0.70
5583,replay,4000,0.1095,1.000,0.0531,0.69
5584,replay,4000,0.1217,1.000,0.0532,0.69
5585,es_step,4000,0.0841,1.000,0.0533,2.87
5586,replay,4000,0.1383,1.000,0.0533,0.69
5587,replay,4000,0.1518,1.000,0.0535,0.69
5588,replay,4000,0.1222,1.000,0.0535,0.69
5589,replay,4000,0.1177,1.000,0.0536,0.68
5590,es_step,4000,0.0626,0.906,0.0536,2.86
5591,replay,4000,0.1036,1.000,0.0538,0.69
5592,replay,4000,0.0718,1.000,0.0537,0.68
5593,replay,4000,0.0652,1.000,0.0537,0.68
5594,replay,4000,0.0472,1.000,0.0535,0.68
5595,es_step,4000,0.0373,0.938,0.0535,2.84
5596,replay,4000,0.0649,1.000,0.0534,0.68
5597,es_step,4000,0.0359,1.000,0.0534,2.82
5598,replay,4000,0.0416,1.000,0.0533,0.68
5599,replay,4000,0.0477,1.000,0.0532,0.69
5600,es_step,4000,0.0294,0.906,0.0532,2.85
5601,replay,4000,0.0682,1.000,0.0531,0.68
5602,replay,4000,0.0663,1.000,0.0530,0.68
5603,replay,4000,0.0479,1.000,0.0531,0.68
5604,replay,4000,0.0595,1.000,0.0531,0.69
5605,replay,4000,0.0487,1.000,0.0529,0.68
5606,replay,4000,0.0447,1.000,0.0528,0.68
5607,replay,4000,0.0354,1.000,0.0527,0.68
5608,es_step,4000,0.0263,0.969,0.0527,2.83
5609,replay,4000,0.0344,1.000,0.0525,0.68
5610,replay,4000,0.0778,1.000,0.0524,0.68
5611,replay,4000,0.0546,1.000,0.0523,0.68
5612,replay,4000,0.0306,1.000,0.0521,0.68
5613,replay,4000,0.0802,1.000,0.0520,0.69
5614,replay,4000,0.0483,1.000,0.0520,0.68
5615,replay,4000,0.0682,1.000,0.0519,0.68
5616,es_step,4000,0.0396,0.969,0.0519,2.81
5617,replay,4000,0.0579,1.000,0.0518,0.67
5618,replay,4000,0.0582,1.000,0.0517,0.67
5619,es_step,4000,0.0375,0.906,0.0517,2.78
5620,replay,4000,0.0316,1.000,0.0516,0.67
5621,es_step,4000,0.0454,0.969,0.0516,2.79
5622,replay,4000,0.0537,1.000,0.0516,0.67
5623,replay,4000,0.0708,1.000,0.0514,0.67
5624,replay,4000,0.1038,1.000,0.0514,0.67
5625,replay,4000,0.1003,1.000,0.0514,0.67
5626,replay,4000,0.0971,1.000,0.0515,0.67
5627,es_step,4000,0.0693,0.938,0.0515,2.77
5628,replay,4000,0.1132,1.000,0.0515,0.67
5629,replay,4000,0.0861,1.000,0.0514,0.68
5630,replay,4000,0.0727,1.000,0.0513,0.68
5631,replay,4000,0.0606,1.000,0.0512,0.68
5632,replay,4000,-0.0117,1.000,0.0511,0.68
5633,replay,4000,0.0748,1.000,0.0510,0.68
5634,es_step,4000,0.0910,0.969,0.0513,2.80
5635,replay,4000,0.1263,1.000,0.0514,0.67
5636,replay,4000,0.1397,1.000,0.0516,0.67
5637,replay,4000,0.0700,1.000,0.0517,0.66
5638,es_step,4000,0.0639,0.969,0.0517,2.75
5639,replay,4000,0.1025,1.000,0.0517,0.67
5640,replay,4000,0.1080,1.000,0.0518,0.67
5641,replay,4000,0.1023,1.000,0.0519,0.67
5642,replay,4000,0.0669,1.000,0.0519,0.67
5643,es_step,4000,0.0507,1.000,0.0519,2.76
5644,replay,4000,0.1356,1.000,0.0519,0.67
5645,replay,4000,0.0887,1.000,0.0518,0.68
5646,replay,4000,0.1130,1.000,0.0519,0.67
5647,replay,4000,0.1194,1.000,0.0519,0.67
5648,replay,4000,0.1304,1.000,0.0520,0.67
5649,replay,4000,0.1204,1.000,0.0520,0.67
5650,es_step,4000,0.0726,0.969,0.0521,2.77
5651,replay,4000,0.1213,1.000,0.0521,0.67
5652,replay,4000,0.1271,1.000,0.0521,0.68
5653,es_step,4000,0.0398,1.000,0.0521,2.79
5654,replay,4000,0.1166,1.000,0.0520,0.68
5655,replay,4000,0.0811,1.000,0.0520,0.68
5656,replay,4000,0.0216,1.000,0.0519,0.68
5657,es_step,4000,0.0491,1.000,0.0519,2.83
5658,replay,4000,0.0801,1.000,0.0519,0.68
5659,replay,4000,0.0873,1.000,0.0520,0.67
5660,replay,4000,0.1240,1.000,0.0520,0.68
5661,es_step,4000,0.0825,1.000,0.0523,2.79
5662,es_step,4000,0.0791,1.000,0.0524,2.80
5663,es_step,4000,0.0979,1.000,0.0526,2.81
5664,replay,4000,0.1089,1.000,0.0527,0.68
5665,replay,4000,0.1362,1.000,0.0527,0.68
5666,replay,4000,0.1164,1.000,0.0527,0.68
5667,replay,4000,0.0918,1.000,0.0527,0.68
5668,replay,4000,0.0601,1.000,0.0526,0.68
5669,replay,4000,0.0306,1.000,0.0525,0.68
5670,es_step,4000,0.0218,0.938,0.0526,2.82
5671,es_step,4000,0.0358,0.969,0.0526,2.80
5672,replay,4000,0.0481,1.000,0.0525,0.68
5673,replay,4000,0.0590,1.000,0.0524,0.68
5674,replay,4000,0.0754,1.000,0.0523,0.68
5675,replay,4000,0.0921,1.000,0.0523,0.69
5676,es_step,4000,0.0554,0.844,0.0523,2.80
5677,replay,4000,0.1277,1.000,0.0523,0.68
5678,replay,4000,0.1047,1.000,0.0524,0.68
5679,replay,4000,0.0926,1.000,0.0523,0.68
5680,replay,4000,0.0378,1.000,0.0522,0.68
5681,replay,4000,0.0762,1.000,0.0522,0.68
5682,es_step,4000,0.0668,0.875,0.0522,2.81
5683,replay,4000,0.0815,1.000,0.0523,0.68
5684,replay,4000,0.1376,1.000,0.0523,0.68
5685,replay,4000,0.1321,1.000,0.0524,0.68
5686,replay,4000,0.1114,1.000,0.0524,0.68
5687,es_step,4000,0.0596,0.781,0.0524,2.84
5688,replay,4000,0.0914,1.000,0.0524,0.68
5689,replay,4000,0.0488,1.000,0.0522,0.68
5690,es_step,4000,0.0345,0.969,0.0522,2.80
5691,es_step,4000,0.0323,0.875,0.0522,2.79
5692,replay,4000,0.0749,1.000,0.0521,0.69
5693,replay,4000,0.0801,1.000,0.0520,0.69
5694,replay,4000,0.0844,1.000,0.0520,0.68
5695,es_step,4000,0.0495,0.844,0.0520,2.83
5696,replay,4000,0.0607,1.000,0.0519,0.68
5697,replay,4000,0.0541,1.000,0.0519,0.68
5698,es_step,4000,0.0420,0.875,0.0519,5.32
5699,replay,4000,0.0595,1.000,0.0517,0.68
5700,replay,4000,0.0524,1.000,0.0517,0.69
5701,replay,4000,0.0292,1.000,0.0517,0.68
5702,es_step,4000,0.0446,0.875,0.0517,2.83
5703,es_step,4000,0.0575,0.938,0.0517,2.80
5704,replay,4000,0.0022,1.000,0.0517,0.69
5705,replay,4000,0.2251,1.000,0.0518,0.69
5706,replay,4000,0.2473,1.000,0.0520,0.69
5707,es_step,4000,0.0936,0.938,0.0523,2.85
5708,es_step,4000,0.1151,0.906,0.0528,2.82
5709,replay,4000,0.2324,1.000,0.0531,0.68
5710,replay,4000,0.2335,1.000,0.0533,0.68
5711,replay,4000,0.2170,1.000,0.0535,0.69
5712,replay,4000,0.2078,1.000,0.0536,0.69
5713,replay,4000,0.1635,1.000,0.0538,0.69
5714,es_step,4000,0.0960,1.000,0.0539,2.83
5715,replay,4000,0.1322,1.000,0.0539,0.67
5716,replay,4000,0.1431,1.000,0.0540,0.68
5717,replay,4000,0.1244,1.000,0.0541,0.68
5718,replay,4000,0.1237,1.000,0.0542,0.68
5719,replay,4000,0.0652,1.000,0.0541,0.68
5720,replay,4000,0.0641,1.000,0.0539,0.68
5721,replay,4000,0.0540,1.000,0.0537,0.68
5722,replay,4000,0.0287,1.000,0.0535,0.68
5723,es_step,4000,0.0467,0.906,0.0535,2.82
5724,es_step,4000,0.0563,0.969,0.0535,2.82
5725,es_step,4000,0.0585,1.000,0.0535,2.78
5726,replay,4000,0.0770,1.000,0.0535,0.68
5727,replay,4000,0.0876,1.000,0.0537,0.68
5728,es_step,4000,0.0588,0.781,0.0537,2.82
5729,replay,4000,-0.0697,1.000,0.0537,0.68
5730,replay,4000,0.0683,1.000,0.0536,0.69
5731,replay,4000,0.1124,1.000,0.0537,0.69
5732,replay,4000,0.0988,1.000,0.0538,0.69
5733,replay,4000,0.1265,1.000,0.0539,0.69
5734,replay,4000,0.1464,1.000,0.0539,0.68
5735,es_step,4000,0.0899,0.875,0.0539,2.84
5736,replay,4000,0.1086,1.000,0.0540,0.68
5737,es_step,4000,0.0819,0.969,0.0540,2.83
5738,replay,4000,0.1061,1.000,0.0539,0.68
5739,replay,4000,0.1009,1.000,0.0539,0.68
5740,replay,4000,0.0831,1.000,0.0538,0.68
5741,es_step,4000,0.0707,0.969,0.0538,2.81
5742,replay,4000,0.1026,1.000,0.0538,0.68
5743,es_step,4000,0.0567,0.969,0.0538,2.79
5744,es_step,4000,0.0567,0.938,0.0539,2.83
5745,replay,4000,0.0844,1.000,0.0538,0.68
5746,replay,4000,0.0581,1.000,0.0537,0.68
5747,replay,4000,0.0447,1.000,0.0535,0.69
5748,es_step,4000,0.0385,0.938,0.0535,2.85
5749,replay,4000,0.0601,1.000,0.0534,0.68
5750,es_step,4000,0.0399,0.938,0.0534,2.82
5751,replay,4000,0.0456,1.000,0.0534,0.69
5752,replay,4000,0.0438,1.000,0.0533,0.68
5753,replay,4000,0.0494,1.000,0.0531,0.68
5754,replay,4000,0.0487,1.000,0.0530,0.68
5755,replay,4000,0.0910,1.000,0.0530,0.68
5756,replay,4000,0.1153,1.000,0.0530,0.69
5757,replay,4000,0.0882,1.000,0.0529,0.68
5758,replay,4000,0.0876,1.000,0.0529,0.69
5759,replay,4000,0.0578,1.000,0.0528,0.69
5760,replay,4000,0.0689,1.000,0.0528,0.68
5761,replay,4000,0.0637,1.000,0.0528,0.68
5762,replay,4000,0.0813,1.000,0.0528,0.68
5763,replay,4000,0.0536,1.000,0.0527,0.68
5764,replay,4000,0.0437,1.000,0.0527,0.68
5765,es_step,4000,0.0291,0.969,0.0527,2.83
5766,replay,4000,-0.0312,1.000,0.0525,0.68
5767,replay,4000,0.0572,1.000,0.0525,0.68
5768,replay,4000,0.1110,1.000,0.0526,0.68
5769,replay,4000,0.1263,1.000,0.0527,0.68
5770,replay,4000,0.1663,1.000,0.0529,0.68
5771,replay,4000,0.1746,1.000,0.0530,0.68
5772,replay,4000,0.1338,1.000,0.0530,0.68
5773,replay,4000,0.0997,1.000,0.0531,0.69
5774,es_step,4000,0.0743,0.844,0.0531,2.84
5775,replay,4000,0.1261,1.000,0.0531,0.69
5776,es_step,4000,0.0888,0.969,0.0532,2.85
5777,es_step,4000,0.0837,1.000,0.0532,2.84
5778,replay,4000,0.1483,1.000,0.0532,0.68
5779,replay,4000,0.1458,1.000,0.0533,0.69
5780,replay,4000,0.1421,1.000,0.0534,0.69
5781,replay,4000,0.1237,1.000,0.0535,0.69
5782,replay,4000,0.1180,1.000,0.0535,0.69
5783,replay,4000,0.1131,1.000,0.0535,0.69
5784,replay,4000,0.0694,1.000,0.0535,0.69
5785,replay,4000,0.0772,1.000,0.0535,0.69
5786,replay,4000,0.1147,1.000,0.0535,0.69
5787,replay,4000,0.1132,1.000,0.0534,0.69
5788,replay,4000,0.0912,1.000,0.0533,0.69
5789,replay,4000,0.0870,1.000,0.0532,0.69
5790,es_step,4000,0.0588,1.000,0.0532,2.85
5791,replay,4000,0.1217,1.000,0.0533,0.68
5792,replay,4000,0.1290,1.000,0.0534,0.68
5793,replay,4000,0.1184,1.000,0.0534,0.68
5794,replay,4000,0.1291,1.000,0.0534,0.69
5795,replay,4000,0.1000,1.000,0.0533,0.69
5796,es_step,4000,0.1036,0.969,0.0537,2.84
5797,replay,4000,0.1532,1.000,0.0541,0.68
5798,es_step,4000,0.1028,0.906,0.0545,2.82
5799,es_step,4000,0.0993,0.969,0.0546,2.84
5800,replay,4000,0.1313,1.000,0.0546,0.69
5801,replay,4000,0.1175,1.000,0.0546,0.69
5802,replay,4000,0.1291,1.000,0.0546,0.69
5803,replay,4000,0.1131,1.000,0.0546,0.69
5804,replay,4000,0.1073,1.000,0.0546,0.69
5805,replay,4000,0.0700,1.000,0.0545,0.69
5806,replay,4000,0.0702,1.000,0.0545,0.69
5807,replay,4000,0.0718,1.000,0.0544,0.69
5808,replay,4000,0.0734,1.000,0.0543,0.69
5809,replay,4000,-0.1902,1.000,0.0541,0.69
5810,replay,4000,0.0846,1.000,0.0542,0.69
5811,es_step,4000,0.0771,0.969,0.0542,2.84
5812,replay,4000,0.1040,1.000,0.0541,0.69
5813,replay,4000,0.1018,1.000,0.0543,0.68
5814,replay,4000,0.0826,1.000,0.0544,0.68
5815,es_step,4000,0.0509,0.938,0.0544,2.83
5816,replay,4000,0.0785,1.000,0.0542,0.68
5817,replay,4000,0.0725,1.000,0.0541,0.68
5818,replay,4000,0.0804,1.000,0.0541,0.69
5819,replay,4000,0.0809,1.000,0.0542,0.68
5820,replay,4000,0.0889,1.000,0.0541,0.68
5821,es_step,4000,0.0428,1.000,0.0541,2.85
5822,replay,4000,0.0741,1.000,0.0541,0.69
5823,replay,4000,0.0485,1.000,0.0539,0.69
5824,replay,4000,0.0497,1.000,0.0538,0.68
5825,replay,4000,0.0542,1.000,0.0536,0.69
5826,replay,4000,0.0566,1.000,0.0536,0.68
5827,replay,4000,0.0263,1.000,0.0535,0.68
5828,replay,4000,0.0697,1.000,0.0534,0.68
5829,replay,4000,0.0945,1.000,0.0534,0.68
5830,es_step,4000,0.0575,0.938,0.0534,2.82
5831,replay,4000,0.0531,1.000,0.0532,0.68
5832,replay,4000,0.0976,1.000,0.0531,0.69
5833,replay,4000,0.1138,1.000,0.0531,0.69
5834,es_step,4000,0.0569,0.938,0.0531,2.82
5835,es_step,4000,0.0622,1.000,0.0531,2.80
5836,replay,4000,0.1003,1.000,0.0531,0.68
5837,replay,4000,0.0998,1.000,0.0531,0.68
5838,replay,4000,0.1106,1.000,0.0531,0.68
5839,replay,4000,0.1199,1.000,0.0531,0.69
5840,replay,4000,0.1019,1.000,0.0531,0.69
5841,replay,4000,0.0768,1.000,0.0531,0.69
5842,es_step,4000,0.0529,0.969,0.0531,2.84
5843,replay,4000,0.0891,1.000,0.0531,0.68
5844,replay,4000,0.0708,1.000,0.0531,0.68
5845,es_step,4000,0.0334,1.000,0.0531,2.81
5846,replay,4000,0.0520,1.000,0.0530,0.68
5847,replay,4000,0.0508,1.000,0.0529,0.68
5848,replay,4000,0.0739,1.000,0.0528,0.68
5849,replay,4000,0.1025,1.000,0.0528,0.69
5850,replay,4000,0.0710,1.000,0.0528,0.69
5851,replay,4000,0.0458,1.000,0.0528,0.69
5852,replay,4000,0.1031,1.000,0.0528,0.69
5853,es_step,4000,0.0740,1.000,0.0528,2.84
5854,replay,4000,0.1388,1.000,0.0529,0.68
5855,replay,4000,0.1432,1.000,0.0530,0.68
5856,replay,4000,0.1270,1.000,0.0531,0.68
5857,es_step,4000,0.0939,0.969,0.0532,2.81
5858,replay,4000,0.1157,1.000,0.0532,0.68
5859,replay,4000,0.1293,1.000,0.0532,0.68
5860,replay,4000,0.1131,1.000,0.0533,0.68
5861,replay,4000,0.1195,1.000,0.0534,0.68
5862,replay,4000,0.1226,1.000,0.0534,0.69
5863,replay,4000,0.1272,1.000,0.0534,0.69
5864,es_step,4000,0.0814,1.000,0.0534,2.85
5865,replay,4000,0.1130,1.000,0.0535,0.68
5866,replay,4000,0.1176,1.000,0.0535,0.68
5867,replay,4000,0.1009,1.000,0.0535,0.69
5868,es_step,4000,0.0494,0.938,0.0535,2.82
5869,replay,4000,0.0987,1.000,0.0536,0.68
5870,replay,4000,0.0961,1.000,0.0536,0.68
5871,replay,4000,0.0642,1.000,0.0535,0.68
5872,replay,4000,0.0528,1.000,0.0536,0.68
5873,replay,4000,0.0608,1.000,0.0535,0.68
5874,es_step,4000,0.0203,1.000,0.0535,2.80
5875,replay,4000,0.0409,1.000,0.0534,0.68
5876,replay,4000,0.0523,1.000,0.0532,0.69
5877,es_step,4000,0.0398,0.969,0.0532,2.84
5878,replay,4000,0.0454,1.000,0.0531,0.69
5879,replay,4000,0.0668,1.000,0.0530,0.68
5880,replay,4000,0.0758,1.000,0.0530,0.68
5881,replay,4000,0.0639,1.000,0.0529,0.69
5882,es_step,4000,0.0512,1.000,0.0529,2.83
5883,replay,4000,0.0680,1.000,0.0528,0.68
5884,replay,4000,0.0591,1.000,0.0527,0.68
5885,replay,4000,0.0561,1.000,0.0526,0.68
5886,replay,4000,0.0590,1.000,0.0525,0.68
5887,replay,4000,0.0545,1.000,0.0525,0.68
5888,replay,4000,-0.0090,1.000,0.0521,0.68
5889,replay,4000,0.0611,1.000,0.0520,0.68
5890,replay,4000,0.0496,1.000,0.0519,0.68
5891,replay,4000,0.0596,1.000,0.0519,0.69
5892,replay,4000,0.0595,1.000,0.0518,0.69
5893,replay,4000,0.0652,1.000,0.0517,0.69
5894,replay,4000,0.0323,1.000,0.0516,0.69
5895,replay,4000,0.0549,1.000,0.0516,0.69
5896,replay,4000,0.0736,1.000,0.0515,0.69
5897,replay,4000,0.0475,1.000,0.0514,0.69
5898,replay,4000,0.0653,1.000,0.0513,0.69
5899,es_step,4000,0.0384,1.000,0.0513,2.85
5900,replay,4000,0.0697,1.000,0.0513,0.68
5901,replay,4000,0.0873,1.000,0.0513,0.68
5902,replay,4000,0.0810,1.000,0.0513,0.68
5903,replay,4000,0.0690,1.000,0.0513,0.68
5904,replay,4000,0.1165,1.000,0.0513,0.69
5905,replay,4000,0.0703,1.000,0.0512,0.68
5906,replay,4000,0.0642,1.000,0.0512,0.68
5907,replay,4000,0.0896,1.000,0.0512,0.68
5908,replay,4000,0.0515,1.000,0.0510,0.68
5909,replay,4000,0.0891,1.000,0.0510,0.68
5910,replay,4000,0.0717,1.000,0.0509,0.68
5911,replay,4000,0.0593,1.000,0.0510,0.68
5912,replay,4000,0.0339,1.000,0.0509,0.68
5913,replay,4000,0.0347,1.000,0.0507,0.68
5914,replay,4000,0.0547,1.000,0.0506,0.68
5915,replay,4000,0.0693,1.000,0.0506,0.68
5916,replay,4000,0.0915,1.000,0.0505,0.68
5917,replay,4000,0.0859,1.000,0.0505,0.68
5918,replay,4000,0.0758,1.000,0.0505,0.68
5919,es_step,4000,0.0518,1.000,0.0505,2.81
5920,replay,4000,0.0868,1.000,0.0504,0.68
5921,es_step,4000,0.0616,1.000,0.0504,2.80
5922,es_step,4000,0.0634,1.000,0.0504,2.80
5923,replay,4000,0.0115,1.000,0.0503,0.68
5924,es_step,4000,0.0764,0.938,0.0503,2.78
5925,replay,4000,0.1217,1.000,0.0503,0.67
5926,es_step,4000,0.0704,0.938,0.0504,2.79
5927,replay,4000,0.1061,1.000,0.0505,0.68
5928,replay,4000,0.1298,1.000,0.0506,0.68
5929,es_step,4000,0.0773,0.969,0.0508,2.78
5930,replay,4000,0.0963,1.000,0.0508,0.68
5931,es_step,4000,0.0809,1.000,0.0509,2.78
5932,es_step,4000,0.0827,0.969,0.0511,2.80
5933,replay,4000,0.0849,1.000,0.0513,0.68
5934,replay,4000,0.1322,1.000,0.0513,0.68
5935,replay,4000,0.1151,1.000,0.0514,0.68
5936,replay,4000,0.0959,1.000,0.0515,0.68
5937,es_step,4000,0.0660,0.969,0.0515,2.81
5938,es_step,4000,0.0591,0.969,0.0515,2.77
5939,es_step,4000,0.0635,0.969,0.0515,5.15
5940,replay,4000,0.1188,1.000,0.0515,0.68
5941,replay,4000,0.0847,1.000,0.0515,0.68
5942,es_step,4000,0.0484,1.000,0.0516,2.79
5943,es_step,4000,0.0448,1.000,0.0516,2.81
5944,replay,4000,0.0390,1.000,0.0515,0.68
5945,replay,4000,0.0858,1.000,0.0515,0.68
5946,replay,4000,0.0853,1.000,0.0516,0.69
5947,replay,4000,0.1028,1.000,0.0516,0.69
5948,es_step,4000,0.0516,1.000,0.0516,2.84
5949,replay,4000,0.0580,1.000,0.0517,0.68
5950,replay,4000,0.1160,1.000,0.0518,0.68
5951,replay,4000,0.1229,1.000,0.0518,0.69
5952,es_step,4000,0.0660,1.000,0.0518,2.79
5953,replay,4000,0.1171,1.000,0.0519,0.68
5954,es_step,4000,0.0716,0.969,0.0519,2.78
5955,replay,4000,0.0958,1.000,0.0520,0.68
5956,replay,4000,0.1359,1.000,0.0520,0.68
5957,replay,4000,0.1205,1.000,0.0521,0.68
5958,replay,4000,0.1347,1.000,0.0521,0.68
5959,replay,4000,0.1116,1.000,0.0521,0.68
5960,replay,4000,0.1070,1.000,0.0521,0.69
5961,replay,4000,0.0948,1.000,0.0520,0.69
5962,replay,4000,0.0912,1.000,0.0521,0.69
5963,replay,4000,0.0912,1.000,0.0521,0.69
5964,replay,4000,0.0578,1.000,0.0520,0.69
5965,replay,4000,0.0893,1.000,0.0520,0.69
5966,es_step,4000,0.0556,1.000,0.0520,2.84
5967,replay,4000,0.0939,1.000,0.0519,0.68
5968,replay,4000,0.0714,1.000,0.0518,0.68
5969,es_step,4000,0.0442,0.969,0.0518,2.82
5970,replay,4000,0.0767,1.000,0.0517,0.68
5971,replay,4000,0.0759,1.000,0.0517,0.68
5972,replay,4000,0.0881,1.000,0.0517,0.68
5973,replay,4000,0.0968,1.000,0.0517,0.68
5974,replay,4000,0.0828,1.000,0.0517,0.68
5975,replay,4000,0.0471,1.000,0.0516,0.69
5976,replay,4000,0.0488,1.000,0.0515,0.69
5977,es_step,4000,0.0172,0.938,0.0515,2.83
5978,replay,4000,0.0381,1.000,0.0514,0.68
5979,replay,4000,0.0506,1.000,0.0512,0.68
5980,replay,4000,0.0595,1.000,0.0511,0.68
5981,replay,4000,0.0833,1.000,0.0510,0.68
5982,replay,4000,0.0852,1.000,0.0509,0.68
5983,replay,4000,0.0841,1.000,0.0511,0.68
5984,replay,4000,0.0912,1.000,0.0511,0.68
5985,replay,4000,0.0913,1.000,0.0511,0.68
5986,replay,4000,0.0743,1.000,0.0510,0.68
5987,es_step,4000,0.0225,0.812,0.0510,2.83
5988,es_step,4000,0.0220,0.969,0.0510,2.80
5989,replay,4000,0.0439,1.000,0.0510,0.69
5990,replay,4000,0.0650,1.000,0.0509,0.68
5991,replay,4000,0.1010,1.000,0.0510,0.69
5992,replay,4000,0.1015,1.000,0.0510,0.68
5993,replay,4000,0.1195,1.000,0.0510,0.69
5994,replay,4000,0.1102,1.000,0.0511,0.69
5995,replay,4000,0.0896,1.000,0.0512,0.69
5996,replay,4000,0.1054,1.000,0.0512,0.70
5997,es_step,4000,0.0523,0.875,0.0513,2.84
5998,es_step,4000,0.0456,0.969,0.0513,2.82
5999,replay,4000,0.0857,1.000,0.0513,0.68
6000,replay,4000,0.0690,1.000,0.0513,0.70
6001,replay,4000,0.1053,1.000,0.0514,0.69
6002,replay,4000,0.0852,1.000,0.0514,0.69
6003,replay,4000,0.0917,1.000,0.0515,0.69
6004,replay,4000,0.0961,1.000,0.0515,0.69
6005,replay,4000,0.1046,1.000,0.0516,0.69
6006,replay,4000,0.1004,1.000,0.0516,0.69
6007,es_step,4000,0.0566,0.938,0.0516,2.88
6008,es_step,4000,0.0559,0.938,0.0516,2.84
6009,replay,4000,0.0882,1.000,0.0516,0.68
6010,replay,4000,0.0571,1.000,0.0516,0.68
6011,es_step,4000,0.0621,0.906,0.0516,2.84
6012,replay,4000,0.1188,1.000,0.0516,0.68
6013,replay,4000,0.0977,1.000,0.0516,0.67
6014,replay,4000,0.1152,1.000,0.0517,0.68
6015,es_step,4000,0.0789,1.000,0.0518,2.82
6016,replay,4000,0.1401,1.000,0.0518,0.69
6017,replay,4000,0.1127,1.000,0.0519,0.69
6018,replay,4000,0.1021,1.000,0.0519,0.69
6019,replay,4000,0.0637,1.000,0.0519,0.68
6020,replay,4000,0.0663,1.000,0.0517,0.69
6021,replay,4000,0.0584,1.000,0.0516,0.69
6022,replay,4000,0.0452,1.000,0.0515,0.68
6023,replay,4000,0.0480,1.000,0.0513,0.68
6024,es_step,4000,0.0457,0.969,0.0513,2.84
6025,replay,4000,0.0600,1.000,0.0512,0.68
6026,replay,4000,0.0880,1.000,0.0511,0.68
6027,es_step,4000,0.0457,0.938,0.0511,2.81
6028,replay,4000,0.0657,1.000,0.0511,0.68
6029,replay,4000,0.0984,1.000,0.0510,0.68
6030,replay,4000,0.0846,1.000,0.0511,0.68
6031,replay,4000,0.1312,1.000,0.0511,0.69
6032,replay,4000,0.1383,1.000,0.0511,0.69
6033,replay,4000,0.1324,1.000,0.0512,0.69
6034,replay,4000,0.1359,1.000,0.0514,0.69
6035,replay,4000,0.1597,1.000,0.0516,0.69
6036,replay,4000,0.1705,1.000,0.0517,0.69
6037,replay,4000,0.1563,1.000,0.0518,0.69
6038,replay,4000,0.1587,1.000,0.0519,0.69
6039,replay,4000,0.1551,1.000,0.0519,0.69
6040,replay,4000,0.1549,1.000,0.0520,0.69
6041,replay,4000,0.1531,1.000,0.0521,0.69
6042,es_step,4000,0.0934,0.906,0.0524,2.86
6043,replay,4000,0.1219,1.000,0.0524,0.69
6044,replay,4000,0.0941,1.000,0.0524,0.69
6045,replay,4000,0.0684,1.000,0.0523,0.69
6046,replay,4000,0.0519,1.000,0.0522,0.68
6047,es_step,4000,-0.0082,0.906,0.0522,2.83
6048,replay,4000,0.0246,1.000,0.0520,0.68
6049,replay,4000,-0.0001,1.000,0.0519,0.68
6050,replay,4000,0.0385,1.000,0.0517,0.69
6051,replay,4000,0.0803,1.000,0.0516,0.69
6052,replay,4000,0.0321,1.000,0.0514,0.68
6053,es_step,4000,0.0411,0.781,0.0514,2.83
6054,replay,4000,0.0812,1.000,0.0514,0.68
6055,replay,4000,0.0799,1.000,0.0514,0.68
6056,es_step,4000,0.0386,0.906,0.0514,2.82
6057,replay,4000,0.0610,1.000,0.0513,0.68
6058,es_step,4000,0.0306,0.969,0.0513,2.84
6059,replay,4000,0.0712,1.000,0.0513,0.68
6060,replay,4000,0.0197,1.000,0.0511,0.68
6061,replay,4000,0.0632,1.000,0.0512,0.69
6062,replay,4000,0.1056,1.000,0.0511,0.68
6063,replay,4000,0.0861,1.000,0.0512,0.68
6064,replay,4000,0.0754,1.000,0.0511,0.68
6065,replay,4000,0.0746,1.000,0.0510,0.68
6066,replay,4000,0.0651,1.000,0.0509,0.68
6067,es_step,4000,0.0226,1.000,0.0509,2.86
6068,replay,4000,0.0397,1.000,0.0509,0.69
6069,replay,4000,0.0489,1.000,0.0508,0.68
6070,replay,4000,0.0397,1.000,0.0506,0.68
6071,replay,4000,0.0553,1.000,0.0507,0.68
6072,replay,4000,-0.1413,1.000,0.0505,0.68
6073,replay,4000,0.0655,1.000,0.0505,0.68
6074,replay,4000,0.0441,1.000,0.0506,0.68
6075,replay,4000,0.1063,1.000,0.0507,0.69
6076,es_step,4000,0.0807,1.000,0.0508,2.85
6077,es_step,4000,0.0756,1.000,0.0508,2.85
6078,replay,4000,0.1271,1.000,0.0509,0.68
6079,replay,4000,0.1446,1.000,0.0509,0.68
6080,replay,4000,0.1134,1.000,0.0509,0.68
6081,replay,4000,0.1225,1.000,0.0509,0.69
6082,replay,4000,0.1113,1.000,0.0510,0.68
6083,replay,4000,0.0847,1.000,0.0510,0.69
6084,es_step,4000,0.0442,0.938,0.0510,2.84
6085,replay,4000,0.0892,1.000,0.0511,0.68
6086,es_step,4000,0.0482,0.969,0.0511,2.82
6087,replay,4000,0.0703,1.000,0.0511,0.67
6088,replay,4000,0.0670,1.000,0.0514,0.68
6089,es_step,4000,0.0496,1.000,0.0514,2.81
6090,es_step,4000,0.0513,1.000,0.0514,2.80
6091,replay,4000,0.0679,1.000,0.0513,0.68
6092,replay,4000,0.0731,1.000,0.0513,0.68
6093,replay,4000,0.0758,1.000,0.0513,0.67
6094,replay,4000,0.0615,1.000,0.0512,0.68
6095,replay,4000,0.0363,1.000,0.0511,0.68
6096,replay,4000,0.0665,1.000,0.0510,0.68
6097,replay,4000,0.0523,1.000,0.0509,0.68
6098,replay,4000,0.0358,1.000,0.0509,0.68
6099,replay,4000,0.0521,1.000,0.0508,0.69
6100,replay,4000,0.0632,1.000,0.0507,0.69
6101,replay,4000,0.0580,1.000,0.0506,0.69
6102,replay,4000,0.0651,1.000,0.0508,0.68
6103,replay,4000,0.0675,1.000,0.0507,0.68
6104,replay,4000,0.0514,1.000,0.0506,0.68
6105,es_step,4000,0.0632,1.000,0.0506,2.86
6106,replay,4000,0.0897,1.000,0.0506,0.68
6107,replay,4000,0.0946,1.000,0.0506,0.68
6108,es_step,4000,0.0442,1.000,0.0506,2.82
6109,replay,4000,0.0762,1.000,0.0508,0.68
6110,replay,4000,0.0902,1.000,0.0507,0.68
6111,es_step,4000,0.0387,0.969,0.0507,2.81
6112,replay,4000,0.0887,1.000,0.0507,0.67
6113,replay,4000,0.0817,1.000,0.0507,0.68
6114,replay,4000,0.0873,1.000,0.0507,0.68
6115,replay,4000,0.1106,1.000,0.0509,0.68
6116,replay,4000,0.1112,1.000,0.0509,0.68
6117,replay,4000,0.1066,1.000,0.0509,0.69
6118,replay,4000,0.0934,1.000,0.0510,0.69
6119,replay,4000,0.0918,1.000,0.0512,0.68
6120,replay,4000,0.0815,1.000,0.0511,0.69
6121,es_step,4000,0.0599,1.000,0.0512,2.86
6122,es_step,4000,0.0641,1.000,0.0512,2.82
6123,replay,4000,0.1237,1.000,0.0512,0.68
6124,replay,4000,0.1367,1.000,0.0513,0.68
6125,replay,4000,0.1472,1.000,0.0514,0.69
6126,replay,4000,0.1196,1.000,0.0515,0.68
6127,es_step,4000,0.0970,1.000,0.0516,2.81
6128,replay,4000,0.1168,1.000,0.0517,0.69
6129,replay,4000,0.0755,1.000,0.0516,0.69
6130,es_step,4000,0.0646,1.000,0.0517,2.84
6131,replay,4000,0.1224,1.000,0.0517,0.68
6132,replay,4000,0.1236,1.000,0.0517,0.67
6133,replay,4000,0.1274,1.000,0.0518,0.68
6134,replay,4000,0.1230,1.000,0.0521,0.68
6135,replay,4000,0.1142,1.000,0.0521,0.68
6136,es_step,4000,0.0557,1.000,0.0521,2.83
6137,replay,4000,0.1029,1.000,0.0521,0.68
6138,replay,4000,0.0681,1.000,0.0519,0.68
6139,replay,4000,-0.0000,1.000,0.0519,0.68
6140,es_step,4000,0.0586,0.969,0.0519,2.80
6141,es_step,4000,0.0622,1.000,0.0519,2.80
6142,replay,4000,0.0919,1.000,0.0519,0.67
6143,replay,4000,0.1214,1.000,0.0520,0.67
6144,replay,4000,0.1425,1.000,0.0521,0.68
6145,replay,4000,0.1271,1.000,0.0522,0.69
6146,replay,4000,0.0872,1.000,0.0523,0.68
6147,replay,4000,0.1175,1.000,0.0523,0.68
6148,es_step,4000,0.0555,1.000,0.0523,2.82
6149,es_step,4000,0.0720,0.938,0.0523,2.82
6150,replay,4000,0.0945,1.000,0.0523,0.69
6151,es_step,4000,0.0491,0.844,0.0523,2.84
6152,es_step,4000,0.0604,0.938,0.0523,2.82
6153,es_step,4000,0.0480,0.969,0.0523,2.80
6154,replay,4000,0.0776,1.000,0.0523,0.69
6155,replay,4000,0.0663,1.000,0.0522,0.68
6156,es_step,4000,0.0535,0.906,0.0522,2.82
6157,replay,4000,0.0711,1.000,0.0522,0.68
6158,es_step,4000,0.0515,1.000,0.0522,2.82
6159,replay,4000,0.0724,1.000,0.0523,0.68
6160,replay,4000,0.0836,1.000,0.0522,0.68
6161,es_step,4000,0.0530,1.000,0.0522,2.79
6162,replay,4000,0.0734,1.000,0.0522,0.68
6163,es_step,4000,0.0469,0.969,0.0522,2.83
6164,replay,4000,0.0565,1.000,0.0522,0.68
6165,replay,4000,0.0551,1.000,0.0521,0.68
6166,es_step,4000,0.0233,0.969,0.0521,2.79
6167,replay,4000,0.0481,1.000,0.0520,0.68
6168,replay,4000,0.0268,1.000,0.0518,0.67
6169,replay,4000,0.0473,1.000,0.0517,0.68
6170,replay,4000,0.0543,1.000,0.0517,0.68
6171,replay,4000,0.0404,1.000,0.0516,0.69
6172,replay,4000,0.0545,1.000,0.0515,0.69
6173,replay,4000,0.0643,1.000,0.0514,0.68
6174,es_step,4000,0.0279,0.969,0.0514,2.82
6175,replay,4000,0.0290,1.000,0.0513,0.68
6176,replay,4000,0.0710,1.000,0.0512,0.68
6177,replay,4000,0.1088,1.000,0.0512,3.07
6178,replay,4000,0.0640,1.000,0.0512,0.68
6179,es_step,4000,0.0770,0.969,0.0514,2.86
6180,es_step,4000,0.0747,0.969,0.0515,2.81
6181,replay,4000,0.1324,1.000,0.0515,0.68
6182,replay,4000,0.1312,1.000,0.0516,0.69
6183,replay,4000,0.1214,1.000,0.0516,0.69
6184,es_step,4000,0.0542,1.000,0.0516,2.82
6185,replay,4000,0.1010,1.000,0.0516,0.68
6186,replay,4000,0.0845,1.000,0.0516,0.68
6187,replay,4000,0.0734,1.000,0.0516,0.69
6188,replay,4000,0.0695,1.000,0.0516,0.69
6189,replay,4000,0.0613,1.000,0.0516,0.68
6190,replay,4000,0.0613,1.000,0.0515,0.68
6191,replay,4000,0.0158,1.000,0.0514,0.68
6192,replay,4000,0.0496,1.000,0.0512,0.68
6193,es_step,4000,0.0354,1.000,0.0512,2.81
6194,es_step,4000,0.0331,0.969,0.0512,2.78
6195,replay,4000,0.0613,1.000,0.0512,0.68
6196,replay,4000,0.0394,1.000,0.0512,0.68
6197,replay,4000,0.0581,1.000,0.0511,0.68
6198,es_step,4000,0.0423,0.938,0.0511,2.82
6199,replay,4000,0.0628,1.000,0.0510,0.68
6200,replay,4000,0.0481,1.000,0.0509,0.68
6201,replay,4000,0.0523,1.000,0.0508,0.68
6202,replay,4000,0.0643,1.000,0.0507,0.68
6203,replay,4000,0.0610,1.000,0.0507,0.69
6204,replay,4000,0.0719,1.000,0.0506,0.68
6205,replay,4000,0.0439,1.000,0.0505,0.68
6206,replay,4000,0.0639,1.000,0.0505,0.69
6207,replay,4000,0.0619,1.000,0.0505,0.69
6208,replay,4000,0.0666,1.000,0.0504,0.69
6209,replay,4000,0.1109,1.000,0.0504,0.69
6210,replay,4000,0.0908,1.000,0.0504,0.68
6211,es_step,4000,0.0766,1.000,0.0504,2.83
6212,replay,4000,0.0976,1.000,0.0505,0.67
6213,replay,4000,0.0362,1.000,0.0505,0.68
6214,replay,4000,0.1309,1.000,0.0507,0.68
6215,replay,4000,0.1425,1.000,0.0507,0.68
6216,replay,4000,0.1879,1.000,0.0509,0.68
6217,replay,4000,0.1768,1.000,0.0511,0.68
6218,es_step,4000,0.1178,1.000,0.0517,2.81
6219,replay,4000,0.1522,1.000,0.0519,0.68
6220,replay,4000,0.1529,1.000,0.0521,0.68
6221,es_step,4000,0.0998,1.000,0.0521,2.84
6222,replay,4000,0.1336,1.000,0.0521,0.69
6223,replay,4000,0.0754,1.000,0.0521,0.68
6224,replay,4000,0.0536,1.000,0.0521,0.68
6225,replay,4000,0.0675,1.000,0.0520,0.68
6226,replay,4000,0.0569,1.000,0.0520,0.68
6227,replay,4000,0.0627,1.000,0.0519,0.68
6228,es_step,4000,0.0305,0.969,0.0520,2.84
6229,replay,4000,0.0657,1.000,0.0519,0.68
6230,replay,4000,0.0363,1.000,0.0518,0.68
6231,replay,4000,0.0310,1.000,0.0517,0.68
6232,replay,4000,0.0532,1.000,0.0516,0.69
6233,replay,4000,0.0443,1.000,0.0516,0.69
6234,es_step,4000,0.0397,1.000,0.0516,2.84
6235,replay,4000,0.0633,1.000,0.0515,0.68
6236,replay,4000,0.0539,1.000,0.0515,0.68
6237,replay,4000,0.0449,1.000,0.0514,0.68
6238,replay,4000,0.0382,1.000,0.0513,0.69
6239,es_step,4000,0.0471,1.000,0.0513,2.83
6240,replay,4000,0.0390,1.000,0.0511,0.69
6241,replay,4000,0.0741,1.000,0.0510,0.68
6242,replay,4000,0.0629,1.000,0.0508,0.68
6243,replay,4000,0.0490,1.000,0.0507,0.68
6244,replay,4000,0.0536,1.000,0.0507,0.68
6245,es_step,4000,0.0420,1.000,0.0507,2.82
6246,es_step,4000,0.0314,0.969,0.0507,2.81
6247,replay,4000,0.0580,1.000,0.0507,0.68
6248,es_step,4000,0.0381,0.938,0.0507,2.81
6249,replay,4000,0.0177,1.000,0.0505,0.68
6250,replay,4000,0.1024,1.000,0.0505,0.68
6251,replay,4000,0.0847,1.000,0.0506,0.68
6252,replay,4000,0.0928,1.000,0.0506,0.68
6253,replay,4000,0.0427,1.000,0.0506,0.68
6254,es_step,4000,0.0855,0.812,0.0507,2.83
6255,replay,4000,0.0981,1.000,0.0508,0.69
6256,replay,4000,0.1501,1.000,0.0509,0.68
6257,es_step,4000,0.0833,0.938,0.0510,2.83
6258,replay,4000,0.1370,1.000,0.0511,0.68
6259,replay,4000,0.1231,1.000,0.0512,0.68
6260,es_step,4000,0.0495,0.969,0.0513,2.81
6261,replay,4000,0.0796,1.000,0.0512,0.68
6262,replay,4000,0.0737,1.000,0.0511,0.68
6263,replay,4000,0.0469,1.000,0.0510,0.68
6264,replay,4000,0.0414,1.000,0.0509,0.69
6265,replay,4000,0.0595,1.000,0.0508,0.69
6266,es_step,4000,0.0345,0.938,0.0508,2.84
6267,replay,4000,0.0485,1.000,0.0507,0.68
6268,replay,4000,0.0584,1.000,0.0506,0.68
6269,replay,4000,0.0466,1.000,0.0506,0.68
6270,replay,4000,0.0326,1.000,0.0504,0.68
6271,replay,4000,0.0719,1.000,0.0503,0.68
6272,es_step,4000,0.0705,1.000,0.0504,2.83
6273,replay,4000,0.1180,1.000,0.0504,0.68
6274,replay,4000,0.1074,1.000,0.0507,0.67
6275,replay,4000,0.0850,1.000,0.0507,0.68
6276,replay,4000,0.0835,1.000,0.0507,0.68
6277,replay,4000,0.1349,1.000,0.0507,0.68
6278,replay,4000,0.1074,1.000,0.0509,0.68
6279,replay,4000,0.1447,1.000,0.0509,0.68
6280,es_step,4000,0.0730,0.938,0.0511,2.81
6281,replay,4000,0.1088,1.000,0.0511,0.68
6282,es_step,4000,0.0515,1.000,0.0511,2.83
6283,es_step,4000,0.0503,0.906,0.0511,2.80
6284,replay,4000,0.0938,1.000,0.0511,0.68
6285,es_step,4000,0.0289,0.938,0.0511,2.80
6286,replay,4000,0.0529,1.000,0.0510,0.67
6287,replay,4000,0.0368,1.000,0.0509,0.68
6288,replay,4000,0.0497,1.000,0.0508,0.68
6289,replay,4000,0.0417,1.000,0.0506,0.68
6290,replay,4000,0.0402,1.000,0.0506,0.68
6291,es_step,4000,0.0306,0.938,0.0506,2.81
6292,replay,4000,0.0739,1.000,0.0506,0.68
6293,replay,4000,0.0630,1.000,0.0505,0.68
6294,replay,4000,0.0431,1.000,0.0504,0.68
6295,es_step,4000,0.0319,0.969,0.0504,2.79
6296,es_step,4000,0.0290,1.000,0.0504,2.82
6297,replay,4000,0.0418,1.000,0.0503,0.69
6298,replay,4000,0.0588,1.000,0.0502,0.69
6299,replay,4000,0.0774,1.000,0.0501,0.69
6300,replay,4000,0.0944,1.000,0.0500,0.69
6301,replay,4000,0.0818,1.000,0.0500,0.69
6302,replay,4000,0.0801,1.000,0.0500,0.69
6303,replay,4000,0.0803,1.000,0.0500,0.69
6304,replay,4000,0.0082,1.000,0.0497,0.69
6305,replay,4000,0.0576,1.000,0.0499,0.69
6306,replay,4000,0.0449,1.000,0.0499,0.69
6307,replay,4000,0.0996,1.000,0.0501,0.69
6308,es_step,4000,0.1006,1.000,0.0505,2.86
6309,es_step,4000,0.1059,1.000,0.0511,2.81
6310,es_step,4000,0.1061,1.000,0.0512,2.78
6311,replay,4000,0.1495,1.000,0.0513,0.67
6312,replay,4000,0.1474,1.000,0.0515,0.68
6313,replay,4000,0.1249,1.000,0.0516,0.68
6314,es_step,4000,0.0693,0.969,0.0516,2.80
6315,es_step,4000,0.0601,1.000,0.0516,2.81
6316,replay,4000,0.0984,1.000,0.0517,0.68
6317,replay,4000,0.0759,1.000,0.0516,0.68
6318,replay,4000,0.0714,1.000,0.0516,0.68
6319,es_step,4000,0.0381,1.000,0.0516,2.80
6320,es_step,4000,0.0371,0.906,0.0516,2.79
6321,replay,4000,0.0655,1.000,0.0515,0.67
6322,es_step,4000,0.0308,0.969,0.0515,2.79
6323,es_step,4000,0.0209,0.969,0.0515,2.80
6324,replay,4000,0.0544,1.000,0.0515,0.67
6325,replay,4000,0.0399,1.000,0.0513,0.68
6326,replay,4000,0.0429,1.000,0.0511,0.68
6327,replay,4000,0.0404,1.000,0.0510,0.68
6328,replay,4000,0.0358,1.000,0.0508,0.68
6329,replay,4000,0.0538,1.000,0.0508,0.68
6330,replay,4000,0.0458,1.000,0.0507,0.68
6331,replay,4000,0.0477,1.000,0.0506,0.68
6332,replay,4000,0.0334,1.000,0.0504,0.69
6333,es_step,4000,0.0245,0.938,0.0504,2.83
6334,replay,4000,0.0652,1.000,0.0502,0.73
6335,replay,4000,0.0574,1.000,0.0501,0.68
6336,replay,4000,0.0310,1.000,0.0499,0.68
6337,replay,4000,0.0551,1.000,0.0499,0.68
6338,replay,4000,0.0599,1.000,0.0499,0.69
6339,replay,4000,0.0602,1.000,0.0498,0.68
6340,replay,4000,0.0307,1.000,0.0498,0.68
6341,replay,4000,0.0588,1.000,0.0497,0.68
6342,replay,4000,0.0555,1.000,0.0496,0.68
6343,replay,4000,0.0659,1.000,0.0496,0.68
6344,replay,4000,0.0724,1.000,0.0494,0.68
6345,replay,4000,0.0464,1.000,0.0493,0.68
6346,replay,4000,0.1018,1.000,0.0493,0.68
6347,replay,4000,0.1202,1.000,0.0494,0.69
6348,es_step,4000,0.0714,0.969,0.0494,2.86
6349,replay,4000,0.1221,1.000,0.0495,0.68
6350,replay,4000,0.1065,1.000,0.0496,0.68
6351,replay,4000,0.0922,1.000,0.0496,0.68
6352,replay,4000,0.0603,1.000,0.0496,0.68
6353,replay,4000,0.0825,1.000,0.0496,0.68
6354,replay,4000,0.1089,1.000,0.0496,0.69
6355,replay,4000,0.0883,1.000,0.0496,0.68
6356,replay,4000,0.0941,1.000,0.0496,0.68
6357,replay,4000,0.0734,1.000,0.0496,0.68
6358,replay,4000,0.0466,1.000,0.0495,0.68
6359,replay,4000,0.0803,1.000,0.0494,0.68
6360,es_step,4000,0.0552,0.938,0.0494,2.84
6361,replay,4000,0.0740,1.000,0.0494,0.68
6362,replay,4000,0.0848,1.000,0.0494,0.68
6363,replay,4000,0.1284,1.000,0.0496,0.68
6364,replay,4000,0.1568,1.000,0.0497,0.68
6365,replay,4000,0.1528,1.000,0.0498,0.69
6366,replay,4000,0.1709,1.000,0.0501,0.68
6367,replay,4000,0.1589,1.000,0.0501,0.68
6368,replay,4000,0.1360,1.000,0.0502,0.68
6369,replay,4000,0.1163,1.000,0.0502,0.68
6370,replay,4000,0.1007,1.000,0.0503,0.68
6371,replay,4000,0.0942,1.000,0.0503,0.68
6372,replay,4000,0.0700,1.000,0.0502,0.68
6373,replay,4000,0.0373,1.000,0.0500,0.68
6374,replay,4000,0.0410,1.000,0.0499,0.68
6375,replay,4000,0.0552,1.000,0.0498,0.68
6376,replay,4000,0.0556,1.000,0.0498,0.68
6377,replay,4000,0.0602,1.000,0.0498,0.68
6378,es_step,4000,0.0374,0.969,0.0498,2.89
6379,es_step,4000,0.0446,0.969,0.0498,2.87
6380,replay,4000,0.0714,1.000,0.0497,0.69
6381,replay,4000,0.0475,1.000,0.0497,0.69
6382,replay,4000,0.0456,1.000,0.0496,0.69
6383,replay,4000,0.0555,1.000,0.0495,0.69
6384,replay,4000,0.0531,1.000,0.0494,0.69
6385,replay,4000,0.0595,1.000,0.0494,0.69
6386,replay,4000,0.0684,1.000,0.0494,0.69
6387,es_step,4000,0.0560,1.000,0.0494,2.88
6388,es_step,4000,0.0659,0.938,0.0494,2.86
6389,replay,4000,0.1086,1.000,0.0494,0.69
6390,replay,4000,0.0986,1.000,0.0494,0.69
6391,replay,4000,0.1009,1.000,0.0494,0.69
6392,replay,4000,0.0897,1.000,0.0495,0.69
6393,es_step,4000,0.0458,1.000,0.0495,2.86
6394,replay,4000,0.0755,1.000,0.0493,0.68
6395,replay,4000,0.0795,1.000,0.0493,0.68
6396,replay,4000,0.0713,1.000,0.0494,0.68
6397,replay,4000,0.0941,1.000,0.0494,0.68
6398,replay,4000,0.0932,1.000,0.0494,0.69
6399,replay,4000,0.1035,1.000,0.0494,0.68
6400,es_step,4000,0.0751,0.969,0.0495,2.85
6401,replay,4000,0.1125,1.000,0.0495,0.69
6402,replay,4000,0.0944,1.000,0.0497,0.68
6403,replay,4000,0.1028,1.000,0.0499,0.68
6404,es_step,4000,0.0717,0.969,0.0499,2.86
6405,replay,4000,0.1084,1.000,0.0500,0.69
6406,replay,4000,0.1322,1.000,0.0502,0.69
6407,es_step,4000,0.0806,0.969,0.0504,2.87
6408,replay,4000,0.1095,1.000,0.0504,0.68
6409,replay,4000,0.1305,1.000,0.0505,0.68
6410,replay,4000,0.0987,1.000,0.0506,0.68
6411,replay,4000,0.1007,1.000,0.0508,0.69
6412,replay,4000,0.0942,1.000,0.0507,0.69
6413,replay,4000,0.0844,1.000,0.0507,0.69
6414,replay,4000,0.0827,1.000,0.0509,0.69
6415,replay,4000,0.0485,1.000,0.0508,0.69
6416,replay,4000,0.0848,1.000,0.0507,0.69
6417,replay,4000,0.0818,1.000,0.0507,0.68
6418,replay,4000,0.0774,1.000,0.0507,0.69
6419,replay,4000,0.0548,1.000,0.0506,0.69
6420,replay,4000,0.0967,1.000,0.0507,0.69
6421,replay,4000,0.0981,1.000,0.0507,0.69
6422,replay,4000,0.0965,1.000,0.0508,0.69
6423,es_step,4000,0.0518,1.000,0.0508,2.85
6424,replay,4000,0.1179,1.000,0.0508,0.68
6425,replay,4000,0.0989,1.000,0.0508,0.69
6426,es_step,4000,0.0625,0.969,0.0508,2.83
6427,replay,4000,0.0861,1.000,0.0508,0.68
6428,replay,4000,0.1025,1.000,0.0507,0.68
6429,es_step,4000,0.0612,0.969,0.0508,5.31
6430,replay,4000,0.1253,1.000,0.0507,0.68
6431,replay,4000,0.1225,1.000,0.0508,0.68
6432,replay,4000,0.1212,1.000,0.0509,0.68
6433,es_step,4000,0.0568,1.000,0.0509,2.82
6434,replay,4000,0.1024,1.000,0.0510,0.68
6435,replay,4000,0.1026,1.000,0.0510,0.69
6436,replay,4000,0.0647,1.000,0.0509,0.69
6437,replay,4000,0.0887,1.000,0.0508,0.68
6438,replay,4000,0.1056,1.000,0.0510,0.69
6439,replay,4000,0.1236,1.000,0.0509,0.69
6440,replay,4000,0.0970,1.000,0.0510,0.68
6441,replay,4000,0.0883,1.000,0.0510,0.69
6442,replay,4000,0.0909,1.000,0.0511,0.69
6443,es_step,4000,0.0629,0.969,0.0511,2.88
6444,replay,4000,0.0693,1.000,0.0510,0.68
6445,replay,4000,0.0870,1.000,0.0510,0.68
6446,replay,4000,0.0641,1.000,0.0509,0.68
6447,es_step,4000,0.0211,0.969,0.0509,2.81
6448,replay,4000,0.0408,1.000,0.0508,0.68
6449,replay,4000,0.0440,1.000,0.0507,0.68
6450,es_step,4000,0.0332,0.969,0.0507,2.83
6451,replay,4000,0.0508,1.000,0.0506,0.68
6452,replay,4000,0.0935,1.000,0.0506,0.67
6453,replay,4000,0.0750,1.000,0.0505,0.67
6454,replay,4000,0.0826,1.000,0.0505,0.68
6455,replay,4000,0.0998,1.000,0.0505,0.68
6456,replay,4000,0.1306,1.000,0.0505,0.68
6457,replay,4000,0.0864,1.000,0.0504,0.68
6458,es_step,4000,0.0527,0.906,0.0505,2.82
6459,replay,4000,0.0833,1.000,0.0504,0.69
6460,es_step,4000,0.0483,0.969,0.0505,2.81
6461,replay,4000,0.0776,1.000,0.0505,0.68
6462,es_step,4000,0.0528,0.938,0.0505,2.81
6463,replay,4000,0.0785,1.000,0.0505,0.68
6464,es_step,4000,0.0537,0.906,0.0505,2.81
6465,replay,4000,0.0395,1.000,0.0504,0.67
6466,replay,4000,0.1021,1.000,0.0504,0.67
6467,replay,4000,0.0817,1.000,0.0504,0.68
6468,replay,4000,0.0539,1.000,0.0503,0.68
6469,replay,4000,0.0382,1.000,0.0502,0.68
6470,replay,4000,0.0982,1.000,0.0501,0.68
6471,replay,4000,0.0766,1.000,0.0501,0.68
6472,replay,4000,0.0890,1.000,0.0502,0.68
6473,replay,4000,0.0951,1.000,0.0502,0.68
6474,replay,4000,0.0984,1.000,0.0502,0.68
6475,replay,4000,0.0798,1.000,0.0502,0.68
6476,replay,4000,0.0847,1.000,0.0502,0.69
6477,replay,4000,0.1255,1.000,0.0503,0.68
6478,replay,4000,0.1122,1.000,0.0504,0.68
6479,es_step,4000,0.0691,0.875,0.0504,2.86
6480,es_step,4000,0.0662,1.000,0.0504,2.82
6481,replay,4000,0.1116,1.000,0.0504,0.69
6482,replay,4000,0.1034,1.000,0.0505,0.69
6483,es_step,4000,0.0634,1.000,0.0505,2.86
6484,replay,4000,0.1068,1.000,0.0505,0.69
6485,replay,4000,0.0965,1.000,0.0505,0.68
6486,replay,4000,0.0920,1.000,0.0505,0.68
6487,replay,4000,0.0648,1.000,0.0504,0.68
6488,replay,4000,0.0861,1.000,0.0504,0.68
6489,replay,4000,0.0688,1.000,0.0503,0.69
6490,replay,4000,0.0382,1.000,0.0502,0.69
6491,replay,4000,0.0502,1.000,0.0501,0.69
6492,replay,4000,0.1007,1.000,0.0500,0.68
6493,replay,4000,0.0870,1.000,0.0500,0.74
6494,replay,4000,0.1015,1.000,0.0500,0.68
6495,replay,4000,0.1321,1.000,0.0501,0.68
6496,replay,4000,0.1262,1.000,0.0502,0.69
6497,es_step,4000,0.0830,0.969,0.0502,2.85
6498,es_step,4000,0.0655,0.969,0.0503,2.84
6499,replay,4000,0.1109,1.000,0.0504,0.68
6500,replay,4000,0.0672,1.000,0.0503,0.67
6501,es_step,4000,0.0475,1.000,0.0503,2.84
6502,replay,4000,0.1177,1.000,0.0504,0.70
6503,replay,4000,0.1403,1.000,0.0504,0.69
6504,replay,4000,0.0770,1.000,0.0503,0.69
6505,replay,4000,0.1006,1.000,0.0503,0.69
6506,replay,4000,0.1173,1.000,0.0502,0.69
6507,replay,4000,0.1153,1.000,0.0504,0.69
6508,replay,4000,0.1210,1.000,0.0504,0.69
6509,replay,4000,0.1265,1.000,0.0504,0.70
6510,replay,4000,0.1651,1.000,0.0505,0.70
6511,es_step,4000,0.1043,0.938,0.0509,2.90
6512,replay,4000,0.1384,1.000,0.0512,0.69
6513,es_step,4000,0.0748,1.000,0.0512,2.88
6514,replay,4000,0.1017,1.000,0.0512,0.69
6515,es_step,4000,0.0714,0.969,0.0512,2.87
6516,es_step,4000,0.0748,1.000,0.0512,2.84
6517,replay,4000,0.0783,1.000,0.0512,0.69
6518,replay,4000,0.1052,1.000,0.0513,0.69
6519,replay,4000,0.0785,1.000,0.0514,0.69
6520,replay,4000,0.1150,1.000,0.0514,0.69
6521,es_step,4000,0.0774,0.938,0.0516,2.88
6522,es_step,4000,0.0842,1.000,0.0517,2.86
6523,replay,4000,0.0914,1.000,0.0518,0.70
6524,replay,4000,0.1294,1.000,0.0518,0.70
6525,replay,4000,0.1199,1.000,0.0518,0.69
6526,es_step,4000,0.0456,0.906,0.0518,2.87
6527,es_step,4000,0.0421,0.906,0.0518,2.81
6528,replay,4000,0.1115,1.000,0.0518,0.68
6529,replay,4000,0.0754,1.000,0.0518,0.68
6530,replay,4000,0.0601,1.000,0.0517,0.68
6531,replay,4000,0.0450,1.000,0.0516,0.68
6532,replay,4000,0.0432,1.000,0.0515,0.69
6533,replay,4000,0.0399,1.000,0.0514,0.69
6534,replay,4000,0.0458,1.000,0.0512,0.69
6535,es_step,4000,0.0256,1.000,0.0512,2.87
6536,replay,4000,0.0284,1.000,0.0510,0.69
6537,replay,4000,0.0375,1.000,0.0510,0.68
6538,es_step,4000,0.0347,0.969,0.0510,2.84
6539,replay,4000,0.0563,1.000,0.0509,0.68
6540,replay,4000,0.0439,1.000,0.0508,0.68
6541,replay,4000,0.0876,1.000,0.0508,0.68
6542,replay,4000,0.0831,1.000,0.0507,0.68
6543,es_step,4000,0.0603,0.969,0.0507,2.86
6544,replay,4000,0.0925,1.000,0.0508,0.68
6545,replay,4000,0.1352,1.000,0.0508,0.68
6546,es_step,4000,0.0767,0.906,0.0509,2.81
6547,replay,4000,0.1396,1.000,0.0509,0.68
6548,es_step,4000,0.0903,0.938,0.0510,2.85
6549,replay,4000,0.1272,1.000,0.0511,0.68
6550,replay,4000,0.1387,1.000,0.0515,0.68
6551,replay,4000,0.1335,1.000,0.0515,0.68
6552,es_step,4000,0.0793,0.969,0.0515,2.82
6553,replay,4000,0.1186,1.000,0.0516,0.68
6554,es_step,4000,0.0688,0.969,0.0516,2.83
6555,replay,4000,0.0996,1.000,0.0516,0.68
6556,replay,4000,0.0667,1.000,0.0516,0.68
6557,replay,4000,0.0781,1.000,0.0515,0.69
6558,es_step,4000,0.0280,0.938,0.0515,2.86
6559,replay,4000,0.0554,1.000,0.0514,0.68
6560,replay,4000,0.0495,1.000,0.0513,0.68
6561,replay,4000,0.0503,1.000,0.0512,0.68
6562,replay,4000,0.0291,1.000,0.0511,0.68
6563,es_step,4000,0.0280,1.000,0.0511,2.81
6564,es_step,4000,0.0227,1.000,0.0511,2.82
6565,replay,4000,0.0415,1.000,0.0510,0.68
6566,es_step,4000,0.0274,1.000,0.0510,2.82
6567,replay,4000,0.0480,1.000,0.0509,0.69
6568,es_step,4000,0.0301,1.000,0.0509,2.82
6569,replay,4000,0.0281,1.000,0.0508,0.69
6570,es_step,4000,0.0298,1.000,0.0508,2.85
6571,es_step,4000,0.0257,1.000,0.0508,2.80
6572,replay,4000,0.0538,1.000,0.0508,0.68
6573,replay,4000,0.0594,1.000,0.0507,0.69
6574,replay,4000,0.0649,1.000,0.0506,0.69
6575,replay,4000,0.0765,1.000,0.0506,0.69
6576,replay,4000,0.0807,1.000,0.0506,0.69
6577,replay,4000,0.0570,1.000,0.0506,0.68
6578,replay,4000,0.0486,1.000,0.0506,0.68
6579,es_step,4000,0.0406,0.938,0.0506,2.85
6580,replay,4000,0.0635,1.000,0.0506,0.68
6581,replay,4000,0.0743,1.000,0.0505,0.68
6582,replay,4000,0.0494,1.000,0.0505,0.68
6583,es_step,4000,0.0368,1.000,0.0505,2.83
6584,replay,4000,0.0436,1.000,0.0504,0.69
6585,replay,4000,0.0408,1.000,0.0503,0.69
6586,replay,4000,0.0532,1.000,0.0502,0.69
6587,replay,4000,0.0264,1.000,0.0500,0.69
6588,replay,4000,0.0444,1.000,0.0500,0.69
6589,replay,4000,0.0604,1.000,0.0499,0.69
6590,replay,4000,0.0706,1.000,0.0499,0.69
6591,replay,4000,0.0862,1.000,0.0499,0.69
6592,replay,4000,0.1032,1.000,0.0498,0.69
6593,es_step,4000,0.0424,0.969,0.0498,2.88
6594,es_step,4000,0.0412,0.906,0.0498,2.83
6595,replay,4000,0.0898,1.000,0.0498,0.70
6596,replay,4000,0.0783,1.000,0.0498,0.69
6597,replay,4000,0.0486,1.000,0.0497,0.69
6598,replay,4000,0.0811,1.000,0.0498,0.69
6599,replay,4000,0.0753,1.000,0.0498,0.69
6600,es_step,4000,0.0591,0.938,0.0498,2.88
6601,replay,4000,0.0914,1.000,0.0498,0.68
6602,replay,4000,0.0595,1.000,0.0498,0.68
6603,replay,4000,0.0866,1.000,0.0498,0.68
6604,replay,4000,0.0657,1.000,0.0497,0.68
6605,replay,4000,0.1022,1.000,0.0497,0.68
6606,replay,4000,0.0908,1.000,0.0497,0.68
6607,es_step,4000,0.0527,1.000,0.0497,2.82
6608,replay,4000,0.0867,1.000,0.0497,0.68
6609,replay,4000,0.0801,1.000,0.0497,0.69
6610,replay,4000,0.0608,1.000,0.0497,0.69
6611,replay,4000,0.0782,1.000,0.0497,0.69
6612,replay,4000,0.0604,1.000,0.0496,0.69
6613,replay,4000,0.0284,1.000,0.0496,0.70
6614,replay,4000,0.0496,1.000,0.0495,0.73
6615,replay,4000,0.0714,1.000,0.0494,0.69
6616,replay,4000,0.1082,1.000,0.0495,0.69
6617,replay,4000,0.1233,1.000,0.0494,0.69
6618,es_step,4000,0.0391,0.969,0.0494,2.90
6619,replay,4000,0.0970,1.000,0.0493,0.69
6620,replay,4000,0.1317,1.000,0.0494,0.69
6621,es_step,4000,0.1039,0.969,0.0499,2.89
6622,replay,4000,0.1241,1.000,0.0501,0.69
6623,replay,4000,0.1494,1.000,0.0503,0.69
6624,es_step,4000,0.0894,1.000,0.0505,2.89
6625,replay,4000,0.1146,1.000,0.0507,0.70
6626,replay,4000,0.1006,1.000,0.0508,0.69
6627,replay,4000,0.0511,1.000,0.0508,0.69
6628,replay,4000,0.0803,1.000,0.0507,0.70
6629,replay,4000,0.1019,1.000,0.0507,0.70
6630,replay,4000,0.1081,1.000,0.0507,0.70
6631,replay,4000,0.1053,1.000,0.0507,0.70
6632,replay,4000,0.0961,1.000,0.0507,0.69
6633,replay,4000,0.0864,1.000,0.0506,0.70
6634,replay,4000,0.0803,1.000,0.0506,0.70
6635,replay,4000,0.0846,1.000,0.0505,0.70
6636,replay,4000,0.0574,1.000,0.0505,0.70
6637,es_step,4000,0.0491,1.000,0.0505,2.90
6638,replay,4000,0.0886,1.000,0.0505,0.69
6639,replay,4000,0.0979,1.000,0.0505,0.69
6640,replay,4000,0.0847,1.000,0.0505,0.69
6641,replay,4000,0.0622,1.000,0.0504,0.69
6642,replay,4000,0.0414,1.000,0.0503,0.70
6643,replay,4000,0.0792,1.000,0.0503,0.70
6644,replay,4000,0.0670,1.000,0.0502,0.69
6645,replay,4000,0.1022,1.000,0.0502,0.69
6646,replay,4000,0.1014,1.000,0.0502,0.69
6647,replay,4000,0.1152,1.000,0.0504,0.69
6648,es_step,4000,0.0609,0.969,0.0504,2.87
6649,es_step,4000,0.0784,1.000,0.0504,2.81
6650,replay,4000,0.1092,1.000,0.0504,0.68
6651,replay,4000,0.0815,1.000,0.0504,0.68
6652,replay,4000,0.0852,1.000,0.0504,0.68
6653,replay,4000,0.1058,1.000,0.0504,0.68
6654,replay,4000,0.0574,1.000,0.0502,0.69
6655,replay,4000,0.0633,1.000,0.0502,0.70
6656,replay,4000,0.0770,1.000,0.0501,0.69
6657,replay,4000,0.0272,1.000,0.0499,0.70
6658,replay,4000,0.0383,1.000,0.0497,0.70
6659,es_step,4000,0.0225,0.938,0.0497,2.90
6660,replay,4000,0.0299,1.000,0.0497,0.69
6661,replay,4000,0.0554,1.000,0.0496,0.69
6662,replay,4000,0.0614,1.000,0.0496,0.69
6663,replay,4000,0.0754,1.000,0.0496,0.69
6664,replay,4000,0.0947,1.000,0.0496,0.69
6665,replay,4000,0.1216,1.000,0.0497,0.70
6666,replay,4000,0.1176,1.000,0.0499,0.70
6667,replay,4000,0.0855,1.000,0.0500,0.69
6668,es_step,4000,0.0675,0.969,0.0500,2.89
6669,replay,4000,0.0785,1.000,0.0499,0.69
6670,replay,4000,0.0925,1.000,0.0499,0.69
6671,replay,4000,0.0813,1.000,0.0499,0.69
6672,es_step,4000,0.0287,0.938,0.0499,2.84
6673,es_step,4000,0.0241,0.844,0.0499,5.21
6674,replay,4000,0.0792,1.000,0.0499,0.69
6675,es_step,4000,0.0330,0.938,0.0499,2.86
6676,replay,4000,0.0357,1.000,0.0498,0.68
6677,replay,4000,0.0614,1.000,0.0498,0.68
6678,replay,4000,0.0924,1.000,0.0498,0.69
6679,replay,4000,0.0411,1.000,0.0497,0.69
6680,replay,4000,0.1290,1.000,0.0498,0.69
6681,es_step,4000,0.0961,0.875,0.0503,2.89
6682,replay,4000,0.0758,1.000,0.0502,0.69
6683,replay,4000,0.1425,1.000,0.0504,0.69
6684,replay,4000,0.1342,1.000,0.0506,0.68
6685,replay,4000,0.1138,1.000,0.0507,0.68
6686,replay,4000,0.1288,1.000,0.0508,0.69
6687,replay,4000,0.1323,1.000,0.0509,0.69
6688,replay,4000,0.1045,1.000,0.0508,0.70
6689,replay,4000,0.0600,1.000,0.0508,0.71
6690,replay,4000,0.1014,1.000,0.0508,0.70
6691,es_step,4000,0.0571,0.875,0.0508,2.93
6692,replay,4000,0.0861,1.000,0.0508,0.70
6693,replay,4000,0.0767,1.000,0.0508,0.70
6694,replay,4000,0.0752,1.000,0.0508,0.69
6695,replay,4000,0.0561,1.000,0.0507,0.70
6696,replay,4000,0.0513,1.000,0.0507,0.70
6697,es_step,4000,0.0451,0.969,0.0507,2.93
6698,replay,4000,0.0568,1.000,0.0507,0.69
6699,replay,4000,0.0457,1.000,0.0505,0.70
6700,replay,4000,0.0553,1.000,0.0506,0.70
6701,replay,4000,0.0559,1.000,0.0506,0.70
6702,replay,4000,0.0479,1.000,0.0505,0.70
6703,replay,4000,0.0693,1.000,0.0504,0.70
6704,es_step,4000,0.0390,0.969,0.0504,2.95
6705,replay,4000,0.0391,1.000,0.0504,0.70
6706,replay,4000,0.0763,1.000,0.0503,0.69
6707,es_step,4000,0.0410,0.969,0.0503,2.90
6708,replay,4000,0.0484,1.000,0.0502,0.69
6709,replay,4000,0.0277,1.000,0.0502,0.69
6710,replay,4000,0.0587,1.000,0.0500,0.69
6711,replay,4000,0.0555,1.000,0.0499,0.69
6712,replay,4000,0.0898,1.000,0.0499,0.69
6713,replay,4000,0.0849,1.000,0.0499,0.69
6714,replay,4000,0.0928,1.000,0.0499,0.70
6715,replay,4000,0.1038,1.000,0.0498,0.69
6716,replay,4000,0.1040,1.000,0.0498,0.69
6717,es_step,4000,0.0909,0.938,0.0500,2.90
6718,replay,4000,0.1103,1.000,0.0500,0.70
6719,replay,4000,0.1007,1.000,0.0501,0.69
6720,replay,4000,0.1245,1.000,0.0503,0.69
6721,replay,4000,0.0938,1.000,0.0505,0.69
6722,replay,4000,0.0968,1.000,0.0506,0.70
6723,es_step,4000,0.0531,1.000,0.0506,2.88
6724,replay,4000,0.0888,1.000,0.0505,0.70
6725,replay,4000,0.0544,1.000,0.0504,0.70
6726,replay,4000,0.0451,1.000,0.0504,0.69
6727,replay,4000,0.0447,1.000,0.0503,0.69
6728,replay,4000,0.0385,1.000,0.0502,0.69
6729,replay,4000,0.0518,1.000,0.0502,0.70
6730,replay,4000,0.0819,1.000,0.0501,0.70
6731,es_step,4000,0.0376,0.938,0.0501,2.90
6732,replay,4000,0.0874,1.000,0.0501,0.69
6733,replay,4000,0.0415,1.000,0.0500,0.69
6734,replay,4000,0.0572,1.000,0.0500,0.70
6735,replay,4000,0.0786,1.000,0.0500,0.70
6736,replay,4000,0.0693,1.000,0.0501,0.69
6737,replay,4000,0.0636,1.000,0.0502,0.70
6738,replay,4000,0.0817,1.000,0.0503,0.70
6739,es_step,4000,0.0587,0.938,0.0503,2.92
6740,replay,4000,0.0478,1.000,0.0503,0.70
6741,replay,4000,0.0638,1.000,0.0502,0.70
6742,replay,4000,0.0583,1.000,0.0502,0.69
6743,es_step,4000,0.0361,0.938,0.0502,2.88
6744,es_step,4000,0.0371,0.906,0.0502,2.85
6745,replay,4000,0.0526,1.000,0.0501,0.69
6746,replay,4000,0.0572,1.000,0.0501,0.69
6747,replay,4000,0.0425,1.000,0.0500,0.69
6748,replay,4000,0.0491,1.000,0.0500,0.68
6749,es_step,4000,0.0186,0.938,0.0500,2.86
6750,replay,4000,0.0471,1.000,0.0498,0.69
6751,replay,4000,0.0464,1.000,0.0499,0.69
6752,replay,4000,0.0498,1.000,0.0498,0.69
6753,replay,4000,0.0738,1.000,0.0499,0.69
6754,es_step,4000,0.0348,0.969,0.0499,2.87
6755,replay,4000,0.0810,1.000,0.0498,0.69
6756,es_step,4000,0.0424,0.969,0.0498,2.84
6757,replay,4000,0.0863,1.000,0.0498,0.68
6758,replay,4000,0.0910,1.000,0.0498,0.69
6759,replay,4000,0.1109,1.000,0.0499,0.69
6760,replay,4000,0.0828,1.000,0.0499,0.69
6761,replay,4000,0.1071,1.000,0.0500,0.69
6762,replay,4000,0.1125,1.000,0.0502,0.70
6763,replay,4000,0.1086,1.000,0.0502,0.70
6764,replay,4000,0.0887,1.000,0.0503,0.70
6765,replay,4000,0.0580,1.000,0.0503,0.70
6766,replay,4000,0.0735,1.000,0.0504,0.70
6767,es_step,4000,0.0498,0.938,0.0504,3.01
6768,replay,4000,0.0649,1.000,0.0504,0.69
6769,replay,4000,0.0746,1.000,0.0503,0.69
6770,replay,4000,0.0648,1.000,0.0502,0.70
6771,replay,4000,0.0641,1.000,0.0502,0.70
6772,replay,4000,0.1031,1.000,0.0502,0.70
6773,replay,4000,0.0999,1.000,0.0502,0.69
6774,es_step,4000,0.0763,0.938,0.0503,2.91
6775,replay,4000,0.1020,1.000,0.0504,0.69
6776,replay,4000,0.0813,1.000,0.0504,0.69
6777,replay,4000,0.0884,1.000,0.0504,0.69
6778,replay,4000,0.0823,1.000,0.0504,0.70
6779,replay,4000,0.0716,1.000,0.0504,0.70
6780,replay,4000,0.0663,1.000,0.0504,0.69
6781,replay,4000,0.0916,1.000,0.0504,0.70
6782,es_step,4000,0.0553,0.938,0.0504,2.90
6783,replay,4000,0.0745,1.000,0.0505,0.70
6784,replay,4000,0.1221,1.000,0.0505,0.69
6785,replay,4000,0.1459,1.000,0.0506,0.69
6786,es_step,4000,0.1143,1.000,0.0513,2.91
6787,es_step,4000,0.1094,0.906,0.0514,2.89
6788,replay,4000,0.1490,1.000,0.0516,0.69
6789,es_step,4000,0.1177,1.000,0.0517,2.84
6790,replay,4000,0.1527,1.000,0.0519,0.69
6791,es_step,4000,0.1127,0.906,0.0520,2.87
6792,replay,4000,0.1449,1.000,0.0522,0.69
6793,replay,4000,0.1408,1.000,0.0524,0.69
6794,replay,4000,0.1024,1.000,0.0524,0.69
6795,es_step,4000,0.0368,0.938,0.0524,2.85
6796,es_step,4000,0.0439,0.812,0.0524,2.84
6797,replay,4000,0.0962,1.000,0.0524,0.69
6798,replay,4000,0.0647,1.000,0.0524,0.68
6799,es_step,4000,0.0251,0.844,0.0524,2.86
6800,es_step,4000,0.0268,0.781,0.0524,2.88
6801,es_step,4000,0.0239,0.938,0.0524,2.83
6802,es_step,4000,0.0287,0.906,0.0524,2.81
6803,es_step,4000,0.0344,0.875,0.0524,2.78
6804,replay,4000,0.0363,1.000,0.0522,0.68
6805,replay,4000,0.0596,1.000,0.0521,0.68
6806,es_step,4000,0.0264,0.938,0.0521,2.82
6807,replay,4000,0.0469,1.000,0.0520,0.68
6808,replay,4000,0.0582,1.000,0.0519,0.67
6809,replay,4000,0.0505,1.000,0.0519,0.68
6810,replay,4000,0.0564,1.000,0.0519,0.68
6811,replay,4000,0.0564,1.000,0.0518,0.68
6812,replay,4000,0.0694,1.000,0.0518,0.67
6813,replay,4000,-0.0084,1.000,0.0517,0.67
6814,replay,4000,0.0747,1.000,0.0517,0.69
6815,replay,4000,0.1176,1.000,0.0516,0.69
6816,es_step,4000,0.0736,0.875,0.0516,2.85
6817,replay,4000,0.1029,1.000,0.0517,0.69
6818,replay,4000,0.1033,1.000,0.0518,0.69
6819,replay,4000,0.0810,1.000,0.0518,0.69
6820,replay,4000,0.0724,1.000,0.0517,0.70
6821,replay,4000,0.0540,1.000,0.0517,0.70
6822,replay,4000,0.0431,1.000,0.0516,0.70
6823,replay,4000,0.0577,1.000,0.0516,0.71
6824,replay,4000,0.0439,1.000,0.0515,0.71
6825,replay,4000,0.0640,1.000,0.0514,0.70
6826,es_step,4000,0.0374,0.906,0.0515,2.92
6827,replay,4000,0.0700,1.000,0.0515,0.69
6828,es_step,4000,0.0422,0.969,0.0515,2.87
6829,replay,4000,0.1151,1.000,0.0515,0.69
6830,replay,4000,0.0677,1.000,0.0514,0.69
6831,es_step,4000,0.0608,0.969,0.0515,2.90
6832,replay,4000,0.1374,1.000,0.0515,0.70
6833,replay,4000,0.1229,1.000,0.0515,0.70
6834,replay,4000,0.1282,1.000,0.0516,0.70
6835,replay,4000,0.1081,1.000,0.0516,0.70
6836,replay,4000,0.0808,1.000,0.0517,0.71
6837,replay,4000,0.1004,1.000,0.0517,0.70
6838,replay,4000,0.0642,1.000,0.0516,0.70
6839,replay,4000,0.0428,1.000,0.0516,0.70
6840,replay,4000,0.0442,1.000,0.0515,0.70
6841,replay,4000,0.0659,1.000,0.0515,0.70
6842,replay,4000,0.1047,1.000,0.0514,0.70
6843,es_step,4000,0.0282,0.938,0.0514,2.92
6844,replay,4000,0.1019,1.000,0.0514,0.70
6845,replay,4000,0.0775,1.000,0.0513,0.70
6846,replay,4000,0.0794,1.000,0.0513,0.70
6847,replay,4000,0.0560,1.000,0.0512,0.70
6848,replay,4000,0.0695,1.000,0.0512,0.70
6849,replay,4000,0.0598,1.000,0.0512,0.70
6850,replay,4000,0.0878,1.000,0.0512,0.70
6851,es_step,4000,0.0493,0.906,0.0512,2.88
6852,replay,4000,0.0913,1.000,0.0512,0.69
6853,replay,4000,0.1190,1.000,0.0513,0.70
6854,replay,4000,0.1431,1.000,0.0515,0.70
6855,replay,4000,0.1092,1.000,0.0515,0.70
6856,replay,4000,0.1677,1.000,0.0517,0.70
6857,replay,4000,0.1513,1.000,0.0519,0.70
6858,replay,4000,0.1506,1.000,0.0521,0.70
6859,replay,4000,0.1219,1.000,0.0522,0.70
6860,es_step,4000,0.0693,0.969,0.0523,2.91
6861,replay,4000,0.0953,1.000,0.0525,0.70
6862,replay,4000,0.0904,1.000,0.0525,0.71
6863,replay,4000,0.0688,1.000,0.0524,0.72
6864,replay,4000,0.0683,1.000,0.0523,0.72
6865,es_step,4000,0.0198,0.969,0.0523,2.97
6866,replay,4000,0.0343,1.000,0.0522,0.71
6867,replay,4000,0.0147,1.000,0.0520,0.70
6868,replay,4000,0.0129,1.000,0.0518,0.70
6869,replay,4000,0.0443,1.000,0.0517,0.70
6870,es_step,4000,0.0349,0.938,0.0517,2.90
6871,replay,4000,0.0690,1.000,0.0516,0.71
6872,replay,4000,0.1070,1.000,0.0516,0.72
6873,es_step,4000,0.0708,0.844,0.0516,2.95
6874,replay,4000,0.0959,1.000,0.0516,0.70
6875,replay,4000,0.1095,1.000,0.0516,0.70
6876,replay,4000,0.1023,1.000,0.0516,0.71
6877,es_step,4000,0.0875,1.000,0.0517,2.88
6878,replay,4000,0.0853,1.000,0.0517,0.70
6879,replay,4000,0.0528,1.000,0.0517,0.70
6880,replay,4000,0.0864,1.000,0.0517,0.70
6881,replay,4000,0.0678,1.000,0.0517,0.70
6882,es_step,4000,0.0489,1.000,0.0517,2.85
6883,replay,4000,0.0670,1.000,0.0516,0.71
6884,replay,4000,0.0246,1.000,0.0515,0.71
6885,replay,4000,0.0589,1.000,0.0515,0.70
6886,es_step,4000,0.0443,0.969,0.0515,2.96
6887,replay,4000,0.0677,1.000,0.0514,0.70
6888,replay,4000,0.0297,1.000,0.0513,0.70
6889,es_step,4000,0.0532,0.906,0.0513,2.91
6890,replay,4000,0.0753,1.000,0.0514,0.70
6891,replay,4000,0.0511,1.000,0.0514,0.71
6892,replay,4000,0.0421,1.000,0.0514,0.70
6893,replay,4000,0.0721,1.000,0.0514,0.71
6894,replay,4000,0.0807,1.000,0.0513,0.70
6895,replay,4000,0.0991,1.000,0.0513,0.70
6896,replay,4000,0.0816,1.000,0.0513,0.71
6897,replay,4000,0.0686,1.000,0.0512,0.71
6898,replay,4000,0.0661,1.000,0.0512,0.70
6899,es_step,4000,0.0391,0.938,0.0512,2.94
6900,replay,4000,0.0615,1.000,0.0511,0.70
6901,replay,4000,0.0366,1.000,0.0509,0.70
6902,replay,4000,0.0453,1.000,0.0508,0.70
6903,replay,4000,0.0125,1.000,0.0506,0.70
6904,replay,4000,0.0307,1.000,0.0505,0.71
6905,replay,4000,0.0612,1.000,0.0505,0.71
6906,replay,4000,0.0880,1.000,0.0504,0.71
6907,replay,4000,0.0915,1.000,0.0505,0.70
6908,replay,4000,0.0727,1.000,0.0504,0.71
6909,replay,4000,0.0790,1.000,0.0505,0.71
6910,replay,4000,0.0418,1.000,0.0505,0.70
6911,es_step,4000,0.0384,1.000,0.0505,2.93
6912,replay,4000,0.0579,1.000,0.0504,0.70
6913,es_step,4000,0.0238,1.000,0.0504,2.90
6914,replay,4000,0.0313,1.000,0.0502,0.70
6915,replay,4000,0.0249,1.000,0.0502,0.69
6916,es_step,4000,0.0392,0.969,0.0502,2.86
6917,replay,4000,0.0342,1.000,0.0501,0.69
6918,replay,4000,0.0751,1.000,0.0501,0.70
6919,replay,4000,0.0782,1.000,0.0501,0.70
6920,es_step,4000,0.0605,0.969,0.0501,5.43
6921,replay,4000,0.0999,1.000,0.0502,0.70
6922,replay,4000,0.0804,1.000,0.0502,0.70
6923,replay,4000,0.0831,1.000,0.0502,0.70
6924,replay,4000,0.0827,1.000,0.0502,0.70
6925,replay,4000,0.0342,1.000,0.0502,0.70
6926,replay,4000,0.0927,1.000,0.0502,0.71
6927,replay,4000,0.0951,1.000,0.0502,0.71
6928,replay,4000,0.1107,1.000,0.0503,0.70
6929,replay,4000,0.1261,1.000,0.0504,0.70
6930,replay,4000,0.1155,1.000,0.0504,0.71
6931,es_step,4000,0.0752,1.000,0.0504,2.96
6932,replay,4000,0.1164,1.000,0.0506,0.71
6933,es_step,4000,0.0764,1.000,0.0506,2.93
6934,replay,4000,0.1237,1.000,0.0507,0.70
6935,replay,4000,0.0957,1.000,0.0507,0.70
6936,es_step,4000,0.0754,0.938,0.0508,2.94
6937,replay,4000,0.0827,1.000,0.0508,0.71
6938,replay,4000,0.1035,1.000,0.0509,0.71
6939,replay,4000,0.0985,1.000,0.0509,0.71
6940,replay,4000,0.0951,1.000,0.0510,0.70
6941,replay,4000,0.1085,1.000,0.0510,0.70
6942,replay,4000,0.1128,1.000,0.0511,0.70
6943,replay,4000,0.1367,1.000,0.0512,0.71
6944,replay,4000,0.0872,1.000,0.0513,0.71
6945,replay,4000,0.0995,1.000,0.0513,0.71
6946,es_step,4000,0.0505,0.969,0.0513,2.94
6947,replay,4000,0.0908,1.000,0.0514,0.71
6948,replay,4000,0.0477,1.000,0.0514,0.71
6949,replay,4000,0.0314,1.000,0.0513,0.71
6950,es_step,4000,0.0094,0.938,0.0513,2.95
6951,replay,4000,0.0648,1.000,0.0513,0.71
6952,replay,4000,0.0558,1.000,0.0512,0.71
6953,replay,4000,0.0386,1.000,0.0511,0.70
6954,replay,4000,0.0560,1.000,0.0510,0.70
6955,es_step,4000,0.0319,0.906,0.0510,2.95
6956,replay,4000,0.0690,1.000,0.0510,0.70
6957,replay,4000,0.0671,1.000,0.0510,0.70
6958,replay,4000,0.0784,1.000,0.0510,0.70
6959,es_step,4000,0.0333,0.938,0.0510,2.94
6960,replay,4000,0.0655,1.000,0.0509,0.70
6961,replay,4000,0.0663,1.000,0.0509,0.70
6962,replay,4000,0.0586,1.000,0.0508,0.70
6963,es_step,4000,0.0241,0.906,0.0508,2.90
6964,replay,4000,0.0528,1.000,0.0507,0.69
6965,replay,4000,0.0528,1.000,0.0506,0.69
6966,replay,4000,0.0250,1.000,0.0506,0.69
6967,replay,4000,0.0550,1.000,0.0505,0.70
6968,es_step,4000,0.0203,0.938,0.0505,2.92
6969,replay,4000,0.0497,1.000,0.0504,0.70
6970,replay,4000,0.0445,1.000,0.0502,0.70
6971,replay,4000,0.0718,1.000,0.0502,0.70
6972,replay,4000,0.0590,1.000,0.0501,0.70
6973,replay,4000,0.0670,1.000,0.0501,0.71
6974,replay,4000,0.0677,1.000,0.0500,0.71
6975,replay,4000,0.0228,1.000,0.0499,0.71
6976,replay,4000,0.0143,1.000,0.0499,0.71
6977,replay,4000,0.0739,1.000,0.0499,0.71
6978,replay,4000,0.0861,1.000,0.0500,0.71
6979,replay,4000,0.0920,1.000,0.0501,0.71
6980,replay,4000,0.0806,1.000,0.0501,0.71
6981,replay,4000,0.1060,1.000,0.0502,0.71
6982,replay,4000,0.1071,1.000,0.0504,0.71
6983,replay,4000,0.0763,1.000,0.0502,0.70
6984,es_step,4000,0.0842,0.875,0.0505,2.95
6985,es_step,4000,0.0799,0.906,0.0506,2.91
6986,replay,4000,0.0953,1.000,0.0507,0.70
6987,replay,4000,0.0992,1.000,0.0507,0.70
6988,replay,4000,0.0576,1.000,0.0507,0.70
6989,replay,4000,0.0549,1.000,0.0506,0.70
6990,replay,4000,0.0375,1.000,0.0506,0.70
6991,replay,4000,0.0497,1.000,0.0505,0.70
6992,replay,4000,0.0497,1.000,0.0504,0.71
6993,replay,4000,0.0567,1.000,0.0503,0.71
6994,replay,4000,0.0508,1.000,0.0502,0.71
6995,replay,4000,0.0703,1.000,0.0501,0.71
6996,replay,4000,0.0607,1.000,0.0501,0.71
6997,es_step,4000,0.0485,0.906,0.0501,2.98
6998,replay,4000,0.0879,1.000,0.0501,0.71
6999,replay,4000,0.0729,1.000,0.0501,0.71
7000,replay,4000,0.0663,1.000,0.0501,0.71
7001,es_step,4000,0.0260,0.969,0.0501,2.96
7002,replay,4000,0.0544,1.000,0.0500,0.70
7003,es_step,4000,0.0342,0.875,0.0500,2.89
7004,es_step,4000,0.0164,0.875,0.0500,2.90
7005,replay,4000,0.0506,1.000,0.0499,0.70
7006,replay,4000,0.0509,1.000,0.0499,0.70
7007,replay,4000,0.0592,1.000,0.0498,0.70
7008,replay,4000,0.1027,1.000,0.0498,0.69
7009,replay,4000,0.1090,1.000,0.0498,0.70
7010,replay,4000,0.0796,1.000,0.0498,0.70
7011,es_step,4000,0.0405,0.906,0.0498,3.74
7012,replay,4000,0.0800,1.000,0.0498,0.72
7013,es_step,4000,0.0356,0.969,0.0498,2.90
7014,replay,4000,0.0878,1.000,0.0498,0.70
7015,es_step,4000,0.0231,0.844,0.0498,2.97
7016,replay,4000,0.0497,1.000,0.0497,0.70
7017,replay,4000,0.0545,1.000,0.0496,0.70
7018,replay,4000,0.0559,1.000,0.0495,0.70
7019,replay,4000,0.0726,1.000,0.0496,0.70
7020,es_step,4000,0.0406,0.969,0.0496,2.90
7021,es_step,4000,0.0413,0.875,0.0496,2.91
7022,replay,4000,0.0883,1.000,0.0495,0.69
7023,replay,4000,0.0604,1.000,0.0494,0.69
7024,replay,4000,0.0487,1.000,0.0493,0.70
7025,replay,4000,0.0669,1.000,0.0493,0.70
7026,es_step,4000,0.0310,0.969,0.0493,2.91
7027,replay,4000,-0.0937,1.000,0.0491,0.70
7028,es_step,4000,0.0380,0.938,0.0492,2.91
7029,replay,4000,0.0617,1.000,0.0492,0.69
7030,replay,4000,0.1087,1.000,0.0492,0.70
7031,replay,4000,0.1233,1.000,0.0492,0.70
7032,replay,4000,0.0968,1.000,0.0492,0.70
7033,replay,4000,0.0887,1.000,0.0492,0.70
7034,es_step,4000,0.0528,0.969,0.0492,2.96
7035,replay,4000,0.1191,1.000,0.0492,0.70
7036,es_step,4000,0.0477,0.969,0.0492,2.93
7037,replay,4000,0.0637,1.000,0.0492,0.70
7038,replay,4000,0.0857,1.000,0.0492,0.70
7039,replay,4000,0.0541,1.000,0.0492,0.70
7040,replay,4000,0.0590,1.000,0.0490,0.71
7041,replay,4000,0.0596,1.000,0.0490,0.71
7042,es_step,4000,0.0388,0.938,0.0490,2.91
7043,replay,4000,0.0636,1.000,0.0490,0.69
7044,replay,4000,0.0497,1.000,0.0489,0.70
7045,replay,4000,0.0589,1.000,0.0488,0.70
7046,replay,4000,0.0665,1.000,0.0488,0.70
7047,es_step,4000,0.0502,0.906,0.0488,2.90
7048,replay,4000,0.0884,1.000,0.0489,0.71
7049,replay,4000,0.0679,1.000,0.0489,0.70
7050,replay,4000,0.0920,1.000,0.0490,0.71
7051,replay,4000,0.0981,1.000,0.0490,0.71
7052,replay,4000,0.1123,1.000,0.0491,0.71
7053,replay,4000,0.0963,1.000,0.0491,0.71
7054,replay,4000,0.1033,1.000,0.0491,0.70
7055,replay,4000,0.1017,1.000,0.0491,0.71
7056,replay,4000,0.1240,1.000,0.0491,0.71
7057,replay,4000,0.1046,1.000,0.0491,0.72
7058,replay,4000,0.1028,1.000,0.0491,0.72
7059,replay,4000,0.1196,1.000,0.0491,0.71
7060,replay,4000,0.0908,1.000,0.0491,0.71
7061,replay,4000,0.1111,1.000,0.0491,0.71
7062,replay,4000,0.0837,1.000,0.0491,0.71
7063,es_step,4000,0.0485,0.875,0.0491,2.99
7064,replay,4000,0.0918,1.000,0.0491,0.70
7065,es_step,4000,0.0279,0.969,0.0491,2.91
7066,replay,4000,0.0804,1.000,0.0490,0.69
7067,replay,4000,0.0533,1.000,0.0489,0.69
7068,replay,4000,0.0679,1.000,0.0489,0.70
7069,replay,4000,0.0972,1.000,0.0489,0.70
7070,replay,4000,0.0975,1.000,0.0489,0.70
7071,replay,4000,0.0654,1.000,0.0491,0.71
7072,es_step,4000,0.0374,0.938,0.0491,2.94
7073,replay,4000,0.0950,1.000,0.0491,0.70
7074,replay,4000,0.0792,1.000,0.0491,0.70
7075,replay,4000,0.0404,1.000,0.0489,0.70
7076,replay,4000,0.0263,1.000,0.0488,0.70
7077,replay,4000,0.0844,1.000,0.0488,0.70
7078,replay,4000,0.0977,1.000,0.0489,0.70
7079,replay,4000,0.0200,1.000,0.0488,0.71
7080,es_step,4000,0.0662,0.938,0.0489,2.94
7081,replay,4000,0.1095,1.000,0.0490,0.70
7082,es_step,4000,0.0715,0.938,0.0491,2.89
7083,replay,4000,0.1159,1.000,0.0492,0.69
7084,es_step,4000,0.0648,0.938,0.0492,2.85
7085,replay,4000,0.0991,1.000,0.0492,0.69
7086,replay,4000,0.0917,1.000,0.0493,0.69
7087,es_step,4000,0.0444,0.969,0.0493,2.89
7088,replay,4000,0.0595,1.000,0.0493,0.70
7089,replay,4000,0.0679,1.000,0.0494,0.70
7090,replay,4000,0.1074,1.000,0.0494,0.71
7091,replay,4000,0.1055,1.000,0.0495,0.71
7092,replay,4000,0.0921,1.000,0.0496,0.70
7093,replay,4000,0.0967,1.000,0.0495,0.70
7094,es_step,4000,0.0377,0.969,0.0495,2.92
7095,replay,4000,0.0901,1.000,0.0495,0.70
7096,replay,4000,0.1077,1.000,0.0496,0.70
7097,es_step,4000,0.0644,0.969,0.0497,2.89
7098,replay,4000,0.1149,1.000,0.0497,0.71
7099,replay,4000,0.1273,1.000,0.0497,0.71
7100,es_step,4000,0.1047,0.938,0.0502,2.94
7101,replay,4000,0.1359,1.000,0.0501,0.71
7102,replay,4000,0.1245,1.000,0.0502,0.71
7103,replay,4000,0.2099,1.000,0.0503,0.71
7104,replay,4000,0.1788,1.000,0.0504,0.71
7105,es_step,4000,0.1221,1.000,0.0511,2.92
7106,replay,4000,0.2034,1.000,0.0512,0.70
7107,es_step,4000,0.1229,0.938,0.0513,2.93
7108,replay,4000,0.1854,1.000,0.0514,0.70
7109,replay,4000,0.1684,1.000,0.0516,0.70
7110,replay,4000,0.1387,1.000,0.0517,0.70
7111,replay,4000,0.1388,1.000,0.0518,0.70
7112,es_step,4000,0.0943,0.938,0.0519,2.90
7113,replay,4000,0.1479,1.000,0.0520,0.69
7114,replay,4000,0.0860,1.000,0.0520,0.70
7115,replay,4000,0.0717,1.000,0.0520,0.69
7116,replay,4000,0.0577,1.000,0.0519,0.70
7117,replay,4000,0.0518,1.000,0.0519,0.70
7118,replay,4000,0.0532,1.000,0.0517,0.70
7119,replay,4000,0.0531,1.000,0.0516,0.70
7120,es_step,4000,-0.0083,0.969,0.0516,2.89
7121,es_step,4000,0.0061,1.000,0.0516,2.90
7122,replay,4000,0.0282,1.000,0.0514,0.69
7123,replay,4000,0.0248,1.000,0.0514,0.70
7124,replay,4000,0.0609,1.000,0.0513,0.69
7125,replay,4000,0.0520,1.000,0.0512,0.70
7126,replay,4000,0.0477,1.000,0.0511,0.69
7127,replay,4000,0.0616,1.000,0.0510,0.71
7128,replay,4000,0.0735,1.000,0.0510,0.71
7129,replay,4000,0.0585,1.000,0.0509,0.70
7130,replay,4000,0.0584,1.000,0.0508,0.70
7131,replay,4000,0.0454,1.000,0.0507,0.70
7132,replay,4000,0.0508,1.000,0.0506,0.71
7133,replay,4000,0.0525,1.000,0.0505,0.71
7134,replay,4000,0.0479,1.000,0.0504,0.71
7135,replay,4000,0.0512,1.000,0.0503,0.71
7136,es_step,4000,0.0216,0.906,0.0503,2.97
7137,replay,4000,0.0657,1.000,0.0503,0.70
7138,es_step,4000,0.0288,0.875,0.0503,2.91
7139,replay,4000,0.0549,1.000,0.0502,0.70
7140,replay,4000,0.0407,1.000,0.0501,0.70
7141,replay,4000,0.0613,1.000,0.0500,0.70
7142,replay,4000,0.0550,1.000,0.0500,0.69
7143,replay,4000,0.0532,1.000,0.0500,0.69
7144,replay,4000,0.0411,1.000,0.0498,0.70
7145,es_step,4000,0.0390,0.844,0.0498,2.88
7146,replay,4000,0.0522,1.000,0.0497,0.69
7147,es_step,4000,0.0380,0.906,0.0498,2.87
7148,replay,4000,0.0556,1.000,0.0497,0.69
7149,replay,4000,0.0831,1.000,0.0497,0.69
7150,replay,4000,0.0737,1.000,0.0497,0.70
7151,replay,4000,0.0709,1.000,0.0497,0.70
7152,replay,4000,0.0481,1.000,0.0496,0.70
7153,es_step,4000,0.0271,0.812,0.0496,2.88
7154,replay,4000,0.0541,1.000,0.0496,0.69
7155,replay,4000,0.0580,1.000,0.0496,0.69
7156,replay,4000,0.0984,1.000,0.0496,0.69
7157,replay,4000,0.0901,1.000,0.0495,0.70
7158,replay,4000,0.0849,1.000,0.0494,0.70
7159,replay,4000,-0.1913,1.000,0.0493,0.70
7160,replay,4000,0.1158,1.000,0.0493,0.70
7161,replay,4000,0.1191,1.000,0.0495,0.70
7162,replay,4000,0.1174,1.000,0.0496,0.71
7163,replay,4000,0.1356,1.000,0.0497,0.71
7164,replay,4000,0.1142,1.000,0.0497,0.70
7165,replay,4000,0.0703,1.000,0.0498,0.70
7166,replay,4000,0.1066,1.000,0.0497,0.71
7167,replay,4000,0.1039,1.000,0.0497,0.71
7168,replay,4000,0.0958,1.000,0.0497,0.70
7169,es_step,4000,0.0514,0.719,0.0497,4.35
7170,replay,4000,0.0964,1.000,0.0496,0.75
7171,replay,4000,-0.0424,1.000,0.0493,0.74
7172,replay,4000,0.0964,1.000,0.0494,0.73
7173,replay,4000,0.1006,1.000,0.0495,3.15
7174,replay,4000,0.0926,1.000,0.0495,0.75
7175,es_step,4000,0.0658,0.844,0.0495,3.18
7176,replay,4000,0.0864,1.000,0.0495,0.73
7177,replay,4000,0.0891,1.000,0.0495,0.73
7178,es_step,4000,0.0378,0.812,0.0495,3.14
7179,es_step,4000,0.0274,0.844,0.0495,3.10
7180,replay,4000,0.0649,1.000,0.0494,0.72
7181,replay,4000,0.0409,1.000,0.0494,0.72
7182,replay,4000,0.0609,1.000,0.0494,0.72
7183,replay,4000,0.0775,1.000,0.0495,0.72
7184,es_step,4000,0.0677,0.844,0.0495,3.05
7185,replay,4000,0.1024,1.000,0.0496,0.71
7186,replay,4000,0.1495,1.000,0.0496,0.71
7187,es_step,4000,0.0850,0.844,0.0498,3.01
7188,replay,4000,0.1401,1.000,0.0499,0.71
7189,replay,4000,0.0973,1.000,0.0500,0.71
7190,replay,4000,0.1231,1.000,0.0501,0.71
7191,replay,4000,0.1100,1.000,0.0501,0.71
7192,es_step,4000,0.0486,0.812,0.0502,3.51
7193,replay,4000,0.0798,1.000,0.0501,0.74
7194,replay,4000,0.0756,1.000,0.0501,0.74
7195,replay,4000,0.0764,1.000,0.0501,0.74
7196,replay,4000,0.0783,1.000,0.0501,0.73
7197,replay,4000,0.0673,1.000,0.0500,0.74
7198,replay,4000,0.0534,1.000,0.0500,0.73
7199,replay,4000,0.0466,1.000,0.0499,0.73
7200,replay,4000,0.0595,1.000,0.0498,0.73
7201,replay,4000,0.0663,1.000,0.0498,0.73
7202,replay,4000,-0.0011,1.000,0.0496,0.72
7203,replay,4000,0.0684,1.000,0.0497,0.72
7204,replay,4000,0.0794,1.000,0.0497,0.72
7205,replay,4000,0.0780,1.000,0.0497,0.72
7206,replay,4000,0.0883,1.000,0.0498,0.73
7207,replay,4000,0.1256,1.000,0.0498,0.73
7208,replay,4000,0.1063,1.000,0.0498,0.72
7209,replay,4000,0.1004,1.000,0.0498,0.73
7210,es_step,4000,0.0554,0.844,0.0498,3.05
7211,replay,4000,0.0988,1.000,0.0499,0.72
7212,replay,4000,0.0935,1.000,0.0499,0.71
7213,replay,4000,0.0820,1.000,0.0499,0.71
7214,es_step,4000,0.0552,0.844,0.0499,3.04
7215,replay,4000,0.0896,1.000,0.0501,0.71
7216,replay,4000,0.0234,1.000,0.0500,0.71
7217,replay,4000,0.1042,1.000,0.0501,0.71
7218,replay,4000,0.1202,1.000,0.0502,0.70
7219,es_step,4000,0.0896,0.938,0.0503,3.02
7220,es_step,4000,0.1012,0.969,0.0506,2.99
7221,es_step,4000,0.0771,0.875,0.0507,2.96
7222,replay,4000,0.1374,1.000,0.0511,0.70
7223,es_step,4000,0.0728,0.906,0.0512,2.95
7224,replay,4000,0.1437,1.000,0.0513,0.70
7225,replay,4000,0.1454,1.000,0.0515,0.70
7226,replay,4000,0.1435,1.000,0.0516,0.70
7227,replay,4000,0.1622,1.000,0.0517,0.70
7228,replay,4000,0.1529,1.000,0.0519,0.70
7229,replay,4000,0.1548,1.000,0.0522,0.70
7230,replay,4000,0.1602,1.000,0.0524,0.70
7231,es_step,4000,0.0871,0.875,0.0526,2.94
7232,replay,4000,0.1395,1.000,0.0527,0.69
7233,replay,4000,0.1265,1.000,0.0529,0.69
7234,replay,4000,0.1032,1.000,0.0528,0.70
7235,replay,4000,0.1084,1.000,0.0528,0.70
7236,replay,4000,0.0836,1.000,0.0529,0.69
7237,replay,4000,0.0893,1.000,0.0529,0.69
7238,replay,4000,0.0899,1.000,0.0531,0.69
7239,es_step,4000,0.0383,0.938,0.0531,2.92
7240,replay,4000,0.0542,1.000,0.0530,0.69
7241,es_step,4000,0.0445,0.781,0.0530,2.93
7242,replay,4000,0.0722,1.000,0.0529,0.69
7243,replay,4000,0.0752,1.000,0.0529,0.70
7244,replay,4000,0.0659,1.000,0.0528,0.70
7245,es_step,4000,0.0358,0.938,0.0529,2.92
7246,replay,4000,0.0725,1.000,0.0528,0.69
7247,replay,4000,0.0622,1.000,0.0527,0.69
7248,replay,4000,0.0475,1.000,0.0526,0.70
7249,replay,4000,0.0045,1.000,0.0524,0.70
7250,replay,4000,0.0622,1.000,0.0523,0.70
7251,replay,4000,0.0702,1.000,0.0523,0.70
7252,replay,4000,0.0808,1.000,0.0525,0.70
7253,replay,4000,0.0679,1.000,0.0525,0.70
7254,replay,4000,0.0600,1.000,0.0524,0.70
7255,es_step,4000,0.0365,0.969,0.0524,2.95
7256,es_step,4000,0.0402,0.781,0.0524,2.94
7257,replay,4000,0.0599,1.000,0.0525,0.70
7258,replay,4000,0.0660,1.000,0.0525,0.70
7259,es_step,4000,0.0449,0.812,0.0525,2.92
7260,replay,4000,0.1059,1.000,0.0525,0.69
7261,replay,4000,0.0478,1.000,0.0524,0.70
7262,es_step,4000,0.0544,0.750,0.0524,2.94
7263,replay,4000,0.0882,1.000,0.0524,0.70
7264,replay,4000,0.0781,1.000,0.0524,0.70
7265,replay,4000,0.0505,1.000,0.0524,0.70
7266,replay,4000,0.0765,1.000,0.0524,0.70
7267,replay,4000,0.0702,1.000,0.0524,0.70
7268,replay,4000,0.0796,1.000,0.0524,0.70
7269,es_step,4000,0.0346,0.844,0.0524,2.96
7270,es_step,4000,0.0366,0.906,0.0524,2.91
7271,replay,4000,0.0611,1.000,0.0523,0.69
7272,replay,4000,0.0509,1.000,0.0522,0.70
7273,replay,4000,0.0825,1.000,0.0524,0.69
7274,es_step,4000,0.0340,0.875,0.0524,2.92
7275,replay,4000,-0.0605,1.000,0.0521,0.70
7276,replay,4000,0.1058,1.000,0.0522,0.69
7277,replay,4000,0.1073,1.000,0.0523,0.69
7278,replay,4000,0.2211,1.000,0.0525,0.69
7279,replay,4000,0.2439,1.000,0.0527,0.70
7280,replay,4000,0.1422,1.000,0.0530,0.70
7281,es_step,4000,0.1204,0.750,0.0538,2.89
7282,replay,4000,0.1816,1.000,0.0540,0.69
7283,replay,4000,0.1629,1.000,0.0541,0.69
7284,replay,4000,0.1597,1.000,0.0542,0.70
7285,replay,4000,0.0975,1.000,0.0543,0.70
7286,replay,4000,0.1218,1.000,0.0543,0.70
7287,replay,4000,0.0601,1.000,0.0543,0.70
7288,es_step,4000,0.0631,0.969,0.0543,2.89
7289,replay,4000,0.0976,1.000,0.0543,0.69
7290,replay,4000,0.0932,1.000,0.0543,0.70
7291,replay,4000,0.0753,1.000,0.0542,0.69
7292,replay,4000,0.0994,1.000,0.0542,0.70
7293,replay,4000,0.1026,1.000,0.0542,0.70
7294,replay,4000,0.0978,1.000,0.0542,0.70
7295,replay,4000,0.0833,1.000,0.0543,0.70
7296,replay,4000,0.0678,1.000,0.0543,0.70
7297,es_step,4000,0.0425,0.875,0.0543,2.92
7298,es_step,4000,0.0542,0.844,0.0543,2.90
7299,replay,4000,0.0799,1.000,0.0543,0.68
7300,replay,4000,0.0737,1.000,0.0543,0.68
7301,es_step,4000,0.0631,0.906,0.0543,2.87
7302,es_step,4000,0.0691,0.688,0.0543,3.74
7303,replay,4000,0.0928,1.000,0.0543,0.73
7304,replay,4000,0.1241,1.000,0.0543,0.72
7305,replay,4000,0.1285,1.000,0.0543,0.72
7306,replay,4000,0.0839,1.000,0.0544,0.72
7307,replay,4000,0.1333,1.000,0.0544,0.72
7308,replay,4000,0.1430,1.000,0.0545,0.71
7309,replay,4000,0.1354,1.000,0.0546,0.71
7310,replay,4000,0.1243,1.000,0.0548,0.71
7311,es_step,4000,0.1126,0.875,0.0550,3.03
7312,replay,4000,0.0841,1.000,0.0551,0.71
7313,replay,4000,0.1337,1.000,0.0552,0.71
7314,replay,4000,0.0994,1.000,0.0552,0.71
7315,replay,4000,0.0830,1.000,0.0553,0.71
7316,replay,4000,0.0673,1.000,0.0552,0.71
7317,replay,4000,0.0508,1.000,0.0551,0.71
7318,replay,4000,0.0435,1.000,0.0551,0.70
7319,replay,4000,0.1003,1.000,0.0551,0.70
7320,replay,4000,0.0937,1.000,0.0550,0.71
7321,replay,4000,0.0961,1.000,0.0551,0.70
7322,replay,4000,0.0748,1.000,0.0551,0.70
7323,replay,4000,0.0726,1.000,0.0551,0.70
7324,replay,4000,0.0480,1.000,0.0551,0.71
7325,replay,4000,0.0601,1.000,0.0550,0.71
7326,es_step,4000,0.0391,0.844,0.0550,2.97
7327,replay,4000,0.0279,1.000,0.0550,0.70
7328,replay,4000,0.0633,1.000,0.0549,0.70
7329,replay,4000,0.0736,1.000,0.0549,0.70
7330,replay,4000,0.0912,1.000,0.0550,0.70
7331,replay,4000,0.1221,1.000,0.0550,0.70
7332,replay,4000,0.1433,1.000,0.0551,0.70
7333,replay,4000,0.1393,1.000,0.0552,0.70
7334,replay,4000,0.1125,1.000,0.0552,0.70
7335,replay,4000,0.1309,1.000,0.0553,0.70
7336,replay,4000,0.1324,1.000,0.0554,0.70
7337,replay,4000,0.0851,1.000,0.0554,0.71
7338,es_step,4000,0.0264,0.969,0.0554,2.95
7339,replay,4000,0.0520,1.000,0.0552,0.70
7340,replay,4000,0.0199,1.000,0.0551,0.70
7341,replay,4000,0.0363,1.000,0.0551,0.70
7342,replay,4000,0.0377,1.000,0.0549,0.69
7343,replay,4000,0.0367,1.000,0.0548,0.70
7344,replay,4000,0.0518,1.000,0.0547,0.70
7345,es_step,4000,0.0336,0.906,0.0547,2.94
7346,replay,4000,0.0644,1.000,0.0546,0.70
7347,replay,4000,0.0813,1.000,0.0546,0.69
7348,replay,4000,0.0634,1.000,0.0546,0.69
7349,replay,4000,0.0695,1.000,0.0545,0.69
7350,replay,4000,0.0570,1.000,0.0545,0.69
7351,replay,4000,0.0392,1.000,0.0544,0.69
7352,replay,4000,0.0513,1.000,0.0541,0.69
7353,replay,4000,0.0231,1.000,0.0541,0.69
7354,replay,4000,0.0605,1.000,0.0540,0.69
7355,replay,4000,0.0730,1.000,0.0540,0.69
7356,replay,4000,0.0585,1.000,0.0539,0.69
7357,replay,4000,0.0548,1.000,0.0538,0.69
7358,es_step,4000,0.0333,0.938,0.0538,2.93
7359,replay,4000,0.0639,1.000,0.0539,0.69
7360,replay,4000,-0.1511,1.000,0.0539,0.69
7361,replay,4000,0.0849,1.000,0.0540,0.69
7362,es_step,4000,0.0768,0.844,0.0541,2.89
7363,replay,4000,0.1386,1.000,0.0542,0.69
7364,replay,4000,0.1432,1.000,0.0545,0.68
7365,es_step,4000,0.0768,0.906,0.0545,2.89
7366,es_step,4000,0.0687,0.875,0.0545,2.88
7367,replay,4000,0.1220,1.000,0.0545,0.69
7368,es_step,4000,0.0493,0.844,0.0545,2.89
7369,replay,4000,0.0780,1.000,0.0545,0.69
7370,es_step,4000,0.0482,0.875,0.0545,2.87
7371,replay,4000,0.0693,1.000,0.0545,0.68
7372,replay,4000,0.0685,1.000,0.0545,0.68
7373,replay,4000,0.0415,1.000,0.0544,0.68
7374,replay,4000,0.0382,1.000,0.0543,0.68
7375,replay,4000,0.0592,1.000,0.0542,0.68
7376,es_step,4000,0.0449,0.969,0.0542,2.86
7377,replay,4000,0.0644,1.000,0.0542,0.68
7378,es_step,4000,0.0393,0.844,0.0542,2.85
7379,replay,4000,0.0593,1.000,0.0541,0.68
7380,replay,4000,0.0540,1.000,0.0541,0.69
7381,replay,4000,0.0800,1.000,0.0540,0.68
7382,replay,4000,0.0772,1.000,0.0539,0.68
7383,replay,4000,0.0624,1.000,0.0539,0.68
7384,replay,4000,0.0835,1.000,0.0538,0.69
7385,replay,4000,0.0879,1.000,0.0538,0.68
7386,es_step,4000,0.0375,0.844,0.0538,2.89
7387,replay,4000,0.0425,1.000,0.0536,0.68
7388,replay,4000,0.0644,1.000,0.0536,0.69
7389,es_step,4000,0.0333,1.000,0.0536,2.89
7390,replay,4000,0.0674,1.000,0.0536,0.69
7391,replay,4000,0.0421,1.000,0.0535,0.69
7392,replay,4000,0.0553,1.000,0.0535,0.68
7393,replay,4000,0.0409,1.000,0.0534,0.69
7394,replay,4000,0.0465,1.000,0.0534,0.69
7395,replay,4000,0.0554,1.000,0.0532,0.69
7396,replay,4000,0.0660,1.000,0.0531,0.68
7397,replay,4000,0.0420,1.000,0.0530,0.68
7398,es_step,4000,0.0147,0.938,0.0530,2.87
7399,replay,4000,-0.3244,1.000,0.0528,0.68
7400,replay,4000,0.0722,1.000,0.0528,0.68
7401,replay,4000,0.1038,1.000,0.0529,0.69
7402,es_step,4000,0.0882,0.906,0.0533,2.89
7403,replay,4000,0.1030,1.000,0.0533,0.68
7404,replay,4000,0.1554,1.000,0.0535,0.68
7405,replay,4000,0.1615,1.000,0.0537,0.69
7406,replay,4000,0.1733,1.000,0.0538,0.69
7407,replay,4000,0.1335,1.000,0.0539,0.69
7408,replay,4000,0.1636,1.000,0.0541,0.69
7409,replay,4000,0.1572,1.000,0.0542,0.69
7410,replay,4000,0.1365,1.000,0.0542,0.69
7411,replay,4000,0.1155,1.000,0.0543,0.69
7412,replay,4000,0.0941,1.000,0.0543,0.70
7413,replay,4000,0.1031,1.000,0.0543,0.70
7414,replay,4000,0.0877,1.000,0.0544,0.70
7415,replay,4000,0.0782,1.000,0.0544,0.69
7416,es_step,4000,0.0490,0.812,0.0544,2.91
7417,replay,4000,0.0807,1.000,0.0544,0.69
7418,replay,4000,0.0888,1.000,0.0544,0.69
7419,replay,4000,0.0475,1.000,0.0543,0.69
7420,replay,4000,0.0556,1.000,0.0542,0.69
7421,replay,4000,0.0698,1.000,0.0542,0.70
7422,replay,4000,0.0714,1.000,0.0541,0.70
7423,es_step,4000,0.0331,0.875,0.0541,2.93
7424,replay,4000,-0.1888,1.000,0.0540,0.69
7425,replay,4000,0.0892,1.000,0.0540,3.18
7426,replay,4000,0.0603,1.000,0.0539,0.70
7427,replay,4000,0.0812,1.000,0.0540,0.70
7428,replay,4000,0.0818,1.000,0.0540,0.71
7429,es_step,4000,0.0595,0.969,0.0540,2.90
7430,replay,4000,0.0841,1.000,0.0540,0.68
7431,replay,4000,0.0639,1.000,0.0542,0.68
7432,replay,4000,0.1148,1.000,0.0541,0.68
7433,replay,4000,0.0607,1.000,0.0540,0.68
7434,replay,4000,0.0862,1.000,0.0540,0.69
7435,replay,4000,0.0627,1.000,0.0540,0.69
7436,replay,4000,0.1080,1.000,0.0539,0.69
7437,replay,4000,0.0781,1.000,0.0538,0.69
7438,replay,4000,0.0512,1.000,0.0537,0.69
7439,replay,4000,0.0555,1.000,0.0536,0.70
7440,replay,4000,0.0254,1.000,0.0535,0.69
7441,replay,4000,0.0722,1.000,0.0535,0.69
7442,es_step,4000,0.0350,0.812,0.0535,2.88
7443,replay,4000,0.0580,1.000,0.0534,0.68
7444,replay,4000,0.0696,1.000,0.0534,0.68
7445,replay,4000,0.0957,1.000,0.0534,0.68
7446,replay,4000,0.0530,1.000,0.0534,0.69
7447,replay,4000,0.0737,1.000,0.0534,0.69
7448,replay,4000,0.0736,1.000,0.0534,0.69
7449,replay,4000,0.0768,1.000,0.0535,0.69
7450,replay,4000,0.0938,1.000,0.0535,0.69
7451,replay,4000,0.0812,1.000,0.0535,0.69
7452,replay,4000,0.0901,1.000,0.0535,0.70
7453,replay,4000,0.1226,1.000,0.0536,0.69
7454,es_step,4000,0.0731,0.844,0.0536,2.89
7455,replay,4000,0.1248,1.000,0.0536,0.69
7456,replay,4000,0.0968,1.000,0.0536,0.69
7457,replay,4000,0.0563,1.000,0.0535,0.69
7458,es_step,4000,0.0729,0.875,0.0537,2.89
7459,replay,4000,0.1095,1.000,0.0537,0.69
7460,replay,4000,0.1159,1.000,0.0537,0.69
7461,es_step,4000,0.0713,0.844,0.0537,2.88
7462,replay,4000,0.0933,1.000,0.0538,0.69
7463,replay,4000,0.1109,1.000,0.0538,0.69
7464,replay,4000,0.0987,1.000,0.0538,0.68
7465,replay,4000,0.0837,1.000,0.0538,0.69
7466,replay,4000,0.0876,1.000,0.0538,0.69
7467,replay,4000,0.0602,1.000,0.0537,0.69
7468,replay,4000,0.0422,1.000,0.0535,0.69
7469,replay,4000,0.0438,1.000,0.0535,0.69
7470,replay,4000,0.0349,1.000,0.0533,0.69
7471,replay,4000,0.0343,1.000,0.0532,0.69
7472,es_step,4000,0.0247,0.844,0.0532,2.91
7473,es_step,4000,0.0113,0.906,0.0532,2.87
7474,replay,4000,0.0221,1.000,0.0531,0.69
7475,es_step,4000,0.0261,0.906,0.0531,2.88
7476,replay,4000,0.0478,1.000,0.0530,0.70
7477,es_step,4000,0.0362,0.969,0.0530,2.88
7478,replay,4000,0.0677,1.000,0.0530,0.69
7479,replay,4000,0.0862,1.000,0.0530,0.69
7480,es_step,4000,0.0391,0.875,0.0530,2.86
7481,replay,4000,0.0768,1.000,0.0530,0.69
7482,replay,4000,0.0814,1.000,0.0530,0.69
7483,replay,4000,0.0980,1.000,0.0531,0.69
7484,replay,4000,0.1082,1.000,0.0531,0.69
7485,es_step,4000,0.0649,0.844,0.0531,2.87
7486,replay,4000,0.0982,1.000,0.0533,0.69
7487,replay,4000,0.1320,1.000,0.0532,0.69
7488,replay,4000,0.1399,1.000,0.0532,0.69
7489,replay,4000,0.0961,1.000,0.0535,0.69
7490,es_step,4000,0.0863,0.938,0.0537,2.92
7491,replay,4000,0.1197,1.000,0.0538,0.70
7492,replay,4000,0.1181,1.000,0.0539,0.70
7493,replay,4000,0.1130,1.000,0.0539,0.70
7494,es_step,4000,0.0611,0.812,0.0539,2.90
7495,es_step,4000,0.0523,0.969,0.0539,2.88
7496,replay,4000,0.1185,1.000,0.0540,0.69
7497,replay,4000,0.1090,1.000,0.0542,0.70
7498,replay,4000,0.1045,1.000,0.0542,0.69
7499,replay,4000,0.1128,1.000,0.0543,0.70
7500,es_step,4000,0.0741,0.906,0.0543,2.87
7501,es_step,4000,0.0652,0.938,0.0543,2.85
7502,es_step,4000,0.0719,0.906,0.0543,2.85
7503,replay,4000,0.0733,1.000,0.0544,0.69
7504,replay,4000,0.0979,1.000,0.0543,0.69
7505,replay,4000,0.1089,1.000,0.0544,0.70
7506,replay,4000,0.1157,1.000,0.0544,0.70
7507,replay,4000,0.1105,1.000,0.0545,0.70
7508,replay,4000,0.1023,1.000,0.0546,0.70
7509,replay,4000,0.0876,1.000,0.0546,0.70
7510,replay,4000,0.0806,1.000,0.0546,0.70
7511,es_step,4000,0.0325,0.938,0.0546,2.94
7512,replay,4000,0.0506,1.000,0.0545,0.70
7513,replay,4000,0.0477,1.000,0.0544,0.70
7514,replay,4000,0.0372,1.000,0.0542,0.70
7515,replay,4000,0.0323,1.000,0.0541,0.71
7516,replay,4000,0.0658,1.000,0.0542,0.70
7517,replay,4000,0.0611,1.000,0.0541,0.70
7518,replay,4000,0.0664,1.000,0.0540,0.70
7519,replay,4000,0.0449,1.000,0.0540,0.70
7520,es_step,4000,0.0374,0.875,0.0540,2.93
7521,replay,4000,0.0464,1.000,0.0540,0.70
7522,replay,4000,0.0472,1.000,0.0539,0.70
7523,replay,4000,0.0614,1.000,0.0538,0.70
7524,replay,4000,0.0598,1.000,0.0538,0.71
7525,replay,4000,0.0626,1.000,0.0537,0.70
7526,replay,4000,0.0183,1.000,0.0536,0.70
7527,replay,4000,0.0464,1.000,0.0535,0.70
7528,es_step,4000,0.0274,0.906,0.0535,2.93
7529,replay,4000,0.0593,1.000,0.0535,0.71
7530,replay,4000,0.0812,1.000,0.0535,0.71
7531,replay,4000,0.0973,1.000,0.0535,0.71
7532,replay,4000,0.0938,1.000,0.0535,0.71
7533,replay,4000,0.1450,1.000,0.0536,0.71
7534,replay,4000,0.1539,1.000,0.0537,0.71
7535,replay,4000,0.1359,1.000,0.0538,0.71
7536,replay,4000,0.1389,1.000,0.0539,0.71
7537,replay,4000,0.1420,1.000,0.0540,0.71
7538,replay,4000,0.1311,1.000,0.0541,0.71
7539,replay,4000,0.0970,1.000,0.0541,0.71
7540,replay,4000,0.0573,1.000,0.0541,0.71
7541,replay,4000,0.0718,1.000,0.0542,0.71
7542,replay,4000,0.0879,1.000,0.0542,0.71
7543,replay,4000,0.0845,1.000,0.0542,0.71
7544,replay,4000,0.0964,1.000,0.0542,0.72
7545,es_step,4000,0.0556,0.750,0.0542,3.01
7546,replay,4000,0.0824,1.000,0.0542,0.71
7547,replay,4000,0.0628,1.000,0.0541,0.71
7548,replay,4000,0.0627,1.000,0.0541,0.71
7549,replay,4000,0.0559,1.000,0.0540,0.71
7550,replay,4000,0.0385,1.000,0.0539,0.71
7551,replay,4000,0.0496,1.000,0.0538,0.72
7552,replay,4000,0.0663,1.000,0.0536,0.71
7553,replay,4000,0.0405,1.000,0.0535,0.71
7554,replay,4000,0.0522,1.000,0.0535,0.70
7555,replay,4000,0.0393,1.000,0.0534,0.71
7556,es_step,4000,0.0341,0.875,0.0534,2.97
7557,replay,4000,0.0881,1.000,0.0534,0.71
7558,replay,4000,0.1015,1.000,0.0534,0.71
7559,replay,4000,0.1158,1.000,0.0534,0.71
7560,replay,4000,0.1073,1.000,0.0535,0.70
7561,replay,4000,0.1130,1.000,0.0535,0.71
7562,replay,4000,0.1026,1.000,0.0535,0.71
7563,es_step,4000,0.0248,0.750,0.0535,2.97
7564,replay,4000,0.0649,1.000,0.0535,0.71
7565,replay,4000,0.0743,1.000,0.0535,0.70
7566,es_step,4000,0.0151,0.906,0.0535,2.95
7567,es_step,4000,0.0182,0.750,0.0535,2.93
7568,es_step,4000,0.0134,0.750,0.0535,2.91
7569,replay,4000,0.0543,1.000,0.0534,0.70
7570,replay,4000,0.0395,1.000,0.0533,0.70
7571,replay,4000,0.0644,1.000,0.0532,0.70
7572,replay,4000,0.0518,1.000,0.0532,0.71
7573,replay,4000,0.0610,1.000,0.0532,0.71
7574,replay,4000,0.0550,1.000,0.0532,0.71
7575,replay,4000,0.0769,1.000,0.0532,0.71
7576,replay,4000,0.0799,1.000,0.0531,0.71
7577,replay,4000,0.0908,1.000,0.0531,0.70
7578,replay,4000,0.0684,1.000,0.0530,0.71
7579,replay,4000,0.0584,1.000,0.0530,0.71
7580,es_step,4000,0.0142,0.906,0.0530,2.92
7581,replay,4000,0.0292,1.000,0.0529,0.70
7582,replay,4000,0.0140,1.000,0.0528,0.71
7583,replay,4000,0.0535,1.000,0.0527,0.71
7584,replay,4000,0.0488,1.000,0.0526,0.71
7585,replay,4000,0.0574,1.000,0.0527,0.71
7586,replay,4000,0.0495,1.000,0.0526,0.71
7587,replay,4000,0.0528,1.000,0.0526,0.71
7588,replay,4000,0.0468,1.000,0.0525,0.71
7589,replay,4000,0.0560,1.000,0.0526,0.71
7590,replay,4000,0.0645,1.000,0.0526,0.72
7591,replay,4000,0.0794,1.000,0.0526,0.71
7592,replay,4000,0.0998,1.000,0.0526,0.72
7593,replay,4000,0.0919,1.000,0.0526,0.70
7594,replay,4000,0.0941,1.000,0.0526,0.71
7595,replay,4000,0.0776,1.000,0.0525,0.71
7596,replay,4000,0.0969,1.000,0.0525,0.71
7597,replay,4000,0.0989,1.000,0.0524,0.71
7598,replay,4000,0.0684,1.000,0.0524,0.75
7599,replay,4000,0.0928,1.000,0.0525,0.70
7600,es_step,4000,0.0588,0.906,0.0525,2.95
7601,replay,4000,0.0902,1.000,0.0526,0.71
7602,replay,4000,0.0835,1.000,0.0526,0.70
7603,replay,4000,0.0549,1.000,0.0525,0.70
7604,replay,4000,0.0463,1.000,0.0524,0.70
7605,es_step,4000,-0.0137,0.844,0.0524,2.94
7606,replay,4000,0.0283,1.000,0.0522,0.71
7607,es_step,4000,-0.0035,0.875,0.0522,2.97
7608,es_step,4000,-0.0082,0.812,0.0522,2.92
7609,replay,4000,0.0033,1.000,0.0521,0.71
7610,replay,4000,0.0385,1.000,0.0520,0.71
7611,es_step,4000,0.0182,1.000,0.0521,2.92
7612,es_step,4000,0.0145,0.938,0.0521,2.88
7613,replay,4000,0.0491,1.000,0.0518,0.70
7614,replay,4000,0.0764,1.000,0.0518,0.70
7615,es_step,4000,0.0417,0.875,0.0518,2.90
7616,replay,4000,0.0823,1.000,0.0519,0.70
7617,replay,4000,0.0832,1.000,0.0519,0.70
7618,es_step,4000,0.0531,0.906,0.0519,2.89
7619,replay,4000,0.1100,1.000,0.0519,0.70
7620,replay,4000,0.1026,1.000,0.0518,0.70
7621,replay,4000,0.0958,1.000,0.0518,0.71
7622,replay,4000,0.1123,1.000,0.0518,0.71
7623,replay,4000,0.1246,1.000,0.0519,0.71
7624,replay,4000,0.1400,1.000,0.0521,0.71
7625,es_step,4000,0.0670,0.969,0.0523,2.95
7626,es_step,4000,0.0846,0.750,0.0527,2.90
7627,es_step,4000,0.0791,0.875,0.0527,2.89
7628,es_step,4000,0.0770,0.812,0.0527,2.89
7629,es_step,4000,0.0805,0.906,0.0527,2.89
7630,es_step,4000,0.0745,0.844,0.0528,2.90
7631,replay,4000,0.1403,1.000,0.0529,0.70
7632,replay,4000,0.1146,1.000,0.0530,0.70
7633,es_step,4000,0.0704,0.844,0.0532,2.92
7634,replay,4000,0.1295,1.000,0.0532,0.71
7635,replay,4000,0.1159,1.000,0.0533,0.71
7636,replay,4000,0.0843,1.000,0.0532,0.71
7637,replay,4000,0.0745,1.000,0.0532,0.71
7638,replay,4000,0.0672,1.000,0.0531,0.71
7639,replay,4000,0.0666,1.000,0.0530,0.71
7640,replay,4000,0.0596,1.000,0.0530,0.72
7641,replay,4000,0.0953,1.000,0.0529,0.71
7642,replay,4000,0.0641,1.000,0.0529,0.71
7643,replay,4000,0.0728,1.000,0.0529,0.71
7644,replay,4000,0.0466,1.000,0.0528,0.71
7645,replay,4000,0.0226,1.000,0.0526,0.71
7646,replay,4000,-0.0659,1.000,0.0525,0.71
7647,replay,4000,0.0650,1.000,0.0525,0.71
7648,replay,4000,0.0482,1.000,0.0525,0.71
7649,es_step,4000,0.0416,0.844,0.0525,2.94
7650,replay,4000,0.0801,1.000,0.0526,0.70
7651,replay,4000,-0.1134,1.000,0.0525,0.70
7652,replay,4000,0.0845,1.000,0.0526,0.70
7653,es_step,4000,0.0610,0.906,0.0526,2.94
7654,replay,4000,0.1785,1.000,0.0527,0.70
7655,replay,4000,0.1542,1.000,0.0528,0.70
7656,es_step,4000,0.0662,0.938,0.0529,2.88
7657,replay,4000,0.1367,1.000,0.0529,0.69
7658,replay,4000,0.1148,1.000,0.0530,0.69
7659,es_step,4000,0.0444,0.906,0.0530,2.87
7660,es_step,4000,0.0398,0.938,0.0530,2.90
7661,es_step,4000,0.0406,0.969,0.0530,2.89
7662,replay,4000,0.1221,1.000,0.0530,0.69
7663,replay,4000,0.0848,1.000,0.0529,0.69
7664,replay,4000,0.0907,1.000,0.0529,0.70
7665,replay,4000,0.1125,1.000,0.0528,0.70
7666,replay,4000,0.0922,1.000,0.0527,0.70
7667,replay,4000,0.0918,1.000,0.0528,0.71
7668,replay,4000,0.0752,1.000,0.0528,0.71
7669,es_step,4000,0.0465,0.938,0.0528,2.96
7670,replay,4000,0.0886,1.000,0.0528,0.70
7671,replay,4000,0.0612,1.000,0.0526,0.70
7672,es_step,4000,0.0279,0.875,0.0526,5.28
7673,es_step,4000,0.0256,1.000,0.0526,2.86
7674,replay,4000,0.0884,1.000,0.0526,0.70
7675,replay,4000,0.0627,1.000,0.0526,0.70
7676,replay,4000,0.0868,1.000,0.0526,0.70
7677,replay,4000,0.0704,1.000,0.0527,0.71
7678,replay,4000,0.0708,1.000,0.0526,0.71
7679,replay,4000,0.0822,1.000,0.0527,0.70
7680,es_step,4000,0.0342,0.938,0.0527,2.91
7681,es_step,4000,0.0367,0.938,0.0527,2.91
7682,replay,4000,0.0889,1.000,0.0525,0.70
7683,es_step,4000,0.0339,0.969,0.0525,2.88
7684,replay,4000,0.0713,1.000,0.0525,0.70
7685,es_step,4000,0.0314,0.906,0.0525,2.85
7686,replay,4000,0.0713,1.000,0.0525,0.69
7687,replay,4000,0.0848,1.000,0.0525,0.69
7688,es_step,4000,0.0557,0.844,0.0525,2.85
7689,replay,4000,0.1242,1.000,0.0526,0.69
7690,replay,4000,0.1260,1.000,0.0526,0.70
7691,replay,4000,0.1563,1.000,0.0529,0.70
7692,replay,4000,-0.1126,1.000,0.0529,0.70
7693,replay,4000,0.1366,1.000,0.0530,0.70
7694,es_step,4000,0.1005,0.906,0.0533,2.89
7695,replay,4000,0.1272,1.000,0.0534,0.70
7696,replay,4000,0.1253,1.000,0.0536,0.70
7697,replay,4000,0.1492,1.000,0.0537,0.70
7698,replay,4000,0.1216,1.000,0.0538,0.70
7699,replay,4000,0.0865,1.000,0.0538,0.70
7700,es_step,4000,0.0511,0.781,0.0538,2.90
7701,es_step,4000,0.0374,0.781,0.0538,2.88
7702,es_step,4000,0.0504,0.719,0.0538,2.85
7703,es_step,4000,0.0482,0.938,0.0538,2.84
7704,es_step,4000,0.0534,0.781,0.0538,2.85
7705,replay,4000,0.0918,1.000,0.0538,0.70
7706,replay,4000,0.1045,1.000,0.0538,0.69
7707,replay,4000,0.0857,1.000,0.0538,0.70
7708,replay,4000,0.0962,1.000,0.0538,0.70
7709,replay,4000,0.0572,1.000,0.0537,0.71
7710,replay,4000,0.0892,1.000,0.0538,0.71
7711,replay,4000,0.0969,1.000,0.0537,0.71
7712,replay,4000,0.1189,1.000,0.0538,0.70
7713,replay,4000,0.1211,1.000,0.0538,0.70
7714,replay,4000,0.1139,1.000,0.0540,0.70
7715,replay,4000,0.1008,1.000,0.0539,0.71
7716,replay,4000,0.0726,1.000,0.0540,0.71
7717,replay,4000,0.0820,1.000,0.0540,0.71
7718,replay,4000,0.0525,1.000,0.0539,0.71
7719,es_step,4000,0.0306,0.781,0.0539,2.97
7720,replay,4000,0.0564,1.000,0.0538,0.70
7721,replay,4000,0.0506,1.000,0.0537,0.70
7722,replay,4000,0.0700,1.000,0.0537,0.70
7723,replay,4000,0.0547,1.000,0.0536,0.70
7724,replay,4000,0.0643,1.000,0.0536,0.70
7725,es_step,4000,0.0354,0.781,0.0536,2.92
7726,es_step,4000,0.0356,0.781,0.0536,2.91
7727,replay,4000,0.0658,1.000,0.0536,0.69
7728,replay,4000,0.0929,1.000,0.0536,0.70
7729,replay,4000,0.0960,1.000,0.0536,0.70
7730,replay,4000,0.0913,1.000,0.0536,0.71
7731,replay,4000,0.0810,1.000,0.0537,0.70
7732,replay,4000,0.0920,1.000,0.0537,0.70
7733,replay,4000,0.1058,1.000,0.0538,0.70
7734,es_step,4000,0.0562,0.875,0.0538,2.95
7735,replay,4000,0.0829,1.000,0.0539,0.70
7736,replay,4000,0.1076,1.000,0.0541,0.70
7737,replay,4000,0.0954,1.000,0.0541,0.70
7738,replay,4000,0.0900,1.000,0.0541,0.71
7739,replay,4000,0.1000,1.000,0.0543,0.71
7740,replay,4000,0.0978,1.000,0.0544,0.71
7741,replay,4000,0.1268,1.000,0.0544,0.71
7742,es_step,4000,0.0504,0.812,0.0544,2.99
7743,replay,4000,0.1205,1.000,0.0547,0.72
7744,replay,4000,0.0694,1.000,0.0548,0.71
7745,replay,4000,0.1099,1.000,0.0549,0.72
7746,replay,4000,0.1308,1.000,0.0550,0.72
7747,replay,4000,0.1170,1.000,0.0552,0.71
7748,es_step,4000,0.0521,0.844,0.0552,2.98
7749,replay,4000,0.0766,1.000,0.0552,0.71
7750,replay,4000,0.0877,1.000,0.0554,0.71
7751,replay,4000,0.0942,1.000,0.0554,0.72
7752,replay,4000,0.1079,1.000,0.0555,0.72
7753,replay,4000,0.0967,1.000,0.0556,0.72
7754,es_step,4000,0.0555,0.938,0.0556,2.98
7755,replay,4000,0.0994,1.000,0.0557,0.71
7756,replay,4000,0.0834,1.000,0.0556,0.71
7757,replay,4000,0.1088,1.000,0.0556,0.71
7758,replay,4000,0.1058,1.000,0.0557,0.71
7759,replay,4000,0.1153,1.000,0.0558,0.72
7760,replay,4000,0.1268,1.000,0.0559,0.72
7761,es_step,4000,0.0843,0.812,0.0559,2.99
7762,replay,4000,0.1413,1.000,0.0560,0.71
7763,replay,4000,0.1466,1.000,0.0561,0.71
7764,replay,4000,0.1339,1.000,0.0563,0.71
7765,replay,4000,0.1219,1.000,0.0564,0.71
7766,es_step,4000,0.0752,0.906,0.0565,2.95
7767,replay,4000,0.1181,1.000,0.0565,0.70
7768,replay,4000,0.0908,1.000,0.0565,0.71
7769,replay,4000,0.0819,1.000,0.0565,0.71
7770,es_step,4000,0.0302,0.844,0.0565,2.94
7771,replay,4000,0.0673,1.000,0.0565,0.71
7772,replay,4000,0.0576,1.000,0.0564,0.70
7773,es_step,4000,0.0092,0.875,0.0564,2.95
7774,replay,4000,0.0473,1.000,0.0563,0.71
7775,es_step,4000,0.0145,0.781,0.0563,2.94
7776,replay,4000,0.0435,1.000,0.0562,0.70
7777,replay,4000,0.0636,1.000,0.0562,0.71
7778,replay,4000,0.0522,1.000,0.0561,0.72
7779,es_step,4000,0.0341,0.844,0.0561,2.98
7780,replay,4000,0.0447,1.000,0.0560,0.71
7781,replay,4000,0.0608,1.000,0.0559,0.70
7782,replay,4000,0.0810,1.000,0.0560,0.71
7783,replay,4000,-0.0995,1.000,0.0560,0.70
7784,replay,4000,0.0541,1.000,0.0559,0.70
7785,es_step,4000,0.0834,0.875,0.0562,2.91
7786,replay,4000,0.1292,1.000,0.0565,0.71
7787,replay,4000,0.1672,1.000,0.0567,0.71
7788,es_step,4000,0.1021,0.812,0.0568,2.93
7789,replay,4000,0.1616,1.000,0.0570,0.70
7790,replay,4000,0.1548,1.000,0.0571,0.70
7791,replay,4000,0.1257,1.000,0.0571,0.71
7792,replay,4000,0.1240,1.000,0.0572,0.71
7793,es_step,4000,0.0823,0.688,0.0574,2.96
7794,replay,4000,0.1008,1.000,0.0574,0.71
7795,replay,4000,0.1004,1.000,0.0574,0.70
7796,es_step,4000,0.0837,0.750,0.0576,2.89
7797,replay,4000,0.1083,1.000,0.0577,0.69
7798,replay,4000,0.1183,1.000,0.0578,0.70
7799,replay,4000,0.0963,1.000,0.0578,0.70
7800,replay,4000,0.0774,1.000,0.0578,0.70
7801,replay,4000,0.0517,1.000,0.0577,0.70
7802,es_step,4000,0.0083,0.875,0.0577,2.87
7803,replay,4000,0.0432,1.000,0.0576,0.69
7804,replay,4000,0.0399,1.000,0.0575,0.71
7805,replay,4000,0.0449,1.000,0.0574,0.70
7806,replay,4000,0.0333,1.000,0.0573,0.70
7807,replay,4000,0.0423,1.000,0.0572,0.70
7808,replay,4000,0.0560,1.000,0.0571,0.70
7809,replay,4000,0.0634,1.000,0.0570,0.70
7810,es_step,4000,0.0348,0.906,0.0570,2.92
7811,replay,4000,0.0590,1.000,0.0570,0.70
7812,replay,4000,0.0501,1.000,0.0570,0.71
7813,es_step,4000,0.0127,0.906,0.0570,2.90
7814,replay,4000,0.0478,1.000,0.0569,0.70
7815,replay,4000,0.0580,1.000,0.0567,0.70
7816,replay,4000,0.0448,1.000,0.0566,0.71
7817,replay,4000,0.0233,1.000,0.0564,0.70
7818,replay,4000,0.0466,1.000,0.0562,0.70
7819,replay,4000,0.0435,1.000,0.0560,0.70
7820,es_step,4000,0.0216,0.875,0.0560,2.91
7821,es_step,4000,0.0190,0.719,0.0560,2.92
7822,replay,4000,0.0581,1.000,0.0560,0.70
7823,replay,4000,0.0517,1.000,0.0559,0.69
7824,replay,4000,0.0567,1.000,0.0559,0.70
7825,replay,4000,0.0420,1.000,0.0557,0.70
7826,replay,4000,0.0775,1.000,0.0557,0.70
7827,replay,4000,0.1056,1.000,0.0557,0.70
7828,es_step,4000,0.0526,0.688,0.0557,2.91
7829,replay,4000,0.0936,1.000,0.0557,0.70
7830,replay,4000,0.1042,1.000,0.0557,0.70
7831,replay,4000,0.0746,1.000,0.0557,0.70
7832,es_step,4000,0.0457,0.844,0.0557,2.92
7833,replay,4000,0.0873,1.000,0.0558,0.70
7834,es_step,4000,0.0438,0.875,0.0558,2.88
7835,replay,4000,0.1008,1.000,0.0558,0.70
7836,replay,4000,0.1133,1.000,0.0558,0.71
7837,replay,4000,0.0422,1.000,0.0556,0.71
7838,replay,4000,0.1127,1.000,0.0557,0.72
7839,replay,4000,0.1135,1.000,0.0559,0.72
7840,replay,4000,0.1119,1.000,0.0560,0.71
7841,replay,4000,0.0746,1.000,0.0560,0.72
7842,es_step,4000,0.0347,0.781,0.0561,2.99
7843,es_step,4000,0.0382,0.750,0.0561,2.92
7844,replay,4000,0.0625,1.000,0.0561,0.70
7845,replay,4000,0.0838,1.000,0.0560,0.70
7846,replay,4000,0.0911,1.000,0.0559,0.71
7847,replay,4000,0.1278,1.000,0.0560,0.71
7848,replay,4000,0.1247,1.000,0.0561,0.71
7849,es_step,4000,0.0817,0.875,0.0562,2.94
7850,es_step,4000,0.0783,0.656,0.0563,2.93
7851,es_step,4000,0.0752,0.781,0.0564,2.91
7852,replay,4000,0.1324,1.000,0.0566,0.71
7853,replay,4000,0.1341,1.000,0.0566,0.70
7854,replay,4000,0.1336,1.000,0.0567,0.70
7855,replay,4000,0.1198,1.000,0.0567,0.71
7856,replay,4000,0.1251,1.000,0.0567,0.71
7857,replay,4000,0.1074,1.000,0.0567,0.70
7858,replay,4000,0.1136,1.000,0.0568,0.71
7859,es_step,4000,0.0652,0.812,0.0568,2.97
7860,es_step,4000,0.0709,0.875,0.0569,2.90
7861,replay,4000,0.1045,1.000,0.0569,0.70
7862,es_step,4000,0.0630,0.906,0.0569,2.89
7863,replay,4000,0.1209,1.000,0.0570,0.71
7864,replay,4000,0.0658,1.000,0.0570,0.71
7865,replay,4000,0.0875,1.000,0.0570,0.71
7866,replay,4000,0.1069,1.000,0.0571,0.71
7867,replay,4000,0.1135,1.000,0.0571,0.71
7868,replay,4000,0.0884,1.000,0.0573,0.70
7869,replay,4000,0.0644,1.000,0.0573,0.70
7870,replay,4000,0.0658,1.000,0.0572,0.71
7871,replay,4000,0.0700,1.000,0.0572,0.71
7872,replay,4000,0.0418,1.000,0.0571,0.71
7873,replay,4000,0.0431,1.000,0.0570,0.71
7874,es_step,4000,0.0198,0.812,0.0570,2.98
7875,es_step,4000,0.0210,0.875,0.0570,2.96
7876,es_step,4000,0.0199,0.938,0.0570,2.90
7877,replay,4000,0.0566,1.000,0.0569,0.70
7878,replay,4000,0.0621,1.000,0.0569,0.70
7879,replay,4000,0.0488,1.000,0.0568,0.70
7880,es_step,4000,0.0293,0.906,0.0568,2.89
7881,replay,4000,0.0982,1.000,0.0568,0.70
7882,replay,4000,0.0897,1.000,0.0568,0.70
7883,replay,4000,0.0775,1.000,0.0568,0.70
7884,es_step,4000,0.0530,0.906,0.0568,2.90
7885,es_step,4000,0.0357,0.812,0.0568,2.88
7886,replay,4000,0.0847,1.000,0.0568,0.71
7887,es_step,4000,0.0422,0.688,0.0568,2.94
7888,replay,4000,0.0882,1.000,0.0569,0.71
7889,replay,4000,0.0860,1.000,0.0571,0.71
7890,replay,4000,0.0743,1.000,0.0571,0.70
7891,replay,4000,0.0757,1.000,0.0571,0.71
7892,replay,4000,0.0465,1.000,0.0570,0.71
7893,replay,4000,0.0480,1.000,0.0570,0.71
7894,es_step,4000,0.0219,0.875,0.0570,2.92
7895,replay,4000,0.0530,1.000,0.0569,0.70
7896,replay,4000,0.0359,1.000,0.0568,0.71
7897,es_step,4000,0.0269,0.969,0.0568,2.91
7898,replay,4000,0.0435,1.000,0.0567,0.71
7899,es_step,4000,0.0423,0.875,0.0567,5.33
7900,replay,4000,0.0626,1.000,0.0566,0.71
7901,es_step,4000,0.0291,0.844,0.0566,2.91
7902,replay,4000,0.0564,1.000,0.0566,0.69
7903,replay,4000,0.0995,1.000,0.0566,0.70
7904,replay,4000,0.0620,1.000,0.0565,0.70
7905,es_step,4000,0.0192,0.906,0.0565,2.91
7906,replay,4000,0.0614,1.000,0.0564,0.70
7907,replay,4000,0.0507,1.000,0.0563,0.70
7908,replay,4000,0.0525,1.000,0.0562,0.70
7909,es_step,4000,0.0249,0.844,0.0563,2.89
7910,replay,4000,0.0806,1.000,0.0562,0.70
7911,replay,4000,0.1054,1.000,0.0561,0.70
7912,es_step,4000,0.0368,0.844,0.0561,2.90
7913,replay,4000,0.0844,1.000,0.0560,0.70
7914,replay,4000,0.0950,1.000,0.0560,0.70
7915,replay,4000,0.0709,1.000,0.0560,0.70
7916,es_step,4000,0.0480,0.875,0.0560,2.89
7917,es_step,4000,0.0489,0.750,0.0560,2.86
7918,es_step,4000,0.0559,0.812,0.0560,2.85
7919,replay,4000,0.1109,1.000,0.0560,0.69
7920,replay,4000,0.0937,1.000,0.0561,0.69
7921,replay,4000,0.1030,1.000,0.0562,0.69
7922,replay,4000,0.1241,1.000,0.0563,0.69
7923,es_step,4000,0.0714,0.938,0.0563,2.90
7924,replay,4000,0.1118,1.000,0.0563,0.70
7925,es_step,4000,0.0750,0.844,0.0563,2.86
7926,replay,4000,0.1164,1.000,0.0565,0.69
7927,es_step,4000,0.0632,0.750,0.0566,2.86
7928,replay,4000,0.0702,1.000,0.0567,0.69
7929,replay,4000,0.0885,1.000,0.0566,0.69
7930,replay,4000,0.0935,1.000,0.0567,0.69
7931,es_step,4000,0.0287,0.844,0.0567,2.87
7932,es_step,4000,0.0374,0.781,0.0567,2.88
7933,replay,4000,0.0750,1.000,0.0567,0.71
7934,replay,4000,0.0507,1.000,0.0566,0.71
7935,replay,4000,0.0694,1.000,0.0566,0.71
7936,replay,4000,0.0336,1.000,0.0566,0.72
7937,replay,4000,0.0701,1.000,0.0565,0.71
7938,es_step,4000,0.0569,0.812,0.0565,2.93
7939,replay,4000,0.0945,1.000,0.0565,0.71
7940,replay,4000,0.1067,1.000,0.0566,0.71
7941,replay,4000,0.0942,1.000,0.0566,0.70
7942,es_step,4000,0.0513,0.812,0.0566,2.89
7943,replay,4000,0.1017,1.000,0.0567,0.70
7944,replay,4000,0.1103,1.000,0.0568,0.70
7945,replay,4000,0.0952,1.000,0.0568,0.71
7946,es_step,4000,0.0507,0.875,0.0568,2.94
7947,es_step,4000,0.0453,0.906,0.0568,2.89
7948,replay,4000,0.1141,1.000,0.0569,0.70
7949,replay,4000,0.0939,1.000,0.0568,0.70
7950,replay,4000,0.0839,1.000,0.0568,0.70
7951,es_step,4000,0.0514,0.844,0.0568,2.88
7952,replay,4000,0.0707,1.000,0.0568,0.70
7953,replay,4000,0.0847,1.000,0.0568,0.70
7954,es_step,4000,0.0161,0.812,0.0568,2.86
7955,replay,4000,0.0560,1.000,0.0567,0.70
7956,es_step,4000,0.0186,0.875,0.0567,2.85
7957,replay,4000,0.0627,1.000,0.0566,0.69
7958,replay,4000,0.0533,1.000,0.0565,0.70
7959,es_step,4000,0.0189,0.906,0.0565,2.90
7960,replay,4000,0.0552,1.000,0.0564,0.71
7961,es_step,4000,0.0337,0.719,0.0565,2.93
7962,replay,4000,0.0580,1.000,0.0564,0.70
7963,replay,4000,0.0678,1.000,0.0563,0.70
7964,replay,4000,0.0576,1.000,0.0563,0.70
7965,replay,4000,0.0905,1.000,0.0563,0.70
7966,replay,4000,0.0958,1.000,0.0563,0.70
7967,replay,4000,0.0599,1.000,0.0562,0.70
7968,replay,4000,0.0621,1.000,0.0562,0.71
7969,replay,4000,0.0879,1.000,0.0561,0.71
7970,replay,4000,0.0885,1.000,0.0562,0.71
7971,replay,4000,0.1063,1.000,0.0561,0.72
7972,replay,4000,0.0915,1.000,0.0562,0.71
7973,replay,4000,0.0822,1.000,0.0562,0.71
7974,es_step,4000,0.0460,0.844,0.0562,2.93
7975,es_step,4000,0.0317,0.875,0.0562,2.93
7976,replay,4000,0.1075,1.000,0.0561,0.71
7977,replay,4000,0.0867,1.000,0.0561,0.70
7978,es_step,4000,0.0374,0.906,0.0561,2.89
7979,replay,4000,-0.2690,1.000,0.0560,0.70
7980,replay,4000,0.1280,1.000,0.0562,0.70
7981,replay,4000,0.1525,1.000,0.0563,0.70
7982,replay,4000,0.1686,1.000,0.0565,0.71
7983,replay,4000,0.1798,1.000,0.0567,0.71
7984,replay,4000,0.1717,1.000,0.0570,0.70
7985,replay,4000,0.1626,1.000,0.0570,0.70
7986,replay,4000,0.1287,1.000,0.0571,0.71
7987,replay,4000,0.1179,1.000,0.0571,0.71
7988,es_step,4000,0.0788,0.906,0.0573,2.95
7989,replay,4000,0.1148,1.000,0.0573,0.70
7990,replay,4000,0.0804,1.000,0.0574,0.71
7991,replay,4000,0.0739,1.000,0.0574,0.71
7992,replay,4000,0.0730,1.000,0.0573,0.71
7993,es_step,4000,0.0385,0.875,0.0573,2.94
7994,replay,4000,0.0653,1.000,0.0573,0.70
7995,es_step,4000,0.0274,0.812,0.0573,2.89
7996,replay,4000,0.0290,1.000,0.0570,0.70
7997,es_step,4000,0.0392,0.656,0.0570,2.88
7998,replay,4000,0.0591,1.000,0.0570,0.70
7999,replay,4000,0.0565,1.000,0.0570,0.70
8000,replay,4000,0.0677,1.000,0.0570,0.71
8001,replay,4000,0.0613,1.000,0.0570,0.71
8002,replay,4000,0.0636,1.000,0.0569,0.72
8003,replay,4000,0.0432,1.000,0.0568,0.72
8004,replay,4000,0.0288,1.000,0.0567,0.71
8005,replay,4000,0.0328,1.000,0.0565,0.71
8006,es_step,4000,0.0135,0.875,0.0565,2.99
8007,es_step,4000,0.0207,0.875,0.0565,2.92
8008,replay,4000,0.0486,1.000,0.0564,0.71
8009,replay,4000,0.0461,1.000,0.0564,0.71
8010,es_step,4000,0.0303,0.812,0.0564,2.90
8011,replay,4000,0.0589,1.000,0.0563,0.70
8012,replay,4000,0.0924,1.000,0.0562,0.71
8013,replay,4000,0.0669,1.000,0.0561,0.71
8014,replay,4000,0.0645,1.000,0.0561,0.70
8015,replay,4000,0.0907,1.000,0.0561,0.71
8016,replay,4000,0.0868,1.000,0.0561,0.70
8017,replay,4000,0.0962,1.000,0.0560,0.70
8018,replay,4000,0.0895,1.000,0.0560,0.70
8019,replay,4000,0.0865,1.000,0.0562,0.71
8020,replay,4000,0.0966,1.000,0.0562,0.70
8021,replay,4000,0.1289,1.000,0.0562,0.71
8022,replay,4000,0.0938,1.000,0.0562,0.71
8023,replay,4000,0.0756,1.000,0.0562,0.71
8024,replay,4000,0.0727,1.000,0.0562,0.72
8025,replay,4000,0.0337,1.000,0.0561,0.71
8026,es_step,4000,0.0318,0.812,0.0561,2.95
8027,replay,4000,0.0336,1.000,0.0560,0.71
8028,replay,4000,0.0561,1.000,0.0559,0.71
8029,replay,4000,0.0748,1.000,0.0558,0.71
8030,replay,4000,0.0717,1.000,0.0557,0.71
8031,replay,4000,0.1029,1.000,0.0557,0.72
8032,replay,4000,0.0715,1.000,0.0556,0.71
8033,replay,4000,0.0578,1.000,0.0556,0.71
8034,replay,4000,0.0717,1.000,0.0556,0.71
8035,replay,4000,0.0670,1.000,0.0556,0.71
8036,replay,4000,0.1030,1.000,0.0556,0.71
8037,replay,4000,0.1160,1.000,0.0557,0.71
8038,replay,4000,0.0947,1.000,0.0557,0.71
8039,replay,4000,0.0841,1.000,0.0557,0.71
8040,replay,4000,0.0983,1.000,0.0558,0.72
8041,replay,4000,0.0708,1.000,0.0558,0.72
8042,es_step,4000,0.0368,0.812,0.0558,3.00
8043,replay,4000,0.0148,1.000,0.0558,0.71
8044,es_step,4000,0.0481,0.812,0.0558,2.99
8045,replay,4000,0.1109,1.000,0.0559,0.71
8046,replay,4000,0.1204,1.000,0.0559,0.71
8047,replay,4000,0.1241,1.000,0.0561,0.72
8048,es_step,4000,0.0814,0.906,0.0562,2.98
8049,replay,4000,0.1254,1.000,0.0563,0.71
8050,replay,4000,0.0981,1.000,0.0564,0.70
8051,replay,4000,0.0984,1.000,0.0564,0.70
8052,replay,4000,0.1013,1.000,0.0565,0.71
8053,replay,4000,0.0885,1.000,0.0565,0.70
8054,replay,4000,0.0590,1.000,0.0564,0.70
8055,replay,4000,0.0512,1.000,0.0563,0.71
8056,replay,4000,0.0302,1.000,0.0562,0.71
8057,es_step,4000,-0.0101,0.812,0.0562,2.94
8058,replay,4000,0.0412,1.000,0.0561,0.70
8059,replay,4000,0.0121,1.000,0.0560,0.70
8060,replay,4000,0.0352,1.000,0.0559,0.70
8061,replay,4000,0.0698,1.000,0.0559,0.71
8062,replay,4000,0.0714,1.000,0.0559,0.72
8063,replay,4000,0.0818,1.000,0.0559,0.71
8064,es_step,4000,0.0591,0.844,0.0559,2.97
8065,replay,4000,0.0883,1.000,0.0559,0.71
8066,replay,4000,0.1039,1.000,0.0559,0.71
8067,es_step,4000,0.0399,0.906,0.0559,2.97
8068,replay,4000,0.0771,1.000,0.0559,0.71
8069,replay,4000,0.0699,1.000,0.0558,0.71
8070,replay,4000,0.0715,1.000,0.0559,0.71
8071,replay,4000,0.0457,1.000,0.0558,0.71
8072,es_step,4000,0.0187,0.938,0.0558,2.93
8073,replay,4000,0.0371,1.000,0.0557,0.70
8074,replay,4000,0.0609,1.000,0.0557,0.69
8075,replay,4000,0.0418,1.000,0.0556,0.70
8076,replay,4000,0.0610,1.000,0.0555,0.70
8077,replay,4000,0.0180,1.000,0.0554,0.70
8078,es_step,4000,0.0361,0.938,0.0554,2.93
8079,replay,4000,0.0569,1.000,0.0553,0.71
8080,es_step,4000,0.0298,0.844,0.0553,2.99
8081,replay,4000,0.0577,1.000,0.0552,0.71
8082,replay,4000,0.0649,1.000,0.0552,0.71
8083,es_step,4000,0.0275,0.906,0.0552,2.99
8084,replay,4000,0.0897,1.000,0.0551,0.71
8085,replay,4000,0.0913,1.000,0.0551,0.71
8086,replay,4000,0.0568,1.000,0.0551,0.71
8087,replay,4000,0.0747,1.000,0.0551,0.71
8088,replay,4000,0.0890,1.000,0.0551,0.71
8089,replay,4000,0.1299,1.000,0.0551,0.71
8090,replay,4000,0.1004,1.000,0.0551,0.71
8091,replay,4000,0.0797,1.000,0.0551,0.71
8092,es_step,4000,0.0247,0.875,0.0551,2.97
8093,es_step,4000,0.0434,0.781,0.0551,2.95
8094,replay,4000,0.0990,1.000,0.0551,0.71
8095,replay,4000,0.1029,1.000,0.0551,0.72
8096,es_step,4000,0.0422,0.906,0.0551,2.98
8097,replay,4000,0.0864,1.000,0.0551,0.71
8098,es_step,4000,0.0564,0.812,0.0551,2.99
8099,replay,4000,0.0899,1.000,0.0551,0.71
8100,replay,4000,0.1082,1.000,0.0551,0.72
8101,es_step,4000,0.0669,0.750,0.0552,2.94
8102,replay,4000,0.1155,1.000,0.0554,0.71
8103,es_step,4000,0.0693,0.844,0.0554,2.98
8104,replay,4000,0.0907,1.000,0.0555,0.71
8105,replay,4000,0.1080,1.000,0.0556,0.71
8106,es_step,4000,0.0831,0.844,0.0557,2.94
8107,replay,4000,0.1049,1.000,0.0557,0.71
8108,replay,4000,0.1132,1.000,0.0557,0.72
8109,replay,4000,0.1073,1.000,0.0558,0.72
8110,replay,4000,0.1064,1.000,0.0558,0.72
8111,replay,4000,0.0975,1.000,0.0559,0.72
8112,replay,4000,0.0972,1.000,0.0559,0.71
8113,es_step,4000,0.0456,0.719,0.0559,2.95
8114,es_step,4000,0.0519,0.812,0.0559,2.91
8115,es_step,4000,0.0316,0.656,0.0559,2.90
8116,replay,4000,0.0896,1.000,0.0559,0.71
8117,replay,4000,0.0638,1.000,0.0559,0.70
8118,replay,4000,0.0639,1.000,0.0558,0.71
8119,es_step,4000,0.0188,0.812,0.0558,2.97
8120,es_step,4000,0.0096,0.750,0.0558,5.46
8121,es_step,4000,0.0235,0.844,0.0558,2.89
8122,replay,4000,0.0589,1.000,0.0557,0.71
8123,replay,4000,0.0468,1.000,0.0556,0.71
8124,replay,4000,0.0401,1.000,0.0555,0.71
8125,replay,4000,0.0427,1.000,0.0555,0.71
8126,replay,4000,0.0334,1.000,0.0553,0.71
8127,es_step,4000,0.0028,0.719,0.0553,2.96
8128,replay,4000,0.0442,1.000,0.0552,0.71
8129,es_step,4000,0.0078,0.844,0.0552,2.93
8130,replay,4000,0.0407,1.000,0.0551,0.69
8131,replay,4000,0.0257,1.000,0.0550,0.69
8132,replay,4000,0.0489,1.000,0.0549,0.70
8133,replay,4000,0.0603,1.000,0.0548,0.71
8134,replay,4000,0.1146,1.000,0.0549,0.70
8135,replay,4000,0.1079,1.000,0.0549,0.71
8136,replay,4000,0.0774,1.000,0.0549,0.71
8137,replay,4000,-0.0022,1.000,0.0547,0.70
8138,replay,4000,0.0915,1.000,0.0547,0.71
8139,replay,4000,0.0993,1.000,0.0547,0.71
8140,es_step,4000,0.0286,0.906,0.0547,2.94
8141,replay,4000,0.0632,1.000,0.0547,0.70
8142,replay,4000,0.0817,1.000,0.0547,0.69
8143,replay,4000,0.0555,1.000,0.0546,0.69
8144,replay,4000,0.0484,1.000,0.0546,0.70
8145,replay,4000,0.0998,1.000,0.0545,0.70
8146,replay,4000,0.0546,1.000,0.0546,0.71
8147,replay,4000,0.0850,1.000,0.0545,0.71
8148,replay,4000,0.0702,1.000,0.0545,0.71
8149,replay,4000,0.0885,1.000,0.0545,0.70
8150,replay,4000,0.0941,1.000,0.0545,0.71
8151,replay,4000,0.0975,1.000,0.0545,0.71
8152,replay,4000,0.1021,1.000,0.0546,0.71
8153,replay,4000,0.0998,1.000,0.0546,0.71
8154,replay,4000,0.0969,1.000,0.0546,0.71
8155,replay,4000,0.0769,1.000,0.0546,0.71
8156,replay,4000,0.0654,1.000,0.0546,0.71
8157,replay,4000,0.0650,1.000,0.0546,0.72
8158,replay,4000,0.0950,1.000,0.0546,0.72
8159,replay,4000,0.0837,1.000,0.0547,0.72
8160,replay,4000,0.0453,1.000,0.0547,0.71
8161,replay,4000,0.1233,1.000,0.0547,0.72
8162,replay,4000,0.1307,1.000,0.0548,0.71
8163,replay,4000,0.1721,1.000,0.0549,0.71
8164,replay,4000,0.1733,1.000,0.0550,0.71
8165,replay,4000,0.1322,1.000,0.0553,0.71
8166,es_step,4000,0.0934,0.938,0.0556,2.99
8167,es_step,4000,0.0834,0.750,0.0557,2.99
8168,es_step,4000,0.0901,0.719,0.0558,2.98
8169,replay,4000,0.1381,1.000,0.0559,0.71
8170,replay,4000,0.1293,1.000,0.0560,0.72
8171,replay,4000,0.0691,1.000,0.0560,0.72
8172,replay,4000,0.0662,1.000,0.0560,0.71
8173,replay,4000,0.0497,1.000,0.0559,0.71
8174,replay,4000,0.0459,1.000,0.0558,0.72
8175,es_step,4000,0.0004,0.844,0.0558,2.96
8176,replay,4000,0.0463,1.000,0.0556,0.71
8177,es_step,4000,0.0019,0.875,0.0556,2.94
8178,replay,4000,0.0436,1.000,0.0555,0.71
8179,replay,4000,0.0703,1.000,0.0554,0.72
8180,replay,4000,0.0682,1.000,0.0553,0.72
8181,es_step,4000,0.0184,0.844,0.0553,2.97
8182,replay,4000,0.0649,1.000,0.0552,0.70
8183,es_step,4000,0.0327,0.844,0.0552,2.89
8184,replay,4000,0.0616,1.000,0.0552,0.69
8185,replay,4000,0.0664,1.000,0.0552,0.70
8186,es_step,4000,0.0407,0.906,0.0552,2.92
8187,es_step,4000,0.0351,0.812,0.0553,2.86
8188,replay,4000,0.0453,1.000,0.0552,0.69
8189,replay,4000,0.0545,1.000,0.0551,0.69
8190,replay,4000,0.0590,1.000,0.0550,0.69
8191,replay,4000,0.0616,1.000,0.0550,0.70
8192,es_step,4000,0.0068,0.906,0.0550,2.90
8193,replay,4000,0.0620,1.000,0.0549,0.69
8194,es_step,4000,0.0228,0.938,0.0549,2.86
8195,replay,4000,0.0394,1.000,0.0548,0.69
8196,replay,4000,0.0498,1.000,0.0547,0.69
8197,replay,4000,0.0543,1.000,0.0546,0.70
8198,replay,4000,0.0587,1.000,0.0546,0.70
8199,replay,4000,0.0586,1.000,0.0545,0.70
8200,replay,4000,0.0452,1.000,0.0544,0.70
8201,replay,4000,0.0451,1.000,0.0543,0.71
8202,replay,4000,0.0818,1.000,0.0543,0.71
8203,replay,4000,0.0719,1.000,0.0542,0.71
8204,es_step,4000,0.0479,0.719,0.0543,2.99
8205,replay,4000,0.1079,1.000,0.0543,0.71
8206,replay,4000,0.1181,1.000,0.0545,0.71
8207,replay,4000,0.1377,1.000,0.0545,0.71
8208,replay,4000,0.1397,1.000,0.0546,0.71
8209,replay,4000,0.1247,1.000,0.0549,0.71
8210,replay,4000,0.1245,1.000,0.0550,0.71
8211,replay,4000,0.1276,1.000,0.0550,0.71
8212,replay,4000,0.0837,1.000,0.0549,0.70
8213,es_step,4000,0.0476,0.875,0.0549,2.98
8214,replay,4000,0.1060,1.000,0.0549,0.71
8215,replay,4000,0.0647,1.000,0.0548,0.71
8216,replay,4000,0.0638,1.000,0.0548,0.71
8217,replay,4000,0.0674,1.000,0.0548,0.71
8218,replay,4000,0.0694,1.000,0.0547,0.71
8219,replay,4000,0.0608,1.000,0.0547,0.71
8220,es_step,4000,0.0304,0.750,0.0547,2.97
8221,replay,4000,0.0962,1.000,0.0547,0.71
8222,replay,4000,0.0681,1.000,0.0546,0.70
8223,replay,4000,0.0743,1.000,0.0547,0.71
8224,replay,4000,0.1039,1.000,0.0547,0.70
8225,replay,4000,0.1066,1.000,0.0547,0.71
8226,replay,4000,0.1077,1.000,0.0547,0.70
8227,replay,4000,0.0911,1.000,0.0547,0.71
8228,replay,4000,0.0898,1.000,0.0547,0.71
8229,replay,4000,0.0993,1.000,0.0547,0.71
8230,replay,4000,0.0812,1.000,0.0547,0.70
8231,replay,4000,0.0883,1.000,0.0547,0.71
8232,es_step,4000,0.0593,0.844,0.0547,2.99
8233,es_step,4000,0.0482,0.906,0.0547,2.96
8234,replay,4000,0.0707,1.000,0.0547,0.70
8235,replay,4000,0.0815,1.000,0.0547,0.70
8236,replay,4000,0.0997,1.000,0.0547,0.70
8237,replay,4000,0.0709,1.000,0.0547,0.70
8238,replay,4000,0.0832,1.000,0.0547,0.70
8239,es_step,4000,0.0477,0.938,0.0547,2.90
8240,es_step,4000,0.0504,0.938,0.0547,2.90
8241,replay,4000,0.0932,1.000,0.0547,0.72
8242,replay,4000,0.0935,1.000,0.0548,0.71
8243,replay,4000,0.0937,1.000,0.0548,0.71
8244,replay,4000,0.0757,1.000,0.0548,0.71
8245,replay,4000,0.0563,1.000,0.0547,0.71
8246,es_step,4000,0.0218,0.875,0.0547,2.94
8247,es_step,4000,0.0117,0.875,0.0547,2.89
8248,replay,4000,0.0334,1.000,0.0546,0.70
8249,replay,4000,0.0538,1.000,0.0546,0.71
8250,replay,4000,0.0577,1.000,0.0545,0.71
8251,replay,4000,0.0593,1.000,0.0545,0.71
8252,replay,4000,0.0685,1.000,0.0545,0.71
8253,replay,4000,0.0837,1.000,0.0545,0.71
8254,replay,4000,0.0976,1.000,0.0545,0.72
8255,replay,4000,0.0857,1.000,0.0545,0.72
8256,replay,4000,0.1012,1.000,0.0546,0.72
8257,replay,4000,0.0834,1.000,0.0545,0.72
8258,replay,4000,0.0969,1.000,0.0546,0.72
8259,replay,4000,0.1259,1.000,0.0547,0.72
8260,replay,4000,0.1259,1.000,0.0548,0.72
8261,replay,4000,0.1030,1.000,0.0547,0.72
8262,es_step,4000,-0.0023,0.781,0.0547,3.03
8263,replay,4000,0.0689,1.000,0.0547,0.71
8264,replay,4000,0.0407,1.000,0.0546,0.71
8265,replay,4000,0.0211,1.000,0.0544,0.72
8266,replay,4000,0.0222,1.000,0.0542,0.73
8267,replay,4000,0.0660,1.000,0.0541,0.72
8268,replay,4000,0.0551,1.000,0.0540,0.72
8269,replay,4000,0.0487,1.000,0.0539,0.72
8270,replay,4000,0.0832,1.000,0.0539,0.72
8271,es_step,4000,0.0275,0.906,0.0539,3.03
8272,replay,4000,0.0725,1.000,0.0539,0.72
8273,replay,4000,0.0927,1.000,0.0539,0.72
8274,replay,4000,0.1095,1.000,0.0540,0.72
8275,replay,4000,0.1104,1.000,0.0540,0.73
8276,es_step,4000,0.0432,0.875,0.0540,3.03
8277,replay,4000,0.0807,1.000,0.0541,0.72
8278,replay,4000,0.0985,1.000,0.0540,0.71
8279,es_step,4000,0.0322,0.656,0.0541,3.95
8280,replay,4000,0.0936,1.000,0.0540,0.77
8281,es_step,4000,0.0274,0.875,0.0540,3.24
8282,replay,4000,0.0926,1.000,0.0541,0.76
8283,es_step,4000,0.0296,0.875,0.0541,3.18
8284,replay,4000,0.0850,1.000,0.0541,0.74
8285,es_step,4000,0.0367,0.750,0.0541,3.12
8286,replay,4000,0.0778,1.000,0.0541,0.74
8287,replay,4000,0.0677,1.000,0.0541,0.73
8288,replay,4000,0.0762,1.000,0.0541,0.73
8289,replay,4000,0.0946,1.000,0.0541,0.73
8290,replay,4000,0.0785,1.000,0.0542,0.74
8291,es_step,4000,0.0248,0.875,0.0542,3.11
8292,replay,4000,0.0630,1.000,0.0541,0.73
8293,replay,4000,0.0838,1.000,0.0541,0.73
8294,replay,4000,0.0766,1.000,0.0541,0.73
8295,replay,4000,0.0981,1.000,0.0541,0.73
8296,es_step,4000,0.0307,0.875,0.0541,3.09
8297,replay,4000,0.1106,1.000,0.0542,0.73
8298,replay,4000,0.0744,1.000,0.0540,0.73
8299,replay,4000,0.0952,1.000,0.0541,0.72
8300,replay,4000,0.0976,1.000,0.0542,0.72
8301,es_step,4000,0.0527,0.969,0.0542,3.05
8302,es_step,4000,0.0502,0.938,0.0542,3.04
8303,replay,4000,0.1016,1.000,0.0543,0.73
8304,replay,4000,0.1204,1.000,0.0543,0.72
8305,replay,4000,0.1184,1.000,0.0544,0.72
8306,replay,4000,0.0971,1.000,0.0545,0.72
8307,replay,4000,0.0949,1.000,0.0545,0.71
8308,replay,4000,0.0850,1.000,0.0545,0.71
8309,replay,4000,0.0659,1.000,0.0544,0.71
8310,replay,4000,0.0546,1.000,0.0543,0.71
8311,replay,4000,0.0465,1.000,0.0542,0.72
8312,es_step,4000,0.0017,0.719,0.0542,3.02
8313,replay,4000,0.0417,1.000,0.0540,0.71
8314,replay,4000,0.0500,1.000,0.0540,0.71
8315,replay,4000,0.0482,1.000,0.0539,0.72
8316,es_step,4000,-0.0044,0.875,0.0539,3.01
8317,replay,4000,0.0328,1.000,0.0538,0.72
8318,replay,4000,0.0711,1.000,0.0537,0.71
8319,replay,4000,0.0442,1.000,0.0536,0.71
8320,replay,4000,0.0629,1.000,0.0536,0.71
8321,replay,4000,0.0613,1.000,0.0535,0.71
8322,replay,4000,0.0653,1.000,0.0535,0.72
8323,replay,4000,0.0569,1.000,0.0534,0.72
8324,es_step,4000,0.0112,0.844,0.0534,3.05
8325,replay,4000,0.0907,1.000,0.0534,0.71
8326,replay,4000,0.0448,1.000,0.0533,0.71
8327,replay,4000,0.0764,1.000,0.0533,0.71
8328,replay,4000,0.0773,1.000,0.0533,0.71
8329,replay,4000,0.0988,1.000,0.0533,0.72
8330,replay,4000,0.0944,1.000,0.0533,0.72
8331,replay,4000,0.1019,1.000,0.0534,0.72
8332,replay,4000,0.1376,1.000,0.0535,0.71
8333,replay,4000,0.1231,1.000,0.0535,0.71
8334,replay,4000,0.0992,1.000,0.0536,0.72
8335,replay,4000,0.1107,1.000,0.0537,0.72
8336,replay,4000,0.0808,1.000,0.0538,0.71
8337,replay,4000,0.0566,1.000,0.0538,0.71
8338,replay,4000,0.0743,1.000,0.0538,0.71
8339,replay,4000,0.0909,1.000,0.0539,0.71
8340,replay,4000,0.0825,1.000,0.0539,0.71
8341,replay,4000,0.0871,1.000,0.0539,0.72
8342,replay,4000,0.1142,1.000,0.0540,0.73
8343,replay,4000,0.0899,1.000,0.0540,0.72
8344,replay,4000,0.1160,1.000,0.0541,0.72
8345,replay,4000,0.1218,1.000,0.0542,0.72
8346,replay,4000,0.1198,1.000,0.0543,0.72
8347,replay,4000,0.0649,1.000,0.0542,0.72
8348,replay,4000,0.0931,1.000,0.0542,0.71
8349,replay,4000,0.0946,1.000,0.0542,0.72
8350,es_step,4000,0.0412,0.812,0.0542,3.04
8351,replay,4000,0.0862,1.000,0.0542,0.71
8352,replay,4000,0.1043,1.000,0.0542,0.71
8353,es_step,4000,0.0181,0.812,0.0542,3.05
8354,es_step,4000,0.0428,0.812,0.0542,3.00
8355,replay,4000,0.0938,1.000,0.0542,0.71
8356,es_step,4000,0.0321,0.906,0.0542,3.02
8357,es_step,4000,0.0267,0.750,0.0542,2.98
8358,replay,4000,0.0685,1.000,0.0542,0.71
8359,replay,4000,0.0622,1.000,0.0541,0.72
8360,es_step,4000,0.0243,0.906,0.0541,3.02
8361,replay,4000,0.0586,1.000,0.0540,0.72
8362,replay,4000,0.0679,1.000,0.0540,0.72
8363,replay,4000,0.0686,1.000,0.0539,0.72
8364,replay,4000,0.0621,1.000,0.0539,0.72
8365,replay,4000,0.0634,1.000,0.0539,0.72
8366,replay,4000,0.0611,1.000,0.0538,0.72
8367,replay,4000,0.0824,1.000,0.0538,0.73
8368,replay,4000,0.0697,1.000,0.0538,0.73
8369,es_step,4000,0.0390,0.906,0.0538,3.02
8370,replay,4000,0.0625,1.000,0.0538,0.71
8371,replay,4000,0.0490,1.000,0.0537,0.71
8372,es_step,4000,0.0345,0.875,0.0537,5.41
8373,replay,4000,0.0562,1.000,0.0537,0.71
8374,replay,4000,0.0706,1.000,0.0537,0.71
8375,replay,4000,0.0779,1.000,0.0536,0.72
8376,replay,4000,0.0749,1.000,0.0537,0.72
8377,replay,4000,0.0958,1.000,0.0538,0.72
8378,replay,4000,0.1315,1.000,0.0538,0.72
8379,replay,4000,0.1169,1.000,0.0539,0.72
8380,replay,4000,0.0990,1.000,0.0540,0.72
8381,replay,4000,0.0975,1.000,0.0540,0.71
8382,replay,4000,0.0874,1.000,0.0541,0.71
8383,replay,4000,0.0787,1.000,0.0541,0.71
8384,replay,4000,0.0349,1.000,0.0540,0.71
8385,replay,4000,0.0616,1.000,0.0540,0.71
8386,replay,4000,0.0625,1.000,0.0539,0.71
8387,es_step,4000,0.0352,0.625,0.0539,2.99
8388,replay,4000,0.0615,1.000,0.0539,0.71
8389,es_step,4000,0.0219,0.844,0.0539,2.94
8390,replay,4000,0.0579,1.000,0.0538,0.70
8391,replay,4000,0.0634,1.000,0.0539,0.70
8392,replay,4000,0.0466,1.000,0.0540,0.70
8393,replay,4000,0.0775,1.000,0.0540,0.70
8394,replay,4000,0.0383,1.000,0.0539,0.70
8395,replay,4000,0.0903,1.000,0.0538,0.70
8396,es_step,4000,0.0326,0.938,0.0538,2.96
8397,replay,4000,0.0773,1.000,0.0538,0.70
8398,replay,4000,0.0794,1.000,0.0538,0.71
8399,replay,4000,0.0788,1.000,0.0538,0.71
8400,replay,4000,0.1080,1.000,0.0539,0.71
8401,replay,4000,0.1059,1.000,0.0539,0.71
8402,replay,4000,0.1063,1.000,0.0541,0.71
8403,replay,4000,0.0077,1.000,0.0541,0.71
8404,es_step,4000,0.0807,0.875,0.0543,2.93
8405,replay,4000,0.1347,1.000,0.0544,0.71
8406,replay,4000,0.1254,1.000,0.0544,0.72
8407,replay,4000,0.1346,1.000,0.0546,0.71
8408,es_step,4000,0.1065,0.812,0.0551,2.97
8409,replay,4000,0.1408,1.000,0.0553,0.70
8410,replay,4000,0.1453,1.000,0.0554,0.71
8411,es_step,4000,0.0721,0.938,0.0554,2.96
8412,replay,4000,0.1317,1.000,0.0555,0.71
8413,replay,4000,0.1198,1.000,0.0555,0.87
8414,replay,4000,0.1007,1.000,0.0555,0.71
8415,replay,4000,0.0708,1.000,0.0554,0.71
8416,replay,4000,0.1213,1.000,0.0554,0.71
8417,replay,4000,0.1064,1.000,0.0554,0.71
8418,replay,4000,0.1018,1.000,0.0556,0.71
8419,replay,4000,0.0808,1.000,0.0556,0.71
8420,es_step,4000,0.0502,0.844,0.0556,2.92
8421,replay,4000,0.0843,1.000,0.0556,0.70
8422,replay,4000,0.0860,1.000,0.0556,0.71
8423,replay,4000,0.0461,1.000,0.0555,0.72
8424,replay,4000,0.1043,1.000,0.0554,0.72
8425,es_step,4000,0.0358,0.969,0.0555,2.96
8426,replay,4000,0.0623,1.000,0.0554,0.70
8427,replay,4000,0.0739,1.000,0.0554,0.71
8428,replay,4000,0.1003,1.000,0.0554,0.70
8429,es_step,4000,0.0510,0.875,0.0554,2.94
8430,replay,4000,0.0857,1.000,0.0554,0.71
8431,es_step,4000,0.0568,0.906,0.0554,2.92
8432,replay,4000,0.0740,1.000,0.0553,0.70
8433,replay,4000,0.0730,1.000,0.0553,0.70
8434,es_step,4000,0.0487,0.875,0.0553,2.90
8435,replay,4000,0.0797,1.000,0.0553,0.70
8436,replay,4000,0.0656,1.000,0.0552,0.70
8437,replay,4000,0.0650,1.000,0.0552,0.72
8438,replay,4000,0.0445,1.000,0.0551,0.72
8439,replay,4000,0.0330,1.000,0.0550,0.71
8440,es_step,4000,0.0206,0.969,0.0550,2.94
8441,replay,4000,0.0603,1.000,0.0550,0.70
8442,replay,4000,0.0287,1.000,0.0549,0.72
8443,replay,4000,0.0674,1.000,0.0548,0.72
8444,replay,4000,0.0561,1.000,0.0548,0.72
8445,replay,4000,0.0801,1.000,0.0548,0.72
8446,es_step,4000,0.0525,0.938,0.0548,2.99
8447,replay,4000,0.0957,1.000,0.0548,0.72
8448,replay,4000,0.1005,1.000,0.0548,0.72
8449,replay,4000,0.0904,1.000,0.0549,0.72
8450,replay,4000,0.0907,1.000,0.0549,0.72
8451,es_step,4000,0.0542,0.844,0.0549,3.04
8452,replay,4000,0.1037,1.000,0.0550,0.71
8453,es_step,4000,0.0521,0.906,0.0550,2.98
8454,replay,4000,0.0758,1.000,0.0549,0.72
8455,replay,4000,0.0907,1.000,0.0549,0.72
8456,replay,4000,0.0775,1.000,0.0552,0.71
8457,replay,4000,0.0653,1.000,0.0551,0.71
8458,replay,4000,0.0584,1.000,0.0551,0.71
8459,replay,4000,0.0774,1.000,0.0550,0.71
8460,es_step,4000,0.0127,0.812,0.0550,2.99
8461,replay,4000,0.0698,1.000,0.0549,0.71
8462,replay,4000,0.0514,1.000,0.0548,0.71
8463,replay,4000,0.0571,1.000,0.0548,0.71
8464,es_step,4000,0.0272,0.875,0.0548,3.00
8465,replay,4000,0.0873,1.000,0.0547,0.71
8466,es_step,4000,0.0311,0.781,0.0547,2.95
8467,replay,4000,0.0626,1.000,0.0546,0.72
8468,replay,4000,0.0655,1.000,0.0546,0.71
8469,replay,4000,0.0811,1.000,0.0546,0.71
8470,replay,4000,0.0723,1.000,0.0546,0.71
8471,replay,4000,0.0506,1.000,0.0545,0.72
8472,es_step,4000,0.0475,0.781,0.0545,2.95
8473,replay,4000,0.0825,1.000,0.0546,0.70
8474,replay,4000,-0.0569,1.000,0.0544,0.71
8475,replay,4000,0.0993,1.000,0.0545,0.71
8476,es_step,4000,0.0780,0.781,0.0549,2.97
8477,es_step,4000,0.0870,0.875,0.0551,2.91
8478,es_step,4000,0.0662,0.969,0.0552,2.89
8479,es_step,4000,0.0764,0.906,0.0552,2.88
8480,es_step,4000,0.0875,0.906,0.0553,2.88
8481,replay,4000,0.1392,1.000,0.0555,0.70
8482,replay,4000,0.1475,1.000,0.0558,0.70
8483,replay,4000,0.1449,1.000,0.0560,0.70
8484,es_step,4000,0.0901,0.938,0.0561,2.95
8485,replay,4000,0.1676,1.000,0.0563,0.70
8486,replay,4000,0.1343,1.000,0.0564,0.71
8487,es_step,4000,0.0931,0.812,0.0565,2.94
8488,replay,4000,0.1375,1.000,0.0568,0.70
8489,replay,4000,0.1124,1.000,0.0567,0.71
8490,es_step,4000,0.0672,0.812,0.0569,2.93
8491,replay,4000,0.1224,1.000,0.0570,0.70
8492,replay,4000,0.1165,1.000,0.0571,0.70
8493,replay,4000,0.1014,1.000,0.0571,0.71
8494,replay,4000,0.0540,1.000,0.0570,0.71
8495,replay,4000,0.0362,1.000,0.0569,0.71
8496,replay,4000,0.0207,1.000,0.0568,0.71
8497,replay,4000,0.0454,1.000,0.0566,0.71
8498,es_step,4000,0.0105,0.844,0.0566,2.95
8499,replay,4000,0.0385,1.000,0.0565,0.71
8500,replay,4000,0.0475,1.000,0.0564,0.71
8501,replay,4000,0.0431,1.000,0.0563,0.71
8502,es_step,4000,0.0183,0.875,0.0563,2.92
8503,es_step,4000,0.0252,0.906,0.0563,2.94
8504,es_step,4000,0.0284,0.969,0.0563,2.92
8505,replay,4000,0.0486,1.000,0.0562,0.71
8506,replay,4000,0.0502,1.000,0.0562,0.70
8507,replay,4000,0.0429,1.000,0.0562,0.71
8508,replay,4000,0.0752,1.000,0.0562,0.72
8509,replay,4000,0.0701,1.000,0.0561,0.72
8510,replay,4000,0.0730,1.000,0.0561,0.71
8511,es_step,4000,0.0219,0.938,0.0561,2.99
8512,es_step,4000,0.0178,0.938,0.0561,2.91
8513,es_step,4000,0.0250,0.906,0.0561,2.88
8514,replay,4000,0.0553,1.000,0.0560,0.71
8515,replay,4000,0.0431,1.000,0.0560,0.71
8516,replay,4000,0.0656,1.000,0.0560,0.71
8517,replay,4000,0.0504,1.000,0.0559,0.71
8518,replay,4000,0.0256,1.000,0.0559,0.71
8519,replay,4000,0.0499,1.000,0.0558,0.72
8520,es_step,4000,0.0702,0.781,0.0559,2.99
8521,replay,4000,0.1026,1.000,0.0559,0.72
8522,replay,4000,0.0969,1.000,0.0561,0.72
8523,es_step,4000,0.0826,0.875,0.0561,2.98
8524,replay,4000,0.1263,1.000,0.0562,0.71
8525,replay,4000,0.1309,1.000,0.0564,0.72
8526,replay,4000,0.0953,1.000,0.0565,0.72
8527,replay,4000,0.1314,1.000,0.0567,0.72
8528,replay,4000,0.1441,1.000,0.0567,0.72
8529,replay,4000,0.1634,1.000,0.0569,0.72
8530,replay,4000,0.1658,1.000,0.0571,0.72
8531,replay,4000,0.1524,1.000,0.0573,0.72
8532,replay,4000,0.1385,1.000,0.0575,0.72
8533,replay,4000,0.0898,1.000,0.0575,0.72
8534,es_step,4000,0.0974,0.844,0.0579,3.02
8535,replay,4000,0.1627,1.000,0.0581,0.72
8536,replay,4000,0.1556,1.000,0.0582,0.71
8537,replay,4000,0.1507,1.000,0.0584,0.71
8538,replay,4000,0.1349,1.000,0.0585,0.71
8539,replay,4000,0.1092,1.000,0.0585,0.71
8540,replay,4000,0.0845,1.000,0.0586,0.72
8541,replay,4000,0.0855,1.000,0.0586,0.72
8542,es_step,4000,0.0523,0.906,0.0586,3.01
8543,replay,4000,0.0891,1.000,0.0586,0.71
8544,replay,4000,0.0748,1.000,0.0585,0.71
8545,replay,4000,0.0477,1.000,0.0584,0.72
8546,replay,4000,0.0475,1.000,0.0583,0.71
8547,replay,4000,0.0417,1.000,0.0581,0.71
8548,replay,4000,0.0557,1.000,0.0580,0.71
8549,replay,4000,0.0457,1.000,0.0579,0.71
8550,replay,4000,0.0703,1.000,0.0579,0.72
8551,replay,4000,0.0483,1.000,0.0577,0.71
8552,replay,4000,0.0540,1.000,0.0577,0.71
8553,replay,4000,0.0698,1.000,0.0577,0.71
8554,replay,4000,0.0731,1.000,0.0576,0.71
8555,replay,4000,0.0784,1.000,0.0576,0.72
8556,replay,4000,0.0762,1.000,0.0576,0.72
8557,replay,4000,0.0528,1.000,0.0575,0.73
8558,replay,4000,0.0526,1.000,0.0574,0.72
8559,replay,4000,0.0521,1.000,0.0573,0.73
8560,replay,4000,0.0358,1.000,0.0572,0.72
8561,replay,4000,0.0459,1.000,0.0571,0.72
8562,replay,4000,0.0508,1.000,0.0570,0.72
8563,replay,4000,0.0336,1.000,0.0569,0.72
8564,es_step,4000,0.0132,0.750,0.0569,3.03
8565,replay,4000,0.0595,1.000,0.0567,0.71
8566,es_step,4000,0.0239,0.906,0.0567,2.98
8567,replay,4000,0.0484,1.000,0.0566,0.71
8568,es_step,4000,0.0273,0.906,0.0566,2.97
8569,replay,4000,0.0165,1.000,0.0565,0.73
8570,es_step,4000,0.0311,0.906,0.0565,2.95
8571,replay,4000,0.0489,1.000,0.0564,0.71
8572,replay,4000,0.0854,1.000,0.0564,0.72
8573,es_step,4000,0.0395,0.812,0.0564,2.98
8574,replay,4000,0.0631,1.000,0.0563,0.72
8575,replay,4000,0.0641,1.000,0.0563,0.72
8576,replay,4000,0.0944,1.000,0.0563,0.72
8577,replay,4000,0.1290,1.000,0.0563,0.72
8578,replay,4000,0.0878,1.000,0.0562,0.73
8579,es_step,4000,0.0382,0.844,0.0562,3.00
8580,replay,4000,0.0631,1.000,0.0563,0.71
8581,es_step,4000,0.0447,0.938,0.0563,2.95
8582,replay,4000,0.0607,1.000,0.0563,0.72
8583,replay,4000,0.0648,1.000,0.0563,0.72
8584,replay,4000,0.0661,1.000,0.0562,0.72
8585,replay,4000,0.0577,1.000,0.0561,0.72
8586,replay,4000,0.0571,1.000,0.0560,0.72
8587,replay,4000,0.0280,1.000,0.0560,0.72
8588,replay,4000,0.0543,1.000,0.0558,0.72
8589,replay,4000,0.0621,1.000,0.0559,0.72
8590,es_step,4000,0.0441,0.781,0.0559,3.01
8591,es_step,4000,0.0388,0.906,0.0559,2.96
8592,replay,4000,0.0681,1.000,0.0559,0.71
8593,replay,4000,0.0987,1.000,0.0558,0.72
8594,replay,4000,0.1190,1.000,0.0559,0.73
8595,replay,4000,0.0961,1.000,0.0558,0.72
8596,replay,4000,0.1273,1.000,0.0559,0.72
8597,replay,4000,0.1374,1.000,0.0558,0.72
8598,es_step,4000,0.0851,0.812,0.0560,3.00
8599,replay,4000,0.1119,1.000,0.0561,0.72
8600,replay,4000,0.1475,1.000,0.0563,0.72
8601,replay,4000,0.1345,1.000,0.0564,0.72
8602,replay,4000,0.1163,1.000,0.0565,0.72
8603,es_step,4000,0.0477,0.906,0.0565,3.01
8604,replay,4000,0.0913,1.000,0.0565,0.71
8605,replay,4000,0.0794,1.000,0.0565,0.71
8606,replay,4000,0.1000,1.000,0.0564,0.71
8607,replay,4000,0.0864,1.000,0.0563,0.71
8608,replay,4000,0.0935,1.000,0.0563,0.73
8609,replay,4000,0.1286,1.000,0.0563,0.72
8610,replay,4000,0.1424,1.000,0.0563,0.72
8611,replay,4000,0.1217,1.000,0.0564,0.72
8612,replay,4000,0.0877,1.000,0.0563,0.72
8613,replay,4000,0.0631,1.000,0.0563,0.72
8614,es_step,4000,0.0256,0.812,0.0563,5.44
8615,replay,4000,0.0556,1.000,0.0563,0.71
8616,replay,4000,0.0399,1.000,0.0561,0.72
8617,replay,4000,0.0296,1.000,0.0560,0.73
8618,replay,4000,0.0633,1.000,0.0559,0.73
8619,replay,4000,0.0494,1.000,0.0559,0.72
8620,replay,4000,0.0749,1.000,0.0559,0.72
8621,replay,4000,0.1110,1.000,0.0559,0.72
8622,replay,4000,0.0965,1.000,0.0560,0.72
8623,replay,4000,0.0845,1.000,0.0560,0.72
8624,replay,4000,0.1080,1.000,0.0560,0.73
8625,replay,4000,0.0773,1.000,0.0559,0.72
8626,es_step,4000,0.0379,0.844,0.0559,3.02
8627,replay,4000,0.0904,1.000,0.0560,0.71
8628,replay,4000,-0.1202,1.000,0.0559,0.71
8629,es_step,4000,0.0773,0.812,0.0560,2.97
8630,replay,4000,0.1266,1.000,0.0561,0.71
8631,replay,4000,0.1638,1.000,0.0563,0.71
8632,replay,4000,0.1708,1.000,0.0564,0.71
8633,replay,4000,0.1444,1.000,0.0566,0.71
8634,replay,4000,0.1371,1.000,0.0567,0.71
8635,replay,4000,0.1284,1.000,0.0568,0.71
8636,replay,4000,0.1033,1.000,0.0569,0.72
8637,replay,4000,0.0815,1.000,0.0569,0.72
8638,es_step,4000,0.0374,0.812,0.0569,3.02
8639,es_step,4000,0.0340,0.812,0.0569,2.98
8640,replay,4000,0.0721,1.000,0.0569,0.72
8641,replay,4000,0.0801,1.000,0.0569,0.71
8642,replay,4000,0.0648,1.000,0.0568,0.71
8643,replay,4000,0.0621,1.000,0.0567,0.71
8644,replay,4000,0.0681,1.000,0.0567,0.71
8645,replay,4000,0.0478,1.000,0.0567,0.72
8646,replay,4000,0.0474,1.000,0.0566,0.72
8647,replay,4000,0.0417,1.000,0.0565,0.72
8648,replay,4000,0.0241,1.000,0.0562,0.72
8649,replay,4000,0.0325,1.000,0.0560,0.72
8650,replay,4000,0.0357,1.000,0.0559,0.72
8651,es_step,4000,0.0208,0.812,0.0560,3.01
8652,replay,4000,0.0692,1.000,0.0559,0.71
8653,es_step,4000,0.0232,0.812,0.0559,2.98
8654,es_step,4000,0.0295,0.719,0.0559,2.98
8655,replay,4000,0.0767,1.000,0.0559,0.71
8656,replay,4000,0.0564,1.000,0.0559,0.72
8657,replay,4000,0.0885,1.000,0.0559,0.72
8658,replay,4000,0.0908,1.000,0.0559,0.72
8659,es_step,4000,0.0547,0.844,0.0559,2.98
8660,es_step,4000,0.0618,0.875,0.0559,2.92
8661,replay,4000,0.0979,1.000,0.0560,0.71
8662,replay,4000,0.1013,1.000,0.0561,0.72
8663,replay,4000,0.0983,1.000,0.0561,0.71
8664,replay,4000,0.1126,1.000,0.0561,0.71
8665,replay,4000,0.0919,1.000,0.0561,0.71
8666,replay,4000,0.1018,1.000,0.0561,0.71
8667,replay,4000,0.0923,1.000,0.0561,0.71
8668,replay,4000,0.0709,1.000,0.0562,0.71
8669,replay,4000,0.0885,1.000,0.0562,0.72
8670,es_step,4000,0.0450,0.781,0.0562,2.98
8671,replay,4000,0.0937,1.000,0.0562,0.71
8672,es_step,4000,0.0521,0.812,0.0562,2.97
8673,es_step,4000,0.0470,0.906,0.0562,2.93
8674,replay,4000,0.0876,1.000,0.0562,0.72
8675,es_step,4000,0.0403,0.938,0.0562,2.98
8676,es_step,4000,0.0423,0.906,0.0562,2.91
8677,replay,4000,0.0641,1.000,0.0562,0.70
8678,replay,4000,0.0720,1.000,0.0561,0.72
8679,replay,4000,0.0338,1.000,0.0560,0.72
8680,replay,4000,0.0661,1.000,0.0560,0.71
8681,replay,4000,0.0910,1.000,0.0560,0.72
8682,replay,4000,0.0713,1.000,0.0560,0.73
8683,replay,4000,0.0967,1.000,0.0560,0.72
8684,replay,4000,0.0815,1.000,0.0559,0.72
8685,replay,4000,0.0795,1.000,0.0561,0.72
8686,replay,4000,0.0771,1.000,0.0561,0.72
8687,replay,4000,0.0584,1.000,0.0560,0.72
8688,replay,4000,0.0554,1.000,0.0559,0.72
8689,replay,4000,0.0751,1.000,0.0559,0.72
8690,es_step,4000,0.0207,0.906,0.0559,3.01
8691,replay,4000,0.0656,1.000,0.0558,0.71
8692,replay,4000,0.0793,1.000,0.0558,0.71
8693,es_step,4000,0.0300,0.812,0.0558,2.95
8694,replay,4000,0.0573,1.000,0.0558,0.71
8695,replay,4000,0.0812,1.000,0.0558,0.72
8696,replay,4000,0.0420,1.000,0.0558,0.72
8697,replay,4000,0.0723,1.000,0.0558,0.72
8698,es_step,4000,0.0697,0.688,0.0558,2.98
8699,replay,4000,0.0976,1.000,0.0559,0.71
8700,es_step,4000,0.0588,0.844,0.0559,2.95
8701,replay,4000,0.1055,1.000,0.0559,0.71
8702,replay,4000,0.0906,1.000,0.0559,0.71
8703,es_step,4000,0.0342,0.906,0.0559,2.94
8704,replay,4000,0.0641,1.000,0.0559,0.71
8705,es_step,4000,0.0255,0.812,0.0559,2.93
8706,replay,4000,0.0859,1.000,0.0559,0.70
8707,replay,4000,0.0508,1.000,0.0557,0.71
8708,es_step,4000,0.0440,0.844,0.0558,3.01
8709,replay,4000,0.0607,1.000,0.0556,0.71
8710,replay,4000,0.0607,1.000,0.0557,0.72
8711,es_step,4000,0.0536,0.875,0.0557,2.99
8712,replay,4000,0.0876,1.000,0.0557,0.71
8713,es_step,4000,0.0598,0.844,0.0558,2.93
8714,replay,4000,0.0922,1.000,0.0558,0.70
8715,replay,4000,0.1152,1.000,0.0559,0.71
8716,replay,4000,0.1074,1.000,0.0560,0.71
8717,replay,4000,0.0964,1.000,0.0559,0.72
8718,replay,4000,0.1163,1.000,0.0559,0.72
8719,replay,4000,0.1129,1.000,0.0561,0.72
8720,replay,4000,0.1521,1.000,0.0561,0.72
8721,replay,4000,0.1298,1.000,0.0562,0.72
8722,replay,4000,0.1402,1.000,0.0562,0.72
8723,replay,4000,0.0758,1.000,0.0563,0.73
8724,replay,4000,0.0961,1.000,0.0563,0.72
8725,replay,4000,0.0592,1.000,0.0561,0.72
8726,replay,4000,0.0538,1.000,0.0560,0.72
8727,replay,4000,0.0708,1.000,0.0561,0.73
8728,replay,4000,0.0853,1.000,0.0562,0.72
8729,replay,4000,0.1003,1.000,0.0562,0.72
8730,replay,4000,0.0806,1.000,0.0562,0.72
8731,replay,4000,0.1065,1.000,0.0562,0.72
8732,replay,4000,0.1070,1.000,0.0562,0.72
8733,replay,4000,0.0924,1.000,0.0563,0.72
8734,replay,4000,0.0818,1.000,0.0563,0.72
8735,replay,4000,0.0567,1.000,0.0562,0.73
8736,replay,4000,0.0678,1.000,0.0561,0.73
8737,es_step,4000,0.0328,0.781,0.0561,3.04
8738,replay,4000,0.0549,1.000,0.0561,0.72
8739,replay,4000,0.0703,1.000,0.0560,0.72
8740,replay,4000,0.0637,1.000,0.0560,0.72
8741,replay,4000,0.0550,1.000,0.0559,0.72
8742,replay,4000,0.0424,1.000,0.0558,0.73
8743,replay,4000,0.0495,1.000,0.0558,0.75
8744,es_step,4000,0.0221,0.781,0.0558,3.10
8745,replay,4000,0.0593,1.000,0.0558,0.72
8746,replay,4000,0.0543,1.000,0.0556,0.73
8747,replay,4000,0.0342,1.000,0.0554,0.73
8748,replay,4000,0.0637,1.000,0.0553,0.74
8749,replay,4000,0.0489,1.000,0.0553,0.75
8750,replay,4000,0.0275,1.000,0.0552,0.74
8751,replay,4000,0.0615,1.000,0.0551,0.75
8752,replay,4000,0.0635,1.000,0.0551,0.75
8753,replay,4000,0.0655,1.000,0.0551,0.75
8754,es_step,4000,0.0341,0.844,0.0551,3.19
8755,replay,4000,0.0515,1.000,0.0550,0.74
8756,replay,4000,0.0471,1.000,0.0550,0.74
8757,es_step,4000,0.0300,0.969,0.0550,3.13
8758,replay,4000,0.0870,1.000,0.0550,0.74
8759,replay,4000,0.1083,1.000,0.0550,0.74
8760,replay,4000,0.0861,1.000,0.0551,0.74
8761,replay,4000,0.0295,1.000,0.0550,0.74
8762,replay,4000,0.0987,1.000,0.0551,0.74
8763,es_step,4000,0.0665,0.625,0.0553,3.14
8764,replay,4000,0.1088,1.000,0.0552,0.74
8765,replay,4000,0.0973,1.000,0.0552,0.73
8766,replay,4000,0.0735,1.000,0.0552,0.74
8767,replay,4000,0.0568,1.000,0.0551,0.74
8768,replay,4000,0.0396,1.000,0.0550,0.75
8769,replay,4000,0.0433,1.000,0.0549,0.74
8770,replay,4000,0.0562,1.000,0.0548,0.74
8771,replay,4000,0.0460,1.000,0.0547,0.74
8772,replay,4000,0.0407,1.000,0.0547,0.74
8773,replay,4000,0.0504,1.000,0.0546,0.74
8774,es_step,4000,0.0349,0.938,0.0546,3.12
8775,replay,4000,0.0566,1.000,0.0545,0.73
8776,replay,4000,0.0634,1.000,0.0546,0.74
8777,replay,4000,0.0840,1.000,0.0545,0.73
8778,replay,4000,0.0850,1.000,0.0545,0.74
8779,es_step,4000,0.0577,0.812,0.0545,3.11
8780,es_step,4000,0.0523,0.906,0.0545,3.07
8781,replay,4000,0.0902,1.000,0.0545,0.72
8782,replay,4000,0.1193,1.000,0.0547,0.73
8783,replay,4000,0.1363,1.000,0.0548,0.73
8784,replay,4000,0.1196,1.000,0.0548,0.74
8785,replay,4000,0.0944,1.000,0.0549,0.73
8786,replay,4000,0.1177,1.000,0.0550,0.73
8787,es_step,4000,0.0630,0.906,0.0550,3.10
8788,replay,4000,0.1194,1.000,0.0551,0.73
8789,es_step,4000,0.0436,0.844,0.0551,3.08
8790,es_step,4000,0.0540,0.906,0.0551,3.06
8791,replay,4000,0.1074,1.000,0.0552,0.74
8792,replay,4000,0.0828,1.000,0.0552,0.73
8793,replay,4000,0.0724,1.000,0.0552,0.74
8794,replay,4000,0.0768,1.000,0.0552,0.74
8795,replay,4000,0.0759,1.000,0.0551,0.74
8796,es_step,4000,0.0359,0.750,0.0551,3.11
8797,replay,4000,0.0674,1.000,0.0551,0.73
8798,replay,4000,0.0727,1.000,0.0550,0.74
8799,replay,4000,0.0720,1.000,0.0550,0.73
8800,replay,4000,0.0529,1.000,0.0549,0.73
8801,replay,4000,0.0476,1.000,0.0548,0.73
8802,replay,4000,0.0563,1.000,0.0548,0.72
8803,replay,4000,0.0413,1.000,0.0546,0.72
8804,replay,4000,0.0671,1.000,0.0545,0.73
8805,replay,4000,0.1043,1.000,0.0545,0.73
8806,replay,4000,0.0814,1.000,0.0546,0.73
8807,replay,4000,0.0935,1.000,0.0546,0.73
8808,replay,4000,0.0922,1.000,0.0548,0.73
8809,replay,4000,-0.1061,1.000,0.0547,0.73
8810,replay,4000,0.0811,1.000,0.0548,0.73
8811,replay,4000,0.0951,1.000,0.0548,0.73
8812,replay,4000,0.1165,1.000,0.0548,0.73
8813,replay,4000,0.1088,1.000,0.0548,0.73
8814,replay,4000,0.0867,1.000,0.0549,0.73
8815,es_step,4000,0.0404,0.750,0.0549,3.10
8816,es_step,4000,0.0591,0.844,0.0549,3.08
8817,es_step,4000,0.0475,0.812,0.0549,3.07
8818,replay,4000,0.0877,1.000,0.0549,0.72
8819,replay,4000,0.0916,1.000,0.0548,0.72
8820,es_step,4000,0.0685,0.906,0.0549,3.06
8821,replay,4000,0.1190,1.000,0.0550,0.72
8822,replay,4000,0.1092,1.000,0.0551,0.72
8823,es_step,4000,0.0580,0.812,0.0551,3.00
8824,es_step,4000,0.0699,0.875,0.0551,2.97
8825,es_step,4000,0.0603,0.781,0.0551,2.97
8826,es_step,4000,0.0599,0.875,0.0552,2.99
8827,es_step,4000,0.0658,0.906,0.0552,2.98
8828,replay,4000,0.1117,1.000,0.0552,0.72
8829,es_step,4000,0.0540,0.938,0.0552,2.96
8830,replay,4000,0.1185,1.000,0.0552,0.72
8831,replay,4000,0.0890,1.000,0.0552,0.72
8832,replay,4000,0.0995,1.000,0.0552,0.71
8833,replay,4000,0.0915,1.000,0.0554,0.71
8834,replay,4000,0.0969,1.000,0.0554,0.72
8835,replay,4000,0.0990,1.000,0.0554,0.72
8836,replay,4000,0.0996,1.000,0.0555,0.72
8837,replay,4000,0.1229,1.000,0.0556,0.71
8838,replay,4000,0.0983,1.000,0.0557,0.71
8839,replay,4000,0.1340,1.000,0.0558,0.72
8840,replay,4000,0.0975,1.000,0.0559,0.72
8841,replay,4000,0.1280,1.000,0.0561,0.72
8842,replay,4000,0.1382,1.000,0.0562,0.73
8843,replay,4000,0.0924,1.000,0.0562,0.73
8844,replay,4000,0.1259,1.000,0.0563,0.73
8845,replay,4000,0.0880,1.000,0.0564,0.73
8846,replay,4000,0.0762,1.000,0.0565,0.72
8847,replay,4000,0.0957,1.000,0.0565,0.72
8848,replay,4000,0.0608,1.000,0.0563,0.72
8849,replay,4000,0.0662,1.000,0.0563,0.73
8850,replay,4000,0.0842,1.000,0.0564,0.72
8851,replay,4000,0.0929,1.000,0.0563,0.72
8852,replay,4000,0.0501,1.000,0.0564,0.73
8853,replay,4000,0.0492,1.000,0.0563,0.72
8854,replay,4000,0.0509,1.000,0.0562,0.72
8855,replay,4000,0.0742,1.000,0.0562,0.72
8856,replay,4000,0.0941,1.000,0.0562,0.73
8857,replay,4000,0.0954,1.000,0.0561,0.73
8858,replay,4000,0.0688,1.000,0.0561,0.73
8859,replay,4000,0.0757,1.000,0.0561,0.73
8860,replay,4000,0.0670,1.000,0.0559,0.73
8861,replay,4000,0.0778,1.000,0.0560,0.73
8862,replay,4000,0.0692,1.000,0.0558,0.72
8863,es_step,4000,0.0412,0.938,0.0558,3.05
8864,replay,4000,0.0947,1.000,0.0557,0.72
8865,replay,4000,0.1043,1.000,0.0558,0.72
8866,replay,4000,0.0867,1.000,0.0557,0.72
8867,replay,4000,0.0926,1.000,0.0557,0.72
8868,replay,4000,0.0778,1.000,0.0557,0.72
8869,replay,4000,0.0692,1.000,0.0556,3.14
8870,replay,4000,0.0250,1.000,0.0555,0.72
8871,replay,4000,0.0666,1.000,0.0555,0.71
8872,replay,4000,0.0741,1.000,0.0555,0.72
8873,replay,4000,0.0618,1.000,0.0556,0.72
8874,replay,4000,-0.0011,1.000,0.0554,0.72
8875,es_step,4000,0.0437,0.875,0.0554,3.05
8876,replay,4000,0.1153,1.000,0.0554,0.72
8877,replay,4000,0.1013,1.000,0.0554,0.72
8878,replay,4000,0.1012,1.000,0.0555,0.72
8879,replay,4000,0.0871,1.000,0.0555,0.72
8880,es_step,4000,0.0365,0.781,0.0555,3.05
8881,replay,4000,0.0772,1.000,0.0555,0.73
8882,replay,4000,0.0748,1.000,0.0555,0.72
8883,replay,4000,0.0543,1.000,0.0555,0.72
8884,es_step,4000,0.0361,0.938,0.0555,3.04
8885,replay,4000,0.0772,1.000,0.0555,0.72
8886,replay,4000,0.0727,1.000,0.0554,0.72
8887,replay,4000,0.0975,1.000,0.0554,0.72
8888,replay,4000,0.0866,1.000,0.0554,0.72
8889,replay,4000,-0.0668,1.000,0.0554,0.73
8890,replay,4000,0.0846,1.000,0.0554,0.74
8891,replay,4000,0.0993,1.000,0.0555,0.73
8892,replay,4000,0.1270,1.000,0.0555,0.73
8893,replay,4000,0.0886,1.000,0.0555,0.73
8894,replay,4000,0.0602,1.000,0.0556,0.73
8895,es_step,4000,0.0369,0.875,0.0557,3.07
8896,es_step,4000,0.0496,0.812,0.0557,3.02
8897,replay,4000,-0.0324,1.000,0.0556,0.72
8898,es_step,4000,0.0441,0.906,0.0556,2.99
8899,es_step,4000,0.0403,0.750,0.0556,2.95
8900,replay,4000,-0.0183,1.000,0.0555,0.71
8901,replay,4000,0.1215,1.000,0.0557,0.72
8902,replay,4000,0.2129,1.000,0.0558,0.72
8903,replay,4000,0.1572,1.000,0.0560,0.72
8904,replay,4000,0.1885,1.000,0.0562,0.72
8905,replay,4000,0.2073,1.000,0.0564,0.72
8906,replay,4000,0.1682,1.000,0.0565,0.72
8907,replay,4000,0.1272,1.000,0.0567,0.72
8908,replay,4000,0.1389,1.000,0.0569,0.72
8909,replay,4000,0.1156,1.000,0.0570,0.72
8910,es_step,4000,0.0851,0.906,0.0571,3.00
8911,replay,4000,0.1376,1.000,0.0572,0.71
8912,es_step,4000,0.0765,0.906,0.0572,2.98
8913,replay,4000,-0.0593,1.000,0.0574,0.72
8914,es_step,4000,0.0863,0.844,0.0574,2.97
8915,replay,4000,0.1273,1.000,0.0575,0.71
8916,replay,4000,0.1287,1.000,0.0576,0.71
8917,replay,4000,0.1192,1.000,0.0577,0.71
8918,replay,4000,0.1244,1.000,0.0578,0.71
8919,replay,4000,0.0471,1.000,0.0578,0.72
8920,replay,4000,0.0968,1.000,0.0578,0.73
8921,replay,4000,0.1013,1.000,0.0579,0.72
8922,replay,4000,0.0972,1.000,0.0579,0.72
8923,replay,4000,0.0672,1.000,0.0578,0.72
8924,replay,4000,0.0407,1.000,0.0578,0.81
8925,es_step,4000,0.0274,0.938,0.0578,3.00
8926,replay,4000,0.0982,1.000,0.0578,0.71
8927,replay,4000,0.1146,1.000,0.0577,0.71
8928,replay,4000,0.0842,1.000,0.0577,0.71
8929,replay,4000,0.0811,1.000,0.0578,0.71
8930,replay,4000,0.1361,1.000,0.0577,0.71
8931,replay,4000,0.0806,1.000,0.0577,0.71
8932,replay,4000,0.0781,1.000,0.0577,0.72
8933,replay,4000,0.0811,1.000,0.0577,0.72
8934,es_step,4000,0.0495,0.812,0.0577,3.00
8935,es_step,4000,0.0498,0.812,0.0577,2.97
8936,replay,4000,0.0808,1.000,0.0577,0.72
8937,replay,4000,0.0498,1.000,0.0575,0.71
8938,replay,4000,0.0621,1.000,0.0574,0.71
8939,replay,4000,0.0532,1.000,0.0573,0.72
8940,es_step,4000,0.0287,0.844,0.0573,3.01
8941,replay,4000,0.0428,1.000,0.0572,0.72
8942,replay,4000,0.0606,1.000,0.0571,0.72
8943,replay,4000,0.0543,1.000,0.0570,0.72
8944,es_step,4000,0.0174,0.750,0.0570,3.02
8945,replay,4000,0.0370,1.000,0.0568,0.72
8946,es_step,4000,0.0190,0.844,0.0568,3.02
8947,replay,4000,0.0717,1.000,0.0567,0.71
8948,replay,4000,0.0538,1.000,0.0567,0.71
8949,replay,4000,0.0778,1.000,0.0567,0.71
8950,es_step,4000,0.0319,0.844,0.0567,3.00
8951,replay,4000,0.0644,1.000,0.0567,0.72
8952,es_step,4000,0.0304,0.812,0.0567,2.98
8953,replay,4000,0.1355,1.000,0.0567,0.71
8954,replay,4000,0.1009,1.000,0.0567,0.71
8955,replay,4000,0.1102,1.000,0.0567,0.71
8956,replay,4000,0.0892,1.000,0.0568,0.71
8957,replay,4000,0.1124,1.000,0.0569,0.71
8958,replay,4000,0.1233,1.000,0.0569,0.71
8959,replay,4000,0.1041,1.000,0.0569,0.71
8960,es_step,4000,0.0634,0.812,0.0569,2.98
8961,replay,4000,0.0751,1.000,0.0570,0.71
8962,replay,4000,0.1013,1.000,0.0570,0.72
8963,replay,4000,0.0778,1.000,0.0570,0.72
8964,replay,4000,0.0596,1.000,0.0570,0.72
8965,replay,4000,0.0560,1.000,0.0568,0.72
8966,replay,4000,0.0500,1.000,0.0568,0.71
8967,es_step,4000,0.0300,0.719,0.0568,2.99
8968,replay,4000,0.0583,1.000,0.0568,0.71
8969,replay,4000,0.0429,1.000,0.0567,0.71
8970,replay,4000,0.0765,1.000,0.0567,0.71
8971,replay,4000,0.0347,1.000,0.0566,0.71
8972,replay,4000,0.0907,1.000,0.0565,0.71
8973,replay,4000,0.0779,1.000,0.0565,0.72
8974,replay,4000,0.0976,1.000,0.0565,0.72
8975,replay,4000,0.0951,1.000,0.0566,0.71
8976,es_step,4000,0.0598,0.844,0.0566,2.98
8977,replay,4000,0.0981,1.000,0.0566,0.71
8978,es_step,4000,0.0539,0.844,0.0566,2.97
8979,replay,4000,0.0944,1.000,0.0568,0.70
8980,replay,4000,0.0820,1.000,0.0566,0.70
8981,es_step,4000,0.0456,0.844,0.0566,2.93
8982,es_step,4000,0.0338,0.844,0.0566,2.91
8983,replay,4000,0.0721,1.000,0.0566,0.70
8984,replay,4000,0.0758,1.000,0.0565,0.70
8985,replay,4000,0.0863,1.000,0.0565,0.70
8986,replay,4000,0.0864,1.000,0.0565,0.70
8987,es_step,4000,0.0519,0.938,0.0565,2.91
8988,es_step,4000,0.0455,0.906,0.0565,2.93
8989,replay,4000,0.0711,1.000,0.0565,0.70
8990,replay,4000,0.0742,1.000,0.0564,0.71
8991,replay,4000,0.0811,1.000,0.0564,0.70
8992,replay,4000,0.0854,1.000,0.0564,0.70
8993,es_step,4000,0.0162,0.875,0.0564,2.90
8994,es_step,4000,0.0293,0.781,0.0564,2.92
8995,replay,4000,0.0596,1.000,0.0563,0.70
8996,replay,4000,0.0669,1.000,0.0563,0.71
8997,replay,4000,0.0813,1.000,0.0563,0.71
8998,replay,4000,0.0653,1.000,0.0562,0.71
8999,es_step,4000,0.0472,0.938,0.0562,2.93
9000,replay,4000,0.0701,1.000,0.0561,0.71
9001,replay,4000,0.0662,1.000,0.0563,0.71
9002,replay,4000,0.0774,1.000,0.0563,0.71
9003,replay,4000,0.0831,1.000,0.0563,0.71
9004,replay,4000,0.0434,1.000,0.0562,0.71
9005,replay,4000,0.0494,1.000,0.0562,0.71
9006,es_step,4000,0.0384,0.812,0.0562,2.93
9007,replay,4000,0.0741,1.000,0.0562,0.70
9008,replay,4000,0.0750,1.000,0.0562,0.70
9009,replay,4000,0.0862,1.000,0.0561,0.70
9010,replay,4000,0.0875,1.000,0.0561,0.70
9011,replay,4000,0.0988,1.000,0.0561,0.71
9012,es_step,4000,0.0585,0.844,0.0561,2.98
9013,replay,4000,0.1055,1.000,0.0562,0.71
9014,replay,4000,0.1037,1.000,0.0563,0.71
9015,replay,4000,0.1202,1.000,0.0563,0.71
9016,replay,4000,0.1091,1.000,0.0564,0.71
9017,replay,4000,0.1144,1.000,0.0564,0.71
9018,replay,4000,0.1025,1.000,0.0564,0.71
9019,replay,4000,0.0896,1.000,0.0564,0.71
9020,replay,4000,0.1026,1.000,0.0565,0.71
9021,replay,4000,0.0993,1.000,0.0564,0.71
9022,es_step,4000,0.0459,0.844,0.0564,2.94
9023,es_step,4000,0.0134,0.875,0.0564,2.94
9024,replay,4000,0.0666,1.000,0.0564,0.71
9025,es_step,4000,0.0261,0.656,0.0564,2.91
9026,replay,4000,0.0569,1.000,0.0564,0.71
9027,es_step,4000,0.0298,0.875,0.0564,2.96
9028,replay,4000,0.0599,1.000,0.0563,0.71
9029,replay,4000,0.0483,1.000,0.0562,0.72
9030,replay,4000,0.0304,1.000,0.0561,0.72
9031,es_step,4000,0.0011,0.844,0.0561,2.96
9032,replay,4000,0.0448,1.000,0.0560,0.70
9033,replay,4000,0.0467,1.000,0.0559,0.70
9034,replay,4000,0.0523,1.000,0.0558,0.71
9035,replay,4000,0.0604,1.000,0.0558,0.70
9036,replay,4000,0.0611,1.000,0.0558,0.71
9037,replay,4000,0.0728,1.000,0.0558,0.71
9038,replay,4000,0.0620,1.000,0.0558,0.71
9039,replay,4000,0.1034,1.000,0.0558,0.71
9040,replay,4000,0.1014,1.000,0.0559,0.71
9041,replay,4000,0.1294,1.000,0.0560,0.72
9042,es_step,4000,0.0662,0.812,0.0560,3.01
9043,replay,4000,0.1111,1.000,0.0561,0.71
9044,replay,4000,0.0967,1.000,0.0562,0.72
9045,replay,4000,0.1016,1.000,0.0562,0.72
9046,replay,4000,0.1176,1.000,0.0563,0.72
9047,replay,4000,0.1408,1.000,0.0564,0.72
9048,replay,4000,0.1432,1.000,0.0565,0.72
9049,replay,4000,0.1616,1.000,0.0567,0.72
9050,replay,4000,0.1682,1.000,0.0569,0.71
9051,replay,4000,0.1928,1.000,0.0569,0.72
9052,replay,4000,0.1685,1.000,0.0572,0.72
9053,replay,4000,0.1438,1.000,0.0572,0.72
9054,replay,4000,0.1335,1.000,0.0573,0.72
9055,replay,4000,0.1143,1.000,0.0574,0.72
9056,replay,4000,0.0975,1.000,0.0574,0.71
9057,replay,4000,0.0786,1.000,0.0574,0.72
9058,replay,4000,0.0551,1.000,0.0573,0.72
9059,replay,4000,0.0622,1.000,0.0572,0.72
9060,replay,4000,0.0416,1.000,0.0571,0.72
9061,replay,4000,0.0562,1.000,0.0570,0.72
9062,replay,4000,0.0537,1.000,0.0569,0.72
9063,es_step,4000,0.0190,0.906,0.0569,3.04
9064,es_step,4000,0.0180,0.938,0.0569,3.00
9065,replay,4000,0.0930,1.000,0.0568,0.72
9066,replay,4000,0.0488,1.000,0.0566,0.72
9067,replay,4000,0.0620,1.000,0.0566,0.72
9068,replay,4000,0.0636,1.000,0.0564,0.72
9069,es_step,4000,0.0455,0.875,0.0564,3.01
9070,es_step,4000,0.0322,0.875,0.0564,2.97
9071,replay,4000,0.0792,1.000,0.0564,0.71
9072,replay,4000,0.0659,1.000,0.0564,0.72
9073,replay,4000,0.0468,1.000,0.0564,0.72
9074,replay,4000,0.0714,1.000,0.0563,0.72
9075,replay,4000,0.0404,1.000,0.0562,0.72
9076,replay,4000,0.0517,1.000,0.0562,0.72
9077,replay,4000,0.0626,1.000,0.0562,0.72
9078,replay,4000,0.1026,1.000,0.0562,0.71
9079,replay,4000,0.0742,1.000,0.0561,0.72
9080,es_step,4000,0.0230,0.906,0.0561,3.00
9081,es_step,4000,0.0313,0.875,0.0561,2.94
9082,replay,4000,0.0585,1.000,0.0561,0.70
9083,replay,4000,0.0705,1.000,0.0560,0.71
9084,replay,4000,-0.0932,1.000,0.0559,0.72
9085,replay,4000,0.0255,1.000,0.0557,0.72
9086,replay,4000,0.1056,1.000,0.0558,0.72
9087,replay,4000,0.1468,1.000,0.0559,0.72
9088,replay,4000,-0.0040,1.000,0.0560,0.72
9089,replay,4000,0.1246,1.000,0.0562,0.72
9090,replay,4000,0.1132,1.000,0.0563,0.72
9091,replay,4000,0.1206,1.000,0.0564,0.72
9092,replay,4000,0.1092,1.000,0.0565,0.72
9093,replay,4000,0.0983,1.000,0.0565,0.71
9094,replay,4000,0.1117,1.000,0.0565,0.72
9095,es_step,4000,0.0646,0.750,0.0566,3.01
9096,replay,4000,0.1152,1.000,0.0566,0.71
9097,replay,4000,0.1029,1.000,0.0567,0.71
9098,es_step,4000,0.0452,0.875,0.0567,2.95
9099,es_step,4000,0.0621,0.906,0.0567,2.91
9100,replay,4000,0.0847,1.000,0.0567,0.71
9101,replay,4000,0.1134,1.000,0.0567,0.72
9102,replay,4000,0.0855,1.000,0.0567,0.72
9103,replay,4000,0.0482,1.000,0.0567,0.71
9104,replay,4000,0.0706,1.000,0.0567,0.71
9105,replay,4000,0.0734,1.000,0.0566,0.71
9106,es_step,4000,0.0249,0.938,0.0566,2.95
9107,es_step,4000,0.0334,0.781,0.0566,2.92
9108,replay,4000,0.0725,1.000,0.0565,0.71
9109,es_step,4000,0.0179,0.969,0.0565,2.95
9110,replay,4000,0.0562,1.000,0.0564,3.26
9111,es_step,4000,0.0131,0.812,0.0564,2.94
9112,replay,4000,0.0571,1.000,0.0564,0.71
9113,replay,4000,0.0504,1.000,0.0563,0.71
9114,es_step,4000,0.0265,0.719,0.0563,3.02
9115,replay,4000,0.0538,1.000,0.0563,0.72
9116,replay,4000,0.0449,1.000,0.0562,0.72
9117,replay,4000,0.0530,1.000,0.0561,0.72
9118,replay,4000,0.0727,1.000,0.0561,0.72
9119,replay,4000,0.0585,1.000,0.0559,0.72
9120,replay,4000,0.0439,1.000,0.0558,0.72
9121,replay,4000,0.0535,1.000,0.0558,0.72
9122,replay,4000,0.0452,1.000,0.0557,0.72
9123,replay,4000,0.0573,1.000,0.0556,0.71
9124,replay,4000,0.0381,1.000,0.0555,0.72
9125,replay,4000,0.0232,1.000,0.0554,0.73
9126,es_step,4000,0.0314,0.781,0.0554,3.02
9127,replay,4000,0.0564,1.000,0.0553,0.72
9128,replay,4000,0.0649,1.000,0.0553,0.71
9129,replay,4000,0.0735,1.000,0.0553,0.72
9130,replay,4000,0.0548,1.000,0.0552,0.72
9131,replay,4000,0.0543,1.000,0.0551,0.71
9132,replay,4000,0.0559,1.000,0.0551,0.72
9133,replay,4000,0.0633,1.000,0.0550,0.73
9134,replay,4000,0.0569,1.000,0.0550,0.73
9135,es_step,4000,0.0258,0.750,0.0550,3.01
9136,replay,4000,0.0224,1.000,0.0549,0.71
9137,replay,4000,0.0717,1.000,0.0549,0.72
9138,replay,4000,0.0629,1.000,0.0549,0.72
9139,replay,4000,0.0564,1.000,0.0548,0.72
9140,replay,4000,0.0659,1.000,0.0548,0.72
9141,replay,4000,0.0719,1.000,0.0547,0.72
9142,replay,4000,0.0634,1.000,0.0547,0.72
9143,replay,4000,0.0739,1.000,0.0546,0.72
9144,replay,4000,0.0854,1.000,0.0546,0.72
9145,replay,4000,0.0626,1.000,0.0545,0.72
9146,replay,4000,0.0604,1.000,0.0544,0.72
9147,replay,4000,0.0487,1.000,0.0544,0.72
9148,replay,4000,0.0413,1.000,0.0544,0.72
9149,replay,4000,0.0771,1.000,0.0544,0.72
9150,es_step,4000,0.0387,0.906,0.0544,2.99
9151,replay,4000,0.0686,1.000,0.0545,0.72
9152,es_step,4000,0.0344,0.812,0.0545,2.98
9153,replay,4000,0.0854,1.000,0.0544,0.71
9154,replay,4000,0.0771,1.000,0.0544,0.71
9155,replay,4000,0.0889,1.000,0.0544,0.71
9156,replay,4000,0.0748,1.000,0.0543,0.71
9157,replay,4000,0.0710,1.000,0.0542,0.71
9158,replay,4000,0.1075,1.000,0.0542,0.71
9159,replay,4000,0.1192,1.000,0.0543,0.71
9160,replay,4000,0.1173,1.000,0.0544,0.71
9161,replay,4000,0.0934,1.000,0.0544,0.71
9162,es_step,4000,0.0432,0.812,0.0545,2.96
9163,es_step,4000,0.0517,0.719,0.0545,2.91
9164,replay,4000,0.0789,1.000,0.0546,0.70
9165,replay,4000,0.0678,1.000,0.0545,0.70
9166,replay,4000,0.0817,1.000,0.0546,0.70
9167,replay,4000,0.0673,1.000,0.0545,0.70
9168,es_step,4000,0.0247,0.750,0.0545,2.92
9169,es_step,4000,0.0265,0.812,0.0545,2.96
9170,es_step,4000,0.0263,0.781,0.0545,2.91
9171,es_step,4000,0.0191,0.875,0.0545,2.93
9172,replay,4000,0.0485,1.000,0.0544,0.72
9173,replay,4000,0.0411,1.000,0.0543,0.72
9174,es_step,4000,0.0186,0.812,0.0543,3.05
9175,replay,4000,0.0481,1.000,0.0542,0.73
9176,replay,4000,0.0316,1.000,0.0541,0.73
9177,replay,4000,0.0530,1.000,0.0540,0.73
9178,replay,4000,0.0525,1.000,0.0541,0.73
9179,replay,4000,0.0894,1.000,0.0540,0.74
9180,replay,4000,0.0645,1.000,0.0539,0.74
9181,es_step,4000,0.0291,0.844,0.0539,3.09
9182,es_step,4000,0.0406,0.844,0.0539,3.04
9183,es_step,4000,0.0373,0.812,0.0539,3.02
9184,replay,4000,0.0620,1.000,0.0539,0.72
9185,replay,4000,0.0510,1.000,0.0539,0.72
9186,replay,4000,0.0538,1.000,0.0538,0.73
9187,replay,4000,0.0514,1.000,0.0537,0.73
9188,replay,4000,0.0588,1.000,0.0536,0.73
9189,replay,4000,0.0704,1.000,0.0536,0.73
9190,replay,4000,0.0504,1.000,0.0535,0.72
9191,replay,4000,0.0559,1.000,0.0535,0.72
9192,es_step,4000,0.0295,0.906,0.0535,3.00
9193,es_step,4000,0.0351,0.938,0.0535,3.00
9194,replay,4000,0.0783,1.000,0.0535,0.73
9195,replay,4000,0.0618,1.000,0.0534,0.73
9196,replay,4000,0.1028,1.000,0.0534,0.73
9197,es_step,4000,0.0517,0.906,0.0534,3.03
9198,replay,4000,0.0783,1.000,0.0534,0.73
9199,replay,4000,0.0578,1.000,0.0534,0.73
9200,replay,4000,0.0687,1.000,0.0534,0.73
9201,replay,4000,0.0727,1.000,0.0533,0.74
9202,replay,4000,0.0529,1.000,0.0532,0.73
9203,es_step,4000,0.0479,0.875,0.0532,3.04
9204,replay,4000,0.0589,1.000,0.0533,0.73
9205,es_step,4000,0.0522,0.906,0.0533,3.03
9206,replay,4000,0.0894,1.000,0.0534,0.72
9207,replay,4000,0.0997,1.000,0.0534,0.72
9208,replay,4000,0.1155,1.000,0.0536,0.72
9209,replay,4000,0.0797,1.000,0.0536,0.72
9210,es_step,4000,0.0678,0.844,0.0536,3.00
9211,replay,4000,0.1034,1.000,0.0536,0.72
9212,replay,4000,0.0985,1.000,0.0537,0.71
9213,replay,4000,0.1191,1.000,0.0538,0.71
9214,es_step,4000,0.0535,0.906,0.0538,2.97
9215,replay,4000,0.1073,1.000,0.0539,0.72
9216,es_step,4000,0.0478,0.938,0.0539,2.93
9217,replay,4000,0.0991,1.000,0.0539,0.72
9218,es_step,4000,0.0411,0.969,0.0539,2.99
9219,replay,4000,0.0772,1.000,0.0539,0.71
9220,replay,4000,0.0752,1.000,0.0539,0.72
9221,replay,4000,0.0546,1.000,0.0538,0.73
9222,replay,4000,0.0408,1.000,0.0537,0.73
9223,es_step,4000,0.0189,0.938,0.0537,3.03
9224,replay,4000,0.0420,1.000,0.0536,0.73
9225,es_step,4000,0.0052,0.875,0.0536,3.01
9226,es_step,4000,0.0057,0.969,0.0536,2.96
9227,replay,4000,0.0431,1.000,0.0536,0.72
9228,replay,4000,0.0279,1.000,0.0534,0.73
9229,replay,4000,0.0543,1.000,0.0533,0.73
9230,es_step,4000,0.0153,0.969,0.0533,3.04
9231,replay,4000,0.0353,1.000,0.0534,0.72
9232,replay,4000,0.0764,1.000,0.0534,0.72
9233,replay,4000,0.0693,1.000,0.0533,0.72
9234,replay,4000,0.0848,1.000,0.0534,0.72
9235,es_step,4000,0.0351,0.875,0.0534,2.95
9236,replay,4000,0.0637,1.000,0.0533,0.71
9237,replay,4000,0.0562,1.000,0.0532,0.72
9238,replay,4000,0.0441,1.000,0.0531,0.72
9239,replay,4000,0.0236,1.000,0.0529,0.72
9240,replay,4000,0.0239,1.000,0.0528,0.72
9241,replay,4000,0.0233,1.000,0.0527,0.73
9242,replay,4000,0.0677,1.000,0.0526,0.73
9243,es_step,4000,0.0080,0.875,0.0526,3.04
9244,replay,4000,0.0607,1.000,0.0526,0.72
9245,replay,4000,0.0684,1.000,0.0526,0.72
9246,replay,4000,0.0597,1.000,0.0525,0.72
9247,replay,4000,0.0552,1.000,0.0525,0.71
9248,replay,4000,0.0846,1.000,0.0527,0.72
9249,replay,4000,0.0283,1.000,0.0525,0.72
9250,replay,4000,0.0615,1.000,0.0525,0.74
9251,replay,4000,0.0907,1.000,0.0526,0.74
9252,es_step,4000,0.0609,0.906,0.0526,3.08
9253,replay,4000,0.0996,1.000,0.0526,0.72
9254,replay,4000,0.0258,1.000,0.0525,0.73
9255,es_step,4000,0.0583,0.812,0.0527,3.06
9256,es_step,4000,0.0557,0.812,0.0527,3.02
9257,replay,4000,0.0925,1.000,0.0528,0.72
9258,replay,4000,0.1125,1.000,0.0529,0.72
9259,replay,4000,0.0987,1.000,0.0529,0.73
9260,replay,4000,0.0789,1.000,0.0529,0.73
9261,replay,4000,0.0463,1.000,0.0529,0.73
9262,es_step,4000,0.0237,0.844,0.0529,3.01
9263,es_step,4000,0.0267,0.812,0.0529,2.95
9264,replay,4000,0.0573,1.000,0.0528,0.72
9265,replay,4000,0.0513,1.000,0.0530,0.73
9266,replay,4000,0.0263,1.000,0.0529,0.72
9267,replay,4000,0.0523,1.000,0.0528,0.72
9268,replay,4000,0.0818,1.000,0.0528,0.72
9269,es_step,4000,0.0233,0.938,0.0528,2.99
9270,replay,4000,0.0552,1.000,0.0528,0.72
9271,es_step,4000,0.0363,0.875,0.0528,3.02
9272,replay,4000,0.0949,1.000,0.0528,0.73
9273,replay,4000,0.0930,1.000,0.0528,0.73
9274,replay,4000,0.1052,1.000,0.0528,0.73
9275,es_step,4000,0.0611,0.906,0.0529,3.02
9276,replay,4000,0.1016,1.000,0.0530,0.72
9277,replay,4000,0.1182,1.000,0.0531,0.73
9278,replay,4000,0.1191,1.000,0.0532,0.73
9279,replay,4000,0.1343,1.000,0.0533,0.73
9280,replay,4000,0.1324,1.000,0.0536,0.73
9281,replay,4000,0.1235,1.000,0.0537,0.73
9282,replay,4000,0.1303,1.000,0.0538,0.73
9283,replay,4000,0.1124,1.000,0.0539,0.72
9284,replay,4000,0.0776,1.000,0.0539,0.72
9285,replay,4000,0.0441,1.000,0.0537,0.73
9286,replay,4000,0.0568,1.000,0.0536,0.72
9287,replay,4000,0.0444,1.000,0.0535,0.72
9288,replay,4000,0.0699,1.000,0.0535,0.72
9289,es_step,4000,0.0238,0.969,0.0535,2.98
9290,es_step,4000,0.0204,0.938,0.0535,2.94
9291,es_step,4000,0.0223,0.875,0.0535,2.94
9292,es_step,4000,0.0302,0.875,0.0535,2.90
9293,replay,4000,0.0577,1.000,0.0534,0.70
9294,replay,4000,0.0394,1.000,0.0533,0.70
9295,es_step,4000,0.0041,0.750,0.0533,2.97
9296,replay,4000,0.0421,1.000,0.0533,0.72
9297,replay,4000,0.0372,1.000,0.0532,0.72
9298,replay,4000,0.0405,1.000,0.0531,0.71
9299,es_step,4000,0.0202,0.906,0.0531,2.98
9300,replay,4000,0.0357,1.000,0.0529,0.71
9301,replay,4000,0.0673,1.000,0.0528,0.72
9302,replay,4000,0.0462,1.000,0.0528,0.71
9303,replay,4000,0.0436,1.000,0.0526,0.71
9304,replay,4000,0.0419,1.000,0.0525,0.72
9305,es_step,4000,0.0255,0.906,0.0525,2.98
9306,replay,4000,0.0626,1.000,0.0526,0.71
9307,es_step,4000,0.0262,0.875,0.0526,2.91
9308,es_step,4000,0.0278,0.969,0.0526,2.91
9309,replay,4000,0.0390,1.000,0.0525,0.71
9310,es_step,4000,0.0319,0.969,0.0525,3.00
9311,replay,4000,0.0519,1.000,0.0525,0.72
9312,replay,4000,0.0472,1.000,0.0524,0.72
9313,es_step,4000,0.0260,0.906,0.0524,2.95
9314,replay,4000,0.0548,1.000,0.0524,0.71
9315,replay,4000,0.0476,1.000,0.0524,0.73
9316,replay,4000,0.0662,1.000,0.0524,0.73
9317,replay,4000,0.0744,1.000,0.0523,0.73
9318,replay,4000,0.0626,1.000,0.0523,0.72
9319,replay,4000,0.0776,1.000,0.0523,0.73
9320,replay,4000,0.0930,1.000,0.0523,0.73
9321,replay,4000,0.0745,1.000,0.0522,0.73
9322,replay,4000,0.0919,1.000,0.0522,0.73
9323,replay,4000,0.0610,1.000,0.0522,0.74
9324,replay,4000,0.0729,1.000,0.0522,0.73
9325,replay,4000,0.0629,1.000,0.0521,0.73
9326,replay,4000,0.0767,1.000,0.0521,0.74
9327,replay,4000,0.0410,1.000,0.0520,0.73
9328,replay,4000,0.0523,1.000,0.0519,0.73
9329,replay,4000,0.0575,1.000,0.0518,0.74
9330,replay,4000,0.0642,1.000,0.0518,0.74
9331,replay,4000,0.0510,1.000,0.0518,0.74
9332,replay,4000,0.0487,1.000,0.0517,0.73
9333,replay,4000,0.0509,1.000,0.0517,0.73
9334,es_step,4000,0.0292,0.875,0.0517,3.10
9335,es_step,4000,0.0179,0.875,0.0517,3.10
9336,replay,4000,0.0581,1.000,0.0516,0.73
9337,replay,4000,0.0561,1.000,0.0516,0.73
9338,replay,4000,0.0579,1.000,0.0515,0.73
9339,replay,4000,0.0529,1.000,0.0515,0.73
9340,replay,4000,0.0585,1.000,0.0515,0.74
9341,es_step,4000,0.0360,0.938,0.0515,3.08
9342,replay,4000,0.0776,1.000,0.0515,0.74
9343,replay,4000,-0.0142,1.000,0.0515,0.74
9344,replay,4000,0.0190,1.000,0.0515,0.73
9345,replay,4000,0.1271,1.000,0.0516,3.29
9346,replay,4000,0.1109,1.000,0.0517,0.74
9347,replay,4000,0.1273,1.000,0.0519,0.74
9348,es_step,4000,0.0728,0.812,0.0521,3.10
9349,replay,4000,0.1188,1.000,0.0521,0.74
9350,es_step,4000,0.0397,0.938,0.0522,3.09
9351,es_step,4000,0.0436,0.906,0.0522,3.05
9352,replay,4000,0.1153,1.000,0.0522,0.72
9353,replay,4000,0.0812,1.000,0.0522,0.73
9354,es_step,4000,0.0342,0.969,0.0522,3.04
9355,replay,4000,0.0662,1.000,0.0522,0.72
9356,es_step,4000,0.0263,0.938,0.0522,3.02
9357,es_step,4000,0.0188,0.906,0.0522,3.00
9358,es_step,4000,0.0207,0.844,0.0522,2.95
9359,replay,4000,0.0701,1.000,0.0521,0.70
9360,replay,4000,0.0625,1.000,0.0520,0.72
9361,replay,4000,0.0514,1.000,0.0519,0.72
9362,es_step,4000,0.0271,0.906,0.0519,3.01
9363,replay,4000,0.0747,1.000,0.0518,0.73
9364,replay,4000,0.0512,1.000,0.0518,0.73
9365,es_step,4000,0.0085,0.875,0.0518,3.01
9366,replay,4000,0.0647,1.000,0.0518,0.72
9367,replay,4000,0.0984,1.000,0.0518,0.71
9368,replay,4000,0.0708,1.000,0.0518,0.72
9369,replay,4000,0.0663,1.000,0.0518,0.73
9370,replay,4000,0.0539,1.000,0.0519,0.73
9371,replay,4000,0.0835,1.000,0.0519,0.72
9372,replay,4000,0.1107,1.000,0.0520,0.73
9373,es_step,4000,0.0503,0.844,0.0520,3.00
9374,replay,4000,0.0875,1.000,0.0520,0.71
9375,replay,4000,0.1025,1.000,0.0520,0.72
9376,replay,4000,0.1025,1.000,0.0521,0.72
9377,replay,4000,0.0792,1.000,0.0521,0.72
9378,replay,4000,0.0637,1.000,0.0520,0.73
9379,replay,4000,0.0325,1.000,0.0520,0.73
9380,replay,4000,0.0308,1.000,0.0518,0.72
9381,replay,4000,0.0155,1.000,0.0516,0.73
9382,replay,4000,0.0253,1.000,0.0515,0.73
9383,replay,4000,0.0482,1.000,0.0514,0.73
9384,es_step,4000,0.0260,0.906,0.0514,3.07
9385,replay,4000,0.0457,1.000,0.0513,0.72
9386,replay,4000,-0.1922,1.000,0.0511,0.72
9387,replay,4000,0.1036,1.000,0.0512,0.72
9388,replay,4000,0.1142,1.000,0.0513,0.73
9389,replay,4000,0.1342,1.000,0.0514,0.73
9390,replay,4000,0.1252,1.000,0.0515,0.74
9391,replay,4000,0.1528,1.000,0.0517,0.74
9392,replay,4000,0.1419,1.000,0.0519,0.73
9393,es_step,4000,0.1049,0.844,0.0527,3.08
9394,replay,4000,0.1458,1.000,0.0528,0.72
9395,replay,4000,0.1443,1.000,0.0530,0.73
9396,replay,4000,0.1321,1.000,0.0531,0.73
9397,es_step,4000,0.0661,0.906,0.0531,3.06
9398,replay,4000,0.1104,1.000,0.0532,0.73
9399,replay,4000,0.0767,1.000,0.0532,0.73
9400,replay,4000,0.0569,1.000,0.0531,0.72
9401,replay,4000,0.0722,1.000,0.0531,0.73
9402,replay,4000,0.0330,1.000,0.0528,0.74
9403,replay,4000,0.0375,1.000,0.0527,0.73
9404,replay,4000,0.0602,1.000,0.0527,0.73
9405,replay,4000,0.0609,1.000,0.0526,0.73
9406,es_step,4000,0.0321,0.875,0.0526,3.07
9407,replay,4000,0.0679,1.000,0.0525,0.72
9408,replay,4000,0.0784,1.000,0.0525,0.73
9409,replay,4000,0.0459,1.000,0.0524,0.72
9410,replay,4000,0.0794,1.000,0.0525,0.73
9411,replay,4000,0.0609,1.000,0.0524,0.73
9412,replay,4000,0.0617,1.000,0.0524,0.73
9413,replay,4000,0.0480,1.000,0.0523,0.73
9414,replay,4000,0.0593,1.000,0.0522,0.74
9415,replay,4000,0.0583,1.000,0.0521,0.73
9416,replay,4000,0.0659,1.000,0.0521,0.73
9417,es_step,4000,0.0320,0.938,0.0521,3.07
9418,replay,4000,0.0701,1.000,0.0521,0.73
9419,replay,4000,0.0757,1.000,0.0521,0.73
9420,es_step,4000,0.0406,0.781,0.0521,3.07
9421,replay,4000,0.0882,1.000,0.0521,0.73
9422,replay,4000,0.0821,1.000,0.0521,0.74
9423,replay,4000,0.0720,1.000,0.0521,0.74
9424,replay,4000,0.0830,1.000,0.0521,0.74
9425,replay,4000,0.0722,1.000,0.0521,0.74
9426,replay,4000,0.0824,1.000,0.0521,0.74
9427,replay,4000,0.0953,1.000,0.0521,0.73
9428,replay,4000,0.0875,1.000,0.0522,0.73
9429,es_step,4000,0.0756,0.875,0.0523,3.07
9430,replay,4000,0.0983,1.000,0.0523,0.72
9431,replay,4000,0.0778,1.000,0.0524,0.73
9432,replay,4000,0.1422,1.000,0.0525,0.74
9433,replay,4000,0.1513,1.000,0.0528,0.74
9434,es_step,4000,0.1129,0.906,0.0532,3.09
9435,replay,4000,0.1119,1.000,0.0533,0.73
9436,replay,4000,0.1491,1.000,0.0535,0.74
9437,replay,4000,0.1528,1.000,0.0536,0.73
9438,es_step,4000,0.0772,0.844,0.0537,3.05
9439,es_step,4000,0.0897,0.844,0.0537,3.02
9440,replay,4000,0.1412,1.000,0.0538,0.71
9441,replay,4000,0.1169,1.000,0.0539,0.72
9442,es_step,4000,0.0526,0.844,0.0539,2.98
9443,es_step,4000,0.0532,0.875,0.0539,2.95
9444,replay,4000,0.0942,1.000,0.0539,0.72
9445,replay,4000,0.0582,1.000,0.0539,0.72
9446,replay,4000,0.0625,1.000,0.0538,0.73
9447,replay,4000,0.0599,1.000,0.0537,0.73
9448,es_step,4000,0.0142,0.812,0.0538,3.03
9449,replay,4000,0.0396,1.000,0.0536,0.72
9450,replay,4000,0.0521,1.000,0.0535,0.71
9451,replay,4000,0.0499,1.000,0.0533,0.72
9452,replay,4000,0.0782,1.000,0.0534,0.72
9453,replay,4000,-0.1164,1.000,0.0532,0.72
9454,replay,4000,0.0795,1.000,0.0532,0.72
9455,replay,4000,0.0987,1.000,0.0532,0.72
9456,replay,4000,0.1366,1.000,0.0533,0.72
9457,es_step,4000,0.0651,0.844,0.0533,3.02
9458,replay,4000,0.1442,1.000,0.0534,0.73
9459,replay,4000,0.1587,1.000,0.0536,0.73
9460,replay,4000,0.1303,1.000,0.0539,0.72
9461,replay,4000,0.1528,1.000,0.0540,0.73
9462,replay,4000,0.1436,1.000,0.0542,0.73
9463,replay,4000,0.1690,1.000,0.0543,0.73
9464,replay,4000,0.1445,1.000,0.0545,0.73
9465,es_step,4000,0.0874,0.781,0.0545,3.04
9466,replay,4000,0.1334,1.000,0.0548,0.72
9467,es_step,4000,0.0799,0.906,0.0548,3.04
9468,replay,4000,0.0936,1.000,0.0548,0.73
9469,es_step,4000,0.0880,0.844,0.0548,3.01
9470,es_step,4000,0.0857,1.000,0.0548,3.00
9471,es_step,4000,0.0801,0.844,0.0548,2.99
9472,replay,4000,0.1137,1.000,0.0549,0.72
9473,replay,4000,0.1227,1.000,0.0550,0.72
9474,es_step,4000,0.0725,0.875,0.0550,3.00
9475,replay,4000,0.1113,1.000,0.0551,0.71
9476,es_step,4000,0.0641,0.938,0.0551,2.94
9477,replay,4000,0.0766,1.000,0.0551,0.71
9478,replay,4000,0.1050,1.000,0.0551,0.72
9479,replay,4000,0.0818,1.000,0.0551,0.71
9480,replay,4000,0.0885,1.000,0.0550,0.71
9481,es_step,4000,0.0446,0.844,0.0550,2.95
9482,replay,4000,0.0918,1.000,0.0551,0.71
9483,replay,4000,0.0549,1.000,0.0550,0.71
9484,replay,4000,0.0742,1.000,0.0549,0.71
9485,replay,4000,0.0279,1.000,0.0548,0.72
9486,replay,4000,0.0611,1.000,0.0547,0.72
9487,replay,4000,0.0662,1.000,0.0547,0.72
9488,replay,4000,0.0742,1.000,0.0547,0.72
9489,replay,4000,0.0801,1.000,0.0547,0.71
9490,replay,4000,0.0790,1.000,0.0547,0.72
9491,replay,4000,0.0602,1.000,0.0547,0.72
9492,replay,4000,0.0802,1.000,0.0546,0.72
9493,es_step,4000,0.0236,0.875,0.0546,3.03
9494,es_step,4000,0.0271,0.844,0.0547,2.99
9495,replay,4000,0.0910,1.000,0.0546,0.71
9496,replay,4000,0.0722,1.000,0.0545,0.71
9497,replay,4000,0.0605,1.000,0.0545,0.72
9498,replay,4000,0.0703,1.000,0.0545,0.73
9499,replay,4000,0.0696,1.000,0.0545,0.73
9500,replay,4000,0.0734,1.000,0.0545,0.73
9501,replay,4000,0.0642,1.000,0.0544,0.73
9502,es_step,4000,0.0302,0.750,0.0545,3.05
9503,es_step,4000,0.0373,0.812,0.0545,3.01
9504,replay,4000,0.0652,1.000,0.0544,0.72
9505,replay,4000,0.0445,1.000,0.0544,0.71
9506,es_step,4000,0.0394,0.844,0.0544,2.98
9507,replay,4000,0.0818,1.000,0.0544,0.72
9508,replay,4000,0.0637,1.000,0.0543,0.73
9509,replay,4000,0.0678,1.000,0.0543,0.73
9510,replay,4000,0.0841,1.000,0.0542,0.72
9511,replay,4000,0.0672,1.000,0.0541,0.72
9512,replay,4000,0.0466,1.000,0.0541,0.73
9513,replay,4000,0.0698,1.000,0.0541,0.72
9514,replay,4000,0.0697,1.000,0.0541,0.72
9515,replay,4000,0.0645,1.000,0.0540,0.73
9516,replay,4000,0.0746,1.000,0.0540,0.73
9517,replay,4000,0.0828,1.000,0.0539,0.72
9518,replay,4000,0.0608,1.000,0.0539,0.73
9519,replay,4000,0.0401,1.000,0.0540,0.73
9520,replay,4000,0.0683,1.000,0.0540,0.73
9521,replay,4000,0.0736,1.000,0.0540,0.73
9522,replay,4000,0.0465,1.000,0.0539,0.73
9523,replay,4000,0.0627,1.000,0.0539,0.72
9524,replay,4000,0.0498,1.000,0.0539,0.73
9525,replay,4000,0.0526,1.000,0.0538,0.73
9526,replay,4000,0.0708,1.000,0.0538,0.73
9527,es_step,4000,0.0375,0.875,0.0538,3.11
9528,replay,4000,0.0761,1.000,0.0538,0.73
9529,replay,4000,0.0965,1.000,0.0537,0.73
9530,replay,4000,0.0591,1.000,0.0537,0.73
9531,replay,4000,0.0220,1.000,0.0536,0.73
9532,replay,4000,0.0754,1.000,0.0537,0.74
9533,replay,4000,0.0860,1.000,0.0538,0.73
9534,replay,4000,-0.1290,1.000,0.0538,0.73
9535,replay,4000,0.1112,1.000,0.0540,0.73
9536,replay,4000,0.1023,1.000,0.0541,0.73
9537,replay,4000,0.1339,1.000,0.0542,0.73
9538,es_step,4000,0.0837,0.969,0.0543,3.08
9539,replay,4000,0.1144,1.000,0.0544,0.73
9540,replay,4000,0.1206,1.000,0.0545,0.72
9541,replay,4000,0.0975,1.000,0.0545,0.73
9542,replay,4000,0.1173,1.000,0.0545,0.73
9543,es_step,4000,0.0447,0.875,0.0545,3.05
9544,replay,4000,0.0554,1.000,0.0544,0.73
9545,replay,4000,0.0837,1.000,0.0544,0.73
9546,es_step,4000,0.0469,0.938,0.0544,3.04
9547,replay,4000,0.0685,1.000,0.0544,0.72
9548,replay,4000,0.0795,1.000,0.0545,0.72
9549,es_step,4000,0.0447,0.750,0.0545,2.99
9550,replay,4000,0.0622,1.000,0.0544,0.71
9551,replay,4000,0.0701,1.000,0.0545,0.71
9552,replay,4000,-0.0089,1.000,0.0544,0.71
9553,replay,4000,0.0801,1.000,0.0544,0.71
9554,replay,4000,0.0879,1.000,0.0544,0.71
9555,es_step,4000,0.0482,0.719,0.0544,2.99
9556,replay,4000,0.0712,1.000,0.0545,0.71
9557,replay,4000,0.0190,1.000,0.0545,0.72
9558,replay,4000,0.0625,1.000,0.0544,0.71
9559,es_step,4000,0.0559,0.812,0.0544,2.99
9560,replay,4000,0.0915,1.000,0.0544,0.71
9561,replay,4000,0.1288,1.000,0.0545,0.71
9562,es_step,4000,0.0826,0.875,0.0548,2.94
9563,replay,4000,0.1638,1.000,0.0550,0.70
9564,es_step,4000,0.0901,0.875,0.0551,2.91
9565,replay,4000,0.2061,1.000,0.0553,0.70
9566,es_step,4000,0.1049,0.688,0.0557,2.90
9567,replay,4000,0.2013,1.000,0.0559,0.71
9568,replay,4000,0.1781,1.000,0.0561,0.72
9569,replay,4000,0.1893,1.000,0.0562,0.71
9570,replay,4000,0.1746,1.000,0.0563,0.71
9571,replay,4000,0.1888,1.000,0.0565,0.71
9572,replay,4000,0.1813,1.000,0.0566,0.71
9573,replay,4000,0.1706,1.000,0.0569,0.72
9574,es_step,4000,0.0743,0.812,0.0569,2.98
9575,replay,4000,0.1733,1.000,0.0571,0.71
9576,replay,4000,0.1758,1.000,0.0572,0.71
9577,replay,4000,0.1320,1.000,0.0573,0.71
9578,es_step,4000,0.0466,0.812,0.0573,2.97
9579,replay,4000,0.1054,1.000,0.0573,0.70
9580,replay,4000,0.1106,1.000,0.0575,0.71
9581,replay,4000,0.1323,1.000,0.0575,0.69
9582,replay,4000,0.1053,1.000,0.0576,0.70
9583,replay,4000,0.1170,1.000,0.0577,0.70
9584,replay,4000,0.1176,1.000,0.0578,0.70
9585,replay,4000,0.1165,1.000,0.0578,0.71
9586,replay,4000,0.0945,1.000,0.0578,0.71
9587,replay,4000,0.0722,1.000,0.0578,0.71
9588,replay,4000,0.0563,1.000,0.0578,0.72
9589,es_step,4000,0.0225,0.750,0.0578,2.98
9590,replay,4000,0.0488,1.000,0.0577,0.71
9591,replay,4000,0.0661,1.000,0.0577,3.13
9592,replay,4000,0.0682,1.000,0.0576,0.72
9593,replay,4000,0.0563,1.000,0.0576,0.72
9594,es_step,4000,0.0227,0.719,0.0576,2.99
9595,replay,4000,0.0439,1.000,0.0575,0.71
9596,replay,4000,0.0646,1.000,0.0574,0.71
9597,replay,4000,0.0479,1.000,0.0573,0.71
9598,replay,4000,0.0892,1.000,0.0573,0.71
9599,replay,4000,0.0833,1.000,0.0573,0.71
9600,replay,4000,0.1007,1.000,0.0573,0.71
9601,replay,4000,0.1129,1.000,0.0572,0.71
9602,replay,4000,0.1230,1.000,0.0572,0.71
9603,replay,4000,0.1212,1.000,0.0574,0.71
9604,replay,4000,0.1098,1.000,0.0575,0.71
9605,replay,4000,0.1179,1.000,0.0575,0.71
9606,replay,4000,0.1107,1.000,0.0576,0.71
9607,es_step,4000,0.0489,0.875,0.0576,2.92
9608,replay,4000,0.0645,1.000,0.0576,0.71
9609,es_step,4000,0.0369,0.781,0.0576,2.96
9610,es_step,4000,0.0369,0.812,0.0576,2.89
9611,replay,4000,0.0787,1.000,0.0576,0.70
9612,replay,4000,0.0539,1.000,0.0575,0.70
9613,es_step,4000,0.0348,0.688,0.0576,2.89
9614,replay,4000,0.0579,1.000,0.0575,0.70
9615,replay,4000,0.0606,1.000,0.0574,0.70
9616,replay,4000,0.0457,1.000,0.0574,0.70
9617,es_step,4000,0.0247,0.844,0.0574,2.89
9618,replay,4000,0.0365,1.000,0.0573,0.70
9619,replay,4000,0.0620,1.000,0.0572,0.70
9620,replay,4000,0.0561,1.000,0.0571,0.70
9621,es_step,4000,0.0320,0.906,0.0571,2.94
9622,replay,4000,0.0854,1.000,0.0570,0.71
9623,replay,4000,0.0806,1.000,0.0570,0.71
9624,replay,4000,0.0895,1.000,0.0570,0.72
9625,es_step,4000,0.0569,0.812,0.0570,2.97
9626,replay,4000,0.1241,1.000,0.0571,0.71
9627,replay,4000,0.1181,1.000,0.0571,0.71
9628,es_step,4000,0.0608,0.969,0.0571,2.99
9629,replay,4000,0.0877,1.000,0.0571,0.71
9630,replay,4000,0.0875,1.000,0.0571,0.71
9631,es_step,4000,0.0546,0.906,0.0571,2.90
9632,replay,4000,0.0857,1.000,0.0571,0.70
9633,replay,4000,0.0714,1.000,0.0571,0.70
9634,replay,4000,0.0634,1.000,0.0570,0.70
9635,replay,4000,0.0302,1.000,0.0570,0.71
9636,replay,4000,0.0328,1.000,0.0568,0.71
9637,es_step,4000,0.0367,0.844,0.0568,2.96
9638,replay,4000,-0.3092,1.000,0.0568,0.71
9639,replay,4000,0.0717,1.000,0.0568,0.71
9640,replay,4000,0.1389,1.000,0.0569,0.71
9641,replay,4000,0.1253,1.000,0.0570,0.71
9642,es_step,4000,0.0762,0.781,0.0570,2.95
9643,es_step,4000,0.0780,0.875,0.0570,2.92
9644,es_step,4000,0.0876,0.875,0.0571,2.93
9645,replay,4000,0.1019,1.000,0.0570,0.71
9646,replay,4000,0.0991,1.000,0.0571,0.71
9647,es_step,4000,0.0588,0.875,0.0571,2.90
9648,replay,4000,0.1081,1.000,0.0571,0.71
9649,replay,4000,0.0797,1.000,0.0571,0.72
9650,replay,4000,0.0795,1.000,0.0571,0.72
9651,replay,4000,0.0868,1.000,0.0570,0.72
9652,replay,4000,0.1348,1.000,0.0571,0.72
9653,replay,4000,0.1377,1.000,0.0572,0.72
9654,es_step,4000,0.0739,0.844,0.0572,2.97
9655,es_step,4000,0.0603,0.750,0.0572,2.96
9656,replay,4000,0.1238,1.000,0.0573,0.72
9657,replay,4000,0.1179,1.000,0.0573,0.72
9658,replay,4000,0.1053,1.000,0.0573,0.73
9659,replay,4000,0.0683,1.000,0.0574,0.72
9660,replay,4000,0.0313,1.000,0.0573,0.73
9661,replay,4000,0.0461,1.000,0.0572,0.73
9662,replay,4000,0.0126,1.000,0.0571,0.73
9663,replay,4000,0.0773,1.000,0.0571,0.77
9664,es_step,4000,0.0318,0.781,0.0571,3.04
9665,replay,4000,0.0653,1.000,0.0570,0.71
9666,es_step,4000,0.0608,0.812,0.0570,2.95
9667,replay,4000,0.0885,1.000,0.0570,0.71
9668,replay,4000,0.1095,1.000,0.0570,0.72
9669,replay,4000,0.0962,1.000,0.0570,0.73
9670,replay,4000,0.0739,1.000,0.0570,0.73
9671,replay,4000,0.0922,1.000,0.0570,0.73
9672,replay,4000,0.0864,1.000,0.0570,0.73
9673,replay,4000,0.0708,1.000,0.0570,0.73
9674,replay,4000,0.0548,1.000,0.0570,0.73
9675,replay,4000,0.0534,1.000,0.0569,0.74
9676,replay,4000,0.0561,1.000,0.0569,0.73
9677,replay,4000,0.0361,1.000,0.0568,0.74
9678,replay,4000,0.0324,1.000,0.0567,0.74
9679,replay,4000,0.0254,1.000,0.0566,0.74
9680,replay,4000,0.0714,1.000,0.0566,0.75
9681,es_step,4000,0.0363,0.844,0.0566,3.14
9682,replay,4000,0.0447,1.000,0.0565,0.73
9683,replay,4000,0.1096,1.000,0.0565,0.74
9684,replay,4000,0.0965,1.000,0.0565,0.74
9685,replay,4000,0.0837,1.000,0.0565,0.73
9686,es_step,4000,0.0414,0.875,0.0565,3.13
9687,es_step,4000,0.0450,0.969,0.0565,3.10
9688,replay,4000,0.0758,1.000,0.0565,0.73
9689,replay,4000,0.0764,1.000,0.0565,0.73
9690,replay,4000,0.0560,1.000,0.0565,0.73
9691,es_step,4000,0.0371,0.875,0.0565,3.06
9692,es_step,4000,0.0421,0.781,0.0565,3.04
9693,replay,4000,0.0791,1.000,0.0564,0.72
9694,replay,4000,0.0518,1.000,0.0564,0.73
9695,replay,4000,0.0782,1.000,0.0563,0.73
9696,replay,4000,0.0809,1.000,0.0564,0.73
9697,replay,4000,0.0699,1.000,0.0564,0.73
9698,replay,4000,0.0997,1.000,0.0564,0.73
9699,replay,4000,0.1000,1.000,0.0564,0.73
9700,replay,4000,0.0849,1.000,0.0565,0.73
9701,replay,4000,0.0878,1.000,0.0566,0.73
9702,es_step,4000,0.0672,0.781,0.0566,3.10
9703,replay,4000,0.0940,1.000,0.0566,0.73
9704,replay,4000,0.0926,1.000,0.0567,0.73
9705,replay,4000,0.0920,1.000,0.0567,0.74
9706,es_step,4000,0.0629,0.906,0.0567,3.05
9707,replay,4000,0.1062,1.000,0.0568,0.72
9708,replay,4000,0.0825,1.000,0.0568,0.72
9709,replay,4000,0.0769,1.000,0.0568,0.73
9710,es_step,4000,0.0358,0.719,0.0568,3.05
9711,replay,4000,0.0689,1.000,0.0567,0.73
9712,es_step,4000,0.0207,0.750,0.0567,3.02
9713,es_step,4000,0.0334,0.781,0.0567,2.98
9714,replay,4000,0.0662,1.000,0.0567,0.71
9715,replay,4000,0.0544,1.000,0.0566,0.71
9716,replay,4000,0.0616,1.000,0.0566,0.71
9717,replay,4000,0.0777,1.000,0.0565,0.71
9718,replay,4000,0.0530,1.000,0.0565,0.72
9719,replay,4000,0.0234,1.000,0.0564,0.71
9720,replay,4000,0.0197,1.000,0.0563,0.72
9721,replay,4000,0.0498,1.000,0.0562,0.72
9722,replay,4000,0.0595,1.000,0.0563,0.72
9723,replay,4000,0.0729,1.000,0.0562,0.72
9724,es_step,4000,0.0541,0.844,0.0562,3.04
9725,replay,4000,0.0856,1.000,0.0563,0.71
9726,replay,4000,0.1193,1.000,0.0564,0.72
9727,replay,4000,0.0924,1.000,0.0565,0.71
9728,replay,4000,0.1089,1.000,0.0566,0.71
9729,replay,4000,0.1259,1.000,0.0565,0.71
9730,replay,4000,0.1140,1.000,0.0566,0.72
9731,replay,4000,0.1268,1.000,0.0568,0.72
9732,es_step,4000,0.0697,0.875,0.0568,2.98
9733,es_step,4000,0.0694,0.781,0.0568,2.91
9734,replay,4000,0.1081,1.000,0.0568,0.71
9735,es_step,4000,0.0739,0.719,0.0569,2.90
9736,replay,4000,0.1198,1.000,0.0570,0.70
9737,replay,4000,0.1280,1.000,0.0571,0.71
9738,replay,4000,0.1702,1.000,0.0574,0.71
9739,replay,4000,0.0883,1.000,0.0575,0.72
9740,replay,4000,0.1875,1.000,0.0577,0.71
9741,replay,4000,0.1907,1.000,0.0579,0.71
9742,es_step,4000,0.1311,0.812,0.0584,2.95
9743,replay,4000,0.1886,1.000,0.0585,0.71
9744,replay,4000,0.1825,1.000,0.0586,0.72
9745,replay,4000,0.1385,1.000,0.0588,0.73
9746,replay,4000,0.1369,1.000,0.0589,0.72
9747,replay,4000,0.1291,1.000,0.0589,0.73
9748,replay,4000,0.1130,1.000,0.0590,0.73
9749,replay,4000,0.1195,1.000,0.0590,0.73
9750,replay,4000,0.0682,1.000,0.0590,0.73
9751,replay,4000,0.0724,1.000,0.0590,0.73
9752,replay,4000,0.0838,1.000,0.0590,0.73
9753,es_step,4000,0.0420,0.781,0.0590,3.06
9754,replay,4000,0.0744,1.000,0.0589,0.73
9755,replay,4000,0.0407,1.000,0.0587,0.73
9756,replay,4000,0.0670,1.000,0.0587,0.73
9757,replay,4000,0.0715,1.000,0.0587,0.73
9758,replay,4000,0.0548,1.000,0.0586,0.73
9759,replay,4000,0.0622,1.000,0.0586,0.73
9760,replay,4000,0.0659,1.000,0.0585,0.73
9761,replay,4000,0.0795,1.000,0.0585,0.73
9762,replay,4000,0.0790,1.000,0.0586,0.73
9763,replay,4000,0.0875,1.000,0.0586,0.73
9764,replay,4000,0.0688,1.000,0.0584,0.74
9765,replay,4000,0.0632,1.000,0.0583,0.73
9766,replay,4000,0.0533,1.000,0.0583,0.74
9767,replay,4000,0.0540,1.000,0.0582,0.74
9768,replay,4000,0.0584,1.000,0.0582,0.74
9769,replay,4000,0.0611,1.000,0.0581,0.73
9770,replay,4000,0.0648,1.000,0.0582,0.74
9771,replay,4000,0.0775,1.000,0.0582,0.74
9772,replay,4000,0.0937,1.000,0.0581,0.74
9773,es_step,4000,0.0381,0.781,0.0581,3.13
9774,replay,4000,0.0569,1.000,0.0581,0.74
9775,replay,4000,0.0740,1.000,0.0581,0.73
9776,es_step,4000,0.0460,0.750,0.0581,3.13
9777,replay,4000,0.0776,1.000,0.0581,0.73
9778,replay,4000,0.0492,1.000,0.0580,0.74
9779,replay,4000,0.0702,1.000,0.0579,0.74
9780,es_step,4000,0.0362,0.906,0.0579,3.10
9781,replay,4000,0.0876,1.000,0.0580,0.73
9782,replay,4000,0.0781,1.000,0.0580,0.73
9783,es_step,4000,0.0333,0.844,0.0580,3.02
9784,es_step,4000,0.0451,0.906,0.0580,3.00
9785,replay,4000,0.0613,1.000,0.0578,0.72
9786,es_step,4000,0.0506,0.875,0.0580,3.02
9787,replay,4000,0.0931,1.000,0.0580,0.72
9788,replay,4000,0.1280,1.000,0.0580,0.72
9789,replay,4000,0.1337,1.000,0.0581,0.72
9790,replay,4000,0.1267,1.000,0.0582,0.72
9791,replay,4000,0.1319,1.000,0.0583,0.72
9792,replay,4000,0.1307,1.000,0.0583,0.72
9793,replay,4000,0.1172,1.000,0.0584,0.78
9794,replay,4000,0.1013,1.000,0.0585,0.72
9795,es_step,4000,0.0459,0.812,0.0585,3.04
9796,replay,4000,0.0941,1.000,0.0585,0.72
9797,replay,4000,0.0931,1.000,0.0585,0.72
9798,replay,4000,0.0544,1.000,0.0585,0.72
9799,replay,4000,0.0651,1.000,0.0584,0.72
9800,replay,4000,0.0600,1.000,0.0583,0.72
9801,replay,4000,0.0629,1.000,0.0582,0.72
9802,replay,4000,0.0481,1.000,0.0581,0.72
9803,replay,4000,0.0445,1.000,0.0580,0.72
9804,es_step,4000,0.0119,0.750,0.0580,3.03
9805,replay,4000,0.0576,1.000,0.0580,0.71
9806,replay,4000,0.0558,1.000,0.0579,0.72
9807,replay,4000,0.0499,1.000,0.0579,0.72
9808,replay,4000,0.0611,1.000,0.0578,0.72
9809,replay,4000,0.0737,1.000,0.0578,0.71
9810,replay,4000,0.0400,1.000,0.0576,0.72
9811,es_step,4000,0.0391,0.875,0.0576,2.99
9812,replay,4000,0.0610,1.000,0.0576,0.71
9813,es_step,4000,0.0348,0.781,0.0576,3.01
9814,replay,4000,0.0697,1.000,0.0575,0.72
9815,es_step,4000,0.0382,0.844,0.0575,3.02
9816,replay,4000,0.0902,1.000,0.0575,0.72
9817,replay,4000,0.0902,1.000,0.0575,0.72
9818,es_step,4000,0.0340,0.844,0.0575,2.95
9819,es_step,4000,0.0350,0.812,0.0575,2.94
9820,es_step,4000,0.0249,0.781,0.0575,2.95
9821,es_step,4000,0.0347,0.906,0.0575,2.93
9822,replay,4000,0.0825,1.000,0.0575,0.71
9823,replay,4000,0.0929,1.000,0.0574,0.70
9824,es_step,4000,0.0326,0.906,0.0574,2.92
9825,replay,4000,0.0402,1.000,0.0574,0.72
9826,replay,4000,0.0624,1.000,0.0574,0.73
9827,replay,4000,0.0833,1.000,0.0574,0.73
9828,replay,4000,0.0780,1.000,0.0574,0.73
9829,replay,4000,0.1185,1.000,0.0574,0.90
9830,replay,4000,0.0669,1.000,0.0573,3.28
9831,replay,4000,0.0883,1.000,0.0572,0.79
9832,replay,4000,0.1001,1.000,0.0573,0.73
9833,replay,4000,-0.0878,1.000,0.0571,0.73
9834,replay,4000,0.1116,1.000,0.0572,0.73
9835,replay,4000,0.1222,1.000,0.0573,0.73
9836,replay,4000,0.1208,1.000,0.0574,0.73
9837,replay,4000,0.1084,1.000,0.0575,0.73
9838,replay,4000,0.1039,1.000,0.0575,0.73
9839,replay,4000,0.0769,1.000,0.0575,0.73
9840,replay,4000,0.0837,1.000,0.0574,0.74
9841,es_step,4000,0.0282,0.875,0.0574,3.08
9842,es_step,4000,0.0298,0.812,0.0574,3.07
9843,replay,4000,0.0614,1.000,0.0574,0.73
9844,replay,4000,0.0678,1.000,0.0574,0.73
9845,replay,4000,0.0523,1.000,0.0573,0.73
9846,replay,4000,0.0670,1.000,0.0572,0.73
9847,replay,4000,0.0737,1.000,0.0572,0.73
9848,replay,4000,0.0637,1.000,0.0572,0.73
9849,replay,4000,0.0502,1.000,0.0572,0.72
9850,es_step,4000,0.0249,0.812,0.0572,3.06
9851,replay,4000,0.0737,1.000,0.0571,0.73
9852,es_step,4000,0.0207,0.781,0.0571,3.02
9853,replay,4000,0.0432,1.000,0.0571,0.73
9854,replay,4000,0.0624,1.000,0.0570,0.73
9855,replay,4000,0.0496,1.000,0.0570,0.74
9856,replay,4000,0.0913,1.000,0.0570,0.74
9857,replay,4000,0.0755,1.000,0.0569,0.74
9858,replay,4000,0.0763,1.000,0.0569,0.74
9859,replay,4000,0.0743,1.000,0.0569,0.75
9860,replay,4000,0.0457,1.000,0.0569,0.75
9861,replay,4000,0.0495,1.000,0.0567,0.76
9862,replay,4000,0.0811,1.000,0.0566,0.77
9863,replay,4000,0.0852,1.000,0.0566,0.78
9864,replay,4000,0.0631,1.000,0.0566,0.78
9865,replay,4000,0.0524,1.000,0.0566,0.77
9866,es_step,4000,0.0517,0.844,0.0566,3.23
9867,es_step,4000,0.0460,0.875,0.0566,3.20
9868,replay,4000,0.0536,1.000,0.0565,0.75
9869,replay,4000,0.0783,1.000,0.0565,0.75
9870,es_step,4000,0.0517,0.812,0.0565,3.15
9871,es_step,4000,0.0475,0.875,0.0565,3.13
9872,replay,4000,0.0732,1.000,0.0567,0.74
9873,replay,4000,0.0943,1.000,0.0567,0.75
9874,replay,4000,0.0844,1.000,0.0568,0.74
9875,replay,4000,0.0797,1.000,0.0568,0.74
9876,es_step,4000,0.0347,0.844,0.0568,3.13
9877,replay,4000,0.0541,1.000,0.0568,0.74
9878,replay,4000,0.0752,1.000,0.0568,0.75
9879,replay,4000,0.0917,1.000,0.0567,0.74
9880,es_step,4000,0.0347,0.844,0.0567,3.11
9881,replay,4000,0.0706,1.000,0.0567,0.74
9882,replay,4000,0.0751,1.000,0.0566,0.75
9883,replay,4000,0.0474,1.000,0.0566,0.75
9884,es_step,4000,0.0251,0.875,0.0566,3.13
9885,replay,4000,0.0329,1.000,0.0565,0.74
9886,replay,4000,0.0310,1.000,0.0564,0.73
9887,replay,4000,0.0726,1.000,0.0563,0.74
9888,es_step,4000,0.0250,0.906,0.0563,3.08
9889,replay,4000,0.0705,1.000,0.0562,0.74
9890,replay,4000,0.0521,1.000,0.0562,0.73
9891,replay,4000,0.0517,1.000,0.0561,0.74
9892,replay,4000,0.0728,1.000,0.0561,0.74
9893,replay,4000,0.0494,1.000,0.0561,0.74
9894,es_step,4000,0.0352,0.844,0.0561,3.10
9895,replay,4000,0.0439,1.000,0.0560,0.74
9896,replay,4000,0.0703,1.000,0.0559,0.74
9897,replay,4000,0.0703,1.000,0.0559,0.74
9898,replay,4000,0.0646,1.000,0.0558,0.74
9899,replay,4000,0.0827,1.000,0.0557,0.74
9900,es_step,4000,0.0386,0.938,0.0557,3.09
9901,replay,4000,0.0712,1.000,0.0557,0.73
9902,replay,4000,0.0853,1.000,0.0557,0.73
9903,es_step,4000,0.0417,0.844,0.0557,3.08
9904,replay,4000,0.0795,1.000,0.0557,0.73
9905,replay,4000,0.0657,1.000,0.0557,0.73
9906,replay,4000,0.0623,1.000,0.0556,0.73
9907,replay,4000,0.0241,1.000,0.0556,0.73
9908,replay,4000,0.0888,1.000,0.0555,0.73
9909,replay,4000,0.1227,1.000,0.0556,0.73
9910,replay,4000,0.1062,1.000,0.0556,0.73
9911,replay,4000,0.1141,1.000,0.0557,0.73
9912,replay,4000,0.1114,1.000,0.0559,0.73
9913,replay,4000,0.1019,1.000,0.0560,0.73
9914,es_step,4000,0.0730,0.875,0.0562,3.08
9915,replay,4000,0.1169,1.000,0.0562,0.73
9916,replay,4000,0.1063,1.000,0.0563,0.73
9917,replay,4000,0.0983,1.000,0.0563,0.73
9918,replay,4000,0.0924,1.000,0.0563,0.73
9919,replay,4000,0.0794,1.000,0.0564,0.73
9920,replay,4000,0.0615,1.000,0.0563,0.73
9921,replay,4000,0.0622,1.000,0.0564,0.73
9922,replay,4000,0.0507,1.000,0.0563,0.73
9923,es_step,4000,0.0202,0.875,0.0563,3.03
9924,es_step,4000,0.0121,0.906,0.0563,2.96
9925,es_step,4000,0.0104,0.906,0.0563,2.97
9926,replay,4000,0.0199,1.000,0.0562,0.73
9927,es_step,4000,0.0192,0.656,0.0562,3.02
9928,replay,4000,0.0351,1.000,0.0561,0.72
9929,replay,4000,0.0520,1.000,0.0560,0.73
9930,replay,4000,0.0438,1.000,0.0559,0.74
9931,replay,4000,0.0608,1.000,0.0557,0.74
9932,replay,4000,0.0630,1.000,0.0557,0.74
9933,replay,4000,0.0640,1.000,0.0556,0.74
9934,replay,4000,0.0866,1.000,0.0556,0.74
9935,es_step,4000,0.0398,0.781,0.0556,3.13
9936,replay,4000,0.0910,1.000,0.0556,0.74
9937,replay,4000,0.0991,1.000,0.0556,0.74
9938,es_step,4000,0.0476,1.000,0.0556,3.13
9939,replay,4000,0.1089,1.000,0.0556,0.74
9940,replay,4000,0.0956,1.000,0.0556,0.74
9941,replay,4000,0.0919,1.000,0.0556,0.74
9942,es_step,4000,0.0680,0.969,0.0557,3.08
9943,replay,4000,0.1029,1.000,0.0558,0.73
9944,replay,4000,0.0926,1.000,0.0558,0.73
9945,es_step,4000,0.0489,0.875,0.0558,3.05
9946,replay,4000,0.0867,1.000,0.0559,0.73
9947,es_step,4000,0.0356,0.844,0.0559,3.06
9948,replay,4000,0.0798,1.000,0.0559,0.74
9949,replay,4000,0.0597,1.000,0.0558,0.74
9950,replay,4000,0.0498,1.000,0.0557,0.74
9951,replay,4000,0.0429,1.000,0.0556,0.74
9952,replay,4000,0.0322,1.000,0.0555,0.74
9953,es_step,4000,0.0213,0.750,0.0555,3.09
9954,replay,4000,0.0510,1.000,0.0554,0.73
9955,es_step,4000,0.0219,0.906,0.0554,3.02
9956,replay,4000,0.0575,1.000,0.0553,0.72
9957,replay,4000,0.0358,1.000,0.0552,0.72
9958,replay,4000,0.0660,1.000,0.0551,0.73
9959,replay,4000,0.0577,1.000,0.0549,0.72
9960,replay,4000,0.0653,1.000,0.0549,0.72
9961,replay,4000,0.0974,1.000,0.0549,0.73
9962,replay,4000,0.1040,1.000,0.0550,0.73
9963,replay,4000,0.1147,1.000,0.0550,0.73
9964,replay,4000,0.0957,1.000,0.0550,0.73
9965,replay,4000,0.1011,1.000,0.0550,0.73
9966,replay,4000,0.0973,1.000,0.0551,0.73
9967,es_step,4000,0.0627,0.719,0.0551,3.07
9968,replay,4000,0.0859,1.000,0.0552,0.72
9969,replay,4000,0.0973,1.000,0.0552,0.72
9970,replay,4000,0.0744,1.000,0.0550,0.72
9971,es_step,4000,0.0513,0.906,0.0550,3.04
9972,replay,4000,0.0705,1.000,0.0550,0.73
9973,replay,4000,0.0599,1.000,0.0550,0.73
9974,es_step,4000,0.0220,0.812,0.0550,3.03
9975,replay,4000,-0.0515,1.000,0.0550,0.72
9976,es_step,4000,0.0385,0.969,0.0550,2.97
9977,replay,4000,0.0450,1.000,0.0549,0.72
9978,replay,4000,0.0557,1.000,0.0549,0.73
9979,replay,4000,0.0937,1.000,0.0550,0.73
9980,replay,4000,0.0547,1.000,0.0550,0.73
9981,es_step,4000,0.0691,0.938,0.0550,3.02
9982,replay,4000,0.1361,1.000,0.0551,0.72
9983,es_step,4000,0.0692,0.875,0.0552,3.02
9984,replay,4000,0.1147,1.000,0.0552,0.72
9985,replay,4000,0.1376,1.000,0.0552,0.73
9986,replay,4000,0.1167,1.000,0.0554,0.73
9987,replay,4000,0.1141,1.000,0.0555,0.73
9988,replay,4000,0.1185,1.000,0.0555,0.73
9989,replay,4000,0.1305,1.000,0.0556,0.73
9990,replay,4000,0.1350,1.000,0.0556,0.73
9991,replay,4000,0.1340,1.000,0.0557,0.74
9992,es_step,4000,0.0539,0.969,0.0558,3.04
9993,replay,4000,0.1246,1.000,0.0559,0.72
9994,replay,4000,0.1221,1.000,0.0560,0.73
9995,replay,4000,0.1137,1.000,0.0561,0.73
9996,replay,4000,0.1052,1.000,0.0561,0.73
9997,replay,4000,0.1011,1.000,0.0561,0.73
9998,es_step,4000,0.0304,0.875,0.0561,3.03
9999,replay,4000,0.0890,1.000,0.0561,0.73
10000,replay,4000,0.0735,1.000,0.0560,0.75
10001,es_step,4000,0.0308,0.844,0.0560,3.10
10002,replay,4000,0.0550,1.000,0.0560,0.74
10003,replay,4000,0.0312,1.000,0.0558,0.74
10004,replay,4000,0.0683,1.000,0.0557,0.74
10005,replay,4000,0.0712,1.000,0.0556,0.74
10006,replay,4000,0.0723,1.000,0.0556,0.74
10007,replay,4000,0.0622,1.000,0.0556,0.73
10008,es_step,4000,0.0326,0.938,0.0556,3.07
10009,es_step,4000,0.0292,0.875,0.0556,3.03
10010,replay,4000,0.0677,1.000,0.0556,0.72
10011,replay,4000,0.0643,1.000,0.0556,0.72
10012,replay,4000,0.0663,1.000,0.0556,0.72
10013,replay,4000,0.0841,1.000,0.0556,0.72
10014,replay,4000,0.0719,1.000,0.0554,0.73
10015,replay,4000,0.0642,1.000,0.0554,0.73
10016,replay,4000,0.0578,1.000,0.0553,0.73
10017,es_step,4000,0.0258,0.875,0.0553,3.04
10018,replay,4000,0.0599,1.000,0.0553,0.72
10019,replay,4000,0.0654,1.000,0.0552,0.72
10020,replay,4000,0.0616,1.000,0.0552,0.73
10021,replay,4000,0.0588,1.000,0.0552,0.73
10022,replay,4000,0.0778,1.000,0.0553,0.74
10023,replay,4000,0.0774,1.000,0.0553,0.73
10024,replay,4000,0.0871,1.000,0.0553,0.73
10025,replay,4000,0.0550,1.000,0.0552,0.74
10026,replay,4000,0.0498,1.000,0.0551,0.74
10027,replay,4000,0.0410,1.000,0.0551,0.75
10028,replay,4000,0.0470,1.000,0.0550,0.75
10029,replay,4000,0.1090,1.000,0.0551,0.74
10030,replay,4000,0.1138,1.000,0.0552,0.75
10031,replay,4000,0.0877,1.000,0.0553,0.74
10032,replay,4000,0.0942,1.000,0.0553,0.74
10033,replay,4000,0.1060,1.000,0.0554,0.75
10034,replay,4000,0.1174,1.000,0.0555,0.74
10035,replay,4000,0.1314,1.000,0.0556,0.74
10036,replay,4000,0.1091,1.000,0.0557,0.74
10037,replay,4000,0.1015,1.000,0.0558,0.74
10038,replay,4000,0.0878,1.000,0.0558,0.74
10039,es_step,4000,0.0355,0.781,0.0558,3.13
10040,replay,4000,0.0665,1.000,0.0558,0.74
10041,replay,4000,0.0542,1.000,0.0557,0.74
10042,replay,4000,0.0606,1.000,0.0557,0.74
10043,replay,4000,0.0405,1.000,0.0556,0.74
10044,replay,4000,0.0646,1.000,0.0555,0.74
10045,replay,4000,0.0593,1.000,0.0555,0.75
10046,replay,4000,0.0587,1.000,0.0555,0.74
10047,replay,4000,0.0564,1.000,0.0554,0.74
10048,replay,4000,0.0657,1.000,0.0554,0.75
10049,es_step,4000,0.0268,0.688,0.0554,3.16
10050,replay,4000,0.0799,1.000,0.0553,0.74
10051,replay,4000,0.0785,1.000,0.0553,0.75
10052,replay,4000,0.0775,1.000,0.0553,0.74
10053,replay,4000,0.0819,1.000,0.0554,0.74
10054,replay,4000,0.1265,1.000,0.0554,0.74
10055,es_step,4000,0.0614,0.906,0.0554,3.19
10056,replay,4000,0.1134,1.000,0.0555,0.76
10057,replay,4000,0.1126,1.000,0.0555,0.75
10058,replay,4000,0.0661,1.000,0.0555,0.75
10059,replay,4000,0.0690,1.000,0.0555,0.75
10060,replay,4000,0.0910,1.000,0.0556,0.76
10061,replay,4000,0.0994,1.000,0.0557,0.75
10062,replay,4000,0.1287,1.000,0.0558,0.76
10063,es_step,4000,0.0653,0.812,0.0560,3.22
10064,replay,4000,0.1584,1.000,0.0561,0.75
10065,replay,4000,0.1455,1.000,0.0562,0.75
10066,es_step,4000,0.0654,0.844,0.0562,3.20
10067,replay,4000,0.0544,1.000,0.0562,0.75
10068,replay,4000,0.1329,1.000,0.0562,0.75
10069,replay,4000,-0.0300,1.000,0.0562,0.75
10070,es_step,4000,0.0658,0.812,0.0564,3.17
10071,replay,4000,0.1261,1.000,0.0566,0.74
10072,replay,4000,0.1269,1.000,0.0567,0.75
10073,replay,4000,0.1529,1.000,0.0568,0.75
10074,replay,4000,0.1266,1.000,0.0569,0.75
10075,replay,4000,0.1148,1.000,0.0570,0.75
10076,replay,4000,0.1039,1.000,0.0570,0.75
10077,replay,4000,0.0722,1.000,0.0570,0.75
10078,replay,4000,0.0878,1.000,0.0570,0.74
10079,replay,4000,0.0751,1.000,0.0571,0.75
10080,replay,4000,0.0738,1.000,0.0571,0.75
10081,replay,4000,0.0638,1.000,0.0570,3.31
10082,replay,4000,0.0592,1.000,0.0570,0.76
10083,replay,4000,0.0468,1.000,0.0568,0.75
10084,replay,4000,0.0327,1.000,0.0568,0.75
10085,replay,4000,0.0339,1.000,0.0566,0.75
10086,replay,4000,0.0484,1.000,0.0565,0.75
10087,replay,4000,-0.0252,1.000,0.0564,0.75
10088,replay,4000,0.0720,1.000,0.0564,0.76
10089,es_step,4000,0.0446,0.875,0.0564,3.16
10090,replay,4000,0.0934,1.000,0.0564,0.74
10091,replay,4000,0.1311,1.000,0.0565,0.74
10092,replay,4000,0.1182,1.000,0.0565,0.73
10093,replay,4000,0.1309,1.000,0.0566,0.74
10094,replay,4000,0.1186,1.000,0.0566,0.74
10095,replay,4000,0.1042,1.000,0.0567,0.74
10096,replay,4000,0.0848,1.000,0.0567,0.74
10097,replay,4000,0.0717,1.000,0.0567,0.74
10098,es_step,4000,0.0235,0.812,0.0567,3.17
10099,replay,4000,0.0611,1.000,0.0566,0.75
10100,replay,4000,0.0484,1.000,0.0565,0.75
10101,replay,4000,0.1000,1.000,0.0565,0.76
10102,replay,4000,0.0692,1.000,0.0565,0.75
10103,replay,4000,0.0652,1.000,0.0564,0.75
10104,replay,4000,0.1034,1.000,0.0564,0.76
10105,es_step,4000,0.0354,0.844,0.0564,3.15
10106,es_step,4000,0.0419,0.875,0.0564,3.12
10107,es_step,4000,0.0375,0.938,0.0564,3.12
10108,replay,4000,0.0949,1.000,0.0564,0.73
10109,es_step,4000,0.0289,0.875,0.0564,3.12
10110,replay,4000,0.0725,1.000,0.0564,0.73
10111,replay,4000,0.0665,1.000,0.0563,0.73
10112,replay,4000,0.0638,1.000,0.0563,0.73
10113,replay,4000,0.0476,1.000,0.0563,0.73
10114,replay,4000,-0.0164,1.000,0.0563,0.73
10115,replay,4000,0.1024,1.000,0.0564,0.73
10116,replay,4000,0.0971,1.000,0.0565,0.73
10117,es_step,4000,0.0687,0.844,0.0565,3.10
10118,replay,4000,0.1190,1.000,0.0566,0.73
10119,replay,4000,0.1147,1.000,0.0566,0.74
10120,replay,4000,0.0966,1.000,0.0566,0.74
10121,replay,4000,0.0634,1.000,0.0565,0.74
10122,replay,4000,0.1089,1.000,0.0567,0.74
10123,es_step,4000,0.0290,0.812,0.0567,3.10
10124,replay,4000,0.1138,1.000,0.0566,0.74
10125,replay,4000,0.1273,1.000,0.0566,0.73
10126,replay,4000,-0.0022,1.000,0.0565,0.73
10127,es_step,4000,0.0458,0.938,0.0566,3.11
10128,replay,4000,0.0964,1.000,0.0566,0.73
10129,replay,4000,0.0884,1.000,0.0565,0.73
10130,replay,4000,0.0987,1.000,0.0566,0.73
10131,es_step,4000,0.0635,0.875,0.0566,3.07
10132,replay,4000,0.1049,1.000,0.0567,0.73
10133,replay,4000,0.0891,1.000,0.0568,0.73
10134,replay,4000,0.0832,1.000,0.0568,0.73
10135,replay,4000,0.1111,1.000,0.0568,0.73
10136,replay,4000,0.1060,1.000,0.0569,0.73
10137,es_step,4000,0.0692,0.844,0.0569,3.07
10138,replay,4000,0.1086,1.000,0.0570,0.73
10139,replay,4000,0.1077,1.000,0.0570,0.73
10140,replay,4000,0.0818,1.000,0.0570,0.73
10141,replay,4000,0.0685,1.000,0.0570,0.73
10142,replay,4000,0.0604,1.000,0.0569,0.73
10143,replay,4000,0.0807,1.000,0.0569,0.73
10144,replay,4000,0.0604,1.000,0.0569,0.73
10145,replay,4000,0.0709,1.000,0.0569,0.73
10146,replay,4000,0.0494,1.000,0.0568,0.73
10147,replay,4000,0.0493,1.000,0.0568,0.74
10148,replay,4000,0.0247,1.000,0.0567,0.74
10149,replay,4000,0.0639,1.000,0.0566,0.74
10150,replay,4000,0.0773,1.000,0.0566,0.74
10151,replay,4000,0.0737,1.000,0.0566,0.74
10152,replay,4000,0.0559,1.000,0.0565,0.74
10153,replay,4000,0.0875,1.000,0.0564,0.75
10154,replay,4000,0.0938,1.000,0.0564,0.75
10155,replay,4000,0.0908,1.000,0.0565,0.75
10156,replay,4000,0.1145,1.000,0.0566,0.75
10157,replay,4000,0.1054,1.000,0.0567,0.76
10158,replay,4000,0.1141,1.000,0.0567,0.75
10159,replay,4000,0.0867,1.000,0.0567,0.76
10160,replay,4000,0.0628,1.000,0.0566,0.75
10161,replay,4000,0.0721,1.000,0.0566,0.77
10162,replay,4000,0.0655,1.000,0.0566,0.76
10163,replay,4000,0.0540,1.000,0.0565,0.77
10164,replay,4000,0.0511,1.000,0.0564,0.76
10165,replay,4000,0.0529,1.000,0.0564,0.76
10166,replay,4000,0.0570,1.000,0.0563,0.76
10167,replay,4000,0.0593,1.000,0.0562,0.76
10168,replay,4000,0.0671,1.000,0.0561,0.76
10169,replay,4000,0.0657,1.000,0.0561,0.76
10170,replay,4000,0.0708,1.000,0.0561,0.77
10171,replay,4000,0.0833,1.000,0.0560,0.76
10172,replay,4000,0.0614,1.000,0.0560,0.76
10173,replay,4000,0.1027,1.000,0.0561,0.76
10174,es_step,4000,0.0507,0.938,0.0561,3.27
10175,es_step,4000,0.0559,0.938,0.0561,3.24
10176,replay,4000,0.1128,1.000,0.0562,0.75
10177,replay,4000,0.0603,1.000,0.0563,0.75
10178,replay,4000,0.1394,1.000,0.0564,0.76
10179,replay,4000,0.1285,1.000,0.0565,0.76
10180,replay,4000,0.1355,1.000,0.0565,0.76
10181,replay,4000,0.1217,1.000,0.0566,0.76
10182,es_step,4000,0.0678,0.688,0.0566,3.23
10183,replay,4000,0.1179,1.000,0.0567,0.75
10184,replay,4000,0.0936,1.000,0.0568,0.76
10185,es_step,4000,0.0354,0.875,0.0568,3.17
10186,replay,4000,0.0741,1.000,0.0567,0.75
10187,replay,4000,0.0708,1.000,0.0566,0.76
10188,replay,4000,0.0621,1.000,0.0567,0.75
10189,replay,4000,0.0496,1.000,0.0566,0.75
10190,replay,4000,0.0460,1.000,0.0565,0.76
10191,replay,4000,0.0706,1.000,0.0565,0.76
10192,replay,4000,0.0765,1.000,0.0564,0.76
10193,es_step,4000,0.0398,0.875,0.0564,3.20
10194,replay,4000,0.0503,1.000,0.0563,0.74
10195,replay,4000,0.0767,1.000,0.0563,0.75
10196,replay,4000,0.0716,1.000,0.0562,0.75
10197,replay,4000,0.0923,1.000,0.0563,0.74
10198,replay,4000,0.0931,1.000,0.0562,0.74
10199,replay,4000,0.0707,1.000,0.0563,0.75
10200,replay,4000,0.0562,1.000,0.0563,0.75
10201,replay,4000,0.0579,1.000,0.0563,0.74
10202,replay,4000,0.0687,1.000,0.0562,0.74
10203,es_step,4000,0.0363,0.812,0.0562,3.18
10204,replay,4000,0.0771,1.000,0.0562,0.74
10205,replay,4000,0.1132,1.000,0.0564,0.75
10206,replay,4000,0.0776,1.000,0.0565,0.74
10207,replay,4000,0.1027,1.000,0.0566,0.75
10208,replay,4000,0.1117,1.000,0.0567,0.74
10209,replay,4000,0.1246,1.000,0.0568,0.74
10210,es_step,4000,0.0700,0.781,0.0569,3.15
10211,replay,4000,0.1069,1.000,0.0570,0.73
10212,es_step,4000,0.0578,0.875,0.0570,3.13
10213,replay,4000,0.1245,1.000,0.0570,0.74
10214,es_step,4000,0.0580,0.969,0.0570,3.14
10215,replay,4000,0.1041,1.000,0.0571,0.74
10216,replay,4000,0.0961,1.000,0.0571,0.74
10217,replay,4000,0.0841,1.000,0.0570,0.75
10218,replay,4000,0.0695,1.000,0.0570,0.74
10219,replay,4000,0.0686,1.000,0.0569,0.74
10220,replay,4000,0.0844,1.000,0.0569,0.75
10221,replay,4000,0.0806,1.000,0.0568,0.75
10222,replay,4000,0.0509,1.000,0.0568,0.75
10223,replay,4000,0.0547,1.000,0.0567,0.75
10224,replay,4000,0.0722,1.000,0.0567,0.75
10225,replay,4000,0.0824,1.000,0.0567,0.75
10226,replay,4000,0.0689,1.000,0.0567,0.76
10227,replay,4000,0.0750,1.000,0.0566,0.76
10228,replay,4000,0.0691,1.000,0.0566,0.76
10229,replay,4000,0.0853,1.000,0.0566,0.76
10230,es_step,4000,0.0282,0.938,0.0566,3.19
10231,replay,4000,0.0731,1.000,0.0566,0.75
10232,replay,4000,0.0694,1.000,0.0565,0.75
10233,replay,4000,0.0447,1.000,0.0565,0.75
10234,replay,4000,0.0902,1.000,0.0565,0.75
10235,replay,4000,0.0687,1.000,0.0564,0.75
10236,replay,4000,0.0668,1.000,0.0564,0.75
10237,replay,4000,0.0851,1.000,0.0563,0.74
10238,replay,4000,0.0577,1.000,0.0562,0.75
10239,replay,4000,0.0683,1.000,0.0561,0.74
10240,replay,4000,0.0485,1.000,0.0560,0.75
10241,replay,4000,0.0569,1.000,0.0560,0.75
10242,replay,4000,0.0660,1.000,0.0559,0.75
10243,replay,4000,0.0748,1.000,0.0560,0.75
10244,replay,4000,0.0854,1.000,0.0560,0.75
10245,replay,4000,0.0698,1.000,0.0559,0.76
10246,replay,4000,0.0416,1.000,0.0559,0.76
10247,replay,4000,0.0495,1.000,0.0559,0.75
10248,replay,4000,0.0413,1.000,0.0558,0.76
10249,es_step,4000,0.0274,0.969,0.0558,3.20
10250,replay,4000,0.0501,1.000,0.0556,0.75
10251,replay,4000,0.0785,1.000,0.0556,0.75
10252,replay,4000,0.0725,1.000,0.0555,0.75
10253,es_step,4000,0.0448,0.875,0.0556,3.19
10254,replay,4000,0.0678,1.000,0.0555,0.74
10255,replay,4000,0.1033,1.000,0.0556,0.74
10256,replay,4000,0.0945,1.000,0.0556,0.75
10257,replay,4000,0.0949,1.000,0.0557,0.74
10258,es_step,4000,0.0476,0.875,0.0557,3.16
10259,replay,4000,0.1082,1.000,0.0557,0.73
10260,replay,4000,0.0780,1.000,0.0556,0.74
10261,replay,4000,0.0933,1.000,0.0556,0.75
10262,replay,4000,0.0847,1.000,0.0556,0.75
10263,replay,4000,0.0750,1.000,0.0555,0.74
10264,replay,4000,0.0918,1.000,0.0556,0.75
10265,es_step,4000,0.0585,0.750,0.0556,3.16
10266,replay,4000,0.1144,1.000,0.0556,0.74
10267,replay,4000,0.1264,1.000,0.0557,0.74
10268,es_step,4000,0.0503,0.844,0.0557,3.17
10269,es_step,4000,0.0629,0.969,0.0557,3.15
10270,replay,4000,0.1134,1.000,0.0558,0.74
10271,replay,4000,0.1202,1.000,0.0558,0.74
10272,replay,4000,0.1133,1.000,0.0560,0.74
10273,es_step,4000,0.0620,0.969,0.0560,3.12
10274,replay,4000,0.0826,1.000,0.0559,0.74
10275,es_step,4000,0.0485,0.938,0.0560,3.11
10276,replay,4000,0.0906,1.000,0.0559,0.73
10277,es_step,4000,0.0526,0.938,0.0559,3.10
10278,replay,4000,0.0977,1.000,0.0559,0.73
10279,es_step,4000,0.0288,0.812,0.0559,3.09
10280,replay,4000,0.0758,1.000,0.0559,0.74
10281,replay,4000,0.0669,1.000,0.0560,0.73
10282,replay,4000,0.0762,1.000,0.0559,0.74
10283,es_step,4000,0.0281,0.844,0.0559,3.12
10284,replay,4000,0.0593,1.000,0.0559,0.73
10285,replay,4000,0.0602,1.000,0.0558,0.73
10286,es_step,4000,0.0182,0.969,0.0558,3.08
10287,replay,4000,0.0354,1.000,0.0557,0.74
10288,es_step,4000,0.0185,0.875,0.0557,3.05
10289,replay,4000,0.0445,1.000,0.0557,0.73
10290,replay,4000,0.0123,1.000,0.0555,0.73
10291,es_step,4000,0.0116,0.906,0.0555,3.04
10292,replay,4000,0.0414,1.000,0.0554,0.73
10293,replay,4000,0.0482,1.000,0.0553,0.73
10294,replay,4000,0.0454,1.000,0.0552,0.73
10295,es_step,4000,0.0268,0.969,0.0552,3.06
10296,replay,4000,0.0604,1.000,0.0551,0.72
10297,es_step,4000,0.0212,1.000,0.0551,3.03
10298,replay,4000,0.0684,1.000,0.0550,0.73
10299,replay,4000,0.0875,1.000,0.0550,0.72
10300,es_step,4000,0.0351,0.875,0.0550,3.03
10301,replay,4000,0.0322,1.000,0.0548,0.73
10302,replay,4000,0.0882,1.000,0.0548,0.73
10303,replay,4000,0.0573,1.000,0.0547,0.73
10304,es_step,4000,0.0561,0.906,0.0547,3.02
10305,replay,4000,0.1109,1.000,0.0549,0.72
10306,replay,4000,0.1077,1.000,0.0550,0.72
10307,replay,4000,-0.0506,1.000,0.0548,0.72
10308,replay,4000,0.1302,1.000,0.0549,0.71
10309,replay,4000,0.1438,1.000,0.0551,0.72
10310,replay,4000,0.1683,1.000,0.0553,0.72
10311,es_step,4000,0.0605,0.969,0.0558,2.98
10312,replay,4000,0.1782,1.000,0.0559,0.71
10313,replay,4000,0.1353,1.000,0.0561,0.71
10314,replay,4000,0.1417,1.000,0.0562,0.72
10315,replay,4000,0.1270,1.000,0.0563,0.72
10316,replay,4000,0.1180,1.000,0.0564,0.72
10317,replay,4000,0.1239,1.000,0.0564,0.72
10318,replay,4000,0.1017,1.000,0.0564,0.72
10319,replay,4000,0.0653,1.000,0.0564,0.71
10320,replay,4000,0.0145,1.000,0.0564,0.71
10321,replay,4000,0.1220,1.000,0.0564,0.71
10322,replay,4000,0.1207,1.000,0.0565,0.71
10323,replay,4000,0.0863,1.000,0.0565,0.72
10324,replay,4000,0.0750,1.000,0.0564,0.72
10325,replay,4000,0.0726,1.000,0.0564,0.72
10326,replay,4000,0.0639,1.000,0.0564,0.73
10327,replay,4000,0.0674,1.000,0.0563,0.73
10328,replay,4000,0.0683,1.000,0.0563,0.73
10329,replay,4000,0.0720,1.000,0.0562,0.73
10330,es_step,4000,0.0161,0.906,0.0562,3.05
10331,replay,4000,0.0471,1.000,0.0562,0.72
10332,replay,4000,0.0558,1.000,0.0561,0.72
10333,replay,4000,0.0470,1.000,0.0559,0.75
10334,replay,4000,0.0253,1.000,0.0557,0.75
10335,replay,4000,0.0479,1.000,0.0558,0.75
10336,replay,4000,0.0773,1.000,0.0558,0.75
10337,replay,4000,0.0653,1.000,0.0558,0.75
10338,es_step,4000,0.0353,0.906,0.0558,3.10
10339,replay,4000,0.0456,1.000,0.0558,0.73
10340,es_step,4000,0.0349,0.875,0.0558,3.03
10341,replay,4000,0.0538,1.000,0.0558,0.72
10342,replay,4000,0.1074,1.000,0.0558,0.73
10343,replay,4000,0.1215,1.000,0.0559,0.74
10344,replay,4000,0.1368,1.000,0.0559,0.73
10345,replay,4000,0.1552,1.000,0.0561,0.74
10346,replay,4000,0.1032,1.000,0.0561,3.17
10347,es_step,4000,0.0693,0.969,0.0562,3.14
10348,replay,4000,0.1004,1.000,0.0561,0.73
10349,replay,4000,0.1158,1.000,0.0561,0.73
10350,replay,4000,0.0989,1.000,0.0562,0.73
10351,replay,4000,0.1115,1.000,0.0563,0.74
10352,replay,4000,0.1015,1.000,0.0563,0.74
10353,replay,4000,0.1141,1.000,0.0563,0.74
10354,es_step,4000,0.0447,0.875,0.0563,3.11
10355,replay,4000,0.0883,1.000,0.0563,0.73
10356,replay,4000,0.0689,1.000,0.0563,0.73
10357,replay,4000,0.0508,1.000,0.0563,0.73
10358,replay,4000,0.0706,1.000,0.0562,0.73
10359,es_step,4000,0.0313,0.969,0.0562,3.07
10360,replay,4000,0.0562,1.000,0.0561,0.72
10361,es_step,4000,0.0344,0.875,0.0561,3.05
10362,es_step,4000,0.0331,0.875,0.0561,3.03
10363,es_step,4000,0.0249,0.906,0.0561,2.99
10364,replay,4000,0.0538,1.000,0.0561,0.71
10365,replay,4000,0.0546,1.000,0.0559,0.73
10366,es_step,4000,0.0247,0.969,0.0559,3.07
10367,replay,4000,0.0749,1.000,0.0558,0.74
10368,es_step,4000,0.0181,0.844,0.0558,3.04
10369,replay,4000,0.0639,1.000,0.0557,0.72
10370,replay,4000,0.0516,1.000,0.0557,0.72
10371,replay,4000,0.0725,1.000,0.0557,0.72
10372,replay,4000,0.0698,1.000,0.0556,0.72
10373,replay,4000,0.0713,1.000,0.0556,0.73
10374,es_step,4000,0.0355,0.844,0.0556,3.06
10375,replay,4000,0.0534,1.000,0.0555,0.73
10376,replay,4000,0.0394,1.000,0.0555,0.74
10377,replay,4000,0.0380,1.000,0.0554,0.73
10378,replay,4000,0.0822,1.000,0.0553,0.74
10379,es_step,4000,0.0354,0.844,0.0553,3.09
10380,replay,4000,0.0813,1.000,0.0554,0.73
10381,es_step,4000,0.0511,0.906,0.0554,3.04
10382,es_step,4000,0.0511,1.000,0.0554,3.04
10383,replay,4000,0.0918,1.000,0.0555,0.72
10384,replay,4000,0.1124,1.000,0.0555,0.72
10385,es_step,4000,0.0529,0.844,0.0555,3.00
10386,replay,4000,0.1136,1.000,0.0556,0.71
10387,replay,4000,0.0617,1.000,0.0556,0.71
10388,replay,4000,0.1009,1.000,0.0556,0.72
10389,replay,4000,0.1218,1.000,0.0558,0.71
10390,replay,4000,0.1004,1.000,0.0558,0.72
10391,replay,4000,0.0755,1.000,0.0559,0.72
10392,replay,4000,0.0852,1.000,0.0559,0.72
10393,replay,4000,0.0688,1.000,0.0558,0.72
10394,replay,4000,0.0686,1.000,0.0558,0.72
10395,es_step,4000,0.0177,0.906,0.0558,2.98
10396,replay,4000,0.0539,1.000,0.0557,0.71
10397,replay,4000,0.0592,1.000,0.0557,0.71
10398,replay,4000,0.0795,1.000,0.0556,0.72
10399,replay,4000,0.0896,1.000,0.0557,0.72
10400,replay,4000,0.1031,1.000,0.0557,0.73
10401,replay,4000,0.0983,1.000,0.0557,0.73
10402,replay,4000,0.0885,1.000,0.0557,0.74
10403,replay,4000,0.0369,1.000,0.0555,0.74
10404,replay,4000,0.0445,1.000,0.0554,0.75
10405,replay,4000,0.0223,1.000,0.0553,0.74
10406,es_step,4000,0.0220,0.844,0.0554,3.12
10407,es_step,4000,0.0138,0.844,0.0554,3.10
10408,replay,4000,0.0516,1.000,0.0552,0.73
10409,replay,4000,0.0645,1.000,0.0552,0.74
10410,replay,4000,0.0647,1.000,0.0551,0.74
10411,replay,4000,0.0593,1.000,0.0551,0.74
10412,replay,4000,0.0572,1.000,0.0549,0.74
10413,replay,4000,0.0604,1.000,0.0549,0.75
10414,replay,4000,0.0609,1.000,0.0549,0.75
10415,es_step,4000,0.0288,0.812,0.0549,3.13
10416,es_step,4000,0.0266,0.875,0.0549,3.11
10417,replay,4000,0.0521,1.000,0.0548,0.74
10418,replay,4000,0.0674,1.000,0.0548,0.74
10419,replay,4000,0.0622,1.000,0.0547,0.74
10420,replay,4000,0.0573,1.000,0.0547,0.74
10421,replay,4000,0.0777,1.000,0.0547,0.75
10422,replay,4000,0.0619,1.000,0.0548,0.75
10423,replay,4000,-0.1928,1.000,0.0547,0.74
10424,replay,4000,0.1081,1.000,0.0547,0.75
10425,replay,4000,0.0907,1.000,0.0547,0.76
10426,replay,4000,0.1070,1.000,0.0547,0.74
10427,replay,4000,0.1074,1.000,0.0547,0.74
10428,replay,4000,0.0667,1.000,0.0548,0.74
10429,replay,4000,0.0861,1.000,0.0548,0.75
10430,replay,4000,0.1025,1.000,0.0548,0.75
10431,replay,4000,0.0932,1.000,0.0548,0.75
10432,replay,4000,0.1199,1.000,0.0548,0.75
10433,replay,4000,0.1000,1.000,0.0548,0.74
10434,replay,4000,0.1454,1.000,0.0551,0.74
10435,replay,4000,0.1084,1.000,0.0550,0.74
10436,replay,4000,0.1341,1.000,0.0552,0.74
10437,replay,4000,0.1178,1.000,0.0550,0.75
10438,replay,4000,0.1239,1.000,0.0551,0.74
10439,replay,4000,0.1336,1.000,0.0553,0.75
10440,replay,4000,0.1122,1.000,0.0554,0.74
10441,es_step,4000,0.0747,0.875,0.0557,3.12
10442,es_step,4000,0.0653,0.812,0.0559,3.07
10443,replay,4000,0.1327,1.000,0.0560,0.73
10444,replay,4000,0.1432,1.000,0.0560,0.73
10445,es_step,4000,0.0772,0.844,0.0560,3.10
10446,es_step,4000,0.0660,0.906,0.0561,3.09
10447,replay,4000,0.1172,1.000,0.0561,0.73
10448,es_step,4000,0.0638,0.812,0.0561,3.10
10449,replay,4000,0.0839,1.000,0.0562,0.74
10450,replay,4000,0.0740,1.000,0.0562,0.74
10451,es_step,4000,0.0382,0.875,0.0562,3.07
10452,replay,4000,0.0851,1.000,0.0562,0.72
10453,replay,4000,0.0725,1.000,0.0561,0.73
10454,es_step,4000,0.0245,0.844,0.0561,3.04
10455,replay,4000,0.0628,1.000,0.0560,0.72
10456,replay,4000,0.0543,1.000,0.0560,0.72
10457,replay,4000,-0.0397,1.000,0.0557,0.73
10458,replay,4000,0.0535,1.000,0.0557,0.73
10459,replay,4000,0.0786,1.000,0.0557,0.74
10460,replay,4000,0.0578,1.000,0.0557,0.76
10461,replay,4000,0.0746,1.000,0.0557,0.75
10462,replay,4000,0.0936,1.000,0.0556,0.74
10463,replay,4000,0.0657,1.000,0.0556,0.75
10464,replay,4000,0.0512,1.000,0.0555,0.75
10465,replay,4000,0.0671,1.000,0.0555,0.76
10466,replay,4000,0.0620,1.000,0.0555,0.77
10467,es_step,4000,0.0287,0.938,0.0555,3.17
10468,replay,4000,0.0760,1.000,0.0554,0.75
10469,replay,4000,-0.0350,1.000,0.0553,0.76
10470,replay,4000,0.0796,1.000,0.0553,0.77
10471,replay,4000,0.0814,1.000,0.0555,0.76
10472,replay,4000,0.0828,1.000,0.0555,0.76
10473,replay,4000,0.1619,1.000,0.0556,0.76
10474,replay,4000,0.1565,1.000,0.0557,0.76
10475,replay,4000,0.1998,1.000,0.0558,0.76
10476,replay,4000,0.1842,1.000,0.0559,0.76
10477,replay,4000,0.1766,1.000,0.0559,0.76
10478,replay,4000,0.1298,1.000,0.0561,0.76
10479,es_step,4000,0.0827,0.812,0.0563,3.19
10480,replay,4000,0.1363,1.000,0.0565,0.76
10481,replay,4000,0.1173,1.000,0.0566,0.77
10482,es_step,4000,0.0864,0.938,0.0567,3.22
10483,replay,4000,0.1422,1.000,0.0568,0.76
10484,replay,4000,0.1171,1.000,0.0569,0.77
10485,replay,4000,0.1099,1.000,0.0571,0.76
10486,replay,4000,0.1032,1.000,0.0572,0.76
10487,replay,4000,0.0434,1.000,0.0569,0.77
10488,replay,4000,0.0721,1.000,0.0568,0.76
10489,replay,4000,0.0574,1.000,0.0568,0.76
10490,replay,4000,0.0592,1.000,0.0567,0.76
10491,replay,4000,0.0584,1.000,0.0566,0.76
10492,es_step,4000,0.0121,0.906,0.0566,3.20
10493,replay,4000,0.0538,1.000,0.0565,0.75
10494,es_step,4000,0.0218,0.844,0.0565,3.11
10495,replay,4000,0.0534,1.000,0.0564,0.73
10496,replay,4000,0.0519,1.000,0.0563,0.74
10497,replay,4000,0.0251,1.000,0.0561,0.75
10498,replay,4000,0.0466,1.000,0.0560,0.75
10499,es_step,4000,0.0140,0.938,0.0560,3.14
10500,replay,4000,0.0509,1.000,0.0559,0.74
10501,replay,4000,0.0583,1.000,0.0559,0.75
10502,replay,4000,0.0774,1.000,0.0558,0.75
10503,es_step,4000,0.0283,0.906,0.0559,3.10
10504,replay,4000,0.0725,1.000,0.0558,0.73
10505,replay,4000,0.0593,1.000,0.0558,0.73
10506,es_step,4000,0.0287,0.875,0.0558,3.07
10507,replay,4000,0.0637,1.000,0.0557,0.72
10508,replay,4000,0.0594,1.000,0.0557,0.73
10509,replay,4000,0.0414,1.000,0.0556,0.73
10510,es_step,4000,0.0284,0.969,0.0556,3.06
10511,replay,4000,0.0984,1.000,0.0555,0.73
10512,replay,4000,0.0551,1.000,0.0554,0.73
10513,replay,4000,0.0725,1.000,0.0554,0.73
10514,es_step,4000,0.0356,0.906,0.0554,3.05
10515,replay,4000,0.0694,1.000,0.0554,0.72
10516,replay,4000,0.0828,1.000,0.0554,0.72
10517,replay,4000,0.0621,1.000,0.0553,0.72
10518,replay,4000,0.0701,1.000,0.0553,0.73
10519,replay,4000,0.0935,1.000,0.0553,0.74
10520,replay,4000,0.0713,1.000,0.0553,0.74
10521,replay,4000,0.0780,1.000,0.0553,0.74
10522,replay,4000,0.0774,1.000,0.0553,0.74
10523,replay,4000,0.0731,1.000,0.0552,0.74
10524,replay,4000,0.0696,1.000,0.0552,0.74
10525,replay,4000,0.0680,1.000,0.0552,0.74
10526,replay,4000,0.0814,1.000,0.0552,0.74
10527,replay,4000,0.0798,1.000,0.0552,0.75
10528,replay,4000,0.0643,1.000,0.0551,0.75
10529,es_step,4000,0.0313,0.812,0.0551,3.13
10530,replay,4000,0.0750,1.000,0.0552,0.73
10531,replay,4000,0.0721,1.000,0.0551,0.75
10532,replay,4000,0.0917,1.000,0.0551,0.74
10533,replay,4000,0.0787,1.000,0.0551,0.74
10534,replay,4000,0.0619,1.000,0.0552,0.75
10535,replay,4000,0.0178,1.000,0.0551,0.75
10536,replay,4000,0.0785,1.000,0.0551,0.75
10537,replay,4000,0.0863,1.000,0.0553,0.74
10538,replay,4000,-0.1181,1.000,0.0553,0.75
10539,replay,4000,0.1331,1.000,0.0553,0.75
10540,replay,4000,0.1391,1.000,0.0555,0.75
10541,es_step,4000,0.0803,0.844,0.0556,3.15
10542,replay,4000,0.1489,1.000,0.0558,0.75
10543,replay,4000,0.1167,1.000,0.0559,0.74
10544,es_step,4000,0.0592,0.906,0.0560,3.16
10545,replay,4000,0.1024,1.000,0.0560,0.74
10546,replay,4000,0.1163,1.000,0.0561,0.74
10547,es_step,4000,0.0655,0.938,0.0561,3.12
10548,es_step,4000,0.0583,0.875,0.0561,3.10
10549,replay,4000,0.1266,1.000,0.0562,0.73
10550,replay,4000,0.1071,1.000,0.0562,0.73
10551,replay,4000,0.1201,1.000,0.0563,0.73
10552,replay,4000,0.0784,1.000,0.0563,0.73
10553,replay,4000,0.1107,1.000,0.0563,0.73
10554,replay,4000,0.1080,1.000,0.0564,0.73
10555,es_step,4000,0.0512,0.844,0.0564,3.09
10556,replay,4000,0.0931,1.000,0.0564,0.73
10557,replay,4000,0.0852,1.000,0.0564,0.80
10558,replay,4000,0.0820,1.000,0.0565,0.73
10559,replay,4000,0.0924,1.000,0.0565,0.73
10560,replay,4000,0.0653,1.000,0.0566,0.73
10561,replay,4000,0.0726,1.000,0.0566,0.73
10562,replay,4000,0.0706,1.000,0.0566,0.73
10563,es_step,4000,0.0330,0.875,0.0567,3.08
10564,replay,4000,0.0894,1.000,0.0566,0.73
10565,replay,4000,0.0794,1.000,0.0566,0.73
10566,replay,4000,0.0965,1.000,0.0566,0.74
10567,replay,4000,0.0727,1.000,0.0566,0.74
10568,es_step,4000,0.0346,0.844,0.0566,3.10
10569,replay,4000,0.0824,1.000,0.0566,0.74
10570,replay,4000,0.0896,1.000,0.0566,0.74
10571,replay,4000,0.0565,1.000,0.0566,0.74
10572,replay,4000,0.0837,1.000,0.0566,0.74
10573,replay,4000,0.0723,1.000,0.0567,0.73
10574,replay,4000,0.0723,1.000,0.0567,0.73
10575,replay,4000,-0.0381,1.000,0.0566,0.73
10576,replay,4000,0.0811,1.000,0.0566,0.73
10577,replay,4000,0.0905,1.000,0.0566,0.74
10578,replay,4000,0.0997,1.000,0.0567,0.74
10579,es_step,4000,0.0569,0.812,0.0567,3.13
10580,replay,4000,0.0908,1.000,0.0567,0.74
10581,replay,4000,0.0819,1.000,0.0567,0.74
10582,replay,4000,0.0969,1.000,0.0567,0.73
10583,replay,4000,0.1093,1.000,0.0567,0.73
10584,replay,4000,0.1004,1.000,0.0567,0.74
10585,replay,4000,0.0908,1.000,0.0568,0.74
10586,es_step,4000,0.0560,0.844,0.0568,3.12
10587,replay,4000,0.0878,1.000,0.0568,0.73
10588,replay,4000,0.1084,1.000,0.0568,0.73
10589,replay,4000,0.0787,1.000,0.0569,0.73
10590,replay,4000,0.0595,1.000,0.0568,0.73
10591,replay,4000,0.0641,1.000,0.0568,0.74
10592,replay,4000,0.0590,1.000,0.0568,0.74
10593,replay,4000,0.0689,1.000,0.0567,0.74
10594,replay,4000,0.0271,1.000,0.0566,0.74
10595,es_step,4000,0.0216,0.969,0.0568,3.11
10596,replay,4000,0.0746,1.000,0.0567,0.73
10597,replay,4000,0.0276,1.000,0.0567,0.73
10598,replay,4000,0.0806,1.000,0.0569,0.74
10599,replay,4000,0.1001,1.000,0.0569,0.74
10600,replay,4000,0.1017,1.000,0.0570,0.73
10601,replay,4000,0.0958,1.000,0.0571,3.15
10602,es_step,4000,0.0301,0.844,0.0571,3.10
10603,replay,4000,0.0792,1.000,0.0571,0.73
10604,replay,4000,0.0731,1.000,0.0571,0.74
10605,replay,4000,0.0850,1.000,0.0571,0.74
10606,es_step,4000,0.0267,0.906,0.0571,3.11
10607,replay,4000,0.1083,1.000,0.0571,0.73
10608,replay,4000,0.0851,1.000,0.0570,0.73
10609,replay,4000,0.0607,1.000,0.0570,0.73
10610,replay,4000,0.0950,1.000,0.0570,0.73
10611,replay,4000,0.0769,1.000,0.0569,0.73
10612,replay,4000,0.0724,1.000,0.0569,0.73
10613,replay,4000,0.0682,1.000,0.0569,0.73
10614,replay,4000,0.0772,1.000,0.0570,0.74
10615,replay,4000,0.0621,1.000,0.0570,0.74
10616,replay,4000,0.0266,1.000,0.0569,0.74
10617,es_step,4000,0.0108,0.906,0.0569,3.10
10618,replay,4000,0.0301,1.000,0.0569,0.74
10619,replay,4000,0.0372,1.000,0.0568,0.72
10620,es_step,4000,0.0125,0.906,0.0568,3.02
10621,es_step,4000,0.0082,0.844,0.0568,3.00
10622,replay,4000,0.0419,1.000,0.0567,0.70
10623,es_step,4000,0.0119,0.781,0.0567,2.90
10624,replay,4000,0.0496,1.000,0.0566,0.69
10625,replay,4000,0.0356,1.000,0.0565,0.69
10626,es_step,4000,0.0125,0.875,0.0565,2.92
10627,replay,4000,0.0181,1.000,0.0564,0.72
10628,replay,4000,0.0810,1.000,0.0564,0.73
10629,es_step,4000,0.0338,0.844,0.0564,2.98
10630,replay,4000,0.0648,1.000,0.0564,0.71
10631,replay,4000,0.0743,1.000,0.0563,0.73
10632,es_step,4000,0.0380,0.938,0.0563,3.00
10633,replay,4000,0.0711,1.000,0.0564,0.71
10634,es_step,4000,0.0280,0.906,0.0564,2.92
10635,replay,4000,0.0697,1.000,0.0564,0.70
10636,es_step,4000,0.0348,0.969,0.0564,2.93
10637,replay,4000,0.0663,1.000,0.0564,0.71
10638,replay,4000,0.1021,1.000,0.0564,0.72
10639,replay,4000,0.0808,1.000,0.0565,0.72
10640,es_step,4000,0.0348,0.844,0.0565,3.02
10641,replay,4000,0.0804,1.000,0.0564,0.72
10642,replay,4000,0.0787,1.000,0.0565,0.72
10643,es_step,4000,0.0355,0.844,0.0565,2.97
10644,replay,4000,-0.0833,1.000,0.0565,0.71
10645,es_step,4000,0.0384,0.906,0.0565,2.94
10646,replay,4000,0.0875,1.000,0.0566,0.71
10647,replay,4000,0.1467,1.000,0.0567,0.71
10648,es_step,4000,0.0726,0.938,0.0568,2.95
10649,es_step,4000,0.0933,0.844,0.0571,2.91
10650,replay,4000,0.1384,1.000,0.0572,0.70
10651,replay,4000,0.1535,1.000,0.0574,0.71
10652,es_step,4000,0.0984,0.812,0.0576,2.92
10653,replay,4000,0.1681,1.000,0.0578,0.70
10654,replay,4000,0.1850,1.000,0.0580,0.71
10655,es_step,4000,0.0857,0.938,0.0581,2.95
10656,replay,4000,0.1347,1.000,0.0582,0.73
10657,replay,4000,0.1320,1.000,0.0583,0.73
10658,es_step,4000,0.0659,0.906,0.0583,3.06
10659,replay,4000,0.1123,1.000,0.0584,0.72
10660,replay,4000,0.0971,1.000,0.0586,0.72
10661,es_step,4000,0.0513,0.844,0.0586,3.01
10662,replay,4000,0.0849,1.000,0.0586,0.73
10663,replay,4000,0.0968,1.000,0.0586,0.73
10664,es_step,4000,0.0368,0.969,0.0586,3.05
10665,replay,4000,0.0898,1.000,0.0586,0.72
10666,replay,4000,0.0734,1.000,0.0586,0.72
10667,es_step,4000,0.0160,0.969,0.0586,2.98
10668,replay,4000,0.0679,1.000,0.0586,0.71
10669,replay,4000,0.0663,1.000,0.0585,0.71
10670,replay,4000,0.0823,1.000,0.0585,0.71
10671,es_step,4000,0.0331,0.812,0.0585,2.98
10672,es_step,4000,0.0122,0.969,0.0585,3.01
10673,replay,4000,0.0593,1.000,0.0584,0.73
10674,replay,4000,0.0614,1.000,0.0584,0.73
10675,replay,4000,0.0613,1.000,0.0584,0.73
10676,es_step,4000,0.0483,0.938,0.0584,3.00
10677,replay,4000,0.0878,1.000,0.0585,0.72
10678,es_step,4000,0.0536,0.938,0.0585,2.95
10679,replay,4000,0.0903,1.000,0.0585,0.71
10680,replay,4000,0.0940,1.000,0.0586,0.72
10681,es_step,4000,0.0615,0.906,0.0586,2.93
10682,replay,4000,0.0711,1.000,0.0585,0.71
10683,replay,4000,0.1043,1.000,0.0586,0.72
10684,replay,4000,0.0802,1.000,0.0586,0.73
10685,replay,4000,0.0959,1.000,0.0587,0.73
10686,replay,4000,0.0854,1.000,0.0587,0.73
10687,replay,4000,0.0320,1.000,0.0587,0.73
10688,replay,4000,0.0730,1.000,0.0587,0.74
10689,replay,4000,0.0867,1.000,0.0587,0.74
10690,replay,4000,0.0834,1.000,0.0588,0.74
10691,replay,4000,0.0784,1.000,0.0588,0.74
10692,replay,4000,0.1077,1.000,0.0588,0.73
10693,replay,4000,0.0893,1.000,0.0589,0.73
10694,replay,4000,0.0735,1.000,0.0588,0.73
10695,replay,4000,0.0755,1.000,0.0588,0.74
10696,replay,4000,0.0663,1.000,0.0588,0.74
10697,es_step,4000,0.0375,0.875,0.0588,3.10
10698,replay,4000,0.0632,1.000,0.0587,0.74
10699,replay,4000,0.0727,1.000,0.0587,0.73
10700,replay,4000,0.0541,1.000,0.0586,0.74
10701,es_step,4000,0.0250,0.844,0.0586,3.09
10702,replay,4000,0.0499,1.000,0.0584,0.73
10703,replay,4000,0.0762,1.000,0.0584,0.73
10704,replay,4000,0.0608,1.000,0.0583,0.73
10705,replay,4000,0.0519,1.000,0.0582,0.74
10706,replay,4000,0.0542,1.000,0.0581,0.73
10707,replay,4000,0.0660,1.000,0.0581,0.73
10708,replay,4000,0.0574,1.000,0.0581,0.74
10709,replay,4000,0.0764,1.000,0.0582,0.75
10710,es_step,4000,0.0544,0.906,0.0582,3.11
10711,replay,4000,0.0972,1.000,0.0582,0.73
10712,replay,4000,0.0832,1.000,0.0581,0.72
10713,replay,4000,0.0879,1.000,0.0581,0.73
10714,es_step,4000,0.0545,0.906,0.0581,3.06
10715,es_step,4000,0.0546,0.938,0.0581,3.01
10716,es_step,4000,0.0453,0.906,0.0581,2.96
10717,replay,4000,0.1055,1.000,0.0582,0.73
10718,replay,4000,0.0948,1.000,0.0582,0.74
10719,es_step,4000,0.0407,0.938,0.0582,3.00
10720,replay,4000,0.0965,1.000,0.0582,0.71
10721,es_step,4000,0.0460,0.969,0.0582,2.94
10722,replay,4000,0.0754,1.000,0.0582,0.71
10723,replay,4000,0.0410,1.000,0.0582,0.72
10724,replay,4000,0.0515,1.000,0.0581,0.71
10725,replay,4000,0.0847,1.000,0.0581,0.73
10726,es_step,4000,0.0331,0.906,0.0581,3.03
10727,es_step,4000,0.0396,0.969,0.0581,2.97
10728,es_step,4000,0.0344,0.969,0.0581,2.94
10729,replay,4000,0.0750,1.000,0.0581,0.72
10730,replay,4000,0.0473,1.000,0.0581,0.72
10731,replay,4000,0.0947,1.000,0.0580,0.73
10732,replay,4000,0.0794,1.000,0.0580,0.72
10733,replay,4000,0.0689,1.000,0.0579,0.73
10734,replay,4000,0.0752,1.000,0.0579,0.73
10735,replay,4000,0.0789,1.000,0.0579,0.74
10736,replay,4000,0.0863,1.000,0.0578,0.73
10737,es_step,4000,0.0425,0.969,0.0578,3.03
10738,replay,4000,0.0936,1.000,0.0578,0.74
10739,replay,4000,0.0726,1.000,0.0578,0.73
10740,replay,4000,0.0619,1.000,0.0577,0.74
10741,replay,4000,0.0683,1.000,0.0576,0.75
10742,replay,4000,0.0290,1.000,0.0575,0.74
10743,replay,4000,0.0802,1.000,0.0574,0.74
10744,replay,4000,0.0798,1.000,0.0575,0.75
10745,es_step,4000,0.0579,0.812,0.0575,3.10
10746,replay,4000,0.0894,1.000,0.0575,0.73
10747,replay,4000,0.1218,1.000,0.0575,0.73
10748,replay,4000,0.1157,1.000,0.0575,0.73
10749,replay,4000,0.1119,1.000,0.0575,0.74
10750,replay,4000,0.0983,1.000,0.0576,0.74
10751,replay,4000,0.1045,1.000,0.0577,0.75
10752,replay,4000,0.1041,1.000,0.0578,0.75
10753,replay,4000,0.1327,1.000,0.0578,0.75
10754,replay,4000,0.0808,1.000,0.0578,0.74
10755,replay,4000,0.0893,1.000,0.0579,0.74
10756,replay,4000,0.1239,1.000,0.0579,0.74
10757,replay,4000,0.1089,1.000,0.0580,0.74
10758,replay,4000,0.1065,1.000,0.0581,0.74
10759,replay,4000,0.1326,1.000,0.0582,0.75
10760,replay,4000,0.1123,1.000,0.0582,0.75
10761,replay,4000,0.1241,1.000,0.0583,0.75
10762,replay,4000,0.0991,1.000,0.0584,0.76
10763,replay,4000,0.0828,1.000,0.0584,0.76
10764,es_step,4000,0.0252,0.969,0.0584,3.18
10765,replay,4000,0.0945,1.000,0.0585,0.75
10766,replay,4000,0.0932,1.000,0.0585,0.75
10767,replay,4000,0.0966,1.000,0.0585,0.75
10768,replay,4000,0.0886,1.000,0.0585,0.76
10769,replay,4000,0.0851,1.000,0.0585,0.75
10770,replay,4000,0.0709,1.000,0.0584,0.75
10771,replay,4000,0.0838,1.000,0.0584,0.75
10772,replay,4000,0.0765,1.000,0.0584,0.75
10773,replay,4000,0.0805,1.000,0.0586,0.75
10774,replay,4000,0.0934,1.000,0.0585,0.75
10775,replay,4000,0.0620,1.000,0.0585,0.77
10776,replay,4000,0.0953,1.000,0.0585,0.77
10777,replay,4000,0.0853,1.000,0.0584,0.77
10778,replay,4000,0.0912,1.000,0.0584,0.78
10779,replay,4000,0.0750,1.000,0.0585,0.78
10780,replay,4000,0.1077,1.000,0.0584,0.78
10781,replay,4000,0.1069,1.000,0.0585,0.77
10782,replay,4000,0.1122,1.000,0.0586,0.77
10783,replay,4000,0.0789,1.000,0.0587,0.77
10784,replay,4000,0.1100,1.000,0.0587,0.77
10785,replay,4000,0.1181,1.000,0.0589,0.77
10786,es_step,4000,0.0340,0.938,0.0589,3.27
10787,es_step,4000,0.0514,0.938,0.0589,3.26
10788,replay,4000,0.1163,1.000,0.0589,0.76
10789,replay,4000,0.1025,1.000,0.0589,0.77
10790,es_step,4000,0.0319,0.938,0.0589,3.22
10791,replay,4000,0.0889,1.000,0.0589,0.75
10792,replay,4000,0.0771,1.000,0.0590,0.75
10793,replay,4000,0.0726,1.000,0.0591,0.75
10794,replay,4000,0.1023,1.000,0.0591,0.76
10795,replay,4000,0.0997,1.000,0.0591,0.75
10796,replay,4000,0.0808,1.000,0.0590,0.76
10797,es_step,4000,-0.0143,0.844,0.0590,3.21
10798,replay,4000,0.0410,1.000,0.0588,0.75
10799,es_step,4000,-0.0089,0.938,0.0588,3.20
10800,replay,4000,0.0368,1.000,0.0587,0.75
10801,replay,4000,0.0358,1.000,0.0585,0.76
10802,replay,4000,0.0411,1.000,0.0584,0.80
10803,replay,4000,0.0347,1.000,0.0583,0.75
10804,replay,4000,0.0501,1.000,0.0581,0.76
10805,replay,4000,0.0520,1.000,0.0580,0.74
10806,es_step,4000,0.0123,0.969,0.0580,3.14
10807,es_step,4000,0.0043,0.938,0.0580,3.13
10808,replay,4000,0.0752,1.000,0.0580,0.73
10809,replay,4000,0.0227,1.000,0.0577,0.73
10810,replay,4000,0.0538,1.000,0.0576,0.74
10811,replay,4000,0.0601,1.000,0.0576,0.74
10812,replay,4000,0.0736,1.000,0.0576,0.73
10813,replay,4000,0.0695,1.000,0.0575,0.74
10814,replay,4000,0.0855,1.000,0.0575,0.74
10815,replay,4000,0.0671,1.000,0.0575,0.74
10816,replay,4000,0.0790,1.000,0.0574,0.75
10817,replay,4000,0.0732,1.000,0.0574,0.74
10818,es_step,4000,0.0164,0.812,0.0574,3.13
10819,replay,4000,0.0426,1.000,0.0572,0.73
10820,replay,4000,0.0616,1.000,0.0572,0.73
10821,replay,4000,0.0583,1.000,0.0572,0.74
10822,replay,4000,0.0606,1.000,0.0573,0.74
10823,replay,4000,0.0610,1.000,0.0572,0.74
10824,replay,4000,0.0741,1.000,0.0572,0.74
10825,replay,4000,0.0905,1.000,0.0571,0.74
10826,replay,4000,0.0777,1.000,0.0572,0.74
10827,es_step,4000,0.0344,1.000,0.0572,3.16
10828,replay,4000,0.1035,1.000,0.0572,0.74
10829,replay,4000,0.1032,1.000,0.0572,0.74
10830,replay,4000,0.1029,1.000,0.0572,0.75
10831,replay,4000,0.0844,1.000,0.0572,0.75
10832,replay,4000,0.0485,1.000,0.0573,0.75
10833,replay,4000,0.0964,1.000,0.0574,0.75
10834,replay,4000,0.1134,1.000,0.0574,0.74
10835,replay,4000,0.1029,1.000,0.0574,0.75
10836,replay,4000,0.0997,1.000,0.0575,3.18
10837,replay,4000,0.0707,1.000,0.0575,0.75
10838,es_step,4000,0.0415,0.969,0.0575,3.15
10839,es_step,4000,0.0336,0.906,0.0575,3.11
10840,replay,4000,0.0860,1.000,0.0575,0.73
10841,replay,4000,0.0580,1.000,0.0574,0.74
10842,replay,4000,0.0630,1.000,0.0574,0.74
10843,replay,4000,0.0496,1.000,0.0573,0.75
10844,replay,4000,0.0504,1.000,0.0574,0.76
10845,replay,4000,0.0149,1.000,0.0571,0.76
10846,replay,4000,0.0576,1.000,0.0570,0.76
10847,es_step,4000,0.0270,0.969,0.0570,3.16
10848,replay,4000,0.0444,1.000,0.0569,0.74
10849,replay,4000,0.0680,1.000,0.0569,0.74
10850,replay,4000,0.0648,1.000,0.0570,0.74
10851,replay,4000,0.0943,1.000,0.0570,0.75
10852,replay,4000,0.0727,1.000,0.0570,0.76
10853,replay,4000,0.1102,1.000,0.0572,0.76
10854,replay,4000,0.1090,1.000,0.0573,0.75
10855,replay,4000,0.1005,1.000,0.0574,0.76
10856,replay,4000,-0.0059,1.000,0.0573,0.76
10857,replay,4000,0.0888,1.000,0.0574,0.77
10858,replay,4000,0.0944,1.000,0.0574,0.77
10859,replay,4000,0.1004,1.000,0.0574,0.77
10860,replay,4000,0.0809,1.000,0.0574,0.76
10861,replay,4000,0.0781,1.000,0.0576,0.77
10862,replay,4000,0.1296,1.000,0.0575,0.77
10863,replay,4000,0.0911,1.000,0.0576,0.76
10864,es_step,4000,0.0481,0.938,0.0576,3.21
10865,replay,4000,0.0984,1.000,0.0576,0.76
10866,replay,4000,0.0920,1.000,0.0576,0.75
10867,es_step,4000,0.0522,0.906,0.0576,3.19
10868,replay,4000,0.1041,1.000,0.0576,0.74
10869,replay,4000,0.1103,1.000,0.0577,0.74
10870,replay,4000,0.1290,1.000,0.0577,0.74
10871,replay,4000,0.1038,1.000,0.0578,0.75
10872,replay,4000,0.0956,1.000,0.0578,0.75
10873,replay,4000,0.0985,1.000,0.0578,0.75
10874,replay,4000,0.0833,1.000,0.0578,0.75
10875,es_step,4000,0.0450,1.000,0.0578,3.18
10876,replay,4000,0.1110,1.000,0.0578,0.74
10877,replay,4000,0.1005,1.000,0.0579,0.75
10878,replay,4000,0.1039,1.000,0.0579,0.74
10879,replay,4000,0.0800,1.000,0.0581,0.75
10880,replay,4000,0.1088,1.000,0.0582,0.75
10881,replay,4000,0.1016,1.000,0.0582,0.75
10882,es_step,4000,0.0342,1.000,0.0582,3.12
10883,es_step,4000,0.0390,0.844,0.0582,3.11
10884,es_step,4000,0.0216,0.844,0.0582,3.09
10885,es_step,4000,0.0246,0.906,0.0582,3.09
10886,replay,4000,0.0787,1.000,0.0581,0.73
10887,es_step,4000,0.0118,0.969,0.0581,3.07
10888,es_step,4000,0.0226,0.906,0.0581,3.07
10889,replay,4000,0.0603,1.000,0.0581,0.73
10890,es_step,4000,0.0079,0.938,0.0581,3.09
10891,es_step,4000,-0.0012,0.875,0.0581,3.07
10892,es_step,4000,0.0104,0.812,0.0581,3.05
10893,replay,4000,0.0447,1.000,0.0582,0.72
10894,replay,4000,0.0142,1.000,0.0581,0.72
10895,replay,4000,0.0301,1.000,0.0580,0.73
10896,replay,4000,0.0628,1.000,0.0580,0.74
10897,replay,4000,0.0794,1.000,0.0580,0.73
10898,replay,4000,0.0920,1.000,0.0581,0.73
10899,es_step,4000,0.0375,0.812,0.0581,3.05
10900,replay,4000,0.1029,1.000,0.0581,0.73
10901,replay,4000,0.0999,1.000,0.0581,0.73
10902,replay,4000,0.0788,1.000,0.0581,0.73
10903,replay,4000,0.0654,1.000,0.0580,0.73
10904,replay,4000,0.0531,1.000,0.0580,0.73
10905,replay,4000,0.0625,1.000,0.0579,0.72
10906,replay,4000,0.0593,1.000,0.0579,0.74
10907,replay,4000,0.0689,1.000,0.0579,0.74
10908,replay,4000,0.0618,1.000,0.0578,0.74
10909,replay,4000,0.0512,1.000,0.0577,0.74
10910,replay,4000,0.0836,1.000,0.0578,0.74
10911,replay,4000,0.0667,1.000,0.0579,0.74
10912,replay,4000,0.0962,1.000,0.0580,0.74
10913,replay,4000,0.1226,1.000,0.0580,0.74
10914,replay,4000,0.1199,1.000,0.0580,0.75
10915,replay,4000,0.1108,1.000,0.0581,0.75
10916,replay,4000,0.1148,1.000,0.0581,0.74
10917,replay,4000,0.1019,1.000,0.0582,0.75
10918,replay,4000,0.0966,1.000,0.0583,0.75
10919,es_step,4000,0.0451,0.844,0.0583,3.13
10920,replay,4000,0.0909,1.000,0.0583,0.74
10921,replay,4000,0.0860,1.000,0.0583,0.74
10922,replay,4000,0.0864,1.000,0.0583,0.74
10923,replay,4000,0.1017,1.000,0.0584,0.74
10924,replay,4000,0.0971,1.000,0.0584,0.74
10925,replay,4000,0.1001,1.000,0.0584,0.74
10926,replay,4000,-0.0371,1.000,0.0584,0.74
10927,replay,4000,0.0705,1.000,0.0584,0.74
10928,replay,4000,0.1130,1.000,0.0585,0.74
10929,replay,4000,0.1120,1.000,0.0585,0.74
10930,replay,4000,0.0888,1.000,0.0586,0.74
10931,es_step,4000,0.0418,0.906,0.0588,3.11
10932,es_step,4000,0.0614,0.844,0.0588,3.06
10933,replay,4000,0.1131,1.000,0.0589,0.73
10934,es_step,4000,0.0300,0.906,0.0589,3.05
10935,replay,4000,0.1044,1.000,0.0589,0.73
10936,replay,4000,0.0840,1.000,0.0590,0.73
10937,replay,4000,0.0992,1.000,0.0590,0.74
10938,replay,4000,0.1040,1.000,0.0591,0.74
10939,replay,4000,0.0601,1.000,0.0591,0.74
10940,es_step,4000,0.0401,0.906,0.0592,3.09
10941,replay,4000,0.0894,1.000,0.0592,0.73
10942,replay,4000,0.0899,1.000,0.0592,0.73
10943,es_step,4000,0.0309,0.906,0.0593,3.05
10944,replay,4000,0.0875,1.000,0.0593,0.73
10945,replay,4000,0.0591,1.000,0.0593,0.73
10946,replay,4000,0.0753,1.000,0.0593,0.73
10947,replay,4000,0.0675,1.000,0.0592,0.73
10948,replay,4000,0.0782,1.000,0.0592,0.73
10949,replay,4000,0.0838,1.000,0.0592,0.73
10950,replay,4000,0.0770,1.000,0.0592,0.73
10951,replay,4000,0.0957,1.000,0.0591,0.75
10952,replay,4000,0.0810,1.000,0.0591,0.75
10953,replay,4000,0.0805,1.000,0.0591,0.75
10954,replay,4000,0.0892,1.000,0.0592,0.75
10955,replay,4000,0.0919,1.000,0.0594,0.76
10956,replay,4000,0.0775,1.000,0.0594,0.76
10957,replay,4000,0.0724,1.000,0.0593,0.76
10958,replay,4000,0.0626,1.000,0.0593,0.75
10959,replay,4000,0.0619,1.000,0.0592,0.75
10960,replay,4000,0.0527,1.000,0.0592,0.76
10961,replay,4000,0.0550,1.000,0.0591,0.75
10962,replay,4000,0.0665,1.000,0.0590,0.75
10963,replay,4000,0.0248,1.000,0.0589,0.76
10964,replay,4000,0.0501,1.000,0.0589,0.77
10965,replay,4000,0.0614,1.000,0.0588,0.76
10966,replay,4000,0.0527,1.000,0.0587,0.76
10967,replay,4000,0.0555,1.000,0.0586,0.76
10968,replay,4000,0.0447,1.000,0.0586,0.76
10969,replay,4000,0.0517,1.000,0.0585,0.76
10970,replay,4000,0.0784,1.000,0.0584,0.76
10971,replay,4000,0.0652,1.000,0.0583,0.76
10972,replay,4000,0.0595,1.000,0.0583,0.77
10973,replay,4000,0.0509,1.000,0.0582,0.77
10974,replay,4000,0.0638,1.000,0.0582,0.76
10975,replay,4000,0.0239,1.000,0.0581,0.76
10976,replay,4000,0.0553,1.000,0.0581,0.77
10977,replay,4000,0.0744,1.000,0.0581,0.77
10978,replay,4000,0.0784,1.000,0.0582,0.77
10979,replay,4000,0.1002,1.000,0.0581,0.76
10980,replay,4000,0.0938,1.000,0.0582,0.76
10981,replay,4000,0.0904,1.000,0.0582,0.77
10982,es_step,4000,0.0364,0.938,0.0582,3.30
10983,replay,4000,0.0797,1.000,0.0582,0.77
10984,replay,4000,0.0908,1.000,0.0582,0.77
10985,replay,4000,0.0800,1.000,0.0582,0.77
10986,replay,4000,0.0316,1.000,0.0581,0.76
10987,replay,4000,0.1015,1.000,0.0581,0.76
10988,replay,4000,0.1055,1.000,0.0582,0.76
10989,es_step,4000,0.0533,0.906,0.0582,3.27
10990,es_step,4000,0.0475,0.938,0.0584,3.23
10991,es_step,4000,0.0364,0.938,0.0584,3.18
10992,replay,4000,0.1196,1.000,0.0585,0.74
10993,replay,4000,0.1092,1.000,0.0586,0.75
10994,replay,4000,0.1003,1.000,0.0587,0.75
10995,replay,4000,0.1065,1.000,0.0587,0.75
10996,replay,4000,0.1023,1.000,0.0589,0.74
10997,replay,4000,0.0806,1.000,0.0590,0.74
10998,replay,4000,0.0773,1.000,0.0588,0.74
10999,replay,4000,0.0905,1.000,0.0588,0.75
11000,replay,4000,0.0856,1.000,0.0588,0.74
11001,replay,4000,0.0789,1.000,0.0588,0.74
11002,replay,4000,0.0756,1.000,0.0587,0.74
11003,replay,4000,0.0863,1.000,0.0587,0.76
11004,replay,4000,0.0744,1.000,0.0587,0.76
11005,replay,4000,0.0753,1.000,0.0587,0.75
11006,replay,4000,0.0926,1.000,0.0587,0.75
11007,replay,4000,0.0646,1.000,0.0587,0.75
11008,replay,4000,0.0949,1.000,0.0587,0.76
11009,replay,4000,0.0774,1.000,0.0587,0.77
11010,es_step,4000,0.0402,0.938,0.0587,3.18
11011,replay,4000,0.0939,1.000,0.0587,0.74
11012,replay,4000,0.0941,1.000,0.0588,0.74
11013,replay,4000,0.1216,1.000,0.0588,0.74
11014,replay,4000,0.0937,1.000,0.0589,0.74
11015,replay,4000,0.0895,1.000,0.0589,0.74
11016,replay,4000,0.1067,1.000,0.0590,0.74
11017,replay,4000,0.1097,1.000,0.0591,0.75
11018,replay,4000,0.1165,1.000,0.0592,0.75
11019,replay,4000,0.1091,1.000,0.0592,0.74
11020,replay,4000,0.0858,1.000,0.0592,0.74
11021,replay,4000,0.1076,1.000,0.0592,0.74
11022,replay,4000,0.1018,1.000,0.0593,0.75
11023,replay,4000,0.1236,1.000,0.0594,0.75
11024,replay,4000,0.0867,1.000,0.0594,0.74
11025,replay,4000,0.0744,1.000,0.0593,0.74
11026,replay,4000,0.0808,1.000,0.0593,0.74
11027,replay,4000,0.0694,1.000,0.0593,0.74
11028,es_step,4000,0.0217,0.969,0.0593,3.17
11029,replay,4000,0.1225,1.000,0.0593,0.74
11030,replay,4000,0.0864,1.000,0.0593,0.75
11031,replay,4000,0.0954,1.000,0.0593,0.74
11032,replay,4000,0.0850,1.000,0.0593,0.74
11033,replay,4000,0.0851,1.000,0.0593,0.74
11034,replay,4000,0.0825,1.000,0.0594,0.74
11035,replay,4000,0.0843,1.000,0.0593,0.74
11036,replay,4000,0.0719,1.000,0.0593,0.74
11037,es_step,4000,0.0142,0.969,0.0593,3.16
11038,replay,4000,0.0673,1.000,0.0593,0.74
11039,replay,4000,0.0789,1.000,0.0593,0.74
11040,replay,4000,0.0914,1.000,0.0592,0.75
11041,es_step,4000,0.0359,0.906,0.0592,3.18
11042,es_step,4000,0.0344,0.844,0.0592,3.14
11043,replay,4000,0.1130,1.000,0.0592,0.74
11044,replay,4000,0.0769,1.000,0.0592,0.74
11045,replay,4000,0.0919,1.000,0.0594,0.75
11046,replay,4000,0.0765,1.000,0.0595,0.75
11047,replay,4000,0.0950,1.000,0.0595,0.75
11048,replay,4000,0.0610,1.000,0.0593,0.75
11049,replay,4000,0.0929,1.000,0.0594,0.75
11050,replay,4000,0.1234,1.000,0.0593,0.75
11051,replay,4000,0.0971,1.000,0.0594,0.76
11052,replay,4000,0.0932,1.000,0.0594,0.75
11053,replay,4000,0.0634,1.000,0.0594,0.76
11054,replay,4000,0.0758,1.000,0.0594,0.75
11055,replay,4000,0.0710,1.000,0.0593,0.75
11056,replay,4000,0.0716,1.000,0.0593,0.75
11057,es_step,4000,0.0089,0.906,0.0593,3.17
11058,replay,4000,0.0636,1.000,0.0593,0.74
11059,replay,4000,0.0699,1.000,0.0592,0.74
11060,replay,4000,0.0633,1.000,0.0592,0.75
11061,replay,4000,0.0745,1.000,0.0592,0.74
11062,replay,4000,0.0967,1.000,0.0592,0.75
11063,es_step,4000,0.0447,0.875,0.0592,3.18
11064,replay,4000,0.0906,1.000,0.0592,0.74
11065,replay,4000,0.0826,1.000,0.0592,0.75
11066,replay,4000,0.0874,1.000,0.0592,0.74
11067,es_step,4000,0.0444,0.938,0.0592,3.12
11068,es_step,4000,0.0273,0.969,0.0592,3.10
11069,replay,4000,0.0931,1.000,0.0593,0.74
11070,replay,4000,0.0854,1.000,0.0593,0.74
11071,replay,4000,0.0840,1.000,0.0592,0.75
11072,replay,4000,0.0909,1.000,0.0592,0.74
11073,replay,4000,0.0678,1.000,0.0592,0.74
11074,replay,4000,0.0473,1.000,0.0591,0.74
11075,replay,4000,0.0538,1.000,0.0591,0.74
11076,replay,4000,0.0696,1.000,0.0590,0.74
11077,replay,4000,0.0572,1.000,0.0589,0.74
11078,es_step,4000,0.0239,0.906,0.0589,3.16
11079,replay,4000,0.0674,1.000,0.0589,0.75
11080,es_step,4000,0.0217,0.875,0.0589,3.16
11081,es_step,4000,0.0263,0.938,0.0589,3.15
11082,replay,4000,0.0270,1.000,0.0588,0.74
11083,replay,4000,0.0813,1.000,0.0588,0.75
11084,es_step,4000,0.0488,0.969,0.0588,3.15
11085,es_step,4000,0.0555,0.969,0.0588,3.15
11086,replay,4000,0.1382,1.000,0.0589,0.74
11087,es_step,4000,0.0658,0.844,0.0593,3.14
11088,replay,4000,0.1241,1.000,0.0594,0.74
11089,replay,4000,0.1270,1.000,0.0596,0.75
11090,replay,4000,0.1461,1.000,0.0597,0.75
11091,replay,4000,0.1278,1.000,0.0599,0.75
11092,replay,4000,0.1088,1.000,0.0600,0.75
11093,replay,4000,0.1502,1.000,0.0600,0.75
11094,replay,4000,0.0922,1.000,0.0600,0.75
11095,replay,4000,0.0808,1.000,0.0600,0.75
11096,replay,4000,0.0832,1.000,0.0600,0.76
11097,replay,4000,0.0858,1.000,0.0600,0.76
11098,replay,4000,0.0757,1.000,0.0600,0.76
11099,replay,4000,0.0822,1.000,0.0599,0.75
11100,replay,4000,0.0724,1.000,0.0599,0.76
11101,replay,4000,0.0590,1.000,0.0598,0.75
11102,replay,4000,0.0350,1.000,0.0597,0.76
11103,replay,4000,0.0764,1.000,0.0596,0.75
11104,es_step,4000,0.0201,0.938,0.0596,5.52
11105,replay,4000,0.0514,1.000,0.0595,0.73
11106,replay,4000,0.0497,1.000,0.0594,0.73
11107,replay,4000,0.0477,1.000,0.0593,0.74
11108,replay,4000,0.0512,1.000,0.0592,0.75
11109,replay,4000,0.0418,1.000,0.0593,0.75
11110,replay,4000,0.0527,1.000,0.0592,0.76
11111,replay,4000,0.0514,1.000,0.0591,0.76
11112,es_step,4000,0.0346,0.875,0.0591,3.15
11113,replay,4000,0.0589,1.000,0.0591,0.75
11114,replay,4000,0.0881,1.000,0.0591,0.75
11115,replay,4000,0.0986,1.000,0.0591,0.74
11116,replay,4000,0.0863,1.000,0.0591,0.74
11117,replay,4000,0.0956,1.000,0.0592,0.75
11118,replay,4000,0.0935,1.000,0.0592,0.76
11119,replay,4000,0.0916,1.000,0.0592,0.77
11120,es_step,4000,0.0257,0.969,0.0592,3.18
11121,es_step,4000,0.0258,0.875,0.0592,3.12
11122,replay,4000,0.0728,1.000,0.0592,0.75
11123,replay,4000,0.0311,1.000,0.0591,0.75
11124,replay,4000,0.1109,1.000,0.0591,0.74
11125,replay,4000,0.1004,1.000,0.0591,0.75
11126,replay,4000,0.1073,1.000,0.0592,0.74
11127,replay,4000,0.1441,1.000,0.0592,0.74
11128,replay,4000,0.1144,1.000,0.0593,0.74
11129,replay,4000,0.1100,1.000,0.0594,0.74
11130,replay,4000,0.0819,1.000,0.0595,0.74
11131,replay,4000,0.1023,1.000,0.0595,0.74
11132,replay,4000,0.0880,1.000,0.0595,0.74
11133,replay,4000,0.0814,1.000,0.0593,0.74
11134,replay,4000,0.0708,1.000,0.0592,0.74
11135,es_step,4000,0.0307,0.938,0.0592,3.15
11136,replay,4000,0.0707,1.000,0.0592,0.74
11137,es_step,4000,0.0309,0.938,0.0592,3.12
11138,es_step,4000,0.0175,0.906,0.0592,3.10
11139,replay,4000,0.0863,1.000,0.0592,0.73
11140,replay,4000,0.0824,1.000,0.0591,0.74
11141,replay,4000,0.0659,1.000,0.0591,0.75
11142,replay,4000,0.0716,1.000,0.0591,0.75
11143,es_step,4000,0.0278,0.906,0.0591,3.12
11144,replay,4000,0.0545,1.000,0.0590,0.73
11145,replay,4000,0.0772,1.000,0.0590,0.73
11146,replay,4000,0.0664,1.000,0.0590,0.74
11147,es_step,4000,0.0392,0.844,0.0590,3.09
11148,replay,4000,0.0990,1.000,0.0590,0.73
11149,replay,4000,0.0951,1.000,0.0589,0.73
11150,es_step,4000,0.0464,0.844,0.0589,3.09
11151,es_step,4000,0.0440,0.906,0.0589,3.08
11152,replay,4000,0.0894,1.000,0.0590,0.73
11153,es_step,4000,0.0490,0.969,0.0591,3.05
11154,es_step,4000,0.0603,0.938,0.0591,3.09
11155,replay,4000,0.1277,1.000,0.0592,0.72
11156,replay,4000,0.1156,1.000,0.0592,0.73
11157,replay,4000,0.1184,1.000,0.0592,0.74
11158,es_step,4000,0.0811,0.875,0.0595,3.09
11159,es_step,4000,0.0612,0.938,0.0595,3.06
11160,es_step,4000,0.0624,0.938,0.0595,3.05
11161,replay,4000,0.1263,1.000,0.0596,0.73
11162,replay,4000,0.0980,1.000,0.0596,0.73
11163,replay,4000,0.0959,1.000,0.0597,0.73
11164,replay,4000,0.1030,1.000,0.0597,0.73
11165,replay,4000,0.1020,1.000,0.0598,0.74
11166,replay,4000,0.1003,1.000,0.0598,0.74
11167,replay,4000,0.0569,1.000,0.0597,0.74
11168,es_step,4000,0.0137,0.938,0.0597,3.08
11169,es_step,4000,0.0113,0.938,0.0597,3.08
11170,replay,4000,0.0788,1.000,0.0596,0.73
11171,replay,4000,0.0440,1.000,0.0595,0.72
11172,es_step,4000,0.0058,0.906,0.0595,3.07
11173,replay,4000,0.0465,1.000,0.0595,0.73
11174,replay,4000,0.0228,1.000,0.0594,0.73
11175,replay,4000,0.0342,1.000,0.0592,0.74
11176,replay,4000,0.0398,1.000,0.0591,0.73
11177,replay,4000,0.0311,1.000,0.0589,0.74
11178,replay,4000,0.0380,1.000,0.0589,0.75
11179,replay,4000,0.0512,1.000,0.0588,0.74
11180,replay,4000,0.0426,1.000,0.0587,0.74
11181,replay,4000,0.0558,1.000,0.0586,0.74
11182,replay,4000,0.0568,1.000,0.0586,0.74
11183,replay,4000,0.0508,1.000,0.0585,0.73
11184,replay,4000,0.0456,1.000,0.0583,0.73
11185,replay,4000,0.0276,1.000,0.0583,0.74
11186,replay,4000,0.0445,1.000,0.0582,0.75
11187,es_step,4000,0.0128,0.875,0.0582,3.10
11188,es_step,4000,0.0185,0.844,0.0582,3.06
11189,replay,4000,0.0497,1.000,0.0581,0.73
11190,replay,4000,0.0484,1.000,0.0580,0.74
11191,replay,4000,0.0515,1.000,0.0580,0.74
11192,replay,4000,0.0560,1.000,0.0579,0.73
11193,replay,4000,0.0553,1.000,0.0579,0.73
11194,replay,4000,0.0542,1.000,0.0578,0.73
11195,replay,4000,0.0586,1.000,0.0578,0.74
11196,replay,4000,0.0447,1.000,0.0578,0.73
11197,replay,4000,0.0511,1.000,0.0577,0.74
11198,replay,4000,0.0489,1.000,0.0576,0.73
11199,replay,4000,0.0487,1.000,0.0575,0.73
11200,replay,4000,0.0477,1.000,0.0574,0.73
11201,replay,4000,0.0597,1.000,0.0574,0.74
11202,es_step,4000,0.0232,0.906,0.0574,3.06
11203,replay,4000,0.0599,1.000,0.0573,0.72
11204,replay,4000,0.0687,1.000,0.0572,0.86
11205,replay,4000,0.0617,1.000,0.0571,0.72
11206,replay,4000,0.0792,1.000,0.0571,0.74
11207,replay,4000,0.0973,1.000,0.0572,0.74
11208,replay,4000,0.0715,1.000,0.0572,0.73
11209,replay,4000,0.1256,1.000,0.0572,0.73
11210,es_step,4000,0.0468,0.969,0.0572,3.04
11211,replay,4000,0.0996,1.000,0.0572,0.72
11212,es_step,4000,0.0494,0.875,0.0572,3.06
11213,replay,4000,0.0929,1.000,0.0572,0.72
11214,replay,4000,0.0955,1.000,0.0573,0.72
11215,replay,4000,0.0978,1.000,0.0575,0.72
11216,replay,4000,0.0934,1.000,0.0575,0.72
11217,replay,4000,0.0737,1.000,0.0575,0.73
11218,replay,4000,0.0677,1.000,0.0575,0.73
11219,replay,4000,0.0872,1.000,0.0574,0.74
11220,replay,4000,0.0969,1.000,0.0575,0.73
11221,replay,4000,0.1014,1.000,0.0575,0.74
11222,replay,4000,0.1034,1.000,0.0576,0.74
11223,replay,4000,0.0929,1.000,0.0577,0.75
11224,replay,4000,0.0921,1.000,0.0577,0.75
11225,replay,4000,0.0692,1.000,0.0575,0.75
11226,es_step,4000,0.0296,0.906,0.0575,3.14
11227,replay,4000,0.0722,1.000,0.0576,0.74
11228,replay,4000,0.0679,1.000,0.0575,0.74
11229,replay,4000,0.0928,1.000,0.0574,0.74
11230,replay,4000,0.0811,1.000,0.0574,0.74
11231,replay,4000,0.0935,1.000,0.0574,0.75
11232,replay,4000,0.0883,1.000,0.0574,0.74
11233,replay,4000,0.0749,1.000,0.0574,0.74
11234,es_step,4000,0.0405,0.906,0.0574,3.10
11235,replay,4000,0.0858,1.000,0.0574,0.74
11236,replay,4000,0.0838,1.000,0.0574,0.75
11237,es_step,4000,0.0389,1.000,0.0574,3.10
11238,replay,4000,0.0923,1.000,0.0574,0.73
11239,replay,4000,0.0789,1.000,0.0575,0.75
11240,replay,4000,0.0943,1.000,0.0575,0.75
11241,replay,4000,0.0753,1.000,0.0575,0.75
11242,replay,4000,0.0440,1.000,0.0574,0.74
11243,replay,4000,0.0687,1.000,0.0574,0.75
11244,replay,4000,0.0659,1.000,0.0574,0.75
11245,replay,4000,0.0941,1.000,0.0576,0.75
11246,replay,4000,0.0747,1.000,0.0576,0.75
11247,replay,4000,0.1066,1.000,0.0577,0.75
11248,es_step,4000,0.0688,0.906,0.0578,3.15
11249,replay,4000,0.1193,1.000,0.0579,0.74
11250,replay,4000,0.1132,1.000,0.0579,0.74
11251,es_step,4000,0.0395,0.969,0.0579,3.10
11252,es_step,4000,0.0554,0.906,0.0579,3.11
11253,replay,4000,0.0695,1.000,0.0579,0.73
11254,replay,4000,0.0972,1.000,0.0579,0.73
11255,replay,4000,0.0771,1.000,0.0579,0.74
11256,replay,4000,0.0683,1.000,0.0578,0.73
11257,es_step,4000,0.0069,0.969,0.0578,3.12
11258,replay,4000,0.0559,1.000,0.0577,0.75
11259,replay,4000,0.0222,1.000,0.0575,0.75
11260,replay,4000,0.0416,1.000,0.0574,0.75
11261,replay,4000,0.0155,1.000,0.0572,0.75
11262,replay,4000,0.0611,1.000,0.0570,0.74
11263,replay,4000,0.0667,1.000,0.0570,0.74
11264,es_step,4000,0.0232,0.906,0.0570,3.15
11265,replay,4000,0.0555,1.000,0.0569,0.74
11266,replay,4000,0.0963,1.000,0.0569,0.74
11267,replay,4000,0.0794,1.000,0.0569,0.74
11268,replay,4000,0.0920,1.000,0.0569,0.73
11269,replay,4000,0.0921,1.000,0.0569,0.74
11270,replay,4000,0.0885,1.000,0.0569,0.74
11271,replay,4000,0.0715,1.000,0.0570,0.74
11272,replay,4000,0.0860,1.000,0.0570,0.75
11273,replay,4000,0.0838,1.000,0.0569,0.75
11274,replay,4000,0.0782,1.000,0.0569,0.75
11275,es_step,4000,0.0322,0.938,0.0569,3.15
11276,es_step,4000,0.0468,0.812,0.0569,3.08
11277,replay,4000,0.0892,1.000,0.0569,0.72
11278,replay,4000,0.0794,1.000,0.0569,0.73
11279,replay,4000,0.0692,1.000,0.0569,0.73
11280,replay,4000,0.0825,1.000,0.0568,0.72
11281,replay,4000,0.0438,1.000,0.0567,0.74
11282,replay,4000,0.0282,1.000,0.0567,0.74
11283,replay,4000,0.0548,1.000,0.0566,0.73
11284,replay,4000,0.0464,1.000,0.0565,0.74
11285,replay,4000,0.0312,1.000,0.0564,0.74
11286,replay,4000,0.0459,1.000,0.0563,0.74
11287,es_step,4000,0.0182,0.906,0.0563,3.09
11288,replay,4000,0.0775,1.000,0.0563,0.73
11289,replay,4000,0.0666,1.000,0.0563,0.73
11290,replay,4000,0.0916,1.000,0.0562,0.73
11291,replay,4000,0.0546,1.000,0.0562,0.73
11292,replay,4000,0.0594,1.000,0.0562,0.73
11293,replay,4000,0.0723,1.000,0.0562,0.73
11294,replay,4000,0.0824,1.000,0.0562,0.73
11295,replay,4000,0.0651,1.000,0.0561,0.72
11296,replay,4000,0.0787,1.000,0.0560,0.73
11297,replay,4000,0.0951,1.000,0.0560,0.73
11298,es_step,4000,0.0493,0.844,0.0560,3.08
11299,replay,4000,0.0862,1.000,0.0560,0.74
11300,replay,4000,0.0947,1.000,0.0561,0.74
11301,es_step,4000,0.0393,0.969,0.0561,3.06
11302,replay,4000,0.0668,1.000,0.0561,0.72
11303,replay,4000,0.0848,1.000,0.0561,0.74
11304,es_step,4000,0.0355,0.906,0.0561,3.09
11305,es_step,4000,0.0373,0.875,0.0561,3.07
11306,es_step,4000,0.0422,0.906,0.0561,3.04
11307,es_step,4000,0.0406,0.875,0.0561,3.10
11308,replay,4000,0.0936,1.000,0.0562,0.75
11309,replay,4000,0.0923,1.000,0.0562,0.75
11310,replay,4000,0.1269,1.000,0.0563,0.75
11311,replay,4000,0.1060,1.000,0.0563,0.75
11312,replay,4000,0.1106,1.000,0.0565,0.74
11313,replay,4000,0.0980,1.000,0.0567,0.74
11314,replay,4000,0.1153,1.000,0.0567,0.74
11315,replay,4000,0.1094,1.000,0.0567,0.74
11316,replay,4000,0.0754,1.000,0.0566,0.74
11317,es_step,4000,0.0370,0.906,0.0568,3.12
11318,replay,4000,0.0769,1.000,0.0567,0.74
11319,replay,4000,0.0837,1.000,0.0568,0.74
11320,replay,4000,0.0451,1.000,0.0566,0.74
11321,es_step,4000,0.0252,0.938,0.0566,3.08
11322,replay,4000,0.0669,1.000,0.0566,0.75
11323,replay,4000,0.0881,1.000,0.0566,0.75
11324,replay,4000,0.0914,1.000,0.0567,0.74
11325,es_step,4000,0.0334,0.906,0.0567,3.08
11326,replay,4000,0.0975,1.000,0.0567,0.73
11327,es_step,4000,0.0340,0.938,0.0567,3.07
11328,replay,4000,0.0819,1.000,0.0567,0.73
11329,replay,4000,0.0603,1.000,0.0565,0.74
11330,es_step,4000,0.0229,0.906,0.0565,3.09
11331,replay,4000,0.0699,1.000,0.0565,0.72
11332,es_step,4000,0.0205,1.000,0.0565,3.03
11333,replay,4000,0.0566,1.000,0.0564,0.73
11334,replay,4000,0.0450,1.000,0.0562,0.72
11335,es_step,4000,0.0104,0.938,0.0562,3.05
11336,replay,4000,0.0364,1.000,0.0560,0.72
11337,es_step,4000,0.0078,0.969,0.0560,3.02
11338,replay,4000,0.0295,1.000,0.0559,0.74
11339,replay,4000,0.0441,1.000,0.0558,0.74
11340,replay,4000,0.0859,1.000,0.0558,0.74
11341,replay,4000,0.0750,1.000,0.0558,0.74
11342,replay,4000,0.0503,1.000,0.0558,0.73
11343,es_step,4000,0.0441,1.000,0.0558,5.60
11344,replay,4000,0.0788,1.000,0.0558,0.73
11345,replay,4000,0.1017,1.000,0.0559,0.72
11346,replay,4000,0.1064,1.000,0.0559,0.73
11347,replay,4000,0.1070,1.000,0.0560,0.74
11348,replay,4000,0.1009,1.000,0.0560,0.75
11349,es_step,4000,0.0528,0.938,0.0561,3.10
11350,replay,4000,0.1366,1.000,0.0561,0.74
11351,replay,4000,0.1062,1.000,0.0561,0.74
11352,es_step,4000,0.0329,0.969,0.0561,3.07
11353,replay,4000,0.0806,1.000,0.0562,0.73
11354,replay,4000,0.0943,1.000,0.0562,0.72
11355,replay,4000,0.0997,1.000,0.0562,0.73
11356,replay,4000,0.1019,1.000,0.0562,0.73
11357,replay,4000,0.0244,1.000,0.0562,0.74
11358,replay,4000,0.1200,1.000,0.0562,0.74
11359,replay,4000,0.1119,1.000,0.0563,0.74
11360,es_step,4000,0.0629,0.875,0.0565,3.08
11361,replay,4000,0.1324,1.000,0.0567,0.73
11362,es_step,4000,0.0632,0.906,0.0568,3.03
11363,replay,4000,0.1326,1.000,0.0568,0.72
11364,replay,4000,0.1204,1.000,0.0569,0.72
11365,replay,4000,0.0963,1.000,0.0569,0.72
11366,replay,4000,0.1005,1.000,0.0569,0.72
11367,replay,4000,0.0285,1.000,0.0570,0.74
11368,replay,4000,0.1104,1.000,0.0570,0.74
11369,es_step,4000,0.0487,0.969,0.0570,3.08
11370,replay,4000,0.1015,1.000,0.0571,0.73
11371,replay,4000,0.1016,1.000,0.0571,0.74
11372,replay,4000,0.0893,1.000,0.0570,0.73
11373,replay,4000,0.1044,1.000,0.0571,0.73
11374,replay,4000,0.0748,1.000,0.0571,0.73
11375,replay,4000,0.1022,1.000,0.0572,0.73
11376,replay,4000,0.1056,1.000,0.0572,0.73
11377,replay,4000,0.0679,1.000,0.0572,0.73
11378,es_step,4000,0.0517,0.906,0.0572,3.03
11379,replay,4000,0.0889,1.000,0.0573,0.72
11380,es_step,4000,0.0422,0.938,0.0573,2.99
11381,replay,4000,0.1017,1.000,0.0573,0.72
11382,replay,4000,0.0199,1.000,0.0573,0.72
11383,replay,4000,0.0515,1.000,0.0573,0.73
11384,es_step,4000,0.0615,0.938,0.0575,3.02
11385,replay,4000,0.1196,1.000,0.0577,0.74
11386,replay,4000,0.1358,1.000,0.0579,0.74
11387,replay,4000,0.1868,1.000,0.0580,0.74
11388,replay,4000,0.1667,1.000,0.0581,0.74
11389,replay,4000,0.1367,1.000,0.0582,0.75
11390,replay,4000,0.1388,1.000,0.0583,0.75
11391,replay,4000,0.1237,1.000,0.0584,0.75
11392,replay,4000,0.1083,1.000,0.0584,0.75
11393,replay,4000,0.1068,1.000,0.0584,0.76
11394,replay,4000,0.0731,1.000,0.0585,0.76
11395,replay,4000,0.0566,1.000,0.0584,0.76
11396,replay,4000,0.0653,1.000,0.0584,0.77
11397,replay,4000,0.0690,1.000,0.0583,0.76
11398,replay,4000,0.0698,1.000,0.0583,0.77
11399,replay,4000,0.1109,1.000,0.0583,0.77
11400,replay,4000,0.0955,1.000,0.0583,0.77
11401,replay,4000,0.1168,1.000,0.0583,0.77
11402,replay,4000,0.0857,1.000,0.0584,0.78
11403,replay,4000,0.0930,1.000,0.0584,0.78
11404,replay,4000,0.0557,1.000,0.0582,0.77
11405,es_step,4000,0.0388,0.969,0.0582,3.24
11406,replay,4000,0.0661,1.000,0.0582,0.76
11407,replay,4000,0.0538,1.000,0.0581,0.76
11408,es_step,4000,0.0204,0.875,0.0581,3.20
11409,replay,4000,0.0714,1.000,0.0581,0.74
11410,replay,4000,0.0515,1.000,0.0580,0.75
11411,replay,4000,0.0872,1.000,0.0580,0.75
11412,replay,4000,0.0512,1.000,0.0579,0.75
11413,es_step,4000,0.0238,0.875,0.0579,3.19
11414,replay,4000,0.0530,1.000,0.0579,0.75
11415,es_step,4000,0.0473,0.938,0.0579,3.16
11416,replay,4000,0.0602,1.000,0.0578,0.74
11417,replay,4000,0.1391,1.000,0.0578,0.75
11418,es_step,4000,0.0552,0.938,0.0580,3.17
11419,replay,4000,0.1262,1.000,0.0581,0.74
11420,replay,4000,0.1419,1.000,0.0582,0.75
11421,replay,4000,0.1230,1.000,0.0583,0.75
11422,replay,4000,0.1107,1.000,0.0584,0.74
11423,replay,4000,0.1595,1.000,0.0587,0.75
11424,replay,4000,0.1472,1.000,0.0589,0.74
11425,replay,4000,0.1426,1.000,0.0590,0.75
11426,replay,4000,0.1249,1.000,0.0592,0.75
11427,replay,4000,0.1272,1.000,0.0593,0.75
11428,replay,4000,0.1187,1.000,0.0594,0.76
11429,replay,4000,0.1189,1.000,0.0595,0.76
11430,replay,4000,0.1024,1.000,0.0595,0.76
11431,replay,4000,0.0782,1.000,0.0595,0.76
11432,replay,4000,0.0634,1.000,0.0596,0.76
11433,replay,4000,0.0640,1.000,0.0595,0.76
11434,es_step,4000,0.0222,0.812,0.0595,3.21
11435,replay,4000,0.0487,1.000,0.0595,0.76
11436,replay,4000,0.0561,1.000,0.0594,0.76
11437,replay,4000,-0.1352,1.000,0.0592,0.76
11438,replay,4000,0.0898,1.000,0.0592,0.76
11439,replay,4000,0.1575,1.000,0.0592,0.76
11440,replay,4000,0.0982,1.000,0.0592,0.77
11441,es_step,4000,0.0858,0.906,0.0593,3.23
11442,es_step,4000,0.0644,0.844,0.0593,3.18
11443,replay,4000,0.0881,1.000,0.0593,0.75
11444,replay,4000,0.1066,1.000,0.0594,0.74
11445,replay,4000,0.0899,1.000,0.0594,0.74
11446,replay,4000,0.0904,1.000,0.0596,0.74
11447,es_step,4000,0.0395,0.969,0.0596,3.12
11448,replay,4000,0.0465,1.000,0.0596,0.74
11449,es_step,4000,0.0461,0.906,0.0596,3.09
11450,replay,4000,0.0821,1.000,0.0597,0.73
11451,replay,4000,0.0858,1.000,0.0597,0.73
11452,es_step,4000,0.0416,0.875,0.0597,3.10
11453,replay,4000,0.1086,1.000,0.0597,0.73
11454,es_step,4000,0.0549,0.906,0.0598,3.11
11455,replay,4000,0.1096,1.000,0.0599,0.73
11456,replay,4000,0.1199,1.000,0.0599,0.74
11457,es_step,4000,0.0878,0.875,0.0600,3.14
11458,replay,4000,0.1156,1.000,0.0602,0.75
11459,replay,4000,0.1314,1.000,0.0602,0.75
11460,replay,4000,0.1152,1.000,0.0602,0.75
11461,replay,4000,0.1077,1.000,0.0602,0.75
11462,replay,4000,0.0878,1.000,0.0603,0.75
11463,replay,4000,0.1129,1.000,0.0604,0.75
11464,replay,4000,0.1130,1.000,0.0604,0.75
11465,replay,4000,0.0958,1.000,0.0605,0.75
11466,replay,4000,0.1340,1.000,0.0607,0.75
11467,replay,4000,0.1384,1.000,0.0609,0.76
11468,replay,4000,0.1257,1.000,0.0610,0.75
11469,es_step,4000,0.0595,0.750,0.0610,3.20
11470,replay,4000,0.1125,1.000,0.0611,0.75
11471,replay,4000,0.1105,1.000,0.0611,0.75
11472,es_step,4000,0.0478,0.781,0.0611,3.15
11473,replay,4000,0.0864,1.000,0.0611,0.73
11474,replay,4000,0.0702,1.000,0.0611,0.73
11475,replay,4000,0.0960,1.000,0.0611,0.73
11476,es_step,4000,0.0300,0.938,0.0611,3.06
11477,es_step,4000,0.0282,0.969,0.0611,3.04
11478,replay,4000,0.0765,1.000,0.0611,0.72
11479,replay,4000,0.0562,1.000,0.0611,0.73
11480,replay,4000,0.0345,1.000,0.0609,0.75
11481,replay,4000,0.0471,1.000,0.0609,0.76
11482,replay,4000,0.0602,1.000,0.0608,0.77
11483,replay,4000,0.0624,1.000,0.0607,0.78
11484,replay,4000,0.0705,1.000,0.0607,0.77
11485,es_step,4000,0.0374,0.844,0.0607,3.22
11486,replay,4000,0.0865,1.000,0.0607,0.76
11487,replay,4000,0.1084,1.000,0.0606,0.76
11488,replay,4000,0.0974,1.000,0.0607,0.77
11489,replay,4000,0.0885,1.000,0.0607,0.76
11490,es_step,4000,0.0461,0.906,0.0607,3.21
11491,es_step,4000,0.0561,0.875,0.0607,3.16
11492,replay,4000,0.0697,1.000,0.0608,0.76
11493,replay,4000,0.0900,1.000,0.0608,0.75
11494,replay,4000,0.0884,1.000,0.0608,0.74
11495,replay,4000,0.0956,1.000,0.0608,0.75
11496,es_step,4000,0.0561,0.844,0.0608,3.15
11497,replay,4000,0.0968,1.000,0.0608,0.74
11498,replay,4000,0.1340,1.000,0.0609,0.74
11499,replay,4000,0.1220,1.000,0.0608,0.74
11500,es_step,4000,0.0513,0.844,0.0608,3.15
11501,replay,4000,0.1206,1.000,0.0609,0.74
11502,replay,4000,0.1113,1.000,0.0609,0.74
11503,replay,4000,0.1077,1.000,0.0610,0.74
11504,replay,4000,0.0909,1.000,0.0610,0.75
11505,replay,4000,0.0851,1.000,0.0610,0.75
11506,replay,4000,0.0820,1.000,0.0610,0.74
11507,replay,4000,-0.0060,1.000,0.0609,0.74
11508,replay,4000,0.1116,1.000,0.0609,0.75
11509,es_step,4000,0.0548,0.812,0.0609,3.16
11510,replay,4000,0.0900,1.000,0.0609,0.75
11511,es_step,4000,0.0554,0.844,0.0609,3.16
11512,replay,4000,0.0945,1.000,0.0610,0.74
11513,replay,4000,0.1042,1.000,0.0611,0.74
11514,replay,4000,0.0690,1.000,0.0612,0.74
11515,replay,4000,0.1031,1.000,0.0613,0.75
11516,replay,4000,0.1078,1.000,0.0612,0.75
11517,replay,4000,0.1216,1.000,0.0614,0.75
11518,replay,4000,0.0959,1.000,0.0614,0.74
11519,replay,4000,0.0919,1.000,0.0614,0.75
11520,es_step,4000,0.0461,0.781,0.0614,3.17
11521,replay,4000,0.0948,1.000,0.0614,0.74
11522,es_step,4000,0.0380,0.875,0.0614,3.16
11523,replay,4000,0.0760,1.000,0.0614,0.74
11524,es_step,4000,0.0510,0.844,0.0614,3.12
11525,replay,4000,0.1062,1.000,0.0614,0.73
11526,replay,4000,0.0848,1.000,0.0614,0.73
11527,es_step,4000,0.0444,0.812,0.0614,3.08
11528,replay,4000,0.0818,1.000,0.0614,0.74
11529,replay,4000,0.0909,1.000,0.0613,0.74
11530,replay,4000,0.1033,1.000,0.0613,0.74
11531,replay,4000,0.0946,1.000,0.0613,0.73
11532,replay,4000,0.0752,1.000,0.0613,0.74
11533,replay,4000,0.1112,1.000,0.0613,0.74
11534,es_step,4000,0.0634,0.719,0.0613,3.09
11535,replay,4000,0.1064,1.000,0.0614,0.73
11536,es_step,4000,0.0762,0.875,0.0614,3.07
11537,replay,4000,0.1399,1.000,0.0615,0.73
11538,replay,4000,0.1264,1.000,0.0616,0.74
11539,es_step,4000,0.0721,0.969,0.0616,3.10
11540,replay,4000,0.1192,1.000,0.0616,0.74
11541,replay,4000,0.1114,1.000,0.0617,0.74
11542,replay,4000,0.1046,1.000,0.0617,0.73
11543,replay,4000,0.0487,1.000,0.0617,0.72
11544,replay,4000,0.0739,1.000,0.0616,0.71
11545,replay,4000,0.0751,1.000,0.0616,0.70
11546,replay,4000,0.0554,1.000,0.0615,0.70
11547,replay,4000,0.0181,1.000,0.0613,0.69
11548,es_step,4000,0.0233,0.875,0.0613,2.89
11549,replay,4000,0.0582,1.000,0.0612,0.68
11550,replay,4000,0.0547,1.000,0.0611,0.71
11551,replay,4000,0.0548,1.000,0.0610,0.72
11552,replay,4000,0.0649,1.000,0.0609,0.73
11553,replay,4000,0.0762,1.000,0.0609,0.72
11554,replay,4000,0.0732,1.000,0.0608,0.72
11555,replay,4000,0.0743,1.000,0.0608,0.72
11556,replay,4000,0.1035,1.000,0.0608,0.72
11557,replay,4000,0.1106,1.000,0.0608,0.73
11558,replay,4000,0.1254,1.000,0.0609,0.72
11559,replay,4000,0.1018,1.000,0.0609,0.73
11560,replay,4000,0.1210,1.000,0.0609,0.74
11561,es_step,4000,0.0759,0.906,0.0610,3.07
11562,replay,4000,0.1220,1.000,0.0610,0.72
11563,replay,4000,0.1118,1.000,0.0611,0.74
11564,replay,4000,0.0938,1.000,0.0612,0.75
11565,es_step,4000,0.0442,0.938,0.0612,3.06
11566,es_step,4000,0.0467,0.938,0.0612,3.02
11567,replay,4000,0.0856,1.000,0.0612,0.73
11568,replay,4000,0.0953,1.000,0.0613,0.73
11569,replay,4000,0.0886,1.000,0.0612,0.73
11570,replay,4000,0.0801,1.000,0.0612,0.74
11571,replay,4000,0.0742,1.000,0.0612,0.74
11572,es_step,4000,0.0366,0.938,0.0612,3.09
11573,es_step,4000,0.0270,0.906,0.0612,3.08
11574,replay,4000,0.0950,1.000,0.0612,0.74
11575,replay,4000,0.0820,1.000,0.0612,0.73
11576,replay,4000,0.0966,1.000,0.0612,0.72
11577,es_step,4000,0.0488,0.906,0.0612,3.04
11578,es_step,4000,0.0429,0.906,0.0612,3.01
11579,replay,4000,0.0815,1.000,0.0613,0.74
11580,replay,4000,0.0866,1.000,0.0613,0.74
11581,replay,4000,0.0997,1.000,0.0613,3.15
11582,replay,4000,0.0675,1.000,0.0612,0.74
11583,replay,4000,0.0518,1.000,0.0612,0.74
11584,replay,4000,0.0345,1.000,0.0611,0.74
11585,replay,4000,0.0239,1.000,0.0611,0.74
11586,replay,4000,0.0693,1.000,0.0611,0.74
11587,replay,4000,0.1070,1.000,0.0610,0.74
11588,replay,4000,0.0833,1.000,0.0610,0.74
11589,replay,4000,0.0938,1.000,0.0610,0.74
11590,replay,4000,0.0987,1.000,0.0610,0.74
11591,replay,4000,0.1093,1.000,0.0610,0.74
11592,replay,4000,0.1157,1.000,0.0611,0.75
11593,replay,4000,0.0887,1.000,0.0611,0.75
11594,replay,4000,0.1162,1.000,0.0611,0.74
11595,es_step,4000,0.0439,0.969,0.0611,3.11
11596,replay,4000,0.1054,1.000,0.0611,0.74
11597,replay,4000,0.0717,1.000,0.0611,0.74
11598,es_step,4000,0.0232,0.906,0.0611,3.10
11599,replay,4000,0.0695,1.000,0.0610,0.74
11600,replay,4000,0.0496,1.000,0.0609,0.74
11601,replay,4000,0.0552,1.000,0.0608,0.74
11602,es_step,4000,0.0049,0.938,0.0608,3.12
11603,replay,4000,0.0547,1.000,0.0607,0.73
11604,replay,4000,0.0564,1.000,0.0606,0.73
11605,replay,4000,0.0106,1.000,0.0606,0.73
11606,replay,4000,0.0547,1.000,0.0606,0.73
11607,es_step,4000,0.0314,0.844,0.0606,3.12
11608,es_step,4000,0.0198,0.969,0.0606,3.08
11609,es_step,4000,0.0233,0.844,0.0606,3.11
11610,replay,4000,0.0531,1.000,0.0605,0.73
11611,es_step,4000,0.0159,0.875,0.0605,3.05
11612,es_step,4000,0.0238,0.938,0.0605,3.00
11613,replay,4000,0.0528,1.000,0.0605,0.73
11614,es_step,4000,0.0385,0.906,0.0605,3.03
11615,es_step,4000,0.0422,0.906,0.0605,3.01
11616,replay,4000,0.1150,1.000,0.0605,0.72
11617,replay,4000,0.1153,1.000,0.0605,0.72
11618,replay,4000,0.1035,1.000,0.0605,0.72
11619,replay,4000,0.1297,1.000,0.0605,0.72
11620,replay,4000,0.1189,1.000,0.0608,0.73
11621,replay,4000,0.0988,1.000,0.0609,0.74
11622,replay,4000,0.0995,1.000,0.0609,0.73
11623,replay,4000,0.0888,1.000,0.0609,0.72
11624,replay,4000,0.0735,1.000,0.0609,0.72
11625,replay,4000,0.0799,1.000,0.0609,0.74
11626,es_step,4000,0.0304,1.000,0.0609,3.06
11627,es_step,4000,0.0232,1.000,0.0609,2.98
11628,replay,4000,0.0909,1.000,0.0608,0.72
11629,es_step,4000,0.0279,0.906,0.0609,2.94
11630,replay,4000,0.0636,1.000,0.0608,0.73
11631,replay,4000,0.0678,1.000,0.0608,0.73
11632,es_step,4000,0.0381,0.906,0.0608,3.08
11633,es_step,4000,0.0358,0.969,0.0608,3.00
11634,es_step,4000,0.0283,0.906,0.0608,2.93
11635,replay,4000,0.1155,1.000,0.0607,0.71
11636,replay,4000,0.0781,1.000,0.0607,0.71
11637,es_step,4000,0.0288,0.719,0.0607,2.95
11638,replay,4000,0.0792,1.000,0.0606,0.72
11639,replay,4000,0.0769,1.000,0.0606,0.73
11640,replay,4000,0.0927,1.000,0.0606,0.72
11641,replay,4000,0.1143,1.000,0.0607,0.73
11642,replay,4000,0.1062,1.000,0.0607,0.73
11643,replay,4000,0.0905,1.000,0.0607,0.73
11644,replay,4000,0.1115,1.000,0.0607,0.73
11645,replay,4000,0.0938,1.000,0.0608,0.73
11646,replay,4000,0.1058,1.000,0.0608,0.73
11647,replay,4000,0.0619,1.000,0.0608,0.73
11648,replay,4000,0.1066,1.000,0.0608,0.73
11649,es_step,4000,0.0308,0.969,0.0608,3.03
11650,replay,4000,0.1091,1.000,0.0607,0.73
11651,replay,4000,0.1065,1.000,0.0608,0.73
11652,replay,4000,0.0879,1.000,0.0608,0.73
11653,replay,4000,0.1097,1.000,0.0607,0.73
11654,replay,4000,0.1094,1.000,0.0607,0.74
11655,es_step,4000,0.0274,0.906,0.0607,3.01
11656,replay,4000,0.1078,1.000,0.0607,0.72
11657,replay,4000,0.1064,1.000,0.0607,0.73
11658,replay,4000,0.0879,1.000,0.0607,0.74
11659,replay,4000,0.0900,1.000,0.0606,0.75
11660,replay,4000,0.0822,1.000,0.0606,0.76
11661,replay,4000,0.0479,1.000,0.0605,0.76
11662,replay,4000,0.0547,1.000,0.0605,0.76
11663,replay,4000,0.0692,1.000,0.0603,0.76
11664,replay,4000,0.0756,1.000,0.0602,0.76
11665,replay,4000,0.0737,1.000,0.0603,0.76
11666,replay,4000,0.0496,1.000,0.0603,0.76
11667,es_step,4000,0.0499,0.812,0.0603,3.13
11668,replay,4000,0.0907,1.000,0.0603,0.75
11669,replay,4000,0.0945,1.000,0.0604,0.76
11670,es_step,4000,0.0684,0.875,0.0606,3.16
11671,replay,4000,0.1111,1.000,0.0605,0.74
11672,replay,4000,0.1086,1.000,0.0606,0.74
11673,replay,4000,0.1150,1.000,0.0607,0.74
11674,replay,4000,0.1186,1.000,0.0608,0.75
11675,replay,4000,0.1287,1.000,0.0608,0.76
11676,replay,4000,0.1143,1.000,0.0609,0.76
11677,replay,4000,0.1069,1.000,0.0609,0.76
11678,replay,4000,0.0999,1.000,0.0610,0.76
11679,replay,4000,0.0822,1.000,0.0610,0.76
11680,replay,4000,0.0678,1.000,0.0609,0.76
11681,es_step,4000,0.0226,0.844,0.0609,3.15
11682,replay,4000,0.0708,1.000,0.0608,0.75
11683,replay,4000,0.0648,1.000,0.0607,0.76
11684,replay,4000,0.0749,1.000,0.0607,0.77
11685,es_step,4000,0.0245,0.812,0.0607,3.17
11686,replay,4000,0.0823,1.000,0.0607,0.75
11687,replay,4000,0.0740,1.000,0.0607,0.75
11688,replay,4000,0.0541,1.000,0.0607,0.75
11689,es_step,4000,0.0247,0.812,0.0607,3.15
11690,es_step,4000,0.0409,0.969,0.0607,3.14
11691,replay,4000,0.0682,1.000,0.0607,0.74
11692,es_step,4000,0.0155,0.812,0.0607,3.06
11693,replay,4000,0.0753,1.000,0.0606,0.73
11694,replay,4000,0.0666,1.000,0.0606,0.73
11695,replay,4000,0.0714,1.000,0.0605,0.73
11696,replay,4000,0.0670,1.000,0.0605,0.73
11697,es_step,4000,0.0252,0.781,0.0605,2.99
11698,replay,4000,0.0594,1.000,0.0606,0.73
11699,replay,4000,0.0942,1.000,0.0606,0.73
11700,replay,4000,0.0481,1.000,0.0605,0.73
11701,replay,4000,0.0018,1.000,0.0604,0.73
11702,es_step,4000,0.0229,0.906,0.0604,2.99
11703,replay,4000,0.0610,1.000,0.0604,0.72
11704,replay,4000,0.0907,1.000,0.0604,0.72
11705,replay,4000,0.0867,1.000,0.0603,0.74
11706,replay,4000,0.0645,1.000,0.0602,0.75
11707,replay,4000,0.0715,1.000,0.0603,0.76
11708,replay,4000,0.0498,1.000,0.0602,0.76
11709,es_step,4000,0.0186,0.781,0.0602,3.10
11710,replay,4000,0.0991,1.000,0.0601,0.73
11711,replay,4000,0.0692,1.000,0.0601,0.73
11712,replay,4000,0.0615,1.000,0.0600,0.74
11713,replay,4000,0.0696,1.000,0.0600,0.73
11714,replay,4000,0.0554,1.000,0.0599,0.74
11715,es_step,4000,0.0368,0.906,0.0599,3.10
11716,replay,4000,0.0468,1.000,0.0597,0.73
11717,replay,4000,0.0671,1.000,0.0596,0.73
11718,replay,4000,0.0903,1.000,0.0597,0.74
11719,replay,4000,0.0907,1.000,0.0596,0.74
11720,replay,4000,0.0579,1.000,0.0596,0.74
11721,es_step,4000,0.0416,0.969,0.0596,3.09
11722,es_step,4000,0.0354,0.875,0.0596,3.11
11723,replay,4000,0.0578,1.000,0.0595,0.75
11724,replay,4000,0.0510,1.000,0.0594,0.75
11725,es_step,4000,0.0318,0.875,0.0594,3.16
11726,replay,4000,0.1175,1.000,0.0594,0.75
11727,replay,4000,0.0794,1.000,0.0594,0.77
11728,replay,4000,0.0909,1.000,0.0594,0.76
11729,replay,4000,0.1054,1.000,0.0594,0.76
11730,replay,4000,0.1112,1.000,0.0594,0.76
11731,es_step,4000,0.0484,0.844,0.0594,3.14
11732,replay,4000,0.1179,1.000,0.0595,0.74
11733,replay,4000,0.1013,1.000,0.0596,0.75
11734,replay,4000,0.0989,1.000,0.0596,0.76
11735,replay,4000,0.0992,1.000,0.0596,0.76
11736,replay,4000,0.0887,1.000,0.0596,0.75
11737,replay,4000,0.0849,1.000,0.0596,0.75
11738,replay,4000,0.0832,1.000,0.0596,0.75
11739,replay,4000,0.0425,1.000,0.0595,0.75
11740,replay,4000,0.0692,1.000,0.0596,0.76
11741,replay,4000,0.0754,1.000,0.0596,0.77
11742,replay,4000,0.0879,1.000,0.0596,0.77
11743,replay,4000,0.1228,1.000,0.0597,0.77
11744,replay,4000,0.0905,1.000,0.0598,0.77
11745,es_step,4000,0.0559,0.875,0.0598,3.24
11746,es_step,4000,0.0655,0.938,0.0598,3.22
11747,es_step,4000,0.0613,0.906,0.0598,3.17
11748,replay,4000,0.1120,1.000,0.0598,0.76
11749,replay,4000,0.1512,1.000,0.0600,0.76
11750,replay,4000,0.1124,1.000,0.0599,0.76
11751,replay,4000,0.1103,1.000,0.0600,0.76
11752,replay,4000,0.1196,1.000,0.0601,0.76
11753,replay,4000,0.1356,1.000,0.0601,0.76
11754,replay,4000,0.1050,1.000,0.0602,0.76
11755,replay,4000,0.1269,1.000,0.0602,0.77
11756,es_step,4000,0.0563,0.938,0.0602,3.22
11757,replay,4000,0.1437,1.000,0.0603,0.75
11758,replay,4000,0.1289,1.000,0.0602,0.75
11759,replay,4000,0.0763,1.000,0.0602,0.74
11760,replay,4000,0.0866,1.000,0.0602,0.74
11761,replay,4000,0.0669,1.000,0.0602,0.74
11762,replay,4000,0.0809,1.000,0.0601,0.75
11763,replay,4000,0.0621,1.000,0.0601,0.75
11764,replay,4000,0.0722,1.000,0.0599,0.75
11765,replay,4000,0.0306,1.000,0.0598,0.74
11766,replay,4000,0.0875,1.000,0.0598,0.74
11767,replay,4000,0.0631,1.000,0.0597,0.74
11768,replay,4000,0.0553,1.000,0.0596,0.74
11769,replay,4000,0.0755,1.000,0.0596,0.74
11770,es_step,4000,0.0272,0.938,0.0596,3.15
11771,replay,4000,0.0774,1.000,0.0595,0.80
11772,replay,4000,0.0696,1.000,0.0595,0.74
11773,replay,4000,0.0774,1.000,0.0595,0.74
11774,replay,4000,-0.0561,1.000,0.0595,0.74
11775,replay,4000,0.1096,1.000,0.0595,0.74
11776,es_step,4000,0.0708,0.844,0.0595,3.12
11777,replay,4000,0.0923,1.000,0.0596,0.74
11778,replay,4000,0.0879,1.000,0.0596,0.74
11779,es_step,4000,0.0549,0.969,0.0596,3.08
11780,replay,4000,0.1025,1.000,0.0597,0.73
11781,replay,4000,0.1049,1.000,0.0597,0.74
11782,replay,4000,0.1005,1.000,0.0597,0.74
11783,replay,4000,0.0997,1.000,0.0597,0.74
11784,replay,4000,0.0759,1.000,0.0596,0.74
11785,replay,4000,0.0723,1.000,0.0596,0.74
11786,replay,4000,0.0618,1.000,0.0596,0.74
11787,es_step,4000,0.0407,0.938,0.0596,3.07
11788,es_step,4000,0.0381,0.938,0.0596,3.10
11789,replay,4000,0.0418,1.000,0.0594,0.75
11790,replay,4000,0.0419,1.000,0.0593,0.76
11791,replay,4000,0.0664,1.000,0.0593,0.76
11792,es_step,4000,0.0303,0.906,0.0593,3.13
11793,es_step,4000,0.0257,0.906,0.0593,3.02
11794,es_step,4000,0.0132,0.938,0.0593,2.93
11795,replay,4000,-0.1868,1.000,0.0591,0.68
11796,replay,4000,0.0621,1.000,0.0590,0.67
11797,es_step,4000,0.0458,0.844,0.0591,2.77
11798,replay,4000,0.1080,1.000,0.0590,0.66
11799,replay,4000,0.0877,1.000,0.0591,0.66
11800,replay,4000,0.1058,1.000,0.0592,0.66
11801,replay,4000,0.1150,1.000,0.0592,0.67
11802,es_step,4000,0.0591,0.906,0.0592,2.91
11803,replay,4000,0.1158,1.000,0.0593,0.73
11804,replay,4000,0.0642,1.000,0.0593,0.73
11805,replay,4000,0.0830,1.000,0.0594,0.74
11806,replay,4000,0.1304,1.000,0.0596,0.76
11807,es_step,4000,0.0660,0.938,0.0596,3.11
11808,replay,4000,0.1142,1.000,0.0597,0.74
11809,replay,4000,0.1078,1.000,0.0598,0.74
11810,es_step,4000,0.0739,0.906,0.0598,2.98
11811,es_step,4000,0.0659,0.938,0.0599,2.95
11812,es_step,4000,0.0649,0.906,0.0600,5.56
11813,replay,4000,0.1174,1.000,0.0601,0.72
11814,replay,4000,0.0776,1.000,0.0601,0.72
11815,replay,4000,0.0961,1.000,0.0601,0.72
11816,replay,4000,0.0926,1.000,0.0600,0.73
11817,replay,4000,0.0772,1.000,0.0600,0.73
11818,replay,4000,0.0908,1.000,0.0599,0.72
11819,replay,4000,0.0396,1.000,0.0597,0.73
11820,replay,4000,0.0524,1.000,0.0597,0.73
11821,es_step,4000,0.0207,0.875,0.0597,3.04
11822,replay,4000,0.0677,1.000,0.0597,0.74
11823,replay,4000,0.0894,1.000,0.0596,0.73
11824,replay,4000,0.0784,1.000,0.0596,0.74
11825,replay,4000,0.0741,1.000,0.0597,0.74
11826,replay,4000,0.0473,1.000,0.0597,0.73
11827,replay,4000,0.1292,1.000,0.0598,0.73
11828,replay,4000,0.1578,1.000,0.0599,0.74
11829,replay,4000,0.1657,1.000,0.0600,0.75
11830,replay,4000,0.1492,1.000,0.0602,0.75
11831,replay,4000,0.1249,1.000,0.0602,0.75
11832,replay,4000,0.1315,1.000,0.0604,0.75
11833,es_step,4000,0.0610,0.906,0.0605,3.18
11834,replay,4000,0.1296,1.000,0.0606,0.75
11835,replay,4000,0.1076,1.000,0.0607,0.76
11836,es_step,4000,0.0548,0.875,0.0607,3.15
11837,replay,4000,0.1013,1.000,0.0607,0.74
11838,replay,4000,0.0638,1.000,0.0606,0.73
11839,replay,4000,0.0789,1.000,0.0606,0.74
11840,replay,4000,0.0738,1.000,0.0606,0.73
11841,replay,4000,0.0957,1.000,0.0605,0.74
11842,es_step,4000,0.0223,0.812,0.0605,3.05
11843,replay,4000,0.0723,1.000,0.0605,0.73
11844,replay,4000,0.0664,1.000,0.0604,0.73
11845,replay,4000,0.0542,1.000,0.0604,0.73
11846,replay,4000,0.0517,1.000,0.0603,0.73
11847,replay,4000,0.0466,1.000,0.0601,0.73
11848,replay,4000,0.0807,1.000,0.0600,0.74
11849,es_step,4000,0.0404,0.875,0.0601,3.11
11850,replay,4000,0.0752,1.000,0.0600,0.73
11851,replay,4000,0.0906,1.000,0.0600,0.73
11852,replay,4000,0.0818,1.000,0.0600,0.73
11853,es_step,4000,0.0249,0.875,0.0600,3.03
11854,replay,4000,0.0756,1.000,0.0599,0.72
11855,replay,4000,0.1158,1.000,0.0599,0.72
11856,replay,4000,0.0734,1.000,0.0599,0.72
11857,es_step,4000,0.0405,1.000,0.0599,2.94
11858,replay,4000,0.0761,1.000,0.0599,0.71
11859,replay,4000,0.0992,1.000,0.0599,0.72
11860,replay,4000,0.0990,1.000,0.0599,0.72
11861,replay,4000,0.0949,1.000,0.0599,0.72
11862,replay,4000,0.0860,1.000,0.0598,0.72
11863,replay,4000,0.0793,1.000,0.0598,0.72
11864,replay,4000,0.0765,1.000,0.0598,0.72
11865,replay,4000,0.0570,1.000,0.0598,0.73
11866,replay,4000,0.0627,1.000,0.0597,0.74
11867,replay,4000,0.0499,1.000,0.0597,0.74
11868,replay,4000,0.0815,1.000,0.0596,0.75
11869,replay,4000,0.0805,1.000,0.0596,0.74
11870,replay,4000,0.0449,1.000,0.0595,0.75
11871,replay,4000,0.0659,1.000,0.0594,0.76
11872,replay,4000,0.0746,1.000,0.0594,0.76
11873,replay,4000,0.1000,1.000,0.0594,0.76
11874,replay,4000,0.1081,1.000,0.0595,0.76
11875,es_step,4000,0.0526,0.906,0.0595,3.14
11876,es_step,4000,0.0493,0.938,0.0595,3.13
11877,replay,4000,0.0989,1.000,0.0595,0.74
11878,es_step,4000,0.0420,0.938,0.0595,3.05
11879,es_step,4000,0.0427,0.906,0.0595,2.95
11880,es_step,4000,0.0427,0.750,0.0595,3.56
11881,replay,4000,0.0912,1.000,0.0596,0.81
11882,replay,4000,0.0989,1.000,0.0597,0.80
11883,replay,4000,0.0895,1.000,0.0597,0.81
11884,replay,4000,0.0764,1.000,0.0597,0.81
11885,replay,4000,0.0900,1.000,0.0597,0.80
11886,es_step,4000,0.0378,0.781,0.0597,3.43
11887,replay,4000,0.0958,1.000,0.0598,0.79
11888,replay,4000,0.0947,1.000,0.0598,0.80
11889,replay,4000,0.0518,1.000,0.0598,0.80
11890,es_step,4000,0.0488,0.938,0.0598,3.46
11891,replay,4000,0.1044,1.000,0.0599,0.80
11892,replay,4000,0.1000,1.000,0.0599,0.79
11893,replay,4000,0.0916,1.000,0.0599,0.79
11894,replay,4000,0.1037,1.000,0.0600,0.79
11895,replay,4000,0.1115,1.000,0.0600,0.79
11896,es_step,4000,0.0427,0.781,0.0600,3.40
11897,es_step,4000,0.0364,0.906,0.0600,3.34
11898,es_step,4000,0.0354,0.875,0.0600,3.30
11899,replay,4000,0.0870,1.000,0.0600,0.76
11900,replay,4000,0.0835,1.000,0.0601,0.76
11901,replay,4000,0.0690,1.000,0.0600,0.77
11902,es_step,4000,0.0337,0.844,0.0600,3.24
11903,replay,4000,0.0749,1.000,0.0600,0.75
11904,replay,4000,0.0659,1.000,0.0600,0.75
11905,replay,4000,-0.0303,1.000,0.0599,0.76
11906,es_step,4000,0.0292,0.844,0.0600,3.22
11907,replay,4000,0.0361,1.000,0.0600,0.75
11908,replay,4000,0.0860,1.000,0.0600,0.75
11909,replay,4000,0.1054,1.000,0.0600,0.75
11910,replay,4000,0.1104,1.000,0.0600,0.76
11911,replay,4000,0.0971,1.000,0.0601,0.77
11912,replay,4000,0.1028,1.000,0.0602,0.77
11913,replay,4000,0.0948,1.000,0.0602,0.77
11914,es_step,4000,0.0397,0.812,0.0602,3.24
11915,replay,4000,0.0868,1.000,0.0602,0.76
11916,replay,4000,0.0887,1.000,0.0602,0.76
11917,replay,4000,0.0691,1.000,0.0601,0.76
11918,es_step,4000,0.0226,0.938,0.0601,3.26
11919,es_step,4000,0.0299,1.000,0.0601,3.24
11920,replay,4000,0.0850,1.000,0.0603,0.75
11921,replay,4000,0.1177,1.000,0.0602,0.76
11922,replay,4000,0.1184,1.000,0.0602,0.75
11923,replay,4000,0.1001,1.000,0.0602,0.75
11924,replay,4000,0.0952,1.000,0.0604,0.75
11925,replay,4000,0.0890,1.000,0.0604,0.75
11926,es_step,4000,0.0509,0.875,0.0604,3.21
11927,replay,4000,0.1218,1.000,0.0605,0.75
11928,replay,4000,0.0995,1.000,0.0605,0.75
11929,es_step,4000,0.0395,0.875,0.0605,3.18
11930,replay,4000,0.0886,1.000,0.0604,0.74
11931,replay,4000,0.1005,1.000,0.0604,0.74
11932,replay,4000,0.1039,1.000,0.0604,0.74
11933,es_step,4000,0.0225,0.875,0.0604,3.09
11934,replay,4000,0.0854,1.000,0.0604,0.73
11935,replay,4000,0.0575,1.000,0.0602,0.73
11936,replay,4000,0.0400,1.000,0.0602,0.73
11937,replay,4000,0.0368,1.000,0.0601,0.74
11938,es_step,4000,0.0085,0.906,0.0601,3.11
11939,replay,4000,0.0434,1.000,0.0600,0.73
11940,replay,4000,0.0616,1.000,0.0599,0.74
11941,es_step,4000,0.0154,0.938,0.0599,3.09
11942,replay,4000,0.0480,1.000,0.0599,0.73
11943,es_step,4000,0.0110,0.812,0.0599,3.10
11944,es_step,4000,0.0133,0.844,0.0599,3.09
11945,replay,4000,0.0657,1.000,0.0598,0.74
11946,es_step,4000,0.0161,0.906,0.0598,3.11
11947,es_step,4000,0.0209,0.875,0.0598,3.06
11948,replay,4000,0.0620,1.000,0.0597,0.73
11949,es_step,4000,0.0170,0.969,0.0597,3.03
11950,replay,4000,0.0653,1.000,0.0596,0.73
11951,replay,4000,0.0522,1.000,0.0596,0.74
11952,es_step,4000,0.0354,0.844,0.0596,3.13
11953,replay,4000,0.0732,1.000,0.0595,0.74
11954,replay,4000,0.0694,1.000,0.0595,0.74
11955,replay,4000,0.0812,1.000,0.0596,0.74
11956,replay,4000,0.0644,1.000,0.0596,0.75
11957,replay,4000,0.0625,1.000,0.0596,0.75
11958,es_step,4000,0.0143,0.938,0.0596,3.16
11959,replay,4000,0.0595,1.000,0.0595,0.74
11960,replay,4000,0.0880,1.000,0.0596,0.74
11961,es_step,4000,0.0360,0.844,0.0596,3.11
11962,es_step,4000,0.0330,0.938,0.0596,3.09
11963,replay,4000,0.0805,1.000,0.0595,0.73
11964,replay,4000,0.0906,1.000,0.0595,0.75
11965,es_step,4000,0.0378,0.906,0.0595,3.15
11966,replay,4000,0.1003,1.000,0.0595,0.75
11967,replay,4000,0.1007,1.000,0.0595,0.75
11968,replay,4000,0.0784,1.000,0.0595,0.76
11969,es_step,4000,0.0370,0.844,0.0595,3.15
11970,replay,4000,0.0870,1.000,0.0595,0.76
11971,replay,4000,0.0992,1.000,0.0595,0.76
11972,es_step,4000,0.0359,0.844,0.0595,3.18
11973,replay,4000,0.0830,1.000,0.0595,0.75
11974,replay,4000,0.0819,1.000,0.0595,0.75
11975,replay,4000,0.0805,1.000,0.0595,0.75
11976,replay,4000,0.0779,1.000,0.0595,0.75
11977,es_step,4000,0.0249,0.875,0.0595,3.15
11978,replay,4000,0.0582,1.000,0.0595,0.75
11979,replay,4000,0.0776,1.000,0.0595,0.75
11980,replay,4000,0.0858,1.000,0.0595,0.76
11981,replay,4000,0.0772,1.000,0.0595,0.76
11982,replay,4000,0.0818,1.000,0.0595,0.76
11983,es_step,4000,0.0083,0.875,0.0595,3.19
11984,es_step,4000,0.0233,0.906,0.0595,3.15
11985,replay,4000,0.0727,1.000,0.0594,0.76
11986,es_step,4000,0.0235,0.875,0.0594,3.18
11987,replay,4000,0.0725,1.000,0.0594,0.75
11988,replay,4000,0.0783,1.000,0.0593,0.76
11989,replay,4000,0.0563,1.000,0.0593,0.75
11990,replay,4000,0.0573,1.000,0.0593,0.75
11991,replay,4000,0.0712,1.000,0.0593,0.76
11992,replay,4000,0.0738,1.000,0.0593,0.76
11993,replay,4000,0.0970,1.000,0.0593,0.75
11994,replay,4000,0.0823,1.000,0.0592,0.75
11995,replay,4000,0.0734,1.000,0.0592,0.75
11996,es_step,4000,0.0440,0.812,0.0592,3.16
11997,replay,4000,0.0931,1.000,0.0592,0.74
11998,replay,4000,0.0916,1.000,0.0593,0.74
11999,replay,4000,0.1033,1.000,0.0593,0.75
12000,replay,4000,0.0867,1.000,0.0593,0.77
12001,replay,4000,0.0761,1.000,0.0593,0.77
12002,replay,4000,0.0981,1.000,0.0594,0.77
12003,es_step,4000,0.0503,0.938,0.0594,3.20
12004,replay,4000,0.0744,1.000,0.0594,0.75
12005,replay,4000,0.0882,1.000,0.0594,0.75
12006,es_step,4000,0.0338,0.781,0.0594,3.14
12007,replay,4000,0.0687,1.000,0.0594,0.74
12008,replay,4000,0.0828,1.000,0.0595,0.76
12009,replay,4000,0.0883,1.000,0.0594,0.76
12010,replay,4000,0.1067,1.000,0.0595,0.77
12011,replay,4000,0.0727,1.000,0.0595,0.78
12012,replay,4000,0.0934,1.000,0.0596,0.77
12013,replay,4000,0.1060,1.000,0.0598,0.77
12014,es_step,4000,0.0492,0.844,0.0598,3.21
12015,replay,4000,-0.0143,1.000,0.0597,0.75
12016,replay,4000,0.0988,1.000,0.0596,0.74
12017,replay,4000,0.1248,1.000,0.0597,0.75
12018,es_step,4000,0.0593,0.938,0.0597,3.21
12019,es_step,4000,0.0646,0.906,0.0598,3.20
12020,replay,4000,0.0950,1.000,0.0598,0.75
12021,replay,4000,0.1161,1.000,0.0600,0.75
12022,replay,4000,0.1334,1.000,0.0601,0.75
12023,replay,4000,0.1151,1.000,0.0601,0.75
12024,replay,4000,0.0865,1.000,0.0602,0.76
12025,replay,4000,0.0663,1.000,0.0603,0.75
12026,replay,4000,0.0940,1.000,0.0604,0.76
12027,replay,4000,0.0927,1.000,0.0604,0.74
12028,replay,4000,0.1091,1.000,0.0604,0.74
12029,replay,4000,0.0721,1.000,0.0606,0.74
12030,replay,4000,0.0829,1.000,0.0606,0.74
12031,replay,4000,0.0950,1.000,0.0606,0.75
12032,replay,4000,0.0901,1.000,0.0606,0.74
12033,replay,4000,0.0897,1.000,0.0607,0.74
12034,es_step,4000,0.0419,0.875,0.0607,3.09
12035,replay,4000,0.0852,1.000,0.0606,0.73
12036,replay,4000,0.0726,1.000,0.0606,0.73
12037,es_step,4000,0.0249,0.812,0.0606,3.05
12038,replay,4000,-0.2133,1.000,0.0605,0.73
12039,replay,4000,0.0700,1.000,0.0605,0.73
12040,replay,4000,0.0828,1.000,0.0605,3.21
12041,replay,4000,0.1270,1.000,0.0605,0.74
12042,replay,4000,0.1358,1.000,0.0607,0.76
12043,replay,4000,0.1295,1.000,0.0607,0.76
12044,es_step,4000,0.0668,0.906,0.0609,3.19
12045,replay,4000,0.0914,1.000,0.0609,0.75
12046,replay,4000,0.1468,1.000,0.0610,0.75
12047,replay,4000,0.1438,1.000,0.0611,0.76
12048,es_step,4000,0.0902,0.812,0.0613,3.15
12049,replay,4000,0.1527,1.000,0.0615,0.75
12050,replay,4000,0.1569,1.000,0.0616,0.76
12051,replay,4000,0.1436,1.000,0.0618,0.76
12052,replay,4000,0.1489,1.000,0.0619,0.76
12053,replay,4000,0.1401,1.000,0.0621,0.76
12054,es_step,4000,0.0853,0.906,0.0621,3.19
12055,replay,4000,0.1456,1.000,0.0622,0.76
12056,replay,4000,0.1515,1.000,0.0624,0.75
12057,replay,4000,0.1348,1.000,0.0625,0.75
12058,replay,4000,0.1319,1.000,0.0627,0.75
12059,replay,4000,0.1125,1.000,0.0627,0.76
12060,replay,4000,0.1158,1.000,0.0628,0.75
12061,replay,4000,0.0877,1.000,0.0628,0.76
12062,replay,4000,0.0896,1.000,0.0629,0.75
12063,replay,4000,0.1096,1.000,0.0629,0.75
12064,replay,4000,0.1006,1.000,0.0629,0.75
12065,replay,4000,0.1017,1.000,0.0630,0.76
12066,replay,4000,0.0633,1.000,0.0630,0.75
12067,replay,4000,0.0794,1.000,0.0629,0.76
12068,replay,4000,0.0840,1.000,0.0629,0.75
12069,replay,4000,0.0851,1.000,0.0628,0.75
12070,replay,4000,0.1131,1.000,0.0629,0.75
12071,replay,4000,0.0870,1.000,0.0629,0.76
12072,replay,4000,0.1145,1.000,0.0629,0.77
12073,replay,4000,0.0986,1.000,0.0631,0.77
12074,replay,4000,0.0846,1.000,0.0630,0.77
12075,replay,4000,0.0704,1.000,0.0629,0.77
12076,replay,4000,0.0523,1.000,0.0628,0.77
12077,replay,4000,0.0652,1.000,0.0628,0.77
12078,es_step,4000,0.0362,0.875,0.0628,3.23
12079,replay,4000,0.0639,1.000,0.0627,0.76
12080,replay,4000,0.0735,1.000,0.0627,0.76
12081,replay,4000,0.0601,1.000,0.0626,0.76
12082,replay,4000,0.0608,1.000,0.0625,0.76
12083,replay,4000,0.0489,1.000,0.0624,0.76
12084,replay,4000,0.0527,1.000,0.0624,0.77
12085,replay,4000,0.0500,1.000,0.0623,0.78
12086,replay,4000,0.0615,1.000,0.0623,0.77
12087,replay,4000,0.0418,1.000,0.0621,0.77
12088,replay,4000,0.0461,1.000,0.0621,0.78
12089,replay,4000,0.0349,1.000,0.0619,0.78
12090,replay,4000,0.0604,1.000,0.0618,0.79
12091,es_step,4000,0.0348,0.812,0.0618,3.32
12092,replay,4000,0.0955,1.000,0.0617,0.77
12093,es_step,4000,0.0495,0.875,0.0617,3.23
12094,es_step,4000,0.0619,0.844,0.0617,3.16
12095,replay,4000,0.1016,1.000,0.0618,0.74
12096,replay,4000,0.1004,1.000,0.0620,0.76
12097,replay,4000,0.1209,1.000,0.0621,0.77
12098,replay,4000,0.1381,1.000,0.0624,0.76
12099,replay,4000,0.1297,1.000,0.0625,0.77
12100,es_step,4000,0.0985,0.812,0.0627,3.26
12101,es_step,4000,0.0759,0.875,0.0627,3.18
12102,replay,4000,0.1334,1.000,0.0628,0.74
12103,replay,4000,0.1477,1.000,0.0629,0.76
12104,es_step,4000,0.1024,0.781,0.0631,3.20
12105,replay,4000,0.1436,1.000,0.0631,0.74
12106,replay,4000,0.1350,1.000,0.0633,0.75
12107,es_step,4000,0.0775,0.812,0.0633,3.19
12108,replay,4000,0.1214,1.000,0.0634,0.75
12109,es_step,4000,0.0730,0.750,0.0634,3.16
12110,es_step,4000,0.0473,0.875,0.0634,3.12
12111,replay,4000,0.1471,1.000,0.0635,0.73
12112,es_step,4000,0.0611,0.938,0.0635,3.09
12113,es_step,4000,0.0488,0.844,0.0635,3.08
12114,replay,4000,0.0248,1.000,0.0634,0.73
12115,replay,4000,0.1117,1.000,0.0635,0.73
12116,replay,4000,0.1264,1.000,0.0635,0.74
12117,replay,4000,0.1142,1.000,0.0635,0.75
12118,replay,4000,0.1138,1.000,0.0636,0.74
12119,replay,4000,0.1109,1.000,0.0637,0.74
12120,es_step,4000,0.0681,0.906,0.0637,3.09
12121,replay,4000,0.0153,1.000,0.0638,0.73
12122,replay,4000,0.1391,1.000,0.0639,0.73
12123,replay,4000,0.1336,1.000,0.0639,0.73
12124,replay,4000,0.1302,1.000,0.0640,0.74
12125,es_step,4000,0.0892,0.812,0.0640,3.07
12126,replay,4000,0.1451,1.000,0.0641,0.73
12127,replay,4000,0.1309,1.000,0.0643,0.73
12128,replay,4000,0.1558,1.000,0.0644,0.73
12129,replay,4000,0.1333,1.000,0.0644,0.73
12130,replay,4000,0.1390,1.000,0.0646,0.76
12131,replay,4000,0.1340,1.000,0.0647,0.76
12132,es_step,4000,0.0514,0.844,0.0647,3.13
12133,replay,4000,0.1231,1.000,0.0647,0.73
12134,replay,4000,0.1016,1.000,0.0647,0.74
12135,replay,4000,0.1059,1.000,0.0648,0.73
12136,replay,4000,0.0663,1.000,0.0648,0.74
12137,replay,4000,0.0759,1.000,0.0648,0.74
12138,es_step,4000,0.0139,0.812,0.0648,3.08
12139,replay,4000,0.0679,1.000,0.0648,0.73
12140,replay,4000,0.0900,1.000,0.0646,0.73
12141,replay,4000,0.0893,1.000,0.0647,0.75
12142,replay,4000,0.1018,1.000,0.0646,0.76
12143,replay,4000,0.0717,1.000,0.0646,0.76
12144,es_step,4000,0.0474,0.938,0.0646,3.13
12145,es_step,4000,0.0461,0.812,0.0646,3.08
12146,replay,4000,0.0967,1.000,0.0646,0.73
12147,es_step,4000,0.0365,0.781,0.0646,3.10
12148,replay,4000,0.0746,1.000,0.0646,0.75
12149,replay,4000,0.0995,1.000,0.0646,0.75
12150,replay,4000,0.0810,1.000,0.0646,0.75
12151,replay,4000,0.0683,1.000,0.0646,0.75
12152,replay,4000,0.1096,1.000,0.0646,0.74
12153,replay,4000,0.1314,1.000,0.0647,0.74
12154,es_step,4000,0.0693,0.875,0.0647,3.10
12155,replay,4000,0.1285,1.000,0.0647,0.74
12156,replay,4000,0.1533,1.000,0.0648,0.75
12157,es_step,4000,0.0950,0.812,0.0649,3.15
12158,es_step,4000,0.0936,0.812,0.0650,3.10
12159,es_step,4000,0.0894,0.781,0.0651,3.05
12160,replay,4000,0.1449,1.000,0.0652,0.73
12161,es_step,4000,0.0817,0.906,0.0652,3.10
12162,replay,4000,0.1531,1.000,0.0654,0.73
12163,replay,4000,0.1234,1.000,0.0654,0.73
12164,replay,4000,0.1207,1.000,0.0655,0.74
12165,es_step,4000,0.0736,0.906,0.0655,3.10
12166,replay,4000,0.1141,1.000,0.0656,0.75
12167,replay,4000,0.1007,1.000,0.0656,0.74
12168,es_step,4000,0.0539,0.750,0.0656,3.08
12169,replay,4000,0.1197,1.000,0.0657,0.73
12170,replay,4000,0.1200,1.000,0.0657,0.73
12171,replay,4000,0.1190,1.000,0.0657,0.73
12172,es_step,4000,0.0539,0.938,0.0657,3.06
12173,replay,4000,0.1094,1.000,0.0657,0.73
12174,replay,4000,0.0729,1.000,0.0657,0.73
12175,es_step,4000,0.0498,0.844,0.0657,3.10
12176,replay,4000,0.0867,1.000,0.0657,0.73
12177,replay,4000,0.0793,1.000,0.0657,0.73
12178,es_step,4000,0.0314,0.938,0.0657,3.04
12179,replay,4000,0.0703,1.000,0.0656,0.72
12180,replay,4000,0.0616,1.000,0.0655,0.73
12181,replay,4000,0.0592,1.000,0.0655,0.75
12182,replay,4000,0.0738,1.000,0.0654,0.76
12183,replay,4000,0.0521,1.000,0.0653,0.75
12184,replay,4000,-0.0275,1.000,0.0652,0.76
12185,es_step,4000,0.0384,0.969,0.0652,3.11
12186,replay,4000,0.0880,1.000,0.0652,0.73
12187,replay,4000,0.0871,1.000,0.0653,0.73
12188,replay,4000,0.1012,1.000,0.0653,0.74
12189,replay,4000,0.1071,1.000,0.0654,0.74
12190,replay,4000,0.0871,1.000,0.0654,0.75
12191,replay,4000,0.0857,1.000,0.0653,0.76
12192,replay,4000,0.0412,1.000,0.0653,0.76
12193,replay,4000,0.0742,1.000,0.0653,0.75
12194,es_step,4000,0.0456,0.812,0.0653,3.13
12195,replay,4000,0.0575,1.000,0.0653,0.73
12196,replay,4000,0.0906,1.000,0.0652,0.74
12197,es_step,4000,0.0495,0.875,0.0652,3.13
12198,es_step,4000,0.0420,0.938,0.0652,3.06
12199,replay,4000,0.0857,1.000,0.0652,0.74
12200,replay,4000,0.0707,1.000,0.0652,0.75
12201,replay,4000,0.0782,1.000,0.0652,0.76
12202,replay,4000,0.0862,1.000,0.0652,0.75
12203,replay,4000,0.1039,1.000,0.0652,0.75
12204,replay,4000,0.0850,1.000,0.0652,0.75
12205,replay,4000,0.0389,1.000,0.0651,0.75
12206,replay,4000,0.0991,1.000,0.0651,0.75
12207,replay,4000,0.1305,1.000,0.0652,0.75
12208,replay,4000,0.1056,1.000,0.0653,0.75
12209,replay,4000,0.1387,1.000,0.0653,0.75
12210,replay,4000,0.1190,1.000,0.0653,0.75
12211,replay,4000,0.1023,1.000,0.0653,0.75
12212,replay,4000,0.0780,1.000,0.0654,0.76
12213,replay,4000,0.0606,1.000,0.0653,0.77
12214,replay,4000,0.0672,1.000,0.0653,0.77
12215,replay,4000,0.0610,1.000,0.0652,0.76
12216,replay,4000,0.0677,1.000,0.0651,0.76
12217,replay,4000,0.0597,1.000,0.0651,0.75
12218,es_step,4000,0.0215,0.906,0.0651,3.17
12219,es_step,4000,0.0354,0.938,0.0651,3.14
12220,replay,4000,0.0566,1.000,0.0650,0.73
12221,replay,4000,0.0618,1.000,0.0649,0.73
12222,replay,4000,0.0911,1.000,0.0649,0.73
12223,replay,4000,-0.0856,1.000,0.0649,0.74
12224,replay,4000,0.0705,1.000,0.0648,0.74
12225,replay,4000,0.0978,1.000,0.0648,0.74
12226,replay,4000,0.0982,1.000,0.0649,0.74
12227,replay,4000,0.0939,1.000,0.0649,0.75
12228,replay,4000,0.1140,1.000,0.0650,0.76
12229,replay,4000,0.1161,1.000,0.0651,0.75
12230,replay,4000,0.1164,1.000,0.0652,0.75
12231,es_step,4000,0.0677,0.844,0.0652,3.17
12232,replay,4000,0.1199,1.000,0.0652,0.74
12233,replay,4000,0.0808,1.000,0.0651,0.75
12234,es_step,4000,0.0762,0.750,0.0651,3.14
12235,replay,4000,0.1534,1.000,0.0652,0.75
12236,replay,4000,0.1121,1.000,0.0653,0.75
12237,es_step,4000,0.0557,0.875,0.0653,3.13
12238,es_step,4000,0.0667,0.969,0.0653,3.11
12239,replay,4000,0.1216,1.000,0.0653,0.75
12240,replay,4000,0.1063,1.000,0.0654,0.75
12241,es_step,4000,0.0698,0.781,0.0654,3.13
12242,es_step,4000,0.0595,0.844,0.0654,3.12
12243,replay,4000,0.1045,1.000,0.0654,0.75
12244,es_step,4000,0.0575,0.844,0.0654,3.11
12245,replay,4000,0.0966,1.000,0.0654,0.73
12246,replay,4000,0.1061,1.000,0.0655,0.74
12247,replay,4000,0.1294,1.000,0.0655,0.75
12248,es_step,4000,0.0882,0.844,0.0657,3.15
12249,replay,4000,0.1387,1.000,0.0658,0.74
12250,es_step,4000,0.0846,0.938,0.0658,3.09
12251,replay,4000,0.1180,1.000,0.0659,0.74
12252,replay,4000,0.1254,1.000,0.0660,0.73
12253,replay,4000,0.0796,1.000,0.0660,0.74
12254,replay,4000,0.0990,1.000,0.0660,0.75
12255,replay,4000,0.0826,1.000,0.0659,0.75
12256,replay,4000,0.0770,1.000,0.0659,0.75
12257,replay,4000,0.0695,1.000,0.0659,0.75
12258,replay,4000,0.0575,1.000,0.0657,0.77
12259,es_step,4000,0.0150,0.750,0.0657,3.18
12260,replay,4000,0.0294,1.000,0.0655,0.74
12261,replay,4000,0.0671,1.000,0.0654,0.75
12262,replay,4000,0.0623,1.000,0.0654,0.76
12263,replay,4000,0.0881,1.000,0.0655,0.76
12264,es_step,4000,0.0357,0.875,0.0655,3.16
12265,es_step,4000,0.0355,0.875,0.0655,3.16
12266,replay,4000,0.0573,1.000,0.0655,0.75
12267,replay,4000,0.0879,1.000,0.0654,0.75
12268,es_step,4000,0.0450,0.844,0.0654,3.13
12269,replay,4000,0.0793,1.000,0.0654,0.74
12270,replay,4000,0.1029,1.000,0.0654,0.74
12271,replay,4000,0.0832,1.000,0.0654,0.75
12272,replay,4000,0.0570,1.000,0.0653,0.77
12273,replay,4000,0.0810,1.000,0.0652,0.77
12274,replay,4000,0.0997,1.000,0.0652,0.77
12275,replay,4000,0.0750,1.000,0.0652,0.77
12276,replay,4000,0.0784,1.000,0.0652,3.35
12277,es_step,4000,0.0387,0.906,0.0652,3.20
12278,replay,4000,0.0781,1.000,0.0652,0.76
12279,replay,4000,0.0961,1.000,0.0652,0.76
12280,replay,4000,0.0911,1.000,0.0651,0.76
12281,replay,4000,0.1048,1.000,0.0651,0.77
12282,replay,4000,0.1174,1.000,0.0653,0.76
12283,replay,4000,0.1305,1.000,0.0654,0.76
12284,replay,4000,0.1455,1.000,0.0655,0.76
12285,es_step,4000,0.0559,0.938,0.0655,3.21
12286,replay,4000,0.1066,1.000,0.0655,0.75
12287,replay,4000,0.1033,1.000,0.0655,0.75
12288,replay,4000,0.1005,1.000,0.0655,0.75
12289,replay,4000,0.0958,1.000,0.0655,0.75
12290,replay,4000,0.0782,1.000,0.0655,0.75
12291,es_step,4000,0.0517,0.906,0.0655,3.15
12292,replay,4000,0.0895,1.000,0.0655,0.75
12293,replay,4000,0.0620,1.000,0.0655,0.75
12294,replay,4000,0.0976,1.000,0.0655,0.74
12295,replay,4000,0.0784,1.000,0.0655,0.74
12296,replay,4000,0.0797,1.000,0.0655,0.74
12297,replay,4000,0.0694,1.000,0.0655,0.74
12298,replay,4000,0.0860,1.000,0.0655,0.74
12299,es_step,4000,0.0505,0.875,0.0655,3.20
12300,replay,4000,0.0837,1.000,0.0654,0.75
12301,replay,4000,0.0889,1.000,0.0654,0.75
12302,es_step,4000,0.0372,0.844,0.0654,3.15
12303,replay,4000,0.0980,1.000,0.0654,0.76
12304,es_step,4000,0.0515,0.812,0.0654,3.15
12305,es_step,4000,0.0390,0.875,0.0654,3.10
12306,replay,4000,0.0853,1.000,0.0654,0.73
12307,replay,4000,0.0862,1.000,0.0654,0.74
12308,replay,4000,0.0913,1.000,0.0654,0.74
12309,es_step,4000,0.0471,0.969,0.0654,3.10
12310,es_step,4000,0.0436,0.875,0.0654,3.08
12311,replay,4000,0.1024,1.000,0.0654,0.73
12312,replay,4000,0.1049,1.000,0.0654,0.73
12313,es_step,4000,0.0524,0.844,0.0654,3.08
12314,replay,4000,0.0808,1.000,0.0654,0.75
12315,replay,4000,0.0591,1.000,0.0655,0.75
12316,replay,4000,0.1236,1.000,0.0656,0.75
12317,replay,4000,0.1419,1.000,0.0657,0.76
12318,replay,4000,0.1375,1.000,0.0658,0.75
12319,es_step,4000,0.0874,0.812,0.0658,3.17
12320,replay,4000,0.1326,1.000,0.0659,0.76
12321,es_step,4000,0.0882,0.844,0.0660,3.13
12322,replay,4000,0.1351,1.000,0.0661,0.75
12323,es_step,4000,0.0812,0.906,0.0661,3.05
12324,replay,4000,0.1179,1.000,0.0662,0.72
12325,replay,4000,0.1228,1.000,0.0663,0.73
12326,replay,4000,0.1032,1.000,0.0663,0.74
12327,replay,4000,0.0956,1.000,0.0663,0.75
12328,replay,4000,0.1039,1.000,0.0663,0.76
12329,replay,4000,0.0978,1.000,0.0663,0.76
12330,replay,4000,0.0788,1.000,0.0663,0.76
12331,replay,4000,0.0717,1.000,0.0663,0.77
12332,es_step,4000,0.0424,0.906,0.0663,3.14
12333,replay,4000,0.0633,1.000,0.0663,0.73
12334,es_step,4000,0.0330,0.844,0.0663,3.06
12335,replay,4000,0.0681,1.000,0.0662,0.73
12336,replay,4000,0.0578,1.000,0.0662,0.73
12337,es_step,4000,0.0277,0.875,0.0662,3.04
12338,replay,4000,0.0421,1.000,0.0661,0.74
12339,replay,4000,0.0490,1.000,0.0660,0.73
12340,es_step,4000,0.0169,0.844,0.0660,3.01
12341,replay,4000,0.0497,1.000,0.0659,0.72
12342,replay,4000,0.0344,1.000,0.0657,0.72
12343,replay,4000,0.0525,1.000,0.0656,0.72
12344,replay,4000,0.0478,1.000,0.0655,0.73
12345,replay,4000,0.0699,1.000,0.0654,0.74
12346,replay,4000,0.0789,1.000,0.0654,0.75
12347,replay,4000,0.0994,1.000,0.0654,0.75
12348,replay,4000,0.0830,1.000,0.0654,0.75
12349,replay,4000,0.0645,1.000,0.0654,0.75
12350,replay,4000,0.0842,1.000,0.0654,0.75
12351,replay,4000,0.0838,1.000,0.0654,0.75
12352,es_step,4000,0.0384,0.844,0.0654,3.10
12353,es_step,4000,0.0326,0.812,0.0654,3.00
12354,es_step,4000,0.0454,0.812,0.0654,2.93
12355,replay,4000,0.0684,1.000,0.0654,0.71
12356,replay,4000,0.0714,1.000,0.0653,0.71
12357,replay,4000,0.0774,1.000,0.0652,0.72
12358,replay,4000,0.0820,1.000,0.0652,0.72
12359,replay,4000,0.1245,1.000,0.0653,0.73
12360,replay,4000,0.1183,1.000,0.0653,0.73
12361,replay,4000,0.0951,1.000,0.0653,0.73
12362,replay,4000,0.1031,1.000,0.0653,0.75
12363,replay,4000,0.0960,1.000,0.0653,0.75
12364,replay,4000,0.1065,1.000,0.0653,0.75
12365,replay,4000,0.0998,1.000,0.0654,0.75
12366,es_step,4000,0.0619,0.875,0.0654,3.09
12367,replay,4000,0.1225,1.000,0.0654,0.73
12368,replay,4000,0.1113,1.000,0.0655,0.73
12369,replay,4000,0.1178,1.000,0.0656,0.73
12370,es_step,4000,0.0701,0.844,0.0656,3.02
12371,es_step,4000,0.0668,0.812,0.0657,2.94
12372,replay,4000,0.1279,1.000,0.0658,0.71
12373,replay,4000,0.0701,1.000,0.0658,0.72
12374,replay,4000,0.1260,1.000,0.0659,0.72
12375,es_step,4000,0.0740,0.750,0.0659,2.94
12376,replay,4000,0.1218,1.000,0.0662,0.71
12377,replay,4000,0.1142,1.000,0.0663,0.71
12378,replay,4000,0.1310,1.000,0.0665,0.71
12379,replay,4000,0.1359,1.000,0.0665,0.72
12380,es_step,4000,0.0956,0.875,0.0666,2.98
12381,es_step,4000,0.0796,0.906,0.0666,3.02
12382,replay,4000,0.1309,1.000,0.0668,0.74
12383,replay,4000,0.1302,1.000,0.0669,0.74
12384,replay,4000,0.1207,1.000,0.0670,0.74
12385,replay,4000,0.0328,1.000,0.0670,0.76
12386,replay,4000,0.0863,1.000,0.0671,0.76
12387,es_step,4000,0.0646,0.812,0.0671,3.16
12388,replay,4000,0.0858,1.000,0.0672,0.75
12389,replay,4000,0.0925,1.000,0.0673,0.75
12390,replay,4000,0.0711,1.000,0.0673,0.74
12391,replay,4000,0.0816,1.000,0.0673,0.74
12392,replay,4000,0.0982,1.000,0.0673,0.75
12393,replay,4000,0.1172,1.000,0.0674,0.76
12394,es_step,4000,0.0668,0.844,0.0674,3.17
12395,es_step,4000,0.0696,0.875,0.0674,3.14
12396,replay,4000,0.1014,1.000,0.0674,0.74
12397,replay,4000,0.0950,1.000,0.0674,0.74
12398,replay,4000,0.1262,1.000,0.0674,0.74
12399,replay,4000,0.1243,1.000,0.0674,0.74
12400,replay,4000,0.0971,1.000,0.0675,0.74
12401,replay,4000,0.1142,1.000,0.0676,0.75
12402,replay,4000,0.1246,1.000,0.0677,0.76
12403,replay,4000,0.1032,1.000,0.0677,0.77
12404,replay,4000,0.0876,1.000,0.0677,0.76
12405,es_step,4000,0.0562,0.812,0.0677,3.18
12406,es_step,4000,0.0522,0.844,0.0677,3.11
12407,replay,4000,0.0946,1.000,0.0678,0.73
12408,replay,4000,0.0795,1.000,0.0678,0.73
12409,es_step,4000,0.0494,0.781,0.0678,3.04
12410,es_step,4000,0.0463,0.812,0.0678,2.96
12411,es_step,4000,0.0502,0.938,0.0678,3.01
12412,replay,4000,0.0986,1.000,0.0678,0.73
12413,replay,4000,0.0851,1.000,0.0677,0.73
12414,replay,4000,0.0734,1.000,0.0677,0.73
12415,replay,4000,0.0879,1.000,0.0677,0.74
12416,replay,4000,0.0991,1.000,0.0677,0.73
12417,es_step,4000,0.0532,0.875,0.0677,2.99
12418,replay,4000,0.0932,1.000,0.0677,0.72
12419,replay,4000,0.0758,1.000,0.0677,0.76
12420,replay,4000,0.0807,1.000,0.0679,0.76
12421,replay,4000,0.0734,1.000,0.0678,0.76
12422,replay,4000,0.0821,1.000,0.0678,0.76
12423,replay,4000,0.0677,1.000,0.0678,0.76
12424,replay,4000,0.0995,1.000,0.0678,0.76
12425,replay,4000,0.0723,1.000,0.0678,0.76
12426,replay,4000,0.0760,1.000,0.0677,0.76
12427,replay,4000,0.1041,1.000,0.0677,0.76
12428,replay,4000,0.1128,1.000,0.0677,0.76
12429,replay,4000,0.0775,1.000,0.0677,0.76
12430,es_step,4000,0.0352,0.844,0.0677,3.16
12431,replay,4000,0.0869,1.000,0.0677,0.77
12432,replay,4000,0.1042,1.000,0.0677,0.77
12433,replay,4000,0.1030,1.000,0.0677,0.77
12434,es_step,4000,0.0465,0.906,0.0677,3.20
12435,replay,4000,0.0874,1.000,0.0677,0.75
12436,replay,4000,0.1020,1.000,0.0677,0.75
12437,es_step,4000,0.0412,0.875,0.0677,3.13
12438,es_step,4000,0.0466,0.906,0.0677,3.12
12439,replay,4000,0.1046,1.000,0.0678,0.76
12440,replay,4000,0.1066,1.000,0.0678,0.75
12441,replay,4000,0.1105,1.000,0.0679,0.75
12442,replay,4000,0.0866,1.000,0.0678,0.76
12443,replay,4000,0.0853,1.000,0.0678,0.75
12444,replay,4000,0.1145,1.000,0.0680,0.75
12445,es_step,4000,0.0512,0.938,0.0680,3.13
12446,replay,4000,0.0847,1.000,0.0680,0.73
12447,replay,4000,0.0681,1.000,0.0679,0.73
12448,replay,4000,0.1182,1.000,0.0678,0.73
12449,replay,4000,0.0850,1.000,0.0678,0.74
12450,replay,4000,0.0757,1.000,0.0678,0.74
12451,replay,4000,0.0825,1.000,0.0678,0.74
12452,replay,4000,0.0461,1.000,0.0677,0.74
12453,replay,4000,0.1052,1.000,0.0677,0.74
12454,replay,4000,0.0907,1.000,0.0677,0.75
12455,replay,4000,0.0928,1.000,0.0677,0.76
12456,es_step,4000,0.0333,0.875,0.0677,3.18
12457,replay,4000,0.0876,1.000,0.0677,0.75
12458,replay,4000,0.0904,1.000,0.0677,0.76
12459,replay,4000,0.1016,1.000,0.0678,0.76
12460,replay,4000,0.0879,1.000,0.0679,0.76
12461,replay,4000,0.0890,1.000,0.0679,0.76
12462,replay,4000,0.1302,1.000,0.0681,0.76
12463,replay,4000,0.1151,1.000,0.0681,0.76
12464,replay,4000,0.1252,1.000,0.0682,0.76
12465,replay,4000,0.1347,1.000,0.0683,0.76
12466,replay,4000,0.1112,1.000,0.0683,0.76
12467,replay,4000,0.1223,1.000,0.0685,0.77
12468,replay,4000,0.0948,1.000,0.0685,0.78
12469,replay,4000,0.1115,1.000,0.0685,0.78
12470,replay,4000,0.0596,1.000,0.0685,0.77
12471,replay,4000,0.0780,1.000,0.0685,0.77
12472,replay,4000,0.0834,1.000,0.0685,0.77
12473,replay,4000,0.1056,1.000,0.0685,0.77
12474,replay,4000,0.0812,1.000,0.0685,0.77
12475,replay,4000,0.0593,1.000,0.0684,0.78
12476,es_step,4000,0.0397,0.875,0.0684,3.28
12477,replay,4000,0.1138,1.000,0.0685,0.77
12478,replay,4000,0.0933,1.000,0.0685,0.78
12479,replay,4000,0.0869,1.000,0.0685,0.78
12480,replay,4000,0.0724,1.000,0.0684,0.78
12481,replay,4000,0.0635,1.000,0.0685,0.78
12482,replay,4000,0.0628,1.000,0.0684,0.78
12483,replay,4000,0.0567,1.000,0.0683,0.79
12484,replay,4000,0.0596,1.000,0.0682,0.79
12485,replay,4000,0.0747,1.000,0.0682,0.79
12486,replay,4000,0.0853,1.000,0.0682,0.80
12487,replay,4000,0.0647,1.000,0.0681,0.79
12488,replay,4000,0.0617,1.000,0.0679,0.80
12489,replay,4000,0.0589,1.000,0.0678,0.80
12490,replay,4000,0.0717,1.000,0.0678,0.80
12491,replay,4000,0.0655,1.000,0.0677,0.80
12492,replay,4000,0.0450,1.000,0.0677,0.80
12493,es_step,4000,0.0175,0.906,0.0677,3.41
12494,replay,4000,0.0453,1.000,0.0676,0.79
12495,replay,4000,0.0343,1.000,0.0675,0.78
12496,replay,4000,0.0516,1.000,0.0675,0.78
12497,replay,4000,0.0589,1.000,0.0674,0.79
12498,replay,4000,0.0659,1.000,0.0673,0.78
12499,replay,4000,0.0567,1.000,0.0672,0.79
12500,replay,4000,0.0488,1.000,0.0671,0.78
12501,replay,4000,0.0463,1.000,0.0670,0.78
12502,replay,4000,0.0485,1.000,0.0670,0.78
12503,replay,4000,0.0531,1.000,0.0670,0.78
12504,replay,4000,0.0563,1.000,0.0668,0.78
12505,replay,4000,0.0483,1.000,0.0666,0.78
12506,replay,4000,0.0878,1.000,0.0667,0.78
12507,replay,4000,0.0978,1.000,0.0666,0.78
12508,es_step,4000,0.0470,0.906,0.0666,3.33
12509,replay,4000,0.1006,1.000,0.0666,0.77
12510,replay,4000,0.1037,1.000,0.0666,0.77
12511,replay,4000,0.0929,1.000,0.0666,0.77
12512,replay,4000,0.0828,1.000,0.0666,0.77
12513,replay,4000,0.0888,1.000,0.0666,0.77
12514,es_step,4000,0.0533,0.906,0.0666,3.29
12515,replay,4000,0.0847,1.000,0.0666,0.76
12516,replay,4000,0.0890,1.000,0.0666,0.77
12517,replay,4000,0.0891,1.000,0.0666,0.77
12518,replay,4000,0.0935,1.000,0.0666,0.78
12519,replay,4000,0.0650,1.000,0.0664,0.78
12520,replay,4000,0.0822,1.000,0.0664,0.78
12521,es_step,4000,0.0330,0.906,0.0664,3.29
12522,es_step,4000,0.0262,0.844,0.0664,3.27
12523,replay,4000,0.0772,1.000,0.0664,0.76
12524,replay,4000,0.0937,1.000,0.0664,0.76
12525,replay,4000,0.0701,1.000,0.0663,0.75
12526,replay,4000,0.0703,1.000,0.0663,3.35
12527,es_step,4000,0.0334,0.844,0.0663,3.25
12528,es_step,4000,0.0362,0.906,0.0663,3.23
12529,es_step,4000,0.0387,0.750,0.0663,3.24
12530,es_step,4000,0.0382,0.844,0.0663,3.16
12531,replay,4000,0.0643,1.000,0.0662,0.75
12532,es_step,4000,0.0457,0.875,0.0663,3.12
12533,replay,4000,0.0772,1.000,0.0663,0.74
12534,es_step,4000,0.0441,0.875,0.0663,3.12
12535,replay,4000,0.1032,1.000,0.0663,0.75
12536,replay,4000,0.0935,1.000,0.0663,0.75
12537,replay,4000,0.0921,1.000,0.0663,0.75
12538,es_step,4000,0.0563,0.938,0.0663,3.14
12539,replay,4000,0.0878,1.000,0.0664,0.75
12540,replay,4000,0.0840,1.000,0.0663,0.75
12541,es_step,4000,0.0358,0.844,0.0663,3.12
12542,replay,4000,0.0426,1.000,0.0663,0.73
12543,es_step,4000,0.0325,0.906,0.0663,3.11
12544,replay,4000,0.0757,1.000,0.0663,0.74
12545,replay,4000,0.0770,1.000,0.0662,0.73
12546,replay,4000,0.0600,1.000,0.0662,0.73
12547,replay,4000,0.0587,1.000,0.0661,0.74
12548,es_step,4000,0.0333,0.906,0.0661,3.09
12549,es_step,4000,0.0390,0.875,0.0661,3.07
12550,replay,4000,0.0713,1.000,0.0661,0.74
12551,replay,4000,0.0631,1.000,0.0660,0.73
12552,replay,4000,0.0311,1.000,0.0659,0.73
12553,replay,4000,0.0611,1.000,0.0659,0.73
12554,replay,4000,0.0794,1.000,0.0658,0.73
12555,es_step,4000,0.0425,0.750,0.0658,3.08
12556,replay,4000,0.0784,1.000,0.0658,0.73
12557,replay,4000,0.0706,1.000,0.0657,0.73
12558,replay,4000,0.0997,1.000,0.0658,0.73
12559,replay,4000,0.0960,1.000,0.0658,0.73
12560,replay,4000,0.0526,1.000,0.0658,0.73
12561,es_step,4000,0.0327,0.844,0.0658,3.06
12562,replay,4000,0.0753,1.000,0.0657,0.73
12563,replay,4000,0.0835,1.000,0.0657,0.73
12564,replay,4000,0.0764,1.000,0.0657,0.73
12565,es_step,4000,0.0430,0.906,0.0657,3.02
12566,replay,4000,0.0844,1.000,0.0657,0.72
12567,replay,4000,0.0857,1.000,0.0656,0.72
12568,replay,4000,0.0954,1.000,0.0656,0.72
12569,replay,4000,0.0956,1.000,0.0656,0.72
12570,es_step,4000,0.0539,0.844,0.0656,3.02
12571,replay,4000,0.0942,1.000,0.0656,0.74
12572,replay,4000,0.0874,1.000,0.0657,0.74
12573,replay,4000,0.0654,1.000,0.0657,0.74
12574,es_step,4000,0.0506,0.688,0.0657,3.03
12575,replay,4000,0.0917,1.000,0.0657,0.72
12576,replay,4000,0.0856,1.000,0.0658,0.72
12577,replay,4000,0.1232,1.000,0.0659,0.74
12578,replay,4000,0.1202,1.000,0.0659,0.75
12579,replay,4000,0.1016,1.000,0.0658,0.75
12580,replay,4000,0.1270,1.000,0.0658,0.76
12581,replay,4000,0.1166,1.000,0.0658,0.76
12582,replay,4000,0.1044,1.000,0.0657,0.76
12583,replay,4000,0.1058,1.000,0.0657,0.75
12584,replay,4000,0.0930,1.000,0.0658,0.76
12585,replay,4000,0.0936,1.000,0.0658,0.76
12586,replay,4000,0.0736,1.000,0.0657,0.77
12587,replay,4000,0.0945,1.000,0.0656,0.76
12588,replay,4000,0.0814,1.000,0.0656,0.75
12589,replay,4000,0.0562,1.000,0.0655,0.76
12590,replay,4000,0.0570,1.000,0.0654,0.76
12591,replay,4000,0.0584,1.000,0.0654,0.76
12592,replay,4000,0.0905,1.000,0.0653,0.75
12593,replay,4000,0.0656,1.000,0.0653,0.75
12594,replay,4000,0.0704,1.000,0.0651,0.76
12595,replay,4000,0.0804,1.000,0.0651,0.76
12596,es_step,4000,0.0424,0.812,0.0651,3.17
12597,replay,4000,0.0802,1.000,0.0651,0.75
12598,replay,4000,0.0738,1.000,0.0650,0.75
12599,es_step,4000,0.0501,0.906,0.0650,3.15
12600,replay,4000,0.0950,1.000,0.0650,0.75
12601,es_step,4000,0.0462,0.812,0.0650,3.12
12602,replay,4000,0.1267,1.000,0.0651,0.74
12603,replay,4000,0.1017,1.000,0.0651,0.74
12604,replay,4000,0.1123,1.000,0.0651,0.74
12605,replay,4000,0.1157,1.000,0.0652,0.74
12606,replay,4000,0.1139,1.000,0.0652,0.74
12607,replay,4000,0.1098,1.000,0.0652,0.74
12608,replay,4000,0.0858,1.000,0.0651,0.73
12609,replay,4000,0.0850,1.000,0.0651,0.74
12610,replay,4000,0.0911,1.000,0.0651,0.74
12611,replay,4000,0.0838,1.000,0.0651,0.74
12612,es_step,4000,0.0429,0.875,0.0651,3.08
12613,replay,4000,0.1072,1.000,0.0651,0.73
12614,es_step,4000,0.0538,0.844,0.0651,3.02
12615,replay,4000,0.0996,1.000,0.0651,0.74
12616,es_step,4000,0.0653,0.781,0.0651,3.09
12617,replay,4000,0.1058,1.000,0.0651,0.73
12618,replay,4000,0.1144,1.000,0.0652,0.73
12619,replay,4000,0.0946,1.000,0.0652,0.74
12620,replay,4000,0.1014,1.000,0.0652,0.74
12621,replay,4000,0.0775,1.000,0.0653,0.75
12622,replay,4000,0.0946,1.000,0.0653,0.75
12623,es_step,4000,0.0432,0.875,0.0653,3.10
12624,replay,4000,0.0873,1.000,0.0653,0.75
12625,es_step,4000,0.0418,0.812,0.0653,3.10
12626,es_step,4000,0.0416,0.875,0.0653,3.05
12627,es_step,4000,0.0401,0.906,0.0653,3.09
12628,replay,4000,0.0738,1.000,0.0652,0.75
12629,replay,4000,0.0832,1.000,0.0652,0.74
12630,replay,4000,0.0660,1.000,0.0651,0.75
12631,replay,4000,0.0376,1.000,0.0650,0.75
12632,replay,4000,0.0576,1.000,0.0649,0.75
12633,replay,4000,0.0629,1.000,0.0648,0.75
12634,es_step,4000,0.0278,0.781,0.0648,3.09
12635,replay,4000,0.0705,1.000,0.0647,0.73
12636,replay,4000,0.0639,1.000,0.0647,0.74
12637,replay,4000,0.0835,1.000,0.0646,0.74
12638,replay,4000,0.0457,1.000,0.0646,0.74
12639,replay,4000,0.0972,1.000,0.0646,0.74
12640,es_step,4000,0.0350,0.750,0.0646,3.04
12641,replay,4000,0.0500,1.000,0.0644,0.75
12642,replay,4000,0.0671,1.000,0.0644,0.77
12643,replay,4000,0.0882,1.000,0.0644,0.76
12644,replay,4000,0.0888,1.000,0.0644,0.76
12645,replay,4000,0.1000,1.000,0.0644,0.76
12646,replay,4000,0.0937,1.000,0.0644,0.76
12647,replay,4000,0.1140,1.000,0.0644,0.76
12648,replay,4000,0.1023,1.000,0.0644,0.78
12649,replay,4000,0.0840,1.000,0.0644,0.79
12650,replay,4000,0.0967,1.000,0.0643,0.78
12651,replay,4000,0.0838,1.000,0.0643,0.78
12652,es_step,4000,0.0575,0.844,0.0643,3.26
12653,es_step,4000,0.0523,0.781,0.0643,3.22
12654,replay,4000,0.0858,1.000,0.0644,0.77
12655,replay,4000,0.0873,1.000,0.0643,0.76
12656,es_step,4000,0.0473,0.906,0.0644,3.17
12657,es_step,4000,0.0523,0.875,0.0644,3.09
12658,replay,4000,0.1007,1.000,0.0644,0.74
12659,replay,4000,0.0947,1.000,0.0644,0.73
12660,replay,4000,0.0886,1.000,0.0643,0.73
12661,replay,4000,0.1159,1.000,0.0643,0.74
12662,replay,4000,0.1190,1.000,0.0644,0.76
12663,replay,4000,0.1185,1.000,0.0645,0.77
12664,replay,4000,0.1142,1.000,0.0646,0.76
12665,replay,4000,0.1036,1.000,0.0646,0.77
12666,replay,4000,0.0978,1.000,0.0646,0.78
12667,replay,4000,0.1050,1.000,0.0646,0.78
12668,replay,4000,0.0997,1.000,0.0646,0.78
12669,es_step,4000,0.0224,0.875,0.0646,3.26
12670,es_step,4000,0.0252,0.938,0.0646,3.22
12671,replay,4000,0.0692,1.000,0.0646,0.77
12672,replay,4000,0.0612,1.000,0.0646,0.77
12673,replay,4000,0.0764,1.000,0.0645,0.77
12674,es_step,4000,0.0052,0.844,0.0645,3.27
12675,es_step,4000,0.0199,0.844,0.0645,3.20
12676,es_step,4000,0.0165,0.875,0.0645,3.14
12677,replay,4000,0.0664,1.000,0.0644,0.74
12678,replay,4000,0.0577,1.000,0.0643,0.74
12679,replay,4000,0.0550,1.000,0.0642,0.74
12680,replay,4000,0.0581,1.000,0.0641,0.74
12681,replay,4000,0.0597,1.000,0.0641,0.75
12682,replay,4000,0.0687,1.000,0.0640,0.74
12683,es_step,4000,0.0307,0.781,0.0640,3.10
12684,replay,4000,0.0439,1.000,0.0639,0.73
12685,replay,4000,0.0622,1.000,0.0638,0.74
12686,replay,4000,0.0513,1.000,0.0637,0.74
12687,es_step,4000,0.0359,0.844,0.0637,3.09
12688,replay,4000,0.0764,1.000,0.0637,0.75
12689,replay,4000,0.0623,1.000,0.0635,0.75
12690,replay,4000,0.0640,1.000,0.0636,0.74
12691,es_step,4000,0.0295,0.875,0.0636,3.07
12692,replay,4000,0.0630,1.000,0.0636,0.73
12693,replay,4000,0.0884,1.000,0.0636,0.73
12694,replay,4000,0.0794,1.000,0.0636,0.73
12695,es_step,4000,0.0296,0.688,0.0636,3.09
12696,replay,4000,0.0913,1.000,0.0636,0.74
12697,replay,4000,0.0813,1.000,0.0635,0.74
12698,replay,4000,0.1047,1.000,0.0635,0.73
12699,replay,4000,0.0994,1.000,0.0635,0.73
12700,replay,4000,0.1137,1.000,0.0635,0.74
12701,replay,4000,0.1252,1.000,0.0636,0.74
12702,es_step,4000,0.0737,0.812,0.0637,3.08
12703,es_step,4000,0.0787,0.938,0.0637,3.10
12704,es_step,4000,0.0707,0.844,0.0637,3.08
12705,replay,4000,0.1198,1.000,0.0638,0.73
12706,replay,4000,0.1166,1.000,0.0639,0.73
12707,replay,4000,0.1268,1.000,0.0640,0.74
12708,replay,4000,0.1067,1.000,0.0640,0.74
12709,replay,4000,0.1075,1.000,0.0641,0.73
12710,replay,4000,0.0980,1.000,0.0642,0.74
12711,es_step,4000,0.0640,0.812,0.0642,3.01
12712,replay,4000,0.1064,1.000,0.0642,0.72
12713,es_step,4000,0.0635,0.844,0.0642,2.92
12714,replay,4000,0.0847,1.000,0.0642,0.71
12715,es_step,4000,0.0422,0.844,0.0642,3.03
12716,replay,4000,0.1067,1.000,0.0643,0.72
12717,replay,4000,0.1068,1.000,0.0643,0.75
12718,replay,4000,0.1232,1.000,0.0643,0.75
12719,replay,4000,0.1144,1.000,0.0644,0.76
12720,replay,4000,0.0893,1.000,0.0642,0.76
12721,es_step,4000,0.0643,0.781,0.0644,3.13
12722,es_step,4000,0.0598,0.844,0.0644,3.04
12723,replay,4000,0.1176,1.000,0.0642,0.75
12724,replay,4000,0.1113,1.000,0.0643,0.76
12725,replay,4000,0.1232,1.000,0.0644,0.75
12726,replay,4000,0.1129,1.000,0.0645,0.76
12727,replay,4000,0.0755,1.000,0.0645,0.75
12728,replay,4000,0.0999,1.000,0.0645,0.77
12729,replay,4000,0.1004,1.000,0.0645,0.77
12730,replay,4000,0.0847,1.000,0.0645,0.76
12731,replay,4000,0.0717,1.000,0.0645,0.77
12732,es_step,4000,0.0349,0.875,0.0645,3.23
12733,replay,4000,0.0943,1.000,0.0645,0.76
12734,replay,4000,0.0560,1.000,0.0644,0.77
12735,replay,4000,0.0705,1.000,0.0643,0.76
12736,replay,4000,0.0742,1.000,0.0643,0.77
12737,replay,4000,0.0738,1.000,0.0642,0.77
12738,replay,4000,0.0790,1.000,0.0642,0.78
12739,replay,4000,0.0754,1.000,0.0642,0.78
12740,replay,4000,0.0631,1.000,0.0641,0.77
12741,replay,4000,0.0779,1.000,0.0641,0.78
12742,replay,4000,0.0778,1.000,0.0641,0.79
12743,replay,4000,0.0306,1.000,0.0639,0.80
12744,replay,4000,0.0664,1.000,0.0638,0.79
12745,replay,4000,0.0528,1.000,0.0636,0.79
12746,es_step,4000,0.0271,0.875,0.0636,3.36
12747,replay,4000,0.0587,1.000,0.0635,0.78
12748,replay,4000,0.0497,1.000,0.0634,0.77
12749,replay,4000,0.0755,1.000,0.0634,0.77
12750,replay,4000,0.0744,1.000,0.0634,0.78
12751,replay,4000,0.0835,1.000,0.0633,0.77
12752,replay,4000,0.0771,1.000,0.0633,0.77
12753,replay,4000,0.0736,1.000,0.0632,0.77
12754,replay,4000,0.0718,1.000,0.0632,0.77
12755,replay,4000,0.0665,1.000,0.0631,0.78
12756,es_step,4000,0.0317,0.781,0.0631,3.33
12757,replay,4000,0.0761,1.000,0.0630,0.78
12758,es_step,4000,0.0155,0.719,0.0630,5.91
12759,replay,4000,0.0501,1.000,0.0630,0.77
12760,es_step,4000,0.0380,0.875,0.0630,3.31
12761,replay,4000,0.0744,1.000,0.0629,0.77
12762,es_step,4000,0.0355,0.938,0.0629,3.24
12763,replay,4000,0.0896,1.000,0.0629,0.75
12764,replay,4000,0.0812,1.000,0.0628,0.76
12765,es_step,4000,0.0406,0.875,0.0628,3.19
12766,es_step,4000,0.0316,0.812,0.0628,3.14
12767,replay,4000,0.0557,1.000,0.0628,0.74
12768,replay,4000,0.0655,1.000,0.0627,0.75
12769,es_step,4000,0.0372,0.812,0.0627,3.13
12770,replay,4000,0.0566,1.000,0.0627,0.76
12771,replay,4000,0.1031,1.000,0.0626,0.76
12772,replay,4000,0.1215,1.000,0.0626,0.77
12773,replay,4000,0.1212,1.000,0.0627,0.77
12774,replay,4000,0.1299,1.000,0.0628,0.76
12775,replay,4000,0.1245,1.000,0.0628,0.76
12776,es_step,4000,0.0655,0.781,0.0628,3.18
12777,es_step,4000,0.0574,0.906,0.0629,3.13
12778,replay,4000,0.1114,1.000,0.0629,0.74
12779,replay,4000,0.1091,1.000,0.0630,0.74
12780,replay,4000,0.1313,1.000,0.0630,0.74
12781,replay,4000,0.1071,1.000,0.0630,0.74
12782,replay,4000,0.0953,1.000,0.0631,0.74
12783,replay,4000,0.0934,1.000,0.0632,0.75
12784,replay,4000,0.1050,1.000,0.0632,0.75
12785,replay,4000,0.1036,1.000,0.0632,0.77
12786,es_step,4000,0.0490,0.812,0.0632,3.18
12787,replay,4000,0.0910,1.000,0.0632,0.74
12788,replay,4000,0.0881,1.000,0.0632,0.74
12789,replay,4000,0.0964,1.000,0.0632,0.75
12790,replay,4000,0.0802,1.000,0.0632,0.75
12791,es_step,4000,0.0466,0.938,0.0632,3.13
12792,es_step,4000,0.0457,0.906,0.0632,3.15
12793,es_step,4000,0.0402,0.781,0.0632,3.10
12794,replay,4000,0.0878,1.000,0.0633,0.74
12795,replay,4000,0.0743,1.000,0.0633,0.74
12796,replay,4000,0.0794,1.000,0.0633,0.73
12797,es_step,4000,0.0247,0.750,0.0633,3.07
12798,replay,4000,0.0838,1.000,0.0632,0.73
12799,replay,4000,0.0750,1.000,0.0632,0.73
12800,es_step,4000,0.0300,0.812,0.0632,3.03
12801,replay,4000,0.1006,1.000,0.0631,0.73
12802,replay,4000,0.0756,1.000,0.0631,0.72
12803,replay,4000,0.1053,1.000,0.0631,0.73
12804,es_step,4000,0.0535,0.844,0.0631,3.04
12805,replay,4000,0.1037,1.000,0.0632,0.74
12806,replay,4000,0.1094,1.000,0.0633,0.76
12807,replay,4000,0.1184,1.000,0.0632,0.75
12808,replay,4000,0.0786,1.000,0.0632,0.75
12809,replay,4000,0.1009,1.000,0.0632,0.75
12810,replay,4000,0.0881,1.000,0.0633,0.75
12811,replay,4000,0.1152,1.000,0.0632,0.75
12812,es_step,4000,0.0327,0.719,0.0632,3.11
12813,replay,4000,0.0721,1.000,0.0633,0.75
12814,replay,4000,0.0933,1.000,0.0633,0.76
12815,es_step,4000,0.0442,0.812,0.0634,3.12
12816,replay,4000,0.1155,1.000,0.0634,0.75
12817,replay,4000,0.0982,1.000,0.0634,0.75
12818,replay,4000,0.1150,1.000,0.0636,0.75
12819,replay,4000,0.0851,1.000,0.0636,0.75
12820,replay,4000,0.1075,1.000,0.0637,0.75
12821,es_step,4000,0.0474,0.812,0.0637,3.12
12822,replay,4000,0.1077,1.000,0.0639,0.73
12823,replay,4000,0.0831,1.000,0.0638,0.73
12824,es_step,4000,0.0443,0.719,0.0639,3.05
12825,replay,4000,0.0985,1.000,0.0639,0.73
12826,replay,4000,0.0859,1.000,0.0639,0.75
12827,replay,4000,0.0880,1.000,0.0639,0.76
12828,es_step,4000,0.0386,0.906,0.0639,3.11
12829,replay,4000,0.0735,1.000,0.0638,0.74
12830,replay,4000,0.0634,1.000,0.0638,0.76
12831,es_step,4000,0.0194,0.844,0.0638,3.16
12832,replay,4000,0.0687,1.000,0.0637,0.74
12833,replay,4000,0.0453,1.000,0.0636,0.74
12834,replay,4000,0.0710,1.000,0.0636,0.74
12835,replay,4000,0.0714,1.000,0.0635,0.75
12836,replay,4000,0.0595,1.000,0.0634,0.75
12837,replay,4000,0.0486,1.000,0.0633,0.75
12838,replay,4000,0.0408,1.000,0.0632,0.76
12839,replay,4000,0.0254,1.000,0.0631,0.76
12840,replay,4000,0.0399,1.000,0.0630,0.75
12841,es_step,4000,0.0266,0.844,0.0630,3.17
12842,replay,4000,0.0637,1.000,0.0630,0.74
12843,replay,4000,0.0805,1.000,0.0630,0.75
12844,replay,4000,0.0736,1.000,0.0629,0.76
12845,replay,4000,0.0543,1.000,0.0627,0.76
12846,replay,4000,0.0649,1.000,0.0627,0.75
12847,replay,4000,0.0765,1.000,0.0626,0.75
12848,es_step,4000,0.0460,0.875,0.0626,3.16
12849,replay,4000,0.0922,1.000,0.0626,0.74
12850,replay,4000,0.1249,1.000,0.0627,0.74
12851,replay,4000,0.1052,1.000,0.0627,0.74
12852,replay,4000,0.1203,1.000,0.0628,0.75
12853,replay,4000,0.1221,1.000,0.0629,0.74
12854,replay,4000,0.1145,1.000,0.0629,0.76
12855,es_step,4000,0.0438,0.812,0.0629,3.16
12856,replay,4000,0.0917,1.000,0.0629,0.75
12857,es_step,4000,0.0450,0.812,0.0629,3.14
12858,es_step,4000,0.0506,0.938,0.0629,3.10
12859,es_step,4000,0.0460,0.812,0.0629,3.04
12860,replay,4000,0.0908,1.000,0.0629,0.73
12861,replay,4000,0.0735,1.000,0.0628,0.73
12862,replay,4000,0.0628,1.000,0.0630,0.73
12863,replay,4000,0.0743,1.000,0.0629,0.73
12864,replay,4000,0.0782,1.000,0.0629,0.76
12865,replay,4000,0.0845,1.000,0.0629,0.76
12866,es_step,4000,0.0516,0.938,0.0629,3.14
12867,replay,4000,0.1029,1.000,0.0629,0.74
12868,es_step,4000,0.0550,0.781,0.0629,3.02
12869,replay,4000,0.1075,1.000,0.0629,0.72
12870,replay,4000,0.0917,1.000,0.0629,0.74
12871,replay,4000,0.1195,1.000,0.0629,0.73
12872,replay,4000,0.0821,1.000,0.0629,0.72
12873,replay,4000,0.1014,1.000,0.0629,0.73
12874,replay,4000,0.0985,1.000,0.0629,0.74
12875,replay,4000,0.1061,1.000,0.0629,0.75
12876,replay,4000,0.0799,1.000,0.0629,0.75
12877,replay,4000,0.0888,1.000,0.0629,0.75
12878,replay,4000,0.0294,1.000,0.0629,0.76
12879,es_step,4000,0.0466,0.844,0.0629,3.16
12880,replay,4000,0.1217,1.000,0.0628,0.75
12881,replay,4000,0.0916,1.000,0.0628,0.76
12882,replay,4000,0.0932,1.000,0.0628,0.78
12883,replay,4000,0.0914,1.000,0.0627,0.77
12884,replay,4000,0.0850,1.000,0.0627,0.78
12885,replay,4000,0.0527,1.000,0.0626,0.78
12886,replay,4000,0.0529,1.000,0.0625,0.78
12887,replay,4000,0.0468,1.000,0.0624,0.79
12888,replay,4000,0.0395,1.000,0.0623,0.79
12889,replay,4000,0.0333,1.000,0.0622,0.78
12890,replay,4000,0.0600,1.000,0.0622,0.78
12891,replay,4000,0.0589,1.000,0.0621,0.79
12892,replay,4000,0.0734,1.000,0.0620,0.79
12893,es_step,4000,0.0402,0.781,0.0621,3.27
12894,es_step,4000,0.0399,0.750,0.0621,3.15
12895,es_step,4000,0.0426,0.812,0.0621,3.10
12896,replay,4000,0.0630,1.000,0.0620,0.74
12897,replay,4000,0.0762,1.000,0.0620,0.73
12898,replay,4000,0.0812,1.000,0.0620,0.73
12899,es_step,4000,0.0444,0.906,0.0620,3.12
12900,replay,4000,0.0630,1.000,0.0620,0.75
12901,replay,4000,0.0755,1.000,0.0620,0.75
12902,replay,4000,0.0554,1.000,0.0620,0.75
12903,replay,4000,0.0778,1.000,0.0619,0.75
12904,replay,4000,0.0628,1.000,0.0619,0.76
12905,es_step,4000,0.0452,0.781,0.0619,3.19
12906,replay,4000,0.0928,1.000,0.0619,0.75
12907,replay,4000,0.0927,1.000,0.0621,0.76
12908,replay,4000,0.0925,1.000,0.0621,0.76
12909,replay,4000,0.0968,1.000,0.0621,0.76
12910,replay,4000,0.0954,1.000,0.0622,0.77
12911,es_step,4000,0.0483,0.656,0.0622,4.02
12912,replay,4000,0.0861,1.000,0.0621,0.82
12913,replay,4000,0.0585,1.000,0.0621,0.82
12914,es_step,4000,0.0455,0.781,0.0621,3.53
12915,replay,4000,0.0661,1.000,0.0621,0.81
12916,es_step,4000,0.0378,0.875,0.0621,3.53
12917,replay,4000,0.0656,1.000,0.0622,0.80
12918,replay,4000,0.0603,1.000,0.0621,0.80
12919,replay,4000,0.0914,1.000,0.0621,0.80
12920,replay,4000,0.0730,1.000,0.0622,0.81
12921,replay,4000,0.0574,1.000,0.0621,0.80
12922,replay,4000,0.0575,1.000,0.0621,0.80
12923,replay,4000,0.0725,1.000,0.0620,0.80
12924,replay,4000,0.0669,1.000,0.0620,0.80
12925,replay,4000,0.0556,1.000,0.0619,0.80
12926,replay,4000,0.0443,1.000,0.0620,0.81
12927,replay,4000,0.0533,1.000,0.0619,0.81
12928,replay,4000,0.0602,1.000,0.0618,0.80
12929,replay,4000,0.0663,1.000,0.0617,0.80
12930,replay,4000,0.0516,1.000,0.0616,0.81
12931,replay,4000,0.0545,1.000,0.0615,0.81
12932,es_step,4000,0.0211,0.750,0.0615,3.36
12933,replay,4000,0.0698,1.000,0.0615,0.78
12934,replay,4000,0.0291,1.000,0.0614,0.77
12935,replay,4000,0.0354,1.000,0.0612,0.77
12936,replay,4000,0.0718,1.000,0.0611,0.77
12937,es_step,4000,0.0269,0.875,0.0611,3.28
12938,replay,4000,0.0677,1.000,0.0611,0.76
12939,replay,4000,0.0512,1.000,0.0610,0.76
12940,es_step,4000,0.0208,0.875,0.0610,3.26
12941,replay,4000,0.0668,1.000,0.0610,0.76
12942,replay,4000,0.0457,1.000,0.0609,0.77
12943,replay,4000,0.0552,1.000,0.0609,0.77
12944,replay,4000,0.0509,1.000,0.0608,0.77
12945,replay,4000,0.0565,1.000,0.0608,0.77
12946,replay,4000,0.0506,1.000,0.0607,0.77
12947,replay,4000,0.0771,1.000,0.0607,0.77
12948,replay,4000,0.0718,1.000,0.0606,0.76
12949,replay,4000,0.0620,1.000,0.0606,0.76
12950,es_step,4000,0.0253,0.688,0.0606,3.23
12951,replay,4000,0.0528,1.000,0.0606,0.77
12952,es_step,4000,0.0197,0.875,0.0606,3.23
12953,replay,4000,0.0803,1.000,0.0605,0.76
12954,es_step,4000,0.0118,0.812,0.0605,3.21
12955,replay,4000,0.0874,1.000,0.0605,0.74
12956,replay,4000,0.0748,1.000,0.0604,0.75
12957,replay,4000,0.0461,1.000,0.0604,0.75
12958,es_step,4000,0.0180,0.750,0.0604,3.20
12959,replay,4000,0.0528,1.000,0.0604,0.75
12960,replay,4000,0.0605,1.000,0.0604,0.75
12961,es_step,4000,0.0206,0.938,0.0604,3.20
12962,replay,4000,0.0712,1.000,0.0603,0.75
12963,replay,4000,0.1008,1.000,0.0602,0.75
12964,es_step,4000,0.0261,0.781,0.0602,3.27
12965,replay,4000,0.0941,1.000,0.0602,0.76
12966,replay,4000,0.0681,1.000,0.0599,0.75
12967,es_step,4000,0.0425,0.844,0.0599,3.21
12968,replay,4000,0.0965,1.000,0.0599,0.73
12969,replay,4000,0.0824,1.000,0.0599,0.74
12970,es_step,4000,0.0547,0.781,0.0599,3.14
12971,replay,4000,0.0919,1.000,0.0600,0.75
12972,replay,4000,0.1075,1.000,0.0600,0.74
12973,replay,4000,0.0737,1.000,0.0599,0.75
12974,replay,4000,0.0367,1.000,0.0599,0.77
12975,replay,4000,0.0861,1.000,0.0599,0.78
12976,replay,4000,0.0867,1.000,0.0598,0.78
12977,replay,4000,0.0579,1.000,0.0599,0.78
12978,replay,4000,0.1314,1.000,0.0599,0.79
12979,replay,4000,0.1094,1.000,0.0599,0.79
12980,replay,4000,0.1021,1.000,0.0600,0.79
12981,es_step,4000,0.0762,0.719,0.0601,3.30
12982,replay,4000,0.1627,1.000,0.0602,0.76
12983,es_step,4000,0.0718,0.844,0.0603,3.24
12984,replay,4000,0.1076,1.000,0.0603,0.76
12985,replay,4000,0.1297,1.000,0.0604,0.77
12986,replay,4000,0.1290,1.000,0.0604,0.77
12987,replay,4000,0.1102,1.000,0.0604,0.77
12988,replay,4000,0.1198,1.000,0.0605,0.76
12989,es_step,4000,0.0642,0.781,0.0605,3.27
12990,es_step,4000,0.0572,0.906,0.0605,3.23
12991,replay,4000,0.1051,1.000,0.0605,0.76
12992,replay,4000,0.0925,1.000,0.0605,0.75
12993,replay,4000,0.0413,1.000,0.0603,0.76
12994,replay,4000,0.0934,1.000,0.0603,0.75
12995,es_step,4000,0.0427,0.906,0.0604,5.67
12996,replay,4000,0.0966,1.000,0.0604,0.74
12997,replay,4000,0.0884,1.000,0.0604,0.74
12998,replay,4000,0.0653,1.000,0.0604,0.74
12999,replay,4000,0.0965,1.000,0.0604,0.74
13000,es_step,4000,0.0491,0.812,0.0605,3.09
13001,replay,4000,0.0900,1.000,0.0605,0.73
13002,replay,4000,0.1049,1.000,0.0606,0.75
13003,replay,4000,0.0995,1.000,0.0606,0.76
13004,replay,4000,0.1054,1.000,0.0607,0.76
13005,replay,4000,0.1157,1.000,0.0608,0.76
13006,replay,4000,0.0983,1.000,0.0608,0.76
13007,replay,4000,0.1151,1.000,0.0609,0.77
13008,replay,4000,0.1285,1.000,0.0610,0.76
13009,replay,4000,0.1287,1.000,0.0611,0.76
13010,replay,4000,0.1112,1.000,0.0610,0.78
13011,es_step,4000,0.0658,0.719,0.0610,3.26
13012,replay,4000,0.1224,1.000,0.0611,0.77
13013,replay,4000,0.1043,1.000,0.0611,0.77
13014,replay,4000,0.1017,1.000,0.0612,0.77
13015,replay,4000,0.1023,1.000,0.0612,0.76
13016,replay,4000,0.0972,1.000,0.0612,0.76
13017,replay,4000,0.0807,1.000,0.0612,0.78
13018,es_step,4000,0.0274,0.750,0.0612,3.22
13019,replay,4000,0.0791,1.000,0.0611,0.75
13020,replay,4000,0.0667,1.000,0.0611,0.76
13021,replay,4000,0.0467,1.000,0.0610,0.76
13022,replay,4000,0.0677,1.000,0.0610,0.76
13023,replay,4000,0.0365,1.000,0.0609,0.76
13024,replay,4000,0.0730,1.000,0.0609,0.77
13025,replay,4000,0.0651,1.000,0.0609,0.76
13026,replay,4000,0.0809,1.000,0.0609,0.77
13027,replay,4000,0.1052,1.000,0.0609,0.78
13028,replay,4000,0.0864,1.000,0.0609,0.77
13029,es_step,4000,0.0289,0.812,0.0609,3.25
13030,es_step,4000,0.0294,0.750,0.0609,3.22
13031,replay,4000,0.0945,1.000,0.0609,0.75
13032,es_step,4000,0.0316,0.844,0.0609,3.18
13033,replay,4000,0.1008,1.000,0.0609,0.74
13034,replay,4000,0.0913,1.000,0.0609,0.74
13035,replay,4000,0.0812,1.000,0.0608,0.74
13036,replay,4000,0.0767,1.000,0.0608,0.74
13037,replay,4000,0.0733,1.000,0.0609,0.75
13038,replay,4000,0.0825,1.000,0.0609,0.74
13039,replay,4000,0.0683,1.000,0.0609,0.74
13040,replay,4000,0.0478,1.000,0.0607,0.75
13041,replay,4000,0.0252,1.000,0.0607,0.76
13042,replay,4000,0.0669,1.000,0.0608,0.76
13043,replay,4000,0.0780,1.000,0.0608,0.76
13044,es_step,4000,0.0431,0.969,0.0608,3.21
13045,replay,4000,0.0717,1.000,0.0608,0.75
13046,replay,4000,0.0850,1.000,0.0608,0.75
13047,replay,4000,0.0585,1.000,0.0607,0.75
13048,replay,4000,0.0928,1.000,0.0607,0.76
13049,replay,4000,0.0785,1.000,0.0607,0.76
13050,replay,4000,0.0934,1.000,0.0608,0.76
13051,es_step,4000,0.0477,0.750,0.0608,3.25
13052,replay,4000,0.0878,1.000,0.0608,0.76
13053,replay,4000,0.0839,1.000,0.0608,0.76
13054,replay,4000,0.0789,1.000,0.0608,0.76
13055,es_step,4000,0.0282,0.875,0.0608,3.23
13056,replay,4000,0.0509,1.000,0.0607,0.75
13057,replay,4000,0.0498,1.000,0.0607,0.77
13058,es_step,4000,0.0213,0.906,0.0607,3.28
13059,replay,4000,0.0570,1.000,0.0607,0.76
13060,replay,4000,0.0725,1.000,0.0606,0.76
13061,es_step,4000,0.0255,0.906,0.0606,3.21
13062,replay,4000,0.0327,1.000,0.0605,0.77
13063,es_step,4000,0.0361,0.906,0.0605,3.26
13064,es_step,4000,0.0258,0.906,0.0605,3.19
13065,es_step,4000,0.0337,0.781,0.0605,3.18
13066,replay,4000,0.0519,1.000,0.0604,0.76
13067,es_step,4000,0.0431,0.812,0.0604,3.24
13068,replay,4000,0.0900,1.000,0.0604,0.75
13069,replay,4000,0.0689,1.000,0.0604,0.75
13070,replay,4000,0.0837,1.000,0.0603,0.77
13071,replay,4000,0.1067,1.000,0.0603,0.78
13072,es_step,4000,0.0484,0.781,0.0603,3.24
13073,replay,4000,0.1198,1.000,0.0603,0.76
13074,es_step,4000,0.0547,0.906,0.0603,3.17
13075,replay,4000,0.1418,1.000,0.0603,0.74
13076,es_step,4000,0.0554,0.781,0.0603,3.15
13077,replay,4000,0.1054,1.000,0.0604,0.76
13078,replay,4000,0.1171,1.000,0.0604,0.77
13079,replay,4000,0.1185,1.000,0.0605,0.76
13080,es_step,4000,0.0416,0.844,0.0605,3.28
13081,replay,4000,0.1062,1.000,0.0605,0.75
13082,replay,4000,0.0985,1.000,0.0604,0.75
13083,replay,4000,0.0708,1.000,0.0604,0.75
13084,replay,4000,0.0785,1.000,0.0604,0.75
13085,replay,4000,0.0748,1.000,0.0603,0.92
13086,replay,4000,0.0724,1.000,0.0603,0.76
13087,replay,4000,0.0384,1.000,0.0601,0.76
13088,replay,4000,0.0435,1.000,0.0600,0.76
13089,replay,4000,0.0438,1.000,0.0599,0.78
13090,replay,4000,0.0457,1.000,0.0598,0.79
13091,replay,4000,0.0469,1.000,0.0596,0.78
13092,replay,4000,0.0396,1.000,0.0595,0.79
13093,replay,4000,0.0523,1.000,0.0594,0.79
13094,replay,4000,0.0587,1.000,0.0594,0.79
13095,replay,4000,0.0430,1.000,0.0594,0.79
13096,replay,4000,0.0957,1.000,0.0593,0.79
13097,replay,4000,0.0830,1.000,0.0593,0.79
13098,replay,4000,0.0852,1.000,0.0594,0.80
13099,replay,4000,0.0736,1.000,0.0594,0.79
13100,es_step,4000,0.0357,0.844,0.0594,3.29
13101,replay,4000,0.0550,1.000,0.0593,0.76
13102,replay,4000,0.0489,1.000,0.0594,0.76
13103,replay,4000,0.0547,1.000,0.0593,0.76
13104,es_step,4000,0.0200,0.875,0.0593,3.23
13105,replay,4000,0.0367,1.000,0.0592,0.76
13106,es_step,4000,0.0401,0.781,0.0592,3.19
13107,replay,4000,0.0347,1.000,0.0592,0.75
13108,es_step,4000,0.0477,0.875,0.0592,3.18
13109,replay,4000,0.0807,1.000,0.0592,0.74
13110,es_step,4000,0.0525,0.750,0.0592,3.18
13111,es_step,4000,0.0510,0.844,0.0592,3.15
13112,replay,4000,0.0816,1.000,0.0592,0.74
13113,replay,4000,0.0771,1.000,0.0593,0.74
13114,replay,4000,0.0808,1.000,0.0594,0.73
13115,replay,4000,0.0677,1.000,0.0593,0.73
13116,replay,4000,0.1071,1.000,0.0594,0.73
13117,replay,4000,0.1134,1.000,0.0595,0.73
13118,replay,4000,0.1329,1.000,0.0595,0.73
13119,replay,4000,0.1271,1.000,0.0596,0.72
13120,es_step,4000,0.0884,0.750,0.0598,3.08
13121,replay,4000,0.1311,1.000,0.0598,0.73
13122,replay,4000,0.1166,1.000,0.0599,0.73
13123,replay,4000,0.1061,1.000,0.0599,0.73
13124,replay,4000,0.1118,1.000,0.0600,0.73
13125,replay,4000,0.1048,1.000,0.0601,0.73
13126,es_step,4000,0.0657,0.781,0.0601,3.09
13127,replay,4000,0.1111,1.000,0.0601,0.73
13128,replay,4000,0.1039,1.000,0.0602,0.73
13129,replay,4000,0.0836,1.000,0.0602,0.73
13130,replay,4000,0.0818,1.000,0.0602,0.76
13131,replay,4000,0.0585,1.000,0.0601,0.76
13132,replay,4000,0.0655,1.000,0.0601,0.75
13133,replay,4000,0.0707,1.000,0.0600,0.76
13134,replay,4000,0.0543,1.000,0.0599,0.76
13135,replay,4000,0.0618,1.000,0.0598,0.77
13136,replay,4000,0.0740,1.000,0.0598,0.78
13137,replay,4000,0.0467,1.000,0.0597,0.77
13138,replay,4000,0.0641,1.000,0.0596,0.77
13139,replay,4000,0.0600,1.000,0.0596,0.77
13140,replay,4000,0.0654,1.000,0.0595,0.78
13141,replay,4000,0.0428,1.000,0.0594,0.78
13142,replay,4000,0.0488,1.000,0.0593,0.79
13143,replay,4000,0.0549,1.000,0.0592,0.78
13144,replay,4000,0.0358,1.000,0.0591,0.78
13145,replay,4000,0.0380,1.000,0.0590,0.78
13146,replay,4000,0.0434,1.000,0.0589,0.78
13147,replay,4000,0.0322,1.000,0.0587,0.78
13148,replay,4000,0.0462,1.000,0.0587,0.79
13149,replay,4000,0.0508,1.000,0.0586,0.79
13150,es_step,4000,0.0353,0.844,0.0586,3.36
13151,replay,4000,0.0616,1.000,0.0586,0.79
13152,replay,4000,0.0715,1.000,0.0586,0.78
13153,replay,4000,0.0715,1.000,0.0585,0.78
13154,replay,4000,0.0877,1.000,0.0585,0.78
13155,es_step,4000,0.0471,0.875,0.0585,3.30
13156,es_step,4000,0.0348,0.906,0.0585,3.22
13157,replay,4000,0.0795,1.000,0.0585,0.76
13158,replay,4000,0.0501,1.000,0.0585,0.75
13159,replay,4000,0.0525,1.000,0.0584,0.75
13160,replay,4000,0.0593,1.000,0.0584,0.75
13161,replay,4000,0.0639,1.000,0.0583,0.75
13162,es_step,4000,0.0312,0.781,0.0583,3.15
13163,es_step,4000,0.0313,0.625,0.0584,3.94
13164,replay,4000,0.0648,1.000,0.0583,0.81
13165,replay,4000,0.0574,1.000,0.0583,0.81
13166,replay,4000,0.0564,1.000,0.0582,0.81
13167,es_step,4000,0.0287,0.844,0.0582,3.53
13168,replay,4000,0.0573,1.000,0.0583,0.82
13169,replay,4000,0.0571,1.000,0.0583,0.81
13170,replay,4000,0.0805,1.000,0.0582,0.82
13171,replay,4000,0.0584,1.000,0.0582,0.81
13172,replay,4000,0.0610,1.000,0.0581,0.81
13173,replay,4000,0.0726,1.000,0.0580,0.81
13174,replay,4000,0.0824,1.000,0.0579,0.81
13175,replay,4000,0.0698,1.000,0.0578,0.81
13176,replay,4000,0.0567,1.000,0.0578,0.81
13177,replay,4000,0.0694,1.000,0.0578,0.81
13178,replay,4000,0.0764,1.000,0.0577,0.81
13179,replay,4000,0.0750,1.000,0.0576,0.81
13180,replay,4000,0.0580,1.000,0.0576,0.82
13181,replay,4000,0.0514,1.000,0.0576,0.81
13182,replay,4000,0.0262,1.000,0.0576,0.82
13183,es_step,4000,0.0549,0.719,0.0576,3.57
13184,replay,4000,0.1012,1.000,0.0576,0.81
13185,replay,4000,0.0913,1.000,0.0576,0.81
13186,replay,4000,0.1114,1.000,0.0577,0.81
13187,replay,4000,0.1019,1.000,0.0577,0.81
13188,replay,4000,0.1068,1.000,0.0577,0.81
13189,replay,4000,0.0923,1.000,0.0578,0.81
13190,replay,4000,0.0784,1.000,0.0577,0.81
13191,replay,4000,0.0685,1.000,0.0577,0.81
13192,replay,4000,0.0646,1.000,0.0576,0.82
13193,es_step,4000,0.0292,0.781,0.0576,3.40
13194,replay,4000,0.0592,1.000,0.0576,0.78
13195,replay,4000,0.0627,1.000,0.0575,0.80
13196,replay,4000,0.0546,1.000,0.0575,0.81
13197,replay,4000,0.0635,1.000,0.0574,0.80
13198,replay,4000,0.0594,1.000,0.0574,0.80
13199,replay,4000,0.0625,1.000,0.0573,0.81
13200,es_step,4000,0.0249,0.844,0.0573,3.44
13201,es_step,4000,0.0262,0.812,0.0573,3.42
13202,replay,4000,0.0582,1.000,0.0574,0.79
13203,replay,4000,0.0498,1.000,0.0573,0.79
13204,replay,4000,0.0356,1.000,0.0573,0.80
13205,replay,4000,0.0774,1.000,0.0572,0.80
13206,replay,4000,0.0925,1.000,0.0573,0.80
13207,replay,4000,0.0878,1.000,0.0573,0.79
13208,replay,4000,0.0776,1.000,0.0572,0.79
13209,replay,4000,0.0847,1.000,0.0572,0.80
13210,replay,4000,-0.0779,1.000,0.0571,0.80
13211,replay,4000,0.0443,1.000,0.0571,0.79
13212,replay,4000,0.0941,1.000,0.0571,0.79
13213,es_step,4000,0.0577,0.812,0.0571,3.35
13214,es_step,4000,0.0612,0.812,0.0571,3.35
13215,replay,4000,0.1068,1.000,0.0572,0.77
13216,es_step,4000,0.0686,0.719,0.0572,3.30
13217,replay,4000,0.1242,1.000,0.0573,0.76
13218,es_step,4000,0.0602,0.719,0.0573,3.30
13219,replay,4000,0.1183,1.000,0.0574,0.77
13220,replay,4000,0.1119,1.000,0.0575,0.76
13221,replay,4000,0.1094,1.000,0.0576,0.76
13222,es_step,4000,0.0644,0.938,0.0576,3.26
13223,replay,4000,0.1125,1.000,0.0577,0.76
13224,replay,4000,0.0968,1.000,0.0577,0.77
13225,replay,4000,0.0868,1.000,0.0577,0.77
13226,es_step,4000,0.0523,0.750,0.0578,3.26
13227,replay,4000,0.0976,1.000,0.0578,0.76
13228,replay,4000,-0.1063,1.000,0.0578,0.76
13229,replay,4000,0.0890,1.000,0.0578,0.76
13230,es_step,4000,0.0662,0.812,0.0579,3.28
13231,replay,4000,0.1017,1.000,0.0579,0.76
13232,replay,4000,0.1081,1.000,0.0580,0.76
13233,replay,4000,0.1087,1.000,0.0580,0.75
13234,replay,4000,0.0896,1.000,0.0581,0.76
13235,es_step,4000,0.0535,0.938,0.0581,3.27
13236,replay,4000,0.1046,1.000,0.0581,0.76
13237,es_step,4000,0.0482,0.688,0.0581,3.26
13238,es_step,4000,0.0504,0.781,0.0581,3.25
13239,replay,4000,0.0904,1.000,0.0581,0.75
13240,replay,4000,0.0795,1.000,0.0581,0.75
13241,es_step,4000,0.0529,0.812,0.0581,3.20
13242,replay,4000,0.0907,1.000,0.0582,0.74
13243,replay,4000,0.0849,1.000,0.0582,0.75
13244,replay,4000,0.0894,1.000,0.0582,0.75
13245,replay,4000,0.0799,1.000,0.0581,0.75
13246,replay,4000,0.0640,1.000,0.0581,3.34
13247,replay,4000,0.0467,1.000,0.0580,0.77
13248,replay,4000,0.0603,1.000,0.0579,0.78
13249,replay,4000,0.0645,1.000,0.0580,0.78
13250,replay,4000,0.0652,1.000,0.0580,0.77
13251,replay,4000,0.0445,1.000,0.0580,0.78
13252,replay,4000,0.0486,1.000,0.0578,0.79
13253,replay,4000,0.0385,1.000,0.0577,0.79
13254,es_step,4000,0.0099,0.812,0.0577,3.34
13255,replay,4000,0.0439,1.000,0.0576,0.76
13256,replay,4000,0.0475,1.000,0.0575,0.78
13257,replay,4000,0.0886,1.000,0.0575,0.79
13258,replay,4000,0.0866,1.000,0.0575,0.79
13259,es_step,4000,0.0294,0.719,0.0575,3.35
13260,replay,4000,-0.0515,1.000,0.0575,0.78
13261,replay,4000,0.0759,1.000,0.0575,0.78
13262,es_step,4000,0.0636,0.844,0.0575,3.30
13263,replay,4000,0.1144,1.000,0.0576,0.76
13264,es_step,4000,0.0825,0.750,0.0578,3.24
13265,es_step,4000,0.0956,0.812,0.0580,3.20
13266,replay,4000,0.1455,1.000,0.0581,0.75
13267,replay,4000,0.1420,1.000,0.0582,0.75
13268,replay,4000,0.1526,1.000,0.0583,0.75
13269,es_step,4000,0.0987,0.812,0.0585,3.20
13270,replay,4000,0.1400,1.000,0.0586,0.75
13271,es_step,4000,0.0888,0.781,0.0587,3.19
13272,replay,4000,0.1454,1.000,0.0589,0.74
13273,replay,4000,0.1211,1.000,0.0590,0.75
13274,replay,4000,0.1254,1.000,0.0590,0.75
13275,replay,4000,0.1199,1.000,0.0591,0.77
13276,replay,4000,0.1045,1.000,0.0593,0.78
13277,replay,4000,0.1266,1.000,0.0593,0.77
13278,replay,4000,0.1058,1.000,0.0593,0.77
13279,replay,4000,0.0806,1.000,0.0593,0.77
13280,es_step,4000,0.0231,0.844,0.0593,3.21
13281,replay,4000,0.0851,1.000,0.0593,0.77
13282,replay,4000,0.0650,1.000,0.0592,0.78
13283,replay,4000,0.0521,1.000,0.0591,0.77
13284,replay,4000,0.0455,1.000,0.0590,0.78
13285,replay,4000,0.0506,1.000,0.0589,0.77
13286,replay,4000,0.0430,1.000,0.0588,0.77
13287,replay,4000,0.0428,1.000,0.0586,0.77
13288,replay,4000,0.0525,1.000,0.0586,0.78
13289,replay,4000,0.0192,1.000,0.0585,0.79
13290,replay,4000,0.0600,1.000,0.0583,0.79
13291,es_step,4000,0.0251,0.844,0.0583,3.36
13292,es_step,4000,0.0142,0.875,0.0583,3.27
13293,replay,4000,0.0423,1.000,0.0582,0.78
13294,replay,4000,0.0533,1.000,0.0581,0.77
13295,replay,4000,0.0477,1.000,0.0580,0.78
13296,replay,4000,0.0379,1.000,0.0578,0.78
13297,replay,4000,0.0718,1.000,0.0577,0.77
13298,replay,4000,0.0574,1.000,0.0577,0.77
13299,replay,4000,0.0642,1.000,0.0576,0.78
13300,replay,4000,0.0625,1.000,0.0576,0.79
13301,replay,4000,0.0540,1.000,0.0575,0.78
13302,replay,4000,0.0739,1.000,0.0575,0.78
13303,replay,4000,0.0727,1.000,0.0574,0.77
13304,replay,4000,0.0440,1.000,0.0573,0.79
13305,es_step,4000,0.0289,0.750,0.0573,3.28
13306,replay,4000,0.0644,1.000,0.0573,0.76
13307,replay,4000,0.0571,1.000,0.0572,0.76
13308,replay,4000,0.0918,1.000,0.0573,0.76
13309,replay,4000,0.1101,1.000,0.0572,0.76
13310,replay,4000,0.0985,1.000,0.0573,0.76
13311,replay,4000,0.0960,1.000,0.0574,0.76
13312,replay,4000,0.0952,1.000,0.0575,0.76
13313,replay,4000,0.0975,1.000,0.0575,0.78
13314,replay,4000,0.0510,1.000,0.0575,0.79
13315,es_step,4000,0.0330,0.688,0.0575,3.35
13316,replay,4000,0.0734,1.000,0.0575,0.78
13317,replay,4000,0.0735,1.000,0.0574,0.79
13318,es_step,4000,0.0358,0.781,0.0574,3.33
13319,replay,4000,0.0615,1.000,0.0574,0.77
13320,replay,4000,0.0639,1.000,0.0573,0.77
13321,replay,4000,0.0539,1.000,0.0573,0.77
13322,replay,4000,0.0508,1.000,0.0573,0.77
13323,es_step,4000,0.0176,0.781,0.0573,3.26
13324,replay,4000,0.0613,1.000,0.0572,0.78
13325,replay,4000,0.0759,1.000,0.0572,0.78
13326,replay,4000,0.0968,1.000,0.0572,0.78
13327,replay,4000,0.0886,1.000,0.0572,0.78
13328,replay,4000,0.0803,1.000,0.0572,0.78
13329,replay,4000,0.1018,1.000,0.0572,0.78
13330,replay,4000,0.1031,1.000,0.0572,0.78
13331,replay,4000,0.0842,1.000,0.0572,0.78
13332,replay,4000,0.0680,1.000,0.0571,0.77
13333,replay,4000,0.0797,1.000,0.0571,0.78
13334,replay,4000,0.0703,1.000,0.0570,0.78
13335,replay,4000,0.0705,1.000,0.0570,0.78
13336,replay,4000,0.0796,1.000,0.0570,0.77
13337,replay,4000,0.1168,1.000,0.0571,0.77
13338,replay,4000,0.0964,1.000,0.0571,0.77
13339,replay,4000,0.1014,1.000,0.0572,0.78
13340,replay,4000,0.1342,1.000,0.0572,0.79
13341,replay,4000,0.1129,1.000,0.0573,0.78
13342,replay,4000,0.0950,1.000,0.0573,0.78
13343,replay,4000,0.0688,1.000,0.0574,0.78
13344,replay,4000,0.1053,1.000,0.0574,0.78
13345,replay,4000,0.1007,1.000,0.0575,0.78
13346,replay,4000,0.1059,1.000,0.0575,0.79
13347,es_step,4000,0.0551,0.875,0.0575,3.34
13348,replay,4000,0.1098,1.000,0.0576,0.77
13349,replay,4000,0.0551,1.000,0.0577,0.78
13350,replay,4000,0.1036,1.000,0.0577,0.78
13351,replay,4000,0.1514,1.000,0.0578,0.78
13352,replay,4000,0.1501,1.000,0.0578,0.78
13353,replay,4000,0.1470,1.000,0.0579,0.77
13354,replay,4000,0.1246,1.000,0.0580,0.78
13355,es_step,4000,0.0633,0.812,0.0580,3.27
13356,replay,4000,0.1177,1.000,0.0581,0.76
13357,es_step,4000,0.0545,0.781,0.0581,3.25
13358,es_step,4000,0.0651,0.844,0.0581,3.27
13359,replay,4000,0.0777,1.000,0.0580,0.77
13360,replay,4000,0.1122,1.000,0.0581,0.76
13361,replay,4000,0.0939,1.000,0.0581,0.77
13362,replay,4000,0.0604,1.000,0.0580,0.78
